comment_id,processed_text
8388516171255825,today 1st october think forgotten promised aini
509975758482056,people don t money buy solar system many poor today 1 october said power stabilize
555859273554605,net metering business should giving citizens cash supply power zesco noti ifyama credit units
1716024345824604,joshua mayuya ours remind according word
554598666988182,today first october yesterday didn t power only restore today hour cut promised stability power mean minister lied us too much don t play us
546688957835092,energy bill offset off grid supplying zesco pay supply like also pay
847279377585164,mweene omedy keny know tonga let s politicize even something affect lot zambia just because certain ethnic group
847279377585164,gloriouse nuttip political comment talk tribe must foolish
847279377585164,gloriouse nuttip most dull person seeing read understand told u ruling party check yourself should keep quite affected loadshedding even read comment ego mislead take poverty frustration side
382025698309470,lilmah kayz see serious well let please
1879945789176597,ťĥë ĝřeàţ mŵå pė stress absolutely nothing understand even wrote post understand
895080369249123,zesco limited area power t remember last power restored other areas power 3 4 hours daily basis
1711668552902047,m sure now ve already drafted next excuse ll stable supply t trusted
901235591912417,m rich yesterday donated iphone smart watch wallet homeless guy t imagine happiness felt saw putting knife back pocket kindness everything
2159092774486716,pushing excess power into national grid s lot power just physics even using infrastructure required connection worth kindly explain
416841741112021,chanda victoria mulundu sounds like fault loadshedding similar experience until l reported fault know loadshedding comes lot faults system report
547690607655414,people complain comments like someone normal zesco limited see complains person runs page simple kawayawaya human call zesco even won t also anything don t complain just giving page comment traffic
8966443923383710,zesco luangwa ericka street power goes morning everyday business choose switch off power business place gives power three streets luangwa least should given us power also business place morning than night suffering family feed please please please look into
1532390074051752,dear zesco limited understand crisis together also keep word today first october hopes s update
1201200271113616,heard power supply stabilising beginning today how progress far
1043763430412037,today s 1st october s aii
540973198303459,lamecky lj melchizedek m immediately using ka statement recover back tumakongoles
7977232225716698,good morning zesco limitedd last week mentioned reduction load management question how many hours since today 1st october 2024 looking forward statement line same kindly update
1567403450514218,s 1st october today time should expecting power come
3835705476756731,just tell us want hear honor promise s much anxiety cannot carry like
894189272588192,installed 5 5kv load 2kv need apply net metering form please monze
8363272740435473,even people trust zesco country
1810080229730690,lied us just like ex s used lie us
1985322245319642,avoid reconnecting power 02 disturb sleeping schedules elo lilayi power 1 hour still waiting 2 hours left zesco limited
8500947319944440,just restore power minister assured nation saying s problem iwe admin
3677510509226540,quote power set stabilise 30th september mamba collieries begins fully functional end quote
1231244388148338,maamba back online how s interconnector ku mozambique na namibia
1946474972532971,every day power comes s like child playing switch off too much
514597724685937,energy bills would offset self sustained solar power
450507421367067,zesco limited happening power nyumba yanga today 1st thought situation change today
3448759512094857,isn t loadshedding supposed thing past month don t need solar
1039765907939177,u pay cash money excess power
1182241866192013,explain step 2 3 excess energy how feed into greed
1221012179175891,m people expect power normalize today thank advance
2620993884749517,first october 2024 give us update need
461079726246812,zesco limited power transmitted into grid area being loadshed
1057941779045556,just pay us cash need power credits anymore
1040670324511272,people normal head toe coz
844438917810234,today 1st october story
442265938341101,forgotten today first october just update us net metering every afford put solar
1227401631787100,sharon mupeta people misinterpreted statement think meant stabilize power coming time specified rationing schedule
967128108506107,s october s power vama net metering apa
1188692592189237,convert into cash many us subscribe short need extra units barely power basically off grid make attractive
842048671057065,guys jokers aiii today 1st october play 18million zambians really muntu ninsoni
1208188187127504,today 1 october issue net metering boss waiting hear news load shedding over
1069042698046603,feedback pls how many hours having power starting today
1668102877083337,u keep giving power morning work charge phones please work power too
1276441433554820,good morning please advise yet going over 36hrs without power called call center yesterday evening told before midnight would power still nothing going checked friend makeni experiencing little load shedding please guys people desperately depend little power provide household fighting cancer husband diabetes m sure only family medical conditions please please fair power distribution
1969815846775559,guyz needs fired bring people board open minded zealous find solutions people capable find solutions need avoid same situation next year
832086569082021,today 1st want see something nd proven wrong cos know s easier said than done beans
561852836192549,indeed tables turn key life lesson drawn situation anyway even saying today 1 october expect 3 hrs load shading articulated minister last month
1073389894142647,president lies how guys expect lie
1073389894142647,mwewa gift know freedom don t closs line
731207595845957,iwe admini how come post stuff know expectations power also wise communicate anything until update
1042984403955740,october 2025 october 2024 clarification pliz diya zesco
1276937660351733,told director power stable starting 1st october two days now don t power
3872353856318219,mwila twangasha least normalized today kind nonsense telling us elo never
876487240776944,post clearly indicate things yet stable date fix issue hand
509688665139568,kapiri power 05hrs u stick same schedule expect see power 21hrs kindly update us
2573420396189664,better stop sending statement facebook coz interested such things us
2738688156304007,actually brilliant glad zesco finally caught system s how most european countries those laughing needs exposure proper education
1120646499625992,tell us going s first october per promise
353641967739469,1st october net metering want hear right now
1256885915323255,saw post iwas very happy thinking s new schedule since promised 1 october interested
1075077654215790,dumbest institution zambia right now want citizens give govt expensive solar power power entire power utility company failed provide people use brains nicely
1060427922191525,zesco limited people interested hear net metering power stability promised laboured explain today 1st october still black outs need consistent statements
1044035077453110,tired stories irritate us kind post thought today s 1st october
522437007099349,electricity chelstone extension 3 days now yet people group receiving
531528582802053,don t need know net metering coz today load shedding thing past thank zesco limited
1066248175115849,believed lies power coming 1st october zesco politicians both lying continued lying just avoid buying first month units see
2729295837245226,talking signing iwe us want power ivo
531724349507465,should come office calendars today 1
504731289021709,today s 1st october maybe still sleeping
1246723476333540,zesco limited today 1 october power area since yesterday
504392969145135,today 1st october counting hours tag minister
1048478440104816,s month now power coming midnight mitec solwezi aren t rotating also power during day
9106502839378476,stability promised us knew
1251003042919019,power 24 7 need sell extra grid
379837271849114,give incompetent power service provider own risk don t stable power think happen offload power into grid just saying
1281782283189242,shame posted coz don t feel people
502609179262350,day ll moment don t capacity
1595205558092251,zesco limited chipata overspil along chipata road lines separated those national housing side us left other side power doesn t come only see power other side us nothing
509595481969680,s first week october power
1060003232145889,zesco limited how get system free installation
550563374101318,s 1st today stop showing us sense get
8692384657478567,installed system would give excess power would even disconnect grid
460121943730295,s 3 days now power area
412751625181361,today 1st october re waiting promise already seems only promise unfulfilled because tubukile amalaiti
1045021707103658,400 magawattes gone truth zesco government willing giving power residential customers grown people understand motive hands pure capitalists hearts citizens m disappointed issue need press briefing people made clap without knowing clapping boma people mercy us us t afford those solars k34 000 anything 70 percent zambians cannot afford reasonable solars even those ma sun king solar people struggling buy
518066994189067,people need electricity day sleeping time make time table give us electricity 7 23 turn off s difficult sure how bring electricity around 24 people sleeping s crazy l president l would failed zesco minister too much
1935125996964359,don t know needs hear isaiah 60 22 says time right lord make happen ecclesiastes 3 vs 11 says makes everything beautiful time encouragement today don t give god mindful also make prosper god knows re tired knows re frustrated pray wait trust timing won t let down please bless day follow glad followed could mean alot thank
1056556399810818,zesco limited also re share schedule shows area group honestly don t expect us memorize something didn t work maamba collieries back grid power imports being made would made sense least upto 6 hours power per day even 6 hours rationed 2 x 3 hours per day
1462887677749584,least power 10 14hrs battery full first time many months lol
823574169989210,guys promised 17 hours load shedding september failed deliver thought would give even 6 hours power residential areas october failed short term plan zesco now wait rains let s just pray rains start early should last long should heavy
502478876083855,only power zambia power god other powers fake
1045021707103658,andrew mwansa don t even know insult sir forgiven
1045021707103658,mendral chitongo arsenal thats plan comment without ulupato said expect better government because government think those businesses depends electricity welders saloons fresh products car wash others
502478876083855,vasilis marosoulis things possible those believe even felt power god
502478876083855,moses miracle snr just look around u world ppl r suffering wars hunger drought innocent kids die hunger diseases many other reasons u see power let know good night wont continue conversation end thank
502478876083855,vasilis marosoulis problem only focus situations god done anyway may see god life
823574169989210,kethan b course sell everything rains heavy year great sell
823574169989210,katerina altop true selling other countries seems like alot people sayong same really words express disappointment
1056556399810818,o neil mweemba hospitality redefined nation need improve daunted same problem decades still unable come tangle solutions sustainable s clear s lack consideration zesco leadership
1056556399810818,o neil mweemba hospitality redefined dial 3600 show group area
518066994189067,mu zo exactly give power ridiculous hours because know people asleep using s like mocking people giving something cannot use
518066994189067,mu zo part hired represent
518066994189067,mu zo also use say
518066994189067,don t even know people passed school coz t bring power around 24 hrs people sleep power staying within 2 hrs
518066994189067,imagine timetable s showing 24 power coming around 01 30 02 30
1045021707103658,susan j stephens thanks never pre school think malfunction keyboard
1045021707103658,jack jones chandalala because even before bragging 400megawatts having tuma 3hrs lights moment additional 400megawatts could having least ma 6hrs power ifii additional same results yaba
1045021707103658,feli lex how just speaking truth wake
1681413012651571,county men women s zesco drops rain even lucky zesco company making efforts maintain 3hrs stability power s good let us learn appreciate thank
1964079714067506,difference between upnd both direction u live lies
940333384787564,yesterday today seen stabilization electricity restored 10hours 13hours said nayenda trend like possible plan
1080839880079636,kabungo edward ed part board
1080839880079636,kabungo edward ed much board independent know every decision board makes pass through president before s implemented
940333384787564,hour power called told challenge system
940333384787564,luciah mb yes 3hours per day comes consistency same time able use effectively
1681413012651571,pearl freeman difference between imported power having own power boss realize
2498876370301527,manje wednesday 3 october 2024 otherwise doesn t exist calendar too much drama
1322610832456208,encourage zesco employees lock offices go home thank
1288868128957482,used using katolitoli ivi va malaiti seems latest kuno yesterday still lights forgot switch off
1084590416364090,just keep quiet nothing say power zaingalume today s day two don t take us fo ls okay s better keep quiet kusabaila mtchew
1681413012651571,s just ur area us staying upto week without power kaya
2498876370301527,people really run ideas working under pressure
2498876370301527,people well trained lying long ago promised 3 hours power supply per day 3 days power supply s annoying
2498876370301527,doris chuwa chela could better able follow schedules otherwise s very disturbing
1045021707103658,feli lex broke think worth seen post nothing being bitter electricity crisis even affecting supporting let s learn honest say truth
1045021707103658,politicians make heaven
1322610832456208,company us group e going use power 00 00 03 00 like honestly let s serious considerate
1322610832456208,mukuka lushomo imagine waking go use power download movies
1322610832456208,kabika harriet imagine sis lying us straight faces bachilamo reason go home
1322610832456208,government liars starting top s chief liar
863524105753795,hussein abdi how long think last don t know people go 4 days without power
1681413012651571,ve never school understand cause disability too much
1681413012651571,mayaya jae imagine also those living near clinics never experienced going through true rain poor planning honestly speaking suffered
1681413012651571,joana shula thanks reminding s talking like 5 years old man t remember hh told us
1681413012651571,bruce mwanza very true wonder never plan future
1681413012651571,bruce mwanza even import power tanzania also make sense than telling people appreciate anyhow import power adjust tariffs blame know drought giving people fake solutions 3hours per day
1990117874793593,lusaka only province how other zesco limited
508574368732227,ala thought zesco limited director said power stable wahala now
1065511448911076,matter still faith jesus name day load shedding remain history
530793942990369,t just make solar plant since s company telling people started making own power using thought toilets know soon s bye bye zesco
508574368732227,olivia mulenga talking zesco also writing umungulu
2251977241829025,melinda k banda always say t wait voted tired want
2251977241829025,sharon kalambo right still t believe voted now failing manage system
1065511448911076,chanda phiri never happen zambia know politician assumes office president always sale power corrupt agendas means stealing forget load shedding end zambia
1065511448911076,chanda phiri mark words see load shedding ever end zambia load shedding us since time memorial able something end
1065511448911076,noble excellent governor felix get u could happen sometime because load shedding continues won t rely government future us come private organization could supply electricity
3911864205725331,15 days just way preparing us waste
1460986971279979,t just switch off good than keep stressing people reason failed nation
1176666836760199,ve become foolish extent failing fulfill promised us call 3hrs stable
958142769405125,s common sense industries manage buy own gen sets other alternative sources power than mere komboni resident living k20 per day busy taunting consider buying solar gen set allocate hours residential areas markets reduce industries mines inclusive encourage consider alternative sources power
8207205366024150,got played fooled even changed still 3 hours
865174698928835,atase stability promised us kwena
4020407858281027,now zesco started making time tables us s teacher pupils feel like seated desks teacher addressing us class
1495100374531875,zesco should now only employee witch off power since s much work
841967881446936,good enough stress levels too high kantry
1763062227781516,zesco limited only power 30 minutes kamwala south
890179399251123,kudos zesco re doing well s just us people don t understand efforts re putting address disastrous power crisis please possible give us power just 1hr 24hrs ll see how best work those don t want well explore other power sources corresponding financial muscle vizimyeeeeeeee iweeee
1093095268856355,waiting u specify year said 1st october stabilize loadshedding
851116133455292,call stable sure group e power hour ayi zambia punishment center soon sentence zambia hard labour
919118116907903,think question needs asked zesco management announced end load shedding exactly taken into consideration source supply go load shedding normal 3 inhumane allocation hours day abhorrent
8207205366024150,kennedy muzyamba 3 days 3 hours think s meant
8207205366024150,kennedy muzyamba nothing changed just playing minds
8207205366024150,kennedy muzyamba t believe played like three year old
8207205366024150,kennedy muzyamba lucky 3hrs us lusaka 3hrs every 2 3days
958142769405125,mashata sebby given mines power taxes 5 years zambia kuchalo
958142769405125,mashata sebby call less production high price manufactured commodities gen set consume alot fuel most machinery zambia run electrical power say solar adjusting solar powered machinery may take longer shipped continuous supply goods meaning great negative impact already crippled economy
958142769405125,natalia phiri well noted hope understand coming too
890179399251123,gabriel chishimba wafyalwa na gold spoon mouth u t understand pain people use put meal selling freezits barbing soloons nd welding
890179399251123,gabriel chishimba doing well poor plan
8207205366024150,kennedy muzyamba us barastone power comes day only lasts hour
1093095268856355,chanda chanda randomly coming pakati apa now stabilized schedule meaning now knowing time s coming going s message english said
1093095268856355,mulenga adrian right explanation zambia just too many us ignorant wish could remember page someone explained zesco meant load shedding stability import power
1093095268856355,manfred kazia simusokwe like said having 3hrs power till going power solutions start working water comes recently 1 maamba plant being serviced couldn t follow schedule coz pressure too much even 3 hours now s done able schedule loadshedding
1464374354271951,gracious t kalyondo elo just announce things already ground
1464374354271951,gracious t kalyondo wanted tag don t know distracted
958142769405125,good few months things would go sideways bad worse cus economy cost living would raised higher than re facing now
958142769405125,mashata sebby kkkkk subsidizing mealmeal cant suistanable solution atleast let goverment goverment farms producing enough maize too feed nation maize farmers left oh targeted export only things subsidize fuel using cdf money 30million per constiuency too much let reduced 10 million 10million multiply total number constituency 156 money used lower price things market
851116133455292,feli lex just praise nothing sometimes stand truth shaaa
851116133455292,feli lex yes bitter won t being subjected mediocracy
1037256991273637,joke kind guys running company just failures milking further run down small businesses s getting bad ground yet sit those offices doing nothing improve situation honestly use electricity midnight jokers
880439590817413,give us electricity 00 00 03 00 use find missing candle just distribute other 3 residential areas give 4hrs instead
506363162192492,serious problem zesco level incompetence continued far too long how end 3 hours power per day same before availability 300 mw maamba importation 400 mw max etc zesco limited should serious
404972345757790,don t see reason importing power continue power three hours total madness didn t meant saying stable supply
566088905874675,still 3 hours power residentials dispite coming back maamba coaliers much talked importation power just come open tell nation whole truth nothing truth
519598280878257,last part statement wasn t necessary cause know others go over 48 hours without power just pray god grants us good rains season cause write ups aren t helping even resilient get tired tired heat t even drink ice cold water may never experience lives
512809911557124,zesco limited erb waiting entire month september just 3 hours power day should learn keep quiet let work speak self energy minister even bringing talking shame
1354102469308281,prester nkonde question well time only switch geyser
1354102469308281,imagine waking iron time elo re supposed productive work following day
880439590817413,whole zesco management sat deliberate hours came midnight 03 bafolelapo na sitting allowance
1462108041154175,align minister s pronouncement said load shedding 17 hours effective first week october meaning consumers having power 7 hours three hours always only new thing just timetable zesco published
1198753218076537,thought 1st october things better having electricity least 5hrs 6hrs per day s just same don t know better talking meant
451194920685373,improvement promised zambia people
1242573350102183,even drafting timetable 3 hours supply should just kept quiet ignored minister said under pressure costa
9109257635755225,should t even posted rubbish otherwise using seating dark
1250069156002665,group e always worst schedule supposed power mid night 03
1170215497417996,embarrassing zesco limited those unnecessary announcements power improving 2months maintenance best
1198520671491711,difference same power ve imported nd mega watts ve sourced maamba made close zesco useless serving purpose
1064385481806396,kony kumz imagine aiii midnight
1064385481806396,feli lex new word just learn even know means
925974862884776,fault coz whole zesco fault want us report fault fault
1285478359500648,3 days completely power honestly chilenje south lazymens area zesco fault area because too much
1084462483195353,people think dull re just playing naive before routine maintenance maamba collieries announced load shedding upto 17 hours got interrupted maintenance s announced only having supply 3 hours until things normalize 1 october come day people want maintain 3 hours instead cutting supply scheduled 17 hours before maintenance seriously elo timetable won t follow happens baking cut before time tell ll come office ll refund
1196126074773508,need schedule kitwe residents lusaka
882125813911804,bring power 24 switch 03 witches stay awake during time serious
385043538016882,improvement need getting 400megawatt because nothing changed stop even posting schedule difference used
1191499471964636,entire md minister energy giving speeches like significant improvements going happen should ve just kept quiet joke say list those headlines press giving people hope only told going enjoy 3 hours electricity
1191499471964636,francis musamba nkhoma first discussed during cabinet meeting delivered public know head cabinet
853539713619064,3 hours yet saying starting today ll giving us 3hrs power doing let s just wait rains don t confuse us
950199157151460,please don t thing groups n specific timings think re getting used current timings unlike groups don t extended periods enquire re ever told following timing wrong group things say regarding repeating responses ve recieved s sad thing
1047142153559111,schedules changing weekly basis cannot survive power only 24 hrs 03 hrs foreseeable future
1076865154013169,area power 3 days call zesco tell wait power s honestly
1052945053170961,increase tarrif import electricity let people electricity unacceptable s affecting people s lives very negatively
755024906748125,zesco stop rubbish start rotation nkwazi overspill ndola 5 months fixed timetable lights only comes 01 goes 3 4 time somewhere else enjoying t afford solar come 2026 voting according re seeing need people coming tell us lies
1638738503353870,fuss statements press briefings only power 3 hours oh
890124622628496,chilenje south kalomo road power since sunday only came today 16 hrs less than 10minutes went zesco saying stops fooling people
1285478359500648,alice mwenya s everywhere other areas having power
882125813911804,moffat nel mudenda imagine 24hrs
509915288589240,lase mwachisakulo formula zesco using syllabus found earth suspect astronauts came jupter
950199157151460,mentioned power came went twice during night within given 3 hours dont even power now stability woke smell burning cable
832210558868472,nonsense like nothing day please rethink stupid schedules waiting power around time t switching power ku 01 kwati ndise fwiti futi know useless reasonable timing switching power between 22 05 08 16 go work crying loud
2269644953433951,good part like zesco stabilizing power
838247315137285,always shift goal post already announced september surprised announcing minister energy communicated something else contrary talking please consult each before come public
1691605448079726,lusaka almost 3 weeks never seen power home patiently waiting 2026
1776953126445489,basically ll still power because bringing power ungodly hours anyway even used now
832105195751637,stability making noise really need therapy over ndafya tachiona mwandi dropping tears joy sight cold water drink uhmmm
563119976377813,rubbish 24hrs 03 s power
1052945053170961,paul ngonde lukama before increasing tariff made understand how much zesco makes how much spend administrative costs plan truelly zesco loss making company zesco employs among most well renumeration workers idea thinking money solves management problems help country keep talking cost reflective tariff ask how much electricity north africa desert way cheaper need good management remove political hand zesco zesco always cash cow politicians recently starting pf government napsa also becoming cash cow deal real problems imaginary ones
856562380018486,2 3hrs power time now making sense
574783971566588,said customers received power 24hrs should report excessive hours power should report also
1244428236983552,unacceptable getting 300 maamba importing 500 making 800 only getting three hours per day mr president make make sense
3457293421231217,whole press conference called just customers receive 3 hours power awkward hours stand comedy
508895165447192,connecting power most useless hours day residentials equivalent power power 10 13hrs 17 22hrs would made bit sense 400 mega something down drain difference et al
1072713587703648,zesco limited kindly reproduce spreadsheet groups lost track groups sir madam groups lost meaning present
1558742851734596,group e members power 24 00 hours 03 hours ninshii tulindoshiiiii zesco limited would created schedule such way allow everyone access power between 6 22 hours
783967233759443,stable talking saw people even singing national anthem busy mentioning name president working hard s something sensible t just say takangiwa hon garry nkombo s voice takangiwa unlike madongo dongo
528561336436034,listened briefing realised country leadership president minister speech together everyone panel must resign moral grounds everyone sat clapped must slap themselves really docile people
536181802295761,initially proposed increment tariffs import now proposed reduction promises head toes life always doing opposite say
1558742851734596,kelvis chit s musonda bunching everyone period would overload system re doing everything possible also need adjust current situation mune
836337398695683,don t tell us just want care less won t even follow schedule
887467009989212,point time doubt even true possible whole minister lied tv unless speaking matters lacks competence
3396926853935962,zesco teach how insult seems enemy ex group e
1199230334693940,same old story just different day thought reducing number load shedding hours
1579095093030596,supposed depend water electricity beginning knowing fully well s landlocked country
1663711887818549,vaupuba che 400mw re importing much talked mamba 3000mw useless minister just saying things opposite happening
2216673018696203,royd kanyungu boi chaps useless area doesn t even come 3 4 days comes s only 1 hr 45mins
2717078595167447,happens welder needs feed family 24hrs 03 hrs
541049748464792,promised us starting 1st october power stabilize meant coz honestly things gotten worse now plz stop promising people things cannot manage don t need false promises
1195076778383619,grade 3 school drop asking apply ndola s just lusaka
513836767949976,told us stabilized power increase supply 3 told us maamba corries megga watts promised us starting today power question press briefing mocking us worst management ever
411363221999347,sympathise thanks transparency
557392640055746,mr hakainde hichilema zesco limited de compaigning sir promises true citizens angry promised us stable power supply 3 hours per day m typing power came half past midnight instead midnight gone 02 12am exactly 1 hour 42 minutes much want support institution made us question management help us sir lost lot resources during situation
1088001716249717,chirundu once power cuts even water s automatic mwebantu zesco limited please kuno heat 41 degrees shall die cry elderly babies defend themselves speak hakainde hichilema help us s far 1 month without water say s hot mean
441218815638092,isn t same schedule having
1043768537239482,foolishness blaming hh while lungu administration used loot mukula tree lungu messed climate deforestation comes idiot blaming hh current situation
525005757197715,president hosted meeting statehouse few days ago even drunk mineral water md sitting 300pin salary making allowances public appearances swear re jokers nation
546781691262383,restoring power midnight people sleeping makes schedule somehow bitter group d e
1322481728721964,honestly speaking minister zesco limited md bragging time kikikikiki
1032543051998819,schedule lusaka residencies only whole zambia
1546921865941095,stability boasting parliament 2 weeks ago hmmmmm
506474755550925,sibongile bongani munthali noticing how complaining group e style through year
506474755550925,sibongile bongani munthali least switch fan whilst mosquitoes attack charge phone work lol
1248977712870266,wants bet group e next schedule 22 00 01 00 hours
546850294398405,highest mediocrity ever experienced country s sad painful see kind nonsense being accepted tolerated deserve better knew ready stabilize power should just kept quiet
515069861139768,s purpose having power 24 03 t even charge phone coz ll fast asleep
1614093579487368,think group because power 3 days now
2198700187183517,thought zesco going update us current situation manchester united coach
8029215543854611,explain simpler terms
897215618497398,group e time sleeping still wakeup dark chalo ichi
1237631794251548,24 03 how make use scheduled time
1085032883086669,zambians should begin report zesco cpc want people follow deadline providing power proper manner supply power during day put deadline close
2004237213425905,1 electricity comes 01 gets cut 04 should wake start doing middle night 2 time announce 1 day deadline 3 40 seconds everyone fast typing those unit digits long 4 good news ve announcing doing countdown
1090654236363564,seen people ain t buying power months now due loadshedding now asking least buy k10 units ka
1128801438953530,power gone two days how gonna update information gunpoint should delivered like week two prepare ourselves know fully well electricity isn t stable goes comes wish whoever pr should seriously pull socks
875663987884472,s power how supposed check
464771859963167,ve just notified s power obviously restore 25th how even check upgrade
1073826027545472,most realistic way doing things
1731139997724597,sometimes people act like bunch primary children
1109530670544606,zesco limited jokers sometimes wait think scared disconnected mean only power 3 4 hours s than being disconnected don t think
1255783355660343,power how going update
1099465205216878,good news waiting
1294030878682173,hope won t steal money like last time made similar changes remember never refunded us
2120091688460696,good morning frank mfula sincerely apologize prolonged outage experiencing four days kindly counter check complaint number inbox further assistance kind regards patience m
1085032883086669,chomba lesa malembeka top post important information only facebook everyone sees post matotoli yankoko ababena
1085032883086669,mwaba patrick musonda cpc acc well
1085032883086669,chomba lesa malembeka imagine without power since monday don t even know power
1128801438953530,bebetty yenesha henry kapata good kind information
1289885832201841,those prepaid only numbers
450575424402275,power t check
592076799855818,how going check update because siyambwela malaiti kuno kwatu
3973528966211052,zesco limited must joking how going don t power 5 days now
1098733607909887,mine updated though big news informed
1085032883086669,zambians don t appreciate hardwork ain t y adults sum n ignorance highest level stupidity us power 3 weeks quiet blame president exporting power crucial time don t blame zesco sense reasoning high enough ll know zesco s job supply electricity make zambia electricity supply corporation making corporation y expect children obedient generation ignorant people make sick
1085032883086669,chomba lesa malembeka exactly well said mama honestly how power only midnight whole month
1085032883086669,richard chakontarichard chakonta same call just say complaint queue
1085032883086669,chomba lesa malembeka t even purchase units top
1128801438953530,bebetty yenesha gone two days straight didn t time update kaya happen now lol
2004237213425905,savatir sure
1629003687972560,only seeing today still update zesco limited
1262578571659737,zesco think problem
565883462703544,how update meter don t electricity people think very well offices
1121022023058539,moses muleba mumba people likes play mind
492310796602094,zed roasters inc doesn t work tried nothing showing
492310796602094,zed roasters inc read instructions carefully requires customer top token amount how without power
918822943645810,manje how suppose update meters doesn t
1301232927887051,kaili switch power update
1567383927241606,how supposed check don t power
489189780815451,how check don t power comes fast asleep please postpone deadline until next year power give us people don t seem understand going through
1076213584157956,s everyone went school read just update automatically system think frustration having power someone time start pressing those rubbish instructions
1350165329680177,how check meter s off due loadshedding nkalanikoni serious
1112572957094230,time supposed cos just seeing today 23rd
542578991983583,power zesco arrives like thief night before know s already gone truly insensitive such large institution deliver information manner well aware how erratic power supply kind reasoning highlights cannot well planned schedule
1657317551537951,nancy prisháàn s mum should advise how check absence power
1350165329680177,duba sakala rushing comment exactly like
918822943645810,saviour alingo chisanga thought too l t see symbol prepaid meter
918822943645810,joyce nyirenda don t know how process zesco limited help us meter doesn t how going update
918822943645810,saviour alingo chisanga even us
918822943645810,saviour alingo chisanga only applies u want check meter upto date however meter doesn t just buy power tokens come kct 1 2 enter those first before tokens signs know meter date entering power tokens refusing until u enter kct 1 2 follow process retrieving previously bought zesco tokens phone dialing 3600 select option 3 enter meter number etc
1076213584157956,wise chansa sure let just automatically
1567383927241606,chila cn chirwa even go check remembered power
1290223178817006,how update power
1073915294429399,think citizens need something extremely poor customer service collectively because too much now first how give short notice assuming everyone money areas having power how update benefits same update mean loadshedding minimal
2243515476024552,zesco limited order how issue ultimatum provided alternative know most residential homes don t power
3799239766956172,how expect us haven t power chalala group e
1215579079549987,zesco limited please don t make upset morning like how supposed check s power va zii
1643693216550682,zesco limited code doesn t work happens tomorrow those us unable check
603831848879085,how announce today give us less than 48hrs update meanwhile people don t get electricity than 3 days
918822943645810,wilson musakanya last day s tomorrow nothing
918822943645810,saviour alingo chisanga battery powered meters those attached wall usually come just press 005 enter see 2 2 1 2 see 2 2 updated
3799239766956172,chi sanga least even know group
1215579079549987,chipemubanga tembo need show us how update without electricity
2503679246506239,get 2 45 check metre update noted
1205985963828776,kaya how check meter us kabwata site service thrown dust bin comes power zesco limited let s order
956196666351546,pre paid meter key now
1616637372559879,how those facebook phones know short notice
491322200621450,zesco limited how haven t supplying us power silverest forget prepaid meters only active power available trying mock us behavior giving us power 30 mins things gotten bad only supply us power 30 mins tell us s happening
1091858975810538,zesco limited how expect us check power only comes few minutes goes kwatenicko order give us power needful
1978437159337183,zesco limited supply than month filled complaint promised called engineers come work date s nothing hearing guys
1236419614249700,question power comes midnight how expect people zesco limited now becoming nuisance
414951508222199,zesco management needs mental assessment how going check update prepaid meters never power let give us power able update useless meters
431024819872113,how update use bluetooth cause know only update s power
1096573222127959,mary phiri done nothing like updating pama units iam sure just want customers buy units
1096573222127959,bridget tembo true seen buying k20 units 3 months pama meters
1096573222127959,bridget tembo get kct 1 2 dial 3600 choose prepaid token option 3 enter meter number boom
1096573222127959,yamezjr effect meters don t keys idea how sunday t call zesco obviously
1096573222127959,mangani ng wane phone got key t find meter should now
1096573222127959,bridget tembo don t key meter automatically just enter first ktc1 code meter automatically clear enter ktc2 code clear enter code units check units added means need call zesco come update
2503679246506239,tumba le vivré masters comply
1091858975810538,carolyn bwalya call call center sure assist
934227224870277,roll over mumbers shown zesco app valid because tried entering those numbers without success dont receive roll over pins buy zesco units mean successful entering numbers because sad face blinks metre box understand means successful
579517041147242,how dont power nishi prepaid works ku solar
559356870364711,how supposed without electricity aware meters work electricity didn t electricity whole day yesterday 05 00hrs power came midnight just say hi went back previous experience sundays most likely going power whole day advice please
1306240460754096,how even update without power kindly advise how update without power
457179294077447,meter doesn t function discount scatter company enough enough
1018509556747250,aren t supposed online sure realize many illiterate people zambia beside power even s never home
547133917751249,don t power how update meters saying deadline tomorrow just sent msg yesterday
918822943645810,saviour alingo chisanga same question sir how
573871758590582,how check without power t set deadline tomorrow s power disconnect pela
1269495240914028,us businesses far away electrified houses town put notification valid within 2 days how work together country
578739588183932,meter prepaid doesn t hash key how update
1301581687416894,s prepaid how go
1206656877068767,zesco respond questions since customer care service responding calls how check system updated meter boxes buttons
3921559501407227,chipo veronica kalinda want u wake 01 just upgrade lol
9184598344883772,wake 03 also hour window before cut power
478577728012542,mean now electricity how dare give us deadline want us wake 02 start updating meters
1989644291473922,people buying units close 5 months now missed monies just bought own units 31st july 2024 update still 86 units think reach march 2025 feel pity business money cophers
930146739044579,don t power please tell us another way check prepaid without power
1201900610904461,power right now happens don t restore power area before deadline
883781467228647,well zesco limited care investing central update system restore power graveyard hours how expect clients update meters off
1206656877068767,henry mutale chimanga see talking ka meters
1206656877068767,bob banda eventually went dm s seems like meter already updated remember e tearing stuff last time thought like different update
1730481487806792,how restored power ku group e
909479697986926,zesco never short surprises s taken informing people such important exercise itself looks complicated load shedding included days before deadline really way testing people s patience
555614637082664,umungulu how bring such important information eleventh hour morever people don t even power homes how going check sure
876756294258369,sometimes guys think meters like mobile meter those symbols supposed insert without power also guys hope should think twice guys before coming such decisions
1262764498302089,key meter zesco early april fool joke craziness issue statement deadline next day
599315079330733,how update electricity
963842635565289,button meter box kind joke
1262764498302089,call number meter number advisor inform meter upgraded
1702769020295336,kind office bearers s costing nation see zambia take time develop imagine how tell people update prepaid meters don t even supply power whoever wrote should delete t report zesco consumer protection unit cpu abusing us now
959800342861410,add how expect people those upgrades having power still rumour kindly confirm whether upgrades done without power
950177713652456,mean page computerized don t think human being set 24 11 2024 deadline looking going through
557660213537739,less than 24 hrs notification metre provision how check hour deadline crying loud day 24 hrs before transition into monday
924167659166907,zesco limited how even check power comes midnight goes around 04hrs people sleeping tired
1076749557508916,power comes ve slept already how expect us update only works updating dream won t problem thank
1103365944000251,zesco limited please advise how comply update meter power expected wait until midnight meters mean receiving messages asking update information done continue receive message how comply trying contact someone zesco assistance none numbers given work
790341336551434,how supposed update power since yesterday furthermore short notice should notified people least week advance given current situation power outages country
1312096596869539,struggle translate into mean loadsheding over
437232952759406,power ku ngwerere 48hrs going use flash toilets since pump water now s 22hrs still power please give us power shift now
540700515397617,others don t even k10 just extend deadline customers understanding force kindly same
1332848168092256,how going haven t power past two days
1998224180681414,update meters loadshedding power comes sleeping goes while still sleeping please advise cause seems like mission impossible
841449014595749,henry mutale chimanga name meter
790341336551434,david jnr sakala provided bought units last 6 months must upgraded meter exercise started even before load shedding
579738547916602,using old prepaid how check
1128170745478914,how expect people update meter numbers without power most time darkening nation economic growth even courage disconnect citizens barely utilizing power rarely access indeed enemy progress turnishing efforts government puting empower citizens disconnect us shall complain through energy regulatory board
581910654194613,decide tell customers over weekend short notice extended hours how people verify status meters
3466438970319411,think re totally failing people kalingalinga 8 days now people power transformer capacitor burnt team team came check nothing done power comes only comes selected houses re telling us update prepaid joke
478868854645444,ifwe kuno s just showing plc con kaya problem
1802524433906405,how check power nightmare comes midnight
1998224180681414,thedrina zee vlahakis kumwenda sis thoughts exactly expect us come house meter outside night check very stupid
1636472860633097,chanda harriet how benefit us updated updated give us power 24 7 jokers
1106402974283188,how without power kindly help us
1260522001936827,kuno power comes 23 n goes 04 time update update without power
942319534430038,screw how supposed those updates without power isn t way zesco updates automatically because don t see how people going pull off given deadline
1257524862250122,1 power comes people sleeping 2 think everyone social media get info 3 done ensure zambians information other than facebook page lot people even watching tv because power throughout day night people already frustrated having adequate power want frustrate us disconnecting meters whatever people upto kaya
1076151193988869,went how update power
913826857366209,how check don t power serious even put deadline give us power upto 24
910267914083968,poor way operating area power just comes night sleeping time updates
8613545648714263,cable stolen s week now how update meter please zesco
1106402974283188,veronica banda legends wait extension deadline
1257524862250122,mirriam singh switch off care haven t power 13days sure how should update meter s off
816837920467043,zesco limited meters don t ma how update
963209262309928,mmmmmh consumer access internet
2070074933423687,how think people small phones know same upgrade please order
1546678479322668,mean ensure uninterrupted power supply
1299485121402214,how announce day before deadline brains
1074584167487830,how update without electricity don t understand
1550477338905911,how done power sure
2206170783118435,how check meter power
963209262309928,moira chikombola imagine ai only saw 2 days ago power coming awkward times sure how get done today
1307712497246378,happens us dnt smart phones n haven t seen message n top power access tv listen radio n put deadline tomorrow
1627443644860485,those fb should now how access information
1116756016627970,work even don t power
548584151289469,zesco limited meter work without power otherwise s never power supply
1074403790843828,zesco limited called countless times report service cable almost ground don t respond
1550477338905911,patricia kantumoya makukula people finish energy want us wake 01 even anyway
586968070681059,everyone online read also loadshedding extended period time people given reasonable notice like
856102363268876,zesco limited re serious company aside people having power exercise people business traveled different places country houses locked how supposed deal deadline tomorrow should come back update meter travel back continue businesses put month notice iyo 24hrs live same house same programs just because always go back house doesn t mean everyone just because leave people home doesn t mean everyone mwabako na logical s even load shedding keeps worsening
921326036600249,good news u promised us today 23rd moreover power advice updated without power
464588649563951,malaiti 24 hrs 03 how u even strength go press meter box aha serious
431150710039796,now us black how going even though prepaid off mean even don t power still press digits prepaid
570995898872291,zesco limited how haven t received 4 hours power today
913471983769764,zesco limited key change tokens mean ensure uninterrupted power supply isn t load shedding interrupting power supply need information update should update anything
1083869546555307,decision makers including pr corporate affairs department should mental checkups instead giving formula how people update without power hallucinating notices deadlines fundraising venture put deadline minimum amount put update amount t people just updated without buying electricity just need ka minimum something
1217856575972373,how update meters s power alternatives
1198378554560973,exam give during less than 24hrs think s everyone see within 24hrs
880379824216906,don t update update new high tarrifs besides how update useless meter power
1947229325798355,m sure whether laugh cry kind irresponsibility zesco surely failed project customer service team highly irrelevant
1293999082039855,updating work even household doesn t power need power update done minimal time sensitization statement wish should given information earliest monday week
1775418393314477,nadi n polela exactly t remember last time thing
1594589981168933,now how going check without power show us another way
1144315603777218,haven t electricity 3 days straight how meter updated
3995061740769962,zesco limited how update electricity
467048809284648,kind smoke guys zesco limited smoke htf expect people us only seeing stupid message just now mulebako na seriousness job take people s silence granted sure just pathetic entire network
1542363739729921,wants us upgrade know very well us see electricity s miracle give us power whole wish cause don t expect us wake midnight s only time see electricity
496969586056923,work even s malaiti
952058353483448,way checking without power don t now s unlikely ll 24th ubupuba ubutabupwa
1108754516783627,how check power supply submit
1542363739729921,gladys getrude kabaso imagine want us wake 02 00hrs called update
1542363739729921,dear dream
3817640505157682,zesco limitedif s company just likes test patience calmness people zambia s people increasing tariffs promising 7 hours supply just going back word power over 48 hours salama park chelston green area zesco limited tired being given useless complaint numbers say resolved power hasn t restored s fault send people come fix issue salama park under chelston green tired
884425186806485,meter off connect battery make update
583394940850912,zesco limited 1 yesterday asked question concerning us buy using mobile money didn t answer dont token vendors kwatu s buy usung mobile money 2 give us deadline know very well zesco limited don t follow schedule just extend deadline because everyone make always want us understand faults whatnot s also turn understand us
1069715211517359,zesco limited power disruption power power country don t even remember last time saw heard power charged phone even ironed clothes due respect fishimyeni ngamulefwaya
962511389037694,serious outdated prepaids yours don t button
925697462310474,arthur mwakanandi actually don t meter update doesn t don t see how work
1012280840655231,total madness how expect people update don t power supply ai
909596051135756,given defending zesco now agree jokers
1217100462683573,pend upgrading initiative until supply normalized how input those details metres asking going days power supply find power switch metres end today
1135886531575155,ifwe each time power restored prepaid shows power power output calling zesco 1 week now help whatsoever
1357394061953182,now
2938486026317644,seems like disconnected kuno didn t know anything don t follow page didn t receive other communication
1311207946549485,sure only targeted customers following facebook
3817640505157682,zesco limitedzesco limited restore power chelston green area tired tired calling buying minutes nothing
1135886531575155,felistus mulabanya ummmh s sad just go office shout
1135886531575155,felistus mulabanya thats used happen mine just come change meter three months ago
1135886531575155,erica chayi how long take come ur aid aii
1135886531575155,felistus mulabanya same day called mostly used come same day number thrs using call
770507935235942,like fool fell trick bought units now staring dark meter t upload past midnight now very very sleepy nikagone chabe
585587983923656,ve power 2 days now chamba valley
1281787743172394,updated even without power cos short notice don t even supply power according schedule also should 40 secs only entering 20 digit token huh wait minute count down ve singing mwankalako serious once weh
1120296419426094,people need serious honestly how put deadline power cases s comes dreaming
602465905870103,electricity how expect us update sure
1581321032485071,simpler terms work 2am stuff
921247029504857,waiting count down promised saying want us wake 04 00 start updating prepaid
3936850839927381,how go doing cable supposed supply electricity house stolen week plus now
770507935235942,petronella halwiindi simuchimba know how trick us time fools
1107970484246496,prepaid meter works power how going update without power teach us how update without power come update zesco isn t serious nid plan b go solar generator remain without customers
2272938236420174,how update ve power 7days now
1594917784453736,good news promised us should watch next 3days ayi
1695281181201338,how update day 4 electricity tomorrow sunday deadline
905527851552707,zesco limited how update power such short notice
1147274600611921,how check haven t power since last week sunday
1550415722277796,how going power comes midnight
893013686272681,use check meters updated supply power 3 3 30
539573425612002,ma old meter lol how update power play too much
497507806651940,mean update without power
1122021676311355,zesco don t give full information metre number starts 070 code 0057 symbol metre number starts 450 code 005 stress us enough without adding mix better off just telling us buy additional k10 units checking update stressing
488612390860147,wake around 01 process restore power trusted schedule
1888000131727022,how update haven t power two days
931813121610460,just say contribute k10 s company number should send names bring
565328749437260,want interrupt good sleep just update prepaid meter nevertheless how update meter without power
1107824777667206,how people check without power mad s like upnd government came free weed give cause too much thinking backwards lies taking everything granted
565328749437260,bule kaira sleep wake power won t just wait till s back
1044451394146728,how expect us s never power should given us power over weekend allow us those upgrades
457632340301493,exercise shouldn t even deadline power goes kaya how many hours days comes back whenever befits
1122021676311355,rucksanna geloo right now anm confused because tired looking t see
1122021676311355,clement nmc look press 0057 different codes different metre numbers telling us think really frustrate us zesco needs game
408819144761920,first time load shedded country remember load shedded under pf than six months load shedding less than week complaining already buy solar genset stop complaining
1361256761308377,oh remember tactics using call reverse reduction meaning increase 200 reduce 100
1539253826550352,remember prophecy joshua ignla said s gonna win s david saul
879154983427096,upnd time remember 2026 home ground begging mercy watching
8497039393670777,nonsense only those limited reasoning celebrate otherwise work done equal negative 0
724725065639374,went shop asked chelsea jersey salesman said should come back m serious
1338452506889039,towera same s went 13 18 same day 23 05
1338452506889039,towera same went 6hrs came back 13 30hrs s gone 20 30hrs don t know 6hrs talking
408819144761920,phenia chikakaila exactly understand too shall pass
879154983427096,elizabeth mwanza feel sorry husband marrying empty tin t even brain storm
879154983427096,felix kumwamwasa truth hurts repeat 2026 home ground know mount tears drop heard matter how louder cry ballot paper speak only language hear meanwell citizen beautiful mother zambia
879154983427096,nelly daka right mercy way told fimba bursted
879154983427096,felix kumwamwasa true brother people think clever others problem only look bad part good part nowonder kill each other
1539253826550352,aimed kahama omar same s god avoiding previous elections
724725065639374,means seller also serious
2309913445845051,just accepted bally specialist failure doesn t make sense
1213964482806850,didn t bargain remember load shedding
534250465132209,useless instead reducing 14hour just split two halves doesn t change anything see reason creating board consisting zesco erb rest first place
6266739920037792,making sense better power during working hours than sleeping hours knowing only phones fridges left using power rest off bane tiyeni tusalapuke issue water ku kariba new started mu pf meaning plan should implemented word go power handed over guess someone overlooked see now effect lot businesses affected end day someone pay tax rentals bills take care family come amigos
707873887745003,nothing good write home t just terminate contracts exporting power visited kariba nothing like low levels cause slogan should always zambians first path taken sir
484235327119582,remember 1997 german anchor name nebuzburzimbeletbagker since jumped name tell whole story
879154983427096,habasimbi h abbigail people thought easy claiming end load shedding
1539253826550352,ann hamatu mulenga said hh destined presidendy david saul
707873887745003,chilyana chitala whoever signed either pf upnd cancel country company make profits make people happy
707873887745003,mwelwa phillip producing power expensive local citizens going manage pay same price outsiders paying
707873887745003,anfield sinkman benefits how feed neighbours children yours hungry too let s selfish ngatapali tapali export
707873887745003,anfield sinkman benefits just political leadership capwa get loans accomodation security
707873887745003,anfield sinkman uncle fyesu twicula just because few greed people
707873887745003,mwelwa phillip s easy think obligation honour part contract
1539253826550352,moses chewe kwateni order nesukulu tata s hh faults experiencing loadshedding believe people want tarnish name president how come just president visited kariba dam everything changes imwee lekeni umuntu abombe
1539253826550352,siwimoji siwi could meaning prophecy sir
1366446937441510,people zambia ladies gentlemen remember journey israelites let hh take caenane moses today
481698757452496,bally mukali entire zesco including ministers thought meanwhile people still asking difference make atleast someone saloon barbershop chance work 6hrs day nganafikupita lobe
688737036293807,good solution starters keep coming
633645125228896,problem those people switch off dont even follow time very quick switch off take forever switch lights order
867405641174083,read than 5 times still t understand trying say need bally s calculator
876960783573740,use solar panels cooking use gas stove even complete shut down okay
707873887745003,mwelwa phillip yes s yours takes money run same people criticizing zesco government goes bankrupt
1539253826550352,abigail mkandawire yes everyone furious part saul including honest
1366446937441510,chilufya daco president god wondering people zambia don t understand story moses israelites
1366446937441510,nsama patrick people very impatient zambia wonder how manage wait blessings
1366446937441510,nsama patrick mose chosen god unlike hh chosen human being always compare god humans earthly issues please let god alone just pray forgiven hh also should just sincere thank
570498601194220,anfield sinkman such minds trying clean accepting things beyond income let things country attainable complicated principles economics applicable developed world
570498601194220,pamex siamaleke mindset wanting free things should cleaned expect zesco giving cheap electricity run loss how expect run s operations isn t making profits would like run bankrupt start blaming government business
1252220168979432,misheck cheleka things just thought iphone
1252220168979432,ernest kasamba english ain t iphone user want go back android
1252220168979432,angela ngoma depends kind iphone otherwise buy iphone x above won t problems thank
876960783573740,martin jnr ll coming cooking go eat home
1366446937441510,nsama patrick eeeeh told s moses get drunk praise singing
1539253826550352,dalitso phiri yes everyone furious part prophecy including honest zambians went official page argue
1539253826550352,predious chiinga doesn t matter prophecy s u see similarities saul such moral decay arresting someone protesting against homosexuality
1539253826550352,predious chiinga man respected nigeria never missed try follow many false prophets doesn t receive money politicians speaks mind god
1539253826550352,pickrell knowels true speaks mind god says s david s just saul really mean
1251041295755993,quote minimum 6 hours minimum could 12 hrs during day 12hrs night jst buy dry stuff
472159101770561,drafters piece smart s reducing load shedding 6hrs 24hrs splitting 12hrs whole day into two segments means 24hrs instead having continuous 12hr load shedding having 12hrs split follows day 24hrs meaning 4 six hours es hence first 6hrs power next 6hrs power next 6hrs power last 6hrs don t power bringing total 12hrs 12hrs without power 24hrs day hope makes sense now ve gatta smart appreciate language
873152884103138,problems having monopoly system wish could start u electrical company compete zesco otherwise beginning hunger many homes
1212784172667362,people want play us ve seen
741211864091012,following timetable muliko nakamungulu
530851722153204,incompetence zesco che kaya take president pump sense into stagger outages something commoner think
475515214753875,government s only president should find solutions ministers sure
1366446937441510,shekinah ntubungu lifumbela every days knows bible friends thing eating people s heart over praising praising
1539253826550352,francis muma bunda s good u remember well lets just pray god s mercy s preserve us come land coz wen look life king saul s really scary 1 jealous other peoples success case david 2 wanting others better than 3 turning pipo israel away god
1539253826550352,isaac phiri 1 introduced taxes 2 jealous other peoples success didn t want others better than nearly killed david coz woman praised david over 3 turned israel away living god u moral country name order human rights u see first time police arresting someone 4 protesting against homosexuality
1539253826550352,kapyelele kerris feel sorry trusting politicians s sad u think loadshedding end first place loadshedding caused same politicians nampower electricity supplying company namibia stopped importing power escom south africa zesco supplying whilst guy s being told lies s loadshedding s over net just google u find unless just want ignore reality coz love president
1251041295755993,brian silwamba people want trick us think dull
530851722153204,martha george done order keep micro economy running
530851722153204,martha george people window pressing issues need power intervening time
530851722153204,bupe kunda meanwhile leave home power come back darkness lol
530851722153204,martha george d rather small businesses run expense cooking cooker watching tv
472159101770561,don t need classroom formulas justify wrong whole scenerio bad serves purpose ve failed reasonably curb challenge
472159101770561,peter gondwe help partly unlike having power entire day achieve half way wouldn t achieved without power consistent 12hrs
472159101770561,russell hibajene muvwende atleast s relief because sometimes 24 hours only power 9hours calculate wasn t good even following schedule
472159101770561,russell hibajene muvwende wait wait wait thought s 6hrs load shedding day like 24hrs goes 6hrs only those groups like group f cuts 05 11hrs tomorrow maybe cut 12 18 other day just like s twice 24hrs dead anyways don t even follow own time table
472159101770561,russell hibajene muvwende those double cuts power cause harm than good people need alert take precautions order safeguard appliances like
1539253826550352,ann hamatu mulenga argue want guys truth truth prophecy being fulfilled before very eyes
1539253826550352,phiri davids thanks sir guys forgetting voted think s hatred since took over presidence moral decay country increased first time people being arrested protesting against homosexuality christian nation shunning away 18th oct day prayer fasting nation almost introduced legalized man marrying polygamy constitution serious issues nation
1539253826550352,judy mulenga changed mean dividing 12 hours loadshedding into 2 first time experience such zambia
472159101770561,since iam four eyes person t see anything changing alternating still 12hrs
4523293367795418,meaning every 6 hours having power switch off loadshedding twice day even confusing
2182068691972856,m expert viewing analyzing post beginning end line line word word letter letter came conclusion say t say anything because said beginning m expert
558946559494916,difficult own take whole president come pump sense into brains 12 hrs load shedding small economy like dependent sme s president good man maybe needs bring back white gloves shake things little bit bakateka bring back white gloves urgently
1132178137441275,bally guys made lungu go back chawama remain working whilst lungu went crying careful guy just fire bring another board
2182068691972856,old now literally every page see copy paste
2182068691972856,lee ching kusemwa stopped
558946559494916,ndeleki mugande thats said cant say much coz camera sure upset
558946559494916,done reduced loadsheding hours kuti waseka
558946559494916,ndeleki mugande u thought aware happening interms loadshedding loadsheded full knowledge
558946559494916,ndeleki mugande promised put end load shedding forgotten
885707319525548,johnson njobvu happened finished loadsheding just year power madam praise singer
1132178137441275,ras zulus lungu mouth too much over never saw lungu cry held head high daughter side maybe missed part cried only man saw cry late rb may soul rest peace
1132178137441275,onelia bandaonelia banda ask bowman knows very well how someone cry stadium mmmmmmmmmm sister power good
723300012465266,audacity even show us tym frame t even follow mxxxm
1949331072069915,better because most business depends electricity
698220705272026,whole zesco management never thought 12 hours good economy guys just jokers
874509763853596,physics teacher would say work done equals zero
1169109660383293,better least 6hrs power during day good those small businesses
860026851917551,remember someone telling us loadshedding
648295807070819,problem zambia always like politicking president move comfort zone fault finding mission med energy experts told reduction number loadshedding usual other people seeing positive move different lenses
1016113056445921,same know selling something k6 know customers come negotiate put same thing k12 avoid loss customer comes say price sale thing k6 yet thing k6 customer say least negotiated half without knowing k6 actual price intellectual very very important than working under pressure
460000529681418,how improvement now 24hrs places indicated schedule break authentic issue zesco
1144498916255701,quote changed schedules intended provide customers relief relief
2017595225100451,need concrete proper solution load shedding zambia developing country without power 6hrs urge setback small businesses depends electricity operate beginning every year experience load shedding making proper plan proactive
2054844194718605,make sure same hours rubbish experiencing kamwala south want just away zesco sun tuchule
562895362167565,since s nothing guys nasala option 23hrs 05hrs
1142773309757283,truth company got capabilities enough electricity stop loadshedding s just something telling us
509875321241534,practically say s 3days without power power coming midnight going before wake
485405080193745,good torturing people small businesses operating via electricity indeed poverty won t end zambia matter how claim fix economy question how people depending electricity going survive coz hours too much
1332443117593026,bally someone should lost job serve lesson others how lie president now excess power yet s lie
1776648382722259,m loadsheded yet fridge tv house electricity definitely m using touch finger batteries loadsheding probably equalizing neighbors electricity tulibamo bene apa
906861247329552,ala loadshedding brought harm rain season schools opened s really difficult now how even prepare food also water bathing young children ummm s pity politicians liars always take us granted shame
1380815312686577,lingson mwanza making sense let say re loadshed 05hrs malaiti yazabwela na 11hrs malaiti around 17hrs yazayenda come around 23hrs
903100007535654,sipalo alex ntoka people condemn still going lie water levels everyone affected youth begin regret voting coz s change
3048240672151024,bally also promised end load shedding look now time teach politicians 2026 lies kick power promise achievable heaven earth t manage
559716629070332,best just make sure power cuts immediately chelsea start playing save lot energy power bp
1576115159502762,mwebantu company needs competitors don t see 05 08 10hrs check time schedule s saying 9hrs 6hrs behave supplying us electricity free stick schedule
730265781636519,kamwala south s now 14hrs since yesterday 16hrs really fair other day 2 days power how make programmes time like work getting affected
1322434861928316,umungulufye first how suddenly start load shedding middle rain season tell people water october past ten years story same without solution
1369890623838604,doesn t change fact pressing iron got damaged ndechisa mpoto smelling like ichimbala work
475797351387622,power going twice day 6 hours
666239068516046,things getting bad worse food money even hope work find something family s gone how work without power mr president just bad every bad things happened 1 year
475797351387622,peace kandy bring even confusion let s see how unfolds smh
475797351387622,susan j stephens kaili give breather given snorkel since technically still under water
1633600697097916,solution definitely indirectly relief those run businesses completely depend electricity like welders barbermen salons problem huge government needs find way cushioning impact masses
1077101027019576,woke 02 morning stand line vote stayed till 15hrs s time life il never recover
507152648185346,loadshedding reduced 6hours means also reduced 3hrs fibweshenifye twapapata
701007491643584,kind government people ruled like animals t reason lot small entrepreneurs affected many businesses lose millions kwacha nation today
2864588043685007,kindly explain means us because difference sounds same
6528614153822656,don t see sense look how hours split business uses power still risk
5034726106630481,very very sad say least let just shut down zesco please
409864024658433,load shedding problem decades shut let people resolve
1755477978180396,s like break giving us time charge phones only very pathetic
564043215736577,load shedding way fuel prices being increased reduced hard make solid decision once
501367885418814,surprise same loaddsheding only happening few area s lusaka within lusaka places never experienced power shortage s nice go through still only few places lusaka looking other provinces even getting surprised say thing load shedding happening places s too much mwandi otherwise run businesses family help power supply s making sense u just interested few places lusaka
1140285630023705,re going kill children kabwata flats danger cholera order day because water depend pump now through day night split good enough lives danger please look into issues scary
1386230895455401,trying plot time schedules frequency distribution table making sense data continuous breaks palibe 6 hrs break
1235114530763821,bet pf sympathisers cant get thing zesco tried manipulate wud maybe free education jst maybe cud catch shall tell submissions
1569780666806418,don t care how u interpret think wise person better n encouraging having power 18 hours 24 hours 75 24 hours looking forward further deductions hours
1653764831741282,let night coz s disturbing business like way shikoswe power went yesterday 11 22 came back today 15 20 now how going working example us stationary saloons butcheries etc
614862720641260,let ever charge cutting power promoted immediate effect ndafya doing absolutely well field
820122623123701,very useless how wish wasn t monopoly n competitor like mobile providers wouldn t customer
697366508700436,like breaking girl twice day yaba way 2026 zesco vote alone
879838946387363,atleast see improvements schedule kudos
856642012112606,literally difference still load shaded 12 hours 2 six hourly segments day even makes worse
1761330254239982,really think people hospitals depending power because oxygen only visit hospitals see people dying decision s right
708646777547324,qoute minimum means don t maximum even go 15hrs
4846508602140505,people still complaining s easy talk criticize u aren t league put u president forever darkness
1197230877868149,well done indeed capable hands thanks mr president visit maamba sisvonga meaningful
549020607150674,zesco just needs unbundled also need competition monopoly yours means treat customers way like because else go
726411752036852,savenda electric bulbs last 8 hours let s go buy should staying dark during night
857564435493695,thing don t even follow time table s biggest problem just switch whenever how ever like could give us solid timetable would atleast help us plan
1832152390496031,even marriage wife becomes big headed introduce side chick tame s zesco avichitilamo bcoz other option resort otherwise company also needs replaced side chick company kkkkk
481698757452496,riddah njovu 11 17 power time work 8 11 3 hours work most clients cleaning anyway very true
2708694619260732,everywhere power supposed go once unless otherwise understanding instead having power 12hrs way s ll now having power 6hrs calm down bakazi banga
3238588863025453,just removing dust solar panels once get new batteries gas stove bye bye
915468582944674,m drunk m very alert crossing road look left right cars bikes look aeroplanes down bombs look back kidnappers hold beer tight start walking zigzag avoid bullets
5720330321376222,anyone lord shaded before raise hand lord management currently effect
922530655410557,those brains ministry energy zesco ltd maamba collieries could figure purpose existence really take head state tell purpose existence ie meet needs businesses population general exactly officials ministry energy zesco ltd maamba collieries think organisations existed very disappointing indeed s high time heads started rolling
1329032821280592,improvement long s once day
583801633560811,doesn t change anything especially us works private sector depend electricity kitwe town centre suffered still suffering
601958428357758,s still 12 hours day difference just conceal contracts
689335182889377,t 24 00 06 00 hrs people s businesses keep rolling
696883355493456,maintain just 23 05 ayashala bayafumyeko
2392680880883194,zesco needs go under hammer zanaco use useless until sold s now most happening bank zambia
493404562903338,friends kabwata mocking us sos hear load shaded long time please best
710373020624161,better shortened staggered period than straight 12 hr outage way just phase too shall pass
474565918207339,problem zesco let us look broader perspective way seem just concentrate word generation power let us comb areas operations even caliber engineers departments operations planning maintenance generation distributions etc maybe also highly qualified persons areas most highly qualified engineers left country maybe second grade engineers areas need proper experts areas other countries bury heads sand provision engage experts imagine feed family 4 meals per day 10days rest 20 days 1 meal per day plans
704829604692684,think children let jst continue old schedule used reduced vaboza che
888207445939331,alot homes risk being broken thieves 23 05 schedule time bomb
3411382362461599,strategy 6 first okay made x2 reduce 6 people say 6 better people very smart uluse
546402790759342,accepted inconvenience caused try means fix starts 16hrs need reach home find electricity else reaching home early fault
1220697095185978,patricia lusheto chuunka s sad mwandi how u develop like
1220697095185978,catherine chabula sichande very sad indeed t develop feeling good impact either
1356117571869792,d jin marshal split means mean go every 6 hours
1220697095185978,david chewe nothing removal piiyeeffu problem started 2014 mistaken
5833093400115418,s just paper kabangwe power went 05 12 38
1228378974692366,fake bcoz implemented bcoz power went 23 now s almost 6 hrs power
1249165352331515,staggering mean loadshedding us twice 2 day instead 12hrs straight like 23 05am 11 17
1481001045743276,taken screenshot hold proof incas u go against ur word
1230387797514829,people telling responsible drying kariba dam
1536375690209571,means power cut twice restored twice 12 hours still stands
428259989439534,happened man generated electricity waste products plenty pit latrines muma ghetto better start generating electricity fwebene
1200460504234580,said before should put someone knows how count hours properly didn t power saturday 12 00hrs till sunday 17 00 12 hours surely written everything mu ka book 2026 coming
563994755593886,mean 6 6 hour loadshedding per day minimum 6 hrs day could easily still 12 hours actually 6 hrs loadshedding day much lack promise release
685408256413529,system loadshedding areas while others enjoying same power good let s part take misfortune period
529585439141995,priority very important parent t feed others well own children starving think s making sense rules regulations supposed reviewed revisited revised favor country first
737502624769151,problem cant even stick own schedule people rejoicing electricity still go 12 hours day just split into different times still solution cut down 6 hours 4 hours day businesses wont survive
567908948173003,muja mwenangu power use go 15hrs chiwamila galu kuluma mbuzi those complaining load shedding go visit lake kariba see happening side water level very low
1146553176036377,result meeting
573302567561012,hope s going rotational leaving home returning without power draining
690068096131577,failed project just trying confuse people cheap rotation stop exporting power period government should serious times re dealing toddlers
6413669045319490,taking people zambia granted unip mmd pf voted now upnd could only term government unip 27 yrs mmd 20 yrs pf 10 yrs end
489266630038074,ackim katebe break necessary 6 hours us make money using power might well take employees employ mweh pantu don t see how increased production also pay people end month
489266630038074,lisa nancha banda s tough us depend electricity pray better solution soon otherwise impact negative effects business
489266630038074,rodney mwiinga meantime government needs identify priority areas economic activities instance lusaka business district go town make money power should going during productivity hours town crippling already crippled economy order reduce hours load shedding load shedding itself must accross board places power go even same line hospitals fair purported maintainance mamba collieries much overdue supposed happen now challenges kariba would waited bit just don t famous bally s 12 desciples having daily
489266630038074,rodney mwiinga s job find solutions such problems s wants right person find solution even solution power change anything just common citizen like instead attacking each other let s ask questions powers
489266630038074,nchimunya muleya solution above follow thread please also follow facebook sharing article writing full solutions
721488806038541,thought going better worse than 12hrs power goes 05hrs comes back almost 14hrs 17hrs goes until zero number t even maintain 6hrs
2942741362688052,bally ni munthu watu t destroy expensive machinery because forcing issue make situation worse t stop exporting power because need income policy free education zesco business needs money run zambians implore s just january starting february expect everything start normalizing bare us just supported us during election don t loose heart still need support ala naifwe bene sleepless nights over issue ground right now trying see how best fix matter put smile back every zambians face give little time exercise patience bally fix worry suffering endure night joy comes morning zambia forward hon seke
546017217547310,talking easier done control tiyeni nayo selelo mwenze ku bwatuka bwatuka fix see hope re learning lesson know yourselves
562479005929095,lie area power went around 24hrs now
1810122456027775,also going adjusting like fuel every month just ready everything nowadays maa
489266630038074,ackim katebe since know much sir saying bad offer solution solution honestly cant see issue power legit just bad decision government suffered like previous government don t think issue serious country needs serious solution give us formidable solution sir
489266630038074,lisa nancha banda due respect want believe know hh other president never charge electricity production projects such power production long term investments overnight investments supporter government need logical people blame president something power control simply shows us how ignorant backwards nation want believe re learned enough running business context comment such also want believe re solution finder problem solver regard advice president offer solutions matter whether like whether like water problem go away singing songs supposed failures offer solutions lobby others sit down plan long lasting solutions complaining change predicament effort
489266630038074,ackim katebe agree serious problem kariba dam insinuating just being failed move bally mwasumina sir te
489266630038074,jacqueline chongo even pf same agree ackim
489266630038074,don t waste ur time write article just go work coz made solution already yours won t work
739499391127080,water worsted victoria falls thought bally hero superman matter confidence speaking made adade look idiotic government workers safe side naka salary increment prevent sectors production affected due loadshading self employed won t coin end day yet government workers theirs fully good eyes seeing people don t forget ka
1418254931913129,guys think re bembas doesn t end loadshedding
1595004077634111,kwena 12hours just divided into 2 include atleast day loadshedding day off kwaliba sure everyday amalaiti 05 thing very bad especially schools opened considerate
549749810428788,meaning loadsheded twice day people unacceptable while other countries enjoying malaiti aikona suspend exporting power chapwafye
2942741362688052,hellen zimba people need understand upnd kantemba government wheels change turn turn slowly
678087460627687,diana gift jere banda even painkiller relieve pain going through power came midnight already gone
489266630038074,ackim katebe let differ barber man now six hour make something between 12 18hrs previously loadsheded 6 18hrs solution expect long term solution t solved overnight pf power ten years solve problem answer try yes eliminate problem completely let s try emotional discussing developmental issues
489266630038074,andy c p andrews puzzles president announced clearly loadshedding thing past bragged having ended
489266630038074,people asking already answered please follow thread top don t just criticize offer workable solutions too work those implement act propose respond already answered
489266630038074,ackim katebe beyond president look guys honesty president innocent power cuts hight time people man behind
489266630038074,reuben mwense stayed near lake before dry rain season water starts coming back kuma march april mahn october talking time ninshi s wen starts getting dry
489266630038074,reuben mwense friend leader see problems solutions now leading give us solutions kaili just busy blaming past
427194769547971,chitambo mbewe pipo dull u imagine failed understand simple loadshedding schedule
427194769547971,chitambo mbewe re thinking people given 12hrs during day hours work 6hrs means people work 6hrs during day bad small scale businesses
1331690454041080,ukutemwa ukwikala ku town us rural areas already power restored before scheduled time sometimes loadshedding therez lol
1182331739155606,06 power hasn t restored yet now understand meaning bally fix metaphor meaning suffer people
2028947943966918,9th power goes twice kitwe
733709384648942,exactly vp meant said re increasing order reduce
1237943817078450,nothing happy still stand 12 hours loadsheading work done equal zero
503871295207390,kwati fyamano existence than 60 years experience first hand climate change years how come get large chunks salaries guard gets upto average k20pin monthly net salary yet fail diversify expand accordance population kwateniko amano
424740966462494,idea okay problem implementation 6 hours still 12hrs
1352021075572196,christopher chilongo spot big hydro like proposed batoka dam prey climate change zambia zimbabwe should see through folly putting another mega dam stream kariba totally insane
489266630038074,ackim katebe check brother note comment lighter note
489266630038074,busiku mike please check page proposed solution
489266630038074,ackim katebe money come u written how u stabilise economy featuring same time u expect u written done 1year 4 months
656890259509193,speak power gone hope back 11 hrs watching
2295622980609739,take head state reason
824418318637408,started yesterday us way go posting hours later far worst possible company zambia forget gives money yet industrial companies power 24 7 nice
945939189709485,best way help zesco improve services allowing competitor sure zesco won t same problem decades
683770073413810,took whole president reason behalf whole group educated kambwangazi zesco let company taken state house
748433546894335,feel pipo compounds own butcheries salons barbershops how survive lord
879084503133919,gud president leader should always show concern people crisis showed care even s difficulty don t regret vote
5946382015423168,still unacceptable considering fact s rain season should consider stopping power exports other countries let explain people still load shedding january expect end infact should come apologize mwee akakena apusa bally
489266630038074,andy c p andrews personally feel pf boast because time power supply low compared now excuse upnd now predecessor constructed kafue gorge lower
489266630038074,maxmillian bwalya t construct power station year judge five years
544356284413657,zesco people same same chinese people sinker small small going open barber shop saloon welder 05 want power available 23 00 through 05hrs people asleep
1579413999173713,new problem didn t point pf going point upnd african leaders should think outside box
543052894427696,aaah let just continue sleep without power wake without s continuous thing failed understand now
5825080234266811,good move 12 hours straight too much going easy plan
466252772381945,might good electricity switched off only around 23hrs 05hrs everyone sleeping during day time dd mata
1371532063594197,isn t problem problem maliati kwatu yayenda 2days
1133431977339120,isn t still good minimum 6 hours even 12 hours 6 hours should maximum rephrase statement
504093228477605,those want go back edgar pf regime go ahead us remain current
1231153124161242,mmmmm finally something sensible now let s wait follow least know felt pressure people
707838147519713,even 6 hours working lusaka west mungwi rd
565876345064568,good solution find better solution help everyone benefit
2007698236101483,tha 12 hours thing wasn t necessary reduce 6 hours reduce further change
860149895255069,still disappointing zesco still failing follow own schedule checking area using 3600 saying area under loadshedding today yet power went off 0600hrs still under power zesco become bad apart unnecessary loadshedding zesco t even follow own schedule
6122849527734335,ummm 12 hours too much power place goes 05 hrs should restored 11 hrs goes kuma 11 hrs restored kuma 17 hrs opinion better than 12hrs
577374840868329,tell also loadshed areas live only sacrifise areas those think noentities
698635551799988,difference make s still load shedding heavily criticized previously
695343998961984,don t surprised zesco starts losing machines s point people start stealing too many hours given thieves steal transformers cable s keep pros cons actions deliver best country
724855342237637,let explain simple terms means 6 hours power next 6hours power 6hours power last 6hour day power still 12hours without power 12hours power divided into 6 hours each nothing celebrate same different
629662045626549,six hours put table should now time won t power particular areas planning purposes
577374840868329,chizapu simatimbe totally agree know people date never zesco go area wondering lives around those area s
8901794233171641,guys stop complaining wanted fix sorry just passing
1342606413164315,listening president progressive whilst wait permanent solution
534155958660120,even option just please re s driving us
511570027736052,ni fuel just done weekly
3428870804055475,far know schedule doesn t work stipulated area power going twice day don t think normal
842848230280313,let just sleep doesn t change fact s still 12hrs
900978594666497,malango musukuma ended ended
2299770710224782,means power cut twice restored twice 12 hours still stands need calculator understand language used notice
1298576814266650,making sense making schedules fail follow ve always load shedded than 12 hours daily
878212423369353,such schedule apply area stop playing around people s feelings
1126291694701077,karin louise neethling monge yes still 12hours load sheading broken 2 x 6 12 stead just straight 12 hours once power
2299770710224782,george muls znbc 19hrs said s reduced 6hrs only
2299770710224782,astron sibbuku chiyuni s how understood language written notice
2299770710224782,power doesn t go same time compounds imply other areas time going
2299770710224782,george muls dad s like power go same time part lusaka answer part time like s 00 11hrs knowing
715643390256377,manje parts lusaka being load shedding parts country too zesco never follows load shedding schedule
3221256778091552,splitting gonna darkness twice day mayo let even charge phone
1353668848789272,okay things getting better day hoping best
963697571683180,also lying t even keep schedule promise
548275573885493,now realized most praise singers dull just support blindly without knowing supporting changed mubikuba hahulu bati let work completely coz said rubbish someone busy praising naka phone ku power bank
2299770710224782,george muls mean same changes power cut example power cut 11 to17 next day 05 11
564248385578976,even sticking same schedule s just random sometimes only power 30 minutes waiting than 6 hours still switch off
3558389497766642,affected because get water hand pump use solar power need biogas bio energy solar
3792415490984887,m sure know how express yourself say correctly how many times expect power cut n put times groups eg power goes 05 00 11 00hrs expect cut 17 00 23 00hrs guess work inconveniencing
719550152874845,don t worry fire boss sooner than think hire someone find competitor just like zamtel airtel mtm
1622974748123377,stop dangote invest power plant guys afraid competition anyway best
714750360018225,let s just work let people talk
1911774525859132,complaint lodge should power 23 00 sleeping having power 05 00 suppose working delivering service general public
1287182618738988,9 22 still power went exactly 0 36
944697196493811,economy crisis s world wide even better people south africans used load shedding
1199139634355511,layman s language still get 12 hours split two example power goes 23 hours 05 hours go let s say 11 hours 17 hours
3344874239087782,how sure even dam dry wen pf mentioned other party politicised how different situation now like always say people shouldn t talk things don t know now ur turn waiting see how u solve let s factual people voted ain t fools
885370965986189,wonder pipo like same people increased connection fee k1700 kk6500 units gone high now loadsheding plan reduce
5763763656992226,12hours loadshedding rain season reach ka october kaya using chinese calculator
2163643733823440,better way hope follow schedule such
5763763656992226,sirgubu c gilbest just like finished whole 2022 without load shedding nothing like october whatever month
6394524170577597,same introducing half time game anyways businesses two things during 6 hours day unlike experiencing power cut 05 hours 17 hours
1219565888699321,better just suffer once introducing half time into load shedding should working reducing eliminating load shedding instead half time
3593312137659877,kitwe ndeke precise just right now re being load shedded second time 2026 how far
2219020448270652,things such decisions made bosses incharge opposed leaders how ironic
1014045236652457,doesn t make sense difference leave home without electricity knock find electricity
1422039008571759,stop playing us expect us believe s because water levels october other season yes could bought those lies now rain season
565495791785843,prophecy especially against 17hrs 23hrs schedule succeed making darkness portion john 1 5 isaiah 9 2 micah 7 8 repent repacations previous iniquities
703159451369461,s making u affecting those running during day well those business night
2718734371596506,don t try impress president won t work better tell truth don t want situation get hand 6 hours should six hours equal others should receive than 6 hours should stop talking water levels middle rains wil happen sept october without rains te total darkness iyo
727259681946279,everything already planned dont see difference between 12 6hrs day time charcoal night candles s
588129303126508,think let increase 10days cause keep relish fridge nishi kubola
2348117345370169,increased hours order reduce shame guys
696005628557085,someone playing dirty game zesco management don t need given plans head state themselves
5126549930780929,6 miles electricity goes 05 comes back 12 14 electricity goes comes back 21 very reasons other party power lik enough
479734924316779,yesterday power went 12 00 came back 18 00 went 24 00 came 06 00 katwishi tulelola
543396097838713,power went 08 00 came 18 00 went 20 00
728866435418240,problem president doing everything alone visiting dam advised zesco
697907062011250,kwena s still 12 hours relief getting
543396097838713,edgar shimalukwe almost wrote same replied already good
914497929570223,whatever ef s still 12 hours call relief
686040593192313,end well zesco over run 6 hrs 7 8 hrs twice day loadshedding end into 14 to16 hrs loadshedding per day
3240389632939076,son come back half cut barbershop
1147226185984804,exactly how supposed 6 hours start 12 complain reduced planned imagine started six complain plan wouldn t worked exactly how planned beginning 6 hours loadshedding
892982335172530,aware people depend electricity small businesses
910956080090584,happens us loadshadded fir than 12 hours mean laodshedded 8 hours split now
6164825023528034,mwangala monde siyobo nothing like better than pf runing diwn country very fast pace very fact think clever than anyone else really makes angry lied way govt continue whilst govt decision messed each sector economy because egoes better than pf just good hiding true colours iam worried future generations
6164825023528034,mwangala monde siyobo conversation need regard facebook agree pf lost way much going facebook chat baby sis
6164825023528034,beverly kunda moore exporting good country nothing else export foreign exchange like zambia
6164825023528034,beverly kunda moore question asking myself since load shedding started
1192182698063836,someone want clapped crazy thing shortly u said dry now reach 6hours fact same because going twice day zesco don t think re ur family members jxt cut export power other countries
725459902190932,t understand mathematics because most business depends electricity difference make
904205397420066,still doesn t change fact 49 million kangaroos australia 3 4 million people uruguay means kangaroos invade uruguay each person fight 14 kangaroos
888458732606058,how come s loadshedding area even near clinic anything
683917853232648,reduction hours s better
1244223689492224,people understanding word staggering think loadshedding reduced 6 hours lol
721345389615444,basically halted export electricity
882939279724233,2020 never even planned load shedding way better
1381491652659760,issue us kabanana west experiencing instance power cuts same scheduled time calculate wait till comes just having power back like 30mins decide cut ninshi ise tinalakwa chani olo maybe stole water mu kariba nkhalani fair mweh
829943544862310,s unfortunately others allowed bitterness jealous control brains still criticize understanding leader good hope things improve load management
798380101728535,mr president doing good let s learn appreciate people still alive done number good things zambia perfect yourself pls leave mr president alone
664619908679381,good reducing 6 hours s sti going twice day still 12 hours
1316858762425751,impact load shedding always tantamount collapse country s economy hence need critically think big joke around
829943544862310,nchimunya goldens s tall man road shedding
829943544862310,nchimunya goldens class otherwise punished
561908562619454,calculations loadshedding hours increased promax way kaili good terms math teacher used very calculative method only literate understand good morning
488157330134602,little know zesco time introduce break time like schools meanwhile time learning remains 12 00
855500669035982,soon very soon properties those zesco get damaged frequency turning power off ukubipa kwena napabiipa
1301433613735732,time makes sense mumbwa know know
2994287257547549,went 11 00 came back 17 00 far good
940744006802774,schedule same area meaning having power just period 5hrs between guess
684342116481386,effective today yesterday cause power went 23 10 still nothing
1492129967976597,ohms law states difference same change
1747469492315179,s way go excellency quick response means lot s how leader must keep pushing musankwaa
5833959256691128,least president s shy facing problem
719771349541429,stick schedule once atleast feel relief 6 hours
723374332470540,possible zesco limited show load management schedule next day strongly feel would helpful than current day quite obvious anyone figure know outage times following day adequate time plan
547271547324936,power cut 05 00 11 36 yet restored
691083175945529,time since 05hrs power yet back should trust timetable also
846170093330966,must given those charge switching off move together otherwise just remain papper while communities going hours than papper showing
678478597157109,zambia serious trouble t even stick simple 12hr once day schedule how honor s really discouraging business owner how economy recover
1149469195755648,chanda kasongo think s meaning six hourly come back 23 go 5 kukosa dear
1149469195755648,other places went same 5 never came 11 instead came 16 now don t even know go come
1149469195755648,chanda kasongo 6 hrs plus 6 hrs 12 hrs sprit into 2 6 hrs ll go
1149469195755648,reeves ray chibamba yes right called explained
475992531387462,failed unacceptable citizens paying price know businesses run families feed yet system seems care
688403376277911,think schedule should revised interchange times atleast areas rotation areas cutting power time every day areas power only cuts once s midnight 05 rest day zesco proper rotation like way 12hrs used
686616486282373,well noted please note greater percentage nation s subjects depend power supply fend households hence need anticipatingly state last know how long should endure r s v p regards
1178664122855506,time say truth load shedded today midnight still don t power
652305977019970,timetable joke wake control room 14 hours power today because process automated
548620763967575,zesco re busy acting like re developing country taking away electricity mean m young entrepreneur depends electricity already went 6 hours just got back take 20 minutes later serious m personally protesting against injustice
1537318080081162,u need rotate schedule nyumba yanga boardview area power goes 5 11 17 23 go work power come back dark ka rotation please
1391164684756543,veronica oputa part silverest live power through night most part day left home without power came back power woke power
1391164684756543,s unfortunate s like how supposed plan around type loadshedding even inverter t support being switched off power most day
1178664122855506,fred simeja imagine company respect customers
1516799665459834,same timetable ve written yourselves t stick area power went 00 00hrs came 06hrs gone 11hrs
899401224750301,silverest 04 49am till now prompt switching power past 6hrs
3430242507299630,3 hours could ve better considering people home s mainly use fridges tv s don t consume lot power
1776900926039362,s big shame pipo solwezi even following very own time table
859348818616401,failed power went midnight upto now nothing elo m bring relish refund damage caused lying 6 hours s than want tarnish name president
1510070676128222,manure also used feedstock power plants manure incinerated heat combustion creates steam turning electricity generating turbines start submerging batteries pittratrems generating power how many manure pits zambia every household got sewer
1375219489956828,serious fi zesco fyama dongo dongo really playing us now sad us barbershop owners
688403376277911,guys really frustrating power cuts imbalanced kindky rotations s way others only loadshedded midnight 5 while us basically loadshedded during day
688403376277911,louella kalima think petition over rotation s really fair otherwise power cuts just once s
899401224750301,nda bile call pressure
3377351919165072,today power went than 6times giving us list
547471633932950,website says schedule available area please fix t guessing need organize day thank
935740177414289,schedule just total scam fail follow own schedule simple straight forward people charge department failed project clearly failed cause taking people granted level incompetence
515630007337027,time table never works s like just switch off whenever feel like t even bake peace now
1829617797408490,document signed anyone binding statement could just hoax something
1516799665459834,cone mukwila come bak 18hrs tho supozd 2 go 12hrs
1375219489956828,dalistani goodward ngulube improvise bro look battery inverter good go s clear people wants us die hunger let s relent make succeed always improvise find better ways own charge battery power use power goes helpful ask
1375219489956828,alick alexander ziba great thanks advice inverter costs high getting disturbed someone please rescue us
475992531387462,lifestyle 101 don t care every time just say zesco price increasing
582250733742042,tell technicians supposed switch power back 17 hours meanwood airport should left us alone original schedule least knew power mxxxxxm
858684738768949,zesco limited cutting power than 18 hours unacceptable happens relish fridge serious
860691078549411,kuno s 7hrs now power isn t back yet kind management stop playing minds
628477762380851,just lie naimwe us power 05 00 upto now
6170660102944681,better gives opportunity work 6hours
494225406114471,admin us understand situation since need protect generating units accept current situation problem implementation said schedule load management example area power went off around 0530 restored 1400 within hour power off see complaining anyway s fine because won t able pay dstv subscription
1311564579667002,us s four days without power being told people field call nothing t even charge phones
1223473925247107,anyone electricity 12am 6am guys normal should power 6pm 12pm switch off common sense
704722434394583,useless time table creates such time tables agrees people having electricity every night whole week rotate schedule per day two days whole week same schedule zesco limited
504908138411919,switch off power 14 hours restore 05 m following day tell s 6 hours s even than 12 hours promised
949282917177253,true chawama still having 20 hrs plus load shedding only power 24 05 everyday s too much look into
559218576126862,kkatongo kapekele 5days power valid explanation people hakainde hichilema restructure mgt because way happen told fault happens relish fridge weather bathing cold water school going children aikona man zesco limited
559218576126862,s just selected houses happens time roma hakainde hichilema something barely surviving
494225406114471,arnold peter kachabe true same applies ndola lubuto power went around 05 came back 11 now 17 gone crazy better come disconnect thing ve installed house
494225406114471,makumba peter chimpolonge hope solution improves especially mamba coal 150 mw come anytime soon hope water levels should start improving dear expected unit kafue lower hope
1581636682284758,cleopatra mushipi chomba s exactly time table saying lol 12 2 intervals 6hours per day lol meaning power go 6hrs come 6hrs go another 6hrs case come 17hrs go 23hrs 05hrs come upto 11hrs
705181447975292,locality 17 00 23 00 05 00 11 00 rotational load shedding schedule meaning only power 11 00 17 00 daily power came back scheduled around 11 40 like hour s gone notice explanation inconveniencing unacceptable zesco limited
906478284119960,schedule lie basically group people lying us yesterday power went 05 came 14 later went 17 came 23 today s already gone
1213069430480148,non those hours applicable area s sickening
1185260018763736,zesco limited problem even schedule comes stuffs bavichitilamo switch off anyhow working against new dawn government
543684474353285,same way u updating us load management kindly update us called water level know power back normal
543684474353285,chilala junior muhyila thanks need give update also
553788063468968,feels though kamwala south paying areas cause power cuts before time today cut 05hrs know come 12 later only go 16 mwebantu ummmm wild now
3370521426598168,us power went around 16 yesterday 6am sure still power
887879462227738,zesco limited question isn t power cut schedule supposed affect every area areas like woodlands power cuts completely missing something
963612048411874,question how many hours should power 6hrs off because kitwe went off 23 came back 05 11 went off don t know 6hrs per day
707182370784437,kamwala south load sheded twice 05 11hrs 17 23hrs areas load shedding twice day
612476807988749,zesco limited explanation ndeke village being loadshade d 2 hrs daily always power coming midnight just 2 hrs switch off ndeke only place over uses power load shedding still worsening even cost tariffs increased under deception zesco capacity import power problem don t even stick timetable switch off whenever don t rotate should rotating write statements different
547281163994790,update don t power due general fault attended order complaint received scheduled load shedding time attended until power restored until previously received complaints attended may well wait over 48 72 hours brilliant strategy power restored
841991163531334,told power would come 6am go 12pm according new 6 hourly schedule over past 2 days taking power away 10am instead 12pm meaning re only having 4 hours instead 6 t just stick say rather just take us back 12 hourly schedule plan better s extremely frustrating kabitaka solwezi area
724267959031762,haven t power since 2100 last night called several times received complaint number s nothing update progress happening
716269310133566,reported fault monday 16 january 2023 now action taken spent money going levy park kariba house forgetting airtime every 1 hr call monday
1223615948250143,day before yesterday never power 13hrs straight yesterday power came 11 power goes midnight relief providing exactly problem don t even stick own schedule ridiculous
612476807988749,hi chibwe petronella kunda cpk thank reaching kindly note adjustment power rationing schedule entailing supply between 2hrs 7hrs per day especially peak hours night temporary adjustment due unavailability 330 megawatts power imports arising import route constraints sincerely apologize inconvenience caused regards cj
968249324136350,power cut yesterday day 14hrs switched around 24hrs just hour cut until time representing konga makeni lusaka
1181750455807621,previous 12 hour arrangement actually better 666 pattern isn t favorable power only comes work goes before return home comes midnight asleep
871927237359012,kafue greenfield shikoswe power yesterday 11am 2pm next day s exactly 1day 3hrs without power please update transpired currently transpiring livelihood depends power
483063327122849,chalala re still getting robbed power 11hrs re still waiting evil people bring back 17 41 crying loud
1359855841497739,zesco really dialling 3600 comes area scheduled load shedding today joke off 19 hours now
668791911656365,reconsider alternating load shedding hours tired just having power 11hrs 17hrs every day dark every night
3296797573914788,mean now won t rotation permanent power cuts between 05 11 17 t0 23 23 05 23 just like how rotate surely cant living like sleep power wake power zambians dont forget 2026 might seem far now times best teacher
841991163531334,lorna blue kanema imagine m frustrated
841991163531334,grace nonde kombe line tripping while rest power
1255580588504842,madalitso kabwata believe kabwata slip 2 part unfortunately side only power 23 05 12 17 please start alternating times load shading 2 areas also want watch 19 hrs news just t having power sleeping work doesn t make sense please look into matter
858879975328948,ve power 5am isn t back
1312003869590105,honestly stick schedule those switching off needs go back school redo maths power came back 1900 2330hrs off how many hours between
856938265539057,schedule following another timetable another schedule kamwala south group e power goes 05 11 18 24
752092206314556,now happens earlier schedule power supposed go 16 hours area 11 hours already switched off
842561720147197,s plans mushitala area solwezi fade since 09 00hrs upto now don t electricity stick plan
1243137079941469,s case power outage since 11hrs yesterday shikoswe
1214925962764712,regina gumbo say think want us protest
504697271653576,cannot stick schedule speaking lubuto ndola s power since 05 hours
593302386112919,message dear esteemed customer delayed restoration supply area due ongoing load management supply restored soon load system stabilizes regret inconvenience caused power went before six morning today until now kabangwe thought integrity pillar business saying something else practice something contrary statement shame even corporate institutions ceased tell truth core values
5648817075215103,don t stick own timetable schedule people go whole day without power
5702244013221636,power yet back new schedule effective today also dialed 3600 option 7 gave meter number today s schedule given wondering power yet t even stick timetable make yourselves
2797518267080973,let new schedule released people plan u implement yet schedule ready vama dongo dongo che
470592845276981,yes heard now problem switching power cuts others got power others same area unfair should checking properly switching power
664331705475734,expect 5 pm go off 11 pm
530236952214385,tell people switching off power stick schedule switch power 07 10hrs switches off 11 00hrs poseniko amano
3419786188278599,few minutes clocking 24hours without power area schedules make sense
500039125366821,schedule followed yesterday only 2 hours electricity medication fridge don t know how 6 hours working
1592231224624896,difficult follow same schedule keep switching off time
930137114662977,s sad t stick load shedding pattern haven t power 05 50hrs till now 21hrs don t know time restored than 15 hours now
707715117637880,unacceptable just like said
412656197693674,s than 6hrs power yet back went 05hrs 12hrs sure doing guys
844607890106660,great republic appreciate efforts far keep pushing behind
1354201588746983,problem must put sticker each substation zesco know power off time aaaah epwa
1361288177782693,even sticking time table
891803565355681,y changing time giving power us chalala family trust every night power s really bad change time
969682887335614,don t think working power since 6hrs today 12 45hrs
716967036485202,power supposed cut 05 00 10 miles power cutting 12hours even stocking called time table fair us study
749407319848915,ninsh loadshedding time frame going end should give us period
1525885331255257,lie area experiencing 18 20 hour s load shedding every single day s pathetic
530721638850288,kwena company turning into joke even schedule changing like diapers
689707672762391,should rotating mweh coz tired darkness
849475069643719,schedule apply certain areas individuals lilayi power since morning now
513885767475162,please let power go now area coz need night
919641482387207,schedule long now power kabanana site service
521371969972672,board along engineers sat down discussed thought very good idea
1794074577659321,how possible coh mtutendere b power came around 18 hrs 23 went until now meaning meaning only seeing power 3 s gone re structure time table well eeh
988050969240493,power cuts inadequate power cuts time restore power time hybrid lusaka area power cut 10hrs restored 18hrs immediately 23hrs yaya nafuti hmmmm guys
513885767475162,martha kalis s security risk agree
749034703219609,samathar j funilo need company beat services
1842449472788951,s good time seen now days power going aware
1148425092705733,mr kapata something new kasama power went yesterday sunday around 16hrs came back midnight went morning monday around 05 came 11 went 12 6hrs break talked morning
1148958279317062,only power 3 hours during day
588280453129937,tell people chililabombwe should loadshedd same area 18 00hrs past 1 week kutupa believe should rotation basis also want power evening bringing power sleeping exactly 06 00 s gone elo kutupa last
486438580109819,stick time say 12hrs ensure power restored time planning purposes
862471064955757,only could stick timetable help alot
1519435088538365,s even staggered us loadshed us 17hrs 23 30hrs 05hrs 11 30hrs s staggered use power 23hrs 05hrs should sleeping change schedule realistic infact loadshedding us 13hrs 20minutes
1227453241313857,please give us chance power evening prepare following day
828909211632389,relief just 6 hours loadshed per day off
702399248085203,six miles s now 8hrs without power please let s serious us depend same power feed children
481598340820357,power area went 11 hrs now 17 38 power back
704399134617947,s point giving us schedule going stick guys incompetent
1659534051134956,power went 8th january 6pm still isn t back 10th ridiculous
554138996371475,people playing minds certain calling us puppets right now
1258295001705182,kindly ensure rotate schedules place load shedded same times every day through shedding exercise
673261321259755,should rotating t 18 24 hours schedule everyday want watch tv night
495017766093438,seems mathematics very difficult subject school staff
1372805636872104,better rotation schedule even six hour break e us feeling benefit having break cause power cut morning restored work get back home cuts
548169364026736,now mean power going twice day long 6 hours done
701421754867686,elo nomba fyapena shall keep missing electricity home god help us wait until come frenzy
475563724778643,six hours foot nishe part mutendere electricity goes 12hrs vazii
841218527168887,christina keila kunda coz mwandi would power whole day since came morning
730146681615614,riverside mwandi crescent 05am 13hrs 17hrs till don t know upto now show two times day
850255429376696,bias power left 12hrs nyumba yanga came 11hrs hour left
1572214923204554,only problem ksq u hit us 00 06 apa power gone futi meaning
5843493245732642,zesco lie humble how power go 23hrs come back 05hrs go 8hr trying lie 6hrs load shedding
1334937173961008,clarify like loadsheding around 00 00 power comes back 06 00 12 00 power goes coming back 17 00 three times per day hope s going like
734501617841965,switching off very punctual switching back don t stick time
869819651007946,schedule being followed s problem
858200875455085,imagine how dull someone describing everything leaving contact number how useless call customer service
749886946759897,according schedule us never power between 18 midnight everyday
844511016783014,how power come 00 go 04 normal now ghosts
6602224119805409,thanks try manage situation wait permanent solution crisis sympathize
1540969093038226,own different load shedding 23 05 30 11 00 17 30
673295751161689,going guys over 6 hours really mean guys count 10hours 6am 16hrs still power hasn t restored
5745284188881794,us different schedule went around 05 00 s 11 43
942246410094802,good switching off than switching
5084471844989149,mwanza mussah shipeni onalebo ifwe power restored 23 january since cut wondering s going way too much us
712789810207104,s point sharing schedule t stick
767359114506134,only could stick time table power went 11 00hrs mongu restored now
613829517097670,power went 06 s still back 7 miles
1157680775112726,electricity went 11 59 means 17 59 must back still now still waiting stick time
725527018935582,sandra mwanangombi people don t know doing period
857388412176185,makeni power went midnight came kuma 11hrs talking
494506302817197,still 12 hours straight areas nothing excited
735064844592414,kuno yayenda kuma 10 wondering really 6 hours
1184716522154006,power went 12 got restored 18 exactly 20 hours yaya mean
891216835653285,problem started ubufufi naimwe joined ichipani power went 05 now nothing 6 hours sure
586992656597136,problem don t stick time table
739902527469091,power restored 13 30 05 00 today exactly 18 power cut honestly six hour interval
890603003152694,hi ephron soko thank reaching kindly note adjustment power rationing schedule entailing supply between 2hrs 7hrs per day especially peak hours night temporary adjustment due unavailability 330 megawatts power imports arising import route constraints sincerely apologize inconvenience caused regards cj
3412229999049832,mean 24 hours having 6hrs loadsheding
1463378687523665,wake power come back work power needs power 24 00 05 00 schedule help
825896758504711,now waiting schedule each town
1413194982809799,ifwe power went kuma 10hrs fall schedule
5546989238756740,written 06 5 s gone 12 11 s gone
3320933161503894,people stupid s point giving us schedule t stick
861747904899076,zesco kindly stick promises please cut power 4am only received 11hrs cut power 17hrs upto now thought saying loadshed us 6hours once surprise gone ahead loadshed us twice day making president become popular telling guys get serious
1280736795822488,elo bringing fridge know pantu s spoiled
1328739098134987,sense get how came look like children s going imposing everything comes into head rain season
1205087440430798,6hrs power cut day 6hrs twice day
857332325321181,patricia m nkausu s s tarrying shedding pattern
857332325321181,lucy bwalya munthali true thought only experiencing
3378720489080713,use list aren t going stalk power went 11 00 came 18 10 now gone meaning
663368398909430,now vegetarians becoz u cnt even buy beef chickens other meets other power dependant foods fridges ever off time
1130443434287490,monday doing opposite said check kasumbalesa 4 hours power off
714417990334888,just turning power whole night till 8hrs s enough time guys
1373227593487046,power cuts time seems time table even followed
690303226021072,sarjestion zesco conects kafuwe lake kariba other rivers
570647161581047,worst company ever exist earth
3397388003915845,hh very smart cause makes lot sense better
494351242820167,mwamba m katongo wanted look post tag let go chawama seen yourself
1526632871149066,problem area now loadsheding problem o faulty kwacha corner bar kazembe road kitwe don t power today makes 2 days day night without power alone entire neighborhood affected 04285215861 kindly assist
986267512335131,chichi love could true lets see kuno ku booth power went 6 came back 12
864843354738021,alo kindly share new schedule kabwe app 3600 showing scheduled load management yet power goes every day
830250864942876,least tell us times allocated each area like re just doing ma dongo dongo how meant prepare accordingly like
581488507133950,time since 23hrs power yet back should trust timetable
1366217900792542,power went 05 00 came back 10 50hrs
711538893892824,power cut 05 11 38 nothing
1337037643724222,night theft come back lusaka how possible lusaka night load shedding made way power goes around 18hours come 23hours issue power going midnight given room thieves
546495607523825,bring new investors build power plants load shading should thing past digital world 70 businesses rely electricity
858763822055995,problem don t even stick timetable switch off whenever don t rotate switch off same time everyday depriving people certain things don t remember last day watched main news coz always don t power evening should rotating
579156810706802,lia exasperate people mwata kkkkk
858763822055995,yvonne yasini chilonge t said better than
858763822055995,yvonne yasini chilonge true just ticking box happening ground
858763822055995,yvonne yasini chilonge exactly fail stick time table mostly off period prolonged
391629953185764,power exports reduced announced minister loadshedding hours still same
812172198006811,us giving 3hrs imagine
711538893892824,michelle milimo hibeenzu us well better comes back 12 00
1579421839458706,said monday 11th today don t power 14hrs maybe s calendar okay
703402968046208,think let s go ku zesco everyone beat lying us kumenya including manager
293254090452144,best stick schedule make sure guys responsible power cuts restoration sober cutting power early restoring late contrary schedule mano yamungulu wapakapiri
949338863486489,need raise man zesco limited
1579421839458706,greetings chileshe m m njovu thank contacting zesco area fault reported es
348524291512289,services pathetic helpline off 3600 well isn t working haven t electricity 18 00 hours yesterday chingola south
877398570239153,plenty story cut short thank mrs zemstvo mosonda being truly appreciate kind positive words nice doing business low financial status went through depression come alive don t know how much bitterness because ever since started investing into mrs zemstvo mosonda company platform started benefiting through became positive stopped listening people rumors talks zemstvo mosonda
903706750632464,don t understand schedule according s time loadshedding thing promise should anything get damaged switching off time supposed take each other far way said 6 hour particular time yet power only blinks goes comes back next 6 hours kind schedule
712577027228515,ifa olowo ajagun very powerful spiritual man source blessings hope many people worldwide both home abroad interested making money getting rich without human blood sacrifice repurcussion 2347065707927
3506538596235608,places rarely experiencing load shedding while t even benefit new 6 hour plan power comes 3 hours goes 12 hours know tricks playing s just matter time until loose jobs because corrupt incompetent
553110000038032,r sticking schedules power went before 16 n only came back midnight only go 0500 god knows time ll back
703561894546160,stick schedule false times employees follow complete utter rubbish
897569784932137,rotate schedule please unacceptable waking 05 00hrs power leaving home 06hrs coming back 17hrs power totally unacceptable
1895932464076398,libala goes 05hrs 11hrs 17hrs 23 other areas s goes 6hrs only re fair
1608678122917697,stick power cuts around 05 restored around 13 cuts around 17 somewhere midnight failed
2474266746055900,sticking schedule 05 upto now power nine hours straight power
908148150549989,zesco limited schedule working riverside kitwe power went around 05am 2pm still power s better don t communicate schedules because s really inconveniencing following
1212182749711840,muziba like know hakainde hichilema people ain t obeying following time put selvs
1353026225472470,get manager
1592110744564752,best thing u just off until month u done wth ever doing
6053644208025680,please let rotating tired 3 days darkness sure
683576683463546,failure s t even stick time table
561240262529112,slept power understand came while sleeping now waking power work come back power till sleep won t see power today whole day power goes 5 preparing work comes back 11 work goes 17 back work comes back midnight sleeping wats point even worse new year new dawn
500869045466973,new schedule miss needs revised make rotational leave home 07hrs power come back home 18hrs still power power restored 24hrs cuts 06hrs relief
554390029948965,disappointed how managing load shedding power goes 18hours comes 24 00hours goes 05 00hours how expect us prepare
1135298890473561,don t even stick timetable just un professional how expect citizens plan around cannot manage yourselves please let s fair people s bad enough cutting power 12 hours even us roma
720944359321104,6 miles yesterday load shredded us 05 23 today 04 40 power gone time expect us iron uniforms mukela pamo na upnd
734226471642590,stick schedule s frustrating cut power time t stick don t give us timetable how expect people need between 01 05 mulebako serious elo apatulula kuma ibex kabulonga give flexible time elo babi just zimya chi zimye zimye muleke 2 call centre line t get hold s 3 days just saying busy poseniko amano
869672600961795,zesco limited keep times religiously already frustrated zesco 24 00hrs 23 32 like tonight switch us stick times please monga muzungu eskom says 1600hrs check watch 16 00 hrs time keeping pathetic very anti govt
656575589595075,today whole day power 23 30 s going happening don t know 12 hours power only 6 hours power management s good how s load schedule too bad time cut power
679708873797633,vaupuba just stop exporting electricity want us undress understand
1209250903302028,kwatu cut 10 40 kubwela 18 hrs cnt see such
390858876596508,zesco limited mufulira specifically shinde stadium area loadshedded 16 now 23hrs s 7hrs hours please precise restoring power just late cutting
558616886165374,schedule house help dependants only tiuka power come back work go back work power kwwf
2907914509352052,working area still having 15 hours power
551155510266670,rubbish power only lasting 20min than goes hours talking
1642015762885082,somehow real going 6hrs went 7hrs straight
1781667235550337,y still going twice day
875110533683969,most annoying time table 18hrs 00hrs
710471757268317,hope stick time table
1285888772050230,zesco just same water suwaragy whatever call
839841797666648,much better since may nothing show
1898813893849225,zesco needs complete overhaul people holding offices too comfortable imagine area reporting complete extremely low voltage last three years body seems care erb same excuses
1152560722344980,lucky others goes 2 years kikikiki
264937716314722,luanshya doing well mwee took us fortnight apply get connected nikwisa mwikala eko tabalechinjia mwebo
264937716314722,luanshya doing well mwee took us fortnight apply get connected nikwisa mwikala eko tabalechinjia mwebo
2097613640630766,solwezi doing well terms connections quick connect even congratulated solwezi zesco continue connect us fast fast keep
990364278955569,us solwezi ni off every time apa just waiting water reason soonest story izibika
1079026869751807,kkkkk those just wait seconds
3597225967267379,just paid yesterday connected today experiences different each district
2097613640630766,issue rather see manager 5yrs much
2097613640630766,hend rix connected within week payment solwezi zesco corruption
2097613640630766,hend rix yes just cable wen s pole needed takes long connected
2097613640630766,right solwezi zesco needs pat back delivering keep continue connect us fast fast
1469870400514177,took only two days connected paid friday monday connected
1005670357251191,scoring many other fronts hope resolve issue soon
1509853093119726,just intice money see how quick respond matter
3539041749710529,6weeks nothing applied early 2021upto date zero connection like sean tembo
314727804258352,shungu mungeya complete overhaul required anyway us experts renewable energy bothered
1469870400514177,mercy mugala politically connected boyfriend zesco
1005670357251191,samson banda how fair comment should
1349720502418165,actually good news people now start complaining 6 weeks wow before started complaining six months first three months normal maturity period
1613792405811359,s just name party power changed zesco officers employees
264621713006251,s pathetic us s getting six months need bribed
311502081255985,true 6 weeks complaint t considered before thinking raising complaint kindly read terms conditions see okay go ahead otherwise believe re only allowed complain 90days making payments count days two weeks adding 90 days sure
1349720502418165,henry nchena even good norm especially paid zesco application adjust tariffs stated clearly things past zesco t perform never performed since 1972
1349720502418165,henry nchena normal society service must provided
1349720502418165,michael ods hillary banda simply stating fact applying connection few years ago didn t even begin expect until 3 months normal guys want connection same day within three weeks means things improved m sure expect immediate connection like developed country s best move england austria get poorest countries world such things expected even getting passport move developed country challenge
1349720502418165,henry nchena true brother s just africa don t value time hence t appreciate need urgency suggesting move england u simply saying should get used mediocre ways doing things instead pointing wrong things change remember pay services repeat minor addition normal society service must provided within reasonable time paid africa backward race copy civilization without appreciation reasons behind certain concepts same practice hospitals patient condition requires alleviation give month appointment normal
1349720502418165,michael ods expectations vs reality issues s safer expect possible unreasonable expect services third world country same developed country standards different example t expect internet speeds zambia same kenya shouldn t complain
1349720502418165,henry nchena u missing zesco adjusted payments people pay cost reflective fees benefit prompt service provision s failure said would done attacking don t comfortable mediocrity
1349720502418165,michael ods comfortable just content fact improved said goal takes time achieve goal fact people now complain just 6 weeks indicator things improving t expect cover backlog 60 000 connections overnight take time things take time
640721924815006,visit zesco malambo u lusaka beautiful lady manager help u involves guys under installation advise u see kelvin kelita lady helped alot
1707347403023039,re talking 6 weeks stay s almost two years keep promising
1275352909817448,even better paid 8th may now just tell material surprising thing payment making cost reflective like said increasing means paid materials too
6313072612135423,talk six weeks took 6 year connected
2100908430257390,kabwe paid match now nothing doing
1002161181207109,only 2 weeks maybe scare m luapula
147288791751887,guess s first time apply electricity connection otherwise 6 weeks nothing waiting wait than year start complaining
199667413102327,6 weeks crying us paid may now now connection yet saying backlog cleared
541375248114781,personally paid march need pole upto now
6800755473319792,think defend zesco tremendous improvement service delivery zesco huge increase connection fees become very proactive people see value money speaking experience also others whom also seen compliment zesco
606226228096281,too much incompetence company hence need overhaul top management
617507847178403,backlog than 60 000 dating far back 2018 equalising
259545083611430,connection three months time quotation comes pay even tell connection done 3 months even application form written than behind
317082224093086,sit down drink water friend just 6 weeks complaining paid 2017 only connected 2019 during pf
6800755473319792,henry sichula s thought also alas paid 4 months ago just brought four poles amount k146 000 includes transformer everything quoted
260428126832806,area committed kudos zesco coz week came connect electricity
1010964830031996,also same boots paid 6 weeks ago nothing today hurting neighbor whom paid same time connected 2 weeks ago
997044898104015,talking 3 weeks us waiting 3 months
304672865444199,chongwe worst wonder work like may need man power
674077001410420,company disgrace say least reporting fault low voltage close year nothing done far s story story field staff
843687560662741,experience zesco field staff harassing family insisting separate power supply kantemba main house applied separation xmas week 2016 zesco s contractor only came put poles 2019 since story zesco conductors yet statement pr department sometime last year backlog connections cleared end march 2023 ntemba remains unseparated
314479391095587,mmmmm want minister intervain go see head customer care
218829087478751,serious h h must fire ministers letting down
203300832501898,lodge connection problems paid 2017
203300832501898,victor nyambe call hq people lusaka explain situation
843687560662741,alphet dokowe hazppened us too applied zesco kantehemba electrification paid k2500 never saw actual work connecting line woman till took money transfered somewhere else never recovered money
841908887534142,re talking 6 weeks us taken over year even buying own transformer spending over k600 000 trust day power shall feel cost because spend fuel genset everyday gas every week keep hoping ll come s office haven t
1457762855058197,nothing just changed truth front
1690749871393570,talking 6 weeks father waiting eight months now
688264309312056,now 6 months while know someone paid connected proof
982481913089980,wake minister connect follow district regional manager
831000462075383,let personal challenges assumed failures big corporations like zesco now longer experience load shading score tuletasha
262681793282465,let complain paid money k4 800 s lot
320640177058229,believe come knocking door 2028 applied 2021
997820034677347,6 weeks complaining re talking months
801175478371756,even better paid 2018 now nothing mumbwa zesco west most corrupt
841908887534142,bina hugh area reason give
667471854997744,owen haafwa neighbor s almost two years connected
1596646810862520,s 9 years still giving stories zesco complete sham full corruption
186078374484005,country too big people too many don t expect everything happen time
1317728269152724,patient meantime using candle
301125472504951,paid connection fees full february 2023 still dark day
607515918232984,think zambia zesco waste comes customer sevice gross corruption customers panicking hence being charged staff poles delivered work done time
3578373739112848,mr moonga just relax note only applied connection due time connected
1278345019712675,previous government took 3 4 years come connection place developed place like avondale complaining 6 weeks
293880816577855,better s 6weeks try zesco mumbwa 3years now connection get surprised criteria use connect other houses
652731433469685,way how much connection fee urban area
1662549880917318,kikiki minister energy should come install power place really
884014289908116,6 weeks thought would say 6 months anyway depends side coin looking
314467591038766,think people country expect too much company 20million population looks zesco services s possible zesco work speed people s expectations yet proposals dismantling zesco being shot down people same company generates electricity same company transmits electricity same company distributes electricity same company services homes electricity impossible efficient effective scenarios let zesco concentrate generating electricity transmission distribution should handled others case cec shall witness good customer services status dont expect much just patience dont want private sectors participate sector create three state companies participate generation transmission distribution electricity
691829512814197,moonga ever call yourself cannot happen applied paid 6 weeks ago how possible applied paid without quotation big lair
1103289897723682,prepaid meter went off two years ago lights ever bills reported response
594664932833537,actually during pf k780 connection fee now paying k5600 while other than connected please fire director
158482940565675,even eastern province s worse quick connect national grid least pay ka something
988406119065527,should wait 3months mune paid november 2019 connected april 2020
131638136673362,power being monopoly industry
130765013432625,people complaining 6 weeks great improvement zesco cause people used complain waited years years connected
595962146042598,hates mostly behave connect free zesco needs improve management just busy workshops every now useless
606903251613494,zesco useless dear u wait year connect u think president should something tired nuisance
319999207052686,u r complaining 6 weeks mwayamba bwangu zesco even connect u 4 years neighborhood now 2 plus years bring pole go bring another pole 6 months go peace
248629344184476,idiot call minister connect power useless house follow procedure only need power rushing take time stop bragging
1023901229028987,infact worse t solve simple faults every week contact deal same problems becoming useless day being monopoly problem need competition
129140753559150,know someone paid 2ngwee 1985 connection fee farm connected grid 2018 first said money tool little eventually way
1354677755466141,mulenda lukhere see chairperson provincial sports weight once echo
688370936485774,6 weeks naimwe anyway zambians always complaining thing
332411952476019,us s 5 months now since paid stories stories
306493691934195,alone mwandi even uncle paid everything date nothing even holes
287915833941947,people helping same people go zala wait list bwana backlog
676361921035721,paid power connection may now connection imagine promised us increase tariffs even service going improve
266309282865695,6 weeks complaining wait least year complain know how long other people waited iwe
6504567089661538,s worse kafue s now 3 years ago since paid show
1388578108741216,looks like author sent zesco back log over 60000 applicants cleared just 1 month weeks applying come social media start crying exercise patience pulizi stop unnecessary attention
1927030154363489,paid march todate power connected even fed following kabwata office
1815658288870258,6 weeks complaining those us paid 2018 yet connected zesco upnd nor upnd zesco same workers pf time still tomorrow muyayaya
968778361072445,6 weeks complaining us s years thats zesco
663513762353764,saying 6 weeks mmmmma 2020 paid group same currency amount surprise group three paid scheme connected just 50 mts away transformer farm start wondering zesco doing very disappointed zesco chongwe too selective pains most even passing through farm going connect other farm raises alot dust such arrangements
1395764864481313,u think u only paid paid before
1032171577953568,cry babies 42 days making noise during ichipani days would just tell long list stop checking just wait now hope refer office office
153482964459194,how s government minister involved sure those same people asking olo zati also trying tell ka extra something t get signal
647858186946473,mean time because need purchase electricity units
647858186946473,mwila milambo uve told system down working restoring wat else u want
647858186946473,michael siluchali run completely kept trying ve managed
516071323986339,david mukamba mukelabai also managed enter units
3529337620689197,kindly give time frame able purchase prepaid units
1630171607491768,luck ayi still power
610802407817623,zesco limited time able purchase units give clear picture leaving us suspense
2378240329047293,thank update wondering mobile network
792953145817891,looks like s big problem now solution que hours
1191955834833849,welcome back civilization admin kindly man s zesco know better thanks 4 info though
610802407817623,managed buy through mtn s refusing enter units prepaid
610802407817623,ireen mbola how many set numbers receive currently network down zesco posted just patient restore
754014609808724,time system going normalize coz only 1 7 units remaining
997714644745974,favour katundu see thought airtel problem
1323609428244045,someone help how many units gets buy electricity k1 000
816832912953800,beatrice shalom ntang now don t even know client only sent money 10 hrs wants cake 18 hrs made butter put fridge only 1 unit left t bake
816832912953800,margret phiri iyeee now tricky hope work soon
816832912953800,beatrice shalom ntang managed buy using neighbours phone almost heart attack lol
610802407817623,evelyn kapanga probably just missing utuma number otherwise network back don t send just same 3600
754014609808724,mwansa mulenga s refusing how
754014609808724,mwansa mulenga network use please trying airtel
285141100702509,eh people stressed work faster even know 1st people buy power
1487148675357714,please hurry buy power start month
1898771650503518,hurry sorting problem don t enough units wait too long
230568016489685,bought morning three times yet receive tokens
593399519335549,bought units money deducted message units
1017811669249469,fortune n sibanda miss too really communication specialist
1017811669249469,fortune n sibanda thought phone problem
569264788736735,hope system normalize before day breaks otherwise units done hungry bored plus work stand now
1217111515654394,don t water mwebantu activate zesco limited
648482160674176,never help bought midmorning deducted money didn t receive unit s money people ai
230568016489685,alice lungu tried given mr key 1 key 2 same units gave now wonder should use cause refused help please
230568016489685,alice lungu tried nothing happening already deducted three times both mtn airtel
230568016489685,alice lungu tried told didn t work use first key requested 2nd key entered credit token worked
230568016489685,alice lungu managed using app faults thanks
2926457894154388,wonder received message tokens nomba dnt enough units please sort issue fast
937514670872468,purchased units enter prepared rejecting could problem
285285353906261,just deliberate move choose technical difficulties first day month
230568016489685,chuma clare mashebe great managed s frustrating today
2026827234327779,uncalled failing buy power boarding house imagine inconvenience caused
530434982500420,only 1 unit don t even charcoal
761522955769022,also unable press enter arrow prepaid hence cant tell how many units remaining
916035357334716,failing since morning please help dark
797443682087152,ruth lufi eh get capital city
6877744568925424,bought through mtn meter keeps rejecting numbers
6877744568925424,mwansa mulenga hv bought t enter units how u
2026827234327779,andrew jere use sbsa account just bought chicks
169930726072100,instead making pipo suffer allow free power until problem sorted coz disconnected bcoz t buy units incompetences
1499872127502187,hire qualified personel taking care such problems relatives morning surely unacceptable
624553022955708,eric bulaya received token d
656955689226492,precious phiri just keep trying just buying
140270599079498,frackson kasuko technologies fail such expected how come continuity key nothing sinister cx
140270599079498,eurry eugenes tell bosses improve invest 1000 chicks without power s loss guys salaries nothing loose
140270599079498,frackson kasuko well placed understand coming side plate u shared those ideas bandwagon jump jump into better criticism anymore
249105044498398,thanks much update least know re problem zesco
602963838605460,time system back normal units done
650892396948035,don t know need bake two cakes clients collected 18 hrs
837954824387458,don t enough units inconveniences sort things
2228270187371587,just say planning increase tariffs telling us since morning
590600889794941,please ever fast
233194139652219,malita chola mutanya money bounce back like 5 times
6877744568925424,mwansa mulenga dial same numbers s next option supposed press
837954824387458,selina banda inconvenience stop current units depleting
837954824387458,selina banda too only 9 managed purchase refusing entering token
202751886080546,how u guys calculate units last month k400 368 units month get 290
1697546660718686,zesco limited how come meters still counting try pause just want notice something
837954824387458,just center managed
1393012334882415,noticed s every monthend happens need upgrade systems
293758669717165,bought units didn t receive token numbers
293758669717165,ismaeel moosa even want insult buy t
1644257936040124,john gomani s first purchase month purchase done 1st
868699001264826,bought units t access units bought how long should wait twalala umwafita please
3510128809208407,how system maintenance first day month
1616817652057206,enock silungwe entering token id like 30 mins s just saying error thinking must entered wrong prepaid number
206250529057220,work otherwise people start showing offices freezers full rotten relish
257642857087476,purchased electricity message generated zesco money deducted account
148958548151434,managed purchase s extra units how works 1st 2nd
256416473671418,don t power hurry maintenance
774328217816405,just purchased units k500 credited 199 units wondering other units gone because first purchase month get 496 units k500
600557148585058,waiting units refund month 2 days now
6535135543212181,increased tariff bought k500 given 422 4 units 01 07 2023 zesco explain
3589795364583913,bought units k400 given 191 units could problem
199961242674660,bought power received token units took money please pay back
3639412646329935,early just same thing also started behaving like omcs anyway fall under ministry may same anointing
808712503884193,someone please assist check units managed buy using mtn received messages yet
774328217816405,prince eddie milimo let s wait see wt
774328217816405,wendy anne sis s agony zanaco reversal now s zesco give us difference cz supposed get 422 units k500
774328217816405,sibeso mukelabai masiye spoken compensation ai m angry called gave list purchased tokens today
774328217816405,wendy anne managed talk someone same given list tokens purchased showed system
127467017046268,please ve bought power 300 ve given 163 units explain customer service pathetic
293147676407354,ifwe twachishala na 00 00 managed buy
1209795149729729,zesco pls system wonder failing how going buy power iam 0 75 units
262879899686442,zesco working since morning kuma 7hrs haven t able buy every time try airtel charging service haven t even received
949075493047454,showcasing ku tradefair sure shame
671130691524244,entering token id like 30 mins s just saying error thinking must entered wrong prepaid number
977132530247360,taken long trying purchase electricity token able s happening usersco even stop sending sms customers only send facebook those people don t usually use facebook people please should know how communicate clients question because people yourself government s public institution s thing should remember
962024962124923,apart rotating schedule anything being done completely resolve loadshedding issue unable run businesses effectively
1340593266586861,supposed giving us updates measures taken mitigate loadshedding telling us same things every time give us time frame loads loadshedding end build confidence customers working working around clock serve nation better otherwise repeated statements issue clear indication someone sleeping job
1955060858245945,loadshedding answer stop waiting miracle water fill kariba dam rain season come end businesses come standstill because bro
380870341599348,hope bally address next term office because u t flourishing economy loadsheding currently small businesses struggling survive opposition solutions shall give another term sort evil name loadsheding
987006009760428,love group e only problem don t follow timetable
957257449022006,please bring back 4 hour staggered pattern 8 hours thing unbearable y know how feels electricity people viewing comfortable 8 hours like honestly please comment 4 hour pattern perfect only down side inefficiency restoring zesco limited done
792132815807256,next time release schedule sunday evening make plans next dayzesco limited
914665813794231,government school used pass number last 70 father too angry until changed private school passed number 9 father very happy even bought chicken didn t know 9 class follow page
962024962124923,obey silavwe maliwanda good question now don t think doing something because just week loadsheding going wake curtail s going higher higher each month change
962024962124923,obey silavwe maliwanda good question think working loadsheding think re happy black while business suffer alot
962024962124923,zambia never develop continue having unemployed people how country sale electricity n consider itself slave loadsheding
962024962124923,obey silavwe maliwanda while valid question zesco limited stuck praying miracle water now s us business owners doing help ourselves
962024962124923,fuma apa how long going depend rains sure haven t learned rain won t always
1955060858245945,petrel whales zesco planners incompetent having same problem water levels every year failed find permanent solutions should stop relying hydro power much re other ways generating electricity even need rain
1955060858245945,petrel whales water levels s just selling electricity outside
1955060858245945,bwalya chungu true very true selling electricity other countries whilst barely electricity
987006009760428,meah chulu came back cut 06hrs
987006009760428,m sure won t like group coming week
987006009760428,faith choolwe maambo left work maybe
987006009760428,meah chulu sleeping dark three weeks straight
987006009760428,meah chulu must fault 03 schedule
1486010195630081,give us technical updates now just distributor s like re longer generation re always sounding awful s like entity took over now sets conditions abide zesco limited
3650597628601064,group e people charge please keep time tired apologies
441180861797808,problem guys don t follow timetables called 8hra loadsheding s even 8hrs ndola jacaranda area previous week power going 05hrs return 15 hrs sometimes 16rs should serious
953962346386219,criteria honestly speaking s tallying people s demands expectations how cutt off power during day bring midnight cutt off early morning before go through schedules please make sure things balance because now becoming incompetent work standards reporting johnlaiag chidundu area zesco limited
742161944668887,put schedule fail stick
326213627155585,prince delle mumba re clever statement above mentioned word approximately 8hrs don t complain goes slightly before beyond
962024962124923,obey silavwe maliwanda agree need lasting solution
962024962124923,bright mpofu sinkozi yes behaving like zesco well
962024962124923,obey silavwe maliwanda nothing enjoy most because t talking same thing years nation
1839651823183184,sure result water myself don t believe
343011835031898,9 hours bazesco communicate truth truth call professionalism leave lies politicians
736340325238619,sunday should load shedding god take rest sunday
3735760096660331,immature people whole company failing understand time how city stay without power 12 hours straight how business work like
1077796063324363,sequence rotation made known us planning purposes also kindly consider sunday rest day power recover previous week prepare next week important people ad transitions into next schedule quite unfair transition effective less stressful power whole day sunday move into next schedule monday saturday
415671438096711,other genuine ideas stop loadshedding t tap water other sources eg siavonga river
1077796063324363,marie michelle heviamoorima nanga ise free saturday suffer well
1077796063324363,marie michelle heviamoorima pama weekends just going fair power go
1077796063324363,zesco limited us mtendere s fair last last week power going 18 coming kuma 22hrs last 12 20hrs week 14 22hrs
1077796063324363,zesco limited loading schedule true group e power goes 06hrs back 15 30 16hrs 14hrs ve schedule
441824974988148,zesco limited nishi powering nation now going slogan cause having issue loashedding long time upto now nothing sorted going through kashi every year
7359122830872795,zesco would great release schedule friday every week people plan mondays well imagine waking power because schedule wait monday better guys
1353740031979829,showing only 3 cities someone educate please
1243604516887706,stop sneaking extra 45 mins set alarms 2 mins before don t forget restore power time thanks
1133189314375206,could better rotations rotating daily basis could better than weekly basis gives inconveniences too much
618831263798949,ninshi group d always power night because week week schedule afternoon kuseni kunalakwa chani
1165467941315198,issue follow own schedule s issue best following schedule help us thank
311057938684793,bally know loadsheding issue coz remember once against started happening pf anyway
1151384696188187,power 20 hours area since yesterday resolve issue please customer service reporting channels helpful zesco limited
7359122830872795,francesca f kabaso right morning around 5 trying check loadsheading schedule message zesco area due loadsheading today 10 min power went bath cold water
7359122830872795,sam micheal swear very useless honsetly how much sun light couldn t put something solor benefit us every afford solor instead put money into transformer should solar work s frustrating
1243604516887706,zesco limited s happening group e power supposed back 14
1243604516887706,chantel simmons power supposed back around 14 s now 16 still waiting power
1243604516887706,zesco limited iwe cj iwe same way take power 06hrs time restore back exact 14hrs time yesterday power went 06hrs came back 17hrs iwe cj iwe
618831263798949,week make month straight without power night
311057938684793,mirriam chilwashi opposition possible solutions now implement
311057938684793,mirriam chilwashi power went giving speech arrival same zesco apologized like s apologize shouldn t know how feels though
784279843648678,own memory problem since 2015 9 whole years surely other way generate electricity other than kariba dam failing zambians must geniune repentance
455966740271427,publish schedules dont even follow power restored 17 00 morning cut 21 learned people belive making consultative decissions best intrest citizens acting like fools killing businesses mukwate order how much damage want cause
794388042755039,other parts lusaka experiencing load shedding yet s us experiencing 8hrs day
1097325081324274,13hrs 23hrs power pamodzi area ndola think 8hrs niyaboza
1220521216023322,yesterday power cut 13 00 only restored 22 00 barely 3 hours later 01 00 cut right now s 15 20 power restored create schedule stick don t punish people like
1406178173351497,lie 06 14 15 still power
402137349350108,elita sheleni 14 22 worst
1133189314375206,jane chiwila 16 hrs how think trevor means rotating eg today power goes 12 comes back 20hrs tomorrow goes 5hrs comes back 14
1133189314375206,alexis kabamba opinion madam 8 hrs weekly rotations better convenient us
1133189314375206,jane chiwila yes support narrative
389235414084415,mwelwa kapaso actual sense ars supposed power throughout
389235414084415,wisdom mulenga imagine feel offended using word keep coz solwezi s hell mwebantu
455966740271427,hello chanda catherine chisanga regret inconvenience caused outage experiencing may due fault kindly register complaint dialing 3600 follow prompts fp
455966740271427,zesco limited faults comes time restore power pakushimya takwaba ama faulty
1220521216023322,hi kalwila nyambing ching embuwe regret inconvenience please register complaint outage beyond load shedding schedule especially still off supply dialing 3600 call 322 speak agent use whatsapp number 260762626977 following prompts register fault follow ups cj
1220521216023322,zesco limited problem don t even stick schedules made kind nonsense now aii
311057938684793,mirriam chilwashi during time rains fairly well don t talk anger frustrations need country find other means power before october otherwise having week without power
311057938684793,christian chrishinah shamah saying truth koma rains nothing president unless say import power neighboring countries apo help way situation niyokosa
311057938684793,jason joshua u came frustration anger comment thought reminding how done blue app ever case need solar systems
311057938684793,jason joshua president blaming pf anything rains
311057938684793,priscilla banda faith funny
311057938684793,mambwe kalwila adrian s things okay even living umbrella ur busy rebelling against now president long re zambia president too bally till 2096
618831263798949,nhamo afiya chiwila happy guys having power during day coz really want use time sleep night
1406178173351497,hi mirriam mwewa regret inconvenience caused please note cases may installations feeders switched off early delayed restoration may arise given time however mean schedule changed only due system constraints published schedules remain same regards cj
402137349350108,clara mutambo swear power everyday knock off work
1133189314375206,jane chiwila right especially baker s helps planing
1133189314375206,bc kaunda simplest narrative today power goes 14 comes back 22hrs tomorrow morning goes 6 comes 14 isn t 16hrs loadshedding
1134179511233052,s 21 39 group chingola still power s indicated 21hrs s suppose back person charge flipping switch probably
1170309507311276,didn t know 06 14 slot caught unawares morning thinking 10 18 oops
975812750560377,point don t even know group fall under
1136542194140590,schedule group e changed power cuts time goes beyond known hours load shedding s really inconveniencing
975721170795448,8 hours s over 10 hours people annoying
618831263798949,greetings nhamo afiya chiwila thank reaching us kindly note 3 schedules residentials 06 00 14 00 12 00 20 hrs 14 00 22 00hrs rotations done way last week group d going off 12 00 20 00hrs hence week schedule 14 00 22 00hrs next week 06 00 14 00hrs respectively kind regards pm
618831263798949,zesco limited week before load shedding went 22hrs group d how long endure schedule us dark past 3 weeks
618831263798949,zesco limited even staggered 4hrs schedule going off 18 00 22 00 complaining without tired infact tired
618831263798949,tired power night mweh
1180544229774643,hey nasinine nase thank contacting zesco apologise inconvenience caused kindly share meter number inbox assistance es
311057938684793,mirriam chilwashi talk always cheap s easy criticise others while haven t situation apa seen s easier said than done
311057938684793,jason joshua former callled names
311057938684793,zambia farm country talk cheap
1412640559380275,hello louise naudé thank reaching zesco kindly note power goes outside loadshedding hours could experiencing fault report dialing 3600 following prompts complaint registration assisted bz
1136542194140590,hi fredah chipeta thank reaching us kindly note schedule remains same reason early outage due constraints system apologize inconvenience caused pm
1136542194140590,zesco limited experiencing since last week think would best inform customers
2591175591054010,hi natalie natalie regret inconvenience caused please note cases may installations feeders switched off early delayed restoration may arise given time however mean schedule changed only due system constraints published schedules remain same regards cj
2591175591054010,zesco limited essence mean should trust schedule thing re consistent following own schedule change ll create predictable environment everyone plan accordingly fully understand situation necessitated load management being inefficient making whole situation unbearable everyone countrywide please put act together
1170309507311276,emma lubansa l better than rest
1180490613114188,good morning florence chikanji sincere apologies inconvenience caused kindly note due unplanned outages technical team doing everything possible serve better always register fault us experience loss supply beyond load management schedule use self service platforms such 3600 use zesco whatsapp number 260762626977 following prompts further note due current load constraints unable announce date load management expected end however once factors fully considered analyzed official date announced public seek always keep informed pm
1180490613114188,hello florence chikanji apologize inconvenience caused kindly note power goes outside loadshedding hours report dialing 3600 following prompts assisted mmm
618831263798949,zesco limited complete bullsh t re following stated time group d e only paper
618831263798949,zesco limited s extra 1 load shedding 15 hours power work catch affected extra hour
1134179511233052,hello nandu kalopa sincere apologies delayed restoration back supply fp
1134179511233052,zesco limited back supply came back exactly 22 15hrs
979475779753264,lusaka schedule lie don t specific time like yesterday power went 16 45 come today around 13 30 johnlaing
737064145299611,zesco limited please consider going back 4 hour split shifts also starting shedding schedules early morning hours 03 hrs suffer dark hours too hard people changing image zambia world
1359240402134655,zesco limited kindly sharing day before planning purposes system helping either check using ussd response load shedding scheduled area
752216810383734,timetable wrong don t power 10am isn t part loadshedding starting 10am story problem villa forever lights water nonsense
1800858807049840,zesco limited same efficiency cutting power should same time restore
7647602908640872,zesco limited think need change page zesco limited zesco lusaka say because seems only reply concerns raised people based lusaka leave others seen once comment page wrong ask should fail reply comments non lusaka residents learn consider everyone
451590690574355,least post schedule sundays don t wake surprises mondays too much ask
976300290676028,group e zesco suppose come time now 15 06 zesco yet suppose come 14 hours
311057938684793,mirriam chilwashi rains rains good criticise certain things bcoz still opposition going against problem zambians want accommodate almost anything comes just becoz told just utilise cdf monies import power businesses run most places cdf even utilised accordingly loadshedding whether rains just bringing poverty
311057938684793,mirriam chilwashi m also surprised mwandi think
311057938684793,mirriam chilwashi opposition used experience loadsheding now president always power residence 24 7
311057938684793,mõñíçá møsé lwândõ boss forget maintenance construction happening improve power generation country wide
311057938684793,mõñíçá møsé lwândõ during previous government power go 06 s06 sure now government tell power go 12 hours power leave people 10hours coming back 21hours necessary
311057938684793,michael romario mwala faith died long time saying highly criticized pf government now power should kept saying d
952904566836835,hello abdul haq good morning apologize inconvenience caused please note timetable hasn t changed affecting area system overload being addressed technical teams ground kindly advise still off supply regards cj
451590690574355,tilolele mwanza sundays too late need post friday
451590690574355,tilolele mwanza honestly frustrating inconveniencing having wait till actual day know schedule like
7647602908640872,hello melody banda daka thank reaching us please note value customers strive serve better kindly advise how may assist pm
7647602908640872,zesco limited honestly reach far quiet disappointing s good responded writing chipata eastern province d like know 1 zesco chipata failed avail chipata residents schedule following whenever asked say don t s inconveniencing just cut power unannounced 2 far concerned schedule needs change every week unfortunately areas like chipata motel places moth extension continued subjected power being cut 13 only restore power 23 10hours agreed upon 8hours 3 times understand subjected power being cut centrally lusaka abnormal load town question cut power same areas every now leave others benefit power supply very unfair power cut 09 23 logic please consider treat customers same
1339228173576001,zesco limited schedule group d making sense difference because past three weeks power coming night request also start giving us power afternoon
351375454585445,zesco limited update don t power since morning s now guys busy changing updates every week
1157102772410348,work getting bringing power mentioned times
2151152971916553,zesco problem don t follow schedule switched us off 06 power supposed back 14 hours only came back 20 hours how plan sure how work
390675337130657,solwezi doesn t schedule power goes around 02 back 17hrs aii
805818411407145,nyumba re group e re being load shedded 13 00 until now power check 3600 says 06 00 14 00 group e zesco limited
1494654464782369,s already 14hrs power group e kamwala south s point schedules don t follow
1339228173576001,good morning bernard c m chipampe thank reaching us kindly note 3 schedules residentials 06 00 14 00 12 00 20 hrs 14 00 22 00hrs rotations done way last week group d going off 12 00 20 00hrs hence week schedule 14 00 22 00hrs next week 06 00 14 00hrs respectively kind regards pm
1081332879606942,schedule being followed m tired complaining ll continue until start doing right thing
351375454585445,hello grace franks kindly register complaint still off supply may due fault dialing 3600 follow prompts sincerely apologize inconvenience caused fp
351375454585445,thank power back now problem houses power don t please look into sure s fault somewhere house houses don t
1157102772410348,hi thandi anna letwaba apologize inconvenience caused please note timetable changed reason extended load management area due system overload currently being addressed technical teams ground regards cj
1134579711021493,hello maggie jambila sincere apologies delayed restoration please note may occur due system overloads back supply fp
805818411407145,hi mwila regret inconvenience please register complaint outage beyond load shedding schedule especially still off supply dialing 3600 call 322 speak agent use whatsapp number 260762626977 following prompts register fault follow ups cj
848821520593006,zesco don t follow sechdule stipulated power gone before time upto now hasn t restored resolved question point having stipulated sechdule don t follow
406400082182640,kind schedules time people depend electricity jobs work problem schedules just made without thinking people just because people zesco salary don t think people rely hands income pay kutumpa uku
979632593794458,power went 09hrs group
862925762541040,zesco limited may please circulating schedule day before changes quite inconveniencing knowing new week s schedule possible make monthly advance thank please
3607333279517531,zambians shouldn t gullible statement zesco limited making water levels reducing thing need ask ourselves how able contain water level during summer time being load shedded 8hrs now during summer how many hours load shedding experience s need lot transparency accountability because know power being exported expense development stands right now businesses doing well most rely power supply therefore calling high authority look into matter
1140715227116433,zesco limited kindly update tje population doing alleviate problem loadshedding shouldn t encouraging development nonhydro power stations wrong coal powered plants shouldn t zesco limited involved developing massive solar power plants should telling everything sure
835011318684288,s like pipo just making time tables muma office finding permanent solution need plan b t go like please bring back 4 hours twice day schedule small businesses unable run effectively
1800858807049840,hi zindaba regret inconvenience caused please note cases may installations feeders switched off early delayed restoration may arise given time however mean schedule changed regards cj
1800858807049840,zesco limited power cut 4 came back 04 43 pm today avondale kindly give clearly explanation happened way today
406400082182640,chilengi derrick understand meaning word schedule
790989579596628,someone introduced eiz 60 years still depending water source power just admit tulifikopofye bonse different levels schools remembering
424667420210424,power went 01hrs chalala even now still power now 9 hrs schedule saying group even
2083979558653011,kabwe kindly share also itß important know such time power unlike happened today
1085244139231643,don t s kwatu ni 12hours businesses run please tell sepefic hours other areas
979632593794458,hi chimwemwe sam thank reaching us kindly dial 3600 go option 5 visit website access schedule further note schedule weekly rotational basis kind regards pm
1571689290350502,hi pelly mandah apologize inconvenience caused please note timetable changed reason extended load management area due system overload currently being addressed technical teams ground regards cj
1085244139231643,zesco limited yes power restored please let s try means stick proposed time thank advance
353891757674580,zesco limited how count hours power cut 06 now 16 still restored
461854086198653,information supposed published before even make changes give people time plan palya mwashimya bring new schedule
316263504611207,schedule cnt even follow really need competitor loadshedding over 8 hrs yet other places power throughout behaving people less zambians re jokers
291767720640696,t cutting power night during day u allow pipo work cos daylight loadshaidng making impossible people work how survive sure
3751531488424414,na zesco keep saying 8 hours goes beyond power supposed go 06 00 goes 05 comes back 15 00 instead 14 00 please consider time also
1082442872837798,s only lusaka 8 hours load shedding still working coz solwezi last 4 weeks using 11 12hrs schedule 8hrs schedule only applied first 2 weeks use different timetables zambia acceptable
467360265627956,john kasoma s whole lot last week power cuts 6 15 30 time keeping kosani
1079348606501008,8 hour naimwe s taking 10 hours power restored mporokoso
1109953940123493,morning zesco limited hope revised schedule change midweek hope rotate schedule real area changed mid week complained gave ussd 3600 please don t send number try hear resolve complaint
935348788601274,apa power gone around 14 49 group ai sure come kuma 02 mxxxm mumanikola weh
8185849108095006,plz provide loadshedding schedule least saturday sunday people prepared advance knowing starts monday seems really ridiculous problematic
364158906010911,updating information facebook weekly isn t feasible instead would effective hire skilled developer create notification system ensuring people promptly informed rather than having search updates
418618254232008,zesco limited adhering schedule s 14 37 power still hasn t restored schedule clearly indicates power should cut 6am 2pm
1450787622191278,patience kalipa ask page wise opposition
1082442872837798,jonas m chabu just 8hrs paper even lusaka 11 12 hrs
980538046288038,hello josephine k mwalwembe thank contacting us currently due prevailing weather patterns unable announce load management end however once factors fully considered analyzed official date announced public bz
980538046288038,zesco limited having same question thanks service hard work doing please let us know loadshading end soon possible
1139232760450889,s problem problem name george many letters reason mean joj just fine
1443662106542694,zesco limited t split well 8 hrs during day business other important things affected cut 6 hrs night during atleast 2 hrs
964210588218573,good morning consistently inconsistent group b solwezi power went off around 06 00 morning thought says 20 21 hours
938598631081785,time table doesn t work chelstone power went 2minutes 6am now power shame
750017720575912,area ndola 17 01 almost month now s really unfair thought s supposed change weekly
935348788601274,hi namwaka nana wasilota regret inconvenience caused please note cases may installations feeders switched off early delayed restoration may arise given time however mean schedule changed only due system constraints published schedules remain same regards cj
935348788601274,zesco limited elo good explaining apologizing mwandi
1185924779266258,people ridiculus sure enough didn t know schedule before already making effect sure none prepare advance
308336305627892,s power last week going 12 20 week 14 22 s time people most business schedule cut 4 12
1479913309593876,stop even decieving us 08hrs talking 06hrs 17hrs 08hrs please should stick time
952347706548231,failed adhere schedule imposed know s load shedding please stick schedule
970125784243676,zesco loadshedding confusing us toke power 9 till now don t power
1443124209655080,fails make sense meter number appears group e yet area group d explain disparity
975254380666765,dear zesco wanted confirm 8 hour schedule re chelstone seeing power 6am 5pm yesterday apparently re group e m starting think special extended schedule first time week alone ve experienced extended loadshedding people m just want know manage expectations thank kindly
975369947454687,hi ruth kay apologize inconvenience caused please note timetable changed reason extended load management area due system overload currently being addressed technical teams ground regards cj
308336305627892,jose ph would point load shedding during time people aren t using electricity
1479913309593876,hi enock mangowa good morning cases may installations feeders switched off early delayed restoration may arise given time however mean schedule changed only due system constraints published schedules remain same network may constrained times making impossible us stick times schedule regards cj
1479913309593876,zesco limited know saying s 8hrs said s 8hrs because us mushitala area yesterday went around 13hrs came back 24hrs s said like sir
821071209837952,problem don t plan smartly many water body zambia zesco s like just like money instead investing many energy strategies shame now puting life danger because reckless thinking
2981527101988605,ppl should fixed timetable every week mulecinja cinja stick timetable please
724159483123342,only towns
402459122649633,time being restored s well over 8hrs chalala rockfield
1147323056698749,schedule unknown now power cuts anyhow time table following
732690135708333,schedule followed ndola northrise kansenshi loadshedding always 13 hours 21 hours past 21hrs everyday t reschedule also want time table 05 hrs 13hours please
1628508394577742,how ndola ve craziest load shedding schedule kansenshi today rhyme reason
1265359951098590,how know group
453751753759877,even consider student like how study kind schedule zesco limited s student fours hours schedule nice sanafyeee
1172944700752848,lied s 6 14 6 15
1115855296300141,feels like s than 6 weeks how many weeks put
365520869192199,people remember how switch off forget switch cause how power go 05 00 come back 16 00
474913735043308,short zesco only lusaka other provinces how feel
1150733482615962,post schedules day before actual day
959519825385073,zesco failed honor schedule created yourselves truly let down how power go 13 30 coming back 23hrs
1073009573776254,zesco limited charge load shedding time without prior notice also don t bring power time unacceptable power went 06 hrs 5 2 30 haven t water since because pump water electricity toilets full fecal matter urine shall get sick now
801496608143150,hello holland owens jepoy sincere apologies delayed restoration back supply fp
1172944700752848,mello tachila regret inconvenience caused please note cases may installations feeders switched off early delayed restoration may arise given time however mean schedule changed only due system constraints published schedules remain same regards cj
970070727972858,understand how zesco big make schedule fail follow themselves just stop making
442822361760933,liers loose power 5 s restored 22 call normal areas lusaka power week want capitalize solwezi elo don t follow schedule time dealing tired nonsense think speak solwezi fear people lusaka copperbelt atah professional operations failed find someone eligible
824334343050817,us belong ziba zako schedule zesco created outside published schedule schedule rotate runs 11 hours daily
785494693222158,ninshi ku solwezi use electricity put hours muleti nokuti kwati fyamano already power supply even without load shedding pathetic yet country collect enough revenue northwest guys jokers
1127582905216953,zesco limited anything being done improve situation already just arrived only solution nga abakwata population iyikulu how manage takwaba ukuyako mwasambililako pantu takwaba
7499396103448309,chichi carter go day loadshedding trap
1358972131485358,apart changing rotating schedules doing end loadsheeding pour water kariba dam fill hope know
1140333603671525,t just share provinces help us
1284761466245257,group c power went 6
442822361760933,unite speak voice behave
1356239715051294,good morning shaque shaluvuna system dictates otherwise technical teams may other options put measures preserve network collapsing entails effecting emergency load management switching off early delayed restoration switching late inevitable wellbeing grid however dedicated engineers working round clock ameliorate situation regret inconvenience caused regards cj
2202872113378368,how approximately 8 hours power goes 5 comes back 14
1080618649704670,load shedding only solution find best qualified engineers technicians went plan load shedding time table zesco ka ntemba
235303116308348,just training us leave grid otherwise soon become self sufficient start loosing clients
441254438285010,even follow timetable coz kuno don t belong group apo kaya
732427319045882,solwezi people made enough noise zoona suffering 15 hours day power hope zesco follow schedule
452943217182057,06 16 libala south right already frustrated work being professional
1669206313485845,zesco limited least power should going morning night m buy electricity bulbs che
785876140160178,ehe 12 22 hrs follow time table ai
1379539882755762,should posting advance t waking power without warning
1174378643935570,power supposed go 6 group e while dreamland zesco takes advantage us cuts power kuma 3 nichani sure
1138801970873531,zesco limited find survey want heavily campaign specific time table especially night people sleeping 02hours 10hours
451014530602483,zesco limited 10hrs 8hrs hell come think
1439060506976290,please remember end 2026 start laying off workers work zesco now time settle ensure whatever salary get put good use ukwali insoke takwafwile umuntu necisosa naco cipa amano forewarned forearmed uli achuulu uukwiila
