comment_id,processed_text
1547993305840267,don t play us just restore power uko
1912761259204872,give us update today its1st october ifyo
455708920855129,instead power ve supplying lies
1023281382878588,today 1st okutoba please ll friends stick u said bakaluku luku imwe
8681389835237254,imwe ba zesco limited muliso ai
513134628239402,ba zesco tell us another lie because today 1 october
895802559169859,ba zesco limited just give us power ivo
1591127564804080,ndemonapofye solar inganda nefi ifima pole tumona ngatuleya ku solwezi someone explain means please
866372702125480,said imwee last time said pa 1 october nishi stop fooling us m shenu
1628658844662216,angela baker exactly waiting
1628658844662216,tri cia phiri bunch crooks
384445361400659,t buy solar mweimwe add grid citizens lot problems mailiti should issue plus tiziba imwe uko mufola bwino vima salary monga pension yama civil servants 4
1035849027994152,maybe meant next year 1st october zesco limited
1879945789176597,t understand anything apa
8388516171255825,today 1st october think forgotten promised aini
1523376245205969,t see 123 complex maybe electric engineers see 123 otherwise ine only 375 123
1721243698715220,ba zesco today 1 october fyabupuba dot post things wch u sure
1568167390452068,nipa wanu lelo pulizi
917793930254235,zesco stop playing games us need power umungulu mungulu fye stop playing games us today s 1st october
3804098406537834,ba swine lied today electricity back normal kanshi ni abnormal yabufi
509975758482056,people don t money buy solar system many poor today 1 october said power stabilize
500176419600800,izo nkani zamukachaso imwe lelo nipa 1 weh
1269660250728104,lelo mukwai tepalichili chitatu nipa 1 mukwai nga ifi ifyama metering ninshi muletweba ukuti amaiti yalakonkanyapo ukuya
1716024345824604,forgotten 1st october power supply stability may walk talk please
513652114864664,how areas having power whole day area only 2 hours s really happening elo today first advise buy relish tired eating eggs kapenta ine
847279377585164,need ka feed back today 1st october
418604890897874,s 1st october imwe mbuzi za bantu s now 2 days shame
521413643944406,ba zesco limited today 1st october want know power rationing schedule noti ifi muletulanga only interested seeing schedule table chapwafye
515597774510137,happy 1st october ba zesco 1 october
555859273554605,net metering business should giving citizens cash supply power zesco noti ifyama credit units
382025698309470,get serious 1st october net metering
1716024345824604,mulilo m edson ok think honour care
1716024345824604,joshua mayuya ours remind according word
1547993305840267,joyce nkhoma kkk things
554598666988182,today first october yesterday didn t power only restore today hour cut promised stability power mean minister lied us too much don t play us
955135689986216,please give us feedback today october 1st tells maamba station fully active how many hours loadsheeding reduced zesco limited
546688957835092,energy bill offset off grid supplying zesco pay supply like also pay
1571738356757226,need new schedule ba zesco kindly update us plan october
416807327778717,t start telling us net metering today nipa 1 expect fulfill words otherwise tachawame mwatubelesha sana bamumbwe
510634638569008,oky m sure those could afford solar heard those us don t solar s update since lelo nipa 1st october
405758108990762,case calendars working properly today first october 2024 don t want hear stories stabilization power ba zesco ltd because yesterday didn t power
456336917448513,tepa october lelo ba zesco limited expect positive results promised
523722040251973,s 1st october waiting rationing schedule promise
8617337251665022,zesco limited please suffered phi four days power coming low voltage water pumps cannot pump water fridges cannot get cold ve brought complaints nothing please help us get sick ve completely run water twafweni nangufye 1hr pumps just pump complaint number 30178863 nearest landmark phi mall
418604890897874,mark mwandila pray come pa zesco page sin ndipo ve suffered
418604890897874,mark mwandila imwe lol
418604890897874,precious chanda nabaya sana abantu aba into 3 days power nerve post bs
418604890897874,mark mwandila bama mbala niba boza ati 1st october 2024
418604890897874,jay praise nkhata mwenzo chetekela nochetekela apa bachinja na goalpost
418604890897874,mark mwandila iwe nkumba just report didn t hear zesco announcements
847279377585164,zambian stories exactly doesn t make sense
847279377585164,zambian stories t give us anything company lungu could sold china
847279377585164,mweene omedy keny just keep quiet sometimes
847279377585164,former zambian right voice keep quiet
847279377585164,zambian stories kaili said own mouth
847279377585164,mweene omedy keny aba beve remove even chi gown u showing ur ignorant
847279377585164,mweene omedy keny know tonga let s politicize even something affect lot zambia just because certain ethnic group
847279377585164,gloriouse nuttip political comment talk tribe must foolish
847279377585164,mweene omedy keny long u talk other politicians say something didn t happen s politics dear expected normal person just say whats group father busy having sex wife ati because s father t talk camon most us rulling party being affected
847279377585164,gloriouse nuttip most dull person seeing read understand told u ruling party check yourself should keep quite affected loadshedding even read comment ego mislead take poverty frustration side
382025698309470,lilmah kayz imagine sure
382025698309470,phoebe nachandeh guys taking things serious
382025698309470,lilmah kayz see serious well let please
382025698309470,phoebe nachandeh exactly too peaceful tolerant otherwise enough stories
513652114864664,natasha mwaba imagine elo ngombe friday ve power
513652114864664,natasha mwaba kids learned eat nemilembwe apa
513652114864664,same us neighbor power ise only came around 2030 22 went still neighbor awe
513652114864664,natasha mwaba ng andwe kapotwe fate
513652114864664,natasha mwaba well
513652114864664,jolie dai kaps somehow knew s strategy ll use
513652114864664,sharon mupeta fair
513652114864664,natasha mwaba way tired eating eggs kapenta soya chunks awe ba zesco make sin
513652114864664,natasha mwaba last 2 hrs daily ise ni 3 days comes s only 30 minutes ndipo bativutisa bana ba nfwiti aba
521413643944406,kakunta maggie chibale right imagine don t know exactly power going coming back time table iyamano switch off power apobalefyaila kwangala uku kabwe luangwa ericka street power goes same schedule morning elo business
521413643944406,kakunta maggie chibale points
521413643944406,hildah regina s mwamba chisala bakonkolokefye other wise people rise
1879945789176597,ťĥë ĝřeàţ mŵå pė stress absolutely nothing understand even wrote post understand
418604890897874,bev fairplay justice nkhumba niwebo idiot
895080369249123,zesco limited area power t remember last power restored other areas power 3 4 hours daily basis
1711668552902047,m sure now ve already drafted next excuse ll stable supply t trusted
1694491787993458,lelo nipa 1 honestly tired hope u stick promises ba zesco otherwise suffered like hell giving us 3 hours electricity nayo 01 04
506443998939798,lelo nipa 1 power even yesterday dint rationing yanu ilibwa olo ni story usual
552697647224346,give us power kamwala south yesterday 04 sure
372554349145393,solar waste next 25 35 years how true solar waste 300 times toxic per energy consumed nuclear energy measures would taken waste management solar equipment prevent environmental impact disaster solar panels catch fire net metering done other alternatives too like bio energy something much talked energy soruce s electricity generation gas production fuel liquid manure fertilizer production cheaper solar bio energy long run efficient ratio toxicity between two
901235591912417,m rich yesterday donated iphone smart watch wallet homeless guy t imagine happiness felt saw putting knife back pocket kindness everything
416841741112021,thank zesco limited also reminding today 1st october hope tusange amaliti lelo pantu last seen sunday
2159092774486716,pushing excess power into national grid s lot power just physics even using infrastructure required connection worth kindly explain
505103499003493,waiting power share later nipa 1 lelo
847279377585164,gloriouse nuttip seems love sex
847279377585164,mweene omedy keny expect update today promised zesco md imwe busy talking lungu lungu president 7 years yet didn t sale enjoy embarrassing yourself public
847279377585164,former zambian lucky understand wondering should embarrassed
554598666988182,current affairs re liers
1694491787993458,sammy rose chanda ala mwandi
1711668552902047,jeff chomwa chindele t trusted
552697647224346,lulu nkowani nguni same na kamwala near prison power
552697647224346,cynthia muloto imagine upto now awe suffered
552697647224346,lulu nkowani nguni s too much two lines mu yard kwinangu power group c awe sure
552697647224346,cynthia muloto s unfair weh
416841741112021,chanda victoria mulundu s reduced loadshedding end
416841741112021,chansa joe kapema yes haven t sunday 01 meaning almost two days now
416841741112021,chanda victoria mulundu sounds like fault loadshedding similar experience until l reported fault know loadshedding comes lot faults system report
416841741112021,chansa joe kapema s just loadshedding coz off us even made phone calls customer care line ve confirmed themselves
416841741112021,emmanuel musonda well won t say much logically sounds like fault l hear
1034750305328057,ba zesco s 1st october now time exactly still power
540973198303459,lelo nipa 1 atibwanji tuja tunthu
547690607655414,people complain comments like someone normal zesco limited see complains person runs page simple kawayawaya human call zesco even won t also anything don t complain just giving page comment traffic
8966443923383710,zesco luangwa ericka street power goes morning everyday business choose switch off power business place gives power three streets luangwa least should given us power also business place morning than night suffering family feed please please please look into
1532390074051752,dear zesco limited understand crisis together also keep word today first october hopes s update
1249250492878220,give us solars kaili
1752883328798712,yabwelako lelo coz promised us month reduce hours how far project try update nation know epo tuleendela
1201200271113616,heard power supply stabilising beginning today how progress far
1043763430412037,today s 1st october s aii
1968490243632701,lelo pa 1st october power came 03 30 yayenda 05 30 almost 2 days power supply area ndiye stable power supply iyi
1201200271113616,hurst mwale progress
540973198303459,lamecky lj melchizedek tuja tuja tunthu mwanipanga
540973198303459,lamecky lj melchizedek zoona boss ask behalf us don t power 3 days now
540973198303459,lamecky lj melchizedek u don t listen
540973198303459,lamecky lj melchizedek m immediately using ka statement recover back tumakongoles
1249250492878220,milambo milimo early morning
1043763430412037,boniface lwiindi imagine wasn t agreement naba mudala
1968490243632701,chabwela mwanza same
1547545499239088,imwe si 1st october lelo don t power since sunday
548644267823048,s stable power
1448794839128330,electricity only comes kuma 23 goes 04 wat u failing even give us electricity sundays wen home allow other companies supply power u enough energy source
1567925287179979,rubbish telling writing even zambian citizen get paid better keep guys brought harm country than good
2006828819763061,thought pa october 1 load shedding hours reduce everything lie mu new dawn
7977232225716698,good morning zesco limitedd last week mentioned reduction load management question how many hours since today 1st october 2024 looking forward statement line same kindly update
532172419460803,lelo nipa tell us now give us amalaiti don t start telling us ivo vama net metering lelo just fulfill promise
8410970128987163,zesco say 1st 31st because power already came went under 2hours
8755673427817629,ba zesco babufi areas only experiencing 12 hours loadshedding while area fima 21 hours fair
1567403450514218,s 1st october today time should expecting power come
8966443923383710,zambia repost potential scammer
1547545499239088,maiwase lungu imagine sure since sunday nothing
905418728156204,lelo ni pa 1 october still don t power explaining things yourself don t understand
2403852459810762,lelo nipa power already gone
3835705476756731,just tell us want hear honor promise s much anxiety cannot carry like
1342913303784146,pay cash cause need service
8556098244482014,imwe bafikala stable power supply promised sipa 1 october lelo
1776645833112512,ka update bane lelo nipa wenu
517690330984872,1 nyumba yanga 2 ma solar panels yanga 3 inverter yanga 4 ma lithium batteries yanga 5 definitely nimalaiti yanga m against net metering s brilliant idea could better attractive consumers join band wagon given money equivalent excess power supply into national grid unlike sending units likely use because loadshedding
894189272588192,installed 5 5kv load 2kv need apply net metering form please monze
8363272740435473,even people trust zesco country
445818668015541,today s 1 october waiting ilishani zohona
8363272740435473,gravea mofya iwe naiwe
1810080229730690,lied us just like ex s used lie us
1040374210748815,zesco limited 1st october 2024 sunu lelo nomba now need see promised
1985322245319642,avoid reconnecting power 02 disturb sleeping schedules elo lilayi power 1 hour still waiting 2 hours left zesco limited
517308877910726,net metering iyo won t pay bills just restore power chalala already over 36hrs
3415997808707920,thought signed memorandum power going october ba zesco how come yesterday afternoon 12hrs now s power area twaingila mu october without power zoona awe lesa amipale na boss wenu hakaivotela heka
1583425558912770,just go live addressing us insult properly nochi ifi
8500947319944440,just restore power minister assured nation saying s problem iwe admin
3818434161746095,lelo nipa 1 october still don t power since sunday misula shenu
1258711135126376,1st october yafika ba zesco incase calendar lost
894707085907298,imwe lelo nipa 1 tell us wat going hear efyo
894707085907298,moise sichilima just forget boi nimbushi last futi
8500947319944440,zambia repost iwe stop tagging rubbish
1040374210748815,daphne shishengula sweetie kumayadi ku woodlands ma lighti ba zesco limited woodlands power since sunday
925009902989799,net metering lectures come later lelo nipa october muchitika bwanji nkani yamalaiti
450975834030417,kanshi don t even give money awe mwe
459654403759915,lelo nipa 1st october just remind
7788987291207932,pa wanu lelo only 1 hour power iye
1153742569052184,expecting things stabilize effective today chili bwanji
1077714713966584,today 1st october update us new load shading respectively
3677510509226540,quote power set stabilise 30th september mamba collieries begins fully functional end quote
1231244388148338,maamba back online how s interconnector ku mozambique na namibia
989869996242943,guys believed people balelolela fye mfula
1243843656799398,apa zesco decided come 01 24am life waiting like females waiting men come home awe mwe
1231244388148338,bashi kabunda mingalato bamudala zambia forward imwe
925009902989799,alex chama bachilamo kuti shinka butter manje ba zesco mwe need real solutions just stories time
1946474972532971,every day power comes s like child playing switch off too much
465755943090502,today 1st october true words once chabe fi zesco limited
514597724685937,energy bills would offset self sustained solar power
543743174876584,want power stability zeo
505147292410440,kwena mula sebanya ubuteko apa even power used 22 01 walah
450507421367067,zesco limited happening power nyumba yanga today 1st thought situation change today
2687376171423275,s 1st october today
1635812790689193,kindly advice start buying tu nyama coz nipa first lelo tata
443843871493347,today 1st october anxiously waiting oooh
541796478261332,instead schedule mutiuza va net metering
443843871493347,jabwe jacklyn siakalonga yes sis
450507421367067,chiteta machile imagine
450507421367067,tony muzo awe s too much
450507421367067,chiteta machile very much bro
1635812790689193,eunice stephens phiri tabesha mummy
774361318090707,waiting change minister said himself lelo nipa 1 october 2024
1865856943823296,u provide equipment ayi
3448759512094857,isn t loadshedding supposed thing past month don t need solar
880352367363656,buying us inverters
875070617634533,today first oktober please give us update ba powering nation
556551486764073,today is1 st oct
405020849302903,power cut came 3hrs only mwimweneshamo ba minister imwe fi kembo restore shaaaaa
1002841158277667,lelo nipa wanu okutoba bwanji ma gesi
1039765907939177,u pay cash money excess power
991407806072715,give us panels kaili
405020849302903,gusha lawrence kasongo us just 1 hour
405020849302903,ba zesco limited nibopusa maningi
405020849302903,gusha lawrence kasongo god wil reward
405020849302903,gusha lawrence kasongo yaba
8713786182007378,lelo nipa wanu kuno power cut kuma 05 lesa akaya myocha pa zesco kubufi elo carry fire extinguisher pantu going hell
522640114029936,nipa wanu lelo don t forget
442605075003774,zesco limitedso guys zesco limited don t see anything wrong yo picture engineers kanshi kindly go through see s wrong
3798400183763567,alow ba zesco just ka reminder nipa 1 lelo
3988612268023542,1st october power since yesterday 11 hours ba zesiko mwema samba mbata
779141997582861,please noti ifi give us schedule today 1st october
847777384145634,ck mable s power 48 hours now today 1 october
1182241866192013,explain step 2 3 excess energy how feed into greed
4080830578803466,stability promised
539697025131841,today first october post schedule
8713786182007378,ato twe may ment wanu october 2025
8713786182007378,musonda chipampata swear
8604366572989515,waiting weeks schedule
1221012179175891,m people expect power normalize today thank advance
1477914929584817,ba zesco ni pa lelo please tell us know buy amalaiti mwe
1270080634361914,lelo nipa 1 october ba zesco noti ifyo mulelenda
2620993884749517,first october 2024 give us update need
8267421929961933,lelo nipa ma laiti yayenda zero fo
1494724321182321,ba zesco nobody cares net metering let s address important issues please today first october
524354203575480,approach october darkness
1609197929976842,awe bane stop ichibeleshi lelo nipa wanu
1040263964437101,don t pretend lelo nipa viyasheni vima laiti
524354203575480,mìldrëd pęźò imagine elo whole day yesterday never power
524354203575480,mildred ching umba metisala exactly sake
1477914929584817,theresa lombe bombeki daughter leka ifwoyo iwe
892420218950260,lelo nipa first october
1561655581093868,lelo nipa 1st october
2281702645561700,ise power 04 00 05 32 today wondering meant october yamu 2025
544026224972081,lelo nipa wanu tayakile na lelo
461079726246812,zesco limited power transmitted into grid area being loadshed
3350829441893428,imwe inform us repairs maamba coal doing 15 days naipwa muli ndwi
931374732181605,va zee today 1st usual power came 03 05 power went usual
554645493697970,bachishitishefye ku machinese nangu ba mwenye
418526810978140,pa wanu lelo received great shock life power only blinked
536054232162266,zesco limited don t power libala since sunday till today awe mwandi
1674580923397339,s 1st october promised
1050761583155246,good morning ba zesco happy 1st october zesco limited
2625406304287358,today 1st october
8088184044640951,iwe lelo nipa 1 october
448299428257849,post apology today month please
503148379258598,nanga behavior iyo ba zesco limited lelo nipa chani kanshi stop boza walk talk
1513088685989791,imwe bafikile nipa 1 ifyo mwayamba
1008296467716297,hope know s 1st october
931374732181605,melz melz least guys us went yesterday 05 until now show
931374732181605,nansi miti awe sure
931374732181605,melz melz kikikikik melz
448299428257849,chisebuka oliver only power 30 minutes
448299428257849,penelope kamungwa never trust guys
846282780909704,ba zesco ask mean 1st october 2024 1st october 2025
1588010745485401,checking calender ba zesco today 1st october
516120604508207,doesn t energy bills
1371224124283415,teli lelo nipa 1 nge iyo behavior
2378563272492038,how sign
1057941779045556,just pay us cash need power credits anymore
516029631205793,bane bwesheni ama schedule twishibe inshita amalaiti yalebwela lelo
882136727197131,nilelo pa 1 october ifyo ifya net metering
973737307890749,uhmmmm ba zesco limited sure nipa 1 lelo ili bwanji sichu
526037213706414,ifyo labeniko first lelo ni pa 1
516120604508207,nabusuma zulu t see logic arrangement giving excess power grid obviously don t need energy zesco
516120604508207,chansa chishala kakoma maybe past bills doesn t make sense because prepaid honestly don t get information lacking lot mweh smh
516029631205793,mwango david zulu net metering should story another day lelo nipa 1
526037213706414,shamba kanguya ayi balefwaya ukutuchita distract
2378563272492038,hello tione kindly note net metering applications should done line see guide below click application link net metering management system zesco co zm create new application following items handy o must existing customer o must service meter number o attach copy nrc passport o attach certificate incorporation applying business o tpin o rented property tenancy agreement landmark gps coordinates property wish connect ensure installer fully certified ensure none refundable administrative fee k1 738 00 service categories paid zesco account provided left pane proof payment required uploaded during application process thank contacting zesco regards fc
517656467553542,lelo nipa 1 wee
534213329304365,o1 10 2024 eclipse ya angoni waiting
1040670324511272,people normal head toe coz
1220659632309494,zesco chimo fye na
1065276868545722,tracy lwando think need remind guys kuti lelo nipa 1 ka
2248608598832483,promised 1st octomber
3783186418590911,ba zesco mean chilenje south never power same area side road power other nothing many days please please please annoying
1663660647510775,ati 123 kwati tupuba
557991783348504,todays s first
1869499667315649,1st october dont forget
904043811583053,let s talk stability first
844438917810234,today 1st october story
1048360353168082,1st october ifi
510100265225826,pa 1 nipa 1 ba ze ka hint atishani
2216626628706016,ka promise kalya ati shani ni pa wanu lelo
543388588052603,koma nikuti doba uku manje
910394347810206,manje bamene imwe bought ma sola ya net metering lead example telling us koma naimwe vimikanga net miter u
8382745345142486,ati pa wanu nyoko nyoko misula shenu
1227401631787100,zesco limited starting today ka loadsheding should end
1065276868545722,nonde sinkala michili tikali mu september
514317037868664,today october 1st zesco limited s story s over 24hrs zanimuone filter lane without power atishani
499261102909445,1st october today haven t forgotten
1048814180244579,thought october won t arrive ka october give us schedule boss
896520882399751,fake promise obama 2days malaiti
1609116960021869,promised us today pa 1 give us power kaili hakainde hichilemaa said pa 1 things better still power areas feedback communication sir please depending little little electricity qualified still being left us just being sidelined please ba hh suffering n saloons t work selling ice blocks same go streets being chased council people connections phones telling us shouldn t tiktok facebook should like zombies now only rich n well happy youth alila please
409833535482657,s 1st october zesco limited
442265938341101,forgotten today first october just update us net metering every afford put solar
3073901196085728,1st october lelo give us update need vama metering uko
520241480737069,nipa 1 lelo noti atishani
1227401631787100,kinyala petros thats impossible boi
1227401631787100,mutale mark chakonta surprised people actually believed
1227401631787100,sharon mupeta people misinterpreted statement think meant stabilize power coming time specified rationing schedule
1227401631787100,mutale mark chakonta even happen just talk usual pa zed sadly
967128108506107,s october s power vama net metering apa
1873621619794130,ba ze nipa 1 okotomber lelo
1071911881603793,just reminder date today ba zesco
877511147806307,imwe ba zesco mwlilenga batutafya mu nga nda umulandu wamalaite causes tapali abengesa ku saluni ku ma 22 05 hours
1192961215096622,today s 1st october
888351559872858,mention year yes s first october didn t mention year first october ba sir politicain friend
548100504477085,power just came 20mins cut te pa 1 lelo
2263675380677956,va zee vo zizila
837714051859880,somebody please hack page
1188692592189237,convert into cash many us subscribe short need extra units barely power basically off grid make attractive
520241480737069,musa banda iwe ati shani ile runinga
520241480737069,joshua thabo mulele lol imei still running lol
409833535482657,ali ce re even top fan
842048671057065,guys jokers aiii today 1st october play 18million zambians really muntu ninsoni
1208188187127504,today 1 october issue net metering boss waiting hear news load shedding over
532525116031949,lelo nipa 1 october buti us ku off shantumbu tradition us dirty 48 hours thank much zesco limited ndimwe muliko
1069042698046603,feedback pls how many hours having power starting today
1221935542342664,1 october 1 october 1 october 1 october
902291978449122,1st october lelo ka new time table kaili
1103012624588457,now considering zesco part papa s zambia now end year papa lied say things better also zesco papa lied say pa 1 electricity stable
1056115379518486,today 1 still don t electricity
1316815805966276,1st october mukali ku kamba vama excess power fed grid nama solar
1526210814682432,ba zesiko area thieves stolen chitambo chamalaiti coz faki pulomisezi since friday haven t seen amalait elo today nipa wanu october wee tizachita bwanji apa loomba
1668102877083337,u keep giving power morning work charge phones please work power too
3690441941208138,si 1st october lelo kansi
442381161642601,lelo nipa 1 october don t power home problem learn speak truth
1233562421097987,happened things getting back normal pa 1st october pa sunday power 05 11 suffering weeks 2 3 hrs day even power pa monday decide give us power 1st october power gets restored 03 20 exactly 1 20hr cut rubbish
1265653284447473,breaking news zesco just said 1st october power situation stabilize didn t specify year zescosaysso
1276441433554820,good morning please advise yet going over 36hrs without power called call center yesterday evening told before midnight would power still nothing going checked friend makeni experiencing little load shedding please guys people desperately depend little power provide household fighting cancer husband diabetes m sure only family medical conditions please please fair power distribution
27616934051227122,still ku meeting aiii guys
8614055101985186,lelo ni pa 1st october ati didn t mention year 1st october know meant today work well dearest zesco
395302033621457,meant october next year ifya stability
1604015197209519,imwe bakembo nipa 1 lelo don t start tuma stories kwayamba ukukaba
1969815846775559,guyz needs fired bring people board open minded zealous find solutions people capable find solutions need avoid same situation next year
832086569082021,today 1st want see something nd proven wrong cos know s easier said than done beans
561852836192549,indeed tables turn key life lesson drawn situation anyway even saying today 1 october expect 3 hrs load shading articulated minister last month
813050617570452,congrat loadshedind completing finish yesterday afternoon even now still power children isreal could said god saved us
412250048574132,today 1st october yaya kuno director sir smeared us butter
1073389894142647,president lies how guys expect lie
2827202157439681,just reduce load shedding
3042702465872753,kuno ku mansa noticed kuti s october let s hope maintain stability
1261000141932510,address critical questions ba zesco limited 1 infrastructure upgrades need accomplish bidirectional supply 2 special meters required implementation 2 yes procurement manufacturing same started 2 b expect market 2 c price
1073389894142647,mwewa gift know freedom don t closs line
1073389894142647,mrgarry zambia get
412250048574132,silvia flaviour kanyanta ifwe takuli
412250048574132,mwamba konsolo njelesani honest aba bantu
2827202157439681,king sido last dictator iwe just sign
524506786963375,uhmmmm net metering futi let s talk promise first october
1076544780741227,goodmorning today first
523683313778542,ba zesco limited lelo ni pa 1st october time expected stable power
1594442388149478,emukwai banjeleleko typical bemba tone bushe kanshi excess power fed grid tekushitisha nangu ukukupela akanyapuku energy bills those credits settle generating own power olo s settle other people give cash
731207595845957,iwe admini how come post stuff know expectations power also wise communicate anything until update
1083479376500628,today 1 october country still experiencing loadsheding
1042984403955740,october 2025 october 2024 clarification pliz diya zesco
8567251433357034,todays first please waiting electricity
1276937660351733,told director power stable starting 1st october two days now don t power
3872353856318219,mwila twangasha least normalized today kind nonsense telling us elo never
422348020498351,naka kuchita stabilise vintu kwalakwa cha sipa 1 lelo
850448113530235,want schedule noti
562976119490416,kikikikiki agony wen u waiting zesco restore power promised pa wanu educating us net metering needs human shock obsorber withstand mechanical stress strain
1585824725364023,positive results promised things looking don t ama panel fyaku mushi ifyoo
1269584484485241,lelo nipa wanu chilibwa problem muli naboza bonse uko ku side
876487240776944,post clearly indicate things yet stable date fix issue hand
1646550196207032,lelo ni pa 1st october tiyeni tulande pali promise iyi story mukamba mweka
1674547056660858,libala south hasn t power since sunday imwe ba mbuli
509688665139568,kapiri power 05hrs u stick same schedule expect see power 21hrs kindly update us
2573420396189664,better stop sending statement facebook coz interested such things us
1646550196207032,joseph kapambwe jnr ala kutiwapapa nabalaba nako
932445842026434,excess power fed into grid during loadshedding
571034538582324,lelo nipa 1 already 24hrs without power
2520746544780980,net metering futi na lelo nipa 1 think zesco limited must competitor mwee mwatikola papaka enough enough fake unfulfilled promises
2738688156304007,actually brilliant glad zesco finally caught system s how most european countries those laughing needs exposure proper education
1120646499625992,tell us going s first october per promise
8338747846207300,hold lelo ni pa 1st s story pantu useless things re quick update us
1201392767782115,ishi shena nimbwa awe mulibwa imwe mwefipuba imwe muletwangasha ati pa 1 october ninshi amaliti yaba stable instead posting ifyo abantu balefwaya ukumfwa start posting ati net metering company ful dogs tails kwati fipuba nga nicho chi managing director chenu last week chilekwata nama seminar kwati fyamano chilechita chileslan ga noku slan ga nechisungu chaku swatila rabid dogs
512424555043487,r interested pliz give us schedule s 1st october lelo
2545808025751656,ma bwana nanga pawa stability kuli imwe mean said pa 1st october malaiti lelo ndiye peyayenda elo fast
936268835214047,doing phase three annual maintenance ku mamba starting lelo
1167439817688661,lelo nipa 1 imwe ba kariba dam
2790708381106235,s first october today yet power only came like 30 minutes kabwata site service last night
1077288923765680,u said 1 october s happening still power since sunday
521654363945432,s new schedule
353641967739469,1st october net metering want hear right now
1256885915323255,saw post iwas very happy thinking s new schedule since promised 1 october interested
1781796899224303,imwe said pa 1 te tiyeni give us kaili
363593323497555,mean 1 october 2024 year
3776966142524873,lelo ni pa 1 manje bakamba chani futi
521765260803010,give us money cash units
3776966142524873,kanyuka benjamin iwe nipase ndalama zanga
457455043313164,still talking net metering pa 1st october
456754636736710,today 1st october don t power mulungushi university
1075077654215790,dumbest institution zambia right now want citizens give govt expensive solar power power entire power utility company failed provide people use brains nicely
8441020179344485,thought 1st october far
1051169236545872,ba zesco mulibafufi saana imwe today 1st how come power 1 hr 30 minutes
1748496755688371,bartar system kwena just start giving money encourage many
927068532778482,s 1st october today power only come hour group e
936973861600142,still waiting new schedule kindly update us
437924385477912,nothing follow today s 1st october bamakaka imwe
838013541725501,imwe tinvela ati october vichinja futi mwayamba ku poster ma solar ndiye chani mwanje
887207466696116,agreement ati bwanji should buy relish
499284339694859,give us updates power today s 1st october kutumpa uku
1045319783999017,want announcement ati power stopped going
901202714847821,ba zesco forget today first week october
1060427922191525,zesco limited people interested hear net metering power stability promised laboured explain today 1st october still black outs need consistent statements
1212320566709406,waiting press briefing katwishi maybe ni update lelo niseputemba 1nu
1943142506191343,told 01 october 2024 power come s normal function tell us minister energy meant otherwise uko kutwangasha
1044035077453110,tired stories irritate us kind post thought today s 1st october
428711543157509,1st october 1st october ivo vama 1 2 3 make sure promised ba zesco
1190504552175436,today 1 october give us reasonable updates
522437007099349,electricity chelstone extension 3 days now yet people group receiving
2955989011226579,s 1st october yaliko malaiti kwanu guys
551518730868936,nga ifi lelo nipa imwe
428268609869139,ba zesco asking power ku kamwala south drink cold water
531528582802053,don t need know net metering coz today load shedding thing past thank zesco limited
1789346824805825,just give us money excess power supply akaso imwe sure
433286195995598,power since yesterday elo nishi s 1st october kuti walila
424091323650696,ify lelo ni pa 1 october just misleading nation
932327372058526,net metering vaupuba just restore power atase
904776834841201,still september aini
1072248834287133,imwe lelo nipa wanu power
516808784438740,01 10 24 how come mindolo police camp kitwe power 24 7
1066248175115849,believed lies power coming 1st october zesco politicians both lying continued lying just avoid buying first month units see
2164323483968986,today 1 october still stability promised ck mable s village
558304969953346,net metering t never better leave everything kaili yandi solar free sunlight
2729295837245226,talking signing iwe us want power ivo
1253617688994665,honorable nipa first october lelo mwachita shani
583637210656528,alo ma workers ba bashi promise lelo nipa 1 weh
531724349507465,should come office calendars today 1
944683267676775,tell us something want hear noses
1573916223485199,don t want ma metering yanu ayo lelo nipa wanu ala
1483851318962910,1 october getting water make kariba dam full
504731289021709,today s 1st october maybe still sleeping
1246723476333540,zesco limited today 1 october power area since yesterday
504392969145135,today 1st october counting hours tag minister
1452000772140115,ba zesco said 1st october didn t specify year lol tekanyeni
403212272830364,lelo s october waiting rubbish
1048478440104816,s month now power coming midnight mitec solwezi aren t rotating also power during day
1453290252004950,awe lelo ni pa 1 just promised
9106502839378476,stability promised us knew
523673053604838,tali lelo nipa update want
1251003042919019,power 24 7 need sell extra grid
3907429466155481,nipa 1 lelo weh
847368884258959,u thought 1st october far
1214282973156766,zesco just apply cdf
1469553703616764,imwe na bashi promise same whatsapp group
2722259621287522,want hear feedback ba zesco limitedd today first october net meeting
1067016445144046,company ever reliable
3812597232319896,ar u telling pipo wat u don t solution u ar confused nation kumo nabakateka loadsheding mmm
1064695111311518,lelo nipa wanu okutoba shani ka thing promised
555968896785221,chilishani kanshi tepa wanu lelo
3786187644928676,yesterday 05hrs until now don t power
877475911019261,october ati bwanji ba zesco ka promise
519800004002125,need update calender today 1st october
379837271849114,give incompetent power service provider own risk don t stable power think happen offload power into grid just saying
1513984719324060,s 1 october s plan
538309055404165,waiting another lie cause today s 1 october emwe ba fika
2518494965028155,waiting stable power lelo nipa 1
564369692691968,icemeni needful
503200179151387,zambians don t forget nipa lelo just needful
1528680551089815,imwe give us time table come through pali ivo
859834229600014,definition toxic relationship
1503361923689260,thank net fimo fimo later now promised bene
1163113941452762,lol trading excess anyone better fye leave appliances
1069480061446724,power kuno s 3 days chipata maplot
8564364463676203,wiyu said pa 1st october loadshedding stabilize s worse power restored kuma midnight 01 gone 03 back 04 gone gone gone awe mwandi
1743981886415173,lelo nipa 1 october ba zesco
3825460564449235,people took seriously first october benzo sekako chabe
312523601952340,ati shani ka update today s 1st october
541130431730854,zesco talk too much people need action today first october
1246520773349267,zesco doesn t conscious once human being loses conscious finished
609610001875505,don t power two days now chili bwanji
557238280211906,patiently waiting kaili lelo nipa 1 october
422427644204786,maybe meant 1st october 2025
551414327397588,today 1 october lied te
898460641614147,ni pa 1october lelo want see change ivo
1616014412679372,bushe ukuba stable efinshi elo stability ikengila mufumu bwaka lesa
1281782283189242,shame posted coz don t feel people
1996734767427902,stop playing us naimwe lelo nipa1 october those tuma silly steps keep self nabambi nabambi
1231419171518161,ba zesco incse u ve forgotten lelo nipa tipaseni malaiti pulizi
502609179262350,day ll moment don t capacity
1595205558092251,zesco limited chipata overspil along chipata road lines separated those national housing side us left other side power doesn t come only see power other side us nothing
881221193942363,kabiyeni uko mweee tired people
1248234216619932,give us power nipa wanu lelo
2866434620199461,thank ba zesco slept electricity woke electricity even ironed boxer today use black label brush teeth
545311258019066,imwe teh pa 1 october lelo
562146562944498,zesco stop fooling us today 1st october
2163186534066582,bushe ni october yalelo nangula tuli nokulolela naimb
1491689211709555,today 1st useless post
842823977934327,mumatisobelesa bafikala zoona ai
1082611520097179,today marks exactly 2 weeks go press briefing
517019694618676,s 1 october loadshedding worse
8870257303008232,alo s already than 5 hours power today 1st october
509595481969680,s first week october power
1171229410649895,today 1st october just incase namulaba
1519424676126182,neighborhood power come around 01hours hoping bit stability now like promised shockingly 02 30hours ya pwimo
459736713082726,consumer already generating energy
1060003232145889,zesco limited how get system free installation
3817289971932417,zesco limited kindly tell us going today s 1 october remember said things get better ehhhhhh give us update please
1787411975126833,don t power since last month
520533447253136,tafikwete nchito ifyo just give us promised us stop provoking us
1508207213391561,lelo nipa ba zesco kwateni order ka update
1800675874007908,aaaah ok muli na courage imwe aii
550563374101318,s 1st today stop showing us sense get
8692384657478567,installed system would give excess power would even disconnect grid
886948149657384,just admit field
460121943730295,s 3 days now power area
2197084240647204,people being honest
1929059257593982,tulelola update nipa 1 october lelo
1066598031064027,lelo ni pa 1 ati bwanji nkana yamaliti promise promise kwatu power lelo ni day 3
412751625181361,today 1st october re waiting promise already seems only promise unfulfilled because tubukile amalaiti
417441801371727,ba zesco said pa 1 october loadsheding ata vaupuba
1079063196891487,1st october ka feedback bwangu bwangu
1045021707103658,400 magawattes gone truth zesco government willing giving power residential customers grown people understand motive hands pure capitalists hearts citizens m disappointed issue need press briefing people made clap without knowing clapping boma people mercy us us t afford those solars k34 000 anything 70 percent zambians cannot afford reasonable solars even those ma sun king solar people struggling buy
518066994189067,people need electricity day sleeping time make time table give us electricity 7 23 turn off s difficult sure how bring electricity around 24 people sleeping s crazy l president l would failed zesco minister too much
380111615196118,right circus act
1935125996964359,don t know needs hear isaiah 60 22 says time right lord make happen ecclesiastes 3 vs 11 says makes everything beautiful time encouragement today don t give god mindful also make prosper god knows re tired knows re frustrated pray wait trust timing won t let down please bless day follow glad followed could mean alot thank
862608649273728,still 3hours ai imwe simuna kambe ati effective october vizachinja vintu
1056556399810818,zesco limited also re share schedule shows area group honestly don t expect us memorize something didn t work maamba collieries back grid power imports being made would made sense least upto 6 hours power per day even 6 hours rationed 2 x 3 hours per day
1479688996132867,nothing changed s drama everytime
1462887677749584,least power 10 14hrs battery full first time many months lol
823574169989210,guys promised 17 hours load shedding september failed deliver thought would give even 6 hours power residential areas october failed short term plan zesco now wait rains let s just pray rains start early should last long should heavy
502478876083855,only power zambia power god other powers fake
1045021707103658,siven rowland bwembya iyeee ulupato ububi
1045021707103658,siven rowland bwembya totally agree punishing defenceless citizens while shacking rich kids afford solar other industries import make alternative power solutions
1045021707103658,andrew mwansa hahaha insulting
1045021707103658,andrew mwansa don t even know insult sir forgiven
1045021707103658,siven rowland bwembya upnd
1045021707103658,andrew mwansa even s insult support bro
1045021707103658,mendral chitongo arsenal aaah re stupid love
1045021707103658,mendral chitongo arsenal thats plan comment without ulupato said expect better government because government think those businesses depends electricity welders saloons fresh products car wash others
1045021707103658,andrew mwansa ok idiot
502478876083855,moses miracle snr
502478876083855,vasilis marosoulis things possible those believe even felt power god
502478876083855,moses miracle snr just look around u world ppl r suffering wars hunger drought innocent kids die hunger diseases many other reasons u see power let know good night wont continue conversation end thank
502478876083855,vasilis marosoulis problem only focus situations god done anyway may see god life
502478876083855,moses miracle snr whatever
380111615196118,ranting guy forgot say classic
380111615196118,ranting guy people should resign moral grounds
380111615196118,ranting guy s lies lies sometimes s better keep quiet than busy make false hopes
823574169989210,john mapoma jr even rains heavily zesco limited still make excuses supplying just wait see
823574169989210,kethan b course sell everything rains heavy year great sell
823574169989210,katerina altop true selling other countries seems like alot people sayong same really words express disappointment
823574169989210,john mapoma jr whole senior management must resign failed institution
862608649273728,maclean sandra phiri ask
862608649273728,maclean sandra phiri good question
862608649273728,maclean sandra phiri didn t say year zesco kuwayawaya fye
862608649273728,maclean sandra phiri ndiye change yamene iyi
862608649273728,maclean sandra phiri meant sm us see power frm 03hrs 00 00
862608649273728,maclean sandra phiri question too give wrong information
1462887677749584,activist hon munsanje bally fixing badaala
1462887677749584,activist hon munsanje kkkkkk
1462887677749584,matimba kanenga iwe waala fifite kwangu number suntwe yebo
1056556399810818,o neil mweemba hospitality redefined nation need improve daunted same problem decades still unable come tangle solutions sustainable s clear s lack consideration zesco leadership
1056556399810818,adrian mutentha true need robust leadership abilities crisis
1056556399810818,bilha wairimu great opportunity look
1056556399810818,bilha wairimu prompted madam
1056556399810818,o neil mweemba hospitality redefined exactly expecting announced stability
1056556399810818,o neil mweemba hospitality redefined dial 3600 show group area
1479688996132867,jackson kay kalonda imagine
1479688996132867,jackson kay kalonda exactly
518066994189067,mu zo exactly give power ridiculous hours because know people asleep using s like mocking people giving something cannot use
518066994189067,wont see heaven
518066994189067,mu zo right think president failed s point giving power people sleeping group e most abused group meaning salons barbershops other small businesses fall group e doing business midnight kuti walila mwe
518066994189067,mu zo part hired represent
518066994189067,mu zo also use say
518066994189067,don t even know people passed school coz t bring power around 24 hrs people sleep power staying within 2 hrs
518066994189067,imagine timetable s showing 24 power coming around 01 30 02 30
518066994189067,government scam say 3 s 2 same same naba impiya sha balanda
1045021707103658,siven rowland bwembya minister even laughing asking us clap kwati fya mano
1045021707103658,susan j stephens thanks never pre school think malfunction keyboard
1045021707103658,jack jones chandalala because even before bragging 400megawatts having tuma 3hrs lights moment additional 400megawatts could having least ma 6hrs power ifii additional same results yaba
1045021707103658,think invest solar system
1045021707103658,susan j stephens s folks
1045021707103658,siven rowland bwembya s true
1045021707103658,fred hangandu thank sir thats thought too
1045021707103658,becky mukako talk becky let share views
1045021707103658,feli lex how just speaking truth wake
1935125996964359,jay christian official how long u calling dead man isaiah
1935125996964359,micah m mbewe awe mwandi ask mwa
1935125996964359,don t brig god pipo needs plan just say yah yah
1177718989955439,24 00 03 00 s using practice witchcraft
1080839880079636,simple plea republican president excellency should immediate effect dissolve zesco management board fire individuals without sentiments playing mind games majority citizens
1681413012651571,county men women s zesco drops rain even lucky zesco company making efforts maintain 3hrs stability power s good let us learn appreciate thank
1232796554698276,namufilwafye ba zesco total failure
1964079714067506,difference between upnd both direction u live lies
940333384787564,yesterday today seen stabilization electricity restored 10hours 13hours said nayenda trend like possible plan
6806898842767818,nothing changed mwe
899944854800892,guess reserving power 2026 politics like ramaposa south africans even give us hope anyways just say t failed think something other than depending ba zesco limited
512477794982260,government brok
518066994189067,cynthia kabwe mubanga kkkkk
518066994189067,michael kangwa least u r strong enough wait ese just find phones fully charged
1080839880079636,kabungo edward ed part board
1080839880079636,happy kabwe s
1080839880079636,kabungo edward ed much board independent know every decision board makes pass through president before s implemented
940333384787564,peter mbobela good ise uko nothing seeing power day
940333384787564,trish k charisma hopefully situation change tomorrow onwards
940333384787564,peter mbobela waba pump tea
940333384787564,hour power called told challenge system
940333384787564,trend saying 3 hours per day
940333384787564,luciah mb yes 3hours per day comes consistency same time able use effectively
546622177758220,moses jj ngulube imagine just twisting words
546622177758220,moses jj ngulube imagine
1681413012651571,dennis zulu zesco should invested other sources energy other than hydro should harnessed wind solar bio matter lot garbage turned into thermo energy later electricity problem curriculum based proving other people s theories other than teaching people innovative theory engineers cannot invent
1681413012651571,dennis zulu re just dull zesco limited first time re having drought country
1681413012651571,dennis zulu don t weak man stand rights isn t first time experiencing droughts s always solutions put place easy issue load shedding zesco works people zambia own interest people whose houses electricity 7 days without cutting because re government employees feeling pity zesco
1681413012651571,dennis zulu told because rains having 3hrs power
1681413012651571,pearl freeman difference between imported power having own power boss realize
1681413012651571,dennis zulu fool just like
1681413012651571,dennis zulu see failing answer simple question yet commenting matter don t understand commenting based stories told heard hear young man drought issue first zambia even 2019 poor rainfall experienced kind nonsense load shedding
1681413012651571,dennis zulu iwe dubai rains power 24 7
1681413012651571,dennis zulu even though should always think outside boxes should find solutions
2498876370301527,manje wednesday 3 october 2024 otherwise doesn t exist calendar too much drama
863524105753795,least 10 16hrs
470970355979460,yesterday group c power came 10 minutes kuno even saying 3 hours stable supply ba zesco limited restored 22 17 cuts 22 27
518184514159231,u change schedule kawama kitwe naifwe tubombeko akasubazesco limited
753921863538850,makes sense under circumstance
1322610832456208,encourage zesco employees lock offices go home thank
845287861054648,hasn t already effect
1288868128957482,used using katolitoli ivi va malaiti seems latest kuno yesterday still lights forgot switch off
1228470591529386,nation mean just lusaka olo bwanji
1084590416364090,just keep quiet nothing say power zaingalume today s day two don t take us fo ls okay s better keep quiet kusabaila mtchew
1177718989955439,namatama magdalene lubinda mental health activist imagine
1681413012651571,pearl freeman how many turbines shut 2019 due low water level
1681413012651571,s just ur area us staying upto week without power kaya
1681413012651571,dennis zulu learn appreciate 3 hours power wow really dropped down standards
1681413012651571,dennis zulu musula obe
1681413012651571,believe nothing power because nonsense man 3hrs ati appreciate people fooling busy dance tune
1681413012651571,re serious
1681413012651571,jnr church boy may god almighty bless bro
1681413012651571,dennis zulu re let finish sentence
1681413012651571,dennis zulu presindent once said dubai rain power 24 7 t dubai power
1681413012651571,mulenga chitimukulu don t care bro
2498876370301527,brown chikwanda seriously disappointing
2498876370301527,people really run ideas working under pressure
2498876370301527,brown chikwanda s next year maybe
2498876370301527,people well trained lying long ago promised 3 hours power supply per day 3 days power supply s annoying
2498876370301527,brown chikwanda imagine
2498876370301527,doris chuwa chela could better able follow schedules otherwise s very disturbing
2498876370301527,brown chikwanda even t understand maybe ni next year
2498876370301527,lovemore simapuka just confusing themselves
2498876370301527,brown chikwanda ask
2498876370301527,brown chikwanda s similar story everywhere remember 14 hours story people chronic liers
1045021707103658,feli lex broke think worth seen post nothing being bitter electricity crisis even affecting supporting let s learn honest say truth
1045021707103658,politicians make heaven
1045021707103658,pantu celebrated erb rejected proposal increase electrical tariffs now want make kwati ni mwala chimona awe bane heart people china malawi mammba lacuna 1 october 3 hours already awe bane watching
1045021707103658,siven rowland bwembyayou ve said everything mind thank
1322610832456208,mukuka lushomo very true
1322610832456208,company us group e going use power 00 00 03 00 like honestly let s serious considerate
1322610832456208,mukuka lushomo imagine waking go use power download movies
1322610832456208,kabika harriet imagine sis lying us straight faces bachilamo reason go home
1322610832456208,mukuka lushomo very upsetting
1322610832456208,mukuka lushomo looking promise 01 10 2024 should liars tolerated big company like zesco limited
1322610832456208,mukuka lushomo m now wondering stability means company called zesco limited
1322610832456208,mukuka lushomo need rest maybe tired
1322610832456208,mukuka lushomo best advice ever
1322610832456208,government liars starting top s chief liar
863524105753795,hussein abdi how long think last don t know people go 4 days without power
2498876370301527,carter bay say
2498876370301527,pêzõ phyllis sinta kuwaya waya fye
1322610832456208,mukuka lushomo swear even getting paid aii
1322610832456208,mukuka lushomo gonna feed families
1681413012651571,ve never school understand cause disability too much
1681413012651571,dennis zulu comment seems funded someone
1681413012651571,dennis zulu s ppl like u crisis u take down anything u would stress deal ppl like u
1681413012651571,dennis zulu sound like foolish men generation
1681413012651571,dennis zulu son director uyu
1681413012651571,mayaya jae imagine also those living near clinics never experienced going through true rain poor planning honestly speaking suffered
1681413012651571,dennis zulu due respect madam because cannot never sir re
1681413012651571,dennis zulu just hope won t insulted comment
1681413012651571,dennis zulu yaba better
1681413012651571,dennis zulu iwe upanga che chongo keep quiet don t wise things say
1681413012651571,dennis zulu poor mindset
1681413012651571,joana shula thanks reminding s talking like 5 years old man t remember hh told us
1681413012651571,dennis zulu responsible formulating time table really understand how many businesses crippled zesco three hour electrical during day would greatly lessen burden having worked however needs electricity people sleeping really poor planning zesco limited better considerate
1681413012651571,dennis zulu right electricity means zesco failed people zambia whether draught during floods zesco just supposed supply power people zambia every day zesco s day engineers must thinking how expand grids just thinking exporting neighbouring countries s people first mind population fast growing zesco seems sleeping note
1681413012651571,dennis zulu saying
1681413012651571,dennis zulu stop cutting trees start
1681413012651571,dennis zulu statement would make sense happening countries affected years drought know loadshedding hours zim example
1681413012651571,joana shula go sn start living ku dubai
1681413012651571,compare zambia dubai ninshi ulicikopo mumutwe pompweiwe
1681413012651571,dennis zulu lishilu ili don t mind 3hrs ati appreciate
1681413012651571,bruce mwanza very true wonder never plan future
1681413012651571,dennis zulu ndiwe kapuba zesco customers signed contract supply power don t care power comes rains air
1681413012651571,dennis zulu muli ulichipuba kaah nagu mulelwishiya ichito ku zesco mwila supportah ifya mugulu ichilubeyo
1681413012651571,ninshi ndiwe ka activist kuma 24
1681413012651571,dennis zulu learn appreciate quick sell than buy neighboring countries excess power buying those countries mind still exporting power
1681413012651571,nothing appreciate dennis zulu people need electricity everyday appreciate mungulu uyo
1681413012651571,dennis zulu osalengese insult pamozi naba zesco don t know people kuntanshi given offer other ways generate power mines other sources zambia very blessed country because poor leadership selfishness never end
1681413012651571,dennis zulu musula obe na ba zesco abobene
1681413012651571,dennis zuluwith duel respect polo yanu boss
1681413012651571,dennis zulu see life
1681413012651571,koma chimwana iwe ndiwe chituzu
1681413012651571,dennis zulu problem feel too comfortable suffering
1681413012651571,dennis zulu need forfeit voters card people think like should involved important decisions
1681413012651571,ba zulu u zambia earth heaven power off take power selling us need power take care family
1681413012651571,dennis zulu stop smoking ll stop talking nonsense
1681413012651571,dennis zulu ok u give us power during day
1681413012651571,dennis zulu panyo pako
1681413012651571,meé burñà thank
1681413012651571,dennis zulu dull
1681413012651571,bruce mwanza even import power tanzania also make sense than telling people appreciate anyhow import power adjust tariffs blame know drought giving people fake solutions 3hours per day
1681413012651571,dennis zulu stop commenting rubbish
1681413012651571,dennis zulu appreciate nonsense real things say mwe
1681413012651571,another dull chap earstern power busy supporting va zee s ife vaku chipata batinena ati ndife vopwalala koma tu chawa
1681413012651571,dennis zulu comments kwati nindoshi
556562440150002,24 03 imwe finshi ifi
1990117874793593,lusaka only province how other zesco limited
2194417584274876,jock
2251977241829025,vaupuba che govt ought ashamed
1104749081073997,manje 24 03 niyachani better keep
508574368732227,ala thought zesco limited director said power stable wahala now
1204375977535861,tikangiwa ku recorder nyimbo because excuses vizimyeni chabe azawizi
1592074491745426,mean fili hawazi ine day awe lesa wabonse ba zesco limited naifwe kakasanika
1065511448911076,matter still faith jesus name day load shedding remain history
556562440150002,gutta beats august almost
1104749081073997,royd mulenga better than nothing boi just go solar
1104749081073997,voice chilolo better naiwe 24 hrs finshi wingabomfya amalaiti
1104749081073997,royd mulenga still hire genset mid morning pump water
1036704091281880,imwe ba zesco limited s ben 4 days don t power ju zingalume stable talked
1080319553682590,ili che new normal zambia
503926359183192,muleikalafye nga bufi mubepa
530793942990369,t just make solar plant since s company telling people started making own power using thought toilets know soon s bye bye zesco
499831529550033,group h don t power 2 days now ba zesco limited s going
844212421225503,just remove zesco bring chinese since mwakangiwa try china now japan
1035293141732345,nothing changed kumwesu
891631489062518,muchinga zesco limited
1483273142358575,thank update
508574368732227,olivia mulenga talking zesco also writing umungulu
2251977241829025,melinda k banda always say t wait voted tired want
2251977241829025,sharon kalambo right still t believe voted now failing manage system
1065511448911076,chanda phiri never happen zambia know politician assumes office president always sale power corrupt agendas means stealing forget load shedding end zambia
1065511448911076,noble excellent governor felix wala
1065511448911076,chanda phiri mark words see load shedding ever end zambia load shedding us since time memorial able something end
1065511448911076,noble excellent governor felix get u could happen sometime because load shedding continues won t rely government future us come private organization could supply electricity
1070057597856274,guys funny
539670581926451,go ku farm kansi tumalaiti tunkhalako kuma farmers
844195164551003,haven t seen power two days
1246634919988812,okay ba zesco limited joke s even funny mxxxm
1213752056497264,12 00 1205 atleast bulb blinked today
8568999953161611,al kabiye uko just leave us
3911864205725331,15 days just way preparing us waste
420600777720942,ati schedules take effect wednesday ati 3 october ukamba chani iweh
420600777720942,mathews tonga jr also wondering
2326982624319969,danny zee zambia hope s true
2326982624319969,prince levy boi hijotiiii just lying
8568999953161611,roxanne barratt ati come 1st october power situation stabilise only present us rubbish
8568999953161611,carol mulenga same rubbish won t follow adult engineers gather make timetable know won t follow
1460986971279979,t just switch off good than keep stressing people reason failed nation
1176666836760199,ve become foolish extent failing fulfill promised us call 3hrs stable
958142769405125,s common sense industries manage buy own gen sets other alternative sources power than mere komboni resident living k20 per day busy taunting consider buying solar gen set allocate hours residential areas markets reduce industries mines inclusive encourage consider alternative sources power
8207205366024150,got played fooled even changed still 3 hours
865174698928835,atase stability promised us kwena
4020407858281027,now zesco started making time tables us s teacher pupils feel like seated desks teacher addressing us class
1495100374531875,zesco should now only employee witch off power since s much work
1492804684761161,vitengeni che vimalaiti vanu imwe
841967881446936,good enough stress levels too high kantry
1763062227781516,zesco limited only power 30 minutes kamwala south
4020407858281027,maseka geofrey point mwandi useless leadership
890179399251123,kudos zesco re doing well s just us people don t understand efforts re putting address disastrous power crisis please possible give us power just 1hr 24hrs ll see how best work those don t want well explore other power sources corresponding financial muscle vizimyeeeeeeee iweeee
1464374354271951,va zeereth va zee hadeth power 2days straighteth group e keep thy power needeth juntureth iyi relationship ili toxic let s break
1018856230036237,twalakosa hh mpaka 2090
1064385481806396,sure boss even instructed subordinates kaya ni board ya load shedding committee sit come 3 hour schedule even arguing group gets 24 03 just wasting time putting extremely useless schedule just leave us alone whatever moved kudala
1093095268856355,waiting u specify year said 1st october stabilize loadshedding
851116133455292,call stable sure group e power hour ayi zambia punishment center soon sentence zambia hard labour
807091348033010,group e let s create whatsapp group wake each other 24 charge phones iron cook beans just celebrate watch electricity
1354102469308281,24 03 doing time ok going rough
919118116907903,think question needs asked zesco management announced end load shedding exactly taken into consideration source supply go load shedding normal 3 inhumane allocation hours day abhorrent
1201653761087990,atase kwena mulatwangasha country 3hrs nshi now normal kutumpa uku bambuli imwe even power bank charge those hours even phone laptop other gadgets fully charged later ati 24hrs 03hrs barbermen boiler makers s working na diesel yakidula talk price genset chafina mweπkoπk0 mwey awe muli ncall coal
8207205366024150,kennedy muzyamba 3 days 3 hours think s meant
8207205366024150,kennedy muzyamba nothing changed just playing minds
8207205366024150,kennedy muzyamba t believe played like three year old
8207205366024150,mercy neta mwambushi think
8207205366024150,kennedy muzyamba lucky 3hrs us lusaka 3hrs every 2 3days
8207205366024150,kennedy muzyamba exactly point 1 month wait 3 hour day schedule
8207205366024150,kennedy muzyamba said
8207205366024150,kennedy muzyamba ndise ma imbwa
8207205366024150,mercy neta mwambushi 3 weeks 3 hours
958142769405125,mashata sebby well spoken
958142769405125,mashata sebby re right because called industries farmers consume even power
958142769405125,mashata sebby ahh muli bamano elders
958142769405125,mashata sebby given mines power taxes 5 years zambia kuchalo
958142769405125,mashata sebby call less production high price manufactured commodities gen set consume alot fuel most machinery zambia run electrical power say solar adjusting solar powered machinery may take longer shipped continuous supply goods meaning great negative impact already crippled economy
958142769405125,mashata sebby next minister energy fimo fimo
958142769405125,s true mr mashata sebby also means input cost investement cost production cost increase result high output cost cost selling products produced campanies let wait now
958142769405125,natalia phiri well noted hope understand coming too
958142769405125,trudy mwansa chisanga lol boss
958142769405125,blessed adan mangonja sure boss s responsibility govt subsidize behalf citizens certain costs especially faced challenges let industries provide own power produce mealie meal e g let government subsidize us mealie meal
1201653761087990,soka shetani balitumpa sana ati iyo stability ifyabupuba fye
1201653761087990,marvelous ilunga mpola lelo naimwe mwalila
1201653761087990,paul bwalya awe chafina
890179399251123,gabriel chishimba mmmmm consider even poorest zambian citizen afford those other power sources ebuntu
890179399251123,gabriel chishimba wafyalwa na gold spoon mouth u t understand pain people use put meal selling freezits barbing soloons nd welding
890179399251123,gabriel chishimba charges people s phones using ma solar
890179399251123,gabriel chishimba source power afford buy apa big boss
890179399251123,deborah mbewe chinyimba tru e
890179399251123,gabriel chishimba ba ba chisimba nzelu mulibe
890179399251123,gabriel chishimba praise singers choire master loudest voice
890179399251123,noble excellent governor felix wanjipaya ine like
890179399251123,micah m mbewe naiwe nzelu ulibe mbuya
890179399251123,gabriel chishimba doing well poor plan
8207205366024150,nkululeko matulula sorry also lsk never experienced 24hrs without power
8207205366024150,kennedy muzyamba us barastone power comes day only lasts hour
1093095268856355,chanda chanda randomly coming pakati apa now stabilized schedule meaning now knowing time s coming going s message english said
1093095268856355,mulenga adrian right explanation zambia just too many us ignorant wish could remember page someone explained zesco meant load shedding stability import power
1093095268856355,mulenga adrian u explain simply saying having power 3 hours per day
1093095268856355,chanda chanda should next year since happened year
1093095268856355,manfred kazia simusokwe like said having 3hrs power till going power solutions start working water comes recently 1 maamba plant being serviced couldn t follow schedule coz pressure too much even 3 hours now s done able schedule loadshedding
1093095268856355,chanda chanda good question
1093095268856355,chanda chanda guess meant 1st october 2026
1093095268856355,chanda chanda s october 2025 dear elections following year
1464374354271951,gracious t kalyondo awe mwandi laugh supposed get upset
1464374354271951,mutinta tintili batipesha aba bantu should just keep power ah ma excuse deileee
1464374354271951,gracious t kalyondo elo just announce things already ground
1464374354271951,gracious t kalyondo wanted tag don t know distracted
1464374354271951,mutinta tintili exactly same story everyday
1464374354271951,masapula tembo chipeta awe should stop updating
958142769405125,good few months things would go sideways bad worse cus economy cost living would raised higher than re facing now
958142769405125,mashata sebby point
958142769405125,mashata sebby kkkkk subsidizing mealmeal cant suistanable solution atleast let goverment goverment farms producing enough maize too feed nation maize farmers left oh targeted export only things subsidize fuel using cdf money 30million per constiuency too much let reduced 10 million 10million multiply total number constituency 156 money used lower price things market
851116133455292,estella chetulo imagine every time group e ni night shift
851116133455292,estella chetulo hehehehe see
851116133455292,estella chetulo imagine sure ise ma salon
851116133455292,estella chetulo last time came around 0340
851116133455292,hope eastwoodss see comment
851116133455292,estella chetulo imagine ai atleast early morning wash fetch water clean zesco serious doing midnight kuno ku kamwala south those don t boreholes fetch water midnight kids girls midnight
851116133455292,feli lex how s bitter
851116133455292,feli lex just praise nothing sometimes stand truth shaaa
851116133455292,feli lex yes bitter won t being subjected mediocracy
851116133455292,feli lex let guy since god should comment make mad
1037256991273637,joke kind guys running company just failures milking further run down small businesses s getting bad ground yet sit those offices doing nothing improve situation honestly use electricity midnight jokers
1085326269775559,manje nivi chani ivi manje 00 00 03 supposed bit better ahhhh
880439590817413,give us electricity 00 00 03 00 use find missing candle just distribute other 3 residential areas give 4hrs instead
506363162192492,serious problem zesco level incompetence continued far too long how end 3 hours power per day same before availability 300 mw maamba importation 400 mw max etc zesco limited should serious
1676940039539889,stability power hearing zesco management wow joke thought move 7 hours 3 hours kanshi s same wish just kept quiet than raising hopes
404972345757790,don t see reason importing power continue power three hours total madness didn t meant saying stable supply
496921279841379,even energy type schedule ya 3 hours kwena joke ati went work made schedule ya 3 hrs power rationing
566088905874675,still 3 hours power residentials dispite coming back maamba coaliers much talked importation power just come open tell nation whole truth nothing truth
519598280878257,last part statement wasn t necessary cause know others go over 48 hours without power just pray god grants us good rains season cause write ups aren t helping even resilient get tired tired heat t even drink ice cold water may never experience lives
512809911557124,zesco limited erb waiting entire month september just 3 hours power day should learn keep quiet let work speak self energy minister even bringing talking shame
1354102469308281,prester nkonde muli nobuloshi
1354102469308281,prester nkonde question well time only switch geyser
1354102469308281,prester nkonde s hurting n traumatising
1354102469308281,imagine waking iron time elo re supposed productive work following day
1676940039539889,lee vag ati learned people really wonder guys think us zambians
404972345757790,dargly chibwe even hospital doctor say situation stable just know situation na same same nimu new dawn boi
404972345757790,dargly chibwe imagine ai
506363162192492,nayunda wamunyima good analysis
506363162192492,nayunda wamunyima majesty bweshenimo umutima
506363162192492,chisenga suleiman kasolo people should earn salaries right now zesco getting free money expense tax payers
506363162192492,nayunda wamunyima im confused someone wake god mercy us
880439590817413,wiza simuchimba exactly thought power comes kuma 01 really aiiii ba zesco limited better
880439590817413,wiza simuchimba ala mwandi kuti wapapa elo whoever suggested midnight 03 serious
880439590817413,whole zesco management sat deliberate hours came midnight 03 bafolelapo na sitting allowance
880439590817413,monde naomi havuluma s rotational
880439590817413,daniel kapandula mweene aaaah
880439590817413,wiza simuchimba swear unbearable
1037256991273637,elton pc hambaba failed project bro failed ma sweet talkers aba
1462108041154175,align minister s pronouncement said load shedding 17 hours effective first week october meaning consumers having power 7 hours three hours always only new thing just timetable zesco published
1198753218076537,thought 1st october things better having electricity least 5hrs 6hrs per day s just same don t know better talking meant
451194920685373,improvement promised zambia people
1242573350102183,even drafting timetable 3 hours supply should just kept quiet ignored minister said under pressure costa
9109257635755225,should t even posted rubbish otherwise using seating dark
1250069156002665,group e always worst schedule supposed power mid night 03
1170215497417996,embarrassing zesco limited those unnecessary announcements power improving 2months maintenance best
928730689070139,group e tinalakwa chani mulungu wanga sure now openly telling us witches wizards
906324284760959,promised come 1st october power stabilize honestly stability talking awe zesco play too much taking citizens granted
1198520671491711,difference same power ve imported nd mega watts ve sourced maamba made close zesco useless serving purpose
851116133455292,feli lex wouldn t bitter 3 hours electricity okay ba feli
807091348033010,susan j stephens
807091348033010,susan j stephens count
807091348033010,susan j stephens real
807091348033010,susan j stephens u u killed ma
807091348033010,susan j stephens m
807091348033010,zainab mohammed
807091348033010,susan j stephens let s inbox number create
807091348033010,susan j stephens
807091348033010,susan j stephens good idea
807091348033010,susan j stephens telling
1064385481806396,kony kumz imagine aiii midnight
1064385481806396,kony kumz imagine sis ayi grown ups degrees phds blame president too soft
1064385481806396,mitshelle mitchy k katewile chani baba lelo
1064385481806396,erica mwewa pain good straight heart
1064385481806396,kony kumz imagine ba chita na approve lol seriously zambian must work
1064385481806396,chawezi mwale ati approved immediate action
1064385481806396,kony kumz ba tota tota na sitting allowance na transport allowance yah ngena chongesa ticket ya salary lol come month end fully paid
1064385481806396,feli lex new word just learn even know means
1064385481806396,feli lex please ba ma motoka osa ngenela nkani ya ise ba ma ganda bu pee brain uko
928730689070139,flavia mwenzi phiri imagine sure everytime s us power coming night
928730689070139,flavia mwenzi phiri tiyeni che tiba lowe zesco pa last ine tired
928730689070139,mwewa kashell mwaba ayamu tayadi too literally ran away rented apartment mudima everyday nayo ma nyumba yavuta kupeza
928730689070139,flavia mwenzi phiri know mean
928730689070139,mwewa kashell mwaba s frustrating
9109257635755225,tiyeko muyunji rosemary mwase bunch clowns
1462108041154175,able mwambela sediments too jus wondering
1198520671491711,christine none
925974862884776,fault coz whole zesco fault want us report fault fault
1285478359500648,3 days completely power honestly chilenje south lazymens area zesco fault area because too much
1084462483195353,people think dull re just playing naive before routine maintenance maamba collieries announced load shedding upto 17 hours got interrupted maintenance s announced only having supply 3 hours until things normalize 1 october come day people want maintain 3 hours instead cutting supply scheduled 17 hours before maintenance seriously elo timetable won t follow happens baking cut before time tell ll come office ll refund
1246213213250298,stable let s sale country share money nosense 2 hrs 3 hrs ati stable sale elon musk share money everybody goes want
1036372294614865,3 hours power only mu country sure ati iyo tuleteka 2026 voter s card isebenze please
1196126074773508,need schedule kitwe residents lusaka
882125813911804,bring power 24 switch 03 witches stay awake during time serious
385043538016882,improvement need getting 400megawatt because nothing changed stop even posting schedule difference used
901209128559441,need power 24 00 03 00
1191499471964636,entire md minister energy giving speeches like significant improvements going happen should ve just kept quiet joke say list those headlines press giving people hope only told going enjoy 3 hours electricity
1250069156002665,constance chibuye sure should ironing clothes midnight
807091348033010,susan j stephens sue
807091348033010,susan j stephens
807091348033010,susan j stephens people sent numbers please let s create group
807091348033010,susan j stephens share link please because ine t manage
1191499471964636,francis musamba nkhoma vazee che
1191499471964636,francis musamba nkhoma first discussed during cabinet meeting delivered public know head cabinet
853539713619064,3 hours yet saying starting today ll giving us 3hrs power doing let s just wait rains don t confuse us
950199157151460,please don t thing groups n specific timings think re getting used current timings unlike groups don t extended periods enquire re ever told following timing wrong group things say regarding repeating responses ve recieved s sad thing
1047142153559111,schedules changing weekly basis cannot survive power only 24 hrs 03 hrs foreseeable future
1076865154013169,area power 3 days call zesco tell wait power s honestly
1052945053170961,increase tarrif import electricity let people electricity unacceptable s affecting people s lives very negatively
755024906748125,zesco stop rubbish start rotation nkwazi overspill ndola 5 months fixed timetable lights only comes 01 goes 3 4 time somewhere else enjoying t afford solar come 2026 voting according re seeing need people coming tell us lies
1236182667430092,zoona giving us hope october things stabilise kanshi u giving us same 3 hours u failed maintain follow part thought would 12 hours plenty power 12 hours black nuh ishhh
1638738503353870,fuss statements press briefings only power 3 hours oh
509915288589240,mamba under going maintenance september subjected 3 hrs loadshedding daily know mamba full operations plus imports form sa still 3 hrs power things don t add s incompetence s highest level
890124622628496,chilenje south kalomo road power since sunday only came today 16 hrs less than 10minutes went zesco saying stops fooling people
901209128559441,donald tembo awe ask
901209128559441,tolopa m jurat imagine
901209128559441,donald tembo really laughed sleep without power wake without power
901209128559441,donald tembo see chemba placed
901209128559441,daniel mwanza imagine ayi
1285478359500648,chilufya chanda thawe s everywhere dearest
1285478359500648,alice mwenya s everywhere other areas having power
882125813911804,moffat nel mudenda u laughing slow motion
882125813911804,moffat nel mudenda totally ridiculous
882125813911804,moffat nel mudenda imagine 24hrs
509915288589240,lase mwachisakulo formula zesco using syllabus found earth suspect astronauts came jupter
950199157151460,mentioned power came went twice during night within given 3 hours dont even power now stability woke smell burning cable
1047142153559111,maryann franks s beyond joke hope doing ok message ever need anything
832210558868472,nonsense like nothing day please rethink stupid schedules waiting power around time t switching power ku 01 kwati ndise fwiti futi know useless reasonable timing switching power between 22 05 08 16 go work crying loud
457696760614575,group e past 1 month even witches know us now wake draw water prepare uniforms work school others sleeping awe just too much
2269644953433951,good part like zesco stabilizing power
838247315137285,always shift goal post already announced september surprised announcing minister energy communicated something else contrary talking please consult each before come public
1691605448079726,lusaka almost 3 weeks never seen power home patiently waiting 2026
1776953126445489,basically ll still power because bringing power ungodly hours anyway even used now
832105195751637,stability making noise really need therapy over ndafya tachiona mwandi dropping tears joy sight cold water drink uhmmm
518678517458127,ba zesco limited serious let down mwandi haaaaaaa hope want give us ai 3 hrs residential supposed us ai elo same ones won t even following theses stupid schedules ai mxxxzzm
1077996387191257,supposed go outside midnight turn pump longer safe us electric fences don t work anymore awe ba zesco umumgulu wa muleke
563119976377813,rubbish 24hrs 03 s power
1052945053170961,paul ngonde lukama before increasing tariff made understand how much zesco makes how much spend administrative costs plan truelly zesco loss making company zesco employs among most well renumeration workers idea thinking money solves management problems help country keep talking cost reflective tariff ask how much electricity north africa desert way cheaper need good management remove political hand zesco zesco always cash cow politicians recently starting pf government napsa also becoming cash cow deal real problems imaginary ones
1052945053170961,collins chanda s total mess bru
1052945053170961,paul ngonde lukama exactly money nor solve tariffs get increased every regime yet things get worse already budget next year very gloomy ordinary zambian how much want squeeze
853539713619064,vuuse mungaga nice dp
853539713619064,chabo ta thanks lol
853539713619064,vuuse mungaga lied
856562380018486,2 3hrs power time now making sense
574783971566588,said customers received power 24hrs should report excessive hours power should report also
1244428236983552,unacceptable getting 300 maamba importing 500 making 800 only getting three hours per day mr president make make sense
563104089600203,keep updating public don t even follow timeline eg rhodespark doesn t power days s restored s less than three hours stop wasting bundles ours mxxxxxxxxxxxm
1728395714667226,u don t brains ba zesco country normal basis s 750 mgw now currently 400 mgw give people 3hrs think people nation too dumb
3457293421231217,whole press conference called just customers receive 3 hours power awkward hours stand comedy
1581010249505049,nanga 06 09hrs 19 22hrs ina lakwa chani because timetable residential areas giving us nothing wonder planned smh
508895165447192,connecting power most useless hours day residentials equivalent power power 10 13hrs 17 22hrs would made bit sense 400 mega something down drain difference et al
1041242257441372,very useless company indeed may ask how many hours being supplied previous month september coz thought already 3 hours now stability being talked
1210435460175500,s unfortunately us since sunday haven t yet seen power 4 days now don t know whether timetable working accordingly just concerned having hard times understand term 3 hours stability supply power s right word use
1691605448079726,charlie jr carlos tembo welcome mongu iwe next week
1728395714667226,gabriel sean sumaili jr yalipita 1000mw apa nomba
1728395714667226,frank gee swear mbuzi zabanthu ishi
512977621524991,new ba zesco least ka 6 hrs would made sense
8359233627524528,ba zesco should get full salary pa month end because clearly telling us only working 3hrs mean doing rest hours
1072713587703648,zesco limited kindly reproduce spreadsheet groups lost track groups sir madam groups lost meaning present
563949529398985,zambian citizen nothing say 3hrs phone pc charged even cook soya pieces pa last
1558742851734596,group e members power 24 00 hours 03 hours ninshii tulindoshiiiii zesco limited would created schedule such way allow everyone access power between 6 22 hours
783967233759443,stable talking saw people even singing national anthem busy mentioning name president working hard s something sensible t just say takangiwa hon garry nkombo s voice takangiwa unlike madongo dongo
528561336436034,listened briefing realised country leadership president minister speech together everyone panel must resign moral grounds everyone sat clapped must slap themselves really docile people
536181802295761,initially proposed increment tariffs import now proposed reduction promises head toes life always doing opposite say
553686270397537,s agony today power came yesterday around 22 00 went 07 30 09 30 power restored till now still power
418103374308192,foolish updates heard today october said end loadsheding awe imbwa ndise keeping hope s dead project please go industry break close officers va zee ala
1072713587703648,kelyson mang ola zesco pr md
512977621524991,dineo karen know
1558742851734596,kelvis chit s musonda bunching everyone period would overload system re doing everything possible also need adjust current situation mune
1558742851734596,petr besa ba besa already sacrificed 21 hours having power between 01 05 tantamount sacrificing 24 hours cause power time understand s called load management mean already cutting power 21 hours manage load think splicing three hours just ensure people access power time could find useful would great
783967233759443,enock banda simple
783967233759443,phillimon junior musachi exactly kuchila kunama bantu time
783967233759443,enock banda ati 10 13 power goes 6 comes other day 18hrs
783967233759443,phillimon junior musachi vikakanga vakanga two ways those praise don t know ngati bali bwino cause hmmmm s too much
528561336436034,ngosa chai jemachi think desperate power ei
524806366833946,hosptal load shaded everyday despite making communication public relation team exempt kwwf
836337398695683,don t tell us just want care less won t even follow schedule
887467009989212,point time doubt even true possible whole minister lied tv unless speaking matters lacks competence
3396926853935962,zesco teach how insult seems enemy ex group e
1590117018602894,appreciate efforts ba zesco limited amidst storm re standing tall tirelessly may rain heavily good works shown everyone
1199230334693940,same old story just different day thought reducing number load shedding hours
1579095093030596,supposed depend water electricity beginning knowing fully well s landlocked country
2216673018696203,even maamba mantainance three hours going imwe ayi stop tempting temporary temper subject expected 6hrs lights 400 quite huge may ask how many megawatts lusaka consume alone
545624321378045,u gave 3 hrs bcoz mamba maintainance now mamba bn restored full capacity guys playing people s mind fishimyenifye twanaka u think everyone afford buy solar worth k50 000 u jokers us b reporting anything muleshimyafye capwa
1663711887818549,vaupuba che 400mw re importing much talked mamba 3000mw useless minister just saying things opposite happening
2216673018696203,royd kanyungu boi chaps useless area doesn t even come 3 4 days comes s only 1 hr 45mins
2216673018696203,maclan siambilu boi zesco done
2717078595167447,happens welder needs feed family 24hrs 03 hrs
541049748464792,promised us starting 1st october power stabilize meant coz honestly things gotten worse now plz stop promising people things cannot manage don t need false promises
1195076778383619,grade 3 school drop asking apply ndola s just lusaka
513836767949976,told us stabilized power increase supply 3 told us maamba corries megga watts promised us starting today power question press briefing mocking us worst management ever
1523971754908595,nga mwachiisunga fye 3 hours yenu iyo services far most lousiest disappointing how pathetic
411363221999347,sympathise thanks transparency
557392640055746,mr hakainde hichilema zesco limited de compaigning sir promises true citizens angry promised us stable power supply 3 hours per day m typing power came half past midnight instead midnight gone 02 12am exactly 1 hour 42 minutes much want support institution made us question management help us sir lost lot resources during situation
416899997778816,stop raising people s hopes last month busy announcing how loadsheding going reduce october today saying something different now just keep quiet
1088001716249717,chirundu once power cuts even water s automatic mwebantu zesco limited please kuno heat 41 degrees shall die cry elderly babies defend themselves speak hakainde hichilema help us s far 1 month without water say s hot mean
441218815638092,isn t same schedule having
524806366833946,bwalya lufungulo how conduct ama deliveries awe zesco posako amano
3396926853935962,cathe rine awe mwe kuti twalufyanya
1043768537239482,foolishness blaming hh while lungu administration used loot mukula tree lungu messed climate deforestation comes idiot blaming hh current situation
525005757197715,president hosted meeting statehouse few days ago even drunk mineral water md sitting 300pin salary making allowances public appearances swear re jokers nation
546781691262383,restoring power midnight people sleeping makes schedule somehow bitter group d e
506474755550925,ba group e twali chula know just keep 3 hours
1322481728721964,honestly speaking minister zesco limited md bragging time kikikikiki
1032543051998819,schedule lusaka residencies only whole zambia
343388622192217,fishimwenifye completely experiencing 2 3days power 3 hours doesn t even make sense
1546921865941095,stability boasting parliament 2 weeks ago hmmmmm
857993329821358,s good better close till further notice 3hours ati stabilize
1032891124985265,finally stable schedule 3hrs nonsense awe 2024 year own
506474755550925,sibongile bongani munthali noticing how complaining group e style through year
506474755550925,sifuba p c moola s pure torture ends
506474755550925,sibongile bongani munthali think ba group e just hated lot group very upset
506474755550925,sibongile bongani munthali least switch fan whilst mosquitoes attack charge phone work lol
1032543051998819,tika deluca lusaka residents
1032543051998819,flo banda ok awe mwandi nga ku kitwe filishani
8541775629214624,awe kulima update update problem think shang ombo district
1248977712870266,wants bet group e next schedule 22 00 01 00 hours
546850294398405,highest mediocrity ever experienced country s sad painful see kind nonsense being accepted tolerated deserve better knew ready stabilize power should just kept quiet
515069861139768,s purpose having power 24 03 t even charge phone coz ll fast asleep
1614093579487368,think group because power 3 days now
2198700187183517,thought zesco going update us current situation manchester united coach
8029215543854611,explain simpler terms
897215618497398,group e time sleeping still wakeup dark chalo ichi
575236308529715,ata fyalungula
1237631794251548,24 03 how make use scheduled time
1546921865941095,gretchen chiluba ala bwafya daughter let just keep
1546921865941095,ruth chanda imagine mummy boasting balelanda na yeah yeah yeah kwati fyamano fikesa awe mweee
1032891124985265,jasmine lungu chewe swear how start waking midnight charge utu ma light nama phone awe eku chula uku
1032891124985265,aggie chanza chewe namachila ala kuchula
2120091688460696,hell four days without power company quite help complete number 32723604 other house lower power
1085032883086669,zambians should begin report zesco cpc want people follow deadline providing power proper manner supply power during day put deadline close
2004237213425905,1 electricity comes 01 gets cut 04 should wake start doing middle night 2 time announce 1 day deadline 3 40 seconds everyone fast typing those unit digits long 4 good news ve announcing doing countdown
492310796602094,kindly advise how check without power
1090654236363564,seen people ain t buying power months now due loadshedding now asking least buy k10 units ka
1128801438953530,power gone two days how gonna update information gunpoint should delivered like week two prepare ourselves know fully well electricity isn t stable goes comes wish whoever pr should seriously pull socks
1118211136318311,how put deadline power three days now how possible without power muleibwelamo ba zesco
875663987884472,s power how supposed check
577018038065385,k10 10 000 000 customers prepaid equal k100 000 000 ba zesco limited want make hundred million kwacha saturday sunday alone forcing customers purchase electricity worth k10 each use same money pay workers since haven t made enough sales connections due loadshedding wont succeed plan
464771859963167,ve just notified s power obviously restore 25th how even check upgrade
1118211136318311,hon evans kabwita imagine ai
1118211136318311,hon evans kabwita mine updated kaya tried entering units telling expired meter
1118211136318311,mukuka tinah mutale even s updated because power came kuma 01
1118211136318311,hon evans kabwita
1118211136318311,mukuka tinah mutale alot pipo haven t updated auto update clients fault
1073826027545472,most realistic way doing things
1731139997724597,sometimes people act like bunch primary children
923010329773979,how update without power
1109530670544606,zesco limited jokers sometimes wait think scared disconnected mean only power 3 4 hours s than being disconnected don t think
473950241837578,awe ine nshafichiteko mwe want anything mweh too much mweh
431168510063344,zesco limited day shall judged gives deadline ya day something huge fwebali kumabala
1255783355660343,power how going update
1099465205216878,good news waiting
1294030878682173,hope won t steal money like last time made similar changes remember never refunded us
1535642810471865,think ba zesco limited need deliverance doesn t hashtag how update especially notice due tomorrow officers closed
2120091688460696,good morning frank mfula sincerely apologize prolonged outage experiencing four days kindly counter check complaint number inbox further assistance kind regards patience m
1085032883086669,chomba lesa malembeka top post important information only facebook everyone sees post matotoli yankoko ababena
1085032883086669,levis b sinks thought exactly besides everyone facebook liked page bazesco limited
1085032883086669,chomba lesa malembeka imagine people
1085032883086669,chomba lesa malembeka exactly thought because s seems everything beyond
1085032883086669,chomba lesa malembeka very true timeline ridiculous hardly power
1085032883086669,chomba lesa malembeka cpc
1085032883086669,mwaba patrick musonda cpc acc well
1085032883086669,chomba lesa malembeka imagine without power since monday don t even know power
1085032883086669,chomba lesa malembeka rastaman making smoke whatever r smoking zesco limited
1085032883086669,chomba lesa malembeka exactly balipena
1090654236363564,david kunda mupanga exactly
1090654236363564,kay besa must jokers
1090654236363564,chipo mutale think
1090654236363564,david kunda mupanga exactly
1090654236363564,david kunda mupanga yes comment looking
1090654236363564,david kunda mupanga yakosa k10
1090654236363564,luciah mb tefintu boss
1128801438953530,rose zulu ba zesco tired please
1128801438953530,bebetty yenesha true pr should fired
1128801438953530,bebetty yenesha socks
1128801438953530,bebetty yenesha dear esteemed customer informed zesco limited currently updating customer information residential customers exercise running 1 september 2024 30 november 2024 kindly update information sending meter number phone number residential address nearest landmark geographical location whatsapp number 260 762 626977 dial 3600 select option 11 information call call centre line 260 211 363636 322 visit nearest zesco walk centre thank cooperation
1128801438953530,bebetty yenesha henry kapata good kind information
1128801438953530,bebetty yenesha don t even socks
1128801438953530,bebetty yenesha pr wabo ulya amoneka kwati ni jerabo expect nififine behavior kwati bali ku black mountain
1128801438953530,bebetty yenesha s month since massages started popping
492310796602094,christine joanna julio question too
492310796602094,christine joanna julio like truly let advise
492310796602094,christine joanna julio imagine someone should wake 02am just update prepaid metre
492310796602094,nyangu nzali felistus update
492310796602094,christine joanna julio good question
492310796602094,christine joanna julio first thought
1289885832201841,those prepaid only numbers
450575424402275,power t check
1285634082469975,expect us update yet over 2 weeks now without power call centre keep giving us complaint number working
592076799855818,how going check update because siyambwela malaiti kuno kwatu
595499463037314,power especially us power comes night nayo 01 how update ba zesco sure
1070921764512873,check without power
3348816668587167,information day dream
3973528966211052,zesco limited must joking how going don t power 5 days now
1358952314987936,meter work without power
1098733607909887,mine updated though big news informed
1085032883086669,chomba lesa malembeka know
1085032883086669,chomba lesa malembeka guys niba fwaka
1085032883086669,chomba lesa malembeka exactly
1085032883086669,zambians don t appreciate hardwork ain t y adults sum n ignorance highest level stupidity us power 3 weeks quiet blame president exporting power crucial time don t blame zesco sense reasoning high enough ll know zesco s job supply electricity make zambia electricity supply corporation making corporation y expect children obedient generation ignorant people make sick
1085032883086669,chomba lesa malembeka exactly well said mama honestly how power only midnight whole month
1085032883086669,richard chakontarichard chakonta same call just say complaint queue
1085032883086669,chomba lesa malembeka really need
1085032883086669,chomba lesa malembeka t even purchase units top
1085032883086669,chomba lesa malembeka exactly ooh
1085032883086669,chomba lesa malembeka imagine
1128801438953530,bebetty yenesha gone two days straight didn t time update kaya happen now lol
2004237213425905,savatir sure
2004237213425905,savatir imwe shuwa also surprised 40sec thought growing started makimg failing understand english well
961733455768701,ba zesco us mtendere east don t power week sure problem people
1232407294538572,meter
545625908323364,muli necibeleshi plus familiarity reason being re only provider announcing deadline two days t provide adequate hours power clients stop kidding business
1629003687972560,only seeing today still update zesco limited
1121022023058539,how going update ifwe kimwesu takwaba amalaiti
1262578571659737,zesco think problem
565883462703544,how update meter don t electricity people think very well offices
1268172254402121,use solar check
492310796602094,christine joanna julio good funso just how
492310796602094,christine joanna julio exactly point
492310796602094,christine joanna julio iwe stop
492310796602094,christine joanna julio imagine power expect us update
492310796602094,christine joanna julio yoh
492310796602094,christine joanna julio imagine even threatening ati 24 november else disconnection catches lol
492310796602094,christine joanna julio exactly
492310796602094,christine joanna julio meter works without power just press
1085032883086669,chomba lesa malembeka please share cpc contacts power week now despite reporting zesco
1121022023058539,chileshe tobias bepushe boi zoona
1121022023058539,moses muleba mumba people likes play mind
492310796602094,christine joanna julio thank asking question
492310796602094,zed roasters incbut t update tried
492310796602094,zed roasters inc ever meter
492310796602094,kalomo latest same
492310796602094,christine joanna julio thoughts too
492310796602094,zed roasters inc doesn t work without power bwana
492310796602094,zed roasters inc doesn t work tried nothing showing
492310796602094,zed roasters inc read instructions carefully requires customer top token amount how without power
918822943645810,manje how suppose update meters doesn t
1301232927887051,kaili switch power update
1567383927241606,how supposed check don t power
2154609558274184,serious okay t give nation such urgent message think everyone online come guys better phones off due load shading others travelling ll only see maybe tomorrow many reasons mention few seems like looking faults people issues please already load shading ve gotten used s enough ba zesco limited
1657317551537951,supposing don t provide power go beyond kamene ka deadline kanu kapa 24th ise tivutikilemo disconnection due inability update ndipo munati dobaa
489189780815451,how check don t power comes fast asleep please postpone deadline until next year power give us people don t seem understand going through
1076213584157956,s everyone went school read just update automatically system think frustration having power someone time start pressing those rubbish instructions
1350165329680177,how check meter s off due loadshedding nkalanikoni serious
1112572957094230,time supposed cos just seeing today 23rd
542578991983583,power zesco arrives like thief night before know s already gone truly insensitive such large institution deliver information manner well aware how erratic power supply kind reasoning highlights cannot well planned schedule
565883462703544,victor n goma junior
1657317551537951,nancy prisháàn s mum should advise how check absence power
1657317551537951,nancy prisháàn s mum kudoba bantu kuipa anso
1657317551537951,nancy prisháàn s mum true power since tuesday
1657317551537951,nancy prisháàn s mum deserve good beating lives kubah chitah panel beat fulu ni galimoto
1657317551537951,nancy prisháàn s mum doubt s even legal
1350165329680177,duba sakala rushing comment exactly like
1350165329680177,meter
492310796602094,zed roasters inc yours like
492310796602094,zesco limited seen advise
492310796602094,zed roasters inc ours doesn t just brings words
918822943645810,saviour alingo chisanga thought too l t see symbol prepaid meter
918822943645810,joyce nyirenda don t know how process zesco limited help us meter doesn t how going update
918822943645810,saviour alingo chisanga ine just laughed because how possible
918822943645810,saviour alingo chisanga even us
918822943645810,saviour alingo chisanga imagine
918822943645810,saviour alingo chisanga exactly question too
918822943645810,saviour alingo chisanga exactly
918822943645810,saviour alingo chisanga only applies u want check meter upto date however meter doesn t just buy power tokens come kct 1 2 enter those first before tokens signs know meter date entering power tokens refusing until u enter kct 1 2 follow process retrieving previously bought zesco tokens phone dialing 3600 select option 3 enter meter number etc
918822943645810,saviour alingo chisanga question too
918822943645810,saviour alingo chisanga imagine updated meters sure
1076213584157956,wise chansa sure let just automatically
1076213584157956,wise chansa support
1567383927241606,chila cn chirwa even go check remembered power
1567383927241606,chila cn chirwa such questions don t answer
489189780815451,kumbukilani phiri saying uninterrupted
542578991983583,katongo chileshe key sentence power zesco arrives like thief night
542578991983583,kuwabo kay liambai people awe mwandi
542578991983583,katongo chileshe s things
2154609558274184,ba zesco power comes kuma zero chani time wake power gone than month now how expect us update
1112572957094230,belinda thole imagine aii yet power only comes 01hrs
1112572957094230,katongo chitebakatongo chiteba 05 gone
1112572957094230,belinda thole s power power restored ninshi tuli kuma bar
1112572957094230,belinda thole thought exactly
1290223178817006,how update power
1096573222127959,power just restored area rushed nothing like kct 1 kct 2 subscribed meter lot unused units last month ba zesco only wants people buy units
1073915294429399,think citizens need something extremely poor customer service collectively because too much now first how give short notice assuming everyone money areas having power how update benefits same update mean loadshedding minimal
2243515476024552,zesco limited order how issue ultimatum provided alternative know most residential homes don t power
3799239766956172,how expect us haven t power chalala group e
1215579079549987,zesco limited please don t make upset morning like how supposed check s power va zii
1643693216550682,zesco limited code doesn t work happens tomorrow those us unable check
371394469394103,imwe zesco limited ever read whatever typed olo just post how give us 24hrs update prepaid meters don t electricity
885299577115913,ba zesco limited kindly learn give people full information ba people thing s every prepaid meter need updated already updated ba people thing ve managing buy power recharge without challenges past 6 months date means prepaid meter updated unless given wrong information thanks ba people
603831848879085,how announce today give us less than 48hrs update meanwhile people don t get electricity than 3 days
918822943645810,saviour alingo chisanga s 005
918822943645810,saviour alingo chisanga just imagine ba zesco limited stop jokes give us answers meters
918822943645810,wilson musakanya last day s tomorrow nothing
918822943645810,happy hatontola yet updated
918822943645810,saviour alingo chisanga answers
918822943645810,innocent chihinga prepaid letters only numbers
918822943645810,saviour alingo chisanga call 322 check using meter number
918822943645810,saviour alingo chisanga mine too wala
918822943645810,saviour alingo chisanga battery powered meters those attached wall usually come just press 005 enter see 2 2 1 2 see 2 2 updated
1073915294429399,fridah malama mulenga assuming every facebook balitudelela
1290223178817006,mukuka tinah mutale imagine 3 months now power comes late night sleeping
3799239766956172,chi sanga least even know group
1215579079549987,chipemubanga tembo need show us how update without electricity
2503679246506239,get 2 45 check metre update noted
1205985963828776,kaya how check meter us kabwata site service thrown dust bin comes power zesco limited let s order
956196666351546,pre paid meter key now
1616637372559879,how those facebook phones know short notice
491322200621450,zesco limited how haven t supplying us power silverest forget prepaid meters only active power available trying mock us behavior giving us power 30 mins things gotten bad only supply us power 30 mins tell us s happening
1091858975810538,zesco limited how expect us check power only comes few minutes goes kwatenicko order give us power needful
1978437159337183,zesco limited supply than month filled complaint promised called engineers come work date s nothing hearing guys
1236419614249700,question power comes midnight how expect people zesco limited now becoming nuisance
414951508222199,zesco management needs mental assessment how going check update prepaid meters never power let give us power able update useless meters
431024819872113,how update use bluetooth cause know only update s power
1096573222127959,bridget tembo s worry trying 250 units disappear awe ba zesco sivintu
1096573222127959,mary phiri done nothing like updating pama units iam sure just want customers buy units
1096573222127959,bridget tembo true seen buying k20 units 3 months pama meters
1096573222127959,bridget tembo get kct 1 2 dial 3600 choose prepaid token option 3 enter meter number boom
1096573222127959,yamezjr effect meters don t keys idea how sunday t call zesco obviously
1096573222127959,mangani ng wane phone
1096573222127959,yamezjr effect thanks survived mass exclusion
1096573222127959,mangani ng wane phone got key t find meter should now
1096573222127959,bridget tembo don t key meter automatically just enter first ktc1 code meter automatically clear enter ktc2 code clear enter code units check units added means need call zesco come update
2503679246506239,tumba le vivré masters comply
1978437159337183,solochi levison house
1978437159337183,davies c likwasi go inbox
956196666351546,bright mwape mainsa mwape zesco guys serious
1091858975810538,temwa kainga boi trying buy power today refused
1091858975810538,carolyn bwalya boi serious
1091858975810538,temwa kainga yes boi stuck now dont know now
1091858975810538,carolyn bwalya call call center sure assist
1091858975810538,temwa kainga ohoo let call
1091858975810538,tell feed back
1091858975810538,carolyn bwalya okay boi
934227224870277,roll over mumbers shown zesco app valid because tried entering those numbers without success dont receive roll over pins buy zesco units mean successful entering numbers because sad face blinks metre box understand means successful
579517041147242,how dont power nishi prepaid works ku solar
559356870364711,how supposed without electricity aware meters work electricity didn t electricity whole day yesterday 05 00hrs power came midnight just say hi went back previous experience sundays most likely going power whole day advice please
1306240460754096,how even update without power kindly advise how update without power
457179294077447,meter doesn t function discount scatter company enough enough
1644602329812779,ba zesco namumpesha calling saturday last week date help get same explanations surely how long should take u rectify problem
1018509556747250,aren t supposed online sure realize many illiterate people zambia beside power even s never home
1292298335134457,how check without electricity imwe should serious ai
547133917751249,don t power how update meters saying deadline tomorrow just sent msg yesterday
1332914251207497,ba zesco sure serious even give deadline meanwhile only done s power having power now nightmare give us predictable uninterrupted supply power otherwise majority won t manage
918822943645810,saviour alingo chisanga mashilu imwe aya please
918822943645810,saviour alingo chisanga same question sir how
918822943645810,saviour alingo chisanga thought too meter doesn t those
918822943645810,right metre boxes don t
918822943645810,saviour alingo chisanga s actually 005 star
1644602329812779,felistus mulabanya let s try said maybe work otherwise maria zesco limited call centre very unprofessional human being
573871758590582,how check without power t set deadline tomorrow s power disconnect pela
1269495240914028,us businesses far away electrified houses town put notification valid within 2 days how work together country
578739588183932,meter prepaid doesn t hash key how update
1301581687416894,s prepaid how go
3921559501407227,how upgrade without power ayi
934647091876657,ba zesco limited like playing lot isn t enough suffering already only having power 30 mins 01am announce 24 hours before deadline part power rationing plan blame us ati didn t update meter s don t power
1973087556500148,how check powerless zone
581793644374084,uncle zesco good news counting down play too much apa seen people aren t buying units manje come way make us buy ati deadline 2024
858344209510713,how update power comes 03 goes 04 before wake va zee group c libala stage 3 yotam muleya road mwachilamo ba zesco limited expect us update ai awe vichiteni mweka kwamene uko
1206656877068767,zesco respond questions since customer care service responding calls how check system updated meter boxes buttons
3921559501407227,chipo veronica kalinda want u wake 01 just upgrade lol
934647091876657,clarency hantembe imagine such information communicated apart sms updating account details meter bla bla bla awe sure
9184598344883772,wake 03 also hour window before cut power
478577728012542,mean now electricity how dare give us deadline want us wake 02 start updating meters
1989644291473922,people buying units close 5 months now missed monies just bought own units 31st july 2024 update still 86 units think reach march 2025 feel pity business money cophers
536735799161745,just tell customers long time since purchased units zesco making enough profit projected help zesco sustain itself kindly buy units low k10 during time load shedding iyo izamveka ati updating r2 t2 kkkkk
1559535394931390,supposed use magic wand update literally power deadline absurd say least ichindikeni muli bakulu sana
1097377485110635,agalu imwe just 1 30 minutes power six days pole line fault come check reduced supplying hours telling thing isn t making sense
930146739044579,don t power please tell us another way check prepaid without power
1201900610904461,power right now happens don t restore power area before deadline
576871908619504,how update without power kindly advise
883781467228647,well zesco limited care investing central update system restore power graveyard hours how expect clients update meters off
1206656877068767,henry mutale chimanga see talking ka meters
1206656877068767,bob banda eventually went dm s seems like meter already updated remember e tearing stuff last time thought like different update
1206656877068767,henry mutale chimanga okay great ine lelo find malaiti know ati mine updated too inbox case issue
1730481487806792,how restored power ku group e
909479697986926,zesco never short surprises s taken informing people such important exercise itself looks complicated load shedding included days before deadline really way testing people s patience
555614637082664,umungulu how bring such important information eleventh hour morever people don t even power homes how going check sure
876756294258369,sometimes guys think meters like mobile meter those symbols supposed insert without power also guys hope should think twice guys before coming such decisions
1926100151245016,don t remember last saw malaiti yaba zesco kuno kumyesu kalisanguka fye kashimi nomba tufwafye kofye ati amalaiti yachisa pa 01 59 exactly pa 02 00 hrs yapyamo nayaya ba zesco should upgrade meters themselves pantu ifwe teti tukwanishe mukwai
2108774816242587,how update power
1262764498302089,key meter zesco early april fool joke craziness issue statement deadline next day
599315079330733,how update electricity
1086722072674861,how update without power zesco limited
963842635565289,button meter box kind joke
478577728012542,kamala sakuhuka m impressed honestly
883781467228647,marc kandeke m also wondering marc zesco limited just infuriating
883781467228647,marc kandeke brains
9184598344883772,natasha tash yombwe imagine
9184598344883772,emely kajokoto s annoying
1262764498302089,call number meter number advisor inform meter upgraded
2108774816242587,mwaba jerry mwesa imagine ai
2108774816242587,mwaba jerry mwesa ask mwandi
555614637082664,chipili kunda ikr totally absurd moreover without warning going nationwide blackout
555614637082664,pietro castiliogne guys unprofessional
1702769020295336,kind office bearers s costing nation see zambia take time develop imagine how tell people update prepaid meters don t even supply power whoever wrote should delete t report zesco consumer protection unit cpu abusing us now
579463417922799,awe want just cut completely pantu use power doesn t come while awake kwaliba amaliti ayesa na 02hrs 03hrs yaya elo re busy asking us buy k10 units now used charge kuma dollar nama genset mwe
441831339024765,point should updated load shedding 24hrs everyday mulabuta imwe aii
959800342861410,add how expect people those upgrades having power still rumour kindly confirm whether upgrades done without power
950177713652456,mean page computerized don t think human being set 24 11 2024 deadline looking going through
557660213537739,less than 24 hrs notification metre provision how check hour deadline crying loud day 24 hrs before transition into monday
3811914502470546,how update power weeks now ati meter vandalised
924167659166907,zesco limited how even check power comes midnight goes around 04hrs people sleeping tired
1285413429149676,zesco limited how update dont power boss garden house sau maplot yellow shop power only comes 0 number s now month plus
1076749557508916,power comes ve slept already how expect us update only works updating dream won t problem thank
963842635565289,benja min t see also
963842635565289,tito kasanda imagine
924167659166907,tukuz anamela mututwa kkkkkk
924167659166907,tukuz anamela mututwa please say loudly
1103365944000251,zesco limited please advise how comply update meter power expected wait until midnight meters mean receiving messages asking update information done continue receive message how comply trying contact someone zesco assistance none numbers given work
790341336551434,how supposed update power since yesterday furthermore short notice should notified people least week advance given current situation power outages country
928129889415488,zesco limited how update without power
1312096596869539,struggle translate into mean loadsheding over
437232952759406,power ku ngwerere 48hrs going use flash toilets since pump water now s 22hrs still power please give us power shift now
540700515397617,others don t even k10 just extend deadline customers understanding force kindly same
1332848168092256,how going haven t power past two days
947800947193072,zesco limited tell useless team ndeke changa changa rotational schedules electricity witches having electricity 23 goes 05 useless imwe use use electricity around time shoes
1998224180681414,update meters loadshedding power comes sleeping goes while still sleeping please advise cause seems like mission impossible
841449014595749,how meter doesn t ma
841449014595749,henry mutale chimanga even ours doesn t
841449014595749,henry mutale chimanga name meter
841449014595749,chilufya chinombwe zambia electrometer
790341336551434,david jnr sakala provided bought units last 6 months must upgraded meter exercise started even before load shedding
1251971946038674,ba zesco limited nabaja bane tumeni ama nrc number impiya shabalanda nashifuma ni same same bones ndimwe ma scammer
579738547916602,using old prepaid how check
1128170745478914,how expect people update meter numbers without power most time darkening nation economic growth even courage disconnect citizens barely utilizing power rarely access indeed enemy progress turnishing efforts government puting empower citizens disconnect us shall complain through energy regulatory board
1636472860633097,us means wake between 01 04 hours just because s only time power how much punish us kanshi
581910654194613,decide tell customers over weekend short notice extended hours how people verify status meters
1286577086123323,how suppose check power aii admin pa menso kwati load shedding
1725700918274479,ba zesco limited bring power dead night witching hour how expect us check power
3466438970319411,think re totally failing people kalingalinga 8 days now people power transformer capacitor burnt team team came check nothing done power comes only comes selected houses re telling us update prepaid joke
478868854645444,ifwe kuno s just showing plc con kaya problem
1802524433906405,how check power nightmare comes midnight
1998224180681414,thedrina zee vlahakis kumwenda sis thoughts exactly expect us come house meter outside night check very stupid
1332848168092256,emy emelia ask mwandi
1332848168092256,salome thandiwe msoni imagine aii elo even putting deadline monga bawamizana power comes ni 01 05hrs past month
1636472860633097,chanda harriet how benefit us updated updated give us power 24 7 jokers
579738547916602,nchimu nya question too
579738547916602,nchimu nya stuck too remember update last year unless zesco says s annual event now
579738547916602,chilala onyego hachikuyu too bro let s hope s something new
1106402974283188,how without power kindly help us
1260522001936827,kuno power comes 23 n goes 04 time update update without power
942319534430038,screw how supposed those updates without power isn t way zesco updates automatically because don t see how people going pull off given deadline
1257524862250122,1 power comes people sleeping 2 think everyone social media get info 3 done ensure zambians information other than facebook page lot people even watching tv because power throughout day night people already frustrated having adequate power want frustrate us disconnecting meters whatever people upto kaya
1076151193988869,went how update power
913826857366209,how check don t power serious even put deadline give us power upto 24
910267914083968,poor way operating area power just comes night sleeping time updates
889008990008391,how update metre off 3 days ba zesco limited ve power supply 3 days customer care service report faults working properly faults being lodged manje tizachita bwanji
8613545648714263,cable stolen s week now how update meter please zesco
1864348144093796,y funny af because ain t way re seriously telling people right now giving till tomorrow
1106402974283188,veronica banda good question should extend deadline 31 december
1106402974283188,samson kamoto likando exactly
1106402974283188,veronica banda legends wait extension deadline
1257524862250122,mirriam singh switch off care haven t power 13days sure how should update meter s off
1257524862250122,patricia mbazima mmm 13 days way way too much unfair mwe
816837920467043,zesco limited meters don t ma how update
530953963101547,okay ba zesco since tomorrow deadline just inbox meter number update kili apa don t even ten coins buy units
963209262309928,mmmmmh consumer access internet
2070074933423687,how think people small phones know same upgrade please order
1546678479322668,mean ensure uninterrupted power supply
1299485121402214,how announce day before deadline brains
923013935994928,don t power how cam update
1074584167487830,how update without electricity don t understand
1550477338905911,how done power sure
2206170783118435,how check meter power
1864348144093796,joshua kosamu soooo outrageous
1546678479322668,grace lyoba ask boi good question
963209262309928,moira chikombola imagine ai only saw 2 days ago power coming awkward times sure how get done today
595452543049190,zesco ine m confused because prepaid meter letters how enter kct 1 kct 2 please
951348460234781,how place 005 without power
1307712497246378,happens us dnt smart phones n haven t seen message n top power access tv listen radio n put deadline tomorrow
1627443644860485,those fb should now how access information
1625424375051588,metre works electricity s electricity
548223958057240,how check without power
3851917855075036,how prepaid ever off
1116756016627970,work even don t power
548584151289469,zesco limited meter work without power otherwise s never power supply
1074403790843828,zesco limited called countless times report service cable almost ground don t respond
2206170783118435,purity sibajene mweemba imagine people very setting bama setting saana
1550477338905911,patricia kantumoya makukula people finish energy want us wake 01 even anyway
1550477338905911,judith nyachikanda sweta imagine awe zesco make miss heaven
1550477338905911,patricia kantumoya makukula too much
586968070681059,everyone online read also loadshedding extended period time people given reasonable notice like
856102363268876,zesco limited re serious company aside people having power exercise people business traveled different places country houses locked how supposed deal deadline tomorrow should come back update meter travel back continue businesses put month notice iyo 24hrs live same house same programs just because always go back house doesn t mean everyone just because leave people home doesn t mean everyone mwabako na logical s even load shedding keeps worsening
1630364274545237,manje ilya maintenance fee yanshi coz ifyapala ama updates should automatic anyway ine tapaba kaya
921326036600249,good news u promised us today 23rd moreover power advice updated without power
464588649563951,malaiti 24 hrs 03 how u even strength go press meter box aha serious
1629209498017373,energy regulation board erbenergy regulation board erb electricity 3 days expect us able follow ka deadline kabo decipline chaps
431150710039796,now us black how going even though prepaid off mean even don t power still press digits prepaid
570995898872291,zesco limited how haven t received 4 hours power today
538649818991659,best thing ba zesco update us since know time give us power get back control system s easy update everyone
928131458810342,update ok motive behind us customers updating tell us rather than giving us scarey notice having electricity hence venture into solar energy period excessive loadshadding yet update needed motives telll us zesco company need rest case
548223958057240,norin sichone calm down
1307712497246378,luisa yamba mu injury week namo nempiya yama unit theriz
1307712497246378,mwenya sikaundi imagine wariz vis na phone pa 2
1307712497246378,luisa yamba ask mwandi
1116756016627970,josephine chomba mubanga s working just tried
586576243746346,ba zesco should serious post something 23rd go say deadline 24th guys smoke aii olo make matters worse fima power supply only comes around 01hrs mwalipena very useless mangwamus indeed
913471983769764,zesco limited key change tokens mean ensure uninterrupted power supply isn t load shedding interrupting power supply need information update should update anything
1083869546555307,decision makers including pr corporate affairs department should mental checkups instead giving formula how people update without power hallucinating notices deadlines fundraising venture put deadline minimum amount put update amount t people just updated without buying electricity just need ka minimum something
1775418393314477,done even during loadshedding hours
1217856575972373,how update meters s power alternatives
534011082795785,ichibeleshi ukutikama bamambala imwe just should wake 01 check nonsense date mungulu state
1198378554560973,exam give during less than 24hrs think s everyone see within 24hrs
880379824216906,don t update update new high tarrifs besides how update useless meter power
1947229325798355,m sure whether laugh cry kind irresponsibility zesco surely failed project customer service team highly irrelevant
1293999082039855,updating work even household doesn t power need power update done minimal time sensitization statement wish should given information earliest monday week
1293999082039855,rose zulu s don t care type arrangements shows regards customers
1293999082039855,nalishiwa martin bright people incharge consumer s rights need take care situation coz s beyond
534011082795785,ven dar kkkkk chakikamisha brother
534011082795785,ven dar ukutumpa kweka kweka peacefully sleeping backup system elo njime zesco wants let switch off ll actually favour kale naleka ukucibomfya
1775418393314477,nadi n polela exactly t remember last time thing
1594589981168933,now how going check without power show us another way
551817310810798,see today ati deadline tomorrow
1644307496522936,zesco limited meter updated without power just asking
1144315603777218,haven t electricity 3 days straight how meter updated
3995061740769962,zesco limited how update electricity
467048809284648,kind smoke guys zesco limited smoke htf expect people us only seeing stupid message just now mulebako na seriousness job take people s silence granted sure just pathetic entire network
1542363739729921,wants us upgrade know very well us see electricity s miracle give us power whole wish cause don t expect us wake midnight s only time see electricity
496969586056923,work even s malaiti
952058353483448,way checking without power don t now s unlikely ll 24th ubupuba ubutabupwa
1108754516783627,how check power supply submit
1542363739729921,gladys getrude kabaso imagine want us wake 02 00hrs called update
1542363739729921,dear dream
3817640505157682,zesco limitedif s company just likes test patience calmness people zambia s people increasing tariffs promising 7 hours supply just going back word power over 48 hours salama park chelston green area zesco limited tired being given useless complaint numbers say resolved power hasn t restored s fault send people come fix issue salama park under chelston green tired
884425186806485,meter off connect battery make update
1271945307451767,how low sink ba zesco surely proudly giving deadline knowing vry well failed deliver same power talking how bad situation reached how expect pipo take serious because clearly thr logic sense
1472368846776985,currently zesco thinking properly tell us how expect us update without power please
583394940850912,zesco limited 1 yesterday asked question concerning us buy using mobile money didn t answer dont token vendors kwatu s buy usung mobile money 2 give us deadline know very well zesco limited don t follow schedule just extend deadline because everyone make always want us understand faults whatnot s also turn understand us
925697462310474,didn t already
1069715211517359,zesco limited power disruption power power country don t even remember last time saw heard power charged phone even ironed clothes due respect fishimyeni ngamulefwaya
1017511726800745,kindly show us how update without electricity thank zesco
962511389037694,serious outdated prepaids yours don t button
2576349285890892,mulebako serious ba mumbwe imwe how check prepaid meter eternally off agalu imwe
2576349285890892,teng ani xulu eehhh ndimwe okwiya
2576349285890892,zewelanji nachiweza bamani nyansa ba chule aba sweetie
2576349285890892,teng ani xulu awe naona
925697462310474,mercy nams yes m sure ve updated phone than once s periodic
925697462310474,arthur mwakanandi actually don t meter update doesn t don t see how work
8343158965790190,ati ensure uninterrupted power supply
1012280840655231,total madness how expect people update don t power supply ai
909596051135756,given defending zesco now agree jokers
1217100462683573,pend upgrading initiative until supply normalized how input those details metres asking going days power supply find power switch metres end today
1135886531575155,ifwe each time power restored prepaid shows power power output calling zesco 1 week now help whatsoever
1357394061953182,now
2938486026317644,seems like disconnected kuno didn t know anything don t follow page didn t receive other communication
1282455436277262,should use solar update aini ba zesco
1311207946549485,sure only targeted customers following facebook
1251050899466961,how check power doesn t come kwateni order ba zesco
3817640505157682,zesco limitedzesco limited restore power chelston green area tired tired calling buying minutes nothing
1135886531575155,felistus mulabanya ummmh s sad just go office shout
1135886531575155,thelma bwalya should surely get awe zesco should game mwandi
1135886531575155,felistus mulabanya thats used happen mine just come change meter three months ago
1135886531575155,erica chayi how long take come ur aid aii
1135886531575155,felistus mulabanya same day called mostly used come same day number thrs using call
1251050899466961,tulebuka 02 hrs mukuchita updated
1251050899466961,killian marcus imagine bakamba
8343158965790190,belinda thole smoke lot
770507935235942,like fool fell trick bought units now staring dark meter t upload past midnight now very very sleepy nikagone chabe
585587983923656,ve power 2 days now chamba valley
1281787743172394,updated even without power cos short notice don t even supply power according schedule also should 40 secs only entering 20 digit token huh wait minute count down ve singing mwankalako serious once weh
1120296419426094,people need serious honestly how put deadline power cases s comes dreaming
3889000111379095,prepaid meters key
602465905870103,electricity how expect us update sure
1581321032485071,simpler terms work 2am stuff
921247029504857,waiting count down promised saying want us wake 04 00 start updating prepaid
3936850839927381,how go doing cable supposed supply electricity house stolen week plus now
1234339967847834,okay just turn off everything don t want services anymore
1281787743172394,seemani haggai jokers ones
1281787743172394,ruth t banks jokers indeed bayendeko naku industrial break mwe seems re tired
770507935235942,norah mumba trick get buying units
770507935235942,petronella halwiindi simuchimba know how trick us time fools
1120296419426094,moses martins siame dreaming
1234339967847834,hon evans kabwita s annoying now
1107970484246496,prepaid meter works power how going update without power teach us how update without power come update zesco isn t serious nid plan b go solar generator remain without customers
2272938236420174,how update ve power 7days now
1085404613027172,mulagala update today deadline tomorrow power cames 3daz
544189258584821,don t see power household how possible before 24th ba zesco
1594917784453736,good news promised us should watch next 3days ayi
590586309997553,ba zesco limited sure account hacked coz ifi tafilepanga sense just waking kuma 01 update mtr
1695281181201338,how update day 4 electricity tomorrow sunday deadline
3877960815826928,mwikatupenya meters looks like updated sure
3947884352135993,how check without power t just automatically update fima meters imwe s just inconvenience most competent
905527851552707,zesco limited how update power such short notice
1594917784453736,bob kakumbi kulumbwa ask
1594917784453736,switch power ku ring road chalala update kaili
1594917784453736,bob kakumbi kulumbwa zesco make misss heaven
1594917784453736,daniel zulu telly m scared chances becoming slim
546124994932032,manje ba zesco limited ninshi prepaid meters started working s power how upgrade haven t given us power two days now smh
1106530991072117,ati deadline sunday posted 4hours ago power jokers
1147274600611921,how check haven t power since last week sunday
1550415722277796,how going power comes midnight
545916301631528,money salaries people now want get money us pa gunpoint k10 whole zambia lot money
27637132515902162,guide how update without power
893013686272681,use check meters updated supply power 3 3 30
1283679469436607,work even without power
539573425612002,ma old meter lol how update power play too much
497507806651940,mean update without power
1122021676311355,zesco don t give full information metre number starts 070 code 0057 symbol metre number starts 450 code 005 stress us enough without adding mix better off just telling us buy additional k10 units checking update stressing
488612390860147,wake around 01 process restore power trusted schedule
1289225959190705,how update without power onani ba zesco magicians mwapulika ka
896093612627425,button meter box advise
1888000131727022,how update haven t power two days
931813121610460,just say contribute k10 s company number should send names bring
565328749437260,want interrupt good sleep just update prepaid meter nevertheless how update meter without power
951841213661230,how u check without power
948731537070898,fi fwaka mupepa fikali also want how put short deadline pa 24 doing assignment us away home
1107824777667206,how people check without power mad s like upnd government came free weed give cause too much thinking backwards lies taking everything granted
1550415722277796,bertha chisala mulenga ask sister
1289225959190705,margret hannah sakala bandapulike khutu ndo doloka
1289225959190705,phany stephens mba gander
1289225959190705,margret hannah sakala vazi nabo ba zesco mutu suwe
565328749437260,bule kaira sleep wake power won t just wait till s back
565328749437260,gift meamui ilishebo drama series continues
583999740808276,zesco limited deadline sunday midnight saturday 23 11 24 midnight ok ba media communication awe late whose charge public relations extremely poor poor communication supposed start communicating month ago
887979126791669,kanshi haven t disconnected yet ise thought long time ago because never seen power kwatu just disconnect bululu
1109366427218697,pretty sure aware most prepaid meters dont kucita shani talk people having power update limbi kubomfya solar nangu candle
1296987521300263,how even check don t power ikaleni fye
1044451394146728,how expect us s never power should given us power over weekend allow us those upgrades
2817367398431657,ba zesco how update power comes three days area serious
1112510446981905,threatening disconnection already disconnected polite nama customers benu ba zesco limited whatever updates make mukatusanga bondi
586949507054810,ba zesco limited iyo deadline without electricity how us going
457632340301493,exercise shouldn t even deadline power goes kaya how many hours days comes back whenever befits
1696974997543830,upgrade won t experience power interruption
1122021676311355,rucksanna geloo right now anm confused because tired looking t see
1122021676311355,clement nmc look press 0057 different codes different metre numbers telling us think really frustrate us zesco needs game
1109366427218697,chisala s lasachi even mine doesn t kaya press now
1109366427218697,chisanga kayula ala ba zesco limited likes playing games us kwati fyamano
2410661519273097,zesco should unbundled into three generation distinction marketing let generation done private companies distribution should monopolized zesco let zesco distribute peri urban areas rea rural areas private companies town way forget loadsheding zesco
976862873282333,lweendo miyoba namakobo sister s like saying 2 5 7 1 6 7 nchimwi biyo
1393778251401137,ati s increase decrease
408819144761920,first time load shedded country remember load shedded under pf than six months load shedding less than week complaining already buy solar genset stop complaining
1361256761308377,oh remember tactics using call reverse reduction meaning increase 200 reduce 100
1539253826550352,remember prophecy joshua ignla said s gonna win s david saul
844750029934598,mmmmm eya mayo ati done apapene anyway guys kuno ku tee s m even selling charcoal now need malasha m available
879154983427096,upnd time remember 2026 home ground begging mercy watching
1338452506889039,power went 05 00 came back around 16 00 went 22 00 came back around 04 00 apa m just working kuma 07 00 yaya ll damage properties
8497039393670777,nonsense only those limited reasoning celebrate otherwise work done equal negative 0
724725065639374,went shop asked chelsea jersey salesman said should come back m serious
976862873282333,caroline miyoba nchimwe buyo ncobeni
1338452506889039,towera us s 03 00 13 30 same day 17 00 02 39 next day
1338452506889039,miche warren s now fridges survive
1338452506889039,towera same s went 13 18 same day 23 05
1338452506889039,towera same went 6hrs came back 13 30hrs s gone 20 30hrs don t know 6hrs talking
1393778251401137,tinnah shenky shugah thought jocking ai
408819144761920,felix kumwamwasa bakamba finshi mulelanda namutupela indalama sha genset
408819144761920,joshua mukwemba gives money buy electricity units
408819144761920,felix kumwamwasa support sir load shedding even before upnd came into power especially lusaka
408819144761920,phenia chikakaila exactly understand too shall pass
408819144761920,felix kumwamwasa don t forget people voted pf because hh promised change issue load shedding busy telling people ati s acceptable following
408819144761920,nickter shartel chanda ask
879154983427096,frank banda mercy 2026
879154983427096,frank banda imwe first time load shedded country remember load shedded under pf than six months load shedding less than week complaining already buy solar genset stop complaining
879154983427096,elizabeth mwanza insult ai
879154983427096,elizabeth mwanza feel sorry husband marrying empty tin t even brain storm
879154983427096,felix kumwamwasa truth hurts repeat 2026 home ground know mount tears drop heard matter how louder cry ballot paper speak only language hear meanwell citizen beautiful mother zambia
879154983427096,nelly daka right mercy way told fimba bursted
879154983427096,felix kumwamwasa true brother people think clever others problem only look bad part good part nowonder kill each other
879154983427096,don t tell deaf blind public failures pf power
879154983427096,frank banda yes agree
879154983427096,esther mangala yes baka fimba baka poka
1539253826550352,isaac zulu miss prophecy
1539253826550352,isaac zulu take papas seriously nigeria re having elections february papas quiet because people nigeria know re conmen
1539253826550352,aimed kahama omar same s god avoiding previous elections
1539253826550352,isaac zulu saul
1539253826550352,chishiba jackie appointed saul throne
1539253826550352,isaac zulu u lying stop misleading people joshua ignla never said th prophet only said hh destined th president zambia
1539253826550352,ann hamatu mulenga mentioned prophecy
1539253826550352,isaac zulu s true
724725065639374,shy gibbs international graphics funny days sundays
724725065639374,shy gibbs international graphics think s funny
724725065639374,shy gibbs international graphics tell ati arrest together harry potter
724725065639374,shy gibbs international graphics let potter ball continue
724725065639374,wilfred j mwanza listen
724725065639374,means seller also serious
724725065639374,shy gibbs international graphics simbarashe soko behavior kuno
724725065639374,feel attacked chelsea fan
724725065639374,shy gibbs international graphics kkkkkkkkk sounds fun
724725065639374,protasio mwelwa jr sales man understands assignment
837517727541875,covid yawamapo pali ba zesco
2309913445845051,just accepted bally specialist failure doesn t make sense
1091675505563821,ba zesco na boma yesu chipate patefye ni try error today say tomorrow thy ll say very inconsistent planning policy direction
1213964482806850,didn t bargain remember load shedding
534250465132209,useless instead reducing 14hour just split two halves doesn t change anything see reason creating board consisting zesco erb rest first place
6266739920037792,making sense better power during working hours than sleeping hours knowing only phones fridges left using power rest off bane tiyeni tusalapuke issue water ku kariba new started mu pf meaning plan should implemented word go power handed over guess someone overlooked see now effect lot businesses affected end day someone pay tax rentals bills take care family come amigos
707873887745003,nothing good write home t just terminate contracts exporting power visited kariba nothing like low levels cause slogan should always zambians first path taken sir
484235327119582,remember 1997 german anchor name nebuzburzimbeletbagker since jumped name tell whole story
1545406125960538,ni course ya coartem nomba
879154983427096,felix kumwamwasa foolish
879154983427096,habasimbi h abbigail people thought easy claiming end load shedding
1539253826550352,isaac zulu person doesn t heart pipo zambia electricity t going 12hrs s too much time pf power never went 12hrs person filled
1539253826550352,chishiba jackie put
1539253826550352,isaac zulu remember prophecy very well
1539253826550352,isaac zulu also remember prophecy
1539253826550352,moses chewe umutwe kwati ni zambia electric learn understand things naumonapo 12 hours apa
1539253826550352,isaac zulu david saul prophecy
1539253826550352,ann hamatu mulenga said hh destined presidendy david saul
1539253826550352,moses chewe english cause miscarriage boss
1539253826550352,miles jay man iwe lekaifyo ve split 12 hours two s re experiencing double black outs day like off 05to 11hrs same day 18 24 hrs
8895988010418731,kadija molly tembo ma pressure ba c
8895988010418731,kadija molly tembo ba aunty nichani
8895988010418731,emma ntongama ahhhhh mommy emma twalema mukwabo ahhh
837517727541875,philimo voice afrika really
837517727541875,philimo voice afrika covid ni ifa bwana
837517727541875,philimo voice afrika nakana ine atleast much better
837517727541875,philimo voice afrika
837517727541875,philimo voice afrika mmmm covid yalimfumishe fwaka ine
837517727541875,philimo voice afrika hear sir
837517727541875,philimo voice afrika thank please
837517727541875,guuya blessings mainsa mum
1091675505563821,kelvin zalawi sichone bwafya try go
1091675505563821,kelvin zalawi sichone zambwino palibe
1091675505563821,samantha kapukulo zp
707873887745003,mwelwa phillip signed same contract aai
707873887745003,chilyana chitala whoever signed either pf upnd cancel country company make profits make people happy
707873887745003,mwelwa phillip producing power expensive local citizens going manage pay same price outsiders paying
707873887745003,chilyana chitala doesn t matter exporting gives country foreign exchange
707873887745003,anfield sinkman benefits how feed neighbours children yours hungry too let s selfish ngatapali tapali export
707873887745003,anfield sinkman benefits just political leadership capwa get loans accomodation security
707873887745003,mwelwa phillip whole country benefits terms foreign exchange helps zesco stay afloat like said zesco makes like 4 times amount money exporting than selling locally
707873887745003,anfield sinkman educate please
707873887745003,anfield sinkman uncle fyesu twicula just because few greed people
707873887745003,mwelwa phillip s easy think obligation honour part contract
2309913445845051,zollywood tv sir agree
2309913445845051,zollywood tv bally just ok
1539253826550352,know saul
1539253826550352,miles jay man ka volume
1539253826550352,moses chewe kwateni order nesukulu tata s hh faults experiencing loadshedding believe people want tarnish name president how come just president visited kariba dam everything changes imwee lekeni umuntu abombe
1539253826550352,siwimoji siwi could meaning prophecy sir
1539253826550352,judy mulenga those
1539253826550352,isaac zulu joshua iginla confused first said recently also said president zambia going deliver
1539253826550352,miles jay man s still 12 hours per day split into 2
1539253826550352,isaac zulu remember vividly
570498601194220,zambians deserves better management resources than how wish people leadership would feel pain anguish general public undergoing through such petty decisions being implemented first thing first stop exporting power those called neighboring countries until stable measures attained country secondly rearrange top management removing cadres offices high importance
1366446937441510,people zambia ladies gentlemen remember journey israelites let hh take caenane moses today
481698757452496,bally mukali entire zesco including ministers thought meanwhile people still asking difference make atleast someone saloon barbershop chance work 6hrs day nganafikupita lobe
688737036293807,good solution starters keep coming
1252220168979432,doesn t change anything iphone users
633645125228896,problem those people switch off dont even follow time very quick switch off take forever switch lights order
1308233376575145,fuel electricity headless chicken drama
867405641174083,read than 5 times still t understand trying say need bally s calculator
3414252175453607,wanted say something now don t remember life chai
876960783573740,use solar panels cooking use gas stove even complete shut down okay
837517727541875,philimo voice afrika awe covid twakana malasha better
707873887745003,mwelwa phillip yes s yours takes money run same people criticizing zesco government goes bankrupt
707873887745003,mwelwa phillip keep calm bro misunderstand
1539253826550352,siwimoji siwi l remember re hot soup
1539253826550352,isaac zulu very true remember prophecy
1539253826550352,isaac zulu advise brother read bible see difference between david saul
1539253826550352,bally vote
1539253826550352,isaac zulu totally agree too remember part prophecy now undestend mess anyway god bless land
1539253826550352,isaac zulu s even saul
1539253826550352,ignla always prophesy apposite
1539253826550352,isaac zulu remember hero s stadium
1539253826550352,abigail mkandawire yes everyone furious part saul including honest
1539253826550352,isaac zulu stabilize afterwards
633645125228896,cristinah lay s things
724725065639374,shy gibbs international graphics
1366446937441510,nsama patrick awe sure chipante pante government
1366446937441510,chilufya daco president god wondering people zambia don t understand story moses israelites
1366446937441510,nsama patrick people very impatient zambia wonder how manage wait blessings
1366446937441510,nsama patrick mose chosen god unlike hh chosen human being always compare god humans earthly issues please let god alone just pray forgiven hh also should just sincere thank
1366446937441510,nsama patrick
1366446937441510,let us know issue comparing hh god catholic church song umuntu nangu achindame tewakulumba kano fye lesa uwamumulu ewa kulumba ee let us very careful compare zikomo
1366446937441510,nsama patrick stop comparing moses hh naiwe let s just get used na loadshedding
570498601194220,pamex siamaleke support u
570498601194220,pamex siamaleke know power being exported while locals being loadshedded s because locals t afford pay right amount money power ask yourself farmers prefer sell maize congo than zambia
570498601194220,anfield sinkman such minds trying clean accepting things beyond income let things country attainable complicated principles economics applicable developed world
570498601194220,pamex siamaleke mindset wanting free things should cleaned expect zesco giving cheap electricity run loss how expect run s operations isn t making profits would like run bankrupt start blaming government business
1252220168979432,misheck cheleka business wise 6 6 better than 12 hours mean 6 6 12 b 12 0 12
1252220168979432,misheck cheleka things just thought iphone
1252220168979432,eating phone
1252220168979432,misheck cheleka charge phone once nd doesn t drain easily
1252220168979432,misheck cheleka ninshe phone using
1252220168979432,misheck cheleka change
1252220168979432,ernest kasamba english ain t iphone user want go back android
1252220168979432,angela ngoma depends kind iphone otherwise buy iphone x above won t problems thank
1252220168979432,dianah z bwendo buy x going trust won t complain charge mine once well
688737036293807,ta sha see
876960783573740,martin jnr how relish
876960783573740,martin jnr friends enjoy life
876960783573740,martin jnr s others
876960783573740,martin jnr ll coming cooking go eat home
876960783573740,mwiinga mulinda malambo ok
867405641174083,lily mununga important thing family still loves
867405641174083,milton mwansa need calculator
867405641174083,thando kay still same thing 12hours
867405641174083,lily mununga mwebaileko kuma private schools twice day
867405641174083,lily mununga ni same fye mwe kaili saw ma wow wow most pages nati maybe fyampita
1366446937441510,told s moses
1366446937441510,nsama patrick moses didn t enter promised land someone else took over choose point reference wisely read bible
1366446937441510,nsama patrick let take us won t enter promised land
1366446937441510,nsama patrick let spiritual eyes open please
1366446937441510,nsama patricknsama patrick careful god punish
1366446937441510,nsama patrick moses don t mock spirit god
1366446937441510,nsama patrick s old testament don t compare moses please
1366446937441510,nsama patrick eeeeh told s moses get drunk praise singing
1366446937441510,nsama patrick mmmmm s
1539253826550352,dalitso phiri yes everyone furious part prophecy including honest zambians went official page argue
1539253826550352,dester muzyamba ok see
1539253826550352,franklyn mbale yes goes against tide s goes popular opinions
1539253826550352,isaac zulu too didn t sit well reality now us see
1539253826550352,predious chiinga doesn t matter prophecy s u see similarities saul such moral decay arresting someone protesting against homosexuality
1539253826550352,predious chiinga man respected nigeria never missed try follow many false prophets doesn t receive money politicians speaks mind god
1539253826550352,isaac zulu find video zambia
1539253826550352,isaac zulu true increase volume
1539253826550352,isaac zulu yes remember very well prophecy joshua ignla indeed s david saul
1539253826550352,pickrell knowels true speaks mind god says s david s just saul really mean
2688712201265424,now introduced half time kutushako 6 hrs boom nakabili yaya
904817483868968,bally means well s only managing country comes unforseen circumstances
1251041295755993,quote minimum 6 hours minimum could 12 hrs during day 12hrs night jst buy dry stuff
472159101770561,drafters piece smart s reducing load shedding 6hrs 24hrs splitting 12hrs whole day into two segments means 24hrs instead having continuous 12hr load shedding having 12hrs split follows day 24hrs meaning 4 six hours es hence first 6hrs power next 6hrs power next 6hrs power last 6hrs don t power bringing total 12hrs 12hrs without power 24hrs day hope makes sense now ve gatta smart appreciate language
873152884103138,problems having monopoly system wish could start u electrical company compete zesco otherwise beginning hunger many homes
1212784172667362,people want play us ve seen
741211864091012,following timetable muliko nakamungulu
530851722153204,incompetence zesco che kaya take president pump sense into stagger outages something commoner think
475515214753875,government s only president should find solutions ministers sure
583461980247503,monga pali na tuma light
1366446937441510,nsama patrick moses didn t enter promised land hh7 enter 2026
1366446937441510,shekinah ntubungu lifumbela every days knows bible friends thing eating people s heart over praising praising
1366446937441510,naimwe u see promised land u won t enter kosenipo
1366446937441510,nsama patrick repeat
1366446937441510,2026 someone going back ku ma yard
1366446937441510,nsama patrick unless maybe canaan
1366446937441510,insult just commentar
1366446937441510,nsama patrick kwena ati moses instead spiritual son seer 1
1539253826550352,pickrell knowels litmus test use s true
1539253826550352,heza lawrence mambwe ok definitely
1539253826550352,francis muma bunda s good u remember well lets just pray god s mercy s preserve us come land coz wen look life king saul s really scary 1 jealous other peoples success case david 2 wanting others better than 3 turning pipo israel away god
1539253826550352,isaac phiri 1 introduced taxes 2 jealous other peoples success didn t want others better than nearly killed david coz woman praised david over 3 turned israel away living god u moral country name order human rights u see first time police arresting someone 4 protesting against homosexuality
1539253826550352,cynthia chawah yes coz u look king sauls life during reign over israel especially turning away israel living god s really scary
1539253826550352,aimed kahama omar try find otherwise among people got upset over same even went over prophet s page started ranting u know us zambian wen comes ka language otherwise rightnow feel guilty having done
1539253826550352,melody mwelwa evans glad u otherwise tefintu bola naikosa
1539253826550352,isaac zulu whose david s sad how shallow sometimes reason hh would just blues start loadshedding zambians prayers fails ain t going happen s great whatever happened power supply country happened now govt quickly fixes things before year ends loadshedding nolonger issue
1539253826550352,brenda kash s true
1539253826550352,kapyelele kerris feel sorry trusting politicians s sad u think loadshedding end first place loadshedding caused same politicians nampower electricity supplying company namibia stopped importing power escom south africa zesco supplying whilst guy s being told lies s loadshedding s over net just google u find unless just want ignore reality coz love president
1251041295755993,brian silwamba people want trick us think dull
1212784172667362,naomi phiri already playing us dear ba praise celebrating still remains 12hours power day most zambians sleep 8hours
530851722153204,ryan sikananu sikananu infact worse 6hrs power next 6hrs don t let 12 hrs stand than mockery
530851722153204,martha george done order keep micro economy running
530851722153204,martha george people window pressing issues need power intervening time
530851722153204,ryan sikananu sikananuryan sikananu sikananu indeed
530851722153204,bupe kunda meanwhile leave home power come back darkness lol
530851722153204,martha george d rather small businesses run expense cooking cooker watching tv
904817483868968,chipawa louie luwi volume
873152884103138,kenny malungakenny malunga order order honourable malunga floor
873152884103138,joseph mu long time brother man
873152884103138,kenny malungakenny malunga longtime indeed kenny moniter boi ku li watsup group ya class yatu
873152884103138,joseph mujoseph mu awe boi ba guy bonse ba uzina tuma small itel
472159101770561,don t need classroom formulas justify wrong whole scenerio bad serves purpose ve failed reasonably curb challenge
472159101770561,peter gondwe help partly unlike having power entire day achieve half way wouldn t achieved without power consistent 12hrs
472159101770561,russell hibajene muvwende uliwano iwe nintalikana nefikopo uku
472159101770561,russell hibajene muvwende wise brother
472159101770561,russell hibajene muvwende still relief having six hours between electricity better than continious 12 hour power outage
472159101770561,russell hibajene muvwende people just don t get even straight foward things
472159101770561,saliya litana hahaha humbled
472159101770561,russell hibajene muvwende atleast s relief because sometimes 24 hours only power 9hours calculate wasn t good even following schedule
472159101770561,russell hibajene muvwende wait wait wait thought s 6hrs load shedding day like 24hrs goes 6hrs only those groups like group f cuts 05 11hrs tomorrow maybe cut 12 18 other day just like s twice 24hrs dead anyways don t even follow own time table
472159101770561,russell hibajene muvwende those double cuts power cause harm than good people need alert take precautions order safeguard appliances like
475515214753875,bawishi sophie solutions
2688712201265424,levy musonda jr ala mwandi
2688712201265424,levy musonda jr yaba made day t stop laughing
2688712201265424,levy musonda jr kikikikikik kwati ni bola ka
2688712201265424,levy musonda jr ala tefintu
1539253826550352,ann hamatu mulenga argue want guys truth truth prophecy being fulfilled before very eyes
1539253826550352,phiri davids thanks sir guys forgetting voted think s hatred since took over presidence moral decay country increased first time people being arrested protesting against homosexuality christian nation shunning away 18th oct day prayer fasting nation almost introduced legalized man marrying polygamy constitution serious issues nation
1539253826550352,isaac zulu s true those issues must addressed once speak something praise singers condemn want pretend s god
1539253826550352,moses chewe filled
1539253826550352,judy mulenga changed mean dividing 12 hours loadshedding into 2 first time experience such zambia
472159101770561,since iam four eyes person t see anything changing alternating still 12hrs
472159101770561,russell hibajene muvwende simple ad straight forward ad think everyone child t analyse issues understand english awee sure
472159101770561,russell hibajene muvwende playing minds
472159101770561,mwebantu better than 12hrs continuously
472159101770561,russell hibajene muvwende mmmmi understand now awe iliko bad
1133780710671114,pipo complaining ninshi stay nama light takwaba
4523293367795418,meaning every 6 hours having power switch off loadshedding twice day even confusing
885707319525548,bally means good country
3502869939982267,way ba zesco bay na cool wire wire fee
425161906424474,eish pressure getting worser regardless now schools open need power 5 morning 7 morning just prepare bundros joy please wish put into consideration because uku kosha inkuni kuma zero 4 warming water bath awe mu 2023
2182068691972856,m expert viewing analyzing post beginning end line line word word letter letter came conclusion say t say anything because said beginning m expert
2260599904134637,took president pump sense into ahhhh
1638398146614982,bit fair mwe
558946559494916,difficult own take whole president come pump sense into brains 12 hrs load shedding small economy like dependent sme s president good man maybe needs bring back white gloves shake things little bit bakateka bring back white gloves urgently
1132178137441275,bally guys made lungu go back chawama remain working whilst lungu went crying careful guy just fire bring another board
2260599904134637,fred k daka maybe
2182068691972856,titus masumbuku ivunda just likes
2182068691972856,titus masumbuku ivunda made point now sleep
2182068691972856,titus masumbuku ivunda stop wasting precious time
2182068691972856,old now literally every page see copy paste
2182068691972856,titus masumbuku ivunda day made
2182068691972856,titus masumbuku ivunda omg man kkkkk
2182068691972856,titus masumbuku ivunda still smoking kkkkkkkkkkk
2182068691972856,lee ching kusemwa stopped
558946559494916,ndeleki mugande thats said cant say much coz camera sure upset
558946559494916,ziwase phiri sanzi oho
558946559494916,done reduced loadsheding hours kuti waseka
558946559494916,ndeleki mugande read understand
558946559494916,bakopo kaili t think own
558946559494916,sound dull man
558946559494916,ndeleki mugande u thought aware happening interms loadshedding loadsheded full knowledge
558946559494916,ndeleki mugande promised put end load shedding forgotten
1638398146614982,mwewa kennedy praise being realistic thank
1638398146614982,finidy george sims yes should facing reality always re welcome
1638398146614982,mwewa kennedy praise need job zesco
1638398146614982,finidy george sims offer s
1638398146614982,mwewa kennedy praise inbox
3502869939982267,besa j mwansa napanono wetata kuwayawaya saanfye
3502869939982267,andrew nsama ala tefintu mune
885707319525548,johnson njobvu get mxxxm
885707319525548,johnson njobvu happened finished loadsheding just year power madam praise singer
885707319525548,johnson njobvu very dull u fools making things worse
885707319525548,ber tha mwango iwe
885707319525548,johnson njobvu s re njobvu elephant
885707319525548,ber tha mwango idiot
885707319525548,kalunga kunda evans yes choir master
1133780710671114,emily m mbewe s zambia nation kaili
1133780710671114,emily m mbewe just mention know
1133780710671114,elias katonya number s
1133780710671114,elias katonya okey ku pamodzi ku ndola kwalibapo ama light
1133780710671114,emily m mbewe ifwe used tropical rubbers
1133780710671114,emily m mbewe vayolensi
1132178137441275,ras zulus imwe naimwe nkhalani chabe
1132178137441275,onelia bandaonelia bandaonelia banda don t know made lungu cry still working
1132178137441275,onelia banda guys don t joke s longer limited company anymore
1132178137441275,ras zulus kkkkkkk let s move forget past let us face reality now
1132178137441275,onelia banda never present without past learn past how lungu went crying bally won t learn awe cry too mark words
1132178137441275,onelia banda ba banda history important
1132178137441275,ras zulus lungu mouth too much over never saw lungu cry held head high daughter side maybe missed part cried only man saw cry late rb may soul rest peace
1132178137441275,ras zulusras zulus please get fake history even bible encourage us forget former things ati old gone new come
1132178137441275,onelia bandaonelia banda ask bowman knows very well how someone cry stadium mmmmmmmmmm sister power good
1132178137441275,ras zulus nkhalani chabe new body already kkkkk
2182068691972856,muhau kabuku boss
885707319525548,johnson njobvu nothing mean well ba pf worked da first president bring loadshelding january shame
885707319525548,shares
885707319525548,johnson njobvu amano te sanna
1132178137441275,ras zulus awe baba nkhalani chabe arguments pointless baseless
1132178137441275,aposto cz josi ibac please educate boy joined fb last year april
667111548500682,thinks ifwee tatwakwata mano batinii aiii 6hrs power 6hrs bashimya yabwela bashimya tebupubo obo nomba
1196199424340136,means experiencing loadshedding every 6hrs still gives us 12hrs loadshedding 24hrs awe naikosa
723300012465266,audacity even show us tym frame t even follow mxxxm
1949331072069915,better because most business depends electricity
698220705272026,whole zesco management never thought 12 hours good economy guys just jokers
874509763853596,physics teacher would say work done equals zero
3458034251121189,thanks much otherwise affected us conducts online discussions lectures nursing students across board
1204525363815936,wonder zesco going say judgement day simple instruction let light t obey iyo 6hrs chimo kwati ni 2 days
1169109660383293,better least 6hrs power during day good those small businesses
729761978322271,m wrong correct message zesco simply means loadshedding reduced 6hrs sense power kabulonga ibex woodlands other areas 6hours becomes vice versa ba zesco kalingalinga helen kaunda power hasn t gone past 7 days complaint concern worried happening
723300012465266,jojo long exactly thought
489522783263968,thinking babweshamo kansi reduced increase nabo ba ze powering ze nation gotten used current schedule already lekeni ifyo
860026851917551,remember someone telling us loadshedding
512295627663520,govt should construct hydro power generations luapula north western provinces receive rainfall failure lyashi lyakwakaleya
720163412965790,difference same
648295807070819,problem zambia always like politicking president move comfort zone fault finding mission med energy experts told reduction number loadshedding usual other people seeing positive move different lenses
1016113056445921,same know selling something k6 know customers come negotiate put same thing k12 avoid loss customer comes say price sale thing k6 yet thing k6 customer say least negotiated half without knowing k6 actual price intellectual very very important than working under pressure
489662936581792,zambia circus show
410248704621176,power went o5 came around 11 went around 17
698220705272026,hon mwinga just imagine mbuya
698220705272026,hon mwinga fire
698220705272026,hon mwinga s still 12 hours
2317284321774525,dipsy zambia awe tigulise chabe
460000529681418,how improvement now 24hrs places indicated schedule break authentic issue zesco
1144498916255701,quote changed schedules intended provide customers relief relief
1380815312686577,6hrs power twafimba twapoka
2017595225100451,need concrete proper solution load shedding zambia developing country without power 6hrs urge setback small businesses depends electricity operate beginning every year experience load shedding making proper plan proactive
1259562757957102,bafakako half time manje monga bola
527188406053799,12 hours split into ma 6 hours difference make t understand mathematics
2054844194718605,make sure same hours rubbish experiencing kamwala south want just away zesco sun tuchule
562895362167565,since s nothing guys nasala option 23hrs 05hrs
520241180203543,mu zambia kuti twalikala kanshi twaba muma celz tatwaishba how electricity going whole day mu chalo
1142773309757283,truth company got capabilities enough electricity stop loadshedding s just something telling us
1144498916255701,chikondi rose shawa imagine ayi
1144498916255701,chikondi rose shawa imagine ai
493540736030616,please load shedding pa weekend loadshed s time cook watch 19 hrs news morning make breakfast iron clothes
903100007535654,someone today known people power ati pf people power see laughing matter
509875321241534,practically say s 3days without power power coming midnight going before wake
485405080193745,good torturing people small businesses operating via electricity indeed poverty won t end zambia matter how claim fix economy question how people depending electricity going survive coz hours too much
1332443117593026,bally someone should lost job serve lesson others how lie president now excess power yet s lie
696804132160570,yes s loadshedding us re very fortunate power don t go even bit s previllage living village less populated areas re powered every time thank zesco
1776648382722259,m loadsheded yet fridge tv house electricity definitely m using touch finger batteries loadsheding probably equalizing neighbors electricity tulibamo bene apa
511739577605415,kuwena 05 sure us got children awe zambia change sure sure employees heart broken s s changing ama timetable mwe ni fuel just done weekly
906861247329552,ala loadshedding brought harm rain season schools opened s really difficult now how even prepare food also water bathing young children ummm s pity politicians liars always take us granted shame
3036557793303467,quote zesco limited default structured load shedding exercise staggering each outage minimum 6 hour period end quote case didn t see masebela bhati
1259562757957102,saidi masili banda iwe boi sumvela didn t know re hilarious
1259562757957102,phiri knox lucas lol
1259562757957102,saidi masili banda since ni champions league kuli ma group stages na ma knock outs
1259562757957102,phiri knox lucas ndeve chaonekela boi
1380815312686577,lingson mwanza na means power going 2 times day
1380815312686577,charles ilunga shall see
1380815312686577,lingson mwanza balengamo futi muchizungu key word ni splits reduce
1380815312686577,charles ilunga read also s making sense na time table yabo
1380815312686577,lingson mwanza making sense let say re loadshed 05hrs malaiti yazabwela na 11hrs malaiti around 17hrs yazayenda come around 23hrs
1380815312686577,kukonka che time table apa kwati
1332443117593026,sir kenneth ngulube thoughts too
903100007535654,angel bernadette ck even mean
903100007535654,sipalo alex ntoka people condemn still going lie water levels everyone affected youth begin regret voting coz s change
903100007535654,angel bernadette ck under pf endured cadersim load shedding loss innocent lives scandal scandal fire tenders forest 27 kwacha loss value employment freeze secret recruitment into police defense forces lack repair government offices lack respect men women uniform name u still t see change u pharisee
903100007535654,angel bernadette ck yes bro u point u know better than south zim terms power pf ok only thing blame s caderlism men uniform respected matter education point less
3048240672151024,bally also promised end load shedding look now time teach politicians 2026 lies kick power promise achievable heaven earth t manage
864003481516603,12hours okay dont want dstv benefit
559716629070332,best just make sure power cuts immediately chelsea start playing save lot energy power bp
1576115159502762,mwebantu company needs competitors don t see 05 08 10hrs check time schedule s saying 9hrs 6hrs behave supplying us electricity free stick schedule
730265781636519,kamwala south s now 14hrs since yesterday 16hrs really fair other day 2 days power how make programmes time like work getting affected
1322434861928316,umungulufye first how suddenly start load shedding middle rain season tell people water october past ten years story same without solution
1369890623838604,doesn t change fact pressing iron got damaged ndechisa mpoto smelling like ichimbala work
475797351387622,power going twice day 6 hours
637927768087719,zesco management rotten completely giving us break power went 05 hrs came back 14 hrs how many hours 10 hours 17 hours power went coming back 23hours 7 hours totals 17 hours
666239068516046,things getting bad worse food money even hope work find something family s gone how work without power mr president just bad every bad things happened 1 year
527188406053799,rebecca sakala mumbi elo mathematicians saying ifwe very lost terms understanding
527188406053799,rebecca sakala mumbi maybe mean 2 times power outage separated 6hours goes 6hrs comes 6hours goes 6 hrs see happens mwe otherwise mmm
475797351387622,susan j stephens imagine absolutely difference fuckery highest order
475797351387622,peace kandy bring even confusion let s see how unfolds smh
475797351387622,susan j stephens plus zesco don t things time 6 hour periods ll running into 7 each ka 14 day
475797351387622,susan j stephens seems like
475797351387622,susan j stephens kaili give breather given snorkel since technically still under water
475797351387622,peace kandy true omg
475797351387622,susan j stephens next ni 3 times
475797351387622,susan j stephens still 12 hours
475797351387622,susan j stephens exactly question went 05 came 13 17 went apa still nothing vaupuba chabe ba zesco
3048240672151024,chunza kamanga true bro
1633600697097916,solution definitely indirectly relief those run businesses completely depend electricity like welders barbermen salons problem huge government needs find way cushioning impact masses
1077101027019576,woke 02 morning stand line vote stayed till 15hrs s time life il never recover
507152648185346,loadshedding reduced 6hours means also reduced 3hrs fibweshenifye twapapata
701007491643584,kind government people ruled like animals t reason lot small entrepreneurs affected many businesses lose millions kwacha nation today
2864588043685007,kindly explain means us because difference sounds same
6528614153822656,don t see sense look how hours split business uses power still risk
5034726106630481,very very sad say least let just shut down zesco please
409864024658433,load shedding problem decades shut let people resolve
511224641076840,short re saying ve created crappy time table having power during peak periods anyway kuzumbana naba zesco just nerve wrecking mxxm
1755477978180396,s like break giving us time charge phones only very pathetic
2864588043685007,vian suwilanji simbaya difference same areas end experiencing load shedding even 3 times day 12 hours straight even better purposes planning day
2864588043685007,vian suwilanji simbaya naine kwati yampita
1077101027019576,michy susan musenge lol epomwaba sister
1077101027019576,jimmy ashtag still going strong che
1077101027019576,michy susan musenge lol ohgee keep strong only strong survive
409864024658433,catherine lumba nyambe tru
564043215736577,load shedding way fuel prices being increased reduced hard make solid decision once
501367885418814,surprise same loaddsheding only happening few area s lusaka within lusaka places never experienced power shortage s nice go through still only few places lusaka looking other provinces even getting surprised say thing load shedding happening places s too much mwandi otherwise run businesses family help power supply s making sense u just interested few places lusaka
853492429266225,won t even follow schedule ise ku chalala being loadshedded 11 hours per day
1140285630023705,re going kill children kabwata flats danger cholera order day because water depend pump now through day night split good enough lives danger please look into issues scary
1386230895455401,trying plot time schedules frequency distribution table making sense data continuous breaks palibe 6 hrs break
691055962549616,kuno power went yestrday around 11hrs came back today around 15hrs
722921442739592,mwalelolela ichalo chonse chilande zambians good people mufwayafye ukutonaula apapena mwalya
1235114530763821,bet pf sympathisers cant get thing zesco tried manipulate wud maybe free education jst maybe cud catch shall tell submissions
1569780666806418,don t care how u interpret think wise person better n encouraging having power 18 hours 24 hours 75 24 hours looking forward further deductions hours
868318260882424,6 hrs intervals without power t still trust process zesco
853492429266225,leah nachilima awe real munakuka boss even saying ku chalala pama bedsitter mwenze zee miss too boi
853492429266225,alex mumba iwe loadshedding pama bedsitter tenze bazungu
853492429266225,leah nachilima kaili moved kuma yard keep quiet ala
1653764831741282,let night coz s disturbing business like way shikoswe power went yesterday 11 22 came back today 15 20 now how going working example us stationary saloons butcheries etc
688893926352354,year year nima regret chabe polotishans sing same song fixed loadshedding mulungu naye avala pompi yamvula zambia needs long term alternate energy solutions actual solutions pakanwafye
614862720641260,let ever charge cutting power promoted immediate effect ndafya doing absolutely well field
1603467320124996,rubbish power goes twice day
820122623123701,very useless how wish wasn t monopoly n competitor like mobile providers wouldn t customer
697366508700436,like breaking girl twice day yaba way 2026 zesco vote alone
879838946387363,atleast see improvements schedule kudos
856642012112606,literally difference still load shaded 12 hours 2 six hourly segments day even makes worse
1761330254239982,really think people hospitals depending power because oxygen only visit hospitals see people dying decision s right
921314262582264,upnd packing bags wait
708646777547324,qoute minimum means don t maximum even go 15hrs
4846508602140505,people still complaining s easy talk criticize u aren t league put u president forever darkness
1197230877868149,well done indeed capable hands thanks mr president visit maamba sisvonga meaningful
2708694619260732,total rubish yestaday power went 5 came bk 17 today 6 gone nish vuto ilipati ayi
496420029268773,electricity went 23hrs now theriz
549020607150674,zesco just needs unbundled also need competition monopoly yours means treat customers way like because else go
1698478740548102,iwe ba zesco mean twice day don t understand clarify
726411752036852,savenda electric bulbs last 8 hours let s go buy should staying dark during night
857564435493695,thing don t even follow time table s biggest problem just switch whenever how ever like could give us solid timetable would atleast help us plan
1832152390496031,even marriage wife becomes big headed introduce side chick tame s zesco avichitilamo bcoz other option resort otherwise company also needs replaced side chick company kkkkk
921314262582264,john mulenga zero until 2055
921314262582264,john mulenga loadshedding new compared passed through muli adada
1832152390496031,jordan chikula right bro
481698757452496,frank curtis brown still praising
481698757452496,frank curtis brown yes better
481698757452496,frank curtis brown sonny ama fridge bushe yali safe
481698757452496,febby k munchini yalifye safe mammy
481698757452496,frank curtis brown very true
481698757452496,riddah njovu 11 17 power time work 8 11 3 hours work most clients cleaning anyway very true
2708694619260732,mulenga trudy saying starting monday baby naimwe vuto ili pati
2708694619260732,jabes shawa ok batipesha aba banthu elo hope stikto bt cnt understand power b going once olo bwanji explain boss
2708694619260732,everywhere power supposed go once unless otherwise understanding instead having power 12hrs way s ll now having power 6hrs calm down bakazi banga
2708694619260732,jabes shawa shall kul temper
2708694619260732,mulenga trudy iwe nichani kansi
722882109195958,please take electricity forever
525771516014368,ll put like pafikoti 12 tulingile uku mifupula twakulemifupula ifili sikisi mwatushako filya elyo twamilutula nafimbi sikisi apa kushita fye karen s beans nemintesa pantu frozen food ni forget don t even remember last time saw ice freezer pertinent question 12 hours
3238588863025453,just removing dust solar panels once get new batteries gas stove bye bye
690677495877839,other words zesco split number hours power available day into two 6 separate hours difference kaya
915468582944674,m drunk m very alert crossing road look left right cars bikes look aeroplanes down bombs look back kidnappers hold beer tight start walking zigzag avoid bullets
5720330321376222,anyone lord shaded before raise hand lord management currently effect
922530655410557,those brains ministry energy zesco ltd maamba collieries could figure purpose existence really take head state tell purpose existence ie meet needs businesses population general exactly officials ministry energy zesco ltd maamba collieries think organisations existed very disappointing indeed s high time heads started rolling
1202959720304622,even used 12 hours ise
1329032821280592,improvement long s once day
583801633560811,doesn t change anything especially us works private sector depend electricity kitwe town centre suffered still suffering
1329032821280592,stella nyirenda once day
1329032821280592,stella nyirenda s twice day
1329032821280592,stella nyirenda twice coming batches 6hrs
1329032821280592,stella nyirenda twice day
1329032821280592,kristina nkhoma ni zeze dosage ma ma trouble
1329032821280592,stella nyirenda too much balemona kwati naba chenjela
1329032821280592,kebby kayawe straight mind games
1329032821280592,say
601958428357758,s still 12 hours day difference just conceal contracts
689335182889377,t 24 00 06 00 hrs people s businesses keep rolling
914447856376330,should split further into 4hour intervals
696883355493456,maintain just 23 05 ayashala bayafumyeko
2392680880883194,zesco needs go under hammer zanaco use useless until sold s now most happening bank zambia
493404562903338,friends kabwata mocking us sos hear load shaded long time please best
1220697095185978,us copperbelt chililabombwe mine area since yesterday 11hrs upto today without power pain seen products getting rotten us runs butcheries
480077054297097,nonsense done power should cutting twice day doesn t make sense awe really failed
710373020624161,better shortened staggered period than straight 12 hr outage way just phase too shall pass
891555392161666,awe ba zesco order tamwakwata just like relationships
1356117571869792,right move
1640236043100245,reducing hours won t change anything bane s development
474734578203279,lies power went around 05 s 13 30
474565918207339,problem zesco let us look broader perspective way seem just concentrate word generation power let us comb areas operations even caliber engineers departments operations planning maintenance generation distributions etc maybe also highly qualified persons areas most highly qualified engineers left country maybe second grade engineers areas need proper experts areas other countries bury heads sand provision engage experts imagine feed family 4 meals per day 10days rest 20 days 1 meal per day plans
704829604692684,think children let jst continue old schedule used reduced vaboza che
993046348748518,tv fridge nafipoka tomorrow im bringing pa zesco hq paka mushitile fimbi
888207445939331,alot homes risk being broken thieves 23 05 schedule time bomb
3411382362461599,strategy 6 first okay made x2 reduce 6 people say 6 better people very smart uluse
546402790759342,accepted inconvenience caused try means fix starts 16hrs need reach home find electricity else reaching home early fault
726894725431554,s fair 05 ba zesco ok tipempako 07 00 ninshi done school business
601958428357758,bright mwika very true
1220697095185978,patricia lusheto chuunka s sad mwandi how u develop like
1220697095185978,catherine chabula sichande very sad indeed t develop feeling good impact either
1220697095185978,iyeee sorry dear just imagine
1220697095185978,muliko nabwino ifwa kuno 3days without power
1220697095185978,patricia lusheto chuunka s heart breaking
1220697095185978,regina chilufya mwale telling s sad
1220697095185978,mirriam hambotu very much
1220697095185978,magret alexanders nakabaghe iyeee feel kwisa
1220697095185978,patricia lusheto chuunka kitwe west
1220697095185978,magret alexanders nakabaghe god
704829604692684,ayi boyi va zee
1356117571869792,d jin marshal split means mean go every 6 hours
1356117571869792,mwape banda sure answered now
1356117571869792,d jin marshal experienced brainer
1356117571869792,better than before doubt
1220697095185978,patricia lusheto chuunka bwalya tukose
1220697095185978,magret alexanders nakabaghe awe sure
1220697095185978,patricia lusheto chuunka leadership capability heart small scale entrepreneurs
1220697095185978,patricia lusheto chuunka abena chilizi ekwafumine big number remove pf also complaining thought people u re comfortable than us kitwe
1220697095185978,david chewe awe brother ba yufi balituletelela ku chiliz
1220697095185978,david chewe nothing removal piiyeeffu problem started 2014 mistaken
1220697095185978,catherine chabula sichandesad annoying
1220697095185978,patricia lusheto chuunka very sad indeed
1220697095185978,patricia lusheto chuunka too bad
8844975338875874,good idea left home power iam back power 05 11 power 11 17 power 17 23 power 23 05 power 05 11
5833093400115418,s just paper kabangwe power went 05 12 38
1228378974692366,fake bcoz implemented bcoz power went 23 now s almost 6 hrs power
698330298423080,loadshedding unacceptable
1249165352331515,staggering mean loadshedding us twice 2 day instead 12hrs straight like 23 05am 11 17
717133766425327,direction zigizigizag clear very inconsistent
1481001045743276,taken screenshot hold proof incas u go against ur word
1218991585697288,better kuno yabwelele 11 something yachiya 05
1230387797514829,people telling responsible drying kariba dam
1536375690209571,means power cut twice restored twice 12 hours still stands
1249165352331515,george k nawa understanding
1249165352331515,george k nawa yes better than 12 hours straight opinion
1249165352331515,george k nawa yes think s better
425161906424474,kaz lave morning crucial preparing school kids bakuma nchito
425161906424474,alinjavwa selwa s extremely crucial inkuni s wet during rainy
425161906424474,kaz lave same update hasn t posted zesco page hope s true 6 hrs better than 12 load shedding feels like dream now
425161906424474,kaz lave exact worry
425161906424474,alinjavwa selwa ati just split short having 2 hour break something sort yet understand s practical mmmm okay darkness something else
425161906424474,kaz lave ahhhhh ll going twice day
425161906424474,kaz lave mmmmh awe sure darkness sucks
425161906424474,kaz lave mulenya mulelapila schedule revised listening govt indeed
425161906424474,caesar alibaba ali same difference
428259989439534,happened man generated electricity waste products plenty pit latrines muma ghetto better start generating electricity fwebene
1200460504234580,said before should put someone knows how count hours properly didn t power saturday 12 00hrs till sunday 17 00 12 hours surely written everything mu ka book 2026 coming
563994755593886,mean 6 6 hour loadshedding per day minimum 6 hrs day could easily still 12 hours actually 6 hrs loadshedding day much lack promise release
842607610163169,should reduce further least 3 hours
685408256413529,system loadshedding areas while others enjoying same power good let s part take misfortune period
529585439141995,priority very important parent t feed others well own children starving think s making sense rules regulations supposed reviewed revisited revised favor country first
1619844888456733,kikikikikik uku ndiye kusila manje staggering 12hrs into 6 hr period apa peve work done equal zero
737502624769151,problem cant even stick own schedule people rejoicing electricity still go 12 hours day just split into different times still solution cut down 6 hours 4 hours day businesses wont survive
567908948173003,muja mwenangu power use go 15hrs chiwamila galu kuluma mbuzi those complaining load shedding go visit lake kariba see happening side water level very low
563994755593886,ongani dumisani banda s just 6hrs everyday
428259989439534,ian bugar yaunfwika bwino
428259989439534,prudence dakaprudence daka pungamo
547834547310799,water levels causing problem kariba dam don t engineers emulate californians building water banks re tired load shedding
689072199387114,knew already don t called bally zambia wait
854564492441400,01 yashima 04 yaisa 05 yashima 16 chakuti yaisa same 16 chakuti yashima feel pity bashi ma butcher saloons barbershops etc fact let power go good aren t interested anymore
1146553176036377,result meeting
489266630038074,apa solution palibe see praise singers clapping kwati baku group d mu class power still go 12 hours split into two 6 hours break another 6 hours short bally formidable solution relief regarding predicament befallen nation
573302567561012,hope s going rotational leaving home returning without power draining
1128616484489374,hopefully maintain 6hours
690068096131577,failed project just trying confuse people cheap rotation stop exporting power period government should serious times re dealing toddlers
6413669045319490,taking people zambia granted unip mmd pf voted now upnd could only term government unip 27 yrs mmd 20 yrs pf 10 yrs end
489266630038074,ackim katebe break necessary 6 hours us make money using power might well take employees employ mweh pantu don t see how increased production also pay people end month
489266630038074,ackim katebedo better solution yourself
489266630038074,lisa nancha banda s tough us depend electricity pray better solution soon otherwise impact negative effects business
489266630038074,rodney mwiinga meantime government needs identify priority areas economic activities instance lusaka business district go town make money power should going during productivity hours town crippling already crippled economy order reduce hours load shedding load shedding itself must accross board places power go even same line hospitals fair purported maintainance mamba collieries much overdue supposed happen now challenges kariba would waited bit just don t famous bally s 12 desciples having daily
489266630038074,ackim katebe s solution
489266630038074,ackim katebe solutions hv youself zambians mwabashanu
489266630038074,rodney mwiinga s job find solutions such problems s wants right person find solution even solution power change anything just common citizen like instead attacking each other let s ask questions powers
489266630038074,nchimunya muleya solution above follow thread please also follow facebook sharing article writing full solutions
489266630038074,mwila daka thank much
489266630038074,ackim katebe welcome
690068096131577,chuma favor chilekwa better than 12hrs straight load shedding
721488806038541,thought going better worse than 12hrs power goes 05hrs comes back almost 14hrs 17hrs goes until zero number t even maintain 6hrs
678087460627687,ba zesco load shedding starting kwatu
2942741362688052,bally ni munthu watu t destroy expensive machinery because forcing issue make situation worse t stop exporting power because need income policy free education zesco business needs money run zambians implore s just january starting february expect everything start normalizing bare us just supported us during election don t loose heart still need support ala naifwe bene sleepless nights over issue ground right now trying see how best fix matter put smile back every zambians face give little time exercise patience bally fix worry suffering endure night joy comes morning zambia forward hon seke
1266676700937267,now load management
867710671317165,still doesn t change fact pf worst political party ruled country s history
1834569630232737,ala efinshi ifi said wanted break during loadshedding totally zero performance public pressure scandalous selfish inhuman long hours loadshedding go sit come 12 hours over means exports continue dull please
546017217547310,talking easier done control tiyeni nayo selelo mwenze ku bwatuka bwatuka fix see hope re learning lesson know yourselves
562479005929095,lie area power went around 24hrs now
1810122456027775,also going adjusting like fuel every month just ready everything nowadays maa
1174234090118701,ifyabupuba fye cant follow sinple schedule switch off power 12hrs switch hour switch off another 12 hours tebukopo obu
489266630038074,ackim katebe since know much sir saying bad offer solution solution honestly cant see issue power legit just bad decision government suffered like previous government don t think issue serious country needs serious solution give us formidable solution sir
489266630038074,lisa nancha banda due respect want believe know hh other president never charge electricity production projects such power production long term investments overnight investments supporter government need logical people blame president something power control simply shows us how ignorant backwards nation want believe re learned enough running business context comment such also want believe re solution finder problem solver regard advice president offer solutions matter whether like whether like water problem go away singing songs supposed failures offer solutions lobby others sit down plan long lasting solutions complaining change predicament effort
489266630038074,ackim katebe agree serious problem kariba dam insinuating just being failed move bally mwasumina sir te
489266630038074,jacqueline chongo even pf same agree ackim
489266630038074,ackim katebe see sometimes ubukopo chisendo mwe
489266630038074,terry kumwenda never offers solutions balya bantu
489266630038074,travis williams well articulated
489266630038074,don t waste ur time write article just go work coz made solution already yours won t work
489266630038074,ackim katebe failed let resign promised end loadsheding now
867710671317165,charles mpande don t compromise issue loadshedding condemn s necessary wrong things done just because re upnd cadre tuchulilemo awe
867710671317165,charles mpande bu cader won t put food ur table sir learn realistic accept things bad
587133169913768,diversification hydro solar dust nuclear power etc urgently needed zambia blame game natural disaster due climate change
739499391127080,water worsted victoria falls thought bally hero superman matter confidence speaking made adade look idiotic government workers safe side naka salary increment prevent sectors production affected due loadshading self employed won t coin end day yet government workers theirs fully good eyes seeing people don t forget ka
5803857333037143,supposed include areas also
427194769547971,going through comments see ati bally akupusikani stupidity yeka yeka instead having 12hrs power outage during day given least 6hrs night 6hrs black during day atleast gives chance bama saloon welders other small businesses operate wamene chamubaba maningi ayende atundile mu kariba dam izule atase mufuna bally coz short term measure long run already investors green energy
1337454703686572,lucky trade kings t produce electricity
1418254931913129,guys think re bembas doesn t end loadshedding
1595004077634111,kwena 12hours just divided into 2 include atleast day loadshedding day off kwaliba sure everyday amalaiti 05 thing very bad especially schools opened considerate
549749810428788,meaning loadsheded twice day people unacceptable while other countries enjoying malaiti aikona suspend exporting power chapwafye
565242785161269,wondering people still complaining bitterly even relief given instead demanding relief
2942741362688052,isaac seke long script necessary like really
2942741362688052,hellen zimba people need understand upnd kantemba government wheels change turn turn slowly
2942741362688052,isaac seke ba seke
2942741362688052,hellen zimba s hon seke
2942741362688052,isaac seke napapata ine
562479005929095,joseph jacks phiri effective monday today
678087460627687,tutu kasuli ala mwandi just hearing pipo complaining
678087460627687,diana gift jere banda even painkiller relieve pain going through power came midnight already gone
678087460627687,tutu kasuli eeeeh ba kapata kuno ma us still enjoying 24 7 supply
489266630038074,ackim katebe how experience loadsheding rain season how september october worse very much confused government indeed ni ba chipante pante
489266630038074,ackim katebe let differ barber man now six hour make something between 12 18hrs previously loadsheded 6 18hrs solution expect long term solution t solved overnight pf power ten years solve problem answer try yes eliminate problem completely let s try emotional discussing developmental issues
489266630038074,andy c p andrews puzzles president announced clearly loadshedding thing past bragged having ended
489266630038074,people asking already answered please follow thread top don t just criticize offer workable solutions too work those implement act propose respond already answered
489266630038074,ackim katebe beyond president look guys honesty president innocent power cuts hight time people man behind
489266630038074,reuben mwense stayed near lake before dry rain season water starts coming back kuma march april mahn october talking time ninshi s wen starts getting dry
489266630038074,reuben mwense friend leader see problems solutions now leading give us solutions kaili just busy blaming past
489266630038074,ackim katebe solution u
489266630038074,ackim katebe note group ds pupils ones end businesses employee ba group lol
489266630038074,robert musowoya lol nice brother go page check latest update
427194769547971,chitambo mbewe pipo dull u imagine failed understand simple loadshedding schedule
427194769547971,chitambo mbewe ala even this6 hours suicide things bad kariba dam only understand
427194769547971,chitambo mbewe re thinking people given 12hrs during day hours work 6hrs means people work 6hrs during day bad small scale businesses
427194769547971,chitambo mbewe too dull seriously fact should stop selling power south africa other countries
427194769547971,busiku lweendo s 6 hrs 12 still
427194769547971,mwansa tamina take easy
5708382099228789,never trust document without signature accountability
1352021075572196,hydropower appropriate technology globally recognised major climate resilient source electricity most developing countries like zambia challenge implementation intergrated water resource management iwrm approach manament water resources given economic sectors competing use agriculture mining manufacturing tourism transport indeed crucial energy sector now abundant water develop climate resilient hydropower plants scale down size plant capacities than 20 megawatts water bodies already identified planning given zambia water investment programme zip 2022 2026 launched president hakainde hichilema last year july side lines au meeting smaller climate resilient hydropower plants feed into national grid developed already huge capacity hydropwer plants far developed shown us disadvantages water levels drop due climate change zambia water investment programme idenfied 13 climate resilient hydropower plants above 20 megawatts capacity 10 below 20 megawatts would mcrease electricity generation 2714 megawatts 3747 megawatts 2030 suffice say invest into solar wind biomass other sources climate resilient hydropower plants topical globally respond lesser emissions carbon dioxide into atmosphere given global warming issues proper hydropwer management inherent features storage stabilisation transmission distribution electricity users hence cope demand even peak times lesson invest smaller capacity climate resilient hydropower plants north western luapula northern southern provinces based water basins water catchment areas submit
1331690454041080,ukutemwa ukwikala ku town us rural areas already power restored before scheduled time sometimes loadshedding therez lol
1237187366867666,bufi ise kwatu power went 15 00it came back kuma 24 00then went off 05 00o clock
1182331739155606,06 power hasn t restored yet now understand meaning bally fix metaphor meaning suffer people
2028947943966918,9th power goes twice kitwe
733709384648942,exactly vp meant said re increasing order reduce
1237943817078450,nothing happy still stand 12 hours loadsheading work done equal zero
503871295207390,kwati fyamano existence than 60 years experience first hand climate change years how come get large chunks salaries guard gets upto average k20pin monthly net salary yet fail diversify expand accordance population kwateniko amano
424740966462494,idea okay problem implementation 6 hours still 12hrs
1331690454041080,krysterbel nz nankamba silwamba hi hi long time kryst
1331690454041080,moses mbanje hello sir long time rural awaits lol
1331690454041080,monica malama silwamba sister awe awe imwe should thousand reasons lol
1352021075572196,christopher chilongo spot big hydro like proposed batoka dam prey climate change zambia zimbabwe should see through folly putting another mega dam stream kariba totally insane
1352021075572196,steve zulu sure
489266630038074,bullet waters check page now
489266630038074,ackim katebe check brother note comment lighter note
489266630038074,ackim katebe 6 hours give serious reasonable person two things than staying whole day without power completely 12 hours
489266630038074,busiku mike please check page proposed solution
489266630038074,load shedding options most follow socials now understand stand politically allow apolitical look issue because issue greens reds blues s issue affecting us directly personally celebrated president assured nation load shedding issue past quick highlight done two occasions president still affirmed position really shock us load shedding now want believe president hh shocked us challenge befallen us nation something done interim save few jobs around 1 begin 12 hours load shedding too way much 24 hours sleep 8 hours load shedded 12 hours now 4 hours work day now split into breaks 2 hours alone killed productivity many ways than imagine proposal load shedding must done equally places load shedding yet hospital nearby hours reduce must done equally 2 1 alternative sources energy looking foregoing best government look fuel pump prices quarterly opposed monthly case people able forecast longer t plan properly business becomes difficult 2 2 solar energy interactions socials chat president solar industry zambia regarding solar prices government efforts make costs affordable came interaction solar much good expensive alternative everyone afford ni mutengo wa mutima pwapwa naka nondo mbashela how many people afford proposal few solar energy able generate excess energy let allowed channel back into grid zesco should pay should also able encourage people companies go solar way 3 need 24 hour economy like now done repealing labor act mean tailoring business 6 employees instead firing half advent load shedding just split into night day whether power available night day production still goes won t sued going against labor laws business owner very important extremely important because load need shed happens mostly between 7am 5pm because those working hours currently spread hours literally shed load thereby increase productivity save jobs 4 let us change law power generation let private sector come invest power generation let people big money make solar farms sale electricity zesco let people set wind equipment energy generation sale zesco infrastructure distribute power concluding fellow zambians allow point crisis such requires concerted effort overcome president peaceful sleep knowing befallen nation let us unite common good country think things expensive now worse coming load shedding work together save ailing economy ackim katebe patriotic zambian
489266630038074,ackim katebe money come u written how u stabilise economy featuring same time u expect u written done 1year 4 months
489266630038074,ackim katebe surely go through sir
489266630038074,ackim katebe thanks making understand ifisungu ifii thought only 6hours
489266630038074,andy c p andrews u r right 100
656890259509193,speak power gone hope back 11 hrs watching
2295622980609739,take head state reason
546503710737176,should loadshedding president called unacceptable opposition though should solution now kanshi s stop paper just amplifying pf used explain situation kariba garry nkombo record giving simple solution parliament end loadshedding committee supply ministry energy changed
548161767329099,kuno 11hrs yesterday till now power
824418318637408,started yesterday us way go posting hours later far worst possible company zambia forget gives money yet industrial companies power 24 7 nice
945939189709485,best way help zesco improve services allowing competitor sure zesco won t same problem decades
683770073413810,took whole president reason behalf whole group educated kambwangazi zesco let company taken state house
748433546894335,feel pipo compounds own butcheries salons barbershops how survive lord
879084503133919,gud president leader should always show concern people crisis showed care even s difficulty don t regret vote
5946382015423168,still unacceptable considering fact s rain season should consider stopping power exports other countries let explain people still load shedding january expect end infact should come apologize mwee akakena apusa bally
489266630038074,andy c p andrews personally feel pf boast because time power supply low compared now excuse upnd now predecessor constructed kafue gorge lower
489266630038074,maxmillian bwalya t construct power station year judge five years
489266630038074,andy c p andrews think upnd construct power station anytime soon never imf t allow
656890259509193,mutinta chimz babys boi just bring phones charge ku siavonga ise don t even know loadshedding kuno
656890259509193,credo musialike u lucky boi send phone pa bus boi kikikiki
544356284413657,zesco people same same chinese people sinker small small going open barber shop saloon welder 05 want power available 23 00 through 05hrs people asleep
1579413999173713,new problem didn t point pf going point upnd african leaders should think outside box
543052894427696,aaah let just continue sleep without power wake without s continuous thing failed understand now
5825080234266811,good move 12 hours straight too much going easy plan
466252772381945,might good electricity switched off only around 23hrs 05hrs everyone sleeping during day time dd mata
1371532063594197,isn t problem problem maliati kwatu yayenda 2days
1133431977339120,isn t still good minimum 6 hours even 12 hours 6 hours should maximum rephrase statement
1250920245495063,killings happening other parts country now loadsheding during night security kaya
2418646351616728,now recommended zesco loadsheds level economic significance productivity areas economic activity such markets accommodate those rely electricity such wielders internet cafes butcheries barbershop etc may consider leaving such areas longer periods day time switch night further relief may each zone least full day without loadshedding
3024817774331054,work done equals zero
1371532063594197,haddasa esther too bad bally fixing us sure
1371532063594197,aaron abdul ala mwandi
504093228477605,those want go back edgar pf regime go ahead us remain current
1231153124161242,mmmmm finally something sensible now let s wait follow least know felt pressure people
707838147519713,even 6 hours working lusaka west mungwi rd
565876345064568,good solution find better solution help everyone benefit
2007698236101483,tha 12 hours thing wasn t necessary reduce 6 hours reduce further change
548221307215796,don t under stand
709666733886586,vamadongodongo past 48hrs power ku kamwala south zipas area
894857098201135,disturbing frustrating ba zesco just completely shutdown power until kariba dam gets full starts overflowing just exporting power neighbouring countries public expense otherwise tiring
860149895255069,still disappointing zesco still failing follow own schedule checking area using 3600 saying area under loadshedding today yet power went off 0600hrs still under power zesco become bad apart unnecessary loadshedding zesco t even follow own schedule
713523457015118,kudos zesco management much better schedule
6122849527734335,ummm 12 hours too much power place goes 05 hrs should restored 11 hrs goes kuma 11 hrs restored kuma 17 hrs opinion better than 12hrs
577374840868329,tell also loadshed areas live only sacrifise areas those think noentities
698635551799988,difference make s still load shedding heavily criticized previously
570312851622825,bally fix never forget
1344270486113025,live remember load shedding till further notice
695343998961984,don t surprised zesco starts losing machines s point people start stealing too many hours given thieves steal transformers cable s keep pros cons actions deliver best country
724855342237637,let explain simple terms means 6 hours power next 6hours power 6hours power last 6hour day power still 12hours without power 12hours power divided into 6 hours each nothing celebrate same different
629662045626549,six hours put table should now time won t power particular areas planning purposes
894187858248789,still remains same doesn t even make sense
900978594666497,ended load shedding first year thing past gone finished 0 pa humbled learning hard way man idea while kariba blank
577374840868329,chizapu simatimbe totally agree know people date never zesco go area wondering lives around those area s
577374840868329,chizapu simatimbe mmmmmm yebo musololi
709666733886586,mwansa mukuka m thinking limbi nachilalisha napusa ayakusundilako awe tukose
709666733886586,monica mutakwa yachilamo mweeeee
8901794233171641,guys stop complaining wanted fix sorry just passing
5952979198073758,power cult around 16hrs yesterday now 08 31 still don t malati worse loading shedding ever history country
1342606413164315,listening president progressive whilst wait permanent solution
534155958660120,even option just please re s driving us
1538782876633468,ok disturbing retrogressive t anything makes sense could just let 12 hours even call load management managing being loadsheded twice call managing killed
511570027736052,ni fuel just done weekly
3428870804055475,far know schedule doesn t work stipulated area power going twice day don t think normal
842848230280313,let just sleep doesn t change fact s still 12hrs
867921861203052,pressure getting worser
1239494149970811,ifwe power went yesterday kuma 08 came back kuma 17 just less hour came back kaya ini kuma 20 chakuti 05 morning power imwe sure how leave like sure
900978594666497,malango musukuma ended ended
466910658989722,manzi yamasila mu rain season chee fund lasting solution please
2299770710224782,means power cut twice restored twice 12 hours still stands need calculator understand language used notice
852272325996896,lol well big help
1298576814266650,making sense making schedules fail follow ve always load shedded than 12 hours daily
915708749422175,great s better than 12 hours straight
5832684493491852,just switch off machines
1126291694701077,2x 6 12 unless s different education rest us
1174704796512339,iyee kwaba na break time nomba
878212423369353,such schedule apply area stop playing around people s feelings
899680144399564,nothing good still comes same before l left work power l come back 17hrs power yayenda come 23hrs efinshi ifi
511570027736052,mwèzïmûpyá g mùlwâñdà muntu wanga ine attacked oooh careful
1126291694701077,karin louise neethling monge yes still 12hours load sheading broken 2 x 6 12 stead just straight 12 hours once power
1126291694701077,karin louise neethling monge least split gives us couple decent hours during day recharge batteries run fridge
1298576814266650,today monday don t power
2299770710224782,george muls znbc 19hrs said s reduced 6hrs only
2299770710224782,astron sibbuku chiyuni s how understood language written notice
2299770710224782,george muls imagine boss
2299770710224782,power doesn t go same time compounds imply other areas time going
2299770710224782,george muls true ifwe kuno amalait yacisa 23 hours apa ndelanda amalait yele 04 too much
2299770710224782,astron sibbuku chiyuni thy lieing
2299770710224782,george muls just same
2299770710224782,royce kasongole same
2299770710224782,george muls dad s like power go same time part lusaka answer part time like s 00 11hrs knowing
680128320520246,even worse coz 11 hrs comes goes 11 come back 17 17 goes come 23 day power awe fixing things power 05 23 hrs
715643390256377,manje parts lusaka being load shedding parts country too zesco never follows load shedding schedule
3221256778091552,splitting gonna darkness twice day mayo let even charge phone
461680426175485,kuwayawayafye sure t come effective time table zesco better than way everytime power going 10 hours only comes back 22 print time table imwe ba zesco
546528057386376,people live livingston mean heavy rainfall experiencing past 2 weeks now apa uko tayiloka let government hire 40 10 thousands litres water bowsers s just day nishi karimba dam s full water than s really pathetic mu rain season ati 12 hours loadshedding
1334967317338464,17 23 awe s easy thieves break elo s rain season
437263488525332,won t matter heaven
1353668848789272,okay things getting better day hoping best
963697571683180,also lying t even keep schedule promise
548275573885493,now realized most praise singers dull just support blindly without knowing supporting changed mubikuba hahulu bati let work completely coz said rubbish someone busy praising naka phone ku power bank
2299770710224782,lameck jalika pipo won t understand go through comment without leading above bwafya zambia
2299770710224782,s true better
2299770710224782,astron sibbuku chiyuni znbc need listening skills reading skills coz clearly president said split
2299770710224782,george muls mean same changes power cut example power cut 11 to17 next day 05 11
2299770710224782,george muls doe ist say
461680426175485,ackim c sikaundi boi tefintu us everyday 16 04 kuwayawayafye boi
461680426175485,givo mak tefintu alternative sources power needs explored kaili even next year same thing
461680426175485,ackim c sikaundi exactly boi
548275573885493,yen yearned moola snr comment young boy lost hope life
548275573885493,ilishebo chris mukelabai wapila wena
548275573885493,yen yearned moola snr fit waesu
564248385578976,even sticking same schedule s just random sometimes only power 30 minutes waiting than 6 hours still switch off
3558389497766642,affected because get water hand pump use solar power need biogas bio energy solar
3792415490984887,m sure know how express yourself say correctly how many times expect power cut n put times groups eg power goes 05 00 11 00hrs expect cut 17 00 23 00hrs guess work inconveniencing
719550152874845,don t worry fire boss sooner than think hire someone find competitor just like zamtel airtel mtm
1356712481811022,now public utility company zambia first
700435511655738,read comments living
1622974748123377,stop dangote invest power plant guys afraid competition anyway best
687725596207203,re dealing mafia s day light robbery 12hrs load shedding remains same
714750360018225,let s just work let people talk
1911774525859132,complaint lodge should power 23 00 sleeping having power 05 00 suppose working delivering service general public
1287182618738988,9 22 still power went exactly 0 36
944697196493811,economy crisis s world wide even better people south africans used load shedding
1199139634355511,layman s language still get 12 hours split two example power goes 23 hours 05 hours go let s say 11 hours 17 hours
1592824934504453,2 4 6 3 2 6 nothing changed answer still same
3344874239087782,how sure even dam dry wen pf mentioned other party politicised how different situation now like always say people shouldn t talk things don t know now ur turn waiting see how u solve let s factual people voted ain t fools
885370965986189,wonder pipo like same people increased connection fee k1700 kk6500 units gone high now loadsheding plan reduce
5763763656992226,12hours loadshedding rain season reach ka october kaya using chinese calculator
2163643733823440,better way hope follow schedule such
1023555565703316,thank very much ba zesco big problem 12 too much appreciate concert
896228304714919,zero plus zero zero nothing changed still 12hrs day
719550152874845,alleen amukusana true boi basiyeni
719550152874845,alleen amukusana hawe tired hiring firing siyani soche
5763763656992226,sirgubu c gilbest just like finished whole 2022 without load shedding nothing like october whatever month
1023555565703316,kelvin ngoma s still 12 hours just split
1592824934504453,shadre garcia mwanza iweh
1592824934504453,kelvin kayombo simunza guy
6394524170577597,same introducing half time game anyways businesses two things during 6 hours day unlike experiencing power cut 05 hours 17 hours
6116084025109522,dumbest shit ever seen
1219565888699321,better just suffer once introducing half time into load shedding should working reducing eliminating load shedding instead half time
3593312137659877,kitwe ndeke precise just right now re being load shedded second time 2026 how far
2219020448270652,things such decisions made bosses incharge opposed leaders how ironic
569865021722572,comes isn t means affected load shedding bcoz district therizno mwaculenipo mukwai ifwe na beans tuleipika pa stove
499029385648114,voters card renewal exercise commencing
1014045236652457,doesn t make sense difference leave home without electricity knock find electricity
6104072066312185,difference same
1422039008571759,stop playing us expect us believe s because water levels october other season yes could bought those lies now rain season
569865021722572,hope dave rose s sister hangatwayoya
569865021722572,ipanga james hanga twayoya mwane
565495791785843,prophecy especially against 17hrs 23hrs schedule succeed making darkness portion john 1 5 isaiah 9 2 micah 7 8 repent repacations previous iniquities
885514166117473,just give copper belt energy supply power copper belt province
846486149778987,elo imwe people busy supporting upnd mulenya mulelapila especially fi youth government meant said ll create jobs youths kkkkkkkk sorry fimbeni elo mupoke yaba
703159451369461,s making u affecting those running during day well those business night
903746417307421,experiment job training costly dangerous someone under
673698251155345,ooh okay 3 years remaining 2026
702182464815624,zesco tell boss voters cards still fresh
2718734371596506,don t try impress president won t work better tell truth don t want situation get hand 6 hours should six hours equal others should receive than 6 hours should stop talking water levels middle rains wil happen sept october without rains te total darkness iyo
727259681946279,everything already planned dont see difference between 12 6hrs day time charcoal night candles s
588129303126508,think let increase 10days cause keep relish fridge nishi kubola
868608854365775,wat causes load shedding someone clarify nevertheless area please let 23 05 while r aslip
723665569106020,infact let spread 24hrs
2348117345370169,increased hours order reduce shame guys
696005628557085,someone playing dirty game zesco management don t need given plans head state themselves
5126549930780929,6 miles electricity goes 05 comes back 12 14 electricity goes comes back 21 very reasons other party power lik enough
479734924316779,yesterday power went 12 00 came back 18 00 went 24 00 came 06 00 katwishi tulelola
543396097838713,power went 08 00 came 18 00 went 20 00
728866435418240,problem president doing everything alone visiting dam advised zesco
6164825023528034,before sleep ba praise remember zambia having load shedding during rain season ask yourselves happen between april october way excuses banene comes unacceptable
697907062011250,kwena s still 12 hours relief getting
543396097838713,thawila simataa schedule effective monday 9 january 2023
543396097838713,edgar shimalukwe almost wrote same replied already good
543396097838713,thawila simataa form cooperatives bwana
543396097838713,edgar shimalukwe 05 yesterday only 2hrs power just watch soccer chelsea vs man city went upto now still theres
543396097838713,chomi white forming boi
914497929570223,whatever ef s still 12 hours call relief
729177385497794,cutting electricity 12 hours surely witchcraft ninshi put us insoni ba zesco ebuntu mistreating own zambian customers somethings don t even need told
710247887346944,6 hours s too much just end load shedding s promised zambian pipo
711341783832512,23 05 works perfectly
1348446522586686,while complain 12 hour schedule currently 20hrs literally 4 hours power day without shame schedule even saying 00 20hrs smh still won t followed
686040593192313,end well zesco over run 6 hrs 7 8 hrs twice day loadshedding end into 14 to16 hrs loadshedding per day
3240389632939076,son come back half cut barbershop
1147226185984804,exactly how supposed 6 hours start 12 complain reduced planned imagine started six complain plan wouldn t worked exactly how planned beginning 6 hours loadshedding
892982335172530,aware people depend electricity small businesses
910956080090584,happens us loadshadded fir than 12 hours mean laodshedded 8 hours split now
6164825023528034,beverly kunda moore kkkkk asking let sleep now
6164825023528034,mwangala monde siyobo truth lied zambian people end load shedding also lied whilest office ended load shedding also decieved people load shedding reasult poor leadership continue being deceitful tell nation s result low water levels engineers fault actually selling power using cec politicians share holders distribute power mines increase copper production 830 000 metric tonnes 3 million metric tones 2031 cec also first time history retained 50million shareholders found understand zambians having abnormal hours load shedding
6164825023528034,mwangala monde siyobo nothing like better than pf runing diwn country very fast pace very fact think clever than anyone else really makes angry lied way govt continue whilst govt decision messed each sector economy because egoes better than pf just good hiding true colours iam worried future generations
6164825023528034,mwangala monde siyobo conversation need regard facebook agree pf lost way much going facebook chat baby sis
6164825023528034,beverly kunda moore ifwe load shedding midnight 13hrs completely unacceptable
6164825023528034,beverly kunda moore exporting good country nothing else export foreign exchange like zambia
6164825023528034,even zambians dull ati r having loadshading because pf misused water man shud just resign let solders rule country
6164825023528034,beverly kunda moore question asking myself since load shedding started
6164825023528034,deedyianna mumu ati ba pf balinwina zigolo amenshi awe military kuti yabafye bwino
1192182698063836,someone want clapped crazy thing shortly u said dry now reach 6hours fact same because going twice day zesco don t think re ur family members jxt cut export power other countries
725459902190932,t understand mathematics because most business depends electricity difference make
3405577213095566,okay taking zambians granted sure
6107112926000769,how come places still experiencing 12 hours load shedding matero shardricks area
904205397420066,still doesn t change fact 49 million kangaroos australia 3 4 million people uruguay means kangaroos invade uruguay each person fight 14 kangaroos
888458732606058,how come s loadshedding area even near clinic anything
1500295667147485,doesn t change anything kuwayawayafye
683917853232648,reduction hours s better
1244223689492224,people understanding word staggering think loadshedding reduced 6 hours lol
721345389615444,basically halted export electricity
711341783832512,loretta wood yes manigy che needs power whilst asleep
904205397420066,chandah chandah mwaiche ewee
3405577213095566,mambwe paul chibichabo serious
3405577213095566,boyd kalubanca s too much boss
721345389615444,gabriel phiri need money
721345389615444,humphrey bwalya bwalya yeah s known story
882939279724233,2020 never even planned load shedding way better
1381491652659760,issue us kabanana west experiencing instance power cuts same scheduled time calculate wait till comes just having power back like 30mins decide cut ninshi ise tinalakwa chani olo maybe stole water mu kariba nkhalani fair mweh
1110667202944607,better except 17 23 buloshi
2474493102700192,least bena siri charging phones na pa break time
862952321491126,awe don t even follow time table power goes time
829943544862310,s unfortunately others allowed bitterness jealous control brains still criticize understanding leader good hope things improve load management
798380101728535,mr president doing good let s learn appreciate people still alive done number good things zambia perfect yourself pls leave mr president alone
664619908679381,good reducing 6 hours s sti going twice day still 12 hours
1316858762425751,impact load shedding always tantamount collapse country s economy hence need critically think big joke around
1535623010258606,doesn t change anything power gone 12hrs per day
829943544862310,nchimunya goldens s tall man road shedding
829943544862310,sandra simatanga kama short sweetie
829943544862310,nchimunya goldens class otherwise punished
829943544862310,sandra simatanga ok boss
1364848944053230,reducing order increase veep
1162550751042225,still comes back 12 hours
561908562619454,calculations loadshedding hours increased promax way kaili good terms math teacher used very calculative method only literate understand good morning
488157330134602,little know zesco time introduce break time like schools meanwhile time learning remains 12 00
855500669035982,soon very soon properties those zesco get damaged frequency turning power off ukubipa kwena napabiipa
1307930793383241,still doesn t change anything samsung phone user
1301433613735732,time makes sense mumbwa know know
2994287257547549,went 11 00 came back 17 00 far good
940744006802774,schedule same area meaning having power just period 5hrs between guess
2469974976477174,difference same
862952321491126,jacob njobvu icho chintu
1372754633458866,fridge got damaged because loadshedding issue
684342116481386,effective today yesterday cause power went 23 10 still nothing
701761344765771,fixing
474638938079741,ba kateka applying bodmas 12 2 2 0 imoneke kwati nafiwama ifintu trying decorate actual sense s still 12 hours divided
1359881898160314,power went yesterday 11 till now power tell us 12hrs load shedding let 12hrs hakainde hichilema please sir issue addressed
1492129967976597,ohms law states difference same change
946618299664694,stick 12hours please tactics aren t helping us
687109739544246,sensible sensitive president helm nation happens ba mwankole notusaka twandalama shakwiba mulikwi come tape wisdom bally
1747469492315179,s way go excellency quick response means lot s how leader must keep pushing musankwaa
5833959256691128,least president s shy facing problem
1307930793383241,charles chabatama kano ise bama tecno awe sure 4 days charging how brother
1307930793383241,joseph mwiinga jay even week bro
1307930793383241,nkwapu happy know right
1307930793383241,joseph mwiinga jay m fine brother how
1307930793383241,charles chabatama fine too zoona
1307930793383241,joseph mwiinga jay thank god
2469974976477174,mazuba hamusonde baisiye che pa 12hrs ai
2469974976477174,paul lupupa s better kaili pa 18 00hrs yayenda 24 00hrs nishi tilimutulo yambwela 06 00 tikauka tipeza yayenda
2469974976477174,mazuba hamusonde nimavuto yekayeka
1372754633458866,suya kingfred sorry
719771349541429,stick schedule once atleast feel relief 6 hours
723374332470540,possible zesco limited show load management schedule next day strongly feel would helpful than current day quite obvious anyone figure know outage times following day adequate time plan
1149469195755648,per day twice day because electricity went 05 came back 11 gone 17 s going kanshi
1391164684756543,truth shall set free because chongwe substation area waste hit chongwe s now 7 hours power hasn t restored
547271547324936,power cut 05 00 11 36 yet restored
691083175945529,time since 05hrs power yet back should trust timetable also
846170093330966,must given those charge switching off move together otherwise just remain papper while communities going hours than papper showing
777180491142441,zesco limited following scheduled posted s very inconveniencing reconnect 2hours post time scheduled
733724661505910,ninshi memo never reached kembo switches off power mufulira power went off monday 15 hours elo yabwela lelo tuesday 05hrs make sure employees know whats going before inform masses ninshi mupoka ama degree nama masters without learning communication skills
678478597157109,zambia serious trouble t even stick simple 12hr once day schedule how honor s really discouraging business owner how economy recover
691083175945529,mr makoi over 7 hours same boat
719771349541429,travers chuube s true
1149469195755648,chanda kasongo think s meaning six hourly come back 23 go 5 kukosa dear
1149469195755648,other places went same 5 never came 11 instead came 16 now don t even know go come
1149469195755648,chanda kasongo 6 hrs without power 6 hrs power 6 hrs without power
1149469195755648,chanda kasongo ifwe went 05 came back 14 went 17
1149469195755648,chanda kasongo twice day
1149469195755648,chanda kasongo s irritating mwandi yesterday power went 12 came 23 woke 05 went came 13 30 17 s gone awe too much
1149469195755648,reeves ray chibamba s going 12 hours six hours
1149469195755648,chanda kasongo ll going 6 hrs
1149469195755648,chanda kasongo 6 hrs plus 6 hrs 12 hrs sprit into 2 6 hrs ll go
1149469195755648,reeves ray chibamba yes right called explained
547271547324936,george siamalambo s restored kabwata area
547271547324936,george siamalambo same 10 miles
547271547324936,george siamalambo s over 7 hours yet restored
547271547324936,george siamalambo woodlands restored went
475992531387462,failed unacceptable citizens paying price know businesses run families feed yet system seems care
688403376277911,think schedule should revised interchange times atleast areas rotation areas cutting power time every day areas power only cuts once s midnight 05 rest day zesco proper rotation like way 12hrs used
686616486282373,well noted please note greater percentage nation s subjects depend power supply fend households hence need anticipatingly state last know how long should endure r s v p regards
1205335293411995,power went kuma 05 tilll now tafilaisa
1515264039363082,ninshi schedules last upto 6 days power aweh let s serious please zesco limited
1178664122855506,time say truth load shedded today midnight still don t power
1150839149469817,m tired being zambian
652305977019970,timetable joke wake control room 14 hours power today because process automated
548620763967575,zesco re busy acting like re developing country taking away electricity mean m young entrepreneur depends electricity already went 6 hours just got back take 20 minutes later serious m personally protesting against injustice
1537318080081162,u need rotate schedule nyumba yanga boardview area power goes 5 11 17 23 go work power come back dark ka rotation please
1391164684756543,cp chazwe tembo re even lucky s 14 hours
1391164684756543,veronica oputa must same area cause re only having 4 hours power
1391164684756543,faith phiri chirwa s ridiculous
1391164684756543,veronica oputa imagine online students businesses depend power re killing us slowly without even realizing
1391164684756543,us worst 33hrs image kapiri mposhi chibwe mukonchi area yesterday 12hrs today 21hrs ine ukufwaya ukulila awe bwafya mweee
1391164684756543,veronica oputa part silverest live power through night most part day left home without power came back power woke power
1391164684756543,s unfortunate s like how supposed plan around type loadshedding even inverter t support being switched off power most day
1391164684756543,salome siulapwa sikananu last schedule power only came back midnight s gone
723374332470540,okwonkuo ahmadinejad mwanawina don t think
1178664122855506,fred simeja imagine company respect customers
2615942808548707,meanwood ibex parts salama don t us live pakati mu salama load shedded 5 12 14 23 every single day rains should preparing children food pa mbaula daily how now rotate timings common sense t place same time table
1516799665459834,same timetable ve written yourselves t stick area power went 00 00hrs came 06hrs gone 11hrs
899401224750301,silverest 04 49am till now prompt switching power past 6hrs
738600634264950,isn t even true guys just reliable really need another source zambia don t even know saying minute s like next ati like us power cut yesterday 17hours till now s power n say 6hours t even stick own time table
3430242507299630,3 hours could ve better considering people home s mainly use fridges tv s don t consume lot power
1776900926039362,s big shame pipo solwezi even following very own time table
859348818616401,failed power went midnight upto now nothing elo m bring relish refund damage caused lying 6 hours s than want tarnish name president
556304406417908,tired nonsense ba zesco mweh fridge just gone damaged today because failure nonsense apologizing kamanga area cut off power twice day same people working against presidential direction wake right imwe
1510070676128222,manure also used feedstock power plants manure incinerated heat combustion creates steam turning electricity generating turbines start submerging batteries pittratrems generating power how many manure pits zambia every household got sewer
1375219489956828,serious fi zesco fyama dongo dongo really playing us now sad us barbershop owners
688403376277911,lesina nomazala zulu couldn t agree u find places work like cbd industrial area power during working hours majority places work back power instead switching schedule people knock off power homes other way around talema nabo ba loadshedding mweh
688403376277911,guys really frustrating power cuts imbalanced kindky rotations s way others only loadshedded midnight 5 while us basically loadshedded during day
688403376277911,louella kalima think petition over rotation s really fair otherwise power cuts just once s
688403376277911,lesina nomazala zulu exactly should only ones see power asleep wake power return work power honestly equalizer
1149469195755648,chanda kasongo s happening even libala stage 2
1149469195755648,chanda kasongo kaunda square stage 2 got double load shedding kind
1149469195755648,chanda kasongo same situation
1149469195755648,chanda kasongo same chelston
899401224750301,nda bile call pressure
899401224750301,memory juliet tinta hanamaila chipakula thankyou
899401224750301,nda bile welcome
2615942808548707,li na please tell should alternating times atlst
3377351919165072,today power went than 6times giving us list
547471633932950,website says schedule available area please fix t guessing need organize day thank
863763611340652,chililabombwe power come back 00 20 cut around 05 20hrs zesco limited please once stick schedule power hasn t restored s frustrating honestly ku kamenza east kwena mule tufwenge especially fwebakwete same line namu pp zambia eminani shabola elo ni january eno teti tuchite manager ukuchita ama generator nangu inventor awe
8940612615956609,goes early come back late ba zesco work professional following scheduled cut power 50 30 instead 6hrs u reconnect 12 45 serious napa 17 43 u switch power making sense nidala iyi
935740177414289,schedule just total scam fail follow own schedule simple straight forward people charge department failed project clearly failed cause taking people granted level incompetence
913719530000031,11 36 hrs power off waiting 17 36 hrs ll come oohhooo fi zesco
515630007337027,time table never works s like just switch off whenever feel like t even bake peace now
1829617797408490,document signed anyone binding statement could just hoax something
847971889809116,power went kuma 11 came back kuma 18 hours now 19 58 yaya switch wrong place nagu nishi switch power ku chimwemwe ala
1604129750341354,time load shedding how energy cut off abruptly u considered possible loss electronic things abrupt disruptions other person s behind abrupt disruptions called load shedding otherwise u could use security difficult periods evil also lacks security must optimum guide
1516799665459834,cone mukwila come bak 18hrs tho supozd 2 go 12hrs
1516799665459834,çēphãs kãümbã çhïhäñdë bad anyway
1375219489956828,dalistani goodward ngulube improvise bro look battery inverter good go s clear people wants us die hunger let s relent make succeed always improvise find better ways own charge battery power use power goes helpful ask
1375219489956828,alick alexander ziba great thanks advice inverter costs high getting disturbed someone please rescue us
475992531387462,lifestyle 101 don t care every time just say zesco price increasing
475992531387462,lifestyle 101
582250733742042,tell technicians supposed switch power back 17 hours meanwood airport should left us alone original schedule least knew power mxxxxxm
920255582684080,power went 5 30 comes 13 43 feedback iyo
3768551740030995,miracle year zesco turned 8hours 12 hours
858684738768949,zesco limited cutting power than 18 hours unacceptable happens relish fridge serious
3313893372194749,power went off 05 now zero
1152546408730967,having power outage twice day how frustrating
860691078549411,kuno s 7hrs now power isn t back yet kind management stop playing minds
556247403071096,dear zesco areas power never goes other areas time table followed religiously mu ma flats kabwata power rarely goes libala 05 17 daily power taken please take note
628477762380851,just lie naimwe us power 05 00 upto now
6170660102944681,better gives opportunity work 6hours
6170660102944681,elizabeth alicia bwalya how far
860691078549411,cathy chiwila kasonkomona counting same iyo kwena
582250733742042,schedule effective today olo bwanji
494225406114471,admin us understand situation since need protect generating units accept current situation problem implementation said schedule load management example area power went off around 0530 restored 1400 within hour power off see complaining anyway s fine because won t able pay dstv subscription
559218576126862,5 days power s really frustrating relish gone bad hakainde hichilema please something
1311564579667002,us s four days without power being told people field call nothing t even charge phones
1581636682284758,heritating frustrating know power 23 05 apa gone tekwangala uko
1223473925247107,anyone electricity 12am 6am guys normal should power 6pm 12pm switch off common sense
722010902931852,ba zesco professional god sakes chalala rockfield power night come today 06 00 11hrs power gone should ashamed taking advantage customers customers pay power respect us respect schedules respect president hakainde hichilema also because agreed going reduce hours load shedding only happened president came talk give orders other words actions causing doubts raising questions leadership mr president s behavior various people professionals pull socks failing zambian people failed company disappointment country cause load shedding being long time topic believe company could come plan b cause dnt care water levels kariba dam only care solutions give problem doesn t happen wrong people field unqualified cause suppose see indicators situation long before happened s common sense ise tifuna malaiti kwatu uku ku chalala rockfield
704722434394583,useless time table creates such time tables agrees people having electricity every night whole week rotate schedule per day two days whole week same schedule zesco limited
504908138411919,switch off power 14 hours restore 05 m following day tell s 6 hours s even than 12 hours promised
726437592027274,imwe mambala charge switching power area forgot turn talk people stick timetable
949282917177253,true chawama still having 20 hrs plus load shedding only power 24 05 everyday s too much look into
559218576126862,kkatongo kapekele hakainde hichilema
559218576126862,kkatongo kapekele 5days power valid explanation people hakainde hichilema restructure mgt because way happen told fault happens relish fridge weather bathing cold water school going children aikona man zesco limited
559218576126862,kkatongo kapekele hakainde hichilema please take mother suffered
559218576126862,s just selected houses happens time roma hakainde hichilema something barely surviving
494225406114471,arnold peter kachabe true same applies ndola lubuto power went around 05 came back 11 now 17 gone crazy better come disconnect thing ve installed house
494225406114471,makumba peter chimpolonge hope solution improves especially mamba coal 150 mw come anytime soon hope water levels should start improving dear expected unit kafue lower hope
1311564579667002,salome lubasika place
1311564579667002,salome lubasika how using facebook
949282917177253,gift christopher mwale notice 2023 check date
949282917177253,gift christopher mwale 2023 lol
1581636682284758,cleopatra mushipi chomba s exactly time table saying lol 12 2 intervals 6hours per day lol meaning power go 6hrs come 6hrs go another 6hrs case come 17hrs go 23hrs 05hrs come upto 11hrs
1674271583028487,time table mwe bantu even school s call duty roster time table very important
863257598281875,first time ever ba zesco exactly 11 00hrs power restored
705181447975292,locality 17 00 23 00 05 00 11 00 rotational load shedding schedule meaning only power 11 00 17 00 daily power came back scheduled around 11 40 like hour s gone notice explanation inconveniencing unacceptable zesco limited
906478284119960,schedule lie basically group people lying us yesterday power went 05 came 14 later went 17 came 23 today s already gone
1383247202425464,indirectly increased hours
1357517861725230,s use power 24 06 better change time table how power during sleeping time ala imwe
921114285716864,thought 6 hours day kanshi fyabupuba every 6 hours until further notice kennedy simfukwe abraham breezy mwamba
1213069430480148,non those hours applicable area s sickening
1185260018763736,zesco limited problem even schedule comes stuffs bavichitilamo switch off anyhow working against new dawn government
543684474353285,same way u updating us load management kindly update us called water level know power back normal
1213069430480148,mutinta sodamutinta soda ah now gotten hand
1213069430480148,belinda thole exactly suffering
921114285716864,justine chisanga baleke kaili ni time yao
543684474353285,jonathan jay mwanza check zambezi river authority page
543684474353285,chilala junior muhyila thanks need give update also
553788063468968,feels though kamwala south paying areas cause power cuts before time today cut 05hrs know come 12 later only go 16 mwebantu ummmm wild now
3370521426598168,us power went around 16 yesterday 6am sure still power
1259963127890453,loadshading done twice day koz us experience twice ba zesco kabwe chindwin barracks 18hrs 22 06hrs 12hrs s problem thought only six hours tricking us give us proper schedule
887879462227738,zesco limited question isn t power cut schedule supposed affect every area areas like woodlands power cuts completely missing something
963612048411874,question how many hours should power 6hrs off because kitwe went off 23 came back 05 11 went off don t know 6hrs per day
466955342309155,power goes 05 comes back 12 15 hrs goes nd comes back kuma 23hrs very disheartening zambia
484840467176643,hope u ll follow schedule time around
1366211197495682,ba zesco try change workers isoka because just play around electricity switch off because day find self court law
707182370784437,kamwala south load sheded twice 05 11hrs 17 23hrs areas load shedding twice day
708099694017336,ba zesco loadshedding mtendere east twice morning power goes 6 hours 17 goes though people educated enough know how many hours area supposed loadshedded
484840467176643,vee bana daniel don t stick time table
484840467176643,conrad kondwani chilambo u imagine s irritating
484840467176643,vee bana daniel very irritating ala tulelapila
612476807988749,zesco limited explanation ndeke village being loadshade d 2 hrs daily always power coming midnight just 2 hrs switch off ndeke only place over uses power load shedding still worsening even cost tariffs increased under deception zesco capacity import power problem don t even stick timetable switch off whenever don t rotate should rotating write statements different
547281163994790,update don t power due general fault attended order complaint received scheduled load shedding time attended until power restored until previously received complaints attended may well wait over 48 72 hours brilliant strategy power restored
841991163531334,told power would come 6am go 12pm according new 6 hourly schedule over past 2 days taking power away 10am instead 12pm meaning re only having 4 hours instead 6 t just stick say rather just take us back 12 hourly schedule plan better s extremely frustrating kabitaka solwezi area
1359686844867765,zesco please serious power less than 6 hrs
724267959031762,haven t power since 2100 last night called several times received complaint number s nothing update progress happening
882524886418151,think grudge against us mwe pantu takwaba power goes 5 comes past 14 goes 17 comes past midnight everyday mwebantu 12 hrs appliances risk treating us though dnt pay power use
716269310133566,reported fault monday 16 january 2023 now action taken spent money going levy park kariba house forgetting airtime every 1 hr call monday
1109813473024180,bwalani muchi tenge chi transformer chanu
1223615948250143,day before yesterday never power 13hrs straight yesterday power came 11 power goes midnight relief providing exactly problem don t even stick own schedule ridiculous
485344217117757,zesco limited just complaint time table think would better rotation time power goes comes back example areas cuts 05 11 11 17 power restored 17 23 power cuts meaning well meaning hard working zambian won t access power becoz comes back home 17 30 goes work 06 00 option rather suggestion exchange time tables misisi power cuts 05 11 shouldn t same 3 day every 3 4 days should change timetable every benefits little power
612476807988749,hi chibwe petronella kunda cpk thank reaching kindly note adjustment power rationing schedule entailing supply between 2hrs 7hrs per day especially peak hours night temporary adjustment due unavailability 330 megawatts power imports arising import route constraints sincerely apologize inconvenience caused regards cj
612476807988749,zesco limited ndeke village s too much
612476807988749,chibwe petronella kunda cpk very true
612476807988749,lloyd katongo s too much wusakile people even stock things fridges ku ndeke t
612476807988749,chibwe petronella kunda cpk awe mwandi
2999504900355579,waiting power 12 27 06 20
1214931469120717,sydney ngulube get now just breaking another power cut muli ise
968249324136350,power cut yesterday day 14hrs switched around 24hrs just hour cut until time representing konga makeni lusaka
1181750455807621,previous 12 hour arrangement actually better 666 pattern isn t favorable power only comes work goes before return home comes midnight asleep
871927237359012,kafue greenfield shikoswe power yesterday 11am 2pm next day s exactly 1day 3hrs without power please update transpired currently transpiring livelihood depends power
866407191245806,change lusaka west 12hrs 18hrs 06hrs
483063327122849,chalala re still getting robbed power 11hrs re still waiting evil people bring back 17 41 crying loud
1359855841497739,zesco really dialling 3600 comes area scheduled load shedding today joke off 19 hours now
668791911656365,reconsider alternating load shedding hours tired just having power 11hrs 17hrs every day dark every night
3296797573914788,mean now won t rotation permanent power cuts between 05 11 17 t0 23 23 05 23 just like how rotate surely cant living like sleep power wake power zambians dont forget 2026 might seem far now times best teacher
841991163531334,grace nonde kombe annoying even say 23 power went 22 instead 5 power comes almost 6
841991163531334,lorna blue kanema imagine m frustrated
841991163531334,grace nonde kombe line tripping while rest power
1214931469120717,annah azula chirwa how loadshedding breakdown treating
1214931469120717,sydney ngulube s wild butah
707182370784437,elma chisanga also experience same
707182370784437,bamake ndindi chota alright noted
1255580588504842,madalitso kabwata believe kabwata slip 2 part unfortunately side only power 23 05 12 17 please start alternating times load shading 2 areas also want watch 19 hrs news just t having power sleeping work doesn t make sense please look into matter
5642840952511209,nkani yamu kachasu power restored 14 goes 16 idea restored ba call center nabo sibaziba timetable
858879975328948,ve power 5am isn t back
393642039647090,ndipo issue 05 11 17 23 really done us bad kuno ku kamwala south cooking supper 16 hrs waking kuma 04 u mean orogrames cant alternating sure should power come kuma 23 goes kuma 05 nishi u want kill us hunger nayo malasha yadula kindly revisit schedule mweee
1169936133657627,please m asking center number zesco us power now s 4days
1312003869590105,honestly stick schedule those switching off needs go back school redo maths power came back 1900 2330hrs off how many hours between
1384698558972058,simple instructions president cant follow still experiencing same 12hrs power cut chingola 05am almost 8pm nights ninshi mwapangwa shani
824159145317028,6 hours kuti power 10hrs till now atase vama dongolilo
856938265539057,schedule following another timetable another schedule kamwala south group e power goes 05 11 18 24
1222158615368774,imwe ba zesco ninshi ifyabupuba u saying ati 18hrs now power gone 16 50 ninshi ifyabupuba awe twapapata just give us accurate timetable
1222158615368774,awe mwandi tell
1214925962764712,haven t power since 01 00of schedule say ba zesco woodlands really suffered most outage
704837744674802,ine don t like thing power cut twice day should power mu afternoon elo nishi kazuba kaliko s dark power us compounds 05 17hrs better
1153766335341098,wake without power knock off without power even make sense how prepare pay taxes dark staying without power automatically water goes aswel
1020701679739263,don t power since sunday morning
752092206314556,now happens earlier schedule power supposed go 16 hours area 11 hours already switched off
705058914532714,raining every day whats point having roadshedding
842561720147197,s plans mushitala area solwezi fade since 09 00hrs upto now don t electricity stick plan
1243137079941469,s case power outage since 11hrs yesterday shikoswe
664331705475734,don t zesco went yesterday kuma 23 came kuma 05 11 gone oya wats happening ba zesco
566289968419797,ba zesco give us real schedule because giving us exactly time re showing us deal entire people duty because re doing duties properly instead give us different times find yourself exactly really going thank trying behalf neighbors entire surroundings areas check people duty giving people exact time opposite take notes
1214925962764712,regina gumbo say think want us protest
1214925962764712,kumba kuku diallo s very irritating know
1214925962764712,regina gumbo meanwood mutumbi worse 14hrs power sometimes
504697271653576,cannot stick schedule speaking lubuto ndola s power since 05 hours
593302386112919,message dear esteemed customer delayed restoration supply area due ongoing load management supply restored soon load system stabilizes regret inconvenience caused power went before six morning today until now kabangwe thought integrity pillar business saying something else practice something contrary statement shame even corporate institutions ceased tell truth core values
5648817075215103,don t stick own timetable schedule people go whole day without power
5702244013221636,power yet back new schedule effective today also dialed 3600 option 7 gave meter number today s schedule given wondering power yet t even stick timetable make yourselves
823262035437849,suppose selected areas otherwise matero salima road still experiencing 12hrs blackout
2797518267080973,let new schedule released people plan u implement yet schedule ready vama dongo dongo che
470592845276981,yes heard now problem switching power cuts others got power others same area unfair should checking properly switching power
749469816152433,ba zesco stick schedule came hours us respect us following time power cuts time feels like comes back feels like
469534365376638,3 hours power 3 hours power please sir
749123199973444,think should revise timetable loadshedding long hours criminals taking advantage long power cuts split hours into two hours avoid vandalism
752092206314556,mubanga ndakasha mujajati same even
752092206314556,mubanga ndakasha mujajati same kuno
664331705475734,tatianah phiri 6hrs 6hrs 12hrs split into two
664331705475734,paul tembo eeeh kanshi
664331705475734,expect 5 pm go off 11 pm
664331705475734,paul tembopaul tembo okay
5702244013221636,rita goma ni beans sweetie pipo kaya mwandi
863148371401018,ba zesco suggestion kwati ebo mwa bika ku planning bwino bwino schedule ya load shedding make sense group 01 30 07 30 group b 07 30 13 30 group 13 30 19 30 grouo b 19 30 01 30 far much better following both groups time morning lunch night please adopt asap just complaining giving better options course solution just better option
530236952214385,tell people switching off power stick schedule switch power 07 10hrs switches off 11 00hrs poseniko amano
3419786188278599,few minutes clocking 24hours without power area schedules make sense
500039125366821,schedule followed yesterday only 2 hours electricity medication fridge don t know how 6 hours working
504248558442306,yesterday didn t power 06 22hrs today 06 12hrs yet time table showing us something different mwalamona kwati naifwe tuli ngombe pa farm mwamfwa imwe also things requires power iminani shileonaika muma fridge brainless load shedding
508771307786753,ba zesco serious schedule place yesterday monday 05 55 12 00 hours 18 00hrs 24 00 hrs today tuesday morning 05 25 meaning area preparing school going children ourselves work watching tv wasted units tv levys electricity area available 06 00 12 00 hrs most people work 00 00 06 00 hrs even followed like today preparing porridge boom electricity off 05 25 instead 06 00
1592231224624896,difficult follow same schedule keep switching off time
476599011338760,still same ku lusaka west
930137114662977,s sad t stick load shedding pattern haven t power 05 50hrs till now 21hrs don t know time restored than 15 hours now
1562492377547143,hmm awe ba zesco muli ba beans mweh talk technicians power supposed restored 18 00 18 15 tayalabwela ku ndeke luanshya awe mwilatulila
707715117637880,unacceptable just like said
1310903716432248,6 hours s 12 hrs power 05 hrs untill 13 hrs power went 18 hrs restored 24 hrs ati 12 hrs s two six hours intervals tell people truth
1337914046960375,ba zesco s meaning aiii awe load shedding really unacceptable silverest gardens power goes 04 comes 13 goes 17 00 exactly comes 00 00 ndishi said s 10hrs load shedding 6 hrs awe really unfair t even keep relish fridge mxxxxxxm useless 2026 near wina azalila
412656197693674,s than 6hrs power yet back went 05hrs 12hrs sure doing guys
844607890106660,great republic appreciate efforts far keep pushing behind
573241117525191,imwe ba zesco limited silverest area past 2 days power comes 01am cuts 05am 4hours opposed standard 6hours supposed s going henry kapata
2447755438739129,ok year u bloody murdered us honestly texting hour s ain t even followed truthfully just hope new dawn civil servants helps avoid inconveniences power very important effective us
1354201588746983,problem must put sticker each substation zesco know power off time aaaah epwa
1361288177782693,even sticking time table
891803565355681,y changing time giving power us chalala family trust every night power s really bad change time
742621214041225,imwe ninshi don t know how calculate time restore power 7 hours ati 6hrs
969682887335614,don t think working power since 6hrs today 12 45hrs
716967036485202,power supposed cut 05 00 10 miles power cutting 12hours even stocking called time table fair us study
749407319848915,ninsh loadshedding time frame going end should give us period
1525885331255257,lie area experiencing 18 20 hour s load shedding every single day s pathetic
836797997402076,ba zesco ni problem yabwanji yamene muli nayo how working like aini 05 13 17 20 malaiti yayenda s problem ninshi mwakulatufwaila ifyakulya provide other needs aini imwe wow just wow ve failed totally unacceptable such disgrace
530721638850288,kwena company turning into joke even schedule changing like diapers
689707672762391,should rotating mweh coz tired darkness
849475069643719,schedule apply certain areas individuals lilayi power since morning now
552120073626239,true only us nkana kitwe being loadsheded 24 7
633867655175490,just sell zesco chinese might something sensible mwe
694390852176371,awe zingalume suffered don t even follow time table busy texting us fault stop
513885767475162,please let power go now area coz need night
1614059872382424,honestly too much imagine yesterday 14hrs until morning today power power restored 07hrs 11hrs untill now power kaya won t tomorrow
919641482387207,schedule long now power kabanana site service
521371969972672,board along engineers sat down discussed thought very good idea
3426450664311115,call centre line going through
749034703219609,think zesco needs serious competition
1794074577659321,how possible coh mtutendere b power came around 18 hrs 23 went until now meaning meaning only seeing power 3 s gone re structure time table well eeh
988050969240493,power cuts inadequate power cuts time restore power time hybrid lusaka area power cut 10hrs restored 18hrs immediately 23hrs yaya nafuti hmmmm guys
530721638850288,chanda chansa need new pr people
513885767475162,martha kalis s security risk agree
513885767475162,thandi chibale lunguthandi chibale lungu yes
513885767475162,moses k kapaya respect opinion please respect mine too
513885767475162,martha kalis yes especially security reasons
749034703219609,chota m kalenga u right especially kuno
749034703219609,samathar j funilo need company beat services
1842449472788951,s good time seen now days power going aware
695943832027209,give us updates kafue lower gorge hydro power ithezi tezi want know
1171984817015612,ise kuno ku kamwala south s 05 11 nafuti 17 23 awe bane stopping heart mutima ozilesa very important
1148425092705733,mr kapata something new kasama power went yesterday sunday around 16hrs came back midnight went morning monday around 05 came 11 went 12 6hrs break talked morning
6744091808940893,schedule lie
754691306083059,ugulugufe ugalu weka weka power cut 05 restored 17 sharp den 17 05 cut 21 stil power
1169745800317304,better maximum 6 hours minimum
1148958279317062,only power 3 hours during day
952782806128661,hmmm ba zesco power today went 07 morning hasn t come back since mr kapata 6hrs break new kasama
588280453129937,tell people chililabombwe should loadshedd same area 18 00hrs past 1 week kutupa believe should rotation basis also want power evening bringing power sleeping exactly 06 00 s gone elo kutupa last
872395717143017,hakainde hichilema zesco limited area hasn t power since tuesday 20 00hours counting happened without warning please disturbing how fight poverty even simple schedules cannot followed
486438580109819,stick time say 12hrs ensure power restored time planning purposes
893053705214196,y ba solwezi zesco following schedule 6hrs power 6 hours power off ifili simple want complicate sure apa 10 hours yaya
862471064955757,only could stick timetable help alot
580034170149216,aweee imwee naimwe kafue ku nha hvnt power 2days now
706802090951757,power now start going twice day power went earlier 5 came back around 11 now s gone least honest
1225435418382869,stick schedule
1519435088538365,s even staggered us loadshed us 17hrs 23 30hrs 05hrs 11 30hrs s staggered use power 23hrs 05hrs should sleeping change schedule realistic infact loadshedding us 13hrs 20minutes
538915271621679,immersions ve power cut since 5pm yesterday until now makeni bonaventure teku sakes uku nomba awe poseniko amano ala guys forget powercut area
839509707158205,power went around 23 00 came back 06 12 00 gone pa power awe suffering mwe
1171984817015612,jacqueline favour mulenga atleast 6hours x2 manje ise 17hours daily without power honestly
588280453129937,mumu adams mumu taumfwa ati kutumpa last futi kkkkkkk
588280453129937,angela chikontwe ntembula awe kusamwa
1227453241313857,please give us chance power evening prepare following day
828909211632389,relief just 6 hours loadshed per day off
2758961437568042,imwe ba zesco load shedding only applies areas places ma plot
414738030815976,zesco failed project just sale
2597395027067376,better start rotating load shedding hours
702399248085203,six miles s now 8hrs without power please let s serious us depend same power feed children
481598340820357,power area went 11 hrs now 17 38 power back
512339080995496,woodlands yesterday sure power
492494133024925,u already switched off 11hours meaning 7 hours lelo aweh shuwa
699972375059996,power cut 16hrs restored 12 ninshi chalabela ifi
704399134617947,s point giving us schedule going stick guys incompetent
1659534051134956,power went 8th january 6pm still isn t back 10th ridiculous
2130419434012575,28 hours load shedding kafue green field follow timetable made please
874958243837673,schedule hasn t followed electricity disrupted yesterday around 18hrs until now nothing awe bweshenimo umutima
745179790271095,very unprofessional time kwati tabasambilila
855597545667651,garden house power goes 18 n comes following day 06 s fixed school awe ba zesco tilanganilepo
1141152576599370,same schedule working
554138996371475,people playing minds certain calling us puppets right now
646741773873357,16 become 18 power cut 06 came back 12 apa cut 16 isn t madness elo should appliances get burnt awe sure should ready person like
860155021917554,awe ba zesco chamba valley 10 upto now 6hours ya bwanji
702753057925751,far ba 2 8m now 2 5m continue exporting power make us suffer ba kambwanga imwe
1258295001705182,kindly ensure rotate schedules place load shedded same times every day through shedding exercise
673261321259755,should rotating t 18 24 hours schedule everyday want watch tv night
495017766093438,seems mathematics very difficult subject school staff
1372805636872104,better rotation schedule even six hour break e us feeling benefit having break cause power cut morning restored work get back home cuts
548169364026736,now mean power going twice day long 6 hours done
701421754867686,elo nomba fyapena shall keep missing electricity home god help us wait until come frenzy
841218527168887,ba zesco honestly ai power na midnight come kuma 06 na 11 gone awe serious work
854620845817677,power coming around 13 chachacha
475563724778643,six hours foot nishe part mutendere electricity goes 12hrs vazii
841218527168887,rhoda zgambo same imagine ai
841218527168887,christina keila kunda coz mwandi would power whole day since came morning
1350116349095015,ba zesco mulebombesha introduced half time kuli load shedding
730146681615614,riverside mwandi crescent 05am 13hrs 17hrs till don t know upto now show two times day
1117533922273509,nothing changed power cutting twice day totally nonsense
850255429376696,bias power left 12hrs nyumba yanga came 11hrs hour left
1357331375102374,kuno power went 06hours 12 20 yet back aah kaya mwe
840534890345087,don t even stick ur chi timetable chilenje power goes 16 comes back 24 vozilila chabe
1572214923204554,only problem ksq u hit us 00 06 apa power gone futi meaning
1513757022445297,12 hrs having 5 hrs using power
5843493245732642,zesco lie humble how power go 23hrs come back 05hrs go 8hr trying lie 6hrs load shedding
1360095091474039,new time table even worse us having power only afternoon whoever came thinking bwino bwino
1357331375102374,lynda simbula work near area power restored 14hrs kaya kapena nizingati hours
1357331375102374,martin akende apa yayenda second session
1357331375102374,lynda simbula hahahahaha yaba
1334937173961008,clarify like loadsheding around 00 00 power comes back 06 00 12 00 power goes coming back 17 00 three times per day hope s going like
3431772370424891,get imwe ba zesco kutumpoku yesterday power went 12 came 23 woke 05 went came 13 30 17 s gone awe too much
871308617518422,meaning going twice day
922482935421191,us power went monday around 23 upto now
734501617841965,switching off very punctual switching back don t stick time
697357255385247,ifwe kuno goes midnight back kuma 6 off 12 yabwela 18 u dividing th 12 uv reduced 6hrs please mwebantu chili shani ukoooo
869819651007946,schedule being followed s problem
858200875455085,imagine how dull someone describing everything leaving contact number how useless call customer service
549908447051626,ifwe even used apa ni long shedding switched off yesterday 12 until now power ok mulimbwafye
749886946759897,according schedule us never power between 18 midnight everyday
844511016783014,how power come 00 go 04 normal now ghosts
691617299082811,ba zesco start kabulonga got power 01hrs upto signal
884343269276049,nyumba yanga napsa power went midnight came back 12 2mins gone don t know s going
941838613408160,just today power gone twice mutendere
2640596836083446,power went yesterday 4pm back 4am today 5am power went back 11am 12 hours power gone kaya back
6602224119805409,thanks try manage situation wait permanent solution crisis sympathize
856613838923064,ba zesco six hours foot still 12hrs chilenje goes kuma 23 comes kuma 05 goes 11 comes 18 45 u say six hours
861299598424277,ba zesco lesa amipale power gone 07 now suwa kind witchcraft emwe
701986788105808,ifwe kuno yele 05 12hrs zero zero still
575216297399496,having awkward load shedding chelston 17 00 23 00 05 00 11 00 aini power night sleeping aini awe serious life ba zesco
1540969093038226,own different load shedding 23 05 30 11 00 17 30
673295751161689,going guys over 6 hours really mean guys count 10hours 6am 16hrs still power hasn t restored
5745284188881794,us different schedule went around 05 00 s 11 43
5084471844989149,guys awe ine salama sunflower street power went yesterday 24 january 2023 around 16hrs restored 25 january 2023 around 13 hrs now exactly 16hrs power gone whats wrong u ba zesco now only 2 hrs honestly
570937941161607,mailaiti yaenda kuno stick schedule
3450744738582715,zesco limited learn stick own timetable imwe ba chimbwi
1209363163291449,fyabufi ifi s just paper ukutalalika abana place power went 23hrs came back 11hrs 6hrs mumbling ba zezikolokolo imwe
942246410094802,good switching off than switching
7219188731499295,don t power friday
2640596836083446,conspam ltc u us same
2640596836083446,linda chikumbi how elo things mu fridge
2640596836083446,conspam ltc moment announced stopped buying
2640596836083446,linda chikumbi already bought ine
5084471844989149,mwanza mussah shipeni onalebo ifwe power restored 23 january since cut wondering s going way too much us
5745284188881794,lloyd chilopola us came kuma 05 since yesterday kuma 23 11hrs yayenda
1267785197286982,loadshedding 18hrs 12hrs
706493494433279,us being load shedded twice day
712789810207104,s point sharing schedule t stick
725527018935582,kwatu malaiti went two days ago how things survive mu fridge
767359114506134,only could stick time table power went 11 00hrs mongu restored now
613829517097670,power went 06 s still back 7 miles
838305480610651,ati mwa sova short term
703536127845341,kuno yele kuma 11 47 t even keep time ba kolwe
1157680775112726,electricity went 11 59 means 17 59 must back still now still waiting stick time
725527018935582,sandra mwanangombi people don t know doing period
725527018935582,chola chiluba clearly thy don t
857388412176185,makeni power went midnight came kuma 11hrs talking
494506302817197,still 12 hours straight areas nothing excited
869799674134773,s same 12 hours par day
735064844592414,kuno yayenda kuma 10 wondering really 6 hours
1184716522154006,power went 12 got restored 18 exactly 20 hours yaya mean
891216835653285,problem started ubufufi naimwe joined ichipani power went 05 now nothing 6 hours sure
3408687579404634,u want us use bundle yatu na yatu download schedule
586992656597136,problem don t stick time table
739902527469091,power restored 13 30 05 00 today exactly 18 power cut honestly six hour interval
890603003152694,ungachimwe na zesco because time table adherence pathetic
890603003152694,hi ephron soko thank reaching kindly note adjustment power rationing schedule entailing supply between 2hrs 7hrs per day especially peak hours night temporary adjustment due unavailability 330 megawatts power imports arising import route constraints sincerely apologize inconvenience caused regards cj
890603003152694,zesco limited ba cj peak hours fall night peak hours during day demand higher lies short legs caught
3412229999049832,mean 24 hours having 6hrs loadsheding
1463378687523665,wake power come back work power needs power 24 00 05 00 schedule help
825896758504711,now waiting schedule each town
547623657410795,huge problem
1503149840177852,wondering ve power exactly 24 hours everything ok
1413194982809799,ifwe power went kuma 10hrs fall schedule
5546989238756740,written 06 5 s gone 12 11 s gone
1386596358812892,area only goes 2 hours
1111889359476601,ati six hour break kwati balewamya
3320933161503894,people stupid s point giving us schedule t stick
1184716522154006,gome s chulu 12 baby 11
1184716522154006,monica hara awe ine m failing understand please explain mean say load heading having break time
1184716522154006,gome s chulu yes instead continuous 12 hours having basically move 6 hours post loadshedding pakati pa 12 hours eg 06 12 power 12 18 power 18 00 power hope zanveka
1184716522154006,monica hara yea kale kale
1413194982809799,ngoza ash kumwenda kuti watukana
1413194982809799,sheddy luh kulwala na bp pa last
1819090721817416,remove 18 24 please
544512224276231,ameno yapela staggering won t help
743969146656712,ati 6hrs s 9hrs
557230389626801,haven t power since yesterday 17 30 now 24 hours loadshedding
861747904899076,zesco kindly stick promises please cut power 4am only received 11hrs cut power 17hrs upto now thought saying loadshed us 6hours once surprise gone ahead loadshed us twice day making president become popular telling guys get serious
857332325321181,boza kulibe pa 3600
707289360857677,ussd code don t work re still experiencing 12hrs power 00 00 06 00 11 00 18 00
847543629834086,people serious
691842862478873,don t power since yesterday night chipata overspil
1291622671386112,17hrs instead 18hrs god punish ba zesco
1503149840177852,oh spoke too soon ve done job
707336194302751,zesco limited us depends electricity 100 killed us jokes aside
1280736795822488,elo bringing fridge know pantu s spoiled
1668706820210764,useless schedule chingola town centre 14 hrs now
1122839391729639,don t follow time table
3787618521464825,please s time rotated now how long going having power evenings sure only power afternoon aikona man while others power mornings evenings awe guys isansa kucinjana
484524730301589,want another schedule fast fast
592616692693736,good evening selected houses chamber valley tachai valley area don t power since 21 hours yesterday loadshelding continued neighbors yet us remain dark
1328739098134987,sense get how came look like children s going imposing everything comes into head rain season
686154626334892,ikalenifye mwilatwangasha rain season manje mu october
1205087440430798,6hrs power cut day 6hrs twice day
857332325321181,patricia m nkausu s s tarrying shedding pattern
857332325321181,elizabeth b mukuka just trying keeps taking back main menu meaning kulibe kaya now mwe
857332325321181,patricia m nkausu ussd platform fake information difficult use
857332325321181,lucy bwalya munthali true thought only experiencing
873454657314877,kwena bushe efyo twalaikalafye mu zambia ifi awe taciweme mweee
3378720489080713,use list aren t going stalk power went 11 00 came 18 10 now gone meaning
703065131322923,ubufifye bweka bweka ngayaya 06hrs 12hrs yabwela futi 14hrs yaya nokubwela 24hrs efyoyalechita kuno ati 6hrs nonsense
448443434026982,don t even stick time schedule
3286589204915236,interchanging
552549073451291,nanga ija inangu taimu tebo
489414600003382,ok going 18 00 now
663368398909430,now vegetarians becoz u cnt even buy beef chickens other meets other power dependant foods fridges ever off time
570328218425156,kind load shedding
6488274294522569,power goes 11 18
749892046557104,tombanoko noko ichinyo stanyoko tombanoko atase ba zesco mwalitumpa baninenu ifinyo mwembwamwe stanyoko
1130443434287490,monday doing opposite said check kasumbalesa 4 hours power off
514597170766953,kuno matero 11 sharp namanje aweh nikulimba ni animal farm
2218258545230469,mulibachabe imwe muleshitisha amalaiti kuchalo kumbi mu zambia tulechula nichofye ubuteko nabo bulifye ndwi
714946996642118,paipa zesco limited yankala na first second half nika bola manje
1153772966523175,kariba dam never rains thank god rain pattern year opened eyes
2978703459090877,58years independence still mubusha
570360627883510,imwe ba kembo asha malaiti
576502217672417,muli ba chebe chebe
1550493912137739,mwani paila na tv imwe ba mbuzi
714417990334888,just turning power whole night till 8hrs s enough time guys
1373227593487046,power cuts time seems time table even followed
841343713607499,thank changing schedules today mukuba natwange kitwe 12 00 18 00 now don t power 18 00 00 00 s beautiful bars noises vagabond noises nothing
690303226021072,sarjestion zesco conects kafuwe lake kariba other rivers
570647161581047,worst company ever exist earth
494351242820167,susan bwalya katongo washuka
1622017188210739,imwe ba zesco how come other areas don t get load shedding yamene iyi elo ise permanent schedule ya ma light going 05 don t like alternate pela
501129308798021,kumba kuku diallo aish
727653782116850,power went 10 hrs
3397388003915845,hh very smart cause makes lot sense better
974081616905430,power went around 24hrs came around 10 6hrs thingy going start
1220785765502811,don t even stick timetable huh
5853905888003656,21 57 power cuts ibenga s schedule zesco limited
494351242820167,mwamba m katongo wanted look post tag let go chawama seen yourself
501129308798021,suwi siwale mokola boo yesterday power upto now visit mali tomorrow
501129308798021,kumba kuku diallo ok boo
579156810706802,ben jones mainga mweetwa wanyema mulombwana
3654329838127689,twice day ba criminal stop showing us fake timetable
1526632871149066,problem area now loadsheding problem o faulty kwacha corner bar kazembe road kitwe don t power today makes 2 days day night without power alone entire neighborhood affected 04285215861 kindly assist
986267512335131,chichi love could true lets see kuno ku booth power went 6 came back 12
501978025411030,eunice k kapoka awe sure things mwe
864843354738021,alo kindly share new schedule kabwe app 3600 showing scheduled load management yet power goes every day
830250864942876,least tell us times allocated each area like re just doing ma dongo dongo how meant prepare accordingly like
581488507133950,time since 23hrs power yet back should trust timetable
1322247068623670,six hours promised 05 17hrs hypocrites big ones matter fact ndimwe gaga
1366217900792542,power went 05 00 came back 10 50hrs
711538893892824,power cut 05 11 38 nothing
1337037643724222,night theft come back lusaka how possible lusaka night load shedding made way power goes around 18hours come 23hours issue power going midnight given room thieves
846945916381966,company also change ma years nama years change same story very embarrassing
546495607523825,bring new investors build power plants load shading should thing past digital world 70 businesses rely electricity
858763822055995,problem don t even stick timetable switch off whenever don t rotate switch off same time everyday depriving people certain things don t remember last day watched main news coz always don t power evening should rotating
579156810706802,lia exasperate people mwata kkkkk
1175176329792316,hazel zimba ati shani boss
1699234950533889,malunga banda jr thanks
858763822055995,yvonne yasini chilonge true
858763822055995,yvonne yasini chilonge t said better than
858763822055995,yvonne yasini chilonge true just ticking box happening ground
858763822055995,yvonne yasini chilonge very true
858763822055995,kuwayawayafye ba zesco bena
858763822055995,yvonne yasini chilonge exactly fail stick time table mostly off period prolonged
858763822055995,yvonne yasini chilonge zesco limited s truth
858763822055995,yvonne yasini chilonge true
858763822055995,yvonne yasini chilonge very true mwadi s irritating
858763822055995,yvonne yasini chilonge true
391629953185764,power exports reduced announced minister loadshedding hours still same
812172198006811,us giving 3hrs imagine
739437660630695,like beyond 12 hours
1327338021394468,zesco useless company
2041725376176828,tax payer s money busy
8627386197333945,better muleshimyako 00 00 hours ninshi imwe
711538893892824,michelle milimo hibeenzu us well better comes back 12 00
711538893892824,mar gret s annoying
858763822055995,yesterday power came 7 minutes riverside extension kitwe never came back until today today 11 15 hrs electricity finally came before could run switch appliances gone less than 3 minutes s happening
858763822055995,hey mike moomba kindly report matter calling 322 speak agent use ussd code 3600 follow prompts download zesco app whatsapp number 260762626977 register fault assistance regards ykm
858763822055995,zesco limited thank ykm
858763822055995,zesco limited done thanks
779466737124065,teachers loans government workers loans private workers loans zamcash loans new teachers loans zamcash loans 30 seconds zamcash 2 minutes
1579421839458706,said monday 11th today don t power 14hrs maybe s calendar okay
488913716721297,25hrs loadshedding neighborhood
703402968046208,think let s go ku zesco everyone beat lying us kumenya including manager
293254090452144,best stick schedule make sure guys responsible power cuts restoration sober cutting power early restoring late contrary schedule mano yamungulu wapakapiri
556298766557238,those guys switching off power should set time correctly re way power going 30mins before actual stated time unacceptable infact should testing alcohol before going switch off someone straight drinking black label ati nayamukushimya ama light alaaah
949338863486489,need raise man zesco limited
714690887405115,dont u ask garry nkombo solution imwe
925463345846730,power outages today hill crest ndola destroyed phone know don t accept faults gave fake schedule since morning power flip loping
1579421839458706,greetings chileshe m m njovu thank contacting zesco area fault reported es
1579421839458706,chileshe m m njovu sorry sis
488913716721297,joshua ngwisha short day loadsheding ummmm just bril those stocks fridge
348524291512289,services pathetic helpline off 3600 well isn t working haven t electricity 18 00 hours yesterday chingola south
877398570239153,plenty story cut short thank mrs zemstvo mosonda being truly appreciate kind positive words nice doing business low financial status went through depression come alive don t know how much bitterness because ever since started investing into mrs zemstvo mosonda company platform started benefiting through became positive stopped listening people rumors talks zemstvo mosonda
695290788939976,please zesco rotate switching off purpose load shedding because us area foxdale kasisi lusaka watched 19hrs news very long time fix timetable manner others zambian than us above voted current leadership please rotate schedule mathematics also tells still loading shedding us 12hrs say 6 12hrs 18 00hrs repeat sequence please rotate schedules submit
1358542278236308,posting something don t follow
1329470227842184,kwamwena down cheers road opposite police road street power two whole days food even gone bad s disaster zesco even bothered come check problem could even numerous complaints please kindly attend fault load shedding enough punishment already
899150527765018,ba zesco rotation please
903706750632464,don t understand schedule according s time loadshedding thing promise should anything get damaged switching off time supposed take each other far way said 6 hour particular time yet power only blinks goes comes back next 6 hours kind schedule
2322304157925812,start rotation
726904975779435,even stupid schedule t follow zesco just awe sure
692336125873595,zesco limited stinking liars
712577027228515,ifa olowo ajagun very powerful spiritual man source blessings hope many people worldwide both home abroad interested making money getting rich without human blood sacrifice repurcussion 2347065707927
3506538596235608,places rarely experiencing load shedding while t even benefit new 6 hour plan power comes 3 hours goes 12 hours know tricks playing s just matter time until loose jobs because corrupt incompetent
553110000038032,r sticking schedules power went before 16 n only came back midnight only go 0500 god knows time ll back
703561894546160,stick schedule false times employees follow complete utter rubbish
539229484616525,hi zesco please assist ndola kansenshi
897569784932137,rotate schedule please unacceptable waking 05 00hrs power leaving home 06hrs coming back 17hrs power totally unacceptable
1895932464076398,libala goes 05hrs 11hrs 17hrs 23 other areas s goes 6hrs only re fair
1869969563344008,midnight till now electricity
661422669058089,wrong 11hrs ahhh ba zeze naimwe
1098598597477050,hate company
1608678122917697,stick power cuts around 05 restored around 13 cuts around 17 somewhere midnight failed
2474266746055900,sticking schedule 05 upto now power nine hours straight power
908148150549989,zesco limited schedule working riverside kitwe power went around 05am 2pm still power s better don t communicate schedules because s really inconveniencing following
559897986037225,lucky phiri znbc news lusaka
855178339067685,wat experiencing totally different wat u saying coz imagine 00 00 hours 06 00 reality 00 00 13 00
1167766793866490,ba zesco muleke ukutwangasha mwaumfwa nachi new time table cant follow
1212182749711840,muziba like know hakainde hichilema people ain t obeying following time put selvs
682094463705510,look like don t things
1353026225472470,get manager
913157799847897,ain t guys following time table
1268315873726537,wenye kuno still experiencing 12hrs
1109511169692816,rubbish switch off power around 8in morning restored back 18hrs switched off 23hrs back 5 morning sort nonsense ba kapala imwe
1529471604224151,lies though
919438979228345,liars s 09 40min ve power ndeke
1351274098961732,power yesterday 05 14 17 23 today 5 gone ninshi ine ndipa schedule yisa bawesu total 15 hours loadsheding cumulated
1592110744564752,best thing u just off until month u done wth ever doing
6053644208025680,please let rotating tired 3 days darkness sure
5810165552431427,zesco limited chipata overspil power went yesterday around 23hrs upto now nothing
837671050849200,zesco limited consistence plan load management showing different time power went 05hrs today plan showing 06hrs going institution checking works stop misleading nation ba zesco
683576683463546,failure s t even stick time table
700699698437908,fair manager tamulemona mukote
561240262529112,slept power understand came while sleeping now waking power work come back power till sleep won t see power today whole day power goes 5 preparing work comes back 11 work goes 17 back work comes back midnight sleeping wats point even worse new year new dawn
561240262529112,ethal stephenson lol keep missing each other power mulepusanafye
561240262529112,horence muzo musonda exactly
500869045466973,new schedule miss needs revised make rotational leave home 07hrs power come back home 18hrs still power power restored 24hrs cuts 06hrs relief
1135548820481792,bachinja futi evangelist jones wamunazaret salepela
1114571425879910,silverest power since yesterday 05 00hrs till now surely doesn t look like 6 hours relish rotting ba zesco please business depending power supply badly affected
834972411129576,lying kamuchanga r section 3 days power outage 6 time better continuous 12hours than breaking into 2 ndeke village high cost free days us still 12hours
554390029948965,disappointed how managing load shedding power goes 18hours comes 24 00hours goes 05 00hours how expect us prepare
576534834289958,reliefoooo kwati fipuba amalaiti yachisa 12 hrs 17 hrs yaya yabwela 23hrs 05 hrs yaya claim ati relief
1135298890473561,don t even stick timetable just un professional how expect citizens plan around cannot manage yourselves please let s fair people s bad enough cutting power 12 hours even us roma
720944359321104,6 miles yesterday load shredded us 05 23 today 04 40 power gone time expect us iron uniforms mukela pamo na upnd
1128673127789731,stick say
852332562654135,hello t find
734226471642590,stick schedule s frustrating cut power time t stick don t give us timetable how expect people need between 01 05 mulebako serious elo apatulula kuma ibex kabulonga give flexible time elo babi just zimya chi zimye zimye muleke 2 call centre line t get hold s 3 days just saying busy poseniko amano
1284988862358217,load shedding very different previous loading shedding
674368357671923,zesco limitedso mean power cuts 11 hours restored 18 hours cuts 23 hours ba zesco
5952209791544982,zesco limited everyone complaining failures stick times always cutting early connecting late embarrasing govt hakainde hichilema w k mutale nalumango energy regulation board erb
869672600961795,zesco limited keep times religiously already frustrated zesco 24 00hrs 23 32 like tonight switch us stick times please monga muzungu eskom says 1600hrs check watch 16 00 hrs time keeping pathetic very anti govt
2719037321564286,during day 7 hours power emmesdle area now gone power very poor service even lies post
752952299080304,don t regret
656575589595075,today whole day power 23 30 s going happening don t know 12 hours power only 6 hours power management s good how s load schedule too bad time cut power
875659996891950,actual 10am off 18hrs apa 23hrs yaya m confused
679708873797633,vaupuba just stop exporting electricity want us undress understand
1209250903302028,kwatu cut 10 40 kubwela 18 hrs cnt see such
390858876596508,zesco limited mufulira specifically shinde stadium area loadshedded 16 now 23hrs s 7hrs hours please precise restoring power just late cutting
5723757744386218,want just shutdown whole nation kwati palipo notumaiti
670213151452255,zesco training centre graduates s now 7 years since completed ztc update employment sure
532409062199641,s ok just stick 1 time off relief yours calculations never see power own residence leave work power knock off power
707485110743912,stupid selfish fools give chance other utility companies than punishing people like
558616886165374,schedule house help dependants only tiuka power come back work go back work power kwwf
1121394315191437,ba zesco kwateni order muleshimya bwangu amalaiti stick time table please
2907914509352052,working area still having 15 hours power
3166069063656114,re following schedule
551155510266670,rubbish power only lasting 20min than goes hours talking
1166124727370917,imwe amenshi mu rainy season yakama mu october
1642015762885082,somehow real going 6hrs went 7hrs straight
693133345609808,schedule isn t even working
875260846954800,kuti waseka kwati fyamano mwembwamwe
937364200585267,zesco bad manners
1781667235550337,y still going twice day
5860234267355942,manje tizachita bwanji apa previous load shading schedule going use electricity 23 00hrs 05 00hrs s better give us power 05 17 hrs zesco failing nation
414546447498017,right
875110533683969,most annoying time table 18hrs 00hrs
710471757268317,hope stick time table
1327470487793289,kaya don t rotate
2375001119332730,ba zesco should serious comes customers service calling since new years eve upto now haven t shown 46200403866 metre number don t power 10 days now reporting libala stage 4a mayangayanga street house 38
842383250210740,please uulolesha kunkana college aposeko amano ifwe tatukwete amaalaiti bambi nabakwata ifyakuminkonka kuma officeses tatulefwaya
875110533683969,jonathan mulenga 05 hours goes
875110533683969,akiyele jim phiri imagine
256135200573350,six weeks just starting wait
1285888772050230,zesco just same water suwaragy whatever call
839841797666648,much better since may nothing show
858547698962419,talking 6weeks ise ni 3yrs
1403967293500559,na 6 weeks yawamako
967038334570462,zambians like complaining too much
327985466330498,connected within 24 hours making payment kudos zesco choma
324876200093203,s better than happening pf
244472967979410,us within week connected
6592922150775643,mazunda kabwe lauzi told ati forget
6592922150775643,inabmul maz yaba s rough
681191376765667,chilubi still experiencing minimum 7 hours load shedding almost daily single thing changed
1898813893849225,zesco needs complete overhaul people holding offices too comfortable imagine area reporting complete extremely low voltage last three years body seems care erb same excuses
1854248561636342,even hiking connection tarriffs
266587692806142,victoria simpande story zesco
1152560722344980,lucky others goes 2 years kikikiki
1315892335683525,mother s 7 months now
550496243841279,charles mabuku ever re gee congratulations
264937716314722,luanshya doing well mwee took us fortnight apply get connected nikwisa mwikala eko tabalechinjia mwebo
550496243841279,charles mabuku ever re gee congratulations
264937716314722,luanshya doing well mwee took us fortnight apply get connected nikwisa mwikala eko tabalechinjia mwebo
613154494315983,power monopoly
2097613640630766,solwezi doing well terms connections quick connect even congratulated solwezi zesco continue connect us fast fast keep
286754987298856,yes same applies lwsc
253553684272165,ocha chabe see results
990364278955569,us solwezi ni off every time apa just waiting water reason soonest story izibika
1079026869751807,kkkkk those just wait seconds
3597225967267379,just paid yesterday connected today experiences different each district
6453639328086763,same whatsapp group
255480177328518,well previous regime took years drink water
1252138892051380,just 2weeks re making noise sure
1011208566969150,ha ha ha 6 weeks ago
2126832027655813,atleast iwe 6 months manje others s 6 years still waiting
1261072094609802,zesco needs proper restructuring
280027801332604,right rampant blackouts j
2097613640630766,evans mulevu solwezi us s 5years
2097613640630766,issue rather see manager 5yrs much
2097613640630766,hend rix connected within week payment solwezi zesco corruption
2097613640630766,cecilia swana chibwe see manager tomorrow
2097613640630766,cecilia swana chibwe maybe pole near house
2097613640630766,hend rix yes just cable wen s pole needed takes long connected
2097613640630766,right solwezi zesco needs pat back delivering keep continue connect us fast fast
617372807215580,leading half time
1469870400514177,took only two days connected paid friday monday connected
1263413897706471,s 6 years now
566767062165992,paid power connection 6 april 2023 date zero ndola dola hill area
1005670357251191,scoring many other fronts hope resolve issue soon
1509853093119726,just intice money see how quick respond matter
1360522354808794,s cheka uyende behind
255595870684980,tekanya boi us waited 2 years 3 mnths
3539041749710529,6weeks nothing applied early 2021upto date zero connection like sean tembo
3597225967267379,berry kachiika how much domestic
314727804258352,eng situmbeko nyumbu s sad state affairs
314727804258352,shungu mungeya complete overhaul required anyway us experts renewable energy bothered
1469870400514177,mercy mugala how boss
1469870400514177,mercy mugala
1469870400514177,mercy mugala politically connected boyfriend zesco
1469870400514177,mercy mugala
1005670357251191,samson banda how fair comment should
310194011398678,okay welcome zambia
1349720502418165,actually good news people now start complaining 6 weeks wow before started complaining six months first three months normal maturity period
764405032105615,ati minister energy us poor sha seat down wait
1613792405811359,s just name party power changed zesco officers employees
264621713006251,s pathetic us s getting six months need bribed
968600827584176,re talking 6 weeks mum still pushing 2 years nows
311675154864243,luapula s worse wish someone intervene
311502081255985,true 6 weeks complaint t considered before thinking raising complaint kindly read terms conditions see okay go ahead otherwise believe re only allowed complain 90days making payments count days two weeks adding 90 days sure
1349720502418165,henry nchena even good norm especially paid zesco application adjust tariffs stated clearly things past zesco t perform never performed since 1972
1349720502418165,henry nchena normal society service must provided
1349720502418165,michael ods hillary banda simply stating fact applying connection few years ago didn t even begin expect until 3 months normal guys want connection same day within three weeks means things improved m sure expect immediate connection like developed country s best move england austria get poorest countries world such things expected even getting passport move developed country challenge
1349720502418165,henry nchena true brother s just africa don t value time hence t appreciate need urgency suggesting move england u simply saying should get used mediocre ways doing things instead pointing wrong things change remember pay services repeat minor addition normal society service must provided within reasonable time paid africa backward race copy civilization without appreciation reasons behind certain concepts same practice hospitals patient condition requires alleviation give month appointment normal
1349720502418165,michael ods expectations vs reality issues s safer expect possible unreasonable expect services third world country same developed country standards different example t expect internet speeds zambia same kenya shouldn t complain
1349720502418165,henry nchena u missing zesco adjusted payments people pay cost reflective fees benefit prompt service provision s failure said would done attacking don t comfortable mediocrity
1349720502418165,michael ods comfortable just content fact improved said goal takes time achieve goal fact people now complain just 6 weeks indicator things improving t expect cover backlog 60 000 connections overnight take time things take time
640721924815006,visit zesco malambo u lusaka beautiful lady manager help u involves guys under installation advise u see kelvin kelita lady helped alot
828589662036570,different names same whatsapp group
318945434035329,problem ba bwaana too fast
1707347403023039,re talking 6 weeks stay s almost two years keep promising
1004081113972030,paid 3 years ago nothing done
1275352909817448,even better paid 8th may now just tell material surprising thing payment making cost reflective like said increasing means paid materials too
6313072612135423,talk six weeks took 6 year connected
964160904841946,want ka something
2100908430257390,kabwe paid match now nothing doing
1002161181207109,only 2 weeks maybe scare m luapula
6313072612135423,rosaria wandazi tell sister
318945434035329,csm csm wamona ka
318945434035329,csm csm could point
147288791751887,guess s first time apply electricity connection otherwise 6 weeks nothing waiting wait than year start complaining
307803085108554,paid february still waiting
199667413102327,6 weeks crying us paid may now now connection yet saying backlog cleared
541375248114781,personally paid march need pole upto now
6800755473319792,think defend zesco tremendous improvement service delivery zesco huge increase connection fees become very proactive people see value money speaking experience also others whom also seen compliment zesco
606226228096281,too much incompetence company hence need overhaul top management
3458402971080101,three months now connection
617507847178403,backlog than 60 000 dating far back 2018 equalising
259545083611430,connection three months time quotation comes pay even tell connection done 3 months even application form written than behind
317082224093086,sit down drink water friend just 6 weeks complaining paid 2017 only connected 2019 during pf
1275352909817448,theoson kafwimbi mwanaumbi same situation
1275352909817448,theoson kafwimbi mwanaumbi too bad
6800755473319792,henry sichula s thought also alas paid 4 months ago just brought four poles amount k146 000 includes transformer everything quoted
6800755473319792,eviness mayuya thats sad
632722258658619,6 months ago fare apapene walipile paid 2016
1790877341366512,zesco now pathetic
200755466322805,mmmmm 6 week thats too early tekanya boss
158705943873533,ba moonga joe lenwell
260428126832806,area committed kudos zesco coz week came connect electricity
1121216469314009,livingstone zesco best far
1010964830031996,also same boots paid 6 weeks ago nothing today hurting neighbor whom paid same time connected 2 weeks ago
298626419517833,bane 6 weeks honestly
797060355547559,don t combin politics zesco mune just wait
860112232179571,mazabuka very fast
317082224093086,mathews muhau mweetwa kkkkk let sit down drink vatra boss kkkkk
260428126832806,rika naliz kasmo nduluz
997044898104015,talking 3 weeks us waiting 3 months
304672865444199,chongwe worst wonder work like may need man power
1114355119540208,myself l paid march 2023 show
674077001410420,company disgrace say least reporting fault low voltage close year nothing done far s story story field staff
843687560662741,experience zesco field staff harassing family insisting separate power supply kantemba main house applied separation xmas week 2016 zesco s contractor only came put poles 2019 since story zesco conductors yet statement pr department sometime last year backlog connections cleared end march 2023 ntemba remains unseparated
314479391095587,mmmmm want minister intervain go see head customer care
218829087478751,serious h h must fire ministers letting down
261357600084923,too much politics belly
203300832501898,lodge connection problems paid 2017
1350227855844217,least 6 weeks ifwe ma 3 years
158705943873533,michael robert lungu moonga imwe fi watchdog kuti fyakuletelela sana ifi fikabwa
203300832501898,victor nyambe call hq people lusaka explain situation
843687560662741,alphet dokowe hazppened us too applied zesco kantehemba electrification paid k2500 never saw actual work connecting line woman till took money transfered somewhere else never recovered money
843687560662741,irene banda werent given receipt reference number
843687560662741,alphet dokowe yes re given oh dram
841908887534142,re talking 6 weeks us taken over year even buying own transformer spending over k600 000 trust day power shall feel cost because spend fuel genset everyday gas every week keep hoping ll come s office haven t
1457762855058197,nothing just changed truth front
1690749871393570,talking 6 weeks father waiting eight months now
824248176005123,just wait jesus christ return
646895960732188,thought m just alone
688264309312056,now 6 months while know someone paid connected proof
667471854997744,kkkkk two weeks ago crying friends don t remember
1056458468853307,pa zambia u waiting normal process u won t connected dear zambia country open ur eyes
1020109762752167,6 weeks really tekanyeni boss
261357600084923,job nsama even poor finishing pf same
1350227855844217,kelvin musonda new dawn 2 years old
838734440802923,applied water connection ku nkana water month ago went check told officer verify alikwata ifyakucita let s hope verify asked how say hope verify mercy ati urge want attend other customers
982481913089980,wake minister connect follow district regional manager
831000462075383,let personal challenges assumed failures big corporations like zesco now longer experience load shading score tuletasha
262681793282465,let complain paid money k4 800 s lot
320640177058229,believe come knocking door 2028 applied 2021
997820034677347,6 weeks complaining re talking months
801175478371756,even better paid 2018 now nothing mumbwa zesco west most corrupt
323450626698924,concentrating cdf
317607634018456,six weeks paid zesco limited 7 months ago even frustrated intending take court
259475586923892,ba moonga complaining 6 months l stayed close 2 years just waiting till changed government just wait see
841908887534142,bina hugh area reason give
841908887534142,ala s sad mother paid february upto now
841908887534142,bina hugh serious let down
667471854997744,owen haafwa neighbor s almost two years connected
667471854997744,doc george nkhoma kkkkk guys u need really push push
667471854997744,owen haafwa too much nichekeleko nichekeleko
317607634018456,jimmy mukwanya u dnt v number
317607634018456,u shud stop complaining sent u number u never called elo pa last ati ba zesco ba zesco lol
842654447102636,re talking 6 weeks wait till 3 years
982520906125603,6 weeks already complaining na 1 year ilafika
1596646810862520,s 9 years still giving stories zesco complete sham full corruption
186078374484005,country too big people too many don t expect everything happen time
1317728269152724,patient meantime using candle
301125472504951,paid connection fees full february 2023 still dark day
2202786226779292,same situation paid april now
1043311473329162,wish commend ba zambia watchdog koswe how used continue use pages control ba boss lot people fired appointed thanks don t know weak something kaya s clear time zesco md minister energy
1431917760926940,even refusing refund own units replacement faulty meter going since last year december need stop giving excuses those front desks even tuma attitudes inquiring zesco limited kawayawayafye ati doing systems upgrade come two go come another excuse employee go other department cause us favour pay service
607515918232984,think zambia zesco waste comes customer sevice gross corruption customers panicking hence being charged staff poles delivered work done time
1587349058462447,s taken 3 years because being quite
3578373739112848,mr moonga just relax note only applied connection due time connected
1278345019712675,previous government took 3 4 years come connection place developed place like avondale complaining 6 weeks
293880816577855,better s 6weeks try zesco mumbwa 3years now connection get surprised criteria use connect other houses
132467726589420,yet ve increased
652731433469685,way how much connection fee urban area
1662549880917318,kikiki minister energy should come install power place really
811669744021352,atleast na six months take 4 years connect house useless performance vi zesco
3618110708447498,zesco undergoing restructuring soon ok especially those need poles
841354144073352,mmmm welcome mu new down new dawn
1042546530442790,even better us s 6 years now
3552650258394935,new dawn old team
884014289908116,6 weeks thought would say 6 months anyway depends side coin looking
842324090963716,nkani ya zesco awe ungadwalilepo che namutu
314467591038766,think people country expect too much company 20million population looks zesco services s possible zesco work speed people s expectations yet proposals dismantling zesco being shot down people same company generates electricity same company transmits electricity same company distributes electricity same company services homes electricity impossible efficient effective scenarios let zesco concentrate generating electricity transmission distribution should handled others case cec shall witness good customer services status dont expect much just patience dont want private sectors participate sector create three state companies participate generation transmission distribution electricity
691829512814197,moonga ever call yourself cannot happen applied paid 6 weeks ago how possible applied paid without quotation big lair
1103289897723682,prepaid meter went off two years ago lights ever bills reported response
1358308531421267,talking 6weeks m staying zesco paid 2021 till now ni story story
594664932833537,actually during pf k780 connection fee now paying k5600 while other than connected please fire director
204430029280862,s failed project zambia zesco bwino bwino
864783155274402,don t know work
158482940565675,even eastern province s worse quick connect national grid least pay ka something
988406119065527,should wait 3months mune paid november 2019 connected april 2020
3667303526928543,6 weeks complaining
1032341511123508,annoying disappointing
818042396451221,re talking six weeks us s months
741150644445509,petauke district s even worse paid way back 2020 till now s story story even tired visiting zesco office certain officer once told petauke 60000 applicants paid far back 2016 surprise those money just within two days pobo house electrified wanagula weka ma poles
131638136673362,power being monopoly industry
130765013432625,people complaining 6 weeks great improvement zesco cause people used complain waited years years connected
595962146042598,hates mostly behave connect free zesco needs improve management just busy workshops every now useless
1263988527596153,zesco doing free service 2 d zambian pipo bcoz pipo pay over k4000 s disappointg dat even gvmt owned companies treating us like chine companies thot changing d gvmt going change pipo s minds gvmt bt avail zambia wa chula
966343037752683,seem under stuffed
1354677755466141,two teachers houses matunga day secondary school katete district eastern province haven t connected since 2019 busy complaining 6 weeks
1416392752423834,takes 6 months
606903251613494,zesco useless dear u wait year connect u think president should something tired nuisance
319999207052686,u r complaining 6 weeks mwayamba bwangu zesco even connect u 4 years neighborhood now 2 plus years bring pole go bring another pole 6 months go peace
248629344184476,idiot call minister connect power useless house follow procedure only need power rushing take time stop bragging
1023901229028987,infact worse t solve simple faults every week contact deal same problems becoming useless day being monopoly problem need competition
814245433569634,zesco mansa awe sure 6 months still counting
129140753559150,know someone paid 2ngwee 1985 connection fee farm connected grid 2018 first said money tool little eventually way
1354677755466141,mulenda lukhere think both need complain sir
1354677755466141,psalms chingaipe guys care
1354677755466141,mulenda lukhere see chairperson provincial sports weight once echo
6474828242565344,u r told go iwe u go ku watchdog follow instructions
688370936485774,6 weeks naimwe anyway zambians always complaining thing
332411952476019,us s 5 months now since paid stories stories
599999235539330,monze immediately
6482777268508624,workers still same ones
3629844403917784,6 weeks s too early start complaining
297723079506654,get u making noise nivanu ivo
311438738223605,s clocking 6 months
6357088101027140,complain 90 working days elapse
254334127508667,new dawn found useless creatures
306493691934195,alone mwandi even uncle paid everything date nothing even holes
287915833941947,people helping same people go zala wait list bwana backlog
676361921035721,paid power connection may now connection imagine promised us increase tariffs even service going improve
266309282865695,6 weeks complaining wait least year complain know how long other people waited iwe
6504567089661538,s worse kafue s now 3 years ago since paid show
263532769821045,s same case zesco kalulushi paid july upto now nothing
1388578108741216,looks like author sent zesco back log over 60000 applicants cleared just 1 month weeks applying come social media start crying exercise patience pulizi stop unnecessary attention
619615453679735,6 weeks u r complaining took 4 yrs kkk
1927030154363489,paid march todate power connected even fed following kabwata office
6482777268508624,tsetsa hambaza t change workers malume new md other policy makers
6482777268508624,ephy mbewe okay tamvela
796800835522927,even same problem disappointed
1815658288870258,6 weeks complaining those us paid 2018 yet connected zesco upnd nor upnd zesco same workers pf time still tomorrow muyayaya
968778361072445,6 weeks complaining us s years thats zesco
284603217538391,six weeks iyo iyachepa ifyo still waiting almost year right months imwe mulande pali ka sixe changed people attitude attitude culture remain same waste under mwebebe ati new dawn yapakanwafye
663513762353764,saying 6 weeks mmmmma 2020 paid group same currency amount surprise group three paid scheme connected just 50 mts away transformer farm start wondering zesco doing very disappointed zesco chongwe too selective pains most even passing through farm going connect other farm raises alot dust such arrangements
1395764864481313,u think u only paid paid before
1032171577953568,cry babies 42 days making noise during ichipani days would just tell long list stop checking just wait now hope refer office office
3612386102338418,sit down naimwe just 6 weeks u complaining
153482964459194,how s government minister involved sure those same people asking olo zati also trying tell ka extra something t get signal
1032171577953568,imagine 42 days sure
1032171577953568,oscar sinkolongo inee ukupapai thought 6 months
3596317530688421,work fast coz amalaiti tushita pa
642071357814173,work fast twalala umwafita
647858186946473,mean time because need purchase electricity units
290128167014632,thank update
3407405059524366,karen karen mwenya see
831559438301451,elo lelo nipa 1
1441938329908374,ware given 48 hrs since sunday power ninchi ninchi
984416699362871,thank god bought kuma 01 like knew
647858186946473,moyo saziso u wait
647858186946473,michael siluchali until god knows ka
647858186946473,mwila milambo u simply wait
647858186946473,mwila milambo uve told system down working restoring wat else u want
647858186946473,michael siluchali run completely kept trying ve managed
647858186946473,mwila milambo good hear
1367262563860449,ok want eat mwe fast
826269962437006,rebecca becky banda rangton
632570245476792,better now thank
3517314905153395,most competent communication company zambia kudos
1022480522072246,awe sure struggled finally atleast
3677915165765533,network back thank
516071323986339,thank zesco limited managed
2394502344055380,finally ve managed via mtn
516071323986339,david mukamba mukelabai also managed enter units
273359858632446,please normalize coz im only remaining 3 units
1003905724128956,manje ma guys ise bali nama social tarriffs just want us pay double service charge
812018876864684,finally ve spoken
3529337620689197,kindly give time frame able purchase prepaid units
279768711383433,just wondering thought mobile network thanks
621697599931064,working via airtel now
1630171607491768,luck ayi still power
1414681275772581,managed buy using airtel
616436273798267,increased tariff
1911614532536475,chilinda maxwell should still walk
796189505225240,rita musowoya makayi jonathan phiri
1282388192637821,how long now
610802407817623,zesco limited time able purchase units give clear picture leaving us suspense
2378240329047293,thank update wondering mobile network
792953145817891,looks like s big problem now solution que hours
655503493277014,useless company time
292846056448213,s back online
949062929693052,kwateni order ba zesco
1191955834833849,welcome back civilization admin kindly man s zesco know better thanks 4 info though
817522089539966,s plan imwe
920431032354542,miss load shedding boss
594218649408376,please ba zesco thing technical challenges 1st every month should addressed seriously many us buy units 1st every month surprising get experince challenges could please ensure efficiency online platforms submit
610802407817623,precious phiri try airtel money worked
610802407817623,precious phiri saying purchasing via mobile money
610802407817623,susan mulenga zulu u managed enter units bought t enter units
610802407817623,susan mulenga zulu airtel also failing
610802407817623,yes ve managed
610802407817623,violet zimba yes ve managed
610802407817623,bristone mulyakubinda keep trying
610802407817623,managed buy through mtn s refusing enter units prepaid
610802407817623,violet zimba same dear
610802407817623,violet zimba enter first 2 sets numbers units number
610802407817623,richard chilawo sikaleya numbers those
610802407817623,violet zimba same
610802407817623,richard chilawo sikaleya numbers dear
610802407817623,ireen mbola how many set numbers receive currently network down zesco posted just patient restore
610802407817623,susan mulenga zulu units enter
610802407817623,precious phiri try now think restored
610802407817623,evelyn kapanga dial 3600 go pali token id enter numbers
610802407817623,joseph zulu okay thank
230441863205721,s zesco toll free number
819970216168268,ba fi
816832912953800,baked four cakes faith yesterday mwila grace kambita call haloshi could come bake place tried buy units avail elo ninshi ka nti nti started wednesday ba zesco muleba serious manged buy now isn t loading
754014609808724,time system going normalize coz only 1 7 units remaining
997714644745974,favour katundu see thought airtel problem
1323609428244045,someone help how many units gets buy electricity k1 000
747720883709729,power currently please work faster
812513920379401,wena haiba mupalezwi musebi mukute kwa mahae kumina allow job better daily kimina bama apologize
3649741675303523,melinda siphiwe phiri suffered mwandi
816832912953800,beatrice shalom ntang lucky m surviving 3 units even funny ve trying since morning
816832912953800,beatrice shalom ntang now don t even know client only sent money 10 hrs wants cake 18 hrs made butter put fridge only 1 unit left t bake
816832912953800,mwila grace kambita ine re black
816832912953800,margret phiri iyeee now tricky hope work soon
816832912953800,beatrice shalom ntang managed buy using neighbours phone almost heart attack lol
610802407817623,joseph zulu working
610802407817623,evelyn kapanga probably just missing utuma number otherwise network back don t send just same 3600
610802407817623,joseph zulu ve bought already units rejecting enter meter
610802407817623,evelyn kapanga same 3600 option report faults google ka number kaba zesco
610802407817623,evelyn kapanga network back bane try
610802407817623,purchased electricity k160 only receive 125 units
610802407817623,ruth bwanga bout 200 given 82
754014609808724,diana kakula kauseni s now working ma
754014609808724,mwansa mulenga s refusing how
754014609808724,diana kakula kauseni same
754014609808724,mwansa mulenga s still refusing
754014609808724,mwansa mulenga network use please trying airtel
754014609808724,emma lubansa ve also tried mtn s still going through
754014609808724,diana kakula kauseni same m still trying mtn
754014609808724,s still refusing
754014609808724,mwansa mulenga s still saying unable fetch details kupusa ba zesco
985522129245800,zesco limited also give us back charges ba airtel zambia bacilalya time trying buy
1017811669249469,how miss mr henry kapata day 2 without power
285141100702509,eh people stressed work faster even know 1st people buy power
1487148675357714,please hurry buy power start month
641820527855894,kaoma silavwe niza zulu
806250487860698,chooze wakunguma mwewa apology
764044865510750,power shanganani along lundazi road since yesterday morning
1662190940907929,zesco limited lusaka west power since yesterday power cuts almost every day load shedding
1898771650503518,hurry sorting problem don t enough units wait too long
127573943700384,diana kakula kauseni oh yeah
605885541641526,morning like seriously
2555169691314009,zesco limited s fine since don t money buy units
6346384415478034,gideon k katemba reason refused
230568016489685,bought morning three times yet receive tokens
956052558995726,units deplete don t cut power
593399519335549,bought units money deducted message units
1017811669249469,fortune n sibanda miss too really communication specialist
1017811669249469,beatrice shalom ntang replacement below par
1017811669249469,fortune n sibanda kuli na replacement silence too loud
1017811669249469,fortune n sibanda thought phone problem
1017811669249469,pumulo divinefavour mumba s sad
1017811669249469,fortune n sibanda updates
1244984169485590,sön îlé kupusa ba zesco
1015605939609843,managed buy units now working
569264788736735,hope system normalize before day breaks otherwise units done hungry bored plus work stand now
1217111515654394,don t water mwebantu activate zesco limited
1366583860557111,elo really inconvenienced us
128374143619540,nibwezeleni k10 kept trying trying
648482160674176,never help bought midmorning deducted money didn t receive unit s money people ai
258561533537345,technical problems pa serious just want give us little units
195155303526163,zesco limited respond yo massager hav query
6346384415478034,jere rabecca katemba suppose nothing last month s balance
6346384415478034,gideon k katemba would darkness
230568016489685,titus mpembamoto used mtnoney dial 3600 receive tokens zesco taking long
230568016489685,alice lungu tried given mr key 1 key 2 same units gave now wonder should use cause refused help please
230568016489685,chuma clare mashebe use same units 3rd forget key 1 2
230568016489685,alice lungu ok thanks
230568016489685,chuma clare mashebe welcome
230568016489685,alice lungu tried nothing happening already deducted three times both mtn airtel
230568016489685,alice lungu tried told didn t work use first key requested 2nd key entered credit token worked
230568016489685,alice lungu managed using app faults thanks
230568016489685,titus mpembamoto too bad
1015605939609843,jæý æňğëļ s serious
1015605939609843,jæý æňğëļ s units entered
164833296506994,makumba l kabwela ching ambu
608290234743314,kalema ku lila kuno
2926457894154388,wonder received message tokens nomba dnt enough units please sort issue fast
937514670872468,purchased units enter prepared rejecting could problem
196635840034379,zesco limited lusaka west military camp section houses power since tuesday 27 june 2023 kindly something please
1246899449341087,awe sure busy waiting 1st july buy only wake power gonna go off now
285285353906261,just deliberate move choose technical difficulties first day month
266131246065467,imwe naba mtn same same ma bad manners
669620451688457,wondering failing buy units beniko fast
230568016489685,chuma clare mashebe great managed s frustrating today
230568016489685,alice lungu very frustrating
569264788736735,rachel mzenje banda try now
569264788736735,joseph zulu finally thanks
164833296506994,elizabeth namposya hope s rectified
164833296506994,makumba l kabwela ching ambu yessssss back ting
6877744568925424,m just purchasing s now working
780603110184852,awe three days now today forth day
655338662751790,please notify us soon possible once rectify problem because airtel keeps deducting charges each time attempt purchase units
217759364548969,pa 1 epo muchite ifi ba zesco sure
226673656968115,hv managed purchase now despite entering correct figures say error
797443682087152,ni 00 units kuno chiteniko fast
2026827234327779,uncalled failing buy power boarding house imagine inconvenience caused
818590762763605,mable cheuka see failing
972073417465218,mubanga ndakala simwinga ati don t purchase units today
937514670872468,reagan mufuzi problem too
644107217775772,finally managed buy using airtel money
967939444254492,si boom yamene mwayamba iyi
530434982500420,only 1 unit don t even charcoal
964197191290443,ine everything s happening blame bally
761522955769022,also unable press enter arrow prepaid hence cant tell how many units remaining
916035357334716,failing since morning please help dark
797443682087152,mwila m milambo managed buy lusaka
797443682087152,ruth lufi eh get capital city
217759364548969,makasa martin should buy power pa 1 same buy other day
6877744568925424,diana kakula kauseni yes
6877744568925424,mwansa mulenga ve tried s still refusing
6877744568925424,mwansa mulenga platform
6877744568925424,bought through mtn meter keeps rejecting numbers
6877744568925424,benson kanyembo m just getting through airtel
6877744568925424,mwansa mulenga hv bought t enter units how u
6877744568925424,benson kanyembo issue too
6877744568925424,mwansa mulenga 3600 working
2026827234327779,andrew jere use sbsa account just bought chicks
2026827234327779,frackson kasuko used airtel fine now
169930726072100,instead making pipo suffer allow free power until problem sorted coz disconnected bcoz t buy units incompetences
624553022955708,just purchasing using mtn mobile money secret immediately goes through take screenshot purchasing displayed message because text won t come
233194139652219,ooh just bought units msg tokens
168906859513905,please bwangu bwangu urgently need power very urgent
140270599079498,pa long weekend sure poor customer service eddie kalombo silwizya
656955689226492,just managed buy units via airtel challenges
1499872127502187,hire qualified personel taking care such problems relatives morning surely unacceptable
1794540987673306,re waiting official apology mtn now
644107217775772,mê mó ry yes just kept trying
644107217775772,namakau lubasi ok let try
644107217775772,namakau lubasi bought got less units
644107217775772,should get less units first payment
644107217775772,nangwabale l nalishiwa even buy next s first payment right
644107217775772,brian ngoma first didn t go through
644107217775772,nangwabale l nalishiwa eh too bad think try calling
644107217775772,nangwabale l nalishiwa too ve written
624553022955708,eric bulaya received token d
624553022955708,diana kakula kauseni yes displayed amount used plus token just entering s successful
624553022955708,eric bulaya awe nothing coming
624553022955708,diana kakula kauseni keep trying
624553022955708,eric bulaya ve managed now
624553022955708,diana kakula kauseni awesome
656955689226492,susan mulenga zulu m failing
656955689226492,susan mulenga zulu m still failing
656955689226492,precious phiri just keep trying just buying
140270599079498,frackson kasuko say
140270599079498,frackson kasuko technologies fail such expected how come continuity key nothing sinister cx
140270599079498,eurry eugenes tell bosses improve invest 1000 chicks without power s loss guys salaries nothing loose
140270599079498,frackson kasuko well placed understand coming side plate u shared those ideas bandwagon jump jump into better criticism anymore
249105044498398,thanks much update least know re problem zesco
1321443768768354,t manually office those calling office bought 07 upto now should like ba dstv inform customers day before start working system
602963838605460,time system back normal units done
298625562587187,zesco time
650892396948035,don t know need bake two cakes clients collected 18 hrs
837954824387458,don t enough units inconveniences sort things
2228270187371587,just say planning increase tariffs telling us since morning
590600889794941,please ever fast
595738239344117,ba zesco serious hungry
233194139652219,malita chola mutanya same
233194139652219,malita chola mutanya dial 3600
233194139652219,malita chola mutanya money bounce back like 5 times
233194139652219,andre rich saying unavailable
233194139652219,malita chola even
6877744568925424,mwansa mulenga dial same numbers s next option supposed press
6877744568925424,mwila milambo firstly u report issue request ur prepaid number u wait minutes
6877744568925424,violet zimba request tokens
6877744568925424,violet zimba u buying tokens thelis option saying zesco review tokens show u last three
6877744568925424,joseph zulu
6877744568925424,fred snr m just using airtel money
837954824387458,selina banda imagine only 9 units left
837954824387458,selina banda inconvenience stop current units depleting
837954824387458,lubona karmilah chibabula too only 9 trying since 24hrs thinking phone issues
837954824387458,sandra jacobs harawa imagine won t manage being dark elo children
837954824387458,selina banda wanted cook samp today weekend plan get units pa 1 programs interrupted
837954824387458,selina banda too only 9 managed purchase refusing entering token
837954824387458,mbindo bashi ronah silwembe hmmmm s bad
837954824387458,lubona karmilah chibabula 9 yonse iyo nasala na 2 ine
837954824387458,eric bulaya ine 3
837954824387458,chichi babz chilala same
202751886080546,how u guys calculate units last month k400 368 units month get 290
785673903046538,giving little units sure life naikosa naimwe mushupeko
1697546660718686,zesco limited how come meters still counting try pause just want notice something
1244610026216795,technicians failed
579465021066443,continue without electricity upto decide ai
283887254137746,now call using 322 s buy airtime
1460422461374000,zesco please update us latest developments t go into long weekend without electricity tried pay shoprite tried buy through airtel money impossible
293198846412754,awe s okay write power
1030676758298108,bali busy ku ndola opening trade fair instead solving problems
837954824387458,selina banda 3
837954824387458,just center managed
998983251458840,u engage other technicians different departments self employed technicians help technicians sought challenges facing almost 24 hrs now situation still difficult nishi tuntambo tuli nanguwe
988561902286469,stella amukena nowonder failing buy units
1644257936040124,ilya tushita pa 1 should effective work system
1393012334882415,noticed s every monthend happens need upgrade systems
293758669717165,bought units didn t receive token numbers
1616817652057206,since 0830 hrs bought power checked using airtel token id numbers first 20 enter showing error
229675649892944,equally increased tarriffs kindly clarify
785673903046538,elinajoe tembo banda aini life ishupe nabena bashupeko
785673903046538,petronella takondwa s mum yalikaba
293758669717165,ismaeel moosa even want insult buy t
293758669717165,leah simvula 3600 go pali token id number should
293758669717165,joseph zulu ok thanks
988561902286469,erica chayi oho s kanshi finally managed
1644257936040124,john gomani s first purchase month purchase done 1st
971341457535187,zesco limited know used
3516939558619821,ka app kale fwaika
659992002203384,ngati business yama light yavuta yambani che kugulisa vitumbuwa mxxxm muletulalika insala imwe ba skwampa
923478758715789,made buy power four times without sending units until checked app make matters worse even enter those units because meter aint accepting now wondering meter system zesco limited sure awe lesa amipale power 800 elo ninshi only use 200 per month nomba going since even those tokens ain t entering
868699001264826,bought units t access units bought how long should wait twalala umwafita please
798953401736314,grem cephas mbewe jr maybe s units shotad
268812879062615,adrian mwenya yakosa kwena
1260580134572878,thanks information
304278041948032,imwe remaining 2 cents n t buy bwalya mutapa see
3510128809208407,how system maintenance first day month
1616817652057206,enock silungwe ine since 06hrs imagine
1616817652057206,enock silungwe same since 05 00hrs
1616817652057206,enock silungwe entering token id like 30 mins s just saying error thinking must entered wrong prepaid number
1616817652057206,dèb oràh system restored
1616817652057206,tj malambo system restored
1616817652057206,enock silungwe thanks bro
202751886080546,michael mwango mokha s problem having too given less units too
778024080722526,t even buy power imwe ba zesco
169622309440601,first account debited units 4 hrs recieve units try enter units get error dddddddd finshi ifi poseni ko amano bane
733694565224311,really inconvenienced us thought airtel money kanshi nimwe
629974652427334,increased tariffs
773368317819924,zesco token 17737940798854127783 units kwh 819 6 meter 30733602666 amount k trxid mp230701 1301 m14142 working now
206250529057220,work otherwise people start showing offices freezers full rotten relish
952842322648459,kanshi
2471204746381373,samfya someone playing electricity yaleyafye anytime today only having power less than 10 minutes 3 times ukuya amalaiti
798953401736314,mellan likowa mbewe kwwf
798953401736314,grem cephas mbewe jr
206965158573762,please asking loadshed area s wedding going pali ba neighbor wasn t invited
1255518535354515,continuous power cuts platform failures still dununa reverse
1349918065565049,bring back ma k1 u deducting every transaction wasn t even going through
257642857087476,purchased electricity message generated zesco money deducted account
109005108900389,3days power prepaid buttons working t even enter those upgrading numbers
203704999305901,imwe naimwe serious ive wanting buy since 06 now re behaving like rejected sacrifices
148958548151434,managed purchase s extra units how works 1st 2nd
256416473671418,don t power hurry maintenance
2046338615703217,need serious disaster recovery audit
580266384281967,reverse money plz
774328217816405,just purchased units k500 credited 199 units wondering other units gone because first purchase month get 496 units k500
600557148585058,waiting units refund month 2 days now
678556187441820,u useless power supply company u mean continue staying darkness upto now failing buy units
6535135543212181,increased tariff bought k500 given 422 4 units 01 07 2023 zesco explain
3589795364583913,bought units k400 given 191 units could problem
1760098067721506,account even verified facebook
1727140147766925,k200 bought only 134units how ba zesco
199961242674660,bought power received token units took money please pay back
2719349668205086,unprofessional
3639412646329935,early just same thing also started behaving like omcs anyway fall under ministry may same anointing
1405411140257009,zesco limited bought units didnt receive zesco token numbers
808712503884193,someone please assist check units managed buy using mtn received messages yet
774328217816405,sibeso mukelabai masiye similar thing happened
774328217816405,prince eddie milimo let s wait see wt
774328217816405,sibeso mukelabai masiye too ai
774328217816405,wendy anne sis u used online platform purchase units please check how much deducted discovered 1500 deducted cz hubby kept trying purchase three transactions went through only last transaction wt sent us s like purchase power 3 times month
774328217816405,sibeso mukelabai masiye oh
774328217816405,wendy anne sis s agony zanaco reversal now s zesco give us difference cz supposed get 422 units k500
774328217816405,sibeso mukelabai masiye spoken compensation ai m angry called gave list purchased tokens today
774328217816405,wendy anne managed talk someone same given list tokens purchased showed system
6084864491636242,u poor communication
127467017046268,please ve bought power 300 ve given 163 units explain customer service pathetic
293147676407354,ifwe twachishala na 00 00 managed buy
1209795149729729,zesco pls system wonder failing how going buy power iam 0 75 units
262879899686442,zesco working since morning kuma 7hrs haven t able buy every time try airtel charging service haven t even received
573222181654205,eyee mayo kanshi order food us kaili s yowa problem
949075493047454,showcasing ku tradefair sure shame
671130691524244,entering token id like 30 mins s just saying error thinking must entered wrong prepaid number
1003744020802979,awe namushupa ba zesco sunday power went 01 44 restored back kuma 14 thursday power went kuma 05 came back kuma 19 yesterday power went kuma 22 now don t power s really going load shedding awe ve suffered lusaka west zamaston ma loan area aaah s annoying mwe cause s too much think muvichitilamo chabe re mindful concerned people area power goes anyhow aaah awe mwe
1323607518593121,shame trying buy kansi kuli problem
226556666933572,just bought units through zanaco message received tokens started thinking maybe ba zanaco stolen money kanshi nimwebo ba zanaco mwandi sorry
1865887573811568,dear customer transaction failed txn id mp230701 1008 n98812 receiver barred please try later thank
1261667831139909,only chinese company trade king run company tired guys since yesterday power vintu vika ola tizavi leta ku head office kwanu
196193166417697,poseniko amano business yaiminina
977132530247360,taken long trying purchase electricity token able s happening usersco even stop sending sms customers only send facebook those people don t usually use facebook people please should know how communicate clients question because people yourself government s public institution s thing should remember
9496256920444196,reverse unsuccessful transactions don t make us follow tokens offices
671130691524244,dèb oràh same
962024962124923,apart rotating schedule anything being done completely resolve loadshedding issue unable run businesses effectively
1340593266586861,supposed giving us updates measures taken mitigate loadshedding telling us same things every time give us time frame loads loadshedding end build confidence customers working working around clock serve nation better otherwise repeated statements issue clear indication someone sleeping job
1955060858245945,loadshedding answer stop waiting miracle water fill kariba dam rain season come end businesses come standstill because bro
380870341599348,hope bally address next term office because u t flourishing economy loadsheding currently small businesses struggling survive opposition solutions shall give another term sort evil name loadsheding
987006009760428,love group e only problem don t follow timetable
957257449022006,please bring back 4 hour staggered pattern 8 hours thing unbearable y know how feels electricity people viewing comfortable 8 hours like honestly please comment 4 hour pattern perfect only down side inefficiency restoring zesco limited done
954848399439499,gift mwamba mwambagift938 com chingola copperbelt 0764654087 24 wens april 2024 dear sir madam re unreliable power supply chingola writing express frustration disappointment inconsistent power supply chingola ongoing several weeks now despite 8 hour load shedding schedule implemented zesco experiencing unpredictable extended power outages area specifically started 10th april 2024 power went 06 10 only restored 14 00 only go 19 00 remain off until now erratic pattern norm past few weeks causing significant inconvenience disruption daily lives customer expect reliable consistent power supply especially considering 8 hour load shedding schedule put place manage power distribution current situation unacceptable resulted food spoilage disrupted work study schedules additional expenses alternative power sources urge investigate matter take immediate action address issue please ensure team sticks scheduled load shedding times works minimize unscheduled outages appreciate prompt attention matter look forward reliable power supply near future sincerely zesco zambia kuchalo gift mwamba mwambagift938 com chingola copperbelt 0764654087 24 wens april 2024 dear sir madam re unreliable power supply chingola writing express frustration disappointment inconsistent power supply chingola ongoing several weeks now despite 8 hour load shedding schedule implemented zesco experiencing unpredictable extended power outages area specifically started 10th april 2024 power went 06 10 only restored 14 00 only go 19 00 remain off until now erratic pattern norm past few weeks causing significant inconvenience disruption daily lives customer expect reliable consistent power supply especially considering 8 hour load shedding schedule put place manage power distribution current situation unacceptable resulted food spoilage disrupted work study schedules additional expenses alternative power sources urge investigate matter take immediate action address issue please ensure team sticks scheduled load shedding times works minimize unscheduled outages appreciate prompt attention matter look forward reliable power supply near future sincerely zesco zambia kuchalo zesco limited
792132815807256,next time release schedule sunday evening make plans next dayzesco limited
423658663610885,ba zesco nothing than keep posting schedule please stop load shedding ok destroyed business hateless people very hateless
914665813794231,government school used pass number last 70 father too angry until changed private school passed number 9 father very happy even bought chicken didn t know 9 class follow page
962024962124923,obey silavwe maliwanda seems like nothing stopped mentioning maamba coal plant solar projects
962024962124923,obey silavwe maliwanda good question now don t think doing something because just week loadsheding going wake curtail s going higher higher each month change
962024962124923,obey silavwe maliwanda good question think working loadsheding think re happy black while business suffer alot
962024962124923,obey silavwe maliwanda waiting next year s rains
962024962124923,zambia never develop continue having unemployed people how country sale electricity n consider itself slave loadsheding
962024962124923,obey silavwe maliwanda good question
962024962124923,anna chanda owe money
962024962124923,obey silavwe maliwanda while valid question zesco limited stuck praying miracle water now s us business owners doing help ourselves
962024962124923,jeffrey katawola literally makes zero sense sell people suffer awe mwandi
962024962124923,fuma apa how long going depend rains sure haven t learned rain won t always
957257449022006,uncle ticky real tho
957257449022006,uncle ticky right
1955060858245945,petrel whales zesco planners incompetent having same problem water levels every year failed find permanent solutions should stop relying hydro power much re other ways generating electricity even need rain
1955060858245945,petrel whales water levels s just selling electricity outside
1955060858245945,bwalya chungu true very true selling electricity other countries whilst barely electricity
954848399439499,good morning king general please refer inbox feedback over concerns regards cj
987006009760428,anson honestly pali na va liking apa
987006009760428,anson true like today power outage 03 22 till now
987006009760428,meah chulu came back cut 06hrs
987006009760428,m sure won t like group coming week
987006009760428,faith choolwe maambo left work maybe
987006009760428,meah chulu yes maybe
987006009760428,meah chulu sleeping dark three weeks straight
987006009760428,abraham mwale oh see us went kuma 03
987006009760428,meah chulu must fault 03 schedule
326213627155585,ba zesco how many hours 8 hours coz imwe 8 hours goes beyond
991351619361086,group c d chingola even necessary mwe uh
25805848672339431,ku group e mwanama ba zesco malaiti ni 06 hrs mpaka 16 hrs
1486010195630081,give us technical updates now just distributor s like re longer generation re always sounding awful s like entity took over now sets conditions abide zesco limited
3650597628601064,group e people charge please keep time tired apologies
971752154406184,six miles don t power since 11hrs
441180861797808,problem guys don t follow timetables called 8hra loadsheding s even 8hrs ndola jacaranda area previous week power going 05hrs return 15 hrs sometimes 16rs should serious
953962346386219,criteria honestly speaking s tallying people s demands expectations how cutt off power during day bring midnight cutt off early morning before go through schedules please make sure things balance because now becoming incompetent work standards reporting johnlaiag chidundu area zesco limited
7721292354568793,zesco limited hours accurate power goes 10hrs 20hrs instead 12hrs 20hrs
380870341599348,stephen sata doesn t solution blank too
380870341599348,stephen sata ba mister know apa tapali efyo beshibe s blank
380870341599348,stephen sata same bally promised end loadsheading bring down dollar rate s bothered besides don t loadshead how feel impact poor people kaili ba bally benu listen campaign preaching yoooo lies
380870341599348,stephen sata re own don t say
380870341599348,stephen sata mean 2026
991351619361086,kunda changwe mahata image 05 making sense
987006009760428,abraham mwale may mwandi told came cut kuma 6
987006009760428,abraham mwale imagine ai ba zesco irritating
363766932724317,ise kuno ma light ni rumour che
954115973046444,zesco please find wherelumbanya kangwa stays because always power area special don t loadshed
742161944668887,put schedule fail stick
2708756899294372,zesco limited schedule should released day before plan properly kindly take note
420292663949719,kwena mulimbwa fye imwe 10 years since realised s deficit solution still loadshedding re even powering whole nation mulibakulekafye d stop even going updates nokufichitilamofye kaili mi sula kale just whatever want
974631150331430,james group e
872217564661938,ba zesco imwe ndimwe ma big boys invest solar plants per district electricity cardinal cater 8hrs
1373033290054352,manje ise kuno kuli ba president side yaenda kabili lelo
438116302138250,trade kings should introduce another electricity company aba beve awe re rich don t even care bout customers cuz ve got mullah
326213627155585,prince delle mumba re clever statement above mentioned word approximately 8hrs don t complain goes slightly before beyond
326213627155585,kang wa slightly beyond just too beyond
962024962124923,ba zesco limitedd apart rotating schedule anything being done completely resolve loadshedding issue cause people unable run businesses effectively sometimes muleposako amano kufintu
962024962124923,bright mpofu sinkozi brilliant response
962024962124923,bright mpofu sinkozi imagine praying miracle water rains whilest water everywhere water underground water other rivers t think use
962024962124923,obey silavwe maliwanda agree need lasting solution
962024962124923,allow cec take over failed us businesses going down slowly
962024962124923,jeffrey katawola exactly zesco exporting electricity while zambians suffering daily power cuts put money before citizens
962024962124923,puzo phiri well spoken
962024962124923,chimuka j samboko seems haven t
962024962124923,bright mpofu sinkozi yes behaving like zesco well
962024962124923,obey silavwe maliwanda nothing enjoy most because t talking same thing years nation
954115973046444,david xavy bandathe power name jesus
2708756899294372,sharon theedupreneur s true
1839651823183184,sure result water myself don t believe
3762070777372623,suwilanji khane kaoma re group
343011835031898,9 hours bazesco communicate truth truth call professionalism leave lies politicians
2093442904369924,solwezi suffering too much 06 19 hrs
897159995517444,invest solar wind naimwe sure
736340325238619,sunday should load shedding god take rest sunday
7482547598466126,take us back 4 hour chee
3735760096660331,immature people whole company failing understand time how city stay without power 12 hours straight how business work like
1077796063324363,sequence rotation made known us planning purposes also kindly consider sunday rest day power recover previous week prepare next week important people ad transitions into next schedule quite unfair transition effective less stressful power whole day sunday move into next schedule monday saturday
415671438096711,other genuine ideas stop loadshedding t tap water other sources eg siavonga river
3762070777372623,suwilanji khane kaoma s power cut anyhow
3762070777372623,tefintu even used now
1077796063324363,marie michelle heviamoorima great observation most industries don t operate sundays load reduced already
1077796063324363,zesco limited read comment
1077796063324363,zesco limited take notice
1077796063324363,marie michelle heviamoorima valid statement let zesco put into consideration
1077796063324363,marie michelle heviamoorima spoken mind
1077796063324363,marie michelle heviamoorima highlight zesco read reply
1077796063324363,marie michelle heviamoorima nanga ise free saturday suffer well
1077796063324363,marie michelle heviamoorima iwe ku heaven place
1077796063324363,hi marie michelle heviamoorima regret inconvenience caused taken note suggestion however please follow schedule lusaka being implemented every monday 12 20 hrs c residential 14 22 hrs d residential 06 14 hrs e residential 10 18 hrs g level 1 clinics avondale 2 chelston lwsc chaz lines 16 24 hrs industrial 05 13 hrs b industrial regards cj
1077796063324363,marie michelle heviamoorima pama weekends just going fair power go
1077796063324363,zesco limited us mtendere s fair last last week power going 18 coming kuma 22hrs last 12 20hrs week 14 22hrs
1077796063324363,zesco limited keep including industrial don t even load shed meanwhile bakeries running losses industrial b
1077796063324363,zesco limited loading schedule true group e power goes 06hrs back 15 30 16hrs 14hrs ve schedule
441824974988148,zesco limited nishi powering nation now going slogan cause having issue loashedding long time upto now nothing sorted going through kashi every year
7359122830872795,zesco would great release schedule friday every week people plan mondays well imagine waking power because schedule wait monday better guys
1353740031979829,showing only 3 cities someone educate please
1243604516887706,stop sneaking extra 45 mins set alarms 2 mins before don t forget restore power time thanks
1133189314375206,could better rotations rotating daily basis could better than weekly basis gives inconveniences too much
618831263798949,ninshi group d always power night because week week schedule afternoon kuseni kunalakwa chani
1165467941315198,issue follow own schedule s issue best following schedule help us thank
311057938684793,bally know loadsheding issue coz remember once against started happening pf anyway
402137349350108,should now rest ba group e 14 22 nightmare
1151384696188187,power 20 hours area since yesterday resolve issue please customer service reporting channels helpful zesco limited
7359122830872795,francesca f kabaso useless company
7359122830872795,francesca f kabaso right morning around 5 trying check loadsheading schedule message zesco area due loadsheading today 10 min power went bath cold water
7359122830872795,sam micheal swear very useless honsetly how much sun light couldn t put something solor benefit us every afford solor instead put money into transformer should solar work s frustrating
7359122830872795,francesca f kabaso true
1243604516887706,stellia zulu already given us ka extra 50 kuno
1243604516887706,hi stellia zulu regret inconvenience caused please note cases may installations feeders switched off early delayed restoration may arise given time however mean schedule changed only due system constraints published schedules remain same regards cj
1243604516887706,zesco limited s happening group e power supposed back 14
1243604516887706,zittah jengajenga iyee like sneaking
1243604516887706,chantel simmons power supposed back around 14 s now 16 still waiting power
1243604516887706,immanuel m mulife s too much
1243604516887706,zesco limited iwe cj iwe same way take power 06hrs time restore back exact 14hrs time yesterday power went 06hrs came back 17hrs iwe cj iwe
1243604516887706,stellia zulu very right
618831263798949,clara guys play too much very annoying
618831263798949,nhamo afiya chiwila noticed well mwandi lyonse busiku mmmm awe shuwa tinalakwa zoona
618831263798949,nhamo afiya chiwila imagine ai kaya tinalakwa chani
618831263798949,nhamo afiya chiwila s fair
618831263798949,elizabeth destiny guys make go crazy
618831263798949,nhamo afiya chiwila exactly asked even last week
618831263798949,week make month straight without power night
618831263798949,gracious nkumbu nanyinza exactly
618831263798949,nhamo afiya chiwila also surprised always group d niwusiku
311057938684793,mirriam chilwashi re right mama
311057938684793,mirriam chilwashi question too
311057938684793,mirriam chilwashi opposition possible solutions now implement
311057938684793,mirriam chilwashi ohhhhh didn t see happened ku ceremony
311057938684793,ashley prudney daev come help
311057938684793,khø njē idea
311057938684793,mirriam chilwashi bally bring rains
311057938684793,jason joshua nanga edgar enze na nvula
311057938684793,mirriam chilwashi power went giving speech arrival same zesco apologized like s apologize shouldn t know how feels though
784279843648678,own memory problem since 2015 9 whole years surely other way generate electricity other than kariba dam failing zambians must geniune repentance
1344317732910127,ba zesco limited block coz m comment rubbish every time come page hoping post ati load shedding naipwaa busy stupid rotations
455966740271427,publish schedules dont even follow power restored 17 00 morning cut 21 learned people belive making consultative decissions best intrest citizens acting like fools killing businesses mukwate order how much damage want cause
814032123947125,ba zesco 06 00hrs upto now don t power chalala shantumbu road group e thought said power going 8hrs happening
955269169672570,level incompetence experienced zesco appalling say least haven t power 1 week now reported every day m told escalate someone even called ask directions show now twalaikala shani mwebantu very angry customer
389235414084415,ba zesco limited definitely prefer 8 hours straight far very consistent regarding schedule area keep
794388042755039,other parts lusaka experiencing load shedding yet s us experiencing 8hrs day
1097325081324274,13hrs 23hrs power pamodzi area ndola think 8hrs niyaboza
1220521216023322,yesterday power cut 13 00 only restored 22 00 barely 3 hours later 01 00 cut right now s 15 20 power restored create schedule stick don t punish people like
1406178173351497,lie 06 14 15 still power
402137349350108,elita shelenielita sheleni really rough
402137349350108,elita sheleni real eish
402137349350108,elita sheleni should atleast maintain schedule next 2 weeks because suffered eish
402137349350108,elita sheleni traumatizing experience
402137349350108,elita sheleni 14 22 worst
402137349350108,elita sheleni tell tired
402137349350108,elita sheleni eeeh ungalile pa last
402137349350108,elita sheleni group d though
402137349350108,elita sheleni ala mwandi
402137349350108,namwaka nana wasilota group d 12 21 group e 14 22 last week 4 hours schedule group e 17 21
1133189314375206,trevor musonda chabala good point
1133189314375206,trevor musonda chabala daily mean 16 hrs loadshedding weekly better easy plan
1133189314375206,jane chiwila 16 hrs how think trevor means rotating eg today power goes 12 comes back 20hrs tomorrow goes 5hrs comes back 14
1133189314375206,trevor actually thought weekly better us plan accordingly daily imagine today shadded 21pm 05am tomorrow 05am 13pm meaning ll off power 16hrs straight weekly far much better
1133189314375206,alexis kabamba opinion madam 8 hrs weekly rotations better convenient us
1133189314375206,alexis kabamba didnt understand point
1133189314375206,bc kaunda sir
1133189314375206,jane chiwila yes support narrative
1133189314375206,trevor musonda chabala current schedule ok better planning homes businesses
389235414084415,mwelwa kapaso ati keep
389235414084415,wisdom mulenga yes kukosa
389235414084415,mwelwa kapaso actual sense ars supposed power throughout
389235414084415,wisdom mulenga imagine feel offended using word keep coz solwezi s hell mwebantu
814032123947125,good evening ndonia kahinga sincere apologies prolonged outage experiencing kindly share meter number phone number nearest landmark via inbox bz
814032123947125,zesco limited power restored 30 minutes ago
455966740271427,hello chanda catherine chisanga regret inconvenience caused outage experiencing may due fault kindly register complaint dialing 3600 follow prompts fp
455966740271427,zesco limited faults comes time restore power pakushimya takwaba ama faulty
455966740271427,zesco limited zesco wish 3 power supply zambia company zesco giving us problems every year muletwipaila mumano bane
955269169672570,hello amy mwanza sincerely apologize inconvenience caused kindly inbox complaint number further assistance pm
955269169672570,zesco limited pray get assistance time every call center agent would just apologise nipano tuli business terribly affected sending
1097325081324274,hi ndalela nyambe sincerely apologize inconvenience caused kindly inbox meter number nearest landmark premises active contact number complaint registration alternatively dial 3600 use zesco whatsapp number 260762626977 following prompts register fault follow ups kind regards pm
794388042755039,zesco limited please respond
1220521216023322,lusaka way avondale area
1220521216023322,hi kalwila nyambing ching embuwe regret inconvenience please register complaint outage beyond load shedding schedule especially still off supply dialing 3600 call 322 speak agent use whatsapp number 260762626977 following prompts register fault follow ups cj
1220521216023322,zesco limited problem don t even stick schedules made kind nonsense now aii
311057938684793,mirriam chilwashi during time rains fairly well don t talk anger frustrations need country find other means power before october otherwise having week without power
311057938684793,nazar n hunter hahahaha
311057938684793,christian chrishinah shamah saying truth koma rains nothing president unless say import power neighboring countries apo help way situation niyokosa
311057938684793,jason joshua u came frustration anger comment thought reminding how done blue app ever case need solar systems
311057938684793,jason joshua
311057938684793,jason joshua president blaming pf anything rains
311057938684793,fridah chibesa thank
311057938684793,priscilla banda faith funny
311057938684793,fridah chibesa take leave truth remains president doesn t make rainfall
311057938684793,mambwe kalwila adrian s things okay even living umbrella ur busy rebelling against now president long re zambia president too bally till 2096
1353740031979829,asah those major economic harbors
1353740031979829,asah rest cities zambia
618831263798949,nhamo afiya chiwila happy guys having power during day coz really want use time sleep night
618831263798949,nhamo afiya chiwila imagine ai s now month power night awe hate us
618831263798949,nhamo afiya chiwila since load shedding started never power nights imagine
618831263798949,nhamo afiya chiwila ngaiwe wapangwa shani ai
618831263798949,nhamo afiya chiwila zesco limited valid point
618831263798949,nhamo afiya chiwila imagine now ridiculous
618831263798949,niza nsana gondwe guys nabampesha ine
618831263798949,susan khondowe mathews same kuno
618831263798949,nhamo afiya chiwila next week 06 14
618831263798949,nhamo afiya chiwila imwe sure came losing electricity upto 20 now 22 week every week ummm imwe sure
1406178173351497,hi mirriam mwewa regret inconvenience caused please note cases may installations feeders switched off early delayed restoration may arise given time however mean schedule changed only due system constraints published schedules remain same regards cj
402137349350108,mary k oho okay
402137349350108,clara mutambo swear power everyday knock off work
402137349350108,elita sheleni left traumatised
402137349350108,namwaka nana wasilota group e d
402137349350108,essa group d unlucky
1133189314375206,jane chiwila right especially baker s helps planing
1133189314375206,bc kaunda simplest narrative today power goes 14 comes back 22hrs tomorrow morning goes 6 comes 14 isn t 16hrs loadshedding
1133189314375206,trevor musonda chabala us s even weekly re constantly same nothing like week 6 13 next week 12 20 want us every night pathetic
1134179511233052,s 21 39 group chingola still power s indicated 21hrs s suppose back person charge flipping switch probably
1170309507311276,didn t know 06 14 slot caught unawares morning thinking 10 18 oops
975812750560377,point don t even know group fall under
1412640559380275,schedule being kept rockfield chalala power supposed go 14 00 now went 11 00 s 20 45 now still now power just keep schedule maybe give us whole month s schedule advance
2591175591054010,needs schedule renot following
1180544229774643,ba zesco limited power chalala kasama road s going went 6hrs suppose come 14 awe pela mwativutisa wea
7441442685951742,problem fwaka ilamikola ba zasco ibex hill main street area power went around 06 hrs came around 14 hrs just 5 minutes went don t know s how new time table works 8 hrs day nonsense
1136542194140590,schedule group e changed power cuts time goes beyond known hours load shedding s really inconveniencing
975721170795448,8 hours s over 10 hours people annoying
1180490613114188,zesco serious lusaka group c s 12 20hrs 03 30hrs power infact update loadshedding issues going end kasi talema mwe
618831263798949,greetings nhamo afiya chiwila thank reaching us kindly note 3 schedules residentials 06 00 14 00 12 00 20 hrs 14 00 22 00hrs rotations done way last week group d going off 12 00 20 00hrs hence week schedule 14 00 22 00hrs next week 06 00 14 00hrs respectively kind regards pm
618831263798949,zesco limited week before load shedding went 22hrs group d how long endure schedule us dark past 3 weeks
618831263798949,nhamo afiya chiwila 3 weeks now s too much mwe
618831263798949,nhamo afiya chiwila stay
618831263798949,zesco limited power cut 11 00 group d schedule clearly states 14 00 22 00
618831263798949,zesco limited even staggered 4hrs schedule going off 18 00 22 00 complaining without tired infact tired
618831263798949,nhamo afiya chiwila good question schedule affecting businesses
618831263798949,zesco limited saying schedule group d 14 22hrs switching off today 12hrs switch 22hrs s fair nhamo afiya chiwila saying s true ba group d power always goes night even 4hrs schedule same thing
618831263798949,tired power night mweh
618831263798949,zesco limited okay since manzi yavuta mu zambia t come solar energy sun just burning us
1180544229774643,hey nasinine nase thank contacting zesco apologise inconvenience caused kindly share meter number inbox assistance es
311057938684793,mirriam chilwashi talk always cheap s easy criticise others while haven t situation apa seen s easier said than done
311057938684793,jason joshua see ka normal kaudonselela good day
311057938684793,mambwe kalwila adrian ambulance
311057938684793,jumma mugala right
311057938684793,jason joshua ka normal kali questionable
311057938684793,kingsley chipulu very questionable someone talks rains uyo jumps 2096 s normal amashilu takwaba
311057938684793,jason joshua always praise singer
311057938684793,vincent chisala muli bu praise singer pa last bapenenamo
311057938684793,jason joshua former callled names
311057938684793,zambia farm country talk cheap
1412640559380275,hello louise naudé thank reaching zesco kindly note power goes outside loadshedding hours could experiencing fault report dialing 3600 following prompts complaint registration assisted bz
7441442685951742,hey shibeleka shakalima caesar apologise inconvenience caused kindly share meter number assistance es
1136542194140590,hi fredah chipeta thank reaching us kindly note schedule remains same reason early outage due constraints system apologize inconvenience caused pm
1136542194140590,zesco limited experiencing since last week think would best inform customers
1136542194140590,zesco limited s just sad electricity being restored 21 9
2591175591054010,natalie natalie 15h00 group e still nothing 1 hour over zesco limited
2591175591054010,hi natalie natalie regret inconvenience caused please note cases may installations feeders switched off early delayed restoration may arise given time however mean schedule changed only due system constraints published schedules remain same regards cj
2591175591054010,zesco limited essence mean should trust schedule thing re consistent following own schedule change ll create predictable environment everyone plan accordingly fully understand situation necessitated load management being inefficient making whole situation unbearable everyone countrywide please put act together
1170309507311276,emma lubansa thoughts too
1170309507311276,emma lubansa l better than rest
1180490613114188,florence chikanji aunty flo too tired lol
1180490613114188,good morning florence chikanji sincere apologies inconvenience caused kindly note due unplanned outages technical team doing everything possible serve better always register fault us experience loss supply beyond load management schedule use self service platforms such 3600 use zesco whatsapp number 260762626977 following prompts further note due current load constraints unable announce date load management expected end however once factors fully considered analyzed official date announced public seek always keep informed pm
1180490613114188,hello florence chikanji apologize inconvenience caused kindly note power goes outside loadshedding hours report dialing 3600 following prompts assisted mmm
1180490613114188,zesco limited noted thanks
975812750560377,hi chi regret inconvenience caused kindly dial ussd code 3600 go option number 5 follow prompt retrieve loadshedding group regards cj
618831263798949,nhamo afiya chiwila annoying mwe
618831263798949,zesco limited cbd area
618831263798949,zesco limited complete bullsh t re following stated time group d e only paper
618831263798949,zesco limited s extra 1 load shedding 15 hours power work catch affected extra hour
618831263798949,nhamo afiya chiwila sure fair
618831263798949,nhamo afiya chiwila imagine
618831263798949,zesco limited us favor sundays least power shouldn t going just sundays
1134179511233052,hello nandu kalopa sincere apologies delayed restoration back supply fp
1134179511233052,zesco limited back supply came back exactly 22 15hrs
979475779753264,lusaka schedule lie don t specific time like yesterday power went 16 45 come today around 13 30 johnlaing
737064145299611,zesco limited please consider going back 4 hour split shifts also starting shedding schedules early morning hours 03 hrs suffer dark hours too hard people changing image zambia world
1353704408648041,happy new week zesco limited only electricity company went private school
1359240402134655,zesco limited kindly sharing day before planning purposes system helping either check using ussd response load shedding scheduled area
752216810383734,timetable wrong don t power 10am isn t part loadshedding starting 10am story problem villa forever lights water nonsense
1800858807049840,zesco limited same efficiency cutting power should same time restore
7647602908640872,zesco limited think need change page zesco limited zesco lusaka say because seems only reply concerns raised people based lusaka leave others seen once comment page wrong ask should fail reply comments non lusaka residents learn consider everyone
952904566836835,zesco limited complain 2939548 zesco came around 20 30 went off 21 50 note loadshedding schedule 12 20 hours pls check
451590690574355,least post schedule sundays don t wake surprises mondays too much ask
976300290676028,group e zesco suppose come time now 15 06 zesco yet suppose come 14 hours
311057938684793,mirriam chilwashi rains rains good criticise certain things bcoz still opposition going against problem zambians want accommodate almost anything comes just becoz told just utilise cdf monies import power businesses run most places cdf even utilised accordingly loadshedding whether rains just bringing poverty
311057938684793,mirriam chilwashi m also surprised mwandi think
311057938684793,mirriam chilwashi opposition used experience loadsheding now president always power residence 24 7
311057938684793,mõñíçá møsé lwândõ boss forget maintenance construction happening improve power generation country wide
311057938684793,mõñíçá møsé lwândõ even listening yourself water levels compared s currently records zambezi river authority check come prove screenshot during pf enough water kariba dam ati upnd lol
311057938684793,mõñíçá møsé lwândõ during previous government power go 06 s06 sure now government tell power go 12 hours power leave people 10hours coming back 21hours necessary
311057938684793,mõñíçá møsé lwândõ awe naimwe let s just fair stop criticizing
311057938684793,michael romario mwala faith died long time saying highly criticized pf government now power should kept saying d
752216810383734,hi ayesha seedat apologize inconvenienced caused kindly report outage outside load shedding schedule calling 322 speak agent use ussd code 3600 follow prompts download zesco app whatsapp number 260762626977 register fault assistance kind regards cj
952904566836835,hello abdul haq good morning apologize inconvenience caused please note timetable hasn t changed affecting area system overload being addressed technical teams ground kindly advise still off supply regards cj
451590690574355,tilolele mwanza sundays too late need post friday
451590690574355,tilolele mwanza honestly frustrating inconveniencing having wait till actual day know schedule like
7647602908640872,hello melody banda daka thank reaching us please note value customers strive serve better kindly advise how may assist pm
7647602908640872,zesco limited honestly reach far quiet disappointing s good responded writing chipata eastern province d like know 1 zesco chipata failed avail chipata residents schedule following whenever asked say don t s inconveniencing just cut power unannounced 2 far concerned schedule needs change every week unfortunately areas like chipata motel places moth extension continued subjected power being cut 13 only restore power 23 10hours agreed upon 8hours 3 times understand subjected power being cut centrally lusaka abnormal load town question cut power same areas every now leave others benefit power supply very unfair power cut 09 23 logic please consider treat customers same
7647602908640872,zesco limited see saying ba zesco lusaka
1339228173576001,zesco limited schedule group d making sense difference because past three weeks power coming night request also start giving us power afternoon
1081332879606942,zesco limited m chingola power went morning came back around 17 18 now gone
351375454585445,zesco limited update don t power since morning s now guys busy changing updates every week
1157102772410348,work getting bringing power mentioned times
1381059105941140,yet still power
1134579711021493,follow schedule ba zesco solwezi group b power never restored 05 00 06 20 weekends 07 20
2151152971916553,zesco problem don t follow schedule switched us off 06 power supposed back 14 hours only came back 20 hours how plan sure how work
390675337130657,solwezi doesn t schedule power goes around 02 back 17hrs aii
805818411407145,nyumba re group e re being load shedded 13 00 until now power check 3600 says 06 00 14 00 group e zesco limited
1494654464782369,s already 14hrs power group e kamwala south s point schedules don t follow
979475779753264,hi greenwell westwood njobvu regret inconvenience caused please register complaint dialing 3600 call 322 speak agent use whatsapp number 260762626977 following prompts register fault follow ups cj
976300290676028,hi patel ayaj apologize inconvenience caused please may confirm power restored appreciate patience regards cj
1339228173576001,good morning bernard c m chipampe thank reaching us kindly note 3 schedules residentials 06 00 14 00 12 00 20 hrs 14 00 22 00hrs rotations done way last week group d going off 12 00 20 00hrs hence week schedule 14 00 22 00hrs next week 06 00 14 00hrs respectively kind regards pm
1081332879606942,schedule being followed m tired complaining ll continue until start doing right thing
351375454585445,hello grace franks kindly register complaint still off supply may due fault dialing 3600 follow prompts sincerely apologize inconvenience caused fp
351375454585445,thank power back now problem houses power don t please look into sure s fault somewhere house houses don t
351375454585445,zesco limited please look into
390675337130657,rosina lolo mawhite apologize inconvenienced caused kindly report outage outside load shedding schedule calling 322 speak agent use ussd code 3600 follow prompts download zesco app whatsapp number 260762626977 register fault assistance kind regards cj
1157102772410348,hi thandi anna letwaba apologize inconvenience caused please note timetable changed reason extended load management area due system overload currently being addressed technical teams ground regards cj
1134579711021493,hello maggie jambila sincere apologies delayed restoration please note may occur due system overloads back supply fp
1134579711021493,zesco limited restored 07 40
805818411407145,hi mwila regret inconvenience please register complaint outage beyond load shedding schedule especially still off supply dialing 3600 call 322 speak agent use whatsapp number 260762626977 following prompts register fault follow ups cj
805818411407145,mwila babe girl zesco lost direction check s showing 12 20hrs power disconnected around 06
805818411407145,zesco limited called yesterday put hold eventually dropped call kindly advise being load shedded wrong hours 04189824388
805818411407145,jenny kays awe s frustrating getting home thinking power nothing last week load shedding wrong hours
1381059105941140,hi chanda francina apologize inconvenience caused please may confirm power restored appreciate patience regards cj
848821520593006,zesco don t follow sechdule stipulated power gone before time upto now hasn t restored resolved question point having stipulated sechdule don t follow
956324979489132,lusaka group e passed 14 yashani malaiti
406400082182640,kind schedules time people depend electricity jobs work problem schedules just made without thinking people just because people zesco salary don t think people rely hands income pay kutumpa uku
979632593794458,power went 09hrs group
862925762541040,zesco limited may please circulating schedule day before changes quite inconveniencing knowing new week s schedule possible make monthly advance thank please
8310575085636217,irritating mwe s changing schedule s kanshi
3607333279517531,zambians shouldn t gullible statement zesco limited making water levels reducing thing need ask ourselves how able contain water level during summer time being load shedded 8hrs now during summer how many hours load shedding experience s need lot transparency accountability because know power being exported expense development stands right now businesses doing well most rely power supply therefore calling high authority look into matter
1140715227116433,zesco limited kindly update tje population doing alleviate problem loadshedding shouldn t encouraging development nonhydro power stations wrong coal powered plants shouldn t zesco limited involved developing massive solar power plants should telling everything sure
835011318684288,s like pipo just making time tables muma office finding permanent solution need plan b t go like please bring back 4 hours twice day schedule small businesses unable run effectively
717468737000213,zesco limited keep schedules accurate because households need plan day ahead t put schedule 06 00 14 00 yet cut 10 00 18 00 wahala kind
1800858807049840,hi zindaba regret inconvenience caused please note cases may installations feeders switched off early delayed restoration may arise given time however mean schedule changed regards cj
1800858807049840,zesco limited power cut 4 came back 04 43 pm today avondale kindly give clearly explanation happened way today
848821520593006,hi jyotz misra sincere apologies inconvenience caused kindly note due unplanned outages technical team doing everything possible serve better always register fault us experience loss supply beyond load management schedule use self service platforms such 3600 use zesco whatsapp number 260762626977 following prompts pm
406400082182640,lukundo nawanzi chiyangaya self centred idiots
406400082182640,innocent ij very self centered don t even listen people s complaints very inconsiderate
406400082182640,chilengi derrick understand meaning word schedule
1160356592050838,group e lusaka s happening now 15hrs
1571689290350502,ba zesco stick time twapapata power goes early 6hrs coming back 15hrs
1161742034820147,s longer 8hours zesco limited s getting hand luanshya cut power around 05 coming back 17hours 14 even 15 timetable changed supposed cut power around 13 today cut 11 30 coming back around 21 15 ninshi want alarms nangushani because re very fast comes cutting power
790989579596628,someone introduced eiz 60 years still depending water source power just admit tulifikopofye bonse different levels schools remembering
424667420210424,power went 01hrs chalala even now still power now 9 hrs schedule saying group even
1840818453024242,group d worst
2083979558653011,kabwe kindly share also itß important know such time power unlike happened today
1085244139231643,don t s kwatu ni 12hours businesses run please tell sepefic hours other areas
467360265627956,group e power isn t back 15
407599322250521,us loadedshedded 10 hours 11hrs 21hrs awe s too much
956324979489132,jacob israel malinuchi imwe mwandi
956324979489132,jacob israel malinuchi just imagine
956324979489132,emily mwale reliable
956324979489132,hi jacob israel malinuchi apologize inconvenience caused please may confirm power restored appreciate patience regards cj
979632593794458,hi chimwemwe sam thank reaching us kindly dial 3600 go option 5 visit website access schedule further note schedule weekly rotational basis kind regards pm
1840818453024242,hi janet massino mwanza regret inconvenience caused please note timetable rotational next week monday 06 14hrs regards cj
1571689290350502,hi pelly mandah apologize inconvenience caused please note timetable changed reason extended load management area due system overload currently being addressed technical teams ground regards cj
1571689290350502,pelly mandah imagine zoona
1160356592050838,krid banda same thing boss group e highly hated
1160356592050838,hi krid banda apologize inconvenience caused please may confirm power restored appreciate patience regards cj
1160356592050838,zesco limited restored thank
1160356592050838,zesco limited want apologize right thing power went 5 30 hrs
1085244139231643,hi wìl lìámś apologize inconvenience caused please may confirm power restored appreciate patience regards cj
1085244139231643,zesco limited yes power restored please let s try means stick proposed time thank advance
790989579596628,chipe lukona kkkkk imagine even giving us pressure pay useless licenses
407599322250521,hi mumu adams sincere apologies inconvenience caused kindly note due unplanned outages technical team doing everything possible serve better always register fault us experience loss supply beyond load management schedule use self service platforms such 3600 use zesco whatsapp number 260762626977 following prompts pm
353891757674580,zesco limited how count hours power cut 06 now 16 still restored
461854086198653,information supposed published before even make changes give people time plan palya mwashimya bring new schedule
1201798157900151,ninshi alipa duty agona since yesterday 14 until now don t power sure
714443850629043,va zee u guys very funny kuzimya malaiti 05 50 namulilelo power 8 hrs yakwanu considerate once
316263504611207,schedule cnt even follow really need competitor loadshedding over 8 hrs yet other places power throughout behaving people less zambians re jokers
1130738321308110,ba zesco sure sure ba zesco honesty wisdom education how load shed central business district lusaka surely normal load shed cbd 05hrs how people work come reasonable once
291767720640696,t cutting power night during day u allow pipo work cos daylight loadshaidng making impossible people work how survive sure
3751531488424414,na zesco keep saying 8 hours goes beyond power supposed go 06 00 goes 05 comes back 15 00 instead 14 00 please consider time also
1082442872837798,s only lusaka 8 hours load shedding still working coz solwezi last 4 weeks using 11 12hrs schedule 8hrs schedule only applied first 2 weeks use different timetables zambia acceptable
1450787622191278,wonder bally s ideas ending load shedding went becoming prezdo
467360265627956,hi john kasoma apologize inconvenience caused please may confirm power restored appreciate patience regards cj
467360265627956,john kasoma s whole lot last week power cuts 6 15 30 time keeping kosani
467360265627956,zesco limited 14 please ma 15 nalelo
467360265627956,sibu sakala really don t understand adhering schedule hard
461854086198653,rustine mj chilongo kwati mashilu
1201798157900151,hi esmmy azariah apologize inconvenienced caused kindly report outage outside load shedding schedule calling 322 speak agent use ussd code 3600 follow prompts download zesco app whatsapp number 260762626977 register fault assistance kind regards cj
353891757674580,hey mwila b tembo thank contacting zesco please share effected meter number inbox assistance es
353891757674580,mwila b tembo imagine
1524074918143120,even following own program
1079348606501008,8 hour naimwe s taking 10 hours power restored mporokoso
1847628699057100,zesco limited honestly group d should given morning schedule loadshedding week because last week 12 20 honestly unfair
1109953940123493,morning zesco limited hope revised schedule change midweek hope rotate schedule real area changed mid week complained gave ussd 3600 please don t send number try hear resolve complaint
935348788601274,apa power gone around 14 49 group ai sure come kuma 02 mxxxm mumanikola weh
8185849108095006,plz provide loadshedding schedule least saturday sunday people prepared advance knowing starts monday seems really ridiculous problematic
3328333514137087,imwe 14 talking power like nonsense vaziiiii
364158906010911,updating information facebook weekly isn t feasible instead would effective hire skilled developer create notification system ensuring people promptly informed rather than having search updates
980538046288038,load shedding end business gone down mwebantu
418618254232008,zesco limited adhering schedule s 14 37 power still hasn t restored schedule clearly indicates power should cut 6am 2pm
714443850629043,womba kampeu siingwa imwe sure almost 15 ukubilima fukushima ukwasha bale chelwa
714443850629043,nkisu kampewu bachilamo taken us granted aba bantu
714443850629043,womba kampeu siingwa azanda babe vazee
714443850629043,sharon jangia biggie bachilamo batinkisana
714443850629043,hi womba kampeu siingwa apologize inconvenience caused please may confirm power restored appreciate patience regards cj
1450787622191278,patience kalipa ask page wise opposition
1450787622191278,pearl freeman ask
1082442872837798,jonas m chabu just 8hrs paper even lusaka 11 12 hrs
1082442872837798,marjorie t maposa s things guys
980538046288038,hello josephine k mwalwembe thank contacting us currently due prevailing weather patterns unable announce load management end however once factors fully considered analyzed official date announced public bz
980538046288038,zesco limited having same question thanks service hard work doing please let us know loadshading end soon possible
3281138615512027,ts already 14hrs zesco limited wats happening group e still power want eat
1139232760450889,s problem problem name george many letters reason mean joj just fine
1160149984999126,zesco limited kindly share schedule ndola because kansenshi infill load shedding ninshi ni 13 hours 21 hours beyond everyday even started load shedding us twice day efinshi ifyo sure
1443662106542694,zesco limited t split well 8 hrs during day business other important things affected cut 6 hrs night during atleast 2 hrs
1171463883850517,zesco limited ask luapula management power outage than 10hrs mansa low density power cuts 11hrs only restored past 22hrs s
964210588218573,good morning consistently inconsistent group b solwezi power went off around 06 00 morning thought says 20 21 hours
934856014849054,zesco limited longer load shedding hours solwezi
938598631081785,time table doesn t work chelstone power went 2minutes 6am now power shame
984198436601199,ati 06 14 took 05hrs ba zesco limited try maintain time least prepare ourselves work between 04 05
750017720575912,area ndola 17 01 almost month now s really unfair thought s supposed change weekly
935348788601274,hi namwaka nana wasilota regret inconvenience caused please note cases may installations feeders switched off early delayed restoration may arise given time however mean schedule changed only due system constraints published schedules remain same regards cj
935348788601274,zesco limited elo good explaining apologizing mwandi
1847628699057100,chanda kay fair group d
1847628699057100,nambisa mercy fair
1171463883850517,dorryc c mwila exactly mwandi ba zesco really good working hard frustrate citizens
975369947454687,05 54 til now 16 00 don t power ati 8 hrs awe failing zesco
1185924779266258,people ridiculus sure enough didn t know schedule before already making effect sure none prepare advance
308336305627892,s power last week going 12 20 week 14 22 s time people most business schedule cut 4 12
1479913309593876,stop even decieving us 08hrs talking 06hrs 17hrs 08hrs please should stick time
953911596108315,kindly update us ba section c time table showing power off 12 20hra just 06 power gone us prepared work u time table kindly needful zesco limited
952347706548231,failed adhere schedule imposed know s load shedding please stick schedule
970125784243676,zesco loadshedding confusing us toke power 9 till now don t power
1443124209655080,fails make sense meter number appears group e yet area group d explain disparity
1502869543919002,groups rotational
975254380666765,dear zesco wanted confirm 8 hour schedule re chelstone seeing power 6am 5pm yesterday apparently re group e m starting think special extended schedule first time week alone ve experienced extended loadshedding people m just want know manage expectations thank kindly
975369947454687,hi ruth kay apologize inconvenience caused please note timetable changed reason extended load management area due system overload currently being addressed technical teams ground regards cj
308336305627892,jose ph would point load shedding during time people aren t using electricity
1479913309593876,hi enock mangowa good morning cases may installations feeders switched off early delayed restoration may arise given time however mean schedule changed only due system constraints published schedules remain same network may constrained times making impossible us stick times schedule regards cj
1479913309593876,zesco limited know saying s 8hrs said s 8hrs because us mushitala area yesterday went around 13hrs came back 24hrs s said like sir
975254380666765,stanley phiri ii even today 14 passed
821071209837952,problem don t plan smartly many water body zambia zesco s like just like money instead investing many energy strategies shame now puting life danger because reckless thinking
2981527101988605,ppl should fixed timetable every week mulecinja cinja stick timetable please
445278351308826,kaya ise group week cause 6 14 awe ba zesco mwandi
724159483123342,only towns
778667507697537,zesco limited mukamba mweka ise haven t power area since saturday 8hrs only restored today 02 cut pa 05
402459122649633,time being restored s well over 8hrs chalala rockfield
1147323056698749,schedule unknown now power cuts anyhow time table following
732690135708333,schedule followed ndola northrise kansenshi loadshedding always 13 hours 21 hours past 21hrs everyday t reschedule also want time table 05 hrs 13hours please
1628508394577742,how ndola ve craziest load shedding schedule kansenshi today rhyme reason
801496608143150,really don t know hours load shedding since 11hrs now mmmmm awe sure
1857522798040993,zesco limited past five days loadshedding solwezi kyawama area 17 hours 05 00 hrs 22 00hrs please work within stipulated time loadshedding
1265359951098590,how know group
453751753759877,even consider student like how study kind schedule zesco limited s student fours hours schedule nice sanafyeee
1172944700752848,lied s 6 14 6 15
1115855296300141,feels like s than 6 weeks how many weeks put
365520869192199,people remember how switch off forget switch cause how power go 05 00 come back 16 00
474913735043308,short zesco only lusaka other provinces how feel
1150733482615962,post schedules day before actual day
959519825385073,zesco failed honor schedule created yourselves truly let down how power go 13 30 coming back 23hrs
1073009573776254,zesco limited charge load shedding time without prior notice also don t bring power time unacceptable power went 06 hrs 5 2 30 haven t water since because pump water electricity toilets full fecal matter urine shall get sick now
801496608143150,hello holland owens jepoy sincere apologies delayed restoration back supply fp
724159483123342,florence mwape ask mwandi
1172944700752848,mello tachila regret inconvenience caused please note cases may installations feeders switched off early delayed restoration may arise given time however mean schedule changed only due system constraints published schedules remain same regards cj
1172944700752848,zesco limited mansa power 6 now children god
7499396103448309,group e 8 hours 10 11 hours because stunt pulled yesterday s 2pm power better restored soon
970070727972858,understand how zesco big make schedule fail follow themselves just stop making
442822361760933,liers loose power 5 s restored 22 call normal areas lusaka power week want capitalize solwezi elo don t follow schedule time dealing tired nonsense think speak solwezi fear people lusaka copperbelt atah professional operations failed find someone eligible
420747464242930,fya fake ifi loadshedded since 13 00
824334343050817,us belong ziba zako schedule zesco created outside published schedule schedule rotate runs 11 hours daily
1425992378122539,ba zesco limited thought said s 12 20 almost 21and still don t power
410923395213213,ba zesco problem don t follow schedule ever since started load shedding always always find ways adding extra 40 60 minutes official 8 hours practically experiencing 9 power everyday
785494693222158,ninshi ku solwezi use electricity put hours muleti nokuti kwati fyamano already power supply even without load shedding pathetic yet country collect enough revenue northwest guys jokers
1127582905216953,zesco limited anything being done improve situation already just arrived only solution nga abakwata population iyikulu how manage takwaba ukuyako mwasambililako pantu takwaba
747337933896198,time table iyabupuba eyo tamukonka nokukonka
1265359951098590,shaks james check whatsapp
1265359951098590,hosea mbewe thanks bro
365520869192199,mwandu mulenga s scam
365520869192199,mwandu mulenga imagine mweebanthu
7499396103448309,chichi carter go day loadshedding trap
7499396103448309,john kasoma restored less than minute
1358972131485358,apart changing rotating schedules doing end loadsheeding pour water kariba dam fill hope know
461881846183654,group lusaka
1140333603671525,t just share provinces help us
411834361599433,zesco limited doing mitigate problem loadsheding awe talema mwe zambia develop should proactive change weather rather waiting rains
1577641209755812,good morning zesco limited regards ceo
1356239715051294,very hopeless something t even follow
2190094668002415,don t worry ba zesco limited accept egypt moses take us promised land ine hate how inconvenience lives annoying
1284761466245257,group c power went 6
971753054509375,today entered into space ruined programs bakers orders deliver 06 12 hrs schedule having power nomba amalaiti yaya kuma 9hrs time come zesco limited awe kwateniko order mwandini elo apa sorry word misused mwandini mwe how plan tuma side hustles t keep own schedule
1905602866545786,loadshedding ending s too much
442822361760933,ritah mwaba tembo go deeper
442822361760933,ritah yess right behind
442822361760933,ritah mwaba tembo load shedding spokes person tiye nabo
442822361760933,emmy aaliyah z awe banipesha
442822361760933,ritah mwaba tembo tell mwadi s too much solwezi
442822361760933,unite speak voice behave
442822361760933,ritah mwaba tembo tag president
442822361760933,hakainde hichilema twafweni bally
1284761466245257,daniel nyundu ise go 12 20 ba group c
1356239715051294,good morning shaque shaluvuna system dictates otherwise technical teams may other options put measures preserve network collapsing entails effecting emergency load management switching off early delayed restoration switching late inevitable wellbeing grid however dedicated engineers working round clock ameliorate situation regret inconvenience caused regards cj
1356239715051294,zesco limited meanwood ndeke lusaka power now started going 06hrs 20hrs s excuse part group c
278041545273125,u very good comes switching off now s time switch awe sure don t know happens clock check time guys charge switching coz those hours say don t experience power hour please add hour ku last
732749352071328,whole load shedding ine natinkiwa much s power deficit plan b supposed implemented manje kulibe plan b make matters worse re going beyond 8hour schedule deliberately obviously guys just increased load shedding hours 10hours won t tell us only april happens october s question ba zesco limited really doing curb 10hour load shedding plan b right
2202872113378368,how approximately 8 hours power goes 5 comes back 14
789596089437969,such uncertainty solwezi straight forward schedule like other towns ako nikapatula ba zesco
1080618649704670,load shedding only solution find best qualified engineers technicians went plan load shedding time table zesco ka ntemba
235303116308348,just training us leave grid otherwise soon become self sufficient start loosing clients
441254438285010,even follow timetable coz kuno don t belong group apo kaya
732427319045882,solwezi people made enough noise zoona suffering 15 hours day power hope zesco follow schedule
452943217182057,06 16 libala south right already frustrated work being professional
1669206313485845,zesco limited least power should going morning night m buy electricity bulbs che
420747464242930,hello wisdom hazard chipi back supply fp
420747464242930,zesco limited yes 9 hours 30 minutes
785876140160178,ehe 12 22 hrs follow time table ai
1379539882755762,should posting advance t waking power without warning
1174378643935570,power supposed go 6 group e while dreamland zesco takes advantage us cuts power kuma 3 nichani sure
967967008188073,zesco limited power gone 05 55 till now nothing s over 8 hours s going
346474445108446,how come group d category 8th april experienced load shedding evenings
282495681581362,tapali nefyo chililabombwe power cut even 8 hours experiencing 10 12 hours loadshedding how expect people work aini imwe
1138801970873531,zesco limited find survey want heavily campaign specific time table especially night people sleeping 02hours 10hours
451014530602483,zesco limited 10hrs 8hrs hell come think
1439060506976290,please remember end 2026 start laying off workers work zesco now time settle ensure whatever salary get put good use ukwali insoke takwafwile umuntu necisosa naco cipa amano forewarned forearmed uli achuulu uukwiila
