comment_id,text,timestamp,source_url
1045021707103658,"So where has the 400 Magawattes gone? The truth is Zesco and the government are not willing to be giving power to residential customers, we are grown up people to understand they motive.
We are in the hands of pure Capitalists no hearts for citizens, 
I'm so disappointed on this issue and there was no need to have that press briefing where people were made to clap without knowing what they were clapping for...... 
Boma we are your people and have mercy on us, some of us we can't afford those solars for K34,000, if anything 70 percent of Zambians cannot afford reasonable solars , even those ma Sun king solar people are struggling to buy them.....",2026-06-20T20:41:32.582159+00:00,https://www.facebook.com/share/p/1Cv97GAZLh/
518066994189067,People need electricity ⚡️ in day not sleeping time you can make time table where by you give us electricity from 7 to 23 then you turn off what’s difficult is that sure how can you bring electricity around 24 when people are sleeping that’s be crazy if l was a president l would have failed all Zesco minister this is too much,2026-06-20T20:41:32.582183+00:00,https://www.facebook.com/share/p/1Cv97GAZLh/
380111615196118,This right here is a circus act,2026-06-20T20:41:32.582188+00:00,https://www.facebook.com/share/p/1Cv97GAZLh/
1935125996964359,"I don't know who needs to hear this, but 

Isaiah 60:22 
says, ""when time is right I the Lord will make it happen"".

Ecclesiastes 3 vs 11 says He makes everything beautiful in its time. 
So my encouragement today is 'don't give up'. God is mindful of you. He will also make you prosper. God knows you're tired. He knows you’re frustrated. Pray and wait. Trust His timing. He won’t let you down.
Please Bless my day with a follow, I will be glad to be followed by you🤲🏽. 
It could mean alot. Thank you 🤍",2026-06-20T20:41:32.582192+00:00,https://www.facebook.com/share/p/1Cv97GAZLh/
862608649273728,"Why are we still on 3hours ai😡😡😡
Imwe simuna kambe ati effective October vizachinja vintu🙄",2026-06-20T20:41:32.582195+00:00,https://www.facebook.com/share/p/1Cv97GAZLh/
1056556399810818,"Zesco Limited Also re-share the schedule which shows which area is in which group. You honestly don't expect us to memorize something that didn't work. With the Maamba collieries back on the grid and power imports being made, it would have made sense if we had at least upto 6 hours of power per day. Even if the 6 hours is rationed in 2 x 3 hours per day.",2026-06-20T20:41:32.582198+00:00,https://www.facebook.com/share/p/1Cv97GAZLh/
1479688996132867,Nothing has changed. It's all drama everytime!,2026-06-20T20:41:32.582200+00:00,https://www.facebook.com/share/p/1Cv97GAZLh/
1462887677749584,At least we had power from 10 -14hrs and my battery was full for the first time in many months lol,2026-06-20T20:41:32.582203+00:00,https://www.facebook.com/share/p/1Cv97GAZLh/
823574169989210,These guys promised 17 hours of load shedding in September and they failed to deliver and we thought they would give even 6 hours of power to residential areas in October they have failed the short term plan for zesco now is to wait for the rains ☔let's just pray the rains start early and they should last long and they should be heavy,2026-06-20T20:41:32.582205+00:00,https://www.facebook.com/share/p/1Cv97GAZLh/
502478876083855,"The only power we have in Zambia is the ""POWER OF GOD"" any other powers are fake",2026-06-20T20:41:32.582209+00:00,https://www.facebook.com/share/p/1Cv97GAZLh/
380111615196118,That Ranting Guy you forgot to say classic 😆😆,2026-06-20T20:41:32.582211+00:00,https://www.facebook.com/share/p/1Cv97GAZLh/
380111615196118,That Ranting Guy people should resign on moral grounds,2026-06-20T20:41:32.582214+00:00,https://www.facebook.com/share/p/1Cv97GAZLh/
380111615196118,That Ranting Guy it's lies after lies 🤧🤧 sometimes it's better to keep quiet 🤐 than busy make some false hopes,2026-06-20T20:41:32.582217+00:00,https://www.facebook.com/share/p/1Cv97GAZLh/
1045021707103658,Siven Rowland Bwembya iyeee ulupato ububi,2026-06-20T20:41:32.582220+00:00,https://www.facebook.com/share/p/1Cv97GAZLh/
1045021707103658,"Siven Rowland Bwembya totally agree
They are punishing the defenceless citizens while shacking up to rich kids who can afford solar and other industries who can import of make alternative power solutions",2026-06-20T20:41:32.582222+00:00,https://www.facebook.com/share/p/1Cv97GAZLh/
1045021707103658,Andrew Mwansa hahaha 🤣 you are insulting?,2026-06-20T20:41:32.582225+00:00,https://www.facebook.com/share/p/1Cv97GAZLh/
1045021707103658,Andrew Mwansa you don't even know what an insult is sir. I have forgiven you,2026-06-20T20:41:32.582227+00:00,https://www.facebook.com/share/p/1Cv97GAZLh/
1045021707103658,Siven Rowland Bwembya  upnd for you 😂,2026-06-20T20:41:32.582230+00:00,https://www.facebook.com/share/p/1Cv97GAZLh/
1045021707103658,Andrew Mwansa even if it's an insult I support you bro!,2026-06-20T20:41:32.582232+00:00,https://www.facebook.com/share/p/1Cv97GAZLh/
1045021707103658,Mendral Chitongo Arsenal Aaah you're stupid my love💜🤣,2026-06-20T20:41:32.582235+00:00,https://www.facebook.com/share/p/1Cv97GAZLh/
1045021707103658,Maxwell Chongu,2026-06-20T20:41:32.582238+00:00,https://www.facebook.com/share/p/1Cv97GAZLh/
1045021707103658,"Mendral Chitongo Arsenal  Thats a plan comment without ulupato as you said, We expect more and better from our government because we are the government.. Think of those who has businesses which depends on electricity, welders, saloons, fresh products, car wash and others...",2026-06-20T20:41:32.582240+00:00,https://www.facebook.com/share/p/1Cv97GAZLh/
1045021707103658,Andrew Mwansa ok you are an idiot,2026-06-20T20:41:32.582243+00:00,https://www.facebook.com/share/p/1Cv97GAZLh/
1479688996132867,Jackson Kay Kalonda imagine,2026-06-20T20:41:32.582245+00:00,https://www.facebook.com/share/p/1Cv97GAZLh/
1479688996132867,Jackson Kay Kalonda exactly,2026-06-20T20:41:32.582248+00:00,https://www.facebook.com/share/p/1Cv97GAZLh/
1935125996964359,"Jay Christian Official 
For how long will u be calling this dead man Isaiah?",2026-06-20T20:41:32.582251+00:00,https://www.facebook.com/share/p/1Cv97GAZLh/
1935125996964359,Micah M Mbewe awe mwandi you can ask mwa😅😅,2026-06-20T20:41:32.582253+00:00,https://www.facebook.com/share/p/1Cv97GAZLh/
1935125996964359,Don't brig God here our pipo needs plan not just say yah yah,2026-06-20T20:41:32.582255+00:00,https://www.facebook.com/share/p/1Cv97GAZLh/
502478876083855,Moses Miracle Snr where is it?,2026-06-20T20:41:32.582258+00:00,https://www.facebook.com/share/p/1Cv97GAZLh/
502478876083855,"Vasilis Marosoulis

all things are possible to those who believe. 
     Have you even felt the POWER OF GOD ?",2026-06-20T20:41:32.582260+00:00,https://www.facebook.com/share/p/1Cv97GAZLh/
502478876083855,"Moses Miracle Snr ..just look around u in the world where all ppl r suffering from wars,hunger,drought,innocent KIDS DIE of hunger,diseases and so many other reasons and when u see this power,let me know..have a good night..I wont continue a conversation with no end..thank you",2026-06-20T20:41:32.582262+00:00,https://www.facebook.com/share/p/1Cv97GAZLh/
502478876083855,"Vasilis Marosoulis

      The problem is that you only focus on the situations and not what God has done. anyway may you see God in your life",2026-06-20T20:41:32.582265+00:00,https://www.facebook.com/share/p/1Cv97GAZLh/
502478876083855,Moses Miracle Snr whatever..,2026-06-20T20:41:32.582268+00:00,https://www.facebook.com/share/p/1Cv97GAZLh/
862608649273728,Maclean Sandra Phiri ask them,2026-06-20T20:41:32.582274+00:00,https://www.facebook.com/share/p/1Cv97GAZLh/
862608649273728,Maclean Sandra Phiri good question,2026-06-20T20:41:32.582277+00:00,https://www.facebook.com/share/p/1Cv97GAZLh/
862608649273728,Maclean Sandra Phiri They didn't say which year😂😂😂😂 zesco kuwayawaya fye,2026-06-20T20:41:32.582280+00:00,https://www.facebook.com/share/p/1Cv97GAZLh/
862608649273728,Maclean Sandra Phiri ndiye change yamene iyi 😂😂😂😂😂,2026-06-20T20:41:32.582282+00:00,https://www.facebook.com/share/p/1Cv97GAZLh/
862608649273728,Maclean Sandra Phiri they meant sm of us will not see power frm 03hrs to 00:00,2026-06-20T20:41:32.582285+00:00,https://www.facebook.com/share/p/1Cv97GAZLh/
862608649273728,Maclean Sandra Phiri My question too.Why give wrong information?,2026-06-20T20:41:32.582288+00:00,https://www.facebook.com/share/p/1Cv97GAZLh/
1056556399810818,O'Neil Mweemba- Hospitality Redefined as a nation we need to improve we can not  be daunted by the same problem for decades and are still unable to come up with  tangle solutions that are sustainable. It's clear there's lack of consideration at zesco and leadership,2026-06-20T20:41:32.582290+00:00,https://www.facebook.com/share/p/1Cv97GAZLh/
1056556399810818,Adrian Mutentha So true. We need robust leadership abilities in this crisis.,2026-06-20T20:41:32.582293+00:00,https://www.facebook.com/share/p/1Cv97GAZLh/
1056556399810818,Bilha Wairimu great opportunity. Will look it up,2026-06-20T20:41:32.582296+00:00,https://www.facebook.com/share/p/1Cv97GAZLh/
1056556399810818,Bilha Wairimu what prompted that madam,2026-06-20T20:41:32.582298+00:00,https://www.facebook.com/share/p/1Cv97GAZLh/
1056556399810818,O'Neil Mweemba- Hospitality Redefined exactly what we were expecting when they announced stability,2026-06-20T20:41:32.582301+00:00,https://www.facebook.com/share/p/1Cv97GAZLh/
1056556399810818,O'Neil Mweemba- Hospitality Redefined Dial *3600#. It will show you the group and the area,2026-06-20T20:41:32.582303+00:00,https://www.facebook.com/share/p/1Cv97GAZLh/
823574169989210,"JoHn Mapoma Jr. Even if it rains heavily, Zesco Limited will still make excuses  for not supplying, just wait and see.",2026-06-20T20:41:32.582306+00:00,https://www.facebook.com/share/p/1Cv97GAZLh/
823574169989210,"Kethan B of course,  they will sell everything. If it rains heavy this year, great, more to sell!",2026-06-20T20:41:32.582308+00:00,https://www.facebook.com/share/p/1Cv97GAZLh/
823574169989210,"Katerina Altop is it true that they have been selling to other countries? Seems like alot of people are sayong the same. If they are, i really have no words to express my disappointment",2026-06-20T20:41:32.582311+00:00,https://www.facebook.com/share/p/1Cv97GAZLh/
823574169989210,"JoHn Mapoma Jr. The whole senior management must resign, they have failed the institution.",2026-06-20T20:41:32.582313+00:00,https://www.facebook.com/share/p/1Cv97GAZLh/
1177718989955439,24:00-03:00. It’s for using to practice witchcraft? 🙈,2026-06-20T20:41:32.582316+00:00,https://www.facebook.com/share/p/1Cv97GAZLh/
1080839880079636,"Our simple plea is that the Republican President, His Excellency should with immediate effect dissolve the Zesco management board and Fire some individuals without sentiments.

Why playing mind games with the majority of citizens.",2026-06-20T20:41:32.582318+00:00,https://www.facebook.com/share/p/1Cv97GAZLh/
1681413012651571,"County men and women it's not zesco who drops rain , we are even lucky that Zesco company is making efforts to maintain 3hrs stability of power it's good let us learn to appreciate , Thank you",2026-06-20T20:41:32.582321+00:00,https://www.facebook.com/share/p/1Cv97GAZLh/
1232796554698276,Namufilwafye ba zesco ..A Total failure this is .😡,2026-06-20T20:41:32.582323+00:00,https://www.facebook.com/share/p/1Cv97GAZLh/
1964079714067506,They is no difference between you and upnd both of you have no direction u live on lies,2026-06-20T20:41:32.582326+00:00,https://www.facebook.com/share/p/1Cv97GAZLh/
940333384787564,"Yesterday and today, I have seen stabilization, electricity was restored at 10hours and at 13hours it said nayenda. If the trend will be like this, it will be possible to plan.",2026-06-20T20:41:32.582328+00:00,https://www.facebook.com/share/p/1Cv97GAZLh/
546622177758220,Ndiye stable iyi,2026-06-20T20:41:32.582331+00:00,https://www.facebook.com/share/p/1Cv97GAZLh/
6806898842767818,Nothing has changed mwe😭,2026-06-20T20:41:32.582333+00:00,https://www.facebook.com/share/p/1Cv97GAZLh/
899944854800892,I guess there are reserving power for 2026 politics like ramaposa did to the south Africans and why do they even give us hope anyways they can just say that we can't do it we have failed we think of something other than depending on Ba Zesco Limited,2026-06-20T20:41:32.582336+00:00,https://www.facebook.com/share/p/1Cv97GAZLh/
512477794982260,This government is brok,2026-06-20T20:41:32.582338+00:00,https://www.facebook.com/share/p/1Cv97GAZLh/
1045021707103658,Siven Rowland Bwembya The minister was even laughing and asking us to clap for them kwati fya mano,2026-06-20T20:41:32.582341+00:00,https://www.facebook.com/share/p/1Cv97GAZLh/
1045021707103658,Susan J Stephens  Thanks never did pre school  but I think it was the malfunction of my keyboard...,2026-06-20T20:41:32.582343+00:00,https://www.facebook.com/share/p/1Cv97GAZLh/
1045021707103658,"Jack Jones Chandalala because even before bragging about 400megawatts we were having these tuma 3hrs of lights moment so what about this additional of 400megawatts, could be having at least ma 6hrs of power not ifii additional with same results yaba",2026-06-20T20:41:32.582346+00:00,https://www.facebook.com/share/p/1Cv97GAZLh/
1045021707103658,I think they invest in solar system,2026-06-20T20:41:32.582349+00:00,https://www.facebook.com/share/p/1Cv97GAZLh/
1045021707103658,Susan J Stephens it’s folks,2026-06-20T20:41:32.582351+00:00,https://www.facebook.com/share/p/1Cv97GAZLh/
1045021707103658,Siven Rowland Bwembya it's true,2026-06-20T20:41:32.582356+00:00,https://www.facebook.com/share/p/1Cv97GAZLh/
1045021707103658,Fred Hangandu Thank you sir thats my thought too,2026-06-20T20:41:32.582359+00:00,https://www.facebook.com/share/p/1Cv97GAZLh/
1045021707103658,Siven Rowland Bwembya 😢😭🫂,2026-06-20T20:41:32.582362+00:00,https://www.facebook.com/share/p/1Cv97GAZLh/
1045021707103658,Becky Mukako  talk Becky let share views.,2026-06-20T20:41:32.582364+00:00,https://www.facebook.com/share/p/1Cv97GAZLh/
1045021707103658,Feli Lex how when he is just speaking the truth … wake up,2026-06-20T20:41:32.582367+00:00,https://www.facebook.com/share/p/1Cv97GAZLh/
518066994189067,Mu Zo exactly! They give you power at these ridiculous hours because they know that people are asleep and not using it. It's like mocking people by giving them something that they cannot use.,2026-06-20T20:41:32.582370+00:00,https://www.facebook.com/share/p/1Cv97GAZLh/
518066994189067,They wont see heaven.,2026-06-20T20:41:32.582373+00:00,https://www.facebook.com/share/p/1Cv97GAZLh/
518066994189067,"Mu Zo you are right, I think the president has failed on this, what's the point of giving power when people are sleeping? Group E is the most abused group. So meaning salons, barbershops and other small businesses which fall in group E will be doing their business after midnight? Kuti walila mwe",2026-06-20T20:41:32.582376+00:00,https://www.facebook.com/share/p/1Cv97GAZLh/
518066994189067,Mu Zo he is part of them. He hired them. They represent his will,2026-06-20T20:41:32.582378+00:00,https://www.facebook.com/share/p/1Cv97GAZLh/
518066994189067,Mu Zo this is what he also use to say 🤔🤔🤔🤔🤔🤔,2026-06-20T20:41:32.582382+00:00,https://www.facebook.com/share/p/1Cv97GAZLh/
518066994189067,Katerina Altop exactly 😡😫,2026-06-20T20:41:32.582385+00:00,https://www.facebook.com/share/p/1Cv97GAZLh/
518066994189067,I don't even know  if these people have passed to school coz they can't bring power Around 24 hrs when people have sleep and the power is not staying within 2 hrs,2026-06-20T20:41:32.582388+00:00,https://www.facebook.com/share/p/1Cv97GAZLh/
518066994189067,Imagine there on timetable it's showing up 24 but the power is coming around 01:30 to 02:30,2026-06-20T20:41:32.582391+00:00,https://www.facebook.com/share/p/1Cv97GAZLh/
518066994189067,Mu Zo  imagine,2026-06-20T20:41:32.582394+00:00,https://www.facebook.com/share/p/1Cv97GAZLh/
518066994189067,This government is a scam they say 3 but it's 2 same same naba impiya sha balanda,2026-06-20T20:41:32.582396+00:00,https://www.facebook.com/share/p/1Cv97GAZLh/
1080839880079636,Kabungo Edward ED his he not part of the board😡,2026-06-20T20:41:32.582399+00:00,https://www.facebook.com/share/p/1Cv97GAZLh/
1080839880079636,Happy Kabwe He's not,2026-06-20T20:41:32.582402+00:00,https://www.facebook.com/share/p/1Cv97GAZLh/
1080839880079636,Kabungo Edward ED in has much as the board is independent do you know that every decision the board makes has to pass through the president before it's implemented???,2026-06-20T20:41:32.582404+00:00,https://www.facebook.com/share/p/1Cv97GAZLh/
940333384787564,"Peter Mbobela good for you,ise uko nothing we seeing power after a day.",2026-06-20T20:41:32.582407+00:00,https://www.facebook.com/share/p/1Cv97GAZLh/
940333384787564,"Trish K Charisma
Hopefully the situation will change from tomorrow onwards",2026-06-20T20:41:32.582409+00:00,https://www.facebook.com/share/p/1Cv97GAZLh/
940333384787564,Peter Mbobela waba Pump ⛽ tea ☕,2026-06-20T20:41:32.582412+00:00,https://www.facebook.com/share/p/1Cv97GAZLh/
940333384787564,We had an hour of power and when I called them all they told me was we have a challenge on our system 😢,2026-06-20T20:41:32.582415+00:00,https://www.facebook.com/share/p/1Cv97GAZLh/
940333384787564,Which trend they are saying 3 hours per day 😂😂😂😂,2026-06-20T20:41:32.582417+00:00,https://www.facebook.com/share/p/1Cv97GAZLh/
940333384787564,"Luciah MB Yes, 3hours per day if it comes consistency on the same time, we are able to use it effectively.",2026-06-20T20:41:32.582420+00:00,https://www.facebook.com/share/p/1Cv97GAZLh/
1462887677749584,ACTIVIST-HON MUNSANJE Bally is fixing badaala,2026-06-20T20:41:32.582422+00:00,https://www.facebook.com/share/p/1Cv97GAZLh/
1462887677749584,ACTIVIST-HON MUNSANJE 🤣,2026-06-20T20:41:32.582425+00:00,https://www.facebook.com/share/p/1Cv97GAZLh/
1462887677749584,ACTIVIST-HON MUNSANJE kkkkkk 🤣,2026-06-20T20:41:32.582428+00:00,https://www.facebook.com/share/p/1Cv97GAZLh/
1462887677749584,"Matimba Kanenga iwe, waala fifite kwangu... You have my number suntwe yebo",2026-06-20T20:41:32.582430+00:00,https://www.facebook.com/share/p/1Cv97GAZLh/
546622177758220,Moses JJ Ngulube imagine! Just twisting words.,2026-06-20T20:41:32.582433+00:00,https://www.facebook.com/share/p/1Cv97GAZLh/
546622177758220,Moses JJ Ngulube imagine,2026-06-20T20:41:32.582436+00:00,https://www.facebook.com/share/p/1Cv97GAZLh/
2498876370301527,"Manje which Wednesday, 3 October 2024 is that, otherwise it doesn't exist on my calendar 🗓️.

You have too much drama there",2026-06-20T20:41:32.582439+00:00,https://www.facebook.com/share/p/1Cv97GAZLh/
863524105753795,At least we had 10-16hrs,2026-06-20T20:41:32.582442+00:00,https://www.facebook.com/share/p/1Cv97GAZLh/
470970355979460,Yesterday group C power came for 10 minutes kuno even after saying 3 hours of stable  supply ba Zesco Limited  restored at 22:17 cuts at 22:27🤦‍♂️🤦‍♂️,2026-06-20T20:41:32.582445+00:00,https://www.facebook.com/share/p/1Cv97GAZLh/
518184514159231,Can u change the schedule for kawama in Kitwe naifwe tubombeko akasubaZesco Limited,2026-06-20T20:41:32.582448+00:00,https://www.facebook.com/share/p/1Cv97GAZLh/
753921863538850,Makes sense under the circumstance,2026-06-20T20:41:32.582451+00:00,https://www.facebook.com/share/p/1Cv97GAZLh/
1322610832456208,I encourage all Zesco employees to lock their offices and go home. Thank you,2026-06-20T20:41:32.582453+00:00,https://www.facebook.com/share/p/1Cv97GAZLh/
845287861054648,Hasn’t this already in effect?,2026-06-20T20:41:32.582456+00:00,https://www.facebook.com/share/p/1Cv97GAZLh/
1288868128957482,"We are used in using katolitoli so ivi va malaiti it seems latest kuno..
From yesterday we are still in lights.. you forgot to switch OFF..",2026-06-20T20:41:32.582458+00:00,https://www.facebook.com/share/p/1Cv97GAZLh/
1228470591529386,By nation they mean just Lusaka olo bwanji,2026-06-20T20:41:32.582462+00:00,https://www.facebook.com/share/p/1Cv97GAZLh/
1084590416364090,"Just keep quiet if you have nothing to say. We have no power here in zaingalume . Today it's day two.
Don't take us to be fo*LS okay, it's better to keep quiet that kusabaila.
Mtchew",2026-06-20T20:41:32.582464+00:00,https://www.facebook.com/share/p/1Cv97GAZLh/
1681413012651571,"Dennis Zulu ZESCO should have invested in other sources of energy other than Hydro.

They should have harnessed the wind, Solar, bio matter (we have a lot of garbage) that can be turned into thermo energy later on electricity.

The problem with our curriculum is that it is based on proving other people's theories other than teaching  people to be innovative.

That is why we have theory engineers who cannot invent.",2026-06-20T20:41:32.582467+00:00,https://www.facebook.com/share/p/1Cv97GAZLh/
1681413012651571,Dennis Zulu you're just as dull as Zesco Limited ..is this the first time we're having a drought in this country?,2026-06-20T20:41:32.582470+00:00,https://www.facebook.com/share/p/1Cv97GAZLh/
1681413012651571,Dennis Zulu Don't be a weak man stand for your rights this isn't the first time we are experiencing droughts and there's always solutions that can be put in place to easy the issue of load shedding Zesco works for the people of Zambia not for their own interest there are people whose houses have electricity 7 days without cutting because they're government employees and you are here feeling pity for Zesco,2026-06-20T20:41:32.582472+00:00,https://www.facebook.com/share/p/1Cv97GAZLh/
1681413012651571,Dennis Zulu who told you its because of rains why we are having 3hrs of  power,2026-06-20T20:41:32.582477+00:00,https://www.facebook.com/share/p/1Cv97GAZLh/
1681413012651571,Pearl Freeman there is a difference between imported power and having our own power boss do you realize that...,2026-06-20T20:41:32.582479+00:00,https://www.facebook.com/share/p/1Cv97GAZLh/
1681413012651571,Dennis Zulu you are fool just like them,2026-06-20T20:41:32.582482+00:00,https://www.facebook.com/share/p/1Cv97GAZLh/
1681413012651571,"Dennis Zulu see you failing to answer simple question yet you commenting on matter that you don't understand  you commenting based on stories you been told or heard ...

Hear me young man drought issue its not first in Zambia  even in 2019 we had poor rainfall .. Did you experienced this kind of  nonsense load shedding",2026-06-20T20:41:32.582485+00:00,https://www.facebook.com/share/p/1Cv97GAZLh/
1681413012651571,Dennis Zulu iwe in Dubai there no rains but power is there 24/7......,2026-06-20T20:41:32.582488+00:00,https://www.facebook.com/share/p/1Cv97GAZLh/
1681413012651571,Dennis Zulu even though they should always think outside the boxes they should find solutions,2026-06-20T20:41:32.582490+00:00,https://www.facebook.com/share/p/1Cv97GAZLh/
1681413012651571,Dennis Zulu importing?,2026-06-20T20:41:32.582492+00:00,https://www.facebook.com/share/p/1Cv97GAZLh/
1045021707103658,"Feli Lex I broke you, I think you are not worth seen my post.. There is nothing being bitter here, This electricity crisis is even affecting you so what are you supporting ? 
Let's learn to be honest and say the truth.",2026-06-20T20:41:32.582495+00:00,https://www.facebook.com/share/p/1Cv97GAZLh/
1045021707103658,Some politicians will not make it to Heaven 😥,2026-06-20T20:41:32.582497+00:00,https://www.facebook.com/share/p/1Cv97GAZLh/
1045021707103658,"Pantu we celebrated when ERB rejected your proposal to increase electrical tariffs now you want to make it kwati ni mwala chimona.awe bane have the heart for the people..from China,to Malawi,to mammba to a lacuna of 1 October of 3 hours which already is..awe bane we are watching..",2026-06-20T20:41:32.582500+00:00,https://www.facebook.com/share/p/1Cv97GAZLh/
1045021707103658,Siven Rowland Bwembyayou've said everything in my mind. Thank you,2026-06-20T20:41:32.582502+00:00,https://www.facebook.com/share/p/1Cv97GAZLh/
518066994189067,Cynthia Kabwe Mubanga kkkkk,2026-06-20T20:41:32.582505+00:00,https://www.facebook.com/share/p/1Cv97GAZLh/
518066994189067,Kkkkkk,2026-06-20T20:41:32.582507+00:00,https://www.facebook.com/share/p/1Cv97GAZLh/
518066994189067,Michael Kangwa at least u r strong enough to wait ese we just find phones fully charged 😭😭,2026-06-20T20:41:32.582510+00:00,https://www.facebook.com/share/p/1Cv97GAZLh/
518066994189067,Spinx Hamududu😂😂😂😂,2026-06-20T20:41:32.582512+00:00,https://www.facebook.com/share/p/1Cv97GAZLh/
2498876370301527,Brown Chikwanda seriously its disappointing,2026-06-20T20:41:32.582515+00:00,https://www.facebook.com/share/p/1Cv97GAZLh/
2498876370301527,These people have really run out of ideas and they are all working under pressure,2026-06-20T20:41:32.582517+00:00,https://www.facebook.com/share/p/1Cv97GAZLh/
2498876370301527,Brown Chikwanda it's next year maybe 🤔,2026-06-20T20:41:32.582520+00:00,https://www.facebook.com/share/p/1Cv97GAZLh/
2498876370301527,"These people are well trained in lying, not so long ago we were promised 3 hours of power supply per day, it was 3 days of no power supply 😂😂it's so annoying",2026-06-20T20:41:32.582523+00:00,https://www.facebook.com/share/p/1Cv97GAZLh/
2498876370301527,Brown Chikwanda imagine that🤣🤣🤣🤣,2026-06-20T20:41:32.582526+00:00,https://www.facebook.com/share/p/1Cv97GAZLh/
2498876370301527,Doris Chuwa Chela it could have been better if they are able to follow their schedules otherwise it's very disturbing,2026-06-20T20:41:32.582528+00:00,https://www.facebook.com/share/p/1Cv97GAZLh/
2498876370301527,Brown Chikwanda even me I can't understand maybe ni next year,2026-06-20T20:41:32.582532+00:00,https://www.facebook.com/share/p/1Cv97GAZLh/
2498876370301527,Lovemore Simapuka they are just confusing themselves,2026-06-20T20:41:32.582535+00:00,https://www.facebook.com/share/p/1Cv97GAZLh/
2498876370301527,Brown Chikwanda ask them 🤣🤣🤣🤣,2026-06-20T20:41:32.582538+00:00,https://www.facebook.com/share/p/1Cv97GAZLh/
2498876370301527,Brown Chikwanda it's a similar story everywhere. Remember the 14 hours story. These people are chronic liers,2026-06-20T20:41:32.582540+00:00,https://www.facebook.com/share/p/1Cv97GAZLh/
1681413012651571,Pearl Freeman how many turbines were shut in 2019 due to low water level,2026-06-20T20:41:32.582543+00:00,https://www.facebook.com/share/p/1Cv97GAZLh/
1681413012651571,It's just ur area some of us we have been staying UpTo a week without power so kaya,2026-06-20T20:41:32.582545+00:00,https://www.facebook.com/share/p/1Cv97GAZLh/
1681413012651571,"Dennis Zulu learn to appreciate...3 hours of power! Wow, you really dropped down your standards.",2026-06-20T20:41:32.582548+00:00,https://www.facebook.com/share/p/1Cv97GAZLh/
1681413012651571,Dennis Zulu musula obe,2026-06-20T20:41:32.582551+00:00,https://www.facebook.com/share/p/1Cv97GAZLh/
1681413012651571,"I believe you do nothing with power because if you do, then you are no nonsense man..3hrs ati appreciate people are fooling you and you are busy dance to their tune",2026-06-20T20:41:32.582553+00:00,https://www.facebook.com/share/p/1Cv97GAZLh/
1681413012651571,You're not serious,2026-06-20T20:41:32.582555+00:00,https://www.facebook.com/share/p/1Cv97GAZLh/
1681413012651571,"Jnr Church Boy May God almighty bless you bro ,",2026-06-20T20:41:32.582558+00:00,https://www.facebook.com/share/p/1Cv97GAZLh/
1681413012651571,Dennis Zulu you're... let me not finish the sentence,2026-06-20T20:41:32.582560+00:00,https://www.facebook.com/share/p/1Cv97GAZLh/
1681413012651571,Dennis Zulu your presindent once said in Dubai there is no rain but they have power 24/7 why can't he do what they do in Dubai to have power,2026-06-20T20:41:32.582563+00:00,https://www.facebook.com/share/p/1Cv97GAZLh/
1681413012651571,Mulenga Chitimukulu I don't care bro,2026-06-20T20:41:32.582567+00:00,https://www.facebook.com/share/p/1Cv97GAZLh/
1322610832456208,Mukuka Lushomo very true.,2026-06-20T20:41:32.582570+00:00,https://www.facebook.com/share/p/1Cv97GAZLh/
1322610832456208,"This company so us in group E what are we going to use power for, 00:00- 03:00 like honestly❓ let's be serious and considerate 😦",2026-06-20T20:41:32.582573+00:00,https://www.facebook.com/share/p/1Cv97GAZLh/
1322610832456208,Mukuka Lushomo imagine waking up to go and use power to download movies 😡😡😡,2026-06-20T20:41:32.582576+00:00,https://www.facebook.com/share/p/1Cv97GAZLh/
1322610832456208,Kabika Harriet Imagine that sis! They have been lying to us with straight faces.Bachilamo. The more reason they have to go home.,2026-06-20T20:41:32.582579+00:00,https://www.facebook.com/share/p/1Cv97GAZLh/
1322610832456208,Mukuka Lushomo very upsetting 😦😞,2026-06-20T20:41:32.582581+00:00,https://www.facebook.com/share/p/1Cv97GAZLh/
1322610832456208,"Mukuka Lushomo looking at all the promise for 01.10.2024, why should liars be tolerated in a big company like Zesco Limited ❓😦",2026-06-20T20:41:32.582584+00:00,https://www.facebook.com/share/p/1Cv97GAZLh/
1322610832456208,Mukuka Lushomo I'm now wondering what stability means in this company called Zesco Limited,2026-06-20T20:41:32.582586+00:00,https://www.facebook.com/share/p/1Cv97GAZLh/
1322610832456208,Mukuka Lushomo they need some rest maybe they are tired,2026-06-20T20:41:32.582589+00:00,https://www.facebook.com/share/p/1Cv97GAZLh/
1322610832456208,Mukuka Lushomo best advice ever 👏🏼👏🏼👏🏼,2026-06-20T20:41:32.582592+00:00,https://www.facebook.com/share/p/1Cv97GAZLh/
1322610832456208,"Government of liars starting from the top.
He's the chief liar.",2026-06-20T20:41:32.582594+00:00,https://www.facebook.com/share/p/1Cv97GAZLh/
556562440150002,"24 to 03, imwe finshi ifi?",2026-06-20T20:41:32.582597+00:00,https://www.facebook.com/share/p/1Cv97GAZLh/
1990117874793593,"Is Lusaka the only province we have, how about other Zesco Limited",2026-06-20T20:41:32.582599+00:00,https://www.facebook.com/share/p/1Cv97GAZLh/
2194417584274876,This is a jock,2026-06-20T20:41:32.582602+00:00,https://www.facebook.com/share/p/1Cv97GAZLh/
2251977241829025,Vaupuba che...this govt ought to be ashamed..,2026-06-20T20:41:32.582604+00:00,https://www.facebook.com/share/p/1Cv97GAZLh/
1104749081073997,manje 24 to 03 niyachani better you keep it,2026-06-20T20:41:32.582606+00:00,https://www.facebook.com/share/p/1Cv97GAZLh/
508574368732227,Ala we thought Zesco Limited director said power will be more stable what wahala is this now,2026-06-20T20:41:32.582609+00:00,https://www.facebook.com/share/p/1Cv97GAZLh/
1204375977535861,Tikangiwa ku recorder nyimbo because of your excuses....vizimyeni chabe azawizi 😜,2026-06-20T20:41:32.582611+00:00,https://www.facebook.com/share/p/1Cv97GAZLh/
1592074491745426,You mean fili hawazi ine day 😭😭 awe Lesa wabonse ba Zesco Limited naifwe kakasanika,2026-06-20T20:41:32.582614+00:00,https://www.facebook.com/share/p/1Cv97GAZLh/
1065511448911076,No matter what I still have faith in Jesus name... that some day load shedding will remain a history🙏😭,2026-06-20T20:41:32.582619+00:00,https://www.facebook.com/share/p/1Cv97GAZLh/
2326982624319969,VA ziiiii,2026-06-20T20:41:32.582622+00:00,https://www.facebook.com/share/p/1Cv97GAZLh/
1177718989955439,Namatama Magdalene Lubinda- The Mental Health Activist  imagine,2026-06-20T20:41:32.582624+00:00,https://www.facebook.com/share/p/1Cv97GAZLh/
1322610832456208,"Mukuka Lushomo I swear, so they are even getting paid aii 😩",2026-06-20T20:41:32.582627+00:00,https://www.facebook.com/share/p/1Cv97GAZLh/
1322610832456208,Mukuka Lushomo volume,2026-06-20T20:41:32.582629+00:00,https://www.facebook.com/share/p/1Cv97GAZLh/
1322610832456208,Kabika Harriet imagine,2026-06-20T20:41:32.582631+00:00,https://www.facebook.com/share/p/1Cv97GAZLh/
1322610832456208,Mukuka Lushomo capwafye!,2026-06-20T20:41:32.582634+00:00,https://www.facebook.com/share/p/1Cv97GAZLh/
1322610832456208,Mukuka Lushomo better 🤣🤣🤣🤣,2026-06-20T20:41:32.582637+00:00,https://www.facebook.com/share/p/1Cv97GAZLh/
1322610832456208,Mukuka Lushomo are you gonna feed their families 😂?,2026-06-20T20:41:32.582639+00:00,https://www.facebook.com/share/p/1Cv97GAZLh/
1681413012651571,You've never been to school we understand cause that disability is too much😒,2026-06-20T20:41:32.582642+00:00,https://www.facebook.com/share/p/1Cv97GAZLh/
1681413012651571,Dennis Zulu this comment seems to be funded by someone,2026-06-20T20:41:32.582644+00:00,https://www.facebook.com/share/p/1Cv97GAZLh/
1681413012651571,Dennis Zulu it's for ppl like u that there is this crisis..u take down anything they do to u..why would they stress when they deal with ppl like u?,2026-06-20T20:41:32.582647+00:00,https://www.facebook.com/share/p/1Cv97GAZLh/
1681413012651571,Dennis Zulu you sound like one of the foolish men of this generation,2026-06-20T20:41:32.582649+00:00,https://www.facebook.com/share/p/1Cv97GAZLh/
1681413012651571,Dennis Zulu son of the director uyu,2026-06-20T20:41:32.582652+00:00,https://www.facebook.com/share/p/1Cv97GAZLh/
1681413012651571,"Mayaya Jae imagine  and also those living near clinics they have never experienced what we are going through ,true this is not about rain but poor planning . Honestly speaking we have suffered.",2026-06-20T20:41:32.582657+00:00,https://www.facebook.com/share/p/1Cv97GAZLh/
1681413012651571,"Dennis Zulu with all due respect madam because you cannot and you will never be sir,,, you're ***********!!!!!!!!",2026-06-20T20:41:32.582660+00:00,https://www.facebook.com/share/p/1Cv97GAZLh/
1681413012651571,Dennis Zulu I just hope you won't be insulted for your comment,2026-06-20T20:41:32.582662+00:00,https://www.facebook.com/share/p/1Cv97GAZLh/
1681413012651571,Dennis Zulu yaba you can do better,2026-06-20T20:41:32.582664+00:00,https://www.facebook.com/share/p/1Cv97GAZLh/
1681413012651571,"Dennis Zulu iwe upanga che chongo,keep quiet if you don't have wise things to say",2026-06-20T20:41:32.582667+00:00,https://www.facebook.com/share/p/1Cv97GAZLh/
2498876370301527,Carter Bay you can say that again 😂,2026-06-20T20:41:32.582669+00:00,https://www.facebook.com/share/p/1Cv97GAZLh/
2498876370301527,Pêzõ Phyllis Sinta kuwaya waya fye,2026-06-20T20:41:32.582672+00:00,https://www.facebook.com/share/p/1Cv97GAZLh/
508574368732227,Olivia Mulenga we are talking about zesco you also writing umungulu,2026-06-20T20:41:32.582674+00:00,https://www.facebook.com/share/p/1Cv97GAZLh/
2326982624319969,Danny Zee Zambia hope so if it's true,2026-06-20T20:41:32.582677+00:00,https://www.facebook.com/share/p/1Cv97GAZLh/
2326982624319969,Prince Levy boi these hijotiiii are just lying,2026-06-20T20:41:32.582680+00:00,https://www.facebook.com/share/p/1Cv97GAZLh/
2251977241829025,Melinda K Banda Me I always say they can't wait to be voted out. They are tired they want to be out 😔,2026-06-20T20:41:32.582682+00:00,https://www.facebook.com/share/p/1Cv97GAZLh/
2251977241829025,Sharon Kalambo you are so right....they still can't believe they were voted in...and now they are failing to manage the system.,2026-06-20T20:41:32.582685+00:00,https://www.facebook.com/share/p/1Cv97GAZLh/
556562440150002,Gutta Beats August almost here,2026-06-20T20:41:32.582687+00:00,https://www.facebook.com/share/p/1Cv97GAZLh/
1065511448911076,"Chanda Phiri this can never happen in Zambia do you know why? Any politician who assumes office of the president will always sale power for their corrupt agendas, which means stealing, so forget load shedding to end in Zambia",2026-06-20T20:41:32.582689+00:00,https://www.facebook.com/share/p/1Cv97GAZLh/
1065511448911076,Noble Excellent Governor Felix wala,2026-06-20T20:41:32.582692+00:00,https://www.facebook.com/share/p/1Cv97GAZLh/
1065511448911076,"Chanda Phiri mark my words, and see if load shedding will ever end in Zambia, load shedding has been with us since time in memorial, no one has been able to do something about it so that it can end",2026-06-20T20:41:32.582694+00:00,https://www.facebook.com/share/p/1Cv97GAZLh/
1065511448911076,"Noble Excellent Governor Felix I get u, that could happen for sometime because if load shedding continues.., we won't rely on government in future, some of us will come up with some private organization that could supply electricity 🤷",2026-06-20T20:41:32.582696+00:00,https://www.facebook.com/share/p/1Cv97GAZLh/
1104749081073997,"Royd Mulenga better than nothing boi, just go solar.",2026-06-20T20:41:32.582700+00:00,https://www.facebook.com/share/p/1Cv97GAZLh/
1104749081073997,The voice of chilolo which better naiwe 24 hrs finshi wingabomfya amalaiti,2026-06-20T20:41:32.582703+00:00,https://www.facebook.com/share/p/1Cv97GAZLh/
1104749081073997,Royd Mulenga we still have to hire genset in mid morning to pump water,2026-06-20T20:41:32.582705+00:00,https://www.facebook.com/share/p/1Cv97GAZLh/
1681413012651571,Dennis Zulu poor mindset,2026-06-20T20:41:32.582707+00:00,https://www.facebook.com/share/p/1Cv97GAZLh/
1681413012651571,Joana Shula thanks for reminding this one who’s talking like a 5 years old man 😂😂 that he can’t remember what HH told us 🤦🏽‍♂️,2026-06-20T20:41:32.582710+00:00,https://www.facebook.com/share/p/1Cv97GAZLh/
1681413012651571,"Dennis Zulu they are responsible for formulating the time table....do you really understand how many businesses have been crippled by zesco ..three hour of electrical during the day would have greatly lessen the burden of not  having  worked at   ... however, who needs electricity when people are sleeping that was really poor planning from Zesco Limited  they can do better and be considerate",2026-06-20T20:41:32.582712+00:00,https://www.facebook.com/share/p/1Cv97GAZLh/
1681413012651571,"Dennis Zulu we have the right to electricity, it means zesco has failed the people of Zambia,whether draught or during floods, zesco is just supposed to supply power to the people of Zambia. Every day of Zesco's day engineers must be thinking how to expand their grids not just thinking of exporting to neighbouring countries, but it's people first. Mind you the population is fast growing and zesco seems to be sleeping on that note.",2026-06-20T20:41:32.582715+00:00,https://www.facebook.com/share/p/1Cv97GAZLh/
1681413012651571,Dennis Zulu stability?,2026-06-20T20:41:32.582718+00:00,https://www.facebook.com/share/p/1Cv97GAZLh/
1681413012651571,Dennis Zulu what are you saying,2026-06-20T20:41:32.582720+00:00,https://www.facebook.com/share/p/1Cv97GAZLh/
1681413012651571,Dennis Zulu stop cutting trees for a start.,2026-06-20T20:41:32.582723+00:00,https://www.facebook.com/share/p/1Cv97GAZLh/
1681413012651571,"Dennis Zulu your statement would make more sense if this was happening to all the countries affected by this years drought. 

Do you know what loadshedding hours are in Zim for example ?",2026-06-20T20:41:32.582726+00:00,https://www.facebook.com/share/p/1Cv97GAZLh/
1681413012651571,Joana Shula go sn start living ku Dubai,2026-06-20T20:41:32.582728+00:00,https://www.facebook.com/share/p/1Cv97GAZLh/
1681413012651571,If you compare Zambia an Dubai ninshi ulicikopo mumutwe #PompweIwe,2026-06-20T20:41:32.582730+00:00,https://www.facebook.com/share/p/1Cv97GAZLh/
863524105753795,Hussein Abdi and for how long do you think that will last ? Don't you know some people go  4 days without  power ?,2026-06-20T20:41:32.582733+00:00,https://www.facebook.com/share/p/1Cv97GAZLh/
863524105753795,✌,2026-06-20T20:41:32.582735+00:00,https://www.facebook.com/share/p/1Cv97GAZLh/
1681413012651571,Dennis Zulu Lishilu ili don't mind him at all...3hrs ati appreciate 🤣🤣🤣🤣🤣🤣,2026-06-20T20:41:32.582737+00:00,https://www.facebook.com/share/p/1Cv97GAZLh/
1681413012651571,Bruce Mwanza this is very true I wonder why they never plan for the future,2026-06-20T20:41:32.582740+00:00,https://www.facebook.com/share/p/1Cv97GAZLh/
1681413012651571,Dennis Zulu ndiwe kapuba. Zesco and customers signed contract to supply them with power . We don't care if that power comes from rains or air.,2026-06-20T20:41:32.582742+00:00,https://www.facebook.com/share/p/1Cv97GAZLh/
1681413012651571,"Dennis Zulu muli ulichipuba kaah...!!! Nagu mulelwishiya ichito ku ZESCO,mwila supportah ifya mugulu...!!..  ... ""Ichilubeyo""",2026-06-20T20:41:32.582744+00:00,https://www.facebook.com/share/p/1Cv97GAZLh/
1681413012651571,Ninshi ndiwe ka activist kuma 24?,2026-06-20T20:41:32.582747+00:00,https://www.facebook.com/share/p/1Cv97GAZLh/
1681413012651571,Dennis Zulu learn to appreciate what? We are quick to sell than buy. We have neighboring countries who have excess power why are we not buying from those countries? And mind you we are still exporting power.,2026-06-20T20:41:32.582749+00:00,https://www.facebook.com/share/p/1Cv97GAZLh/
1681413012651571,Nothing to appreciate Dennis zulu. People need electricity everyday..appreciate what?mungulu uyo.,2026-06-20T20:41:32.582751+00:00,https://www.facebook.com/share/p/1Cv97GAZLh/
1681413012651571,"Dennis Zulu osalengese we insult you pamozi naba zesco... don't you know that the people kuntanshi were given an offer on other ways to generate power from mines and other sources, Zambia is a very blessed country but because of poor leadership and selfishness all this can never end",2026-06-20T20:41:32.582754+00:00,https://www.facebook.com/share/p/1Cv97GAZLh/
1681413012651571,Dennis Zulu musula obe na ba zesco 😏 abobene,2026-06-20T20:41:32.582758+00:00,https://www.facebook.com/share/p/1Cv97GAZLh/
1681413012651571,Dennis Zuluwith all duel respect polo yanu boss.🖕,2026-06-20T20:41:32.582760+00:00,https://www.facebook.com/share/p/1Cv97GAZLh/
1681413012651571,Dennis Zulu see your life 😏😏😏😏😏😏,2026-06-20T20:41:32.582764+00:00,https://www.facebook.com/share/p/1Cv97GAZLh/
1681413012651571,Koma chimwana iwe ndiwe chituzu,2026-06-20T20:41:32.582767+00:00,https://www.facebook.com/share/p/1Cv97GAZLh/
1681413012651571,Dennis Zulu the problem is that we feel too comfortable when we are suffering 🥺🥺,2026-06-20T20:41:32.582769+00:00,https://www.facebook.com/share/p/1Cv97GAZLh/
1681413012651571,"Dennis Zulu you need to forfeit your voters card, people that think like you should not be involved in important decisions",2026-06-20T20:41:32.582772+00:00,https://www.facebook.com/share/p/1Cv97GAZLh/
1681413012651571,"Ba Zulu are u in Zambia or on earth or heaven , when power is off were do they take power selling for some of us we need power to take care of our family",2026-06-20T20:41:32.582775+00:00,https://www.facebook.com/share/p/1Cv97GAZLh/
1681413012651571,Dennis Zulu uko,2026-06-20T20:41:32.582777+00:00,https://www.facebook.com/share/p/1Cv97GAZLh/
1681413012651571,Dennis Zulu stop smoking you'll stop talking nonsense,2026-06-20T20:41:32.582780+00:00,https://www.facebook.com/share/p/1Cv97GAZLh/
1681413012651571,Dennis Zulu ok so u not give us the some power during the day,2026-06-20T20:41:32.582784+00:00,https://www.facebook.com/share/p/1Cv97GAZLh/
1681413012651571,Dennis Zulu panyo Pako,2026-06-20T20:41:32.582786+00:00,https://www.facebook.com/share/p/1Cv97GAZLh/
1681413012651571,Meé BurÑà thank you,2026-06-20T20:41:32.582789+00:00,https://www.facebook.com/share/p/1Cv97GAZLh/
1036704091281880,Imwe ba Zesco Limited it’s Ben 4 days we don’t have power ju zingalume is this the stable you talked about,2026-06-20T20:41:32.582791+00:00,https://www.facebook.com/share/p/1Cv97GAZLh/
1080319553682590,Ili che new normal in Zambia 🇿🇲,2026-06-20T20:41:32.582793+00:00,https://www.facebook.com/share/p/1Cv97GAZLh/
503926359183192,Muleikalafye nga bufi mubepa,2026-06-20T20:41:32.582796+00:00,https://www.facebook.com/share/p/1Cv97GAZLh/
530793942990369,Why can't you just make a solar plant since it's a company am telling you people here has started making their own power using what we thought in toilets which you know so soon it's bye bye zesco,2026-06-20T20:41:32.582799+00:00,https://www.facebook.com/share/p/1Cv97GAZLh/
499831529550033,We are group h but we don't have power for 2 days now ba Zesco Limited what's going on,2026-06-20T20:41:32.582802+00:00,https://www.facebook.com/share/p/1Cv97GAZLh/
846955437609615,Mbo ncizi eeci,2026-06-20T20:41:32.582804+00:00,https://www.facebook.com/share/p/1Cv97GAZLh/
844212421225503,Just remove zesco and bring Chinese since mwakangiwa we try china now or Japan,2026-06-20T20:41:32.582806+00:00,https://www.facebook.com/share/p/1Cv97GAZLh/
1035293141732345,Nothing as changed kumwesu,2026-06-20T20:41:32.582809+00:00,https://www.facebook.com/share/p/1Cv97GAZLh/
891631489062518,What about muchinga Zesco Limited,2026-06-20T20:41:32.582811+00:00,https://www.facebook.com/share/p/1Cv97GAZLh/
1483273142358575,Thank you for the update,2026-06-20T20:41:32.582814+00:00,https://www.facebook.com/share/p/1Cv97GAZLh/
1681413012651571,Dennis Zulu this one is dull,2026-06-20T20:41:32.582817+00:00,https://www.facebook.com/share/p/1Cv97GAZLh/
1681413012651571,Emmishia Mbewe ok..,2026-06-20T20:41:32.582819+00:00,https://www.facebook.com/share/p/1Cv97GAZLh/
1681413012651571,Bruce Mwanza and even import power from Tanzania that can also make sense than telling people to appreciate anyhow. They import power and adjust up the tariffs no one can blame them we know the drought we had. Not giving people fake solutions of 3hours per day.,2026-06-20T20:41:32.582821+00:00,https://www.facebook.com/share/p/1Cv97GAZLh/
1681413012651571,Dennis Zulu 🙆🤦🤦,2026-06-20T20:41:32.582824+00:00,https://www.facebook.com/share/p/1Cv97GAZLh/
1681413012651571,Dennis Zulu stop commenting rubbish,2026-06-20T20:41:32.582826+00:00,https://www.facebook.com/share/p/1Cv97GAZLh/
1681413012651571,Dennis Zulu appreciate nonsense ? Be real in some of the things you say mwe 🤦🏽‍♀️,2026-06-20T20:41:32.582828+00:00,https://www.facebook.com/share/p/1Cv97GAZLh/
1681413012651571,"Another dull chap from earstern power busy supporting va zee, that's why Ife vaku chipata batinena ati ndife vopwalala koma tu chawa",2026-06-20T20:41:32.582831+00:00,https://www.facebook.com/share/p/1Cv97GAZLh/
1681413012651571,Dennis Zulu Some comments kwati nindoshi,2026-06-20T20:41:32.582833+00:00,https://www.facebook.com/share/p/1Cv97GAZLh/
1070057597856274,🤣🤣🤣 you guys you are so funny,2026-06-20T20:41:32.582836+00:00,https://www.facebook.com/share/p/1Cv97GAZLh/
1056516059295271,Life is spiritual,2026-06-20T20:41:32.582838+00:00,https://www.facebook.com/share/p/1Cv97GAZLh/
539670581926451,I will go ku farm kansi tumalaiti tunkhalako Kuma farmers,2026-06-20T20:41:32.582840+00:00,https://www.facebook.com/share/p/1Cv97GAZLh/
844195164551003,We haven't seen power for two days here,2026-06-20T20:41:32.582843+00:00,https://www.facebook.com/share/p/1Cv97GAZLh/
1246634919988812,Okay ba Zesco Limited you are a joke that's not even funny mxxxm,2026-06-20T20:41:32.582845+00:00,https://www.facebook.com/share/p/1Cv97GAZLh/
1213752056497264,12:00 - 1205 atleast the bulb blinked today🙏,2026-06-20T20:41:32.582848+00:00,https://www.facebook.com/share/p/1Cv97GAZLh/
3911864205725331,So the 15 days was just a way of preparing us for the waste,2026-06-20T20:41:32.582850+00:00,https://www.facebook.com/share/p/1Cv97GAZLh/
420600777720942,"Ati ""schedules take effect Wednesday"" again ati ""3 October"" ukamba chani iweh? 🤣🤣🤣",2026-06-20T20:41:32.582853+00:00,https://www.facebook.com/share/p/1Cv97GAZLh/
1460986971279979,Why can't you just switch them off for good than you keep stressing people for no reason.... You have failed the nation,2026-06-20T20:41:32.582857+00:00,https://www.facebook.com/share/p/1Cv97GAZLh/
1176666836760199,You've become so foolish to an extent of failing to fulfill what you promised us and you call 3hrs stable?,2026-06-20T20:41:32.582860+00:00,https://www.facebook.com/share/p/1Cv97GAZLh/
420600777720942,Mathews Tonga Jr. Am also wondering 🤣🤣🤣,2026-06-20T20:41:32.582862+00:00,https://www.facebook.com/share/p/1Cv97GAZLh/
958142769405125,"It’s common sense that industries can manage to buy their own Gen sets and other alternative sources of power than a mere Komboni resident. Am living on K20 per day and you are busy taunting me to consider buying solar or gen set!
Allocate more hours to residential areas and markets, reduce for industries (mines inclusive) and encourage them to consider alternative sources of power.",2026-06-20T20:41:32.582866+00:00,https://www.facebook.com/share/p/1Cv97GAZLh/
8207205366024150,"We got played, and fooled. So what has even changed if we are still on 3 hours?",2026-06-20T20:41:32.582869+00:00,https://www.facebook.com/share/p/1Cv97GAZLh/
865174698928835,Atase! This is the stability you promised us?? But kwena🤧🤧🤧,2026-06-20T20:41:32.582872+00:00,https://www.facebook.com/share/p/1Cv97GAZLh/
4020407858281027,So now zesco has started making time tables for us as if it's the teacher and pupils. I feel like we are seated on the desks and the teacher is addressing us in class 🙄,2026-06-20T20:41:32.582874+00:00,https://www.facebook.com/share/p/1Cv97GAZLh/
1495100374531875,Zesco should now only have one employee who will witch on and off power since there's no much work to do there,2026-06-20T20:41:32.582877+00:00,https://www.facebook.com/share/p/1Cv97GAZLh/
1492804684761161,Vitengeni che vimalaiti vanu imwe,2026-06-20T20:41:32.582880+00:00,https://www.facebook.com/share/p/1Cv97GAZLh/
841967881446936,Not good enough.  Stress levels are too high in this kantry,2026-06-20T20:41:32.582882+00:00,https://www.facebook.com/share/p/1Cv97GAZLh/
1763062227781516,Zesco Limited we only had power for 30 minutes here in kamwala south,2026-06-20T20:41:32.582885+00:00,https://www.facebook.com/share/p/1Cv97GAZLh/
890179399251123,"Kudos Zesco you're doing well, it's just that us people don't understand the efforts you're putting in to address this disastrous power crisis. Please if possible give us power for just 1hr in 24hrs. We'll see how best we can work with it, those who don't want can as well explore other power sources corresponding to their financial muscle. 

Vizimyeeeeeeee iweeee🥵🖤🖤🖤🖤🖤🖤🖤🖤🖤🖤🖤🖤🖤🖤🖤🖤🖤🖤🖤🖤🖤🖤🖤🖤🖤🖤🖤🖤🖤🖤🖤🖤🖤🖤🖤🖤🖤🖤🖤🖤🖤🖤",2026-06-20T20:41:32.582888+00:00,https://www.facebook.com/share/p/1Cv97GAZLh/
1464374354271951,"Va zeereth! Va zee! 🥱🥱We have not hadeth power for 2days straighteth from Group E…🙄 Keep thy power,we needeth it not at this juntureth…iyi relationship ili toxic..Let’s Break Up!",2026-06-20T20:41:32.582890+00:00,https://www.facebook.com/share/p/1Cv97GAZLh/
4020407858281027,"Maseka Geofrey point mwandi

This are useless leadership",2026-06-20T20:41:32.582893+00:00,https://www.facebook.com/share/p/1Cv97GAZLh/
958142769405125,Mashata Sebby well spoken,2026-06-20T20:41:32.582895+00:00,https://www.facebook.com/share/p/1Cv97GAZLh/
958142769405125,Mashata Sebby you’re right because these so called industries and farmers consume even more power..,2026-06-20T20:41:32.582900+00:00,https://www.facebook.com/share/p/1Cv97GAZLh/
958142769405125,Mashata Sebby ahh Muli bamano Elders,2026-06-20T20:41:32.582903+00:00,https://www.facebook.com/share/p/1Cv97GAZLh/
958142769405125,Mashata Sebby  They have given mines more power with NO taxes for 5 years. Zambia kuchalo,2026-06-20T20:41:32.582906+00:00,https://www.facebook.com/share/p/1Cv97GAZLh/
958142769405125,Mashata Sebby that will call for less production and high price in manufactured commodities. Gen set consume alot of fuel and most machinery we have in Zambia are run by electrical power if we say solar adjusting to solar powered machinery which may take longer to be shipped in for continuous supply of goods meaning a great negative impact on the already crippled economy..,2026-06-20T20:41:32.582908+00:00,https://www.facebook.com/share/p/1Cv97GAZLh/
958142769405125,Mashata Sebby you are the next minister of energy fimo fimo,2026-06-20T20:41:32.582911+00:00,https://www.facebook.com/share/p/1Cv97GAZLh/
958142769405125,"that-s true mr Mashata Sebby that also means input cost, investement cost,production cost will increase which will result in high output cost,the cost of selling the products,produced by these campanies let wait for now",2026-06-20T20:41:32.582913+00:00,https://www.facebook.com/share/p/1Cv97GAZLh/
958142769405125,Natalia Phiri well noted👏. And I hope you understand where am coming from too.,2026-06-20T20:41:32.582916+00:00,https://www.facebook.com/share/p/1Cv97GAZLh/
958142769405125,Trudy Mwansa Chisanga lol boss 🤭,2026-06-20T20:41:32.582918+00:00,https://www.facebook.com/share/p/1Cv97GAZLh/
958142769405125,"Blessed Adan Mangonja sure boss. It’s the responsibility of govt to subsidize on behalf of the citizens certain costs, especially when faced with challenges. 
Let the industries provide their own power, to produce mealie meal e.g,… and let our government subsidize for us the mealie meal 🤭.",2026-06-20T20:41:32.582920+00:00,https://www.facebook.com/share/p/1Cv97GAZLh/
1018856230036237,"Twalakosa
HH mpaka 2090",2026-06-20T20:41:32.582923+00:00,https://www.facebook.com/share/p/1Cv97GAZLh/
1064385481806396,"Sure the boss even instructed the subordinates Kaya ni board ya load shedding committee to sit and come up with a 3 hour schedule even arguing which group gets 24 to 03, just wasting time putting up an extremely useless schedule.  Just leave us alone and do whatever. We moved on kudala",2026-06-20T20:41:32.582925+00:00,https://www.facebook.com/share/p/1Cv97GAZLh/
1093095268856355,We are waiting for u to specify which year of the said 1st October to stabilize loadshedding!...,2026-06-20T20:41:32.582928+00:00,https://www.facebook.com/share/p/1Cv97GAZLh/
851116133455292,"Is this what you call stable sure? Group E, power is for what at that hour ayi???  Zambia will be a punishment center soon... ""I sentence you to Zambia with hard labour.""",2026-06-20T20:41:32.582932+00:00,https://www.facebook.com/share/p/1Cv97GAZLh/
807091348033010,"Group E, let’s create a WhatsApp group to wake each other up at 24 to charge phones, iron, cook beans and just celebrate/watch electricity.",2026-06-20T20:41:32.582934+00:00,https://www.facebook.com/share/p/1Cv97GAZLh/
1354102469308281,24-03 what will I be doing that time ok this is going to be rough,2026-06-20T20:41:32.582937+00:00,https://www.facebook.com/share/p/1Cv97GAZLh/
919118116907903,"I think the question needs to be asked of Zesco management; when you announced an end to load shedding, what exactly had you taken into consideration if not the source of your supply? To go from “no load shedding” to a “normal” of 3 inhumane allocation of hours a day is abhorrent!",2026-06-20T20:41:32.582940+00:00,https://www.facebook.com/share/p/1Cv97GAZLh/
1201653761087990,"Atase but kwena mulatwangasha in this country. 3hrs nshi?? Is this now normal kutumpa uku bambuli imwe.

Not even a Power bank can charge in those hours, even a phone, laptop and other gadgets can not fully be charged.

Later on ati 24hrs to 03hrs so barbermen, boiler makers that's when they will be working? Na Diesel yakidula then talk about price of a Genset.

Chafina mweπkoπK0 mwey, awe muli nCall Coal",2026-06-20T20:41:32.582944+00:00,https://www.facebook.com/share/p/1Cv97GAZLh/
1037256991273637,"This is a joke of some kind, you guys running this company are just failures milking it further, you have run down our small businesses, it's getting bad on the ground yet you sit in those offices doing nothing to improve the situation, who can honestly use electricity at midnight? Jokers",2026-06-20T20:41:32.582947+00:00,https://www.facebook.com/share/p/1Cv97GAZLh/
1085326269775559,"Manje nivi chani ivi manje 00:00 to 03 🤦🏽‍♂️🤦🏽‍♂️🤦🏽‍♂️
This is supposed to be a bit better? Ahhhh",2026-06-20T20:41:32.582949+00:00,https://www.facebook.com/share/p/1Cv97GAZLh/
8207205366024150,Kennedy Muzyamba its from 3 days to 3 hours.  I think that's what they meant,2026-06-20T20:41:32.582953+00:00,https://www.facebook.com/share/p/1Cv97GAZLh/
8207205366024150,Kennedy Muzyamba  nothing has changed they are just playing with our minds,2026-06-20T20:41:32.582959+00:00,https://www.facebook.com/share/p/1Cv97GAZLh/
8207205366024150,Kennedy Muzyamba I can't believe we have been played like a three year old 😂,2026-06-20T20:41:32.582961+00:00,https://www.facebook.com/share/p/1Cv97GAZLh/
8207205366024150,Mercy Neta Mwambushi you think 🙄?,2026-06-20T20:41:32.582964+00:00,https://www.facebook.com/share/p/1Cv97GAZLh/
8207205366024150,"Kennedy Muzyamba lucky you who had 3hrs, us in lusaka it has been 3hrs every after 2 to 3days.",2026-06-20T20:41:32.582967+00:00,https://www.facebook.com/share/p/1Cv97GAZLh/
8207205366024150,Kennedy Muzyamba imagine,2026-06-20T20:41:32.582971+00:00,https://www.facebook.com/share/p/1Cv97GAZLh/
8207205366024150,Kennedy Muzyamba exactly my point. The 1 month  wait was for a 3 hour a day schedule?,2026-06-20T20:41:32.582973+00:00,https://www.facebook.com/share/p/1Cv97GAZLh/
8207205366024150,Kennedy Muzyamba I said it,2026-06-20T20:41:32.582976+00:00,https://www.facebook.com/share/p/1Cv97GAZLh/
8207205366024150,Kennedy Muzyamba ndise ma Imbwa,2026-06-20T20:41:32.582978+00:00,https://www.facebook.com/share/p/1Cv97GAZLh/
8207205366024150,Mercy Neta Mwambushi 3 Weeks to 3 Hours,2026-06-20T20:41:32.582981+00:00,https://www.facebook.com/share/p/1Cv97GAZLh/
890179399251123,"Gabriel Chishimba mmmmm consider even the poorest Zambian citizen who can afford those other power sources, ebuntu.",2026-06-20T20:41:32.582983+00:00,https://www.facebook.com/share/p/1Cv97GAZLh/
890179399251123,"Gabriel Chishimba wafyalwa na  gold spoon in your mouth, u can't understand the pain of people who use to put a meal on the from selling freezits, barbing, soloons nd welding.",2026-06-20T20:41:32.582986+00:00,https://www.facebook.com/share/p/1Cv97GAZLh/
890179399251123,Gabriel Chishimba this one charges people's phones using ma solar,2026-06-20T20:41:32.582988+00:00,https://www.facebook.com/share/p/1Cv97GAZLh/
890179399251123,Gabriel Chishimba what source of power can you afford to buy apa big boss,2026-06-20T20:41:32.582990+00:00,https://www.facebook.com/share/p/1Cv97GAZLh/
890179399251123,Deborah Mbewe Chinyimba Tru e😅😅,2026-06-20T20:41:32.582993+00:00,https://www.facebook.com/share/p/1Cv97GAZLh/
890179399251123,"Gabriel Chishimba 
Ba ba Chisimba nzelu mulibe.",2026-06-20T20:41:32.582995+00:00,https://www.facebook.com/share/p/1Cv97GAZLh/
890179399251123,"Gabriel Chishimba praise singers , the Choire master with the loudest voice",2026-06-20T20:41:32.582997+00:00,https://www.facebook.com/share/p/1Cv97GAZLh/
890179399251123,Noble Excellent Governor Felix wanjipaya but ine I like him 🤣🤣🤣🤣,2026-06-20T20:41:32.583000+00:00,https://www.facebook.com/share/p/1Cv97GAZLh/
890179399251123,Micah M Mbewe naiwe nzelu ulibe mbuya,2026-06-20T20:41:32.583002+00:00,https://www.facebook.com/share/p/1Cv97GAZLh/
890179399251123,Gabriel Chishimba they are not doing well at all this is poor plan,2026-06-20T20:41:32.583005+00:00,https://www.facebook.com/share/p/1Cv97GAZLh/
1201653761087990,Welcome to Zambia,2026-06-20T20:41:32.583007+00:00,https://www.facebook.com/share/p/1Cv97GAZLh/
1201653761087990,Soka Shetani balitumpa sana ati iyo stability ifyabupuba fye,2026-06-20T20:41:32.583010+00:00,https://www.facebook.com/share/p/1Cv97GAZLh/
1201653761087990,Marvelous Ilunga Mpola lelo naimwe mwalila?🤣,2026-06-20T20:41:32.583012+00:00,https://www.facebook.com/share/p/1Cv97GAZLh/
1201653761087990,Paul Bwalya awe chafina😂😂😂,2026-06-20T20:41:32.583020+00:00,https://www.facebook.com/share/p/1Cv97GAZLh/
1354102469308281,Prester Nkonde muli nobuloshi .,2026-06-20T20:41:32.583022+00:00,https://www.facebook.com/share/p/1Cv97GAZLh/
1354102469308281,Prester Nkonde my question as well what can you do at that time? Only switch on the geyser,2026-06-20T20:41:32.583025+00:00,https://www.facebook.com/share/p/1Cv97GAZLh/
1354102469308281,Prester Nkonde it’s hurting n traumatising,2026-06-20T20:41:32.583027+00:00,https://www.facebook.com/share/p/1Cv97GAZLh/
1354102469308281,Imagine waking up to iron at that time elo you're supposed to be productive at work the following day.,2026-06-20T20:41:32.583029+00:00,https://www.facebook.com/share/p/1Cv97GAZLh/
1064385481806396,"Kony Kumz 
Imagine aiii… what will we do with it at midnight?",2026-06-20T20:41:32.583032+00:00,https://www.facebook.com/share/p/1Cv97GAZLh/
1064385481806396,Kony Kumz imagine sis ayi...grown ups with degrees and PHDs....I blame the president he is too soft.,2026-06-20T20:41:32.583034+00:00,https://www.facebook.com/share/p/1Cv97GAZLh/
1064385481806396,Kony Kumz imagine!,2026-06-20T20:41:32.583037+00:00,https://www.facebook.com/share/p/1Cv97GAZLh/
1064385481806396,Mitshelle Mitchy K Katewile chani baba lelo,2026-06-20T20:41:32.583041+00:00,https://www.facebook.com/share/p/1Cv97GAZLh/
1064385481806396,Erica Mwewa pain good straight to the heart,2026-06-20T20:41:32.583045+00:00,https://www.facebook.com/share/p/1Cv97GAZLh/
1064385481806396,Kony Kumz imagine ba chita na approve lol seriously 🤣 😐 😆  zambian 🇿🇲 must work up,2026-06-20T20:41:32.583047+00:00,https://www.facebook.com/share/p/1Cv97GAZLh/
1064385481806396,Chawezi Mwale ATI approved for immediate action🤣🤣🤣,2026-06-20T20:41:32.583050+00:00,https://www.facebook.com/share/p/1Cv97GAZLh/
1064385481806396,Kony Kumz ba tota no tota 👏👏👏👏 na sitting allowance na transport allowance yah ngena no chongesa ticket ya salary lol 😆 😄  come month end fully paid 😆 😄,2026-06-20T20:41:32.583052+00:00,https://www.facebook.com/share/p/1Cv97GAZLh/
1064385481806396,Feli Lex is that a new word for you? Did you just learn it? Do you even know what it means?,2026-06-20T20:41:32.583054+00:00,https://www.facebook.com/share/p/1Cv97GAZLh/
1064385481806396,Feli Lex please ba ma motoka osa ngenela nkani ya ise ba ma Ganda. Bu pee brain uko,2026-06-20T20:41:32.583057+00:00,https://www.facebook.com/share/p/1Cv97GAZLh/
1037256991273637,"Elton PC Hambaba The failed project 😞😞 Bro 
They have failed ma sweet talkers aba",2026-06-20T20:41:32.583059+00:00,https://www.facebook.com/share/p/1Cv97GAZLh/
807091348033010,Susan J Stephens am in..,2026-06-20T20:41:32.583062+00:00,https://www.facebook.com/share/p/1Cv97GAZLh/
807091348033010,Susan J Stephens count me in,2026-06-20T20:41:32.583064+00:00,https://www.facebook.com/share/p/1Cv97GAZLh/
807091348033010,Susan J Stephens for real 🤣,2026-06-20T20:41:32.583069+00:00,https://www.facebook.com/share/p/1Cv97GAZLh/
807091348033010,Susan J Stephens u😁😁 u have killed me ma'am 😁😁,2026-06-20T20:41:32.583072+00:00,https://www.facebook.com/share/p/1Cv97GAZLh/
807091348033010,Susan J Stephens I'm in,2026-06-20T20:41:32.583074+00:00,https://www.facebook.com/share/p/1Cv97GAZLh/
807091348033010,Zainab Mohammed I am in,2026-06-20T20:41:32.583077+00:00,https://www.facebook.com/share/p/1Cv97GAZLh/
807091348033010,"Susan J Stephens, let's do it inbox your number i create",2026-06-20T20:41:32.583079+00:00,https://www.facebook.com/share/p/1Cv97GAZLh/
807091348033010,Susan J Stephens Am in,2026-06-20T20:41:32.583081+00:00,https://www.facebook.com/share/p/1Cv97GAZLh/
807091348033010,Susan J Stephens am telling you 😪,2026-06-20T20:41:32.583084+00:00,https://www.facebook.com/share/p/1Cv97GAZLh/
807091348033010,Susan J Stephens am in Sue🤣😅,2026-06-20T20:41:32.583086+00:00,https://www.facebook.com/share/p/1Cv97GAZLh/
1093095268856355,Chanda Chanda it was randomly coming pakati apa and now they have stabilized the schedule meaning now you will be knowing what time it's coming and going that's the message in the English they said,2026-06-20T20:41:32.583088+00:00,https://www.facebook.com/share/p/1Cv97GAZLh/
1093095268856355,Mulenga Adrian you are right with the explanation. In Zambia we are just too many of us who are ignorant....I wish I could remember the page where someone explained what zesco meant on load shedding stability if they import power....,2026-06-20T20:41:32.583091+00:00,https://www.facebook.com/share/p/1Cv97GAZLh/
1093095268856355,Mulenga Adrian can u explain what they are simply saying about having power for 3 hours per day,2026-06-20T20:41:32.583093+00:00,https://www.facebook.com/share/p/1Cv97GAZLh/
1093095268856355,"Chanda Chanda it should be next year, since it has not happened this year",2026-06-20T20:41:32.583096+00:00,https://www.facebook.com/share/p/1Cv97GAZLh/
1093095268856355,"Manfred Kazia Simusokwe like they said you will be having 3hrs of power till the going on power solutions start working or when water comes but recently when 1 Maamba plant was being serviced the couldn't follow the schedule coz the pressure was too much even in the 3 hours and now that it's done, they will be able to schedule the loadshedding",2026-06-20T20:41:32.583098+00:00,https://www.facebook.com/share/p/1Cv97GAZLh/
1093095268856355,Chanda Chanda what a good question,2026-06-20T20:41:32.583101+00:00,https://www.facebook.com/share/p/1Cv97GAZLh/
1093095268856355,Chanda Chanda I guess they meant 1st October 2026 😂,2026-06-20T20:41:32.583103+00:00,https://www.facebook.com/share/p/1Cv97GAZLh/
1093095268856355,"Chanda Chanda it's October 2025 my dear, elections the following year ☹️",2026-06-20T20:41:32.583105+00:00,https://www.facebook.com/share/p/1Cv97GAZLh/
8207205366024150,Nkululeko Matulula sorry..also in lsk but never experienced 24hrs without power,2026-06-20T20:41:32.583108+00:00,https://www.facebook.com/share/p/1Cv97GAZLh/
8207205366024150,"Kennedy Muzyamba us in  barastone power comes after one day,  and it only lasts for an hour",2026-06-20T20:41:32.583110+00:00,https://www.facebook.com/share/p/1Cv97GAZLh/
880439590817413,"You give us electricity from 00:00 to 03:00, then we do what with it? We use to find a missing candle 🕯? Just distribute it to other 3 residential areas and give them 4hrs instead.",2026-06-20T20:41:32.583112+00:00,https://www.facebook.com/share/p/1Cv97GAZLh/
506363162192492,"We have a serious problem at ZESCO.  This level of incompetence has continued for far too long. How do we end up with 3 hours of power per day, the same as before the availability of 300 MW from Maamba, the importation of 400 MW max, etc 🤔. Zesco Limited should be serious",2026-06-20T20:41:32.583115+00:00,https://www.facebook.com/share/p/1Cv97GAZLh/
1676940039539889,Is this the stability of power we have been hearing from Zesco management. Wow!! this is a joke. I thought we will move to 7 hours from 3 hours kanshi It's the same. I wish you just kept quiet than raising our hopes,2026-06-20T20:41:32.583117+00:00,https://www.facebook.com/share/p/1Cv97GAZLh/
404972345757790,"I don't see a reason for importing power, if we can continue to have power for three hours, this is total madness. I didn't no that this is what they meant when they where saying stable supply...",2026-06-20T20:41:32.583120+00:00,https://www.facebook.com/share/p/1Cv97GAZLh/
496921279841379,You even have energy to type schedule ya 3 hours. Kwena this is a joke 😆. Ati I went to work & made schedule ya 3 hrs power rationing.,2026-06-20T20:41:32.583123+00:00,https://www.facebook.com/share/p/1Cv97GAZLh/
566088905874675,"So we are still with 3 hours of power for residentials dispite the coming back of Maamba Coaliers and the much talked about of importation of Power?
Why not just come out in the open and tell Nation ""the whole truth and nothing but the truth"" ?",2026-06-20T20:41:32.583129+00:00,https://www.facebook.com/share/p/1Cv97GAZLh/
519598280878257,"That last part of this statement wasn't necessary cause you know others go for over 48 hours without power.
We just pray God grants us good rains this season cause these write ups aren't helping. 
Even the resilient get tired. We are tired.
With this heat we can't even drink ice cold water. May we never experience this in our lives again.",2026-06-20T20:41:32.583132+00:00,https://www.facebook.com/share/p/1Cv97GAZLh/
512809911557124,"Zesco Limited and ERB,is this what we were waiting for the entire month of September? Just 3 hours of power in a day?You should learn to keep quiet and let the work speak for it self.and the energy minister was even bringing when talking shame on you.",2026-06-20T20:41:32.583134+00:00,https://www.facebook.com/share/p/1Cv97GAZLh/
1462108041154175,"This does not align with the Minister's pronouncement. He said the load shedding will be for 17 hours effective first week of October.. Meaning consumers we will be having power for 7 hours. This three hours has always been there, the only new thing is just the timetable that ZESCO has published.",2026-06-20T20:41:32.583138+00:00,https://www.facebook.com/share/p/1Cv97GAZLh/
1198753218076537,We thought that from 1st October things will be better as in having electricity at least 5hrs to 6hrs per day but it's just the same. I don't know the better they were talking about or what they meant 🤔🤔,2026-06-20T20:41:32.583140+00:00,https://www.facebook.com/share/p/1Cv97GAZLh/
890179399251123,Gabriel Chishimba malaika 😂,2026-06-20T20:41:32.583143+00:00,https://www.facebook.com/share/p/1Cv97GAZLh/
851116133455292,"Estella Chetulo imagine,every time group E ni night shift",2026-06-20T20:41:32.583145+00:00,https://www.facebook.com/share/p/1Cv97GAZLh/
851116133455292,Estella Chetulo hehehehe I see,2026-06-20T20:41:32.583148+00:00,https://www.facebook.com/share/p/1Cv97GAZLh/
851116133455292,Estella Chetulo Imagine sure ise ma salon😭😭😭😭,2026-06-20T20:41:32.583150+00:00,https://www.facebook.com/share/p/1Cv97GAZLh/
851116133455292,Estella Chetulo last time it came around 0340,2026-06-20T20:41:32.583153+00:00,https://www.facebook.com/share/p/1Cv97GAZLh/
851116133455292,Hope Eastwoodss see this comment 😂,2026-06-20T20:41:32.583155+00:00,https://www.facebook.com/share/p/1Cv97GAZLh/
851116133455292,"Estella Chetulo imagine ai atleast  early morning  we can wash ,fetch some water and clean .zesco serious what am I doing midnight kuno ku Kamwala south those who don’t have boreholes fetch water at midnight kids girls midnight",2026-06-20T20:41:32.583157+00:00,https://www.facebook.com/share/p/1Cv97GAZLh/
851116133455292,Feli Lex how's she bitter?,2026-06-20T20:41:32.583159+00:00,https://www.facebook.com/share/p/1Cv97GAZLh/
851116133455292,"Feli Lex and you just praise for nothing 

Sometimes stand for the truth shaaa",2026-06-20T20:41:32.583162+00:00,https://www.facebook.com/share/p/1Cv97GAZLh/
851116133455292,Feli Lex ....yes am bitter!!!! Why won't I be when am being subjected to mediocracy???,2026-06-20T20:41:32.583164+00:00,https://www.facebook.com/share/p/1Cv97GAZLh/
851116133455292,Feli Lex .. let it my guy since you are God....why should my comment make you mad?,2026-06-20T20:41:32.583166+00:00,https://www.facebook.com/share/p/1Cv97GAZLh/
1464374354271951,Gracious T Kalyondo 😂😂😂😂😂 awe mwandi you can laugh when you supposed to get upset,2026-06-20T20:41:32.583169+00:00,https://www.facebook.com/share/p/1Cv97GAZLh/
1464374354271951,Mutinta Tintili 😂😂😂Batipesha aba bantu..they should just keep their power ah ma excuse deileee😂😂😂,2026-06-20T20:41:32.583171+00:00,https://www.facebook.com/share/p/1Cv97GAZLh/
1464374354271951,Gracious T Kalyondo   Elo they just announce things that are already the ground,2026-06-20T20:41:32.583175+00:00,https://www.facebook.com/share/p/1Cv97GAZLh/
1464374354271951,Gracious T Kalyondo I wanted to tag you I don't know what distracted me 😂,2026-06-20T20:41:32.583177+00:00,https://www.facebook.com/share/p/1Cv97GAZLh/
1464374354271951,Mutinta Tintili Exactly! Same story everyday..🚩🚩🚩😂,2026-06-20T20:41:32.583180+00:00,https://www.facebook.com/share/p/1Cv97GAZLh/
1464374354271951,Masapula Tembo Chipeta Awe they should stop updating😂,2026-06-20T20:41:32.583182+00:00,https://www.facebook.com/share/p/1Cv97GAZLh/
958142769405125,It can be a good but in a few months things would go sideways from bad to worse cus the economy and the cost of living would be raised higher than we’re facing now.,2026-06-20T20:41:32.583186+00:00,https://www.facebook.com/share/p/1Cv97GAZLh/
958142769405125,Mashata Sebby you have a point there,2026-06-20T20:41:32.583188+00:00,https://www.facebook.com/share/p/1Cv97GAZLh/
958142769405125,"Mashata Sebby kkkkk subsidizing mealmeal cant be a suistanable solution, atleast let the goverment have goverment farms,to be producing enough maize too feed the nation,so that the maize from farmers will be left oh targeted for export, the only things they can subsidize is fuel,using cdf money, 30million per constiuency is too much,let it be reduced to 10 million,so that the 10million multiply by the total number of constituency,which is 156,that money will be used to lower price of things on the market",2026-06-20T20:41:32.583191+00:00,https://www.facebook.com/share/p/1Cv97GAZLh/
1676940039539889,Lee Vag ati the learned people I really wonder what these guys think of us Zambians,2026-06-20T20:41:32.583193+00:00,https://www.facebook.com/share/p/1Cv97GAZLh/
1462108041154175,Able Mwambela my sediments too jus wondering,2026-06-20T20:41:32.583195+00:00,https://www.facebook.com/share/p/1Cv97GAZLh/
506363162192492,"Nayunda Wamunyima , good analysis!",2026-06-20T20:41:32.583198+00:00,https://www.facebook.com/share/p/1Cv97GAZLh/
506363162192492,"Nayunda Wamunyima your majesty, bweshenimo umutima",2026-06-20T20:41:32.583200+00:00,https://www.facebook.com/share/p/1Cv97GAZLh/
506363162192492,"Chisenga Suleiman Kasolo people should earn their salaries. Right now, ZESCO are getting free money at the expense of the tax payers.",2026-06-20T20:41:32.583202+00:00,https://www.facebook.com/share/p/1Cv97GAZLh/
506363162192492,Nayunda Wamunyima  im confused...can someone wake me up......God have mercy on us,2026-06-20T20:41:32.583205+00:00,https://www.facebook.com/share/p/1Cv97GAZLh/
404972345757790,"Dargly Chibwe even @ the hospital when a doctor say,the situation is stable just know the situation na same same,nimu new dawn boi",2026-06-20T20:41:32.583207+00:00,https://www.facebook.com/share/p/1Cv97GAZLh/
404972345757790,Dargly Chibwe imagine ai,2026-06-20T20:41:32.583211+00:00,https://www.facebook.com/share/p/1Cv97GAZLh/
451194920685373,This is the improvement they promised zambia people?,2026-06-20T20:41:32.583213+00:00,https://www.facebook.com/share/p/1Cv97GAZLh/
1242573350102183,"Even drafting a timetable for the 3 hours supply?
You should have just kept quiet and ignored what the minister Said under pressure from Costa.",2026-06-20T20:41:32.583215+00:00,https://www.facebook.com/share/p/1Cv97GAZLh/
9109257635755225,You should t have even posted this rubbish  otherwise we are using seating in the dark,2026-06-20T20:41:32.583217+00:00,https://www.facebook.com/share/p/1Cv97GAZLh/
1250069156002665,Group E always has the worst schedule. What are we supposed to do with power from Mid-night to 03?,2026-06-20T20:41:32.583220+00:00,https://www.facebook.com/share/p/1Cv97GAZLh/
1170215497417996,This is embarrassing Zesco Limited  ..after all those unnecessary announcements of power improving and 2months of maintenance..this is the best you can do,2026-06-20T20:41:32.583222+00:00,https://www.facebook.com/share/p/1Cv97GAZLh/
928730689070139,Group E tinalakwa chani mulungu wanga sure? You are now openly telling us we are witches and wizards.,2026-06-20T20:41:32.583224+00:00,https://www.facebook.com/share/p/1Cv97GAZLh/
906324284760959,You promised that come 1st October power will stabilize .... Honestly is this the stability you were talking about?? Awe zesco you play too much and taking citizens for granted,2026-06-20T20:41:32.583227+00:00,https://www.facebook.com/share/p/1Cv97GAZLh/
1198520671491711,What difference has the same power you ve imported nd the Mega watts you ve sourced from maamba made..........close ZESCO its so useless its not serving its purpose,2026-06-20T20:41:32.583229+00:00,https://www.facebook.com/share/p/1Cv97GAZLh/
925974862884776,"Which fault, coz the whole Zesco is all a fault,, and you want us to report a fault to a fault",2026-06-20T20:41:32.583231+00:00,https://www.facebook.com/share/p/1Cv97GAZLh/
1285478359500648,"3 days of completely no power honestly? Chilenje south, Lazymens area.  ZESCO is there a fault in this area because this is too much.",2026-06-20T20:41:32.583233+00:00,https://www.facebook.com/share/p/1Cv97GAZLh/
807091348033010,Susan J Stephens am in 😂😂,2026-06-20T20:41:32.583236+00:00,https://www.facebook.com/share/p/1Cv97GAZLh/
807091348033010,Susan J Stephens have people sent numbers??? please let's create this group,2026-06-20T20:41:32.583238+00:00,https://www.facebook.com/share/p/1Cv97GAZLh/
807091348033010,Susan J Stephens  Share link please because ine I can't manage,2026-06-20T20:41:32.583240+00:00,https://www.facebook.com/share/p/1Cv97GAZLh/
880439590817413,Wiza Simuchimba exactly my thought power comes kuma 01 really what do you do with it aiiii ba Zesco Limited you can do better,2026-06-20T20:41:32.583242+00:00,https://www.facebook.com/share/p/1Cv97GAZLh/
880439590817413,Wiza Simuchimba ala mwandi kuti wapapa. .... Elo Whoever suggested midnight to 03 is not serious,2026-06-20T20:41:32.583245+00:00,https://www.facebook.com/share/p/1Cv97GAZLh/
880439590817413,"So The whole of Zesco Management sat to deliberate on the hours.... And came up with midnight to 03🤔, bafolelapo na sitting allowance.",2026-06-20T20:41:32.583247+00:00,https://www.facebook.com/share/p/1Cv97GAZLh/
880439590817413,Monde Naomi Havuluma But it's rotational,2026-06-20T20:41:32.583249+00:00,https://www.facebook.com/share/p/1Cv97GAZLh/
880439590817413,Daniel Kapandula Mweene aaaah,2026-06-20T20:41:32.583251+00:00,https://www.facebook.com/share/p/1Cv97GAZLh/
880439590817413,Wiza Simuchimba I swear this is so unbearable 😭😭😭,2026-06-20T20:41:32.583258+00:00,https://www.facebook.com/share/p/1Cv97GAZLh/
880439590817413,Wiza Simuchimba 🤣🤣,2026-06-20T20:41:32.583261+00:00,https://www.facebook.com/share/p/1Cv97GAZLh/
851116133455292,Feli Lex who wouldn't be bitter with 3 hours of electricity? Are you okay ba Feli?,2026-06-20T20:41:32.583263+00:00,https://www.facebook.com/share/p/1Cv97GAZLh/
9109257635755225,Tiyeko Muyunji Rosemary Mwase a bunch of clowns,2026-06-20T20:41:32.583265+00:00,https://www.facebook.com/share/p/1Cv97GAZLh/
1198520671491711,Christine none at all!,2026-06-20T20:41:32.583268+00:00,https://www.facebook.com/share/p/1Cv97GAZLh/
1285478359500648,Chilufya Chanda Thawe it's everywhere my dearest,2026-06-20T20:41:32.583270+00:00,https://www.facebook.com/share/p/1Cv97GAZLh/
1285478359500648,"Alice Mwenya no it's not everywhere, other areas have been having power.",2026-06-20T20:41:32.583272+00:00,https://www.facebook.com/share/p/1Cv97GAZLh/
1250069156002665,Constance Chibuye sure we should be ironing clothes at midnight,2026-06-20T20:41:32.583275+00:00,https://www.facebook.com/share/p/1Cv97GAZLh/
928730689070139,Flavia Mwenzi Phiri imagine sure everytime it's us power coming in the night,2026-06-20T20:41:32.583277+00:00,https://www.facebook.com/share/p/1Cv97GAZLh/
928730689070139,Flavia Mwenzi Phiri tiyeni che tiba lowe be ZESCO pa last 😅ine I am tired,2026-06-20T20:41:32.583279+00:00,https://www.facebook.com/share/p/1Cv97GAZLh/
928730689070139,Mwewa Kashell Mwaba ayamu tayadi too. I literally ran away from my rented apartment. Mudima everyday. Nayo ma nyumba yavuta kupeza,2026-06-20T20:41:32.583282+00:00,https://www.facebook.com/share/p/1Cv97GAZLh/
928730689070139,Flavia Mwenzi Phiri I know what you mean.,2026-06-20T20:41:32.583284+00:00,https://www.facebook.com/share/p/1Cv97GAZLh/
928730689070139,Mwewa Kashell Mwaba it's frustrating 😑,2026-06-20T20:41:32.583286+00:00,https://www.facebook.com/share/p/1Cv97GAZLh/
1084462483195353,"Is it that you people think we are dull or you're just playing naive? Before your routine maintenance at maamba collieries, you announced load shedding of UpTo 17 hours which got interrupted by your maintenance, that's why you announced that we will only be having supply of 3 hours until things normalize on 1 October. Come the day, you people want to maintain the 3 hours instead of cutting supply for the scheduled 17 hours before the maintenance. Seriously, elo this your timetable if you won't follow it and it happens I am baking you cut before time, I tell you, I'll come to your office and you'll refund me.😡",2026-06-20T20:41:32.583291+00:00,https://www.facebook.com/share/p/1Cv97GAZLh/
1246213213250298,"So this is stable? Let's sale this country and share the money . This is nosense. From 2 hrs to 3 hrs ATI stable? Sale to Elon musk, then we share the money . Everybody goes were they want.",2026-06-20T20:41:32.583294+00:00,https://www.facebook.com/share/p/1Cv97GAZLh/
1036372294614865,"3 hours of power only mu country sure, ati iyo tuleteka! 2026 voter's card isebenze please!",2026-06-20T20:41:32.583296+00:00,https://www.facebook.com/share/p/1Cv97GAZLh/
1196126074773508,"We need a schedule for Kitwe,we are not all  residents of Lusaka.",2026-06-20T20:41:32.583298+00:00,https://www.facebook.com/share/p/1Cv97GAZLh/
882125813911804,So you bring power at 24 and switch of at 03?Are we witches to stay up awake during that time....be serious,2026-06-20T20:41:32.583301+00:00,https://www.facebook.com/share/p/1Cv97GAZLh/
385043538016882,"Then there is no improvement, no need of getting 400megawatt because nothing has changed. Stop even posting your Schedule there no difference we are used",2026-06-20T20:41:32.583305+00:00,https://www.facebook.com/share/p/1Cv97GAZLh/
901209128559441,Why do we need power from 24:00 to 03:00,2026-06-20T20:41:32.583307+00:00,https://www.facebook.com/share/p/1Cv97GAZLh/
1191499471964636,"Why was the entire MD and Minister of Energy giving speeches like some significant improvements were going to happen.? You should've just kept quiet this is a joke to say the list. All those headlines in the press giving people hope only to be told we are going to ""enjoy"" 3 hours of electricity? 🤦🏿🤦🏿",2026-06-20T20:41:32.583309+00:00,https://www.facebook.com/share/p/1Cv97GAZLh/
853539713619064,We are on 3 hours and yet you are saying starting from today you'll be giving us 3hrs of power then what are you doing. Let's just wait for the rains don't confuse us.,2026-06-20T20:41:32.583312+00:00,https://www.facebook.com/share/p/1Cv97GAZLh/
950199157151460,"Please don't do this thing for groups n specific timings? I think we're getting used to the current timings...  unlike this for groups where if we don't have for extended periods when we enquire we're ever told that we are following timing of the wrong group, the things I have to say regarding or repeating the responses we've recieved,  it's a sad thing",2026-06-20T20:41:32.583314+00:00,https://www.facebook.com/share/p/1Cv97GAZLh/
882125813911804,Moffat Nel Mudenda 🤣🤣🤣🤣🤣🤣u have me laughing in slow motion,2026-06-20T20:41:32.583316+00:00,https://www.facebook.com/share/p/1Cv97GAZLh/
882125813911804,Moffat Nel Mudenda totally ridiculous.,2026-06-20T20:41:32.583319+00:00,https://www.facebook.com/share/p/1Cv97GAZLh/
882125813911804,Moffat Nel Mudenda imagine what can we do at 24hrs,2026-06-20T20:41:32.583321+00:00,https://www.facebook.com/share/p/1Cv97GAZLh/
853539713619064,Vuuse Mungaga nice DP 😊,2026-06-20T20:41:32.583323+00:00,https://www.facebook.com/share/p/1Cv97GAZLh/
853539713619064,Chabo Ta thanks lol,2026-06-20T20:41:32.583326+00:00,https://www.facebook.com/share/p/1Cv97GAZLh/
853539713619064,Vuuse Mungaga They lied again...,2026-06-20T20:41:32.583328+00:00,https://www.facebook.com/share/p/1Cv97GAZLh/
950199157151460,"As mentioned,  power came and went twice during the night within the given 3 hours, we dont even have power now... what stability is this? I woke up to the smell of a burning cable",2026-06-20T20:41:32.583330+00:00,https://www.facebook.com/share/p/1Cv97GAZLh/
1047142153559111,Are these schedules changing on a weekly basis?  We cannot survive with power only from 24 hrs to 03 hrs for the foreseeable future.,2026-06-20T20:41:32.583332+00:00,https://www.facebook.com/share/p/1Cv97GAZLh/
1076865154013169,"My area has had no power for 3 days, I call ZESCO and they tell me to wait for power what's that honestly",2026-06-20T20:41:32.583335+00:00,https://www.facebook.com/share/p/1Cv97GAZLh/
1052945053170961,Increase the tarrif and import electricity and let people have electricity. This is unacceptable and it's affecting people's lives very negatively,2026-06-20T20:41:32.583337+00:00,https://www.facebook.com/share/p/1Cv97GAZLh/
755024906748125,Zesco  stop this rubbish.  Can you start rotation  in Nkwazi  overspill Ndola. 5 months on fixed  timetable   lights only comes after 01 and goes 3/4. Who will be up on this time. Somewhere else there enjoying.  We can't  afford  solar come 2026 will be voting  according to what we're seeing no need of people  coming  to tell us lies.,2026-06-20T20:41:32.583339+00:00,https://www.facebook.com/share/p/1Cv97GAZLh/
1236182667430092,"But zoona, after giving us hope that October things will stabilise, kanshi u are giving us the same 3 hours that u failed to maintain/follow. On my part I thought it would 12 hours of plenty of power and 12 hours of black out, but nuh..Ishhh.",2026-06-20T20:41:32.583341+00:00,https://www.facebook.com/share/p/1Cv97GAZLh/
1638738503353870,"So after the fuss and statements and press briefings, only to have power for 3 hours 🙄 oh my...",2026-06-20T20:41:32.583345+00:00,https://www.facebook.com/share/p/1Cv97GAZLh/
509915288589240,So when Mamba was under going maintenance in September we where subjected to 3 hrs loadshedding daily know with mamba at full operations plus imports form  SA and we are still in 3 hrs of power. Things don't add up. It's incompetence at it's highest level.,2026-06-20T20:41:32.583348+00:00,https://www.facebook.com/share/p/1Cv97GAZLh/
890124622628496,in Chilenje south kalomo road we have no power since Sunday  it only came today at 16:hrs for less than 10minutes and went  so what is zesco saying  stops fooling people,2026-06-20T20:41:32.583350+00:00,https://www.facebook.com/share/p/1Cv97GAZLh/
832210558868472,"What nonsense is this, like we have nothing to all day, can you please rethink your stupid schedules, who will be waiting for power around that time. You can’t be switching on power ku 01 kwati ndise fwiti futi… I know you are useless but be reasonable in your timing no switching on power between 22 to 05 or 08 to 16… we go for work for crying out loud…",2026-06-20T20:41:32.583352+00:00,https://www.facebook.com/share/p/1Cv97GAZLh/
457696760614575,"We have been in group E for the past 1 month, even witches know us now. We wake up to draw water and prepare uniforms for work and school when others are sleeping. Awe this is just too much",2026-06-20T20:41:32.583355+00:00,https://www.facebook.com/share/p/1Cv97GAZLh/
1191499471964636,Francis Musamba Nkhoma vazee che,2026-06-20T20:41:32.583357+00:00,https://www.facebook.com/share/p/1Cv97GAZLh/
1191499471964636,Francis Musamba Nkhoma FIRST IT WAS DISCUSSED DURING THEIR CABINET MEETING AND THEN DELIVERED TO THE PUBLIC. AND WE ALL KNOW WHO IS THE HEAD OF CABINET,2026-06-20T20:41:32.583359+00:00,https://www.facebook.com/share/p/1Cv97GAZLh/
901209128559441,Donald Tembo 😂😂😂😂awe you can ask,2026-06-20T20:41:32.583361+00:00,https://www.facebook.com/share/p/1Cv97GAZLh/
901209128559441,Tolopa M Jurat Imagine,2026-06-20T20:41:32.583364+00:00,https://www.facebook.com/share/p/1Cv97GAZLh/
901209128559441,Donald Tembo have really laughed.....you sleep without power and wake up without power,2026-06-20T20:41:32.583367+00:00,https://www.facebook.com/share/p/1Cv97GAZLh/
901209128559441,Donald Tembo to see where the chemba is placed🤣🤣🤣,2026-06-20T20:41:32.583370+00:00,https://www.facebook.com/share/p/1Cv97GAZLh/
901209128559441,Daniel Mwanza Imagine ayi,2026-06-20T20:41:32.583372+00:00,https://www.facebook.com/share/p/1Cv97GAZLh/
509915288589240,Lase Mwachisakulo the formula Zesco is using is not in any syllabus found on earth I suspect astronauts came with it from jupter,2026-06-20T20:41:32.583374+00:00,https://www.facebook.com/share/p/1Cv97GAZLh/
509915288589240,Geofrey Chimanda 🤣🤣🤣🤣🤣🤣,2026-06-20T20:41:32.583377+00:00,https://www.facebook.com/share/p/1Cv97GAZLh/
509915288589240,Lase Mwachisakulo 😂😂,2026-06-20T20:41:32.583379+00:00,https://www.facebook.com/share/p/1Cv97GAZLh/
1052945053170961,"Paul Ngonde Lukama Before increasing the tariff, can we be made to understand how much ZESCO makes, how much they spend on administrative costs and what their plan is. If truelly ZESCO is a loss making company, why are ZESCO employs among the most well renumeration workers? This idea of thinking more money solves management problems does not help the country. We keep talking about cost reflective tariff, ask how much electricity is in North Africa, a desert, its way cheaper. What we need is good management and remove the political hand from ZESCO. ZESCO has always been a cash cow for politicians and more recently (starting from PF Government), NAPSA is also becoming a cash cow. The deal with the real problems not imaginary ones",2026-06-20T20:41:32.583381+00:00,https://www.facebook.com/share/p/1Cv97GAZLh/
1052945053170961,Collins Chanda it's a total mess bru,2026-06-20T20:41:32.583383+00:00,https://www.facebook.com/share/p/1Cv97GAZLh/
1052945053170961,"Paul Ngonde Lukama Exactly and more money will nor solve it. Tariffs get to be increased in every regime yet things get worse. Already the budget for next year is very gloomy for an ordinary Zambian, how much more do we want to squeeze them?",2026-06-20T20:41:32.583386+00:00,https://www.facebook.com/share/p/1Cv97GAZLh/
1047142153559111,"Maryann Franks it's beyond a joke, hope you are doing ok, message me if you ever need anything",2026-06-20T20:41:32.583388+00:00,https://www.facebook.com/share/p/1Cv97GAZLh/
2269644953433951,The good part I like with zesco is that to them this is stabilizing of power,2026-06-20T20:41:32.583390+00:00,https://www.facebook.com/share/p/1Cv97GAZLh/
838247315137285,Always shift the goal post. You already announced this in September and i am surprised you are again announcing it. The minister of energy communicated something else contrary to what you are talking about. Please consult each before you come to the public,2026-06-20T20:41:32.583393+00:00,https://www.facebook.com/share/p/1Cv97GAZLh/
1691605448079726,I have been in Lusaka for almost 3 weeks and have never seen power at home. Patiently waiting for 2026😝,2026-06-20T20:41:32.583396+00:00,https://www.facebook.com/share/p/1Cv97GAZLh/
1776953126445489,So basically we'll still not have power because you will be bringing power at ungodly hours. Anyway we are even used now.,2026-06-20T20:41:32.583398+00:00,https://www.facebook.com/share/p/1Cv97GAZLh/
832105195751637,"Is this the stability you were making noise about?🤣🤣🤣...we really will need therapy after all this over ndafya tachiona mwandi,dropping tears of joy at the sight of cold water to drink uhmmm ..",2026-06-20T20:41:32.583400+00:00,https://www.facebook.com/share/p/1Cv97GAZLh/
518678517458127,"Ba Zesco Limited  are a serious let down mwandi, haaaaaaa this is the hope you want to give us ai. 3 hrs for residential is supposed to do what for us ai, elo you same ones won't even be following theses stupid schedules ai.mxxxzzm",2026-06-20T20:41:32.583403+00:00,https://www.facebook.com/share/p/1Cv97GAZLh/
1077996387191257,So we are supposed to go outside at midnight to turn on the pump when it is no longer safe for us. Our electric fences don't work anymore. Awe ba ZESCO. Umumgulu WA so muleke,2026-06-20T20:41:32.583405+00:00,https://www.facebook.com/share/p/1Cv97GAZLh/
563119976377813,What rubbish 24hrs to 03 what’s the power for then??,2026-06-20T20:41:32.583407+00:00,https://www.facebook.com/share/p/1Cv97GAZLh/
856562380018486,But we have had 2 to 3hrs of power for some time now…not making sense,2026-06-20T20:41:32.583410+00:00,https://www.facebook.com/share/p/1Cv97GAZLh/
574783971566588,You have said that if customers have not received power in 24hrs they should report but what about if we have excessive hours of power should we report also,2026-06-20T20:41:32.583412+00:00,https://www.facebook.com/share/p/1Cv97GAZLh/
1691605448079726,Charlie Jr Carlos Tembo welcome to mongu iwe next week 🤣🤣🤣,2026-06-20T20:41:32.583414+00:00,https://www.facebook.com/share/p/1Cv97GAZLh/
1244428236983552,This is unacceptable we will be getting 300 from maamba and importing 500 making it 800 but we only be getting three hours  per day ? Mr President  make this make sense,2026-06-20T20:41:32.583417+00:00,https://www.facebook.com/share/p/1Cv97GAZLh/
563104089600203,"Why do you keep updating the public when you don’t even follow the timeline, eg Rhodespark doesn’t have power for days and when it’s restored it’s less than three hours 
Stop wasting your bundles and ours mxxxxxxxxxxxm 😤😤😤😤😡😡😡",2026-06-20T20:41:32.583419+00:00,https://www.facebook.com/share/p/1Cv97GAZLh/
1728395714667226,U don’t have brains ba zesco the country on normal basis it’s 750 mgw and now you have currently 400 mgw and you give people 3hrs and you think people are of the nation are too dumb for you,2026-06-20T20:41:32.583421+00:00,https://www.facebook.com/share/p/1Cv97GAZLh/
3457293421231217,A whole press conference was called just for customers to receive 3 hours of power at awkward hours. Stand up comedy.,2026-06-20T20:41:32.583424+00:00,https://www.facebook.com/share/p/1Cv97GAZLh/
1581010249505049,"Nanga 06-09hrs and 19-22hrs ina lakwa chani..because that timetable for residential areas is giving us nothing, I wonder who planned that..SMH",2026-06-20T20:41:32.583426+00:00,https://www.facebook.com/share/p/1Cv97GAZLh/
508895165447192,Connecting power in the most useless hours of the day for Residentials is equivalent to no Power at all.... 🤦‍♂️ so that we what with power from 10 to 13hrs 🤌🤌?? 17 to 22hrs would have made a bit more sense.... 400 mega something down the drain . No difference et al,2026-06-20T20:41:32.583431+00:00,https://www.facebook.com/share/p/1Cv97GAZLh/
1041242257441372,"Very useless company indeed.
If I may ask, how many hours was being supplied the previous month of September, coz I thought it was already 3 hours.
Now which stability was being talked about.",2026-06-20T20:41:32.583434+00:00,https://www.facebook.com/share/p/1Cv97GAZLh/
1210435460175500,It's so unfortunately for us since Sunday we haven't yet seen power for 4 Days now we don't know whether this timetable is working accordingly or not. Just concerned am having hard times to understand the term 3-hours stability supply of power if it's the right word to use....,2026-06-20T20:41:32.583436+00:00,https://www.facebook.com/share/p/1Cv97GAZLh/
512977621524991,So what is new ba ZESCO?at least ka 6 hrs would have made sense.,2026-06-20T20:41:32.583439+00:00,https://www.facebook.com/share/p/1Cv97GAZLh/
8359233627524528,"Ba ZESCO should not get full salary pa month end because clearly they are telling us they will only be working for 3hrs . 

I mean, what will they be doing for the rest of the hours ?",2026-06-20T20:41:32.583441+00:00,https://www.facebook.com/share/p/1Cv97GAZLh/
1728395714667226,"Gabriel Sean Sumaili Jr. Yalipita 1000mw apa nomba,",2026-06-20T20:41:32.583443+00:00,https://www.facebook.com/share/p/1Cv97GAZLh/
1728395714667226,Frank Gee 🤣🤣🤣🤣🤣 I swear mbuzi zabanthu ishi,2026-06-20T20:41:32.583447+00:00,https://www.facebook.com/share/p/1Cv97GAZLh/
512977621524991,Dineo Karen you know...,2026-06-20T20:41:32.583449+00:00,https://www.facebook.com/share/p/1Cv97GAZLh/
1072713587703648,Zesco Limited kindly reproduce the spreadsheet for groups. We have lost track of our groups sir/madam. The groups have lost meaning as at present.,2026-06-20T20:41:32.583452+00:00,https://www.facebook.com/share/p/1Cv97GAZLh/
563949529398985,"Me as a Zambian citizen, there is nothing I can say…. In that 3hrs…. My phone and pc will be charged 😂😂😂😂😂😂😂… even cook soya pieces pa last😫😫😫😫😫",2026-06-20T20:41:32.583454+00:00,https://www.facebook.com/share/p/1Cv97GAZLh/
1558742851734596,So what do the group E members do with power at 24:00 hours - 03 hours!! Ninshii tulindoshiiiii Zesco Limited! You would have created that schedule in a such a way that you allow everyone to have access to power between 6 and 22 hours.,2026-06-20T20:41:32.583456+00:00,https://www.facebook.com/share/p/1Cv97GAZLh/
783967233759443,So this is the stable you were talking and I saw some people were even singing national anthem and busy mentioning the name of the president that is working hard as if it's something sensible.... Why can't you just say Takangiwa in Hon Garry Nkombo's voice Takangiwa unlike these madongo dongo,2026-06-20T20:41:32.583459+00:00,https://www.facebook.com/share/p/1Cv97GAZLh/
528561336436034,I listened to that briefing and I realised that my country has NO LEADERSHIP.  The president and the minister who did the speech together with everyone on that panel must resign on moral grounds.  Everyone who sat there and clapped must slap themselves. We are really a docile people.  😞😪😪😪.,2026-06-20T20:41:32.583461+00:00,https://www.facebook.com/share/p/1Cv97GAZLh/
536181802295761,"You initially proposed an increment in tariffs so that you import and now you have proposed a reduction. Promises from the head to the toes.
What a life. 
Always doing the opposite of what you say.",2026-06-20T20:41:32.583463+00:00,https://www.facebook.com/share/p/1Cv97GAZLh/
553686270397537,Here it's agony today... Power came yesterday around 22:00 and went at 07:30. 09:30 power was restored till now we still have power,2026-06-20T20:41:32.583466+00:00,https://www.facebook.com/share/p/1Cv97GAZLh/
418103374308192,One of the foolish updates I have heard today. Which one October you said you will end loadsheding?  Awe imbwa ndise for keeping hope's on you. Dead project. Please go for an industry break and close your officers. Va zee ala.,2026-06-20T20:41:32.583468+00:00,https://www.facebook.com/share/p/1Cv97GAZLh/
524806366833946,Our hosptal is load shaded everyday despite making communication with your public relation team to exempt it. Kwwf,2026-06-20T20:41:32.583470+00:00,https://www.facebook.com/share/p/1Cv97GAZLh/
836337398695683,Don't tell us just do what you want we care less.  You won't even? follow the schedule.,2026-06-20T20:41:32.583473+00:00,https://www.facebook.com/share/p/1Cv97GAZLh/
783967233759443,Enock Banda 🤣🤣🤣🤣🤣🤣 as simple as that,2026-06-20T20:41:32.583475+00:00,https://www.facebook.com/share/p/1Cv97GAZLh/
783967233759443,Phillimon Junior Musachi exactly kuchila kunama bantu all the time...,2026-06-20T20:41:32.583477+00:00,https://www.facebook.com/share/p/1Cv97GAZLh/
783967233759443,Enock Banda ati 10 to 13 when power goes at 6 comes the other day 18hrs,2026-06-20T20:41:32.583479+00:00,https://www.facebook.com/share/p/1Cv97GAZLh/
783967233759443,Phillimon Junior Musachi Vikakanga vakanga no two ways and those who praise I don't know ngati Bali bwino or not cause hmmmm it's too much,2026-06-20T20:41:32.583482+00:00,https://www.facebook.com/share/p/1Cv97GAZLh/
524806366833946,"Bwalya Lufungulo how do you conduct ama deliveries
Awe Zesco posako amano
🤔🤔",2026-06-20T20:41:32.583484+00:00,https://www.facebook.com/share/p/1Cv97GAZLh/
528561336436034,Ngosa Chai Jemachi they think we are desperate for power ei,2026-06-20T20:41:32.583486+00:00,https://www.facebook.com/share/p/1Cv97GAZLh/
1558742851734596,"Kelvis Chit's Musonda 
Bunching everyone in that period would overload the system.
They're doing everything possible but we also need to adjust to the current situation mune.",2026-06-20T20:41:32.583489+00:00,https://www.facebook.com/share/p/1Cv97GAZLh/
1558742851734596,"Petr Besa ba Besa, we have already sacrificed 21 hours, having power between 01 and 05 is tantamount to sacrificing 24 hours. Cause what do you do with power at that time. I understand it’s called load management, but I mean they are already cutting power for 21 hours to manage the load. I think splicing this three hours just to ensure people have access to power at the time they could find it useful would be great",2026-06-20T20:41:32.583491+00:00,https://www.facebook.com/share/p/1Cv97GAZLh/
1072713587703648,Kelyson Mang'ola Zesco PR and their MD 🤔🤔🤔🙆🙅,2026-06-20T20:41:32.583493+00:00,https://www.facebook.com/share/p/1Cv97GAZLh/
1072713587703648,Michelo Joseph correct.,2026-06-20T20:41:32.583496+00:00,https://www.facebook.com/share/p/1Cv97GAZLh/
887467009989212,"At this point in time i doubt if this will even be true or possible, a whole Minister lied on tv unless he was speaking on matters he lacks competence in.",2026-06-20T20:41:32.583498+00:00,https://www.facebook.com/share/p/1Cv97GAZLh/
3396926853935962,Zesco can teach you how to insult it seems they have an enemy or ex in group E,2026-06-20T20:41:32.583502+00:00,https://www.facebook.com/share/p/1Cv97GAZLh/
1590117018602894,"We appreciate your efforts ba Zesco Limited amidst the storm, you're standing tall tirelessly. May it rain heavily so that your good works will be shown by everyone.",2026-06-20T20:41:32.583504+00:00,https://www.facebook.com/share/p/1Cv97GAZLh/
1199230334693940,Same old story just on a different day. Thought you are reducing the number of load shedding hours .,2026-06-20T20:41:32.583506+00:00,https://www.facebook.com/share/p/1Cv97GAZLh/
1579095093030596,You were not supposed to depend on water for electricity in the beginning knowing fully well it’s a landlocked country 😭😭😭😭🤦🏾‍♀️🤦🏾‍♀️🤦🏾‍♀️🤦🏾‍♀️,2026-06-20T20:41:32.583509+00:00,https://www.facebook.com/share/p/1Cv97GAZLh/
2216673018696203,"But even when Maamba was on Mantainance, it was three hours? What is going on imwe ayi! Stop tempting our temporary temper on this Subject! We expected 6hrs of lights on!!! 400 is quite huge! If we may ask, how many megawatts does Lusaka Consume alone?",2026-06-20T20:41:32.583511+00:00,https://www.facebook.com/share/p/1Cv97GAZLh/
545624321378045,"U gave 3 hrs bcoz of mamba maintainance,  now that mamba as bn restored to full capacity,  why are you guys playing with people's mind? Fishimyenifye twanaka,  u think everyone can afford to buy solar worth K50, 000? U jokers,  some of us we will not b reporting anything, muleshimyafye capwa 🙏🙏🙏🙏",2026-06-20T20:41:32.583513+00:00,https://www.facebook.com/share/p/1Cv97GAZLh/
1663711887818549,Vaupuba che... where is the 400mw you're importing and the much talked about mamba 3000mw? So that useless minister was just saying things and the opposite is happening,2026-06-20T20:41:32.583516+00:00,https://www.facebook.com/share/p/1Cv97GAZLh/
2717078595167447,And what happens to that welder who needs to feed his family 🥺24hrs to 03:hrs,2026-06-20T20:41:32.583518+00:00,https://www.facebook.com/share/p/1Cv97GAZLh/
541049748464792,"You promised us that starting from 1st October power will stabilize , so is this what you meant ?? Coz honestly things have gotten worse now. And plz stop promising people things you cannot manage we don't need your false promises.",2026-06-20T20:41:32.583520+00:00,https://www.facebook.com/share/p/1Cv97GAZLh/
2216673018696203,Royd Kanyungu Boi these chaps are useless. In my area it doesn't even come for 3 to 4 days and when it comes it's only 1 hr 45mins.,2026-06-20T20:41:32.583524+00:00,https://www.facebook.com/share/p/1Cv97GAZLh/
2216673018696203,Maclan Siambilu boi Zesco is done,2026-06-20T20:41:32.583527+00:00,https://www.facebook.com/share/p/1Cv97GAZLh/
1195076778383619,A grade 3 school drop out is asking that does this apply in Ndola or it's just Lusaka,2026-06-20T20:41:32.583529+00:00,https://www.facebook.com/share/p/1Cv97GAZLh/
513836767949976,"You told us that you will stabilized power and you will increase supply from 3 to more you told us about maamba Corries megga watts you promised us that from starting today will have power, my question is why did you have that press briefing were you mocking us or what, you are the worst management ever",2026-06-20T20:41:32.583531+00:00,https://www.facebook.com/share/p/1Cv97GAZLh/
1523971754908595,"Nga mwachiisunga fye 3 hours yenu iyo... Your services are by far the most Lousiest and disappointing,... How pathetic!",2026-06-20T20:41:32.583534+00:00,https://www.facebook.com/share/p/1Cv97GAZLh/
411363221999347,We sympathise with you thanks for the transparency 🙌🏾,2026-06-20T20:41:32.583536+00:00,https://www.facebook.com/share/p/1Cv97GAZLh/
557392640055746,"Mr Hakainde Hichilema , Zesco Limited is de-compaigning you sir.
Their promises are not true and as citizens we are angry. They promised us stable power supply, that is 3 hours per day. But as I'm typing, power came at Half past midnight, instead of midnight, and it has gone at 02:12am. That is exactly 1 hour and 42 minutes. 
In as much as we want to support this institution, they have made us to question their management.
Help us sir.
We have lost a lot of resources during this situation.",2026-06-20T20:41:32.583538+00:00,https://www.facebook.com/share/p/1Cv97GAZLh/
416899997778816,"Stop raising people's hopes, last month you were busy announcing how loadsheding was going to reduce in October today you are saying something different... For now just keep quiet",2026-06-20T20:41:32.583541+00:00,https://www.facebook.com/share/p/1Cv97GAZLh/
1088001716249717,Here in chirundu once power cuts even water it's automatic mwebantu Zesco Limited please kuno with the heat at 41 degrees we shall die we cry for me elderly and babies who can not defend themselves or speak Hakainde Hichilema help us here it's been so far 1 month without water and when we say it's hot we mean it,2026-06-20T20:41:32.583543+00:00,https://www.facebook.com/share/p/1Cv97GAZLh/
441218815638092,But isn’t this the same schedule we have been having,2026-06-20T20:41:32.583545+00:00,https://www.facebook.com/share/p/1Cv97GAZLh/
1043768537239482,"Foolishness is blaming HH for this, while Lungu and his administration used to loot mukula tree!  Lungu messed with climate! Deforestation! And here comes an idiot blaming HH for the current situation 🙄",2026-06-20T20:41:32.583548+00:00,https://www.facebook.com/share/p/1Cv97GAZLh/
525005757197715,"So this what the President hosted a meeting for at statehouse a few days ago,they even drunk mineral water for🤣🤣🤣🤣🤣,and this is all the MD sitting on a 300pin salary was making allowances for in public appearances.... I swear we're all jokers as a nation.",2026-06-20T20:41:32.583550+00:00,https://www.facebook.com/share/p/1Cv97GAZLh/
546781691262383,Why restoring power at midnight when people are sleeping? The one who makes this schedule is somehow bitter with Group D and E,2026-06-20T20:41:32.588699+00:00,https://www.facebook.com/share/p/1Cv97GAZLh/
506474755550925,Ba group E twali chula 🤣🤣🤣 you know what just keep your 3 hours,2026-06-20T20:41:32.588735+00:00,https://www.facebook.com/share/p/1Cv97GAZLh/
1322481728721964,So honestly speaking this is what the Minister and Zesco Limited MD have been bragging all this time kikikikiki.,2026-06-20T20:41:32.588749+00:00,https://www.facebook.com/share/p/1Cv97GAZLh/
1032543051998819,Is this schedule for lusaka residencies only  or the whole Zambia?,2026-06-20T20:41:32.588761+00:00,https://www.facebook.com/share/p/1Cv97GAZLh/
343388622192217,"Fishimwenifye completely...we have been experiencing 2-3days of no power, 3 hours doesn't even make sense",2026-06-20T20:41:32.588773+00:00,https://www.facebook.com/share/p/1Cv97GAZLh/
1546921865941095,"Is this the stability they were boasting about in parliament 2 weeks ago.
Hmmmmm",2026-06-20T20:41:32.588784+00:00,https://www.facebook.com/share/p/1Cv97GAZLh/
857993329821358,That's not good better you close it till further notice what is 3hours ati stabilize,2026-06-20T20:41:32.588796+00:00,https://www.facebook.com/share/p/1Cv97GAZLh/
1032891124985265,Finally the stable schedule is out😂😂😂 3hrs of nonsense. Awe 2024 is a year on its own.,2026-06-20T20:41:32.588807+00:00,https://www.facebook.com/share/p/1Cv97GAZLh/
8541775629214624,Awe kulima update after update problem you think we are all from shang'ombo district,2026-06-20T20:41:32.588819+00:00,https://www.facebook.com/share/p/1Cv97GAZLh/
1248977712870266,Who wants to bet? For group E the next schedule will be from 22:00 to 01:00 hours,2026-06-20T20:41:32.588830+00:00,https://www.facebook.com/share/p/1Cv97GAZLh/
546850294398405,This is the highest mediocrity I ever experienced in this country. It's sad and painful to see this kind of nonsense being accepted and tolerated. We deserve better and not this. If they knew that they were not ready to stabilize power they should have just kept quiet,2026-06-20T20:41:32.588841+00:00,https://www.facebook.com/share/p/1Cv97GAZLh/
515069861139768,What's the purpose of having power from 24-03? You can't even charge your phone coz you'll be fast asleep!!!,2026-06-20T20:41:32.588852+00:00,https://www.facebook.com/share/p/1Cv97GAZLh/
1614093579487368,I think we are not in any group because no power for 3 days now,2026-06-20T20:41:32.588864+00:00,https://www.facebook.com/share/p/1Cv97GAZLh/
2198700187183517,I thought ZESCO was going to update us about the current situation for Manchester united coach 😒,2026-06-20T20:41:32.588875+00:00,https://www.facebook.com/share/p/1Cv97GAZLh/
8029215543854611,Some one to explain this in simpler terms🤔,2026-06-20T20:41:32.588887+00:00,https://www.facebook.com/share/p/1Cv97GAZLh/
897215618497398,Group E that time will be sleeping and still wakeup in the dark... Chalo ichi,2026-06-20T20:41:32.588898+00:00,https://www.facebook.com/share/p/1Cv97GAZLh/
575236308529715,"What is This😩😔😩
Ata🙅 Fyalungula",2026-06-20T20:41:32.588909+00:00,https://www.facebook.com/share/p/1Cv97GAZLh/
1237631794251548,From 24 to 03??? How does one make use of this scheduled time?,2026-06-20T20:41:32.588920+00:00,https://www.facebook.com/share/p/1Cv97GAZLh/
3029442637248126,What did group e ever do to Zesco Limited,2026-06-20T20:41:32.588932+00:00,https://www.facebook.com/share/p/1Cv97GAZLh/
1017553850170336,Group E gladly welcomes this great timing we are really great full 🙄,2026-06-20T20:41:32.588943+00:00,https://www.facebook.com/share/p/1Cv97GAZLh/
1032891124985265,Jasmine Lungu Chewe I swear.  How do we start waking up at midnight to charge utu ma light nama phone 🙄😂🤣 awe eku chula uku 🤣🤣,2026-06-20T20:41:32.588972+00:00,https://www.facebook.com/share/p/1Cv97GAZLh/
1032891124985265,Aggie Chanza Chewe Namachila Ala kuchula😂😂,2026-06-20T20:41:32.588985+00:00,https://www.facebook.com/share/p/1Cv97GAZLh/
506474755550925,"Sibongile Bongani Munthali :: 
I have been noticing how you have been complaining about Group E in style through out the year.. 😂😂😂",2026-06-20T20:41:32.588995+00:00,https://www.facebook.com/share/p/1Cv97GAZLh/
506474755550925,Sifuba P C Moola it’s pure torture these ends,2026-06-20T20:41:32.589005+00:00,https://www.facebook.com/share/p/1Cv97GAZLh/
506474755550925,"Sibongile Bongani Munthali :: 
I think ba Group E are just hated.. 
A lot from your group are very upset 😂😂😂",2026-06-20T20:41:32.589016+00:00,https://www.facebook.com/share/p/1Cv97GAZLh/
506474755550925,Sibongile Bongani Munthali at least you can switch one the fan whilst the mosquitoes attack and charge your phone for work lol,2026-06-20T20:41:32.589027+00:00,https://www.facebook.com/share/p/1Cv97GAZLh/
1032543051998819,Tika Deluca Lusaka residents,2026-06-20T20:41:32.589037+00:00,https://www.facebook.com/share/p/1Cv97GAZLh/
1032543051998819,"Flo Banda ok awe mwandi , nga ku kitwe filishani?",2026-06-20T20:41:32.589048+00:00,https://www.facebook.com/share/p/1Cv97GAZLh/
1546921865941095,Gretchen Chiluba ala bwafya my daughter. Let them just keep it 😂😂😂,2026-06-20T20:41:32.589058+00:00,https://www.facebook.com/share/p/1Cv97GAZLh/
1546921865941095,Gretchen Chiluba imagine 🤣,2026-06-20T20:41:32.589068+00:00,https://www.facebook.com/share/p/1Cv97GAZLh/
1546921865941095,Ruth Chanda imagine mummy boasting balelanda na yeah yeah yeah kwati fyamano fikesa awe mweee.,2026-06-20T20:41:32.589079+00:00,https://www.facebook.com/share/p/1Cv97GAZLh/
8541775629214624,Bana Jay BC meaning??,2026-06-20T20:41:32.589089+00:00,https://www.facebook.com/share/p/1Cv97GAZLh/
8541775629214624,Bana Jay BC true bula thy think we snacked from bushes,2026-06-20T20:41:32.589099+00:00,https://www.facebook.com/share/p/1Cv97GAZLh/
8541775629214624,Jay Eres-ricky imagine,2026-06-20T20:41:32.589109+00:00,https://www.facebook.com/share/p/1Cv97GAZLh/
1237631794251548,Mphatso Phiri Sinkonde sad,2026-06-20T20:41:32.589120+00:00,https://www.facebook.com/share/p/1Cv97GAZLh/
515069861139768,Emelia Kapansa Lwando-Kaposhi you can ask that again,2026-06-20T20:41:32.589130+00:00,https://www.facebook.com/share/p/1Cv97GAZLh/
515069861139768,Emelia Kapansa Lwando-Kaposhi we are in the same group. 🙆🏾‍♀️,2026-06-20T20:41:32.589140+00:00,https://www.facebook.com/share/p/1Cv97GAZLh/
2198700187183517,Chipeta Oscar wena😂😂,2026-06-20T20:41:32.589150+00:00,https://www.facebook.com/share/p/1Cv97GAZLh/
1264039471278960,When this was happening in south Africa I didn't ever think that this is the life we could be living. This is the worst government ever!,2026-06-20T20:41:32.589161+00:00,https://www.facebook.com/share/p/1Cv97GAZLh/
524826157164474,24 to 03 is for what?,2026-06-20T20:41:32.589171+00:00,https://www.facebook.com/share/p/1Cv97GAZLh/
472984922410532,"Wednesday 3 October, the calendar at Zesco Limited is running ahead of the days, today is the 2nd a Wednesday, are you load shedding your calendar too? 

Nafipena zoona,a power supply firm failing to supply power, you can't blame them on wrong dates either, probably typed that on a calculator or internet cafe that had solar.",2026-06-20T20:41:32.589181+00:00,https://www.facebook.com/share/p/1Cv97GAZLh/
8268834043235816,"While i sympathize with you ZESCO, ivi vama promising us what we are already having raising hopes not fully realized is not  good.  This you could have done quietly, as we continue to pray for you.",2026-06-20T20:41:32.589191+00:00,https://www.facebook.com/share/p/1Cv97GAZLh/
881738066920656,Is this what we were waiting for surely?No decency to even explain what was discussed earlier?,2026-06-20T20:41:32.589201+00:00,https://www.facebook.com/share/p/1Cv97GAZLh/
1715194235937887,How do you give Residential power from 22:00  - 02:00 am.. this is madness !! For residential it would make sense giving us power at least hours before midnight,2026-06-20T20:41:32.589226+00:00,https://www.facebook.com/share/p/1Cv97GAZLh/
745834581021670,If i was Zesco Limited i can just stop updating the nation bcoz this sounds like mockery to the poor citizens.🙄🚮🚮,2026-06-20T20:41:32.589238+00:00,https://www.facebook.com/share/p/1Cv97GAZLh/
3760663997596476,Wait a second didn't you say starting the first week of October you are going to get power from mines and give us in residential areas so that those in residential areas can be having more hours of power supply everyday so what is this 3 hours of power supply everyday again you guys are busy announcing,2026-06-20T20:41:32.589249+00:00,https://www.facebook.com/share/p/1Cv97GAZLh/
1205112990718005,"Why not give us power from 05 to 8 as we prepare for work/school 
Or 19 to 22 when everyone is back home 
24_03 does not make any sense .
Do you know people are risking their lives....they have to go out and draw water at odd hours...house's away from their homes ...imagine welders being forced to wake up at 01 to do their work from outside 🙄 aweh you have failed us🥲",2026-06-20T20:41:32.589261+00:00,https://www.facebook.com/share/p/1Cv97GAZLh/
1072947417559813,To be honest I have no interest in zesco or what they have to offer 🙄,2026-06-20T20:41:32.589273+00:00,https://www.facebook.com/share/p/1Cv97GAZLh/
1614093579487368,"Good morning Mukie Mukuka, we deeply regret the loss of supply in your area for three days. Kindly inbox your complaint number if you managed to register the outage with us or provide your meter number, nearest landmark to your premises and an active contact number for complaint registration. Kind regards PM",2026-06-20T20:41:32.589284+00:00,https://www.facebook.com/share/p/1Cv97GAZLh/
1614093579487368,"Zesco Limited  no power in ibex hill on selected houses in 1st street since monday ,first complaint number is showing resolved. Kindly have someone check this problem, new complaint number is 30190138 ,landmark is spectra filing station",2026-06-20T20:41:32.589297+00:00,https://www.facebook.com/share/p/1Cv97GAZLh/
1614093579487368,Zesco Limited this company is useless,2026-06-20T20:41:32.589309+00:00,https://www.facebook.com/share/p/1Cv97GAZLh/
1614093579487368,Sakala Joshua Ikalenifye naimwe,2026-06-20T20:41:32.589327+00:00,https://www.facebook.com/share/p/1Cv97GAZLh/
1614093579487368,Sakala Joshua but they are useless weh 🤔 who doesn't know Zesco is extremely useless? Ma rubbish yekayeka,2026-06-20T20:41:32.589345+00:00,https://www.facebook.com/share/p/1Cv97GAZLh/
8268834043235816,Andrew Simate Sitali 😂😂😂😂😂 I have no words,2026-06-20T20:41:32.589356+00:00,https://www.facebook.com/share/p/1Cv97GAZLh/
8268834043235816,Andrew Simate Sitali we can only pray apa we have done everything else but no favourable response.,2026-06-20T20:41:32.589367+00:00,https://www.facebook.com/share/p/1Cv97GAZLh/
1205112990718005,Charity Lungu you need to be up at 24hrs to pump water and cook,2026-06-20T20:41:32.589378+00:00,https://www.facebook.com/share/p/1Cv97GAZLh/
524826157164474,Moffat Chipo Bwalya Ninshi people are sleeping 😌😂😂 ifyabupuba 🚮,2026-06-20T20:41:32.589389+00:00,https://www.facebook.com/share/p/1Cv97GAZLh/
524826157164474,"Moffat Chipo Bwalya and they think they are clever ine midnight niuka to iron, cook beans, chifu, katapa na sampo pa stove. I even boiled water for bathing muchi bucket… otherwise no pressure if they think I will be asleep pa midnight… nitambeko naka neflix pa last. Sitivuta",2026-06-20T20:41:32.589399+00:00,https://www.facebook.com/share/p/1Cv97GAZLh/
524826157164474,Kapeso Natasha 😅😅😅😅,2026-06-20T20:41:32.589412+00:00,https://www.facebook.com/share/p/1Cv97GAZLh/
524826157164474,Chika Bachi mamamama😅😅,2026-06-20T20:41:32.589423+00:00,https://www.facebook.com/share/p/1Cv97GAZLh/
524826157164474,Moffat Chipo Bwalya u are in group E😂😂😂😂😂,2026-06-20T20:41:32.589434+00:00,https://www.facebook.com/share/p/1Cv97GAZLh/
556795966787007,Ehhhh Just switch off completely cos what is this😒,2026-06-20T20:41:32.589444+00:00,https://www.facebook.com/share/p/1Cv97GAZLh/
1085060526313186,"That's what the press briefing was for? Lol

And Lusaka are not the only province you supply to.",2026-06-20T20:41:32.589455+00:00,https://www.facebook.com/share/p/1Cv97GAZLh/
1038225591362196,"So no one gets to have power from 16hrs to 22hrs, Lesa amipale",2026-06-20T20:41:32.589465+00:00,https://www.facebook.com/share/p/1Cv97GAZLh/
2283257612008913,Zesco Limited maybe mwikalekofye ziii until you have some meaningful improvements to share with the nation pantu uyu mungulu last!!!!,2026-06-20T20:41:32.589476+00:00,https://www.facebook.com/share/p/1Cv97GAZLh/
1536530887226877,Power all along has been coming for 3hours; so what difference does that make? Zesco Limited you're joke!,2026-06-20T20:41:32.589486+00:00,https://www.facebook.com/share/p/1Cv97GAZLh/
505102468975382,Can you give us the updated groups please,2026-06-20T20:41:32.589497+00:00,https://www.facebook.com/share/p/1Cv97GAZLh/
1973254919762498,Ubupuba maximum.... Rubbish...is this the power stability they were talking about?😡,2026-06-20T20:41:32.589507+00:00,https://www.facebook.com/share/p/1Cv97GAZLh/
1292593035075346,Ba zesco your update is not making sense at all what is 3 hours can you be serious and think cause you are not helping at all it's just no sense so what do you expect us to use power around 24 to 03 hour for? infact stop updating us on stupidity,2026-06-20T20:41:32.589517+00:00,https://www.facebook.com/share/p/1Cv97GAZLh/
1094442266019608,Trusting you is risking you would hv kept quiet,2026-06-20T20:41:32.589527+00:00,https://www.facebook.com/share/p/1Cv97GAZLh/
517088634590308,Ala Zambia will be a punishment center soon for sure🙄for us ba group E  you give us electricity from 24:00 to 03:00 then we do what with it sure 😂😏Iyee better tayeshile 😏,2026-06-20T20:41:32.589539+00:00,https://www.facebook.com/share/p/1Cv97GAZLh/
881738066920656,Nsunge Chilufya Mukayi ama temper,2026-06-20T20:41:32.589550+00:00,https://www.facebook.com/share/p/1Cv97GAZLh/
881738066920656,Nsunge Chilufya Mukayi ati 1st October shani shani kanshi   ni by the way. Midnight sure,2026-06-20T20:41:32.589569+00:00,https://www.facebook.com/share/p/1Cv97GAZLh/
881738066920656,Joshua Yehoshua Mwanza it’s very annoying we’re tired please,2026-06-20T20:41:32.589581+00:00,https://www.facebook.com/share/p/1Cv97GAZLh/
881738066920656,Nangoma Sue Moonga imagine…the same 3 hours we had before..where’s the difference,2026-06-20T20:41:32.589592+00:00,https://www.facebook.com/share/p/1Cv97GAZLh/
881738066920656,Nsunge Chilufya Mukayi nothing at all,2026-06-20T20:41:32.589602+00:00,https://www.facebook.com/share/p/1Cv97GAZLh/
1973254919762498,Dhabby Chibombwe imagine big man🤷🤷,2026-06-20T20:41:32.589613+00:00,https://www.facebook.com/share/p/1Cv97GAZLh/
1973254919762498,Dhabby Chibombwe ....very sad,2026-06-20T20:41:32.589631+00:00,https://www.facebook.com/share/p/1Cv97GAZLh/
1038225591362196,"Kanyambwe Isabelle Mwenya you are very much better.  Zesco Limited at our residential area power has been going for 24 full hours everyday here in chipata, malawi road residential area. We have power from 5.30 to 9.00 then it comes the next day 5.30. Its been like that for 3 consecutive months. So 3 hours is not new to us. So we only hope you'll add the 3 hours you've announced to the 3hours we already have had to make it 6hours better. Pantu awe twachula sana.",2026-06-20T20:41:32.589642+00:00,https://www.facebook.com/share/p/1Cv97GAZLh/
1038225591362196,"Hope Mwape not at all 😂😂, they didn’t even give us the power at midnight 😭😭😭. You’re better",2026-06-20T20:41:32.589652+00:00,https://www.facebook.com/share/p/1Cv97GAZLh/
570085618680090,We have already been having this schedule in our area since September so we are used to it. We hoped for more hours kanshi ni same same che,2026-06-20T20:41:32.589665+00:00,https://www.facebook.com/share/p/1Cv97GAZLh/
1443758399639670,Its 24.25 no power group E ninshi you guys use different watches from the ones we use or you just enjoy frustrating citizens,2026-06-20T20:41:32.589676+00:00,https://www.facebook.com/share/p/1Cv97GAZLh/
2339482139726543,"Work done is equal to zero, the difference is the same",2026-06-20T20:41:32.589688+00:00,https://www.facebook.com/share/p/1Cv97GAZLh/
522572770395747,"Independence. And DSTV is busy calling me ati i should pay half the price. Elo solar i ain’t got yet. 
We are fixed by the fixer",2026-06-20T20:41:32.589707+00:00,https://www.facebook.com/share/p/1Cv97GAZLh/
1863441340849324,You should have just sent this post to your family members unlike posting this here. This is ndibwi type of posting. Mwaimya nomukoshi ati we're going to inform the people kanshi fyabu lunshi fye.,2026-06-20T20:41:32.589718+00:00,https://www.facebook.com/share/p/1Cv97GAZLh/
1457556661576826,Just sale the company and apply for CDF.,2026-06-20T20:41:32.589730+00:00,https://www.facebook.com/share/p/1Cv97GAZLh/
327116730491078,Oh really! 🤨is this what we waited for... Buluya,2026-06-20T20:41:32.589742+00:00,https://www.facebook.com/share/p/1Cv97GAZLh/
461020260299775,"Genuinely speaking, what are we supposed to do with power from 12am to 3am…??",2026-06-20T20:41:32.589753+00:00,https://www.facebook.com/share/p/1Cv97GAZLh/
1684819035627802,"You love giving us the time table that you don’t even follow . You better off not updating, we are now used  to  predicting…",2026-06-20T20:41:32.589763+00:00,https://www.facebook.com/share/p/1Cv97GAZLh/
1226447055353508,"In short Zesco is saying 'Do not cook using our power, just use it to charge phones'.",2026-06-20T20:41:32.589773+00:00,https://www.facebook.com/share/p/1Cv97GAZLh/
