comment_id,text,timestamp,source_url,text_clean,word_count,processed_text,is_sarcastic,raw_compound,raw_label,compound,pos,neu,neg,label,corrected_compound,corrected_label,local_correction_applied,local_correction_score,local_correction_terms,nrc_token_count,nrc_matched_token_count,nrc_anger,nrc_anticipation,nrc_fear,nrc_trust,nrc_sadness,nrc_hope,nrc_frustration,is_relevant,relevance_score,relevance_reason,relevance_terms
1628658844662216,Angela Baker exactly we are waiting,2026-05-04T14:01:35.261217+00:00,https://www.facebook.com/100057335174945/posts/1029321325655697/?app=fbl,angela baker exactly we are waiting,6,angela baker exactly waiting,False,0.0,neutral,0.0,0.0,1.0,0.0,neutral,0.0,neutral,False,0.0,,4,0,0.0,0.0,0.0,0.0,0.0,0.0,0.0,False,0,no_energy_or_zesco_terms,
1628658844662216,Angela Baker exactly we are waiting,2026-05-04T14:01:35.261217+00:00,https://www.facebook.com/100057335174945/posts/1029321325655697/?app=fbl,angela baker exactly we are waiting,6,tri cia phiri bunch crooks,False,0.0,neutral,0.0,0.0,1.0,0.0,neutral,0.0,neutral,False,0.0,,5,0,0.0,0.0,0.0,0.0,0.0,0.0,0.0,False,0,no_energy_or_zesco_terms,
1879945789176597,I can't understand anything apa 😂😂😂,2026-05-04T14:01:35.261229+00:00,https://www.facebook.com/100057335174945/posts/1029321325655697/?app=fbl,i can t understand anything apa 😂😂😂,6,t understand anything apa,False,0.0,neutral,0.0,0.0,1.0,0.0,neutral,0.0,neutral,False,0.0,,4,0,0.0,0.0,0.0,0.0,0.0,0.0,0.0,False,0,no_energy_or_zesco_terms,
1568167390452068,Nipa wanu lelo pulizi,2026-05-04T14:01:35.261238+00:00,https://www.facebook.com/100057335174945/posts/1029321325655697/?app=fbl,nipa wanu lelo pulizi,4,nipa wanu lelo pulizi,False,0.0,neutral,0.0,0.0,1.0,0.0,neutral,0.0,neutral,False,0.0,,4,0,0.0,0.0,0.0,0.0,0.0,0.0,0.0,False,0,no_energy_or_zesco_terms,
500176419600800,Not izo nkani zamukachaso imwe lelo nipa 1 weh!!,2026-05-04T14:01:35.261247+00:00,https://www.facebook.com/100057335174945/posts/1029321325655697/?app=fbl,not izo nkani zamukachaso imwe lelo nipa 1 weh,9,izo nkani zamukachaso imwe lelo nipa 1 weh,False,0.0,neutral,0.0,0.0,1.0,0.0,neutral,0.0,neutral,False,0.0,,8,0,0.0,0.0,0.0,0.0,0.0,0.0,0.0,False,0,no_energy_or_zesco_terms,
1879945789176597,I can't understand anything apa 😂😂😂,2026-05-04T14:01:35.261229+00:00,https://www.facebook.com/100057335174945/posts/1029321325655697/?app=fbl,i can t understand anything apa 😂😂😂,6,ťĥë ĝřeàţ mŵå pė stress absolutely nothing understand even wrote post understand,False,-0.4215,negative,-0.4215,0.0,0.797,0.203,negative,-0.4215,negative,False,0.0,,12,1,0.0,0.0,0.0,0.0,0.0,0.0,0.0,False,0,no_energy_or_zesco_terms,
901235591912417,"I'm not rich but yesterday I donated my IPhone, smart watch, and wallet to a homeless guy. You can't imagine the happiness that I felt as I saw him putting the knife back in his pocket. 

KINDNESS IS EVERYTHING🤗",2026-05-04T14:01:35.261421+00:00,https://www.facebook.com/100057335174945/posts/1029321325655697/?app=fbl,i m not rich but yesterday i donated my iphone smart watch and wallet to a homeless guy you can t imagine the happiness that i felt as i saw him putting the knife back in his pocket kindness is everything🤗,41,m rich yesterday donated iphone smart watch wallet homeless guy t imagine happiness felt saw putting knife back pocket kindness everything,False,0.9169,positive,0.9169,0.462,0.538,0.0,positive,0.9169,positive,False,0.0,,21,4,0.0476190476190476,0.1428571428571428,0.0952380952380952,0.0,0.0476190476190476,0.1428571428571428,0.0476190476190476,False,0,no_energy_or_zesco_terms,
540973198303459,Lelo nipa 1 atibwanji tuja tunthu,2026-05-04T14:01:35.261476+00:00,https://www.facebook.com/100057335174945/posts/1029321325655697/?app=fbl,lelo nipa 1 atibwanji tuja tunthu,6,lelo nipa 1 atibwanji tuja tunthu,False,0.0,neutral,0.0,0.0,1.0,0.0,neutral,0.0,neutral,False,0.0,,6,0,0.0,0.0,0.0,0.0,0.0,0.0,0.0,False,0,no_energy_or_zesco_terms,
1249250492878220,Give us the solars kaili,2026-05-04T14:01:35.261486+00:00,https://www.facebook.com/100057335174945/posts/1029321325655697/?app=fbl,give us the solars kaili,5,give us solars kaili,False,0.0,neutral,-0.2,0.0,1.0,0.0,negative,-0.2,negative,True,-0.2,kaili,4,0,0.0,0.0,0.0,0.0,0.0,0.0,0.0,False,0,no_energy_or_zesco_terms,
540973198303459,Lelo nipa 1 atibwanji tuja tunthu,2026-05-04T14:01:35.261476+00:00,https://www.facebook.com/100057335174945/posts/1029321325655697/?app=fbl,lelo nipa 1 atibwanji tuja tunthu,6,lamecky lj melchizedek tuja tuja tunthu mwanipanga,False,0.0,neutral,0.0,0.0,1.0,0.0,neutral,0.0,neutral,False,0.0,,7,0,0.0,0.0,0.0,0.0,0.0,0.0,0.0,False,0,no_energy_or_zesco_terms,
540973198303459,Lelo nipa 1 atibwanji tuja tunthu,2026-05-04T14:01:35.261476+00:00,https://www.facebook.com/100057335174945/posts/1029321325655697/?app=fbl,lelo nipa 1 atibwanji tuja tunthu,6,lamecky lj melchizedek u don t listen,False,0.0,neutral,0.0,0.0,1.0,0.0,neutral,0.0,neutral,False,0.0,,7,1,0.0,0.0,0.0,0.1428571428571428,0.0,0.0,0.0,False,0,no_energy_or_zesco_terms,
540973198303459,Lelo nipa 1 atibwanji tuja tunthu,2026-05-04T14:01:35.261476+00:00,https://www.facebook.com/100057335174945/posts/1029321325655697/?app=fbl,lelo nipa 1 atibwanji tuja tunthu,6,lamecky lj melchizedek m immediately using ka statement recover back tumakongoles,False,0.0,neutral,0.0,0.0,1.0,0.0,neutral,0.0,neutral,False,0.0,,11,2,0.0,0.0909090909090909,0.0,0.0909090909090909,0.0,0.0909090909090909,0.0,False,0,no_energy_or_zesco_terms,
1249250492878220,Give us the solars kaili,2026-05-04T14:01:35.261486+00:00,https://www.facebook.com/100057335174945/posts/1029321325655697/?app=fbl,give us the solars kaili,5,milambo milimo early morning,False,0.0,neutral,0.0,0.0,1.0,0.0,neutral,0.0,neutral,False,0.0,,4,0,0.0,0.0,0.0,0.0,0.0,0.0,0.0,False,0,no_energy_or_zesco_terms,
1567925287179979,"Rubbish the one telling you to be writing these is not even a Zambian citizen but you get paid better keep it up guys, you have brought more harm to this country than good,",2026-05-04T14:01:35.261532+00:00,https://www.facebook.com/100057335174945/posts/1029321325655697/?app=fbl,rubbish the one telling you to be writing these is not even a zambian citizen but you get paid better keep it up guys you have brought more harm to this country than good,34,rubbish telling writing even zambian citizen get paid better keep guys brought harm country than good,False,0.3182,positive,0.3182,0.26,0.583,0.157,positive,0.3182,positive,False,0.0,,16,4,0.0,0.0625,0.0625,0.0625,0.0,0.0625,0.0,False,0,no_energy_or_zesco_terms,
3835705476756731,"Just tell us what we want to hear, honor your promise. There's so much anxiety, we cannot carry on like this.",2026-05-04T14:01:35.261558+00:00,https://www.facebook.com/100057335174945/posts/1029321325655697/?app=fbl,just tell us what we want to hear honor your promise there s so much anxiety we cannot carry on like this,22,just tell us want hear honor promise s much anxiety cannot carry like,False,0.457,positive,0.457,0.386,0.398,0.216,positive,0.457,positive,False,0.0,,13,3,0.0769230769230769,0.0769230769230769,0.0769230769230769,0.1538461538461538,0.0769230769230769,0.0769230769230769,0.0769230769230769,False,1,no_energy_or_zesco_terms,promise
1342913303784146,Why not pay cash cause I need to service.,2026-05-04T14:01:35.261560+00:00,https://www.facebook.com/100057335174945/posts/1029321325655697/?app=fbl,why not pay cash cause i need to service,9,pay cash cause need service,False,-0.1027,negative,-0.1027,0.0,0.741,0.259,negative,-0.1027,negative,False,0.0,,5,2,0.2,0.4,0.2,0.4,0.0,0.4,0.1,False,0,no_energy_or_zesco_terms,
1776645833112512,Ka update bane lelo nipa wenu....,2026-05-04T14:01:35.261566+00:00,https://www.facebook.com/100057335174945/posts/1029321325655697/?app=fbl,ka update bane lelo nipa wenu,6,ka update bane lelo nipa wenu,False,0.0,neutral,0.0,0.0,1.0,0.0,neutral,0.0,neutral,False,0.0,,6,1,0.1666666666666666,0.0,0.1666666666666666,0.0,0.0,0.0,0.0833333333333333,False,1,no_energy_or_zesco_terms,update
445818668015541,Today it's 1 October we are waiting ilishani zohona,2026-05-04T14:01:35.261577+00:00,https://www.facebook.com/100057335174945/posts/1029321325655697/?app=fbl,today it s 1 october we are waiting ilishani zohona,10,today s 1 october waiting ilishani zohona,False,0.0,neutral,0.0,0.0,1.0,0.0,neutral,0.0,neutral,False,0.0,,7,0,0.0,0.0,0.0,0.0,0.0,0.0,0.0,False,1,no_energy_or_zesco_terms,october
1810080229730690,So you lied to us just like our ex’s used to lie to us!!!,2026-05-04T14:01:35.261581+00:00,https://www.facebook.com/100057335174945/posts/1029321325655697/?app=fbl,so you lied to us just like our ex’s used to lie to us,15,lied us just like ex s used lie us,False,-0.0258,neutral,-0.0258,0.225,0.541,0.234,neutral,-0.0258,neutral,False,0.0,,9,1,0.1111111111111111,0.0,0.0,0.0,0.1111111111111111,0.0,0.1111111111111111,False,0,no_energy_or_zesco_terms,
1583425558912770,Just go live when addressing us so that they insult you properly 😂😂😂nochi ifi,2026-05-04T14:01:35.261593+00:00,https://www.facebook.com/100057335174945/posts/1029321325655697/?app=fbl,just go live when addressing us so that they insult you properly 😂😂😂nochi ifi,14,just go live addressing us insult properly nochi ifi,False,-0.5106,negative,-0.5106,0.0,0.708,0.292,negative,-0.5106,negative,False,0.0,,9,1,0.1111111111111111,0.0,0.0,0.0,0.1111111111111111,0.0,0.1111111111111111,False,0,no_energy_or_zesco_terms,
894707085907298,Imwe lelo nipa 1 tell us wat we going to hear not efyo,2026-05-04T14:01:35.261602+00:00,https://www.facebook.com/100057335174945/posts/1029321325655697/?app=fbl,imwe lelo nipa 1 tell us wat we going to hear not efyo,13,imwe lelo nipa 1 tell us wat going hear efyo,False,0.0,neutral,0.0,0.0,1.0,0.0,neutral,0.0,neutral,False,0.0,,10,0,0.0,0.0,0.0,0.0,0.0,0.0,0.0,False,0,no_energy_or_zesco_terms,
894707085907298,Imwe lelo nipa 1 tell us wat we going to hear not efyo,2026-05-04T14:01:35.261602+00:00,https://www.facebook.com/100057335174945/posts/1029321325655697/?app=fbl,imwe lelo nipa 1 tell us wat we going to hear not efyo,13,moise sichilima just forget boi nimbushi last futi,False,-0.2263,negative,-0.2263,0.0,0.787,0.213,negative,-0.2263,negative,False,0.0,,8,1,0.0,0.0,0.0,0.0,0.0,0.0,0.0,False,0,no_energy_or_zesco_terms,
450975834030417,Kanshi you don't even give money? Awe mwe,2026-05-04T14:01:35.261614+00:00,https://www.facebook.com/100057335174945/posts/1029321325655697/?app=fbl,kanshi you don t even give money awe mwe,9,kanshi don t even give money awe mwe,False,0.0,neutral,-0.7,0.0,1.0,0.0,negative,-0.7,negative,True,-0.7,awe,8,2,0.125,0.125,0.0,0.25,0.0,0.125,0.0625,False,0,no_energy_or_zesco_terms,
1153742569052184,We are expecting things to stabilize effective today chili bwanji??,2026-05-04T14:01:35.261621+00:00,https://www.facebook.com/100057335174945/posts/1029321325655697/?app=fbl,we are expecting things to stabilize effective today chili bwanji,10,expecting things stabilize effective today chili bwanji,False,0.4767,positive,0.4767,0.341,0.659,0.0,positive,0.4767,positive,False,0.0,,7,2,0.0,0.1428571428571428,0.0,0.1428571428571428,0.0,0.1428571428571428,0.0,False,0,no_energy_or_zesco_terms,
1231244388148338,Is Maamba back online and how's the Interconnector ku Mozambique na Namibia.,2026-05-04T14:01:35.261631+00:00,https://www.facebook.com/100057335174945/posts/1029321325655697/?app=fbl,is maamba back online and how s the interconnector ku mozambique na namibia,13,maamba back online how s interconnector ku mozambique na namibia,False,0.0,neutral,0.0,0.0,1.0,0.0,neutral,0.0,neutral,False,0.0,,10,0,0.0,0.0,0.0,0.0,0.0,0.0,0.0,False,0,no_energy_or_zesco_terms,
989869996242943,So you guys believed these people balelolela fye mfula 😂😂😂,2026-05-04T14:01:35.261634+00:00,https://www.facebook.com/100057335174945/posts/1029321325655697/?app=fbl,so you guys believed these people balelolela fye mfula 😂😂😂,9,guys believed people balelolela fye mfula,False,0.0,neutral,0.0,0.0,1.0,0.0,neutral,0.0,neutral,False,0.0,,6,1,0.0,0.0,0.0,0.1666666666666666,0.0,0.0,0.0,False,0,no_energy_or_zesco_terms,
1231244388148338,Is Maamba back online and how's the Interconnector ku Mozambique na Namibia.,2026-05-04T14:01:35.261631+00:00,https://www.facebook.com/100057335174945/posts/1029321325655697/?app=fbl,is maamba back online and how s the interconnector ku mozambique na namibia,13,bashi kabunda mingalato bamudala zambia forward imwe,False,0.0,neutral,0.0,0.0,1.0,0.0,neutral,0.0,neutral,False,0.0,,7,1,0.0,0.0,0.0,0.0,0.0,0.0,0.0,False,0,no_energy_or_zesco_terms,
1635812790689193,Kindly advice if we can start buying tu nyama coz nipa first lelo tata 🤦‍♀️🤦‍♀️🤦‍♀️,2026-05-04T14:01:35.261670+00:00,https://www.facebook.com/100057335174945/posts/1029321325655697/?app=fbl,kindly advice if we can start buying tu nyama coz nipa first lelo tata 🤦‍♀️🤦‍♀️🤦‍♀️,14,kindly advice start buying tu nyama coz nipa first lelo tata,False,0.4939,positive,0.2939,0.242,0.758,0.0,positive,0.2939,positive,True,-0.2,tata,11,2,0.0,0.0909090909090909,0.0,0.0909090909090909,0.0,0.0909090909090909,0.0,False,0,no_energy_or_zesco_terms,
1635812790689193,Kindly advice if we can start buying tu nyama coz nipa first lelo tata 🤦‍♀️🤦‍♀️🤦‍♀️,2026-05-04T14:01:35.261670+00:00,https://www.facebook.com/100057335174945/posts/1029321325655697/?app=fbl,kindly advice if we can start buying tu nyama coz nipa first lelo tata 🤦‍♀️🤦‍♀️🤦‍♀️,14,eunice stephens phiri tabesha mummy,False,0.0,neutral,0.0,0.0,1.0,0.0,neutral,0.0,neutral,False,0.0,,5,0,0.0,0.0,0.0,0.0,0.0,0.0,0.0,False,0,no_energy_or_zesco_terms,
1865856943823296,U will provide the equipment ayi 😁,2026-05-04T14:01:35.261696+00:00,https://www.facebook.com/100057335174945/posts/1029321325655697/?app=fbl,u will provide the equipment ayi 😁,6,u provide equipment ayi,False,0.0,neutral,0.0,0.0,1.0,0.0,neutral,0.0,neutral,False,0.0,,4,1,0.0,0.0,0.0,0.25,0.0,0.0,0.0,False,0,no_energy_or_zesco_terms,
880352367363656,You are buying us inverters?,2026-05-04T14:01:35.261701+00:00,https://www.facebook.com/100057335174945/posts/1029321325655697/?app=fbl,you are buying us inverters,5,buying us inverters,False,0.0,neutral,0.0,0.0,1.0,0.0,neutral,0.0,neutral,False,0.0,,3,0,0.0,0.0,0.0,0.0,0.0,0.0,0.0,False,0,no_energy_or_zesco_terms,
875070617634533,"Today is first Oktober please, give us a update  ba powering the nation ....",2026-05-04T14:01:35.261704+00:00,https://www.facebook.com/100057335174945/posts/1029321325655697/?app=fbl,today is first oktober please give us a update ba powering the nation,13,today first oktober please give us update ba powering nation,False,0.3182,positive,0.3182,0.204,0.796,0.0,positive,0.3182,positive,False,0.0,,10,1,0.0,0.0,0.0,0.1,0.0,0.0,0.0,False,1,no_energy_or_zesco_terms,update
556551486764073,Today is1 st oct,2026-05-04T14:01:35.261706+00:00,https://www.facebook.com/100057335174945/posts/1029321325655697/?app=fbl,today is1 st oct,4,today is1 st oct,False,0.0,neutral,0.0,0.0,1.0,0.0,neutral,0.0,neutral,False,0.0,,4,0,0.0,0.0,0.0,0.0,0.0,0.0,0.0,False,0,no_energy_or_zesco_terms,
1002841158277667,Lelo nipa wanu okutoba. Bwanji ma gesi,2026-05-04T14:01:35.261711+00:00,https://www.facebook.com/100057335174945/posts/1029321325655697/?app=fbl,lelo nipa wanu okutoba bwanji ma gesi,7,lelo nipa wanu okutoba bwanji ma gesi,False,0.0,neutral,0.0,0.0,1.0,0.0,neutral,0.0,neutral,False,0.0,,7,0,0.0,0.0,0.0,0.0,0.0,0.0,0.0,False,0,no_energy_or_zesco_terms,
991407806072715,Give us panels kaili,2026-05-04T14:01:35.261715+00:00,https://www.facebook.com/100057335174945/posts/1029321325655697/?app=fbl,give us panels kaili,4,give us panels kaili,False,0.0,neutral,-0.2,0.0,1.0,0.0,negative,-0.2,negative,True,-0.2,kaili,4,0,0.0,0.0,0.0,0.0,0.0,0.0,0.0,False,0,no_energy_or_zesco_terms,
522640114029936,Nipa wanu lelo don't forget,2026-05-04T14:01:35.261732+00:00,https://www.facebook.com/100057335174945/posts/1029321325655697/?app=fbl,nipa wanu lelo don t forget,6,nipa wanu lelo don t forget,False,-0.2263,negative,-0.2263,0.0,0.678,0.322,negative,-0.2263,negative,False,0.0,,6,2,0.0,0.0,0.0,0.1666666666666666,0.0,0.0,0.0,False,0,no_energy_or_zesco_terms,
1182241866192013,Explain step 2 and 3: what is excess energy? And how does one feed into your greed?,2026-05-04T14:01:35.261747+00:00,https://www.facebook.com/100057335174945/posts/1029321325655697/?app=fbl,explain step 2 and 3 what is excess energy and how does one feed into your greed,17,explain step 2 3 excess energy how feed into greed,False,-0.1531,negative,-0.1531,0.194,0.556,0.25,negative,-0.1531,negative,False,0.0,,10,3,0.1,0.0,0.0,0.1,0.0,0.0,0.05,False,0,no_energy_or_zesco_terms,
539697025131841,Today is first October.post the schedule,2026-05-04T14:01:35.261754+00:00,https://www.facebook.com/100057335174945/posts/1029321325655697/?app=fbl,today is first october post the schedule,7,today first october post schedule,False,0.0,neutral,0.0,0.0,1.0,0.0,neutral,0.0,neutral,False,0.0,,5,0,0.0,0.0,0.0,0.0,0.0,0.0,0.0,False,2,no_energy_or_zesco_terms,"october,schedule"
8604366572989515,We are waiting for this weeks schedule,2026-05-04T14:01:35.261761+00:00,https://www.facebook.com/100057335174945/posts/1029321325655697/?app=fbl,we are waiting for this weeks schedule,7,waiting weeks schedule,False,0.0,neutral,0.0,0.0,1.0,0.0,neutral,0.0,neutral,False,0.0,,3,0,0.0,0.0,0.0,0.0,0.0,0.0,0.0,False,1,no_energy_or_zesco_terms,schedule
8267421929961933,Lelo nipa one ma laiti yayenda zero fo,2026-05-04T14:01:35.261774+00:00,https://www.facebook.com/100057335174945/posts/1029321325655697/?app=fbl,lelo nipa one ma laiti yayenda zero fo,8,lelo nipa ma laiti yayenda zero fo,False,0.0,neutral,0.0,0.0,1.0,0.0,neutral,0.0,neutral,False,0.0,,7,0,0.0,0.0,0.0,0.0,0.0,0.0,0.0,False,0,no_energy_or_zesco_terms,
524354203575480,Me approach October in darkness 🥹🤣🤣🤣,2026-05-04T14:01:35.261780+00:00,https://www.facebook.com/100057335174945/posts/1029321325655697/?app=fbl,me approach october in darkness 🥹🤣🤣🤣,5,approach october darkness,False,-0.25,negative,-0.25,0.0,0.5,0.5,negative,-0.25,negative,False,0.0,,3,1,0.3333333333333333,0.0,0.3333333333333333,0.0,0.3333333333333333,0.0,0.3333333333333333,False,1,no_energy_or_zesco_terms,october
1609197929976842,Awe bane stop ichibeleshi lelo nipa wanu,2026-05-04T14:01:35.261782+00:00,https://www.facebook.com/100057335174945/posts/1029321325655697/?app=fbl,awe bane stop ichibeleshi lelo nipa wanu,7,awe bane stop ichibeleshi lelo nipa wanu,False,-0.296,negative,-1.0,0.0,0.732,0.268,negative,-1.0,negative,True,-1.5,"awe,ichibeleshi",7,1,0.1428571428571428,0.0,0.1428571428571428,0.0,0.0,0.0,0.0714285714285714,False,0,no_energy_or_zesco_terms,
1040263964437101,Don't pretend lelo nipa one viyasheni vima laiti,2026-05-04T14:01:35.261784+00:00,https://www.facebook.com/100057335174945/posts/1029321325655697/?app=fbl,don t pretend lelo nipa one viyasheni vima laiti,9,don t pretend lelo nipa viyasheni vima laiti,False,-0.1027,negative,-0.1027,0.0,0.811,0.189,negative,-0.1027,negative,False,0.0,,8,2,0.0,0.0,0.0,0.125,0.0,0.0,0.0,False,0,no_energy_or_zesco_terms,
524354203575480,Me approach October in darkness 🥹🤣🤣🤣,2026-05-04T14:01:35.261780+00:00,https://www.facebook.com/100057335174945/posts/1029321325655697/?app=fbl,me approach october in darkness 🥹🤣🤣🤣,5,mildred ching umba metisala exactly sake,False,0.0,neutral,0.0,0.0,1.0,0.0,neutral,0.0,neutral,False,0.0,,6,0,0.0,0.0,0.0,0.0,0.0,0.0,0.0,False,1,no_energy_or_zesco_terms,october
892420218950260,Lelo nipa first October!,2026-05-04T14:01:35.261796+00:00,https://www.facebook.com/100057335174945/posts/1029321325655697/?app=fbl,lelo nipa first october,4,lelo nipa first october,False,0.0,neutral,0.0,0.0,1.0,0.0,neutral,0.0,neutral,False,0.0,,4,0,0.0,0.0,0.0,0.0,0.0,0.0,0.0,False,1,no_energy_or_zesco_terms,october
544026224972081,Lelo nipa wanu tayakile na lelo,2026-05-04T14:01:35.261803+00:00,https://www.facebook.com/100057335174945/posts/1029321325655697/?app=fbl,lelo nipa wanu tayakile na lelo,6,lelo nipa wanu tayakile na lelo,False,0.0,neutral,0.0,0.0,1.0,0.0,neutral,0.0,neutral,False,0.0,,6,0,0.0,0.0,0.0,0.0,0.0,0.0,0.0,False,0,no_energy_or_zesco_terms,
3350829441893428,Imwe inform us about the repairs maamba coal is doing! 15 days naipwa but muli ndwi!,2026-05-04T14:01:35.261810+00:00,https://www.facebook.com/100057335174945/posts/1029321325655697/?app=fbl,imwe inform us about the repairs maamba coal is doing 15 days naipwa but muli ndwi,16,imwe inform us repairs maamba coal doing 15 days naipwa muli ndwi,False,0.0,neutral,0.0,0.0,1.0,0.0,neutral,0.0,neutral,False,0.0,,12,1,0.0,0.0,0.0,0.0833333333333333,0.0,0.0,0.0,False,0,no_energy_or_zesco_terms,
554645493697970,Bachishitishefye ku machinese nangu ba mwenye 💊🍾,2026-05-04T14:01:35.261815+00:00,https://www.facebook.com/100057335174945/posts/1029321325655697/?app=fbl,bachishitishefye ku machinese nangu ba mwenye 💊🍾,6,bachishitishefye ku machinese nangu ba mwenye,False,0.0,neutral,0.0,0.0,1.0,0.0,neutral,0.0,neutral,False,0.0,,6,0,0.0,0.0,0.0,0.0,0.0,0.0,0.0,False,0,no_energy_or_zesco_terms,
8088184044640951,Iwe lelo nipa 1 October,2026-05-04T14:01:35.261833+00:00,https://www.facebook.com/100057335174945/posts/1029321325655697/?app=fbl,iwe lelo nipa 1 october,5,iwe lelo nipa 1 october,False,0.0,neutral,0.0,0.0,1.0,0.0,neutral,0.0,neutral,False,0.0,,5,0,0.0,0.0,0.0,0.0,0.0,0.0,0.0,False,1,no_energy_or_zesco_terms,october
448299428257849,Post the apology for today and this month please.,2026-05-04T14:01:35.261835+00:00,https://www.facebook.com/100057335174945/posts/1029321325655697/?app=fbl,post the apology for today and this month please,9,post apology today month please,False,0.3612,positive,0.3612,0.538,0.462,0.0,positive,0.3612,positive,False,0.0,,5,1,0.0,0.0,0.0,0.0,0.0,0.0,0.0,False,0,no_energy_or_zesco_terms,
1513088685989791,Imwe bafikile nipa 1 not ifyo mwayamba,2026-05-04T14:01:35.261840+00:00,https://www.facebook.com/100057335174945/posts/1029321325655697/?app=fbl,imwe bafikile nipa 1 not ifyo mwayamba,7,imwe bafikile nipa 1 ifyo mwayamba,False,0.0,neutral,-0.7,0.0,1.0,0.0,negative,-0.7,negative,True,-0.7,mwayamba,6,0,0.0,0.0,0.0,0.0,0.0,0.0,0.0,False,0,no_energy_or_zesco_terms,
448299428257849,Post the apology for today and this month please.,2026-05-04T14:01:35.261835+00:00,https://www.facebook.com/100057335174945/posts/1029321325655697/?app=fbl,post the apology for today and this month please,9,penelope kamungwa never trust guys,False,-0.4023,negative,-0.4023,0.0,0.597,0.403,negative,-0.4023,negative,False,0.0,,5,1,0.0,0.0,0.0,0.2,0.0,0.0,0.0,False,0,no_energy_or_zesco_terms,
516120604508207,And if one doesn’t have energy bills?,2026-05-04T14:01:35.261863+00:00,https://www.facebook.com/100057335174945/posts/1029321325655697/?app=fbl,and if one doesn’t have energy bills,8,doesn t energy bills,False,0.2732,positive,0.2732,0.512,0.488,0.0,positive,0.2732,positive,False,0.0,,4,0,0.0,0.0,0.0,0.0,0.0,0.0,0.0,False,0,no_energy_or_zesco_terms,
1371224124283415,"Teli lelo nipa 1???
Nge iyo behavior??",2026-05-04T14:01:35.261867+00:00,https://www.facebook.com/100057335174945/posts/1029321325655697/?app=fbl,teli lelo nipa 1 nge iyo behavior,7,teli lelo nipa 1 nge iyo behavior,False,0.0,neutral,0.0,0.0,1.0,0.0,neutral,0.0,neutral,False,0.0,,7,0,0.0,0.0,0.0,0.0,0.0,0.0,0.0,False,0,no_energy_or_zesco_terms,
2378563272492038,How does one sign up?,2026-05-04T14:01:35.261869+00:00,https://www.facebook.com/100057335174945/posts/1029321325655697/?app=fbl,how does one sign up,5,how sign,False,0.0,neutral,0.0,0.0,1.0,0.0,neutral,0.0,neutral,False,0.0,,2,0,0.0,0.0,0.0,0.0,0.0,0.0,0.0,False,0,no_energy_or_zesco_terms,
526037213706414,Ifyo labeniko first. Lelo ni pa 1.,2026-05-04T14:01:35.261882+00:00,https://www.facebook.com/100057335174945/posts/1029321325655697/?app=fbl,ifyo labeniko first lelo ni pa 1,7,ifyo labeniko first lelo ni pa 1,False,0.0,neutral,0.0,0.0,1.0,0.0,neutral,0.0,neutral,False,0.0,,7,0,0.0,0.0,0.0,0.0,0.0,0.0,0.0,False,0,no_energy_or_zesco_terms,
516120604508207,And if one doesn’t have energy bills?,2026-05-04T14:01:35.261863+00:00,https://www.facebook.com/100057335174945/posts/1029321325655697/?app=fbl,and if one doesn’t have energy bills,8,chansa chishala kakoma maybe past bills doesn t make sense because prepaid honestly don t get information lacking lot mweh smh,False,0.1779,positive,0.1779,0.135,0.762,0.103,positive,0.1779,positive,False,0.0,,21,4,0.0,0.0,0.0,0.0476190476190476,0.0,0.0,0.0,False,0,no_energy_or_zesco_terms,
526037213706414,Ifyo labeniko first. Lelo ni pa 1.,2026-05-04T14:01:35.261882+00:00,https://www.facebook.com/100057335174945/posts/1029321325655697/?app=fbl,ifyo labeniko first lelo ni pa 1,7,shamba kanguya ayi balefwaya ukutuchita distract,False,-0.296,negative,-0.296,0.0,0.694,0.306,negative,-0.296,negative,False,0.0,,6,1,0.0,0.0,0.0,0.0,0.0,0.0,0.0,False,0,no_energy_or_zesco_terms,
517656467553542,Lelo nipa 1 wee,2026-05-04T14:01:35.261899+00:00,https://www.facebook.com/100057335174945/posts/1029321325655697/?app=fbl,lelo nipa 1 wee,4,lelo nipa 1 wee,False,0.0,neutral,0.0,0.0,1.0,0.0,neutral,0.0,neutral,False,0.0,,4,0,0.0,0.0,0.0,0.0,0.0,0.0,0.0,False,0,no_energy_or_zesco_terms,
534213329304365,"O1/10/2024 eclipse ya angoni, we are waiting ✋️",2026-05-04T14:01:35.261903+00:00,https://www.facebook.com/100057335174945/posts/1029321325655697/?app=fbl,o1 10 2024 eclipse ya angoni we are waiting ✋️,9,o1 10 2024 eclipse ya angoni waiting,False,0.0,neutral,0.0,0.0,1.0,0.0,neutral,0.0,neutral,False,0.0,,7,0,0.0,0.0,0.0,0.0,0.0,0.0,0.0,False,0,no_energy_or_zesco_terms,
1040670324511272,"These people are not normal from head to toe
Coz what is this?",2026-05-04T14:01:35.261906+00:00,https://www.facebook.com/100057335174945/posts/1029321325655697/?app=fbl,these people are not normal from head to toe coz what is this,13,people normal head toe coz,False,0.0,neutral,0.0,0.0,1.0,0.0,neutral,0.0,neutral,False,0.0,,5,0,0.0,0.0,0.0,0.0,0.0,0.0,0.0,False,0,no_energy_or_zesco_terms,
1065276868545722,Tracy Lwando I think we need to remind these guys kuti lelo nipa 1 ka,2026-05-04T14:01:35.261910+00:00,https://www.facebook.com/100057335174945/posts/1029321325655697/?app=fbl,tracy lwando i think we need to remind these guys kuti lelo nipa 1 ka,15,tracy lwando think need remind guys kuti lelo nipa 1 ka,False,0.0,neutral,-0.3,0.0,1.0,0.0,negative,-0.3,negative,True,-0.3,kuti,11,0,0.0,0.0,0.0,0.0,0.0,0.0,0.0,False,0,no_energy_or_zesco_terms,
1663660647510775,Ati 123 kwati tupuba 🤣🤣🤣🤣,2026-05-04T14:01:35.261917+00:00,https://www.facebook.com/100057335174945/posts/1029321325655697/?app=fbl,ati 123 kwati tupuba 🤣🤣🤣🤣,4,ati 123 kwati tupuba,False,0.0,neutral,0.0,0.0,1.0,0.0,neutral,0.0,neutral,False,0.0,,4,0,0.0,0.0,0.0,0.0,0.0,0.0,0.0,False,0,no_energy_or_zesco_terms,
557991783348504,todays it's the first,2026-05-04T14:01:35.261920+00:00,https://www.facebook.com/100057335174945/posts/1029321325655697/?app=fbl,todays it s the first,5,todays s first,False,0.0,neutral,0.0,0.0,1.0,0.0,neutral,0.0,neutral,False,0.0,,3,0,0.0,0.0,0.0,0.0,0.0,0.0,0.0,False,0,no_energy_or_zesco_terms,
904043811583053,Let's talk about stability first.,2026-05-04T14:01:35.261925+00:00,https://www.facebook.com/100057335174945/posts/1029321325655697/?app=fbl,let s talk about stability first,6,let s talk stability first,False,0.0,neutral,0.0,0.0,1.0,0.0,neutral,0.0,neutral,False,0.0,,5,1,0.0,0.0,0.0,0.0,0.0,0.0,0.0,False,1,no_energy_or_zesco_terms,stability
510100265225826,"Pa 1 nipa 1 ba Ze 
   Ka hint atishani 🤷‍♀️@followers",2026-05-04T14:01:35.261934+00:00,https://www.facebook.com/100057335174945/posts/1029321325655697/?app=fbl,pa 1 nipa 1 ba ze ka hint atishani 🤷‍♀️,9,pa 1 nipa 1 ba ze ka hint atishani,False,0.0,neutral,0.0,0.0,1.0,0.0,neutral,0.0,neutral,False,0.0,,9,0,0.0,0.0,0.0,0.0,0.0,0.0,0.0,False,0,no_energy_or_zesco_terms,
2216626628706016,"Ka Promise kalya Ati Shani???

Ni pa Wanu lelo!!",2026-05-04T14:01:35.261937+00:00,https://www.facebook.com/100057335174945/posts/1029321325655697/?app=fbl,ka promise kalya ati shani ni pa wanu lelo,9,ka promise kalya ati shani ni pa wanu lelo,False,0.3182,positive,0.3182,0.223,0.777,0.0,positive,0.3182,positive,False,0.0,,9,1,0.0,0.0,0.0,0.1111111111111111,0.0,0.0,0.0,False,1,no_energy_or_zesco_terms,promise
543388588052603,Koma nikuti doba uku manje,2026-05-04T14:01:35.261939+00:00,https://www.facebook.com/100057335174945/posts/1029321325655697/?app=fbl,koma nikuti doba uku manje,5,koma nikuti doba uku manje,False,0.0,neutral,-0.3,0.0,1.0,0.0,negative,-0.3,negative,True,-0.3,manje,5,0,0.0,0.0,0.0,0.0,0.0,0.0,0.0,False,0,no_energy_or_zesco_terms,
8382745345142486,Ati pa wanu nyoko nyoko! Misula shenu,2026-05-04T14:01:35.261944+00:00,https://www.facebook.com/100057335174945/posts/1029321325655697/?app=fbl,ati pa wanu nyoko nyoko misula shenu,7,ati pa wanu nyoko nyoko misula shenu,False,0.0,neutral,-1.0,0.0,1.0,0.0,negative,-1.0,negative,True,-1.0,nyoko,7,0,0.0,0.0,0.0,0.0,0.0,0.0,0.0,False,0,no_energy_or_zesco_terms,
1065276868545722,Tracy Lwando I think we need to remind these guys kuti lelo nipa 1 ka,2026-05-04T14:01:35.261910+00:00,https://www.facebook.com/100057335174945/posts/1029321325655697/?app=fbl,tracy lwando i think we need to remind these guys kuti lelo nipa 1 ka,15,nonde sinkala michili tikali mu september,False,0.0,neutral,0.0,0.0,1.0,0.0,neutral,0.0,neutral,False,0.0,,6,0,0.0,0.0,0.0,0.0,0.0,0.0,0.0,False,0,no_energy_or_zesco_terms,
1048814180244579,"You thought October won't arrive ka, here we are in October. Give us the schedule boss",2026-05-04T14:01:35.261956+00:00,https://www.facebook.com/100057335174945/posts/1029321325655697/?app=fbl,you thought october won t arrive ka here we are in october give us the schedule boss,17,thought october won t arrive ka october give us schedule boss,False,0.5719,positive,0.5719,0.291,0.709,0.0,positive,0.5719,positive,False,0.0,,11,2,0.0,0.1818181818181818,0.0,0.0,0.0,0.1818181818181818,0.0,False,2,no_energy_or_zesco_terms,"october,schedule"
520241480737069,Nipa 1 lelo noti atishani 😂,2026-05-04T14:01:35.261974+00:00,https://www.facebook.com/100057335174945/posts/1029321325655697/?app=fbl,nipa 1 lelo noti atishani 😂,5,nipa 1 lelo noti atishani,False,0.0,neutral,0.0,0.0,1.0,0.0,neutral,0.0,neutral,False,0.0,,5,0,0.0,0.0,0.0,0.0,0.0,0.0,0.0,False,0,no_energy_or_zesco_terms,
1873621619794130,Ba Ze nipa 1 Okotomber lelo,2026-05-04T14:01:35.261990+00:00,https://www.facebook.com/100057335174945/posts/1029321325655697/?app=fbl,ba ze nipa 1 okotomber lelo,6,ba ze nipa 1 okotomber lelo,False,0.0,neutral,0.0,0.0,1.0,0.0,neutral,0.0,neutral,False,0.0,,6,0,0.0,0.0,0.0,0.0,0.0,0.0,0.0,False,0,no_energy_or_zesco_terms,
888351559872858,"Did they mention which year???
Yes it's first October but they didn't mention which year of the first October.
Ba sir politicain is not your friend",2026-05-04T14:01:35.261999+00:00,https://www.facebook.com/100057335174945/posts/1029321325655697/?app=fbl,did they mention which year yes it s first october but they didn t mention which year of the first october ba sir politicain is not your friend,28,mention year yes s first october didn t mention year first october ba sir politicain friend,False,0.7096,positive,0.7096,0.33,0.67,0.0,positive,0.7096,positive,False,0.0,,16,2,0.0,0.0,0.0,0.125,0.0,0.0,0.0,False,1,no_energy_or_zesco_terms,october
2263675380677956,Va  zee vo zizila,2026-05-04T14:01:35.262004+00:00,https://www.facebook.com/100057335174945/posts/1029321325655697/?app=fbl,va zee vo zizila,4,va zee vo zizila,False,0.0,neutral,-0.5,0.0,1.0,0.0,negative,-0.5,negative,True,-0.5,zee,4,0,0.0,0.0,0.0,0.0,0.0,0.0,0.0,False,0,no_energy_or_zesco_terms,
837714051859880,Somebody to please hack this page 🤣,2026-05-04T14:01:35.262006+00:00,https://www.facebook.com/100057335174945/posts/1029321325655697/?app=fbl,somebody to please hack this page 🤣,6,somebody please hack page,False,0.3182,positive,0.3182,0.434,0.566,0.0,positive,0.3182,positive,False,0.0,,4,0,0.0,0.0,0.0,0.0,0.0,0.0,0.0,False,0,no_energy_or_zesco_terms,
520241480737069,Nipa 1 lelo noti atishani 😂,2026-05-04T14:01:35.261974+00:00,https://www.facebook.com/100057335174945/posts/1029321325655697/?app=fbl,nipa 1 lelo noti atishani 😂,5,musa banda iwe ati shani ile runinga,False,0.0,neutral,0.0,0.0,1.0,0.0,neutral,0.0,neutral,False,0.0,,7,0,0.0,0.0,0.0,0.0,0.0,0.0,0.0,False,0,no_energy_or_zesco_terms,
520241480737069,Nipa 1 lelo noti atishani 😂,2026-05-04T14:01:35.261974+00:00,https://www.facebook.com/100057335174945/posts/1029321325655697/?app=fbl,nipa 1 lelo noti atishani 😂,5,joshua thabo mulele lol imei still running lol,False,0.6808,positive,0.6808,0.483,0.517,0.0,positive,0.6808,positive,False,0.0,,8,0,0.0,0.0,0.0,0.0,0.0,0.0,0.0,False,0,no_energy_or_zesco_terms,
1221935542342664,😤😤 1 October! 1 October!  1 October! 1 October!,2026-05-04T14:01:35.262030+00:00,https://www.facebook.com/100057335174945/posts/1029321325655697/?app=fbl,😤😤 1 october 1 october 1 october 1 october,8,1 october 1 october 1 october 1 october,False,0.0,neutral,0.0,0.0,1.0,0.0,neutral,0.0,neutral,False,0.0,,8,0,0.0,0.0,0.0,0.0,0.0,0.0,0.0,False,1,no_energy_or_zesco_terms,october
1526210814682432,Ba zesiko in my area thieves has stolen your chitambo chamalaiti coz of you faki pulomisezi  since Friday we haven't seen  amalait elo today Nipa wanu October wee 😒😒tizachita bwanji apa loomba????,2026-05-04T14:01:35.262042+00:00,https://www.facebook.com/100057335174945/posts/1029321325655697/?app=fbl,ba zesiko in my area thieves has stolen your chitambo chamalaiti coz of you faki pulomisezi since friday we haven t seen amalait elo today nipa wanu october wee 😒😒tizachita bwanji apa loomba,33,ba zesiko area thieves stolen chitambo chamalaiti coz faki pulomisezi since friday haven t seen amalait elo today nipa wanu october wee tizachita bwanji apa loomba,False,-0.7579,negative,-0.7579,0.0,0.78,0.22,negative,-0.7579,negative,False,0.0,,26,2,0.0384615384615384,0.0,0.0,0.0384615384615384,0.0,0.0,0.0192307692307692,False,1,no_energy_or_zesco_terms,october
27616934051227122,You are still ku meeting aiii you guys,2026-05-04T14:01:35.262060+00:00,https://www.facebook.com/100057335174945/posts/1029321325655697/?app=fbl,you are still ku meeting aiii you guys,8,still ku meeting aiii guys,False,0.0,neutral,0.0,0.0,1.0,0.0,neutral,0.0,neutral,False,0.0,,5,0,0.0,0.0,0.0,0.0,0.0,0.0,0.0,False,0,no_energy_or_zesco_terms,
1604015197209519,"Imwe bakembo nipa 1 lelo, don't start tuma stories kwayamba ukukaba",2026-05-04T14:01:35.262068+00:00,https://www.facebook.com/100057335174945/posts/1029321325655697/?app=fbl,imwe bakembo nipa 1 lelo don t start tuma stories kwayamba ukukaba,12,imwe bakembo nipa 1 lelo don t start tuma stories kwayamba ukukaba,False,0.0,neutral,0.0,0.0,1.0,0.0,neutral,0.0,neutral,False,0.0,,12,2,0.0,0.0833333333333333,0.0,0.0833333333333333,0.0,0.0833333333333333,0.0,False,0,no_energy_or_zesco_terms,
1969815846775559,"All these guyz needs to be fired and bring people on board with open minded and zealous to find solutions. There people out there who are capable to find solutions, we need to avoid this same situation next year.",2026-05-04T14:01:35.262070+00:00,https://www.facebook.com/100057335174945/posts/1029321325655697/?app=fbl,all these guyz needs to be fired and bring people on board with open minded and zealous to find solutions there people out there who are capable to find solutions we need to avoid this same situation next year,39,guyz needs fired bring people board open minded zealous find solutions people capable find solutions need avoid same situation next year,False,-0.0772,negative,-0.0772,0.265,0.53,0.205,negative,-0.0772,negative,False,0.0,,21,3,0.0,0.0476190476190476,0.0476190476190476,0.0476190476190476,0.0,0.0476190476190476,0.0,False,0,no_energy_or_zesco_terms,
561852836192549,"Indeed tables turn. A key life lesson can be drawn from this situation. Anyway, what am I even saying? Today is 1 October we expect 3 hrs of load shading as articulated by the minister last month.",2026-05-04T14:01:35.262077+00:00,https://www.facebook.com/100057335174945/posts/1029321325655697/?app=fbl,indeed tables turn a key life lesson can be drawn from this situation anyway what am i even saying today is 1 october we expect 3 hrs of load shading as articulated by the minister last month,37,indeed tables turn key life lesson drawn situation anyway even saying today 1 october expect 3 hrs load shading articulated minister last month,False,0.0,neutral,0.0,0.0,1.0,0.0,neutral,0.0,neutral,False,0.0,,23,2,0.0,0.0869565217391304,0.0,0.0869565217391304,0.0,0.0869565217391304,0.0,False,2,no_energy_or_zesco_terms,"hrs,october"
1073389894142647,The president lies. How do you guys expect them not to lie?,2026-05-04T14:01:35.262085+00:00,https://www.facebook.com/100057335174945/posts/1029321325655697/?app=fbl,the president lies how do you guys expect them not to lie,12,president lies how guys expect lie,False,-0.4215,negative,-0.4215,0.0,0.641,0.359,negative,-0.4215,negative,False,0.0,,6,3,0.1666666666666666,0.1666666666666666,0.0,0.3333333333333333,0.1666666666666666,0.1666666666666666,0.1666666666666666,False,0,no_energy_or_zesco_terms,
1073389894142647,The president lies. How do you guys expect them not to lie?,2026-05-04T14:01:35.262085+00:00,https://www.facebook.com/100057335174945/posts/1029321325655697/?app=fbl,the president lies how do you guys expect them not to lie,12,mwewa gift know freedom don t closs line,False,0.7964,positive,0.7964,0.587,0.413,0.0,positive,0.7964,positive,False,0.0,,8,3,0.0,0.125,0.0,0.25,0.0,0.125,0.0,False,1,no_energy_or_zesco_terms,line
1073389894142647,The president lies. How do you guys expect them not to lie?,2026-05-04T14:01:35.262085+00:00,https://www.facebook.com/100057335174945/posts/1029321325655697/?app=fbl,the president lies how do you guys expect them not to lie,12,mrgarry zambia get,False,0.0,neutral,0.0,0.0,1.0,0.0,neutral,0.0,neutral,False,0.0,,3,0,0.0,0.0,0.0,0.0,0.0,0.0,0.0,False,0,no_energy_or_zesco_terms,
1076544780741227,Goodmorning today is the first,2026-05-04T14:01:35.262108+00:00,https://www.facebook.com/100057335174945/posts/1029321325655697/?app=fbl,goodmorning today is the first,5,goodmorning today first,False,0.0,neutral,0.0,0.0,1.0,0.0,neutral,0.0,neutral,False,0.0,,3,0,0.0,0.0,0.0,0.0,0.0,0.0,0.0,False,0,no_energy_or_zesco_terms,
3872353856318219,Mwila twangasha it was at least to be normalized today but what kind of nonsense are you telling us again elo it can never me,2026-05-04T14:01:35.262127+00:00,https://www.facebook.com/100057335174945/posts/1029321325655697/?app=fbl,mwila twangasha it was at least to be normalized today but what kind of nonsense are you telling us again elo it can never me,25,mwila twangasha least normalized today kind nonsense telling us elo never,False,0.1779,positive,0.1779,0.225,0.596,0.179,positive,0.1779,positive,False,0.0,,11,2,0.0,0.0,0.0,0.0909090909090909,0.0,0.0,0.0,False,0,no_energy_or_zesco_terms,
422348020498351,Naka kuchita stabilise vintu kwalakwa cha? Sipa 1 lelo🤨,2026-05-04T14:01:35.262129+00:00,https://www.facebook.com/100057335174945/posts/1029321325655697/?app=fbl,naka kuchita stabilise vintu kwalakwa cha sipa 1 lelo🤨,9,naka kuchita stabilise vintu kwalakwa cha sipa 1 lelo,False,0.0,neutral,0.0,0.0,1.0,0.0,neutral,0.0,neutral,False,0.0,,9,0,0.0,0.0,0.0,0.0,0.0,0.0,0.0,False,0,no_energy_or_zesco_terms,
850448113530235,We want our schedule noti this,2026-05-04T14:01:35.262131+00:00,https://www.facebook.com/100057335174945/posts/1029321325655697/?app=fbl,we want our schedule noti this,6,want schedule noti,False,0.0772,positive,0.0772,0.394,0.606,0.0,positive,0.0772,positive,False,0.0,,3,0,0.0,0.0,0.0,0.0,0.0,0.0,0.0,False,1,no_energy_or_zesco_terms,schedule
1585824725364023,Positive results as promised are the things we are looking for don't ama panel fyaku mushi ifyoo,2026-05-04T14:01:35.262138+00:00,https://www.facebook.com/100057335174945/posts/1029321325655697/?app=fbl,positive results as promised are the things we are looking for don t ama panel fyaku mushi ifyoo,18,positive results promised things looking don t ama panel fyaku mushi ifyoo,False,0.7269,positive,0.7269,0.404,0.596,0.0,positive,0.7269,positive,False,0.0,,12,1,0.0,0.0,0.0,0.0833333333333333,0.0,0.0,0.0,False,1,no_energy_or_zesco_terms,promised
1269584484485241,"Lelo nipa wanu,so chilibwa?

Problem muli naboza bonse uko Ku side😕",2026-05-04T14:01:35.262141+00:00,https://www.facebook.com/100057335174945/posts/1029321325655697/?app=fbl,lelo nipa wanu so chilibwa problem muli naboza bonse uko ku side😕,12,lelo nipa wanu chilibwa problem muli naboza bonse uko ku side,False,-0.4019,negative,-0.4019,0.0,0.787,0.213,negative,-0.4019,negative,False,0.0,,11,1,0.0,0.0,0.0909090909090909,0.0,0.0909090909090909,0.0,0.0454545454545454,False,0,no_energy_or_zesco_terms,
876487240776944,Some post clearly indicate that things are not yet stable🙆🏻‍♂️ the date can not fix the issue at hand,2026-05-04T14:01:35.262143+00:00,https://www.facebook.com/100057335174945/posts/1029321325655697/?app=fbl,some post clearly indicate that things are not yet stable🙆🏻‍♂️ the date can not fix the issue at hand,19,post clearly indicate things yet stable date fix issue hand,False,0.7964,positive,0.7964,0.536,0.464,0.0,positive,0.7964,positive,False,0.0,,10,1,0.0,0.0,0.0,0.1,0.0,0.0,0.0,False,1,no_energy_or_zesco_terms,stable
2573420396189664,You better stop sending this statement on Facebook coz we are not interested in such things to us,2026-05-04T14:01:35.262154+00:00,https://www.facebook.com/100057335174945/posts/1029321325655697/?app=fbl,you better stop sending this statement on facebook coz we are not interested in such things to us,18,better stop sending statement facebook coz interested such things us,False,0.5267,positive,0.5267,0.378,0.473,0.149,positive,0.5267,positive,False,0.0,,10,2,0.0,0.0,0.0,0.1,0.1,0.0,0.05,False,0,no_energy_or_zesco_terms,
936268835214047,The are doing phase three annual maintenance ku mamba starting Lelo 😭😭😭🤣,2026-05-04T14:01:35.262179+00:00,https://www.facebook.com/100057335174945/posts/1029321325655697/?app=fbl,the are doing phase three annual maintenance ku mamba starting lelo 😭😭😭🤣,11,doing phase three annual maintenance ku mamba starting lelo,False,0.0,neutral,0.0,0.0,1.0,0.0,neutral,0.0,neutral,False,0.0,,9,1,0.0,0.0,0.0,0.1111111111111111,0.0,0.0,0.0,False,0,no_energy_or_zesco_terms,
521654363945432,where's the new schedule?,2026-05-04T14:01:35.262188+00:00,https://www.facebook.com/100057335174945/posts/1029321325655697/?app=fbl,where s the new schedule,5,s new schedule,False,0.0,neutral,0.0,0.0,1.0,0.0,neutral,0.0,neutral,False,0.0,,3,0,0.0,0.0,0.0,0.0,0.0,0.0,0.0,False,1,no_energy_or_zesco_terms,schedule
1781796899224303,Imwe you said pa 1 te? Tiyeni give us kaili🙄,2026-05-04T14:01:35.262196+00:00,https://www.facebook.com/100057335174945/posts/1029321325655697/?app=fbl,imwe you said pa 1 te tiyeni give us kaili🙄,10,imwe said pa 1 te tiyeni give us kaili,False,0.0,neutral,-0.2,0.0,1.0,0.0,negative,-0.2,negative,True,-0.2,kaili,9,0,0.0,0.0,0.0,0.0,0.0,0.0,0.0,False,1,no_energy_or_zesco_terms,said
363593323497555,Did you mean 1 October 2024 or which year,2026-05-04T14:01:35.262199+00:00,https://www.facebook.com/100057335174945/posts/1029321325655697/?app=fbl,did you mean 1 october 2024 or which year,9,mean 1 october 2024 year,False,0.0,neutral,0.0,0.0,1.0,0.0,neutral,0.0,neutral,False,0.0,,5,0,0.0,0.0,0.0,0.0,0.0,0.0,0.0,False,1,no_energy_or_zesco_terms,october
3776966142524873,Lelo ni pa 1 manje bakamba chani futi,2026-05-04T14:01:35.262201+00:00,https://www.facebook.com/100057335174945/posts/1029321325655697/?app=fbl,lelo ni pa 1 manje bakamba chani futi,8,lelo ni pa 1 manje bakamba chani futi,False,0.0,neutral,-0.3,0.0,1.0,0.0,negative,-0.3,negative,True,-0.3,manje,8,0,0.0,0.0,0.0,0.0,0.0,0.0,0.0,False,0,no_energy_or_zesco_terms,
3776966142524873,Lelo ni pa 1 manje bakamba chani futi,2026-05-04T14:01:35.262201+00:00,https://www.facebook.com/100057335174945/posts/1029321325655697/?app=fbl,lelo ni pa 1 manje bakamba chani futi,8,kanyuka benjamin iwe nipase ndalama zanga,False,0.0,neutral,0.0,0.0,1.0,0.0,neutral,0.0,neutral,False,0.0,,6,0,0.0,0.0,0.0,0.0,0.0,0.0,0.0,False,0,no_energy_or_zesco_terms,
1748496755688371,Bartar system kwena just start giving them money I will encourage many 😂,2026-05-04T14:01:35.262223+00:00,https://www.facebook.com/100057335174945/posts/1029321325655697/?app=fbl,bartar system kwena just start giving them money i will encourage many 😂,12,bartar system kwena just start giving money encourage many,False,0.6908,positive,0.6908,0.449,0.551,0.0,positive,0.6908,positive,False,0.0,,9,5,0.1111111111111111,0.2222222222222222,0.0,0.3333333333333333,0.0,0.2222222222222222,0.0555555555555555,False,0,no_energy_or_zesco_terms,
936973861600142,We are still waiting for the new schedule kindly update us.,2026-05-04T14:01:35.262228+00:00,https://www.facebook.com/100057335174945/posts/1029321325655697/?app=fbl,we are still waiting for the new schedule kindly update us,11,still waiting new schedule kindly update us,False,0.4939,positive,0.4939,0.348,0.652,0.0,positive,0.4939,positive,False,0.0,,7,0,0.0,0.0,0.0,0.0,0.0,0.0,0.0,False,2,no_energy_or_zesco_terms,"schedule,update"
887207466696116,Agreement ati bwanji? Should we buy relish??,2026-05-04T14:01:35.262234+00:00,https://www.facebook.com/100057335174945/posts/1029321325655697/?app=fbl,agreement ati bwanji should we buy relish,7,agreement ati bwanji should buy relish,False,0.4939,positive,0.4939,0.39,0.61,0.0,positive,0.4939,positive,False,0.0,,6,1,0.0,0.0,0.0,0.1666666666666666,0.0,0.0,0.0,False,0,no_energy_or_zesco_terms,
1212320566709406,We are waiting for a press briefing katwishi maybe ni update 🤔 lelo niseputemba 1nu,2026-05-04T14:01:35.262246+00:00,https://www.facebook.com/100057335174945/posts/1029321325655697/?app=fbl,we are waiting for a press briefing katwishi maybe ni update 🤔 lelo niseputemba 1nu,14,waiting press briefing katwishi maybe ni update lelo niseputemba 1nu,False,0.0,neutral,0.0,0.0,1.0,0.0,neutral,0.0,neutral,False,0.0,,10,0,0.0,0.0,0.0,0.0,0.0,0.0,0.0,False,1,no_energy_or_zesco_terms,update
1190504552175436,Today is 1 October give us reasonable updates,2026-05-04T14:01:35.262255+00:00,https://www.facebook.com/100057335174945/posts/1029321325655697/?app=fbl,today is 1 october give us reasonable updates,8,today 1 october give us reasonable updates,False,0.0,neutral,0.0,0.0,1.0,0.0,neutral,0.0,neutral,False,0.0,,7,0,0.0,0.0,0.0,0.0,0.0,0.0,0.0,False,1,no_energy_or_zesco_terms,october
551518730868936,Nga ifi lelo nipa one imwe,2026-05-04T14:01:35.262262+00:00,https://www.facebook.com/100057335174945/posts/1029321325655697/?app=fbl,nga ifi lelo nipa one imwe,6,nga ifi lelo nipa imwe,False,0.0,neutral,0.0,0.0,1.0,0.0,neutral,0.0,neutral,False,0.0,,5,0,0.0,0.0,0.0,0.0,0.0,0.0,0.0,False,0,no_energy_or_zesco_terms,
424091323650696,Not ify lelo ni pa 1 October you just misleading the nation ..,2026-05-04T14:01:35.262275+00:00,https://www.facebook.com/100057335174945/posts/1029321325655697/?app=fbl,not ify lelo ni pa 1 october you just misleading the nation,12,ify lelo ni pa 1 october just misleading nation,False,-0.4019,negative,-0.4019,0.0,0.722,0.278,negative,-0.4019,negative,False,0.0,,9,2,0.1111111111111111,0.0,0.0,0.1111111111111111,0.0,0.0,0.0555555555555555,False,1,no_energy_or_zesco_terms,october
904776834841201,So we are still in September aini🙄🙄,2026-05-04T14:01:35.262280+00:00,https://www.facebook.com/100057335174945/posts/1029321325655697/?app=fbl,so we are still in september aini🙄🙄,7,still september aini,False,0.0,neutral,0.0,0.0,1.0,0.0,neutral,0.0,neutral,False,0.0,,3,0,0.0,0.0,0.0,0.0,0.0,0.0,0.0,False,0,no_energy_or_zesco_terms,
1253617688994665,Honorable nipa first October lelo mwachita shani,2026-05-04T14:01:35.262299+00:00,https://www.facebook.com/100057335174945/posts/1029321325655697/?app=fbl,honorable nipa first october lelo mwachita shani,7,honorable nipa first october lelo mwachita shani,False,0.5423,positive,0.5423,0.368,0.632,0.0,positive,0.5423,positive,False,0.0,,7,1,0.0,0.0,0.0,0.1428571428571428,0.0,0.0,0.0,False,1,no_energy_or_zesco_terms,october
583637210656528,Alo ma workers ba bashi promise lelo nipa 1 weh,2026-05-04T14:01:35.262301+00:00,https://www.facebook.com/100057335174945/posts/1029321325655697/?app=fbl,alo ma workers ba bashi promise lelo nipa 1 weh,10,alo ma workers ba bashi promise lelo nipa 1 weh,False,0.3182,positive,0.3182,0.223,0.777,0.0,positive,0.3182,positive,False,0.0,,10,1,0.0,0.0,0.0,0.1,0.0,0.0,0.0,False,1,no_energy_or_zesco_terms,promise
531724349507465,"Should we come to your office with calendars, today is 1",2026-05-04T14:01:35.262303+00:00,https://www.facebook.com/100057335174945/posts/1029321325655697/?app=fbl,should we come to your office with calendars today is 1,11,should come office calendars today 1,False,0.0,neutral,0.0,0.0,1.0,0.0,neutral,0.0,neutral,False,0.0,,6,0,0.0,0.0,0.0,0.0,0.0,0.0,0.0,False,1,no_energy_or_zesco_terms,come
944683267676775,Tell us something we want to hear not these noses,2026-05-04T14:01:35.262306+00:00,https://www.facebook.com/100057335174945/posts/1029321325655697/?app=fbl,tell us something we want to hear not these noses,10,tell us something want hear noses,False,0.0772,positive,0.0772,0.206,0.794,0.0,positive,0.0772,positive,False,0.0,,6,0,0.0,0.0,0.0,0.0,0.0,0.0,0.0,False,0,no_energy_or_zesco_terms,
403212272830364,Lelo it’s October we are waiting for you not this rubbish,2026-05-04T14:01:35.262322+00:00,https://www.facebook.com/100057335174945/posts/1029321325655697/?app=fbl,lelo it’s october we are waiting for you not this rubbish,12,lelo s october waiting rubbish,False,0.0,neutral,0.0,0.0,1.0,0.0,neutral,0.0,neutral,False,0.0,,5,1,0.0,0.0,0.0,0.0,0.0,0.0,0.0,False,1,no_energy_or_zesco_terms,october
1453290252004950,Awe lelo ni pa 1🤧 just do as you promised,2026-05-04T14:01:35.262326+00:00,https://www.facebook.com/100057335174945/posts/1029321325655697/?app=fbl,awe lelo ni pa 1🤧 just do as you promised,10,awe lelo ni pa 1 just promised,False,0.3612,positive,-0.3387999999999999,0.333,0.667,0.0,negative,-0.3387999999999999,negative,True,-0.7,awe,7,0,0.0,0.0,0.0,0.0,0.0,0.0,0.0,False,1,no_energy_or_zesco_terms,promised
523673053604838,"Tali lelo nipa one.
This is not the update we want 😒....",2026-05-04T14:01:35.262332+00:00,https://www.facebook.com/100057335174945/posts/1029321325655697/?app=fbl,tali lelo nipa one this is not the update we want 😒,11,tali lelo nipa update want,False,0.0772,positive,0.0772,0.245,0.755,0.0,positive,0.0772,positive,False,0.0,,5,0,0.0,0.0,0.0,0.0,0.0,0.0,0.0,False,1,no_energy_or_zesco_terms,update
3907429466155481,Nipa 1 lelo weh,2026-05-04T14:01:35.262336+00:00,https://www.facebook.com/100057335174945/posts/1029321325655697/?app=fbl,nipa 1 lelo weh,4,nipa 1 lelo weh,False,0.0,neutral,0.0,0.0,1.0,0.0,neutral,0.0,neutral,False,0.0,,4,0,0.0,0.0,0.0,0.0,0.0,0.0,0.0,False,0,no_energy_or_zesco_terms,
1469553703616764,Imwe na bashi promise same Whatsapp group 😔😔😔,2026-05-04T14:01:35.262343+00:00,https://www.facebook.com/100057335174945/posts/1029321325655697/?app=fbl,imwe na bashi promise same whatsapp group 😔😔😔,7,imwe na bashi promise same whatsapp group,False,0.3182,positive,0.3182,0.277,0.723,0.0,positive,0.3182,positive,False,0.0,,7,1,0.0,0.0,0.0,0.1428571428571428,0.0,0.0,0.0,False,2,no_energy_or_zesco_terms,"group,promise"
1067016445144046,Will this company ever be reliable?🤦,2026-05-04T14:01:35.262348+00:00,https://www.facebook.com/100057335174945/posts/1029321325655697/?app=fbl,will this company ever be reliable 🤦,6,company ever reliable,False,0.0,neutral,0.0,0.0,1.0,0.0,neutral,0.0,neutral,False,0.0,,3,1,0.0,0.0,0.0,0.3333333333333333,0.0,0.0,0.0,False,0,no_energy_or_zesco_terms,
1064695111311518,Lelo nipa wanu okutoba. Shani that ka thing you promised,2026-05-04T14:01:35.262353+00:00,https://www.facebook.com/100057335174945/posts/1029321325655697/?app=fbl,lelo nipa wanu okutoba shani that ka thing you promised,10,lelo nipa wanu okutoba shani ka thing promised,False,0.3612,positive,0.3612,0.263,0.737,0.0,positive,0.3612,positive,False,0.0,,8,0,0.0,0.0,0.0,0.0,0.0,0.0,0.0,False,1,no_energy_or_zesco_terms,promised
555968896785221,Chilishani kanshi tepa wanu lelo😏,2026-05-04T14:01:35.262355+00:00,https://www.facebook.com/100057335174945/posts/1029321325655697/?app=fbl,chilishani kanshi tepa wanu lelo😏,5,chilishani kanshi tepa wanu lelo,False,0.0,neutral,0.0,0.0,1.0,0.0,neutral,0.0,neutral,False,0.0,,5,0,0.0,0.0,0.0,0.0,0.0,0.0,0.0,False,0,no_energy_or_zesco_terms,
1513984719324060,It’s 1 October what’s your plan?,2026-05-04T14:01:35.262368+00:00,https://www.facebook.com/100057335174945/posts/1029321325655697/?app=fbl,it’s 1 october what’s your plan,8,s 1 october s plan,False,0.0,neutral,0.0,0.0,1.0,0.0,neutral,0.0,neutral,False,0.0,,5,1,0.0,0.2,0.0,0.0,0.0,0.2,0.0,False,1,no_energy_or_zesco_terms,october
538309055404165,We are waiting for Another Lie cause today it's 1 October emwe ba fika............,2026-05-04T14:01:35.262370+00:00,https://www.facebook.com/100057335174945/posts/1029321325655697/?app=fbl,we are waiting for another lie cause today it s 1 october emwe ba fika,15,waiting another lie cause today s 1 october emwe ba fika,False,0.0,neutral,0.0,0.0,1.0,0.0,neutral,0.0,neutral,False,0.0,,11,1,0.0909090909090909,0.0,0.0,0.0,0.0909090909090909,0.0,0.0909090909090909,False,1,no_energy_or_zesco_terms,october
564369692691968,Icemeni and do the needful...,2026-05-04T14:01:35.262375+00:00,https://www.facebook.com/100057335174945/posts/1029321325655697/?app=fbl,icemeni and do the needful,5,icemeni needful,False,0.0,neutral,0.0,0.0,1.0,0.0,neutral,0.0,neutral,False,0.0,,2,1,0.0,0.0,0.0,0.0,0.0,0.0,0.0,False,0,no_energy_or_zesco_terms,
503200179151387,Zambians don't forget nipa one lelo just do the needful,2026-05-04T14:01:35.262377+00:00,https://www.facebook.com/100057335174945/posts/1029321325655697/?app=fbl,zambians don t forget nipa one lelo just do the needful,11,zambians don t forget nipa lelo just needful,False,-0.2263,negative,-0.2263,0.0,0.759,0.241,negative,-0.2263,negative,False,0.0,,8,3,0.0,0.0,0.0,0.125,0.0,0.0,0.0,False,0,no_energy_or_zesco_terms,
1528680551089815,Imwe give us the time table no one will come through pali ivo.,2026-05-04T14:01:35.262379+00:00,https://www.facebook.com/100057335174945/posts/1029321325655697/?app=fbl,imwe give us the time table no one will come through pali ivo,13,imwe give us time table come through pali ivo,False,0.0,neutral,0.0,0.0,1.0,0.0,neutral,0.0,neutral,False,0.0,,9,1,0.0,0.1111111111111111,0.0,0.0,0.0,0.1111111111111111,0.0,False,1,no_energy_or_zesco_terms,come
859834229600014,Definition of a toxic relationship 🤣🙌🏽🔥,2026-05-04T14:01:35.262382+00:00,https://www.facebook.com/100057335174945/posts/1029321325655697/?app=fbl,definition of a toxic relationship 🤣🙌🏽🔥,5,definition toxic relationship,False,0.0,neutral,0.0,0.0,1.0,0.0,neutral,0.0,neutral,False,0.0,,3,1,0.0,0.0,0.0,0.0,0.0,0.0,0.0,False,0,matched_off_topic_terms_only,relationship
1503361923689260,Thank you will net fimo fimo later for now You promised BENE...,2026-05-04T14:01:35.262384+00:00,https://www.facebook.com/100057335174945/posts/1029321325655697/?app=fbl,thank you will net fimo fimo later for now you promised bene,12,thank net fimo fimo later now promised bene,False,0.6124,positive,0.6124,0.455,0.545,0.0,positive,0.6124,positive,False,0.0,,8,0,0.0,0.0,0.0,0.0,0.0,0.0,0.0,False,1,no_energy_or_zesco_terms,promised
1163113941452762,lol am not trading my excess to anyone  better fye I leave all my appliances on 😎😎🤣😂,2026-05-04T14:01:35.262386+00:00,https://www.facebook.com/100057335174945/posts/1029321325655697/?app=fbl,lol am not trading my excess to anyone better fye i leave all my appliances on 😎😎🤣😂,16,lol trading excess anyone better fye leave appliances,True,0.6705,positive,0.6705,0.479,0.42,0.101,negative,0.6705,negative,False,0.0,,8,2,0.0,0.0,0.0,0.0,0.125,0.0,0.0625,False,0,no_energy_or_zesco_terms,
3825460564449235,so people took it seriously about first October 🤣🤣 benzo sekako chabe 🤣🤣,2026-05-04T14:01:35.262397+00:00,https://www.facebook.com/100057335174945/posts/1029321325655697/?app=fbl,so people took it seriously about first october 🤣🤣 benzo sekako chabe 🤣🤣,11,people took seriously first october benzo sekako chabe,False,-0.1779,negative,-0.1779,0.0,0.805,0.195,negative,-0.1779,negative,False,0.0,,8,0,0.0,0.0,0.0,0.0,0.0,0.0,0.0,False,1,no_energy_or_zesco_terms,october
557238280211906,"Patiently waiting, kaili lelo nipa is 1 October",2026-05-04T14:01:35.262409+00:00,https://www.facebook.com/100057335174945/posts/1029321325655697/?app=fbl,patiently waiting kaili lelo nipa is 1 october,8,patiently waiting kaili lelo nipa 1 october,False,0.0,neutral,-0.2,0.0,1.0,0.0,negative,-0.2,negative,True,-0.2,kaili,7,0,0.0,0.0,0.0,0.0,0.0,0.0,0.0,False,1,no_energy_or_zesco_terms,october
551414327397588,Today is 1 October you lied te,2026-05-04T14:01:35.262414+00:00,https://www.facebook.com/100057335174945/posts/1029321325655697/?app=fbl,today is 1 october you lied te,7,today 1 october lied te,False,-0.3818,negative,-0.3818,0.0,0.536,0.464,negative,-0.3818,negative,False,0.0,,5,0,0.0,0.0,0.0,0.0,0.0,0.0,0.0,False,1,no_energy_or_zesco_terms,october
898460641614147,Ni pa 1october lelo we want to see change not ivo,2026-05-04T14:01:35.262416+00:00,https://www.facebook.com/100057335174945/posts/1029321325655697/?app=fbl,ni pa 1october lelo we want to see change not ivo,11,ni pa 1october lelo want see change ivo,False,0.0772,positive,0.0772,0.157,0.843,0.0,positive,0.0772,positive,False,0.0,,8,1,0.0,0.0,0.125,0.0,0.0,0.0,0.0,False,0,no_energy_or_zesco_terms,
1281782283189242,Shame on you who have posted this coz you don't feel for your people,2026-05-04T14:01:35.262420+00:00,https://www.facebook.com/100057335174945/posts/1029321325655697/?app=fbl,shame on you who have posted this coz you don t feel for your people,15,shame posted coz don t feel people,False,-0.4767,negative,-0.4767,0.0,0.617,0.383,negative,-0.4767,negative,False,0.0,,7,2,0.0,0.0,0.1428571428571428,0.1428571428571428,0.1428571428571428,0.0,0.0714285714285714,False,0,no_energy_or_zesco_terms,
1996734767427902,Stop playing with us naimwe lelo nipa1 October and those tuma silly steps keep it for your self nabambi nabambi,2026-05-04T14:01:35.262423+00:00,https://www.facebook.com/100057335174945/posts/1029321325655697/?app=fbl,stop playing with us naimwe lelo nipa1 october and those tuma silly steps keep it for your self nabambi nabambi,20,stop playing us naimwe lelo nipa1 october those tuma silly steps keep self nabambi nabambi,False,-0.0772,negative,-0.4772,0.17,0.702,0.129,negative,-0.4772,negative,True,-0.4,naimwe,15,1,0.0,0.0,0.0,0.0,0.0,0.0,0.0,False,1,no_energy_or_zesco_terms,october
502609179262350,One day I'll do at the moment I don't have capacity to do that,2026-05-04T14:01:35.262427+00:00,https://www.facebook.com/100057335174945/posts/1029321325655697/?app=fbl,one day i ll do at the moment i don t have capacity to do that,16,day ll moment don t capacity,False,0.0,neutral,0.0,0.0,1.0,0.0,neutral,0.0,neutral,False,0.0,,6,1,0.0,0.0,0.0,0.1666666666666666,0.0,0.0,0.0,False,0,no_energy_or_zesco_terms,
881221193942363,Kabiyeni uko mweee...we are a tired people😞😞,2026-05-04T14:01:35.262432+00:00,https://www.facebook.com/100057335174945/posts/1029321325655697/?app=fbl,kabiyeni uko mweee we are a tired people😞😞,8,kabiyeni uko mweee tired people,False,-0.4404,negative,-0.4404,0.0,0.58,0.42,negative,-0.4404,negative,False,0.0,,5,1,0.0,0.0,0.0,0.0,0.0,0.0,0.0,False,0,no_energy_or_zesco_terms,
545311258019066,Imwe teh pa 1 October lelo ???,2026-05-04T14:01:35.262439+00:00,https://www.facebook.com/100057335174945/posts/1029321325655697/?app=fbl,imwe teh pa 1 october lelo,6,imwe teh pa 1 october lelo,False,0.0,neutral,0.0,0.0,1.0,0.0,neutral,0.0,neutral,False,0.0,,6,0,0.0,0.0,0.0,0.0,0.0,0.0,0.0,False,1,no_energy_or_zesco_terms,october
2163186534066582,Bushe ni October yalelo nangula tuli nokulolela naimb?,2026-05-04T14:01:35.262446+00:00,https://www.facebook.com/100057335174945/posts/1029321325655697/?app=fbl,bushe ni october yalelo nangula tuli nokulolela naimb,8,bushe ni october yalelo nangula tuli nokulolela naimb,False,0.0,neutral,0.0,0.0,1.0,0.0,neutral,0.0,neutral,False,0.0,,8,0,0.0,0.0,0.0,0.0,0.0,0.0,0.0,False,1,no_energy_or_zesco_terms,october
1491689211709555,"Today is the 1st, not this useless post",2026-05-04T14:01:35.262449+00:00,https://www.facebook.com/100057335174945/posts/1029321325655697/?app=fbl,today is the 1st not this useless post,8,today 1st useless post,False,-0.4215,negative,-0.4215,0.0,0.517,0.483,negative,-0.4215,negative,False,0.0,,4,1,0.0,0.0,0.0,0.0,0.0,0.0,0.0,False,1,no_energy_or_zesco_terms,1st
842823977934327,But mumatisobelesa bafikala zoona ai,2026-05-04T14:01:35.262451+00:00,https://www.facebook.com/100057335174945/posts/1029321325655697/?app=fbl,but mumatisobelesa bafikala zoona ai,5,mumatisobelesa bafikala zoona ai,False,0.0,neutral,0.0,0.0,1.0,0.0,neutral,0.0,neutral,False,0.0,,4,0,0.0,0.0,0.0,0.0,0.0,0.0,0.0,False,0,no_energy_or_zesco_terms,
1082611520097179,"Today marks exactly 2 weeks ,go and do a press briefing.",2026-05-04T14:01:35.262453+00:00,https://www.facebook.com/100057335174945/posts/1029321325655697/?app=fbl,today marks exactly 2 weeks go and do a press briefing,11,today marks exactly 2 weeks go press briefing,False,0.0,neutral,0.0,0.0,1.0,0.0,neutral,0.0,neutral,False,0.0,,8,0,0.0,0.0,0.0,0.0,0.0,0.0,0.0,False,0,no_energy_or_zesco_terms,
459736713082726,But the consumer is already generating Energy,2026-05-04T14:01:35.262467+00:00,https://www.facebook.com/100057335174945/posts/1029321325655697/?app=fbl,but the consumer is already generating energy,7,consumer already generating energy,False,0.2732,positive,0.2732,0.412,0.588,0.0,positive,0.2732,positive,False,0.0,,4,0,0.0,0.0,0.0,0.0,0.0,0.0,0.0,False,0,no_energy_or_zesco_terms,
520533447253136,"Tafikwete nchito ifyo,  just give us what you promised us. Stop provoking us.",2026-05-04T14:01:35.262476+00:00,https://www.facebook.com/100057335174945/posts/1029321325655697/?app=fbl,tafikwete nchito ifyo just give us what you promised us stop provoking us,13,tafikwete nchito ifyo just give us promised us stop provoking us,False,-0.128,negative,-0.128,0.172,0.552,0.276,negative,-0.128,negative,False,0.0,,11,1,0.0909090909090909,0.0,0.0,0.0,0.0,0.0,0.0454545454545454,False,1,no_energy_or_zesco_terms,promised
1800675874007908,😂😂😂 aaaah ok muli na courage imwe  aii,2026-05-04T14:01:35.262481+00:00,https://www.facebook.com/100057335174945/posts/1029321325655697/?app=fbl,😂😂😂 aaaah ok muli na courage imwe aii,7,aaaah ok muli na courage imwe aii,False,0.6597,positive,0.6597,0.519,0.481,0.0,positive,0.6597,positive,False,0.0,,7,1,0.0,0.0,0.0,0.0,0.0,0.0,0.0,False,0,no_energy_or_zesco_terms,
550563374101318,It's 1st today stop showing us no sense and get on with it,2026-05-04T14:01:35.262485+00:00,https://www.facebook.com/100057335174945/posts/1029321325655697/?app=fbl,it s 1st today stop showing us no sense and get on with it,14,s 1st today stop showing us sense get,False,-0.296,negative,-0.296,0.0,0.732,0.268,negative,-0.296,negative,False,0.0,,8,1,0.0,0.0,0.0,0.0,0.0,0.0,0.0,False,1,no_energy_or_zesco_terms,1st
886948149657384,Just admit that you have field.... 😎,2026-05-04T14:01:35.262489+00:00,https://www.facebook.com/100057335174945/posts/1029321325655697/?app=fbl,just admit that you have field 😎,6,just admit field,False,0.2023,positive,0.2023,0.474,0.526,0.0,positive,0.2023,positive,False,0.0,,3,0,0.0,0.0,0.0,0.0,0.0,0.0,0.0,False,0,no_energy_or_zesco_terms,
2197084240647204,People are not being honest here. 😏,2026-05-04T14:01:35.262494+00:00,https://www.facebook.com/100057335174945/posts/1029321325655697/?app=fbl,people are not being honest here 😏,6,people being honest,False,0.5106,positive,0.5106,0.623,0.377,0.0,positive,0.5106,positive,False,0.0,,3,1,0.3333333333333333,0.0,0.3333333333333333,0.3333333333333333,0.3333333333333333,0.0,0.3333333333333333,False,0,no_energy_or_zesco_terms,
380111615196118,This right here is a circus act,2026-05-04T13:56:54.826153+00:00,https://www.facebook.com/100057335174945/posts/1030474368873726/?app=fbl,this right here is a circus act,7,right circus act,False,0.0,neutral,0.0,0.0,1.0,0.0,neutral,0.0,neutral,False,0.0,,3,0,0.0,0.0,0.0,0.0,0.0,0.0,0.0,False,0,no_energy_or_zesco_terms,
1935125996964359,"I don't know who needs to hear this, but 

Isaiah 60:22 
says, ""when time is right I the Lord will make it happen"".

Ecclesiastes 3 vs 11 says He makes everything beautiful in its time. 
So my encouragement today is 'don't give up'. God is mindful of you. He will also make you prosper. God knows you're tired. He knows you’re frustrated. Pray and wait. Trust His timing. He won’t let you down.
Please Bless my day with a follow, I will be glad to be followed by you🤲🏽. 
It could mean alot. Thank you 🤍",2026-05-04T13:56:54.826158+00:00,https://www.facebook.com/100057335174945/posts/1030474368873726/?app=fbl,i don t know who needs to hear this but isaiah 60 22 says when time is right i the lord will make it happen ecclesiastes 3 vs 11 says he makes everything beautiful in its time so my encouragement today is don t give up god is mindful of you he will also make you prosper god knows you re tired he knows you’re frustrated pray and wait trust his timing he won’t let you down please bless my day with a follow i will be glad to be followed by you🤲🏽 it could mean alot thank you 🤍,101,don t know needs hear isaiah 60 22 says time right lord make happen ecclesiastes 3 vs 11 says makes everything beautiful time encouragement today don t give god mindful also make prosper god knows re tired knows re frustrated pray wait trust timing won t let down please bless day follow glad followed could mean alot thank,False,0.9702,positive,0.9702,0.394,0.525,0.081,positive,0.9702,positive,False,0.0,,58,19,0.0172413793103448,0.1724137931034483,0.0517241379310344,0.1379310344827586,0.0,0.1724137931034483,0.0086206896551724,False,0,no_energy_or_zesco_terms,
862608649273728,"Why are we still on 3hours ai😡😡😡
Imwe simuna kambe ati effective October vizachinja vintu🙄",2026-05-04T13:56:54.826163+00:00,https://www.facebook.com/100057335174945/posts/1030474368873726/?app=fbl,why are we still on 3hours ai😡😡😡 imwe simuna kambe ati effective october vizachinja vintu🙄,15,still 3hours ai imwe simuna kambe ati effective october vizachinja vintu,False,0.4767,positive,0.4767,0.237,0.763,0.0,positive,0.4767,positive,False,0.0,,11,1,0.0,0.0,0.0,0.0909090909090909,0.0,0.0,0.0,False,1,no_energy_or_zesco_terms,october
1479688996132867,Nothing has changed. It's all drama everytime!,2026-05-04T13:56:54.826172+00:00,https://www.facebook.com/100057335174945/posts/1030474368873726/?app=fbl,nothing has changed it s all drama everytime,8,nothing changed s drama everytime,False,0.0,neutral,0.0,0.0,1.0,0.0,neutral,0.0,neutral,False,0.0,,5,0,0.0,0.0,0.0,0.0,0.0,0.0,0.0,False,0,no_energy_or_zesco_terms,
380111615196118,This right here is a circus act,2026-05-04T13:56:54.826153+00:00,https://www.facebook.com/100057335174945/posts/1030474368873726/?app=fbl,this right here is a circus act,7,ranting guy forgot say classic,False,0.0,neutral,0.0,0.0,1.0,0.0,neutral,0.0,neutral,False,0.0,,5,1,0.0,0.0,0.0,0.0,0.0,0.0,0.0,False,0,no_energy_or_zesco_terms,
380111615196118,This right here is a circus act,2026-05-04T13:56:54.826153+00:00,https://www.facebook.com/100057335174945/posts/1030474368873726/?app=fbl,this right here is a circus act,7,ranting guy people should resign moral grounds,False,-0.34,negative,-0.34,0.0,0.714,0.286,negative,-0.34,negative,False,0.0,,7,2,0.2857142857142857,0.0,0.1428571428571428,0.1428571428571428,0.1428571428571428,0.0,0.2142857142857142,False,0,no_energy_or_zesco_terms,
380111615196118,This right here is a circus act,2026-05-04T13:56:54.826153+00:00,https://www.facebook.com/100057335174945/posts/1030474368873726/?app=fbl,this right here is a circus act,7,ranting guy s lies lies sometimes s better keep quiet than busy make false hopes,False,0.0258,neutral,0.0258,0.281,0.443,0.276,neutral,0.0258,neutral,False,0.0,,15,1,0.0,0.0,0.0,0.0,0.0666666666666666,0.0,0.0333333333333333,False,0,no_energy_or_zesco_terms,
862608649273728,"Why are we still on 3hours ai😡😡😡
Imwe simuna kambe ati effective October vizachinja vintu🙄",2026-05-04T13:56:54.826163+00:00,https://www.facebook.com/100057335174945/posts/1030474368873726/?app=fbl,why are we still on 3hours ai😡😡😡 imwe simuna kambe ati effective october vizachinja vintu🙄,15,maclean sandra phiri ask,False,0.0,neutral,0.0,0.0,1.0,0.0,neutral,0.0,neutral,False,0.0,,4,0,0.0,0.0,0.0,0.0,0.0,0.0,0.0,False,1,no_energy_or_zesco_terms,october
862608649273728,"Why are we still on 3hours ai😡😡😡
Imwe simuna kambe ati effective October vizachinja vintu🙄",2026-05-04T13:56:54.826163+00:00,https://www.facebook.com/100057335174945/posts/1030474368873726/?app=fbl,why are we still on 3hours ai😡😡😡 imwe simuna kambe ati effective october vizachinja vintu🙄,15,maclean sandra phiri good question,False,0.4404,positive,0.4404,0.42,0.58,0.0,positive,0.4404,positive,False,0.0,,5,2,0.0,0.2,0.0,0.2,0.0,0.2,0.0,False,1,no_energy_or_zesco_terms,october
862608649273728,"Why are we still on 3hours ai😡😡😡
Imwe simuna kambe ati effective October vizachinja vintu🙄",2026-05-04T13:56:54.826163+00:00,https://www.facebook.com/100057335174945/posts/1030474368873726/?app=fbl,why are we still on 3hours ai😡😡😡 imwe simuna kambe ati effective october vizachinja vintu🙄,15,maclean sandra phiri ndiye change yamene iyi,False,0.0,neutral,0.0,0.0,1.0,0.0,neutral,0.0,neutral,False,0.0,,7,1,0.0,0.0,0.1428571428571428,0.0,0.0,0.0,0.0,False,1,no_energy_or_zesco_terms,october
862608649273728,"Why are we still on 3hours ai😡😡😡
Imwe simuna kambe ati effective October vizachinja vintu🙄",2026-05-04T13:56:54.826163+00:00,https://www.facebook.com/100057335174945/posts/1030474368873726/?app=fbl,why are we still on 3hours ai😡😡😡 imwe simuna kambe ati effective october vizachinja vintu🙄,15,maclean sandra phiri question too give wrong information,False,-0.4767,negative,-0.4767,0.0,0.693,0.307,negative,-0.4767,negative,False,0.0,,8,3,0.0,0.0,0.0,0.0,0.0,0.0,0.0,False,1,no_energy_or_zesco_terms,october
1479688996132867,Nothing has changed. It's all drama everytime!,2026-05-04T13:56:54.826172+00:00,https://www.facebook.com/100057335174945/posts/1030474368873726/?app=fbl,nothing has changed it s all drama everytime,8,jackson kay kalonda imagine,False,0.0,neutral,0.0,0.0,1.0,0.0,neutral,0.0,neutral,False,0.0,,4,0,0.0,0.0,0.0,0.0,0.0,0.0,0.0,False,0,no_energy_or_zesco_terms,
1479688996132867,Nothing has changed. It's all drama everytime!,2026-05-04T13:56:54.826172+00:00,https://www.facebook.com/100057335174945/posts/1030474368873726/?app=fbl,nothing has changed it s all drama everytime,8,jackson kay kalonda exactly,False,0.0,neutral,0.0,0.0,1.0,0.0,neutral,0.0,neutral,False,0.0,,4,0,0.0,0.0,0.0,0.0,0.0,0.0,0.0,False,0,no_energy_or_zesco_terms,
1935125996964359,"I don't know who needs to hear this, but 

Isaiah 60:22 
says, ""when time is right I the Lord will make it happen"".

Ecclesiastes 3 vs 11 says He makes everything beautiful in its time. 
So my encouragement today is 'don't give up'. God is mindful of you. He will also make you prosper. God knows you're tired. He knows you’re frustrated. Pray and wait. Trust His timing. He won’t let you down.
Please Bless my day with a follow, I will be glad to be followed by you🤲🏽. 
It could mean alot. Thank you 🤍",2026-05-04T13:56:54.826158+00:00,https://www.facebook.com/100057335174945/posts/1030474368873726/?app=fbl,i don t know who needs to hear this but isaiah 60 22 says when time is right i the lord will make it happen ecclesiastes 3 vs 11 says he makes everything beautiful in its time so my encouragement today is don t give up god is mindful of you he will also make you prosper god knows you re tired he knows you’re frustrated pray and wait trust his timing he won’t let you down please bless my day with a follow i will be glad to be followed by you🤲🏽 it could mean alot thank you 🤍,101,jay christian official how long u calling dead man isaiah,False,-0.6486,negative,-0.6486,0.0,0.65,0.35,negative,-0.6486,negative,False,0.0,,10,2,0.0,0.1,0.0,0.1,0.0,0.1,0.0,False,0,no_energy_or_zesco_terms,
1935125996964359,"I don't know who needs to hear this, but 

Isaiah 60:22 
says, ""when time is right I the Lord will make it happen"".

Ecclesiastes 3 vs 11 says He makes everything beautiful in its time. 
So my encouragement today is 'don't give up'. God is mindful of you. He will also make you prosper. God knows you're tired. He knows you’re frustrated. Pray and wait. Trust His timing. He won’t let you down.
Please Bless my day with a follow, I will be glad to be followed by you🤲🏽. 
It could mean alot. Thank you 🤍",2026-05-04T13:56:54.826158+00:00,https://www.facebook.com/100057335174945/posts/1030474368873726/?app=fbl,i don t know who needs to hear this but isaiah 60 22 says when time is right i the lord will make it happen ecclesiastes 3 vs 11 says he makes everything beautiful in its time so my encouragement today is don t give up god is mindful of you he will also make you prosper god knows you re tired he knows you’re frustrated pray and wait trust his timing he won’t let you down please bless my day with a follow i will be glad to be followed by you🤲🏽 it could mean alot thank you 🤍,101,micah m mbewe awe mwandi ask mwa,False,0.0,neutral,-0.7,0.0,1.0,0.0,negative,-0.7,negative,True,-0.7,awe,7,0,0.0,0.0,0.0,0.0,0.0,0.0,0.0,False,0,no_energy_or_zesco_terms,
1935125996964359,"I don't know who needs to hear this, but 

Isaiah 60:22 
says, ""when time is right I the Lord will make it happen"".

Ecclesiastes 3 vs 11 says He makes everything beautiful in its time. 
So my encouragement today is 'don't give up'. God is mindful of you. He will also make you prosper. God knows you're tired. He knows you’re frustrated. Pray and wait. Trust His timing. He won’t let you down.
Please Bless my day with a follow, I will be glad to be followed by you🤲🏽. 
It could mean alot. Thank you 🤍",2026-05-04T13:56:54.826158+00:00,https://www.facebook.com/100057335174945/posts/1030474368873726/?app=fbl,i don t know who needs to hear this but isaiah 60 22 says when time is right i the lord will make it happen ecclesiastes 3 vs 11 says he makes everything beautiful in its time so my encouragement today is don t give up god is mindful of you he will also make you prosper god knows you re tired he knows you’re frustrated pray and wait trust his timing he won’t let you down please bless my day with a follow i will be glad to be followed by you🤲🏽 it could mean alot thank you 🤍,101,don t brig god pipo needs plan just say yah yah,False,0.2732,positive,0.2732,0.189,0.811,0.0,positive,0.2732,positive,False,0.0,,11,3,0.0,0.1818181818181818,0.0909090909090909,0.1818181818181818,0.0,0.1818181818181818,0.0,False,0,no_energy_or_zesco_terms,
1177718989955439,24:00-03:00. It’s for using to practice witchcraft? 🙈,2026-05-04T13:56:54.826434+00:00,https://www.facebook.com/100057335174945/posts/1030474368873726/?app=fbl,24 00 03 00 it’s for using to practice witchcraft 🙈,11,24 00 03 00 s using practice witchcraft,False,0.0,neutral,0.0,0.0,1.0,0.0,neutral,0.0,neutral,False,0.0,,8,2,0.125,0.0,0.125,0.0,0.125,0.0,0.125,False,0,no_energy_or_zesco_terms,
1964079714067506,They is no difference between you and upnd both of you have no direction u live on lies,2026-05-04T13:56:54.826448+00:00,https://www.facebook.com/100057335174945/posts/1030474368873726/?app=fbl,they is no difference between you and upnd both of you have no direction u live on lies,18,difference between upnd both direction u live lies,False,-0.4215,negative,-0.4215,0.0,0.682,0.318,negative,-0.4215,negative,False,0.0,,8,0,0.0,0.0,0.0,0.0,0.0,0.0,0.0,False,0,no_energy_or_zesco_terms,
6806898842767818,Nothing has changed mwe😭,2026-05-04T13:56:54.826462+00:00,https://www.facebook.com/100057335174945/posts/1030474368873726/?app=fbl,nothing has changed mwe😭,4,nothing changed mwe,False,0.0,neutral,0.0,0.0,1.0,0.0,neutral,0.0,neutral,False,0.0,,3,0,0.0,0.0,0.0,0.0,0.0,0.0,0.0,False,0,no_energy_or_zesco_terms,
512477794982260,This government is brok,2026-05-04T13:56:54.826477+00:00,https://www.facebook.com/100057335174945/posts/1030474368873726/?app=fbl,this government is brok,4,government brok,False,0.0,neutral,0.0,0.0,1.0,0.0,neutral,0.0,neutral,False,0.0,,2,1,0.0,0.0,0.5,0.0,0.0,0.0,0.0,False,0,no_energy_or_zesco_terms,
546622177758220,Moses JJ Ngulube imagine! Just twisting words.,2026-05-04T13:56:54.826564+00:00,https://www.facebook.com/100057335174945/posts/1030474368873726/?app=fbl,moses jj ngulube imagine just twisting words,7,moses jj ngulube imagine just twisting words,False,0.25,positive,0.25,0.25,0.75,0.0,positive,0.25,positive,False,0.0,,7,1,0.1428571428571428,0.0,0.0,0.0,0.0,0.0,0.0714285714285714,False,0,no_energy_or_zesco_terms,
546622177758220,Moses JJ Ngulube imagine! Just twisting words.,2026-05-04T13:56:54.826564+00:00,https://www.facebook.com/100057335174945/posts/1030474368873726/?app=fbl,moses jj ngulube imagine just twisting words,7,moses jj ngulube imagine,False,0.25,positive,0.25,0.4,0.6,0.0,positive,0.25,positive,False,0.0,,4,0,0.0,0.0,0.0,0.0,0.0,0.0,0.0,False,0,no_energy_or_zesco_terms,
2498876370301527,"Manje which Wednesday, 3 October 2024 is that, otherwise it doesn't exist on my calendar 🗓️.

You have too much drama there",2026-05-04T13:56:54.826668+00:00,https://www.facebook.com/100057335174945/posts/1030474368873726/?app=fbl,manje which wednesday 3 october 2024 is that otherwise it doesn t exist on my calendar 🗓️ you have too much drama there,22,manje wednesday 3 october 2024 otherwise doesn t exist calendar too much drama,False,0.0,neutral,-0.3,0.0,1.0,0.0,negative,-0.3,negative,True,-0.3,manje,13,0,0.0,0.0,0.0,0.0,0.0,0.0,0.0,False,1,no_energy_or_zesco_terms,october
863524105753795,At least we had 10-16hrs,2026-05-04T13:56:54.826676+00:00,https://www.facebook.com/100057335174945/posts/1030474368873726/?app=fbl,at least we had 10 16hrs,6,least 10 16hrs,False,0.0,neutral,0.0,0.0,1.0,0.0,neutral,0.0,neutral,False,0.0,,3,0,0.0,0.0,0.0,0.0,0.0,0.0,0.0,False,0,no_energy_or_zesco_terms,
518184514159231,Can u change the schedule for kawama in Kitwe naifwe tubombeko akasubaZesco Limited,2026-05-04T13:56:54.826689+00:00,https://www.facebook.com/100057335174945/posts/1030474368873726/?app=fbl,can u change the schedule for kawama in kitwe naifwe tubombeko akasubazesco limited,13,u change schedule kawama kitwe naifwe tubombeko akasubazesco limited,False,-0.2263,negative,-0.2263,0.0,0.787,0.213,negative,-0.2263,negative,False,0.0,,9,2,0.1111111111111111,0.0,0.1111111111111111,0.0,0.1111111111111111,0.0,0.1111111111111111,False,1,no_energy_or_zesco_terms,schedule
753921863538850,Makes sense under the circumstance,2026-05-04T13:56:54.826696+00:00,https://www.facebook.com/100057335174945/posts/1030474368873726/?app=fbl,makes sense under the circumstance,5,makes sense under circumstance,False,0.0,neutral,0.0,0.0,1.0,0.0,neutral,0.0,neutral,False,0.0,,4,1,0.0,0.0,0.0,0.0,0.0,0.0,0.0,False,0,no_energy_or_zesco_terms,
845287861054648,Hasn’t this already in effect?,2026-05-04T13:56:54.826708+00:00,https://www.facebook.com/100057335174945/posts/1030474368873726/?app=fbl,hasn’t this already in effect,6,hasn t already effect,False,0.0,neutral,0.0,0.0,1.0,0.0,neutral,0.0,neutral,False,0.0,,4,0,0.0,0.0,0.0,0.0,0.0,0.0,0.0,False,0,no_energy_or_zesco_terms,
1228470591529386,By nation they mean just Lusaka olo bwanji,2026-05-04T13:56:54.826723+00:00,https://www.facebook.com/100057335174945/posts/1030474368873726/?app=fbl,by nation they mean just lusaka olo bwanji,8,nation mean just lusaka olo bwanji,False,0.0,neutral,0.0,0.0,1.0,0.0,neutral,0.0,neutral,False,0.0,,6,1,0.0,0.0,0.0,0.1666666666666666,0.0,0.0,0.0,False,0,no_energy_or_zesco_terms,
1177718989955439,24:00-03:00. It’s for using to practice witchcraft? 🙈,2026-05-04T13:56:54.826434+00:00,https://www.facebook.com/100057335174945/posts/1030474368873726/?app=fbl,24 00 03 00 it’s for using to practice witchcraft 🙈,11,namatama magdalene lubinda mental health activist imagine,False,0.0,neutral,0.0,0.0,1.0,0.0,neutral,0.0,neutral,False,0.0,,7,0,0.0,0.0,0.0,0.0,0.0,0.0,0.0,False,0,no_energy_or_zesco_terms,
2498876370301527,"Manje which Wednesday, 3 October 2024 is that, otherwise it doesn't exist on my calendar 🗓️.

You have too much drama there",2026-05-04T13:56:54.826668+00:00,https://www.facebook.com/100057335174945/posts/1030474368873726/?app=fbl,manje which wednesday 3 october 2024 is that otherwise it doesn t exist on my calendar 🗓️ you have too much drama there,22,brown chikwanda seriously disappointing,False,-0.5994,negative,-0.5994,0.0,0.29,0.71,negative,-0.5994,negative,False,0.0,,4,1,0.0,0.0,0.0,0.0,0.25,0.0,0.125,False,1,no_energy_or_zesco_terms,october
2498876370301527,"Manje which Wednesday, 3 October 2024 is that, otherwise it doesn't exist on my calendar 🗓️.

You have too much drama there",2026-05-04T13:56:54.826668+00:00,https://www.facebook.com/100057335174945/posts/1030474368873726/?app=fbl,manje which wednesday 3 october 2024 is that otherwise it doesn t exist on my calendar 🗓️ you have too much drama there,22,people really run ideas working under pressure,False,-0.296,negative,-0.296,0.0,0.732,0.268,negative,-0.296,negative,False,0.0,,7,2,0.0,0.0,0.0,0.0,0.0,0.0,0.0,False,1,no_energy_or_zesco_terms,october
2498876370301527,"Manje which Wednesday, 3 October 2024 is that, otherwise it doesn't exist on my calendar 🗓️.

You have too much drama there",2026-05-04T13:56:54.826668+00:00,https://www.facebook.com/100057335174945/posts/1030474368873726/?app=fbl,manje which wednesday 3 october 2024 is that otherwise it doesn t exist on my calendar 🗓️ you have too much drama there,22,brown chikwanda s next year maybe,False,0.0,neutral,0.0,0.0,1.0,0.0,neutral,0.0,neutral,False,0.0,,6,0,0.0,0.0,0.0,0.0,0.0,0.0,0.0,False,1,no_energy_or_zesco_terms,october
2498876370301527,"Manje which Wednesday, 3 October 2024 is that, otherwise it doesn't exist on my calendar 🗓️.

You have too much drama there",2026-05-04T13:56:54.826668+00:00,https://www.facebook.com/100057335174945/posts/1030474368873726/?app=fbl,manje which wednesday 3 october 2024 is that otherwise it doesn t exist on my calendar 🗓️ you have too much drama there,22,brown chikwanda imagine,False,0.0,neutral,0.0,0.0,1.0,0.0,neutral,0.0,neutral,False,0.0,,3,0,0.0,0.0,0.0,0.0,0.0,0.0,0.0,False,1,no_energy_or_zesco_terms,october
2498876370301527,"Manje which Wednesday, 3 October 2024 is that, otherwise it doesn't exist on my calendar 🗓️.

You have too much drama there",2026-05-04T13:56:54.826668+00:00,https://www.facebook.com/100057335174945/posts/1030474368873726/?app=fbl,manje which wednesday 3 october 2024 is that otherwise it doesn t exist on my calendar 🗓️ you have too much drama there,22,doris chuwa chela could better able follow schedules otherwise s very disturbing,False,-0.1761,negative,-0.1761,0.187,0.581,0.232,negative,-0.1761,negative,False,0.0,,12,0,0.0,0.0,0.0,0.0,0.0,0.0,0.0,False,1,no_energy_or_zesco_terms,october
2498876370301527,"Manje which Wednesday, 3 October 2024 is that, otherwise it doesn't exist on my calendar 🗓️.

You have too much drama there",2026-05-04T13:56:54.826668+00:00,https://www.facebook.com/100057335174945/posts/1030474368873726/?app=fbl,manje which wednesday 3 october 2024 is that otherwise it doesn t exist on my calendar 🗓️ you have too much drama there,22,brown chikwanda even t understand maybe ni next year,False,0.0,neutral,0.0,0.0,1.0,0.0,neutral,0.0,neutral,False,0.0,,9,0,0.0,0.0,0.0,0.0,0.0,0.0,0.0,False,1,no_energy_or_zesco_terms,october
2498876370301527,"Manje which Wednesday, 3 October 2024 is that, otherwise it doesn't exist on my calendar 🗓️.

You have too much drama there",2026-05-04T13:56:54.826668+00:00,https://www.facebook.com/100057335174945/posts/1030474368873726/?app=fbl,manje which wednesday 3 october 2024 is that otherwise it doesn t exist on my calendar 🗓️ you have too much drama there,22,lovemore simapuka just confusing themselves,False,-0.2263,negative,-0.2263,0.0,0.678,0.322,negative,-0.2263,negative,False,0.0,,5,0,0.0,0.0,0.0,0.0,0.0,0.0,0.0,False,1,no_energy_or_zesco_terms,october
2498876370301527,"Manje which Wednesday, 3 October 2024 is that, otherwise it doesn't exist on my calendar 🗓️.

You have too much drama there",2026-05-04T13:56:54.826668+00:00,https://www.facebook.com/100057335174945/posts/1030474368873726/?app=fbl,manje which wednesday 3 october 2024 is that otherwise it doesn t exist on my calendar 🗓️ you have too much drama there,22,brown chikwanda ask,False,0.0,neutral,0.0,0.0,1.0,0.0,neutral,0.0,neutral,False,0.0,,3,0,0.0,0.0,0.0,0.0,0.0,0.0,0.0,False,1,no_energy_or_zesco_terms,october
2498876370301527,"Manje which Wednesday, 3 October 2024 is that, otherwise it doesn't exist on my calendar 🗓️.

You have too much drama there",2026-05-04T13:56:54.826668+00:00,https://www.facebook.com/100057335174945/posts/1030474368873726/?app=fbl,manje which wednesday 3 october 2024 is that otherwise it doesn t exist on my calendar 🗓️ you have too much drama there,22,brown chikwanda s similar story everywhere remember 14 hours story people chronic liers,False,0.0,neutral,0.0,0.0,1.0,0.0,neutral,0.0,neutral,False,0.0,,13,1,0.0,0.0,0.0,0.0,0.0769230769230769,0.0,0.0384615384615384,False,2,no_energy_or_zesco_terms,"hours,october"
2498876370301527,"Manje which Wednesday, 3 October 2024 is that, otherwise it doesn't exist on my calendar 🗓️.

You have too much drama there",2026-05-04T13:56:54.826668+00:00,https://www.facebook.com/100057335174945/posts/1030474368873726/?app=fbl,manje which wednesday 3 october 2024 is that otherwise it doesn t exist on my calendar 🗓️ you have too much drama there,22,carter bay say,False,0.0,neutral,0.0,0.0,1.0,0.0,neutral,0.0,neutral,False,0.0,,3,0,0.0,0.0,0.0,0.0,0.0,0.0,0.0,False,1,no_energy_or_zesco_terms,october
2498876370301527,"Manje which Wednesday, 3 October 2024 is that, otherwise it doesn't exist on my calendar 🗓️.

You have too much drama there",2026-05-04T13:56:54.826668+00:00,https://www.facebook.com/100057335174945/posts/1030474368873726/?app=fbl,manje which wednesday 3 october 2024 is that otherwise it doesn t exist on my calendar 🗓️ you have too much drama there,22,pêzõ phyllis sinta kuwaya waya fye,False,0.0,neutral,0.0,0.0,1.0,0.0,neutral,0.0,neutral,False,0.0,,6,0,0.0,0.0,0.0,0.0,0.0,0.0,0.0,False,1,no_energy_or_zesco_terms,october
556562440150002,"24 to 03, imwe finshi ifi?",2026-05-04T13:56:54.827077+00:00,https://www.facebook.com/100057335174945/posts/1030474368873726/?app=fbl,24 to 03 imwe finshi ifi,6,24 03 imwe finshi ifi,False,0.0,neutral,0.0,0.0,1.0,0.0,neutral,0.0,neutral,False,0.0,,5,0,0.0,0.0,0.0,0.0,0.0,0.0,0.0,False,0,no_energy_or_zesco_terms,
2194417584274876,This is a jock,2026-05-04T13:56:54.827082+00:00,https://www.facebook.com/100057335174945/posts/1030474368873726/?app=fbl,this is a jock,4,jock,False,0.0,neutral,0.0,0.0,1.0,0.0,neutral,0.0,neutral,False,0.0,,1,0,0.0,0.0,0.0,0.0,0.0,0.0,0.0,False,0,no_energy_or_zesco_terms,
2251977241829025,Vaupuba che...this govt ought to be ashamed..,2026-05-04T13:56:54.827084+00:00,https://www.facebook.com/100057335174945/posts/1030474368873726/?app=fbl,vaupuba che this govt ought to be ashamed,8,vaupuba che govt ought ashamed,False,-0.4767,negative,-0.4767,0.0,0.563,0.437,negative,-0.4767,negative,False,0.0,,5,1,0.0,0.0,0.0,0.0,0.2,0.0,0.1,False,0,no_energy_or_zesco_terms,
1104749081073997,manje 24 to 03 niyachani better you keep it,2026-05-04T13:56:54.827087+00:00,https://www.facebook.com/100057335174945/posts/1030474368873726/?app=fbl,manje 24 to 03 niyachani better you keep it,9,manje 24 03 niyachani better keep,False,0.4404,positive,0.1404,0.367,0.633,0.0,positive,0.1404,positive,True,-0.3,manje,6,0,0.0,0.0,0.0,0.0,0.0,0.0,0.0,False,0,no_energy_or_zesco_terms,
1204375977535861,Tikangiwa ku recorder nyimbo because of your excuses....vizimyeni chabe azawizi 😜,2026-05-04T13:56:54.827092+00:00,https://www.facebook.com/100057335174945/posts/1030474368873726/?app=fbl,tikangiwa ku recorder nyimbo because of your excuses vizimyeni chabe azawizi 😜,11,tikangiwa ku recorder nyimbo because excuses vizimyeni chabe azawizi,False,0.0,neutral,0.0,0.0,1.0,0.0,neutral,0.0,neutral,False,0.0,,9,1,0.0,0.0,0.0,0.0,0.0,0.0,0.0,False,0,no_energy_or_zesco_terms,
556562440150002,"24 to 03, imwe finshi ifi?",2026-05-04T13:56:54.827077+00:00,https://www.facebook.com/100057335174945/posts/1030474368873726/?app=fbl,24 to 03 imwe finshi ifi,6,gutta beats august almost,False,0.0,neutral,0.0,0.0,1.0,0.0,neutral,0.0,neutral,False,0.0,,4,1,0.0,0.0,0.0,0.0,0.0,0.0,0.0,False,0,no_energy_or_zesco_terms,
1080319553682590,Ili che new normal in Zambia 🇿🇲,2026-05-04T13:56:54.827117+00:00,https://www.facebook.com/100057335174945/posts/1030474368873726/?app=fbl,ili che new normal in zambia 🇿🇲,6,ili che new normal zambia,False,0.0,neutral,0.0,0.0,1.0,0.0,neutral,0.0,neutral,False,0.0,,5,0,0.0,0.0,0.0,0.0,0.0,0.0,0.0,False,0,no_energy_or_zesco_terms,
503926359183192,Muleikalafye nga bufi mubepa,2026-05-04T13:56:54.827123+00:00,https://www.facebook.com/100057335174945/posts/1030474368873726/?app=fbl,muleikalafye nga bufi mubepa,4,muleikalafye nga bufi mubepa,False,0.0,neutral,0.0,0.0,1.0,0.0,neutral,0.0,neutral,False,0.0,,4,0,0.0,0.0,0.0,0.0,0.0,0.0,0.0,False,0,no_energy_or_zesco_terms,
1035293141732345,Nothing as changed kumwesu,2026-05-04T13:56:54.827163+00:00,https://www.facebook.com/100057335174945/posts/1030474368873726/?app=fbl,nothing as changed kumwesu,4,nothing changed kumwesu,False,0.0,neutral,0.0,0.0,1.0,0.0,neutral,0.0,neutral,False,0.0,,3,0,0.0,0.0,0.0,0.0,0.0,0.0,0.0,False,0,no_energy_or_zesco_terms,
1483273142358575,Thank you for the update,2026-05-04T13:56:54.827177+00:00,https://www.facebook.com/100057335174945/posts/1030474368873726/?app=fbl,thank you for the update,5,thank update,False,0.3612,positive,0.3612,0.714,0.286,0.0,positive,0.3612,positive,False,0.0,,2,0,0.0,0.0,0.0,0.0,0.0,0.0,0.0,False,1,no_energy_or_zesco_terms,update
2251977241829025,Vaupuba che...this govt ought to be ashamed..,2026-05-04T13:56:54.827084+00:00,https://www.facebook.com/100057335174945/posts/1030474368873726/?app=fbl,vaupuba che this govt ought to be ashamed,8,melinda k banda always say t wait voted tired want,False,-0.3818,negative,-0.3818,0.127,0.588,0.284,negative,-0.3818,negative,False,0.0,,10,2,0.0,0.1,0.0,0.0,0.0,0.1,0.0,False,0,no_energy_or_zesco_terms,
2251977241829025,Vaupuba che...this govt ought to be ashamed..,2026-05-04T13:56:54.827084+00:00,https://www.facebook.com/100057335174945/posts/1030474368873726/?app=fbl,vaupuba che this govt ought to be ashamed,8,sharon kalambo right still t believe voted now failing manage system,False,-0.5106,negative,-0.5106,0.0,0.732,0.268,negative,-0.5106,negative,False,0.0,,11,3,0.0909090909090909,0.0909090909090909,0.0909090909090909,0.1818181818181818,0.0909090909090909,0.0909090909090909,0.0909090909090909,False,0,no_energy_or_zesco_terms,
1070057597856274,🤣🤣🤣 you guys you are so funny,2026-05-04T13:56:54.827230+00:00,https://www.facebook.com/100057335174945/posts/1030474368873726/?app=fbl,🤣🤣🤣 you guys you are so funny,6,guys funny,False,0.4404,positive,0.4404,0.744,0.256,0.0,positive,0.4404,positive,False,0.0,,2,0,0.0,0.0,0.0,0.0,0.0,0.0,0.0,False,0,no_energy_or_zesco_terms,
539670581926451,I will go ku farm kansi tumalaiti tunkhalako Kuma farmers,2026-05-04T13:56:54.827249+00:00,https://www.facebook.com/100057335174945/posts/1030474368873726/?app=fbl,i will go ku farm kansi tumalaiti tunkhalako kuma farmers,10,go ku farm kansi tumalaiti tunkhalako kuma farmers,False,0.0,neutral,0.0,0.0,1.0,0.0,neutral,0.0,neutral,False,0.0,,8,1,0.0,0.125,0.0,0.0,0.0,0.125,0.0,False,0,no_energy_or_zesco_terms,
1213752056497264,12:00 - 1205 atleast the bulb blinked today🙏,2026-05-04T13:56:54.827269+00:00,https://www.facebook.com/100057335174945/posts/1030474368873726/?app=fbl,12 00 1205 atleast the bulb blinked today🙏,8,12 00 1205 atleast bulb blinked today,False,0.0,neutral,0.0,0.0,1.0,0.0,neutral,0.0,neutral,False,0.0,,7,0,0.0,0.0,0.0,0.0,0.0,0.0,0.0,False,0,no_energy_or_zesco_terms,
8568999953161611,Al kabiye uko. Just leave us!,2026-05-04T13:56:54.827278+00:00,https://www.facebook.com/100057335174945/posts/1030474368873726/?app=fbl,al kabiye uko just leave us,6,al kabiye uko just leave us,False,-0.0516,negative,-0.0516,0.0,0.806,0.194,negative,-0.0516,negative,False,0.0,,6,1,0.0,0.0,0.0,0.0,0.1666666666666666,0.0,0.0833333333333333,False,0,no_energy_or_zesco_terms,
3911864205725331,So the 15 days was just a way of preparing us for the waste,2026-05-04T13:56:54.827288+00:00,https://www.facebook.com/100057335174945/posts/1030474368873726/?app=fbl,so the 15 days was just a way of preparing us for the waste,14,15 days just way preparing us waste,False,-0.4215,negative,-0.4215,0.0,0.682,0.318,negative,-0.4215,negative,False,0.0,,7,1,0.0,0.0,0.0,0.0,0.0,0.0,0.0,False,0,no_energy_or_zesco_terms,
420600777720942,"Ati ""schedules take effect Wednesday"" again ati ""3 October"" ukamba chani iweh? 🤣🤣🤣",2026-05-04T13:56:54.827292+00:00,https://www.facebook.com/100057335174945/posts/1030474368873726/?app=fbl,ati schedules take effect wednesday again ati 3 october ukamba chani iweh 🤣🤣🤣,12,ati schedules take effect wednesday ati 3 october ukamba chani iweh,False,0.0,neutral,0.0,0.0,1.0,0.0,neutral,0.0,neutral,False,0.0,,11,0,0.0,0.0,0.0,0.0,0.0,0.0,0.0,False,1,no_energy_or_zesco_terms,october
420600777720942,"Ati ""schedules take effect Wednesday"" again ati ""3 October"" ukamba chani iweh? 🤣🤣🤣",2026-05-04T13:56:54.827292+00:00,https://www.facebook.com/100057335174945/posts/1030474368873726/?app=fbl,ati schedules take effect wednesday again ati 3 october ukamba chani iweh 🤣🤣🤣,12,mathews tonga jr also wondering,False,0.0,neutral,0.0,0.0,1.0,0.0,neutral,0.0,neutral,False,0.0,,5,0,0.0,0.0,0.0,0.0,0.0,0.0,0.0,False,1,no_energy_or_zesco_terms,october
2326982624319969,Danny Zee Zambia hope so if it's true,2026-05-04T13:56:54.827297+00:00,https://www.facebook.com/100057335174945/posts/1030474368873726/?app=fbl,danny zee zambia hope so if it s true,9,danny zee zambia hope s true,False,0.6908,positive,0.1907999999999999,0.655,0.345,0.0,positive,0.1907999999999999,positive,True,-0.5,zee,6,2,0.0,0.1666666666666666,0.0,0.3333333333333333,0.0,0.1666666666666666,0.0,False,0,no_energy_or_zesco_terms,
2326982624319969,Danny Zee Zambia hope so if it's true,2026-05-04T13:56:54.827297+00:00,https://www.facebook.com/100057335174945/posts/1030474368873726/?app=fbl,danny zee zambia hope so if it s true,9,prince levy boi hijotiiii just lying,False,-0.5267,negative,-0.5267,0.0,0.595,0.405,negative,-0.5267,negative,False,0.0,,6,3,0.1666666666666666,0.0,0.0,0.0,0.0,0.0,0.0833333333333333,False,0,no_energy_or_zesco_terms,
8568999953161611,Al kabiye uko. Just leave us!,2026-05-04T13:56:54.827278+00:00,https://www.facebook.com/100057335174945/posts/1030474368873726/?app=fbl,al kabiye uko just leave us,6,carol mulenga same rubbish won t follow adult engineers gather make timetable know won t follow,False,0.8126,positive,0.8126,0.381,0.619,0.0,positive,0.8126,positive,False,0.0,,16,2,0.0,0.0,0.0,0.0625,0.0,0.0,0.0,False,1,no_energy_or_zesco_terms,timetable
1460986971279979,Why can't you just switch them off for good than you keep stressing people for no reason.... You have failed the nation,2026-05-04T13:56:54.827311+00:00,https://www.facebook.com/100057335174945/posts/1030474368873726/?app=fbl,why can t you just switch them off for good than you keep stressing people for no reason you have failed the nation,23,t just switch off good than keep stressing people reason failed nation,False,-0.4404,negative,-0.4404,0.174,0.479,0.347,negative,-0.4404,negative,False,0.0,,12,3,0.0,0.0833333333333333,0.0,0.1666666666666666,0.0,0.0833333333333333,0.0,False,2,no_energy_or_zesco_terms,"off,switch"
8207205366024150,"We got played, and fooled. So what has even changed if we are still on 3 hours?",2026-05-04T13:56:54.827320+00:00,https://www.facebook.com/100057335174945/posts/1030474368873726/?app=fbl,we got played and fooled so what has even changed if we are still on 3 hours,17,got played fooled even changed still 3 hours,False,-0.0516,negative,-0.0516,0.24,0.5,0.26,negative,-0.0516,negative,False,0.0,,8,0,0.0,0.0,0.0,0.0,0.0,0.0,0.0,False,1,no_energy_or_zesco_terms,hours
1492804684761161,Vitengeni che vimalaiti vanu imwe,2026-05-04T13:56:54.827331+00:00,https://www.facebook.com/100057335174945/posts/1030474368873726/?app=fbl,vitengeni che vimalaiti vanu imwe,5,vitengeni che vimalaiti vanu imwe,False,0.0,neutral,0.0,0.0,1.0,0.0,neutral,0.0,neutral,False,0.0,,5,0,0.0,0.0,0.0,0.0,0.0,0.0,0.0,False,0,no_energy_or_zesco_terms,
841967881446936,Not good enough.  Stress levels are too high in this kantry,2026-05-04T13:56:54.827333+00:00,https://www.facebook.com/100057335174945/posts/1030474368873726/?app=fbl,not good enough stress levels are too high in this kantry,11,good enough stress levels too high kantry,False,0.0258,neutral,0.0258,0.271,0.467,0.262,neutral,0.0258,neutral,False,0.0,,7,2,0.0,0.1428571428571428,0.0,0.1428571428571428,0.0,0.1428571428571428,0.0,False,0,no_energy_or_zesco_terms,
1018856230036237,"Twalakosa
HH mpaka 2090",2026-05-04T13:56:54.827349+00:00,https://www.facebook.com/100057335174945/posts/1030474368873726/?app=fbl,twalakosa hh mpaka 2090,4,twalakosa hh mpaka 2090,False,0.0,neutral,0.0,0.0,1.0,0.0,neutral,0.0,neutral,False,0.0,,4,0,0.0,0.0,0.0,0.0,0.0,0.0,0.0,False,0,no_energy_or_zesco_terms,
1354102469308281,24-03 what will I be doing that time ok this is going to be rough,2026-05-04T13:56:54.827364+00:00,https://www.facebook.com/100057335174945/posts/1030474368873726/?app=fbl,24 03 what will i be doing that time ok this is going to be rough,16,24 03 doing time ok going rough,False,0.296,positive,0.296,0.268,0.732,0.0,positive,0.296,positive,False,0.0,,7,1,0.0,0.1428571428571428,0.0,0.0,0.0,0.1428571428571428,0.0,False,0,no_energy_or_zesco_terms,
8207205366024150,"We got played, and fooled. So what has even changed if we are still on 3 hours?",2026-05-04T13:56:54.827320+00:00,https://www.facebook.com/100057335174945/posts/1030474368873726/?app=fbl,we got played and fooled so what has even changed if we are still on 3 hours,17,kennedy muzyamba 3 days 3 hours think s meant,False,0.0,neutral,0.0,0.0,1.0,0.0,neutral,0.0,neutral,False,0.0,,9,0,0.0,0.0,0.0,0.0,0.0,0.0,0.0,False,1,no_energy_or_zesco_terms,hours
8207205366024150,"We got played, and fooled. So what has even changed if we are still on 3 hours?",2026-05-04T13:56:54.827320+00:00,https://www.facebook.com/100057335174945/posts/1030474368873726/?app=fbl,we got played and fooled so what has even changed if we are still on 3 hours,17,kennedy muzyamba nothing changed just playing minds,False,-0.1511,negative,-0.1511,0.0,0.79,0.21,negative,-0.1511,negative,False,0.0,,7,0,0.0,0.0,0.0,0.0,0.0,0.0,0.0,False,1,no_energy_or_zesco_terms,hours
8207205366024150,"We got played, and fooled. So what has even changed if we are still on 3 hours?",2026-05-04T13:56:54.827320+00:00,https://www.facebook.com/100057335174945/posts/1030474368873726/?app=fbl,we got played and fooled so what has even changed if we are still on 3 hours,17,kennedy muzyamba t believe played like three year old,False,0.5994,positive,0.5994,0.45,0.55,0.0,positive,0.5994,positive,False,0.0,,9,0,0.0,0.0,0.0,0.0,0.0,0.0,0.0,False,1,no_energy_or_zesco_terms,hours
8207205366024150,"We got played, and fooled. So what has even changed if we are still on 3 hours?",2026-05-04T13:56:54.827320+00:00,https://www.facebook.com/100057335174945/posts/1030474368873726/?app=fbl,we got played and fooled so what has even changed if we are still on 3 hours,17,mercy neta mwambushi think,False,0.3612,positive,0.3612,0.455,0.545,0.0,positive,0.3612,positive,False,0.0,,4,1,0.0,0.0,0.0,0.0,0.0,0.0,0.0,False,1,no_energy_or_zesco_terms,hours
8207205366024150,"We got played, and fooled. So what has even changed if we are still on 3 hours?",2026-05-04T13:56:54.827320+00:00,https://www.facebook.com/100057335174945/posts/1030474368873726/?app=fbl,we got played and fooled so what has even changed if we are still on 3 hours,17,kennedy muzyamba lucky 3hrs us lusaka 3hrs every 2 3days,False,0.4215,positive,0.4215,0.259,0.741,0.0,positive,0.4215,positive,False,0.0,,10,1,0.0,0.0,0.0,0.0,0.0,0.0,0.0,False,1,no_energy_or_zesco_terms,hours
8207205366024150,"We got played, and fooled. So what has even changed if we are still on 3 hours?",2026-05-04T13:56:54.827320+00:00,https://www.facebook.com/100057335174945/posts/1030474368873726/?app=fbl,we got played and fooled so what has even changed if we are still on 3 hours,17,kennedy muzyamba exactly point 1 month wait 3 hour day schedule,False,0.0,neutral,0.0,0.0,1.0,0.0,neutral,0.0,neutral,False,0.0,,11,1,0.0,0.0909090909090909,0.0,0.0,0.0,0.0909090909090909,0.0,False,2,no_energy_or_zesco_terms,"hours,schedule"
8207205366024150,"We got played, and fooled. So what has even changed if we are still on 3 hours?",2026-05-04T13:56:54.827320+00:00,https://www.facebook.com/100057335174945/posts/1030474368873726/?app=fbl,we got played and fooled so what has even changed if we are still on 3 hours,17,kennedy muzyamba said,False,0.0,neutral,0.0,0.0,1.0,0.0,neutral,0.0,neutral,False,0.0,,3,0,0.0,0.0,0.0,0.0,0.0,0.0,0.0,False,2,no_energy_or_zesco_terms,"hours,said"
8207205366024150,"We got played, and fooled. So what has even changed if we are still on 3 hours?",2026-05-04T13:56:54.827320+00:00,https://www.facebook.com/100057335174945/posts/1030474368873726/?app=fbl,we got played and fooled so what has even changed if we are still on 3 hours,17,kennedy muzyamba ndise ma imbwa,False,0.0,neutral,-1.0,0.0,1.0,0.0,negative,-1.0,negative,True,-1.0,imbwa,5,0,0.0,0.0,0.0,0.0,0.0,0.0,0.0,False,1,no_energy_or_zesco_terms,hours
8207205366024150,"We got played, and fooled. So what has even changed if we are still on 3 hours?",2026-05-04T13:56:54.827320+00:00,https://www.facebook.com/100057335174945/posts/1030474368873726/?app=fbl,we got played and fooled so what has even changed if we are still on 3 hours,17,mercy neta mwambushi 3 weeks 3 hours,False,0.3612,positive,0.3612,0.385,0.615,0.0,positive,0.3612,positive,False,0.0,,7,1,0.0,0.0,0.0,0.0,0.0,0.0,0.0,False,1,no_energy_or_zesco_terms,hours
1085326269775559,"Manje nivi chani ivi manje 00:00 to 03 🤦🏽‍♂️🤦🏽‍♂️🤦🏽‍♂️
This is supposed to be a bit better? Ahhhh",2026-05-04T13:56:54.827556+00:00,https://www.facebook.com/100057335174945/posts/1030474368873726/?app=fbl,manje nivi chani ivi manje 00 00 to 03 🤦🏽‍♂️🤦🏽‍♂️🤦🏽‍♂️ this is supposed to be a bit better ahhhh,18,manje nivi chani ivi manje 00 00 03 supposed bit better ahhhh,False,0.4404,positive,0.1404,0.209,0.791,0.0,positive,0.1404,positive,True,-0.3,manje,12,0,0.0,0.0,0.0,0.0,0.0,0.0,0.0,False,0,no_energy_or_zesco_terms,
1354102469308281,24-03 what will I be doing that time ok this is going to be rough,2026-05-04T13:56:54.827364+00:00,https://www.facebook.com/100057335174945/posts/1030474368873726/?app=fbl,24 03 what will i be doing that time ok this is going to be rough,16,prester nkonde muli nobuloshi,False,0.0,neutral,0.0,0.0,1.0,0.0,neutral,0.0,neutral,False,0.0,,4,0,0.0,0.0,0.0,0.0,0.0,0.0,0.0,False,0,no_energy_or_zesco_terms,
1354102469308281,24-03 what will I be doing that time ok this is going to be rough,2026-05-04T13:56:54.827364+00:00,https://www.facebook.com/100057335174945/posts/1030474368873726/?app=fbl,24 03 what will i be doing that time ok this is going to be rough,16,prester nkonde question well time only switch geyser,False,0.2732,positive,0.2732,0.231,0.769,0.0,positive,0.2732,positive,False,0.0,,8,2,0.0,0.125,0.0,0.0,0.0,0.125,0.0,False,1,no_energy_or_zesco_terms,switch
1354102469308281,24-03 what will I be doing that time ok this is going to be rough,2026-05-04T13:56:54.827364+00:00,https://www.facebook.com/100057335174945/posts/1030474368873726/?app=fbl,24 03 what will i be doing that time ok this is going to be rough,16,prester nkonde s hurting n traumatising,False,-0.6808,negative,-0.6808,0.0,0.263,0.737,negative,-0.6808,negative,False,0.0,,6,1,0.1666666666666666,0.0,0.1666666666666666,0.0,0.1666666666666666,0.0,0.1666666666666666,False,0,no_energy_or_zesco_terms,
1354102469308281,24-03 what will I be doing that time ok this is going to be rough,2026-05-04T13:56:54.827364+00:00,https://www.facebook.com/100057335174945/posts/1030474368873726/?app=fbl,24 03 what will i be doing that time ok this is going to be rough,16,imagine waking iron time elo re supposed productive work following day,False,0.0,neutral,0.0,0.0,1.0,0.0,neutral,0.0,neutral,False,0.0,,11,3,0.0,0.0909090909090909,0.0,0.0909090909090909,0.0,0.0909090909090909,0.0,False,0,no_energy_or_zesco_terms,
451194920685373,This is the improvement they promised zambia people?,2026-05-04T13:56:54.827647+00:00,https://www.facebook.com/100057335174945/posts/1030474368873726/?app=fbl,this is the improvement they promised zambia people,8,improvement promised zambia people,False,0.6705,positive,0.6705,0.733,0.267,0.0,positive,0.6705,positive,False,0.0,,4,1,0.0,0.0,0.0,0.25,0.0,0.0,0.0,False,1,no_energy_or_zesco_terms,promised
9109257635755225,You should t have even posted this rubbish  otherwise we are using seating in the dark,2026-05-04T13:56:54.827653+00:00,https://www.facebook.com/100057335174945/posts/1030474368873726/?app=fbl,you should t have even posted this rubbish otherwise we are using seating in the dark,16,should t even posted rubbish otherwise using seating dark,False,0.0,neutral,0.0,0.0,1.0,0.0,neutral,0.0,neutral,False,0.0,,9,2,0.0,0.0,0.0,0.0,0.1111111111111111,0.0,0.0555555555555555,False,0,no_energy_or_zesco_terms,
928730689070139,Group E tinalakwa chani mulungu wanga sure? You are now openly telling us we are witches and wizards.,2026-05-04T13:56:54.827662+00:00,https://www.facebook.com/100057335174945/posts/1030474368873726/?app=fbl,group e tinalakwa chani mulungu wanga sure you are now openly telling us we are witches and wizards,18,group e tinalakwa chani mulungu wanga sure now openly telling us witches wizards,False,0.3182,positive,-0.2818,0.173,0.827,0.0,negative,-0.2818,negative,True,-0.6,tinalakwa chani,13,0,0.0,0.0,0.0,0.0,0.0,0.0,0.0,False,1,no_energy_or_zesco_terms,group
928730689070139,Group E tinalakwa chani mulungu wanga sure? You are now openly telling us we are witches and wizards.,2026-05-04T13:56:54.827662+00:00,https://www.facebook.com/100057335174945/posts/1030474368873726/?app=fbl,group e tinalakwa chani mulungu wanga sure you are now openly telling us we are witches and wizards,18,mwewa kashell mwaba ayamu tayadi too literally ran away rented apartment mudima everyday nayo ma nyumba yavuta kupeza,False,0.0,neutral,0.0,0.0,1.0,0.0,neutral,0.0,neutral,False,0.0,,18,0,0.0,0.0,0.0,0.0,0.0,0.0,0.0,False,1,no_energy_or_zesco_terms,group
928730689070139,Group E tinalakwa chani mulungu wanga sure? You are now openly telling us we are witches and wizards.,2026-05-04T13:56:54.827662+00:00,https://www.facebook.com/100057335174945/posts/1030474368873726/?app=fbl,group e tinalakwa chani mulungu wanga sure you are now openly telling us we are witches and wizards,18,flavia mwenzi phiri know mean,False,0.0,neutral,0.0,0.0,1.0,0.0,neutral,0.0,neutral,False,0.0,,5,0,0.0,0.0,0.0,0.0,0.0,0.0,0.0,False,1,no_energy_or_zesco_terms,group
928730689070139,Group E tinalakwa chani mulungu wanga sure? You are now openly telling us we are witches and wizards.,2026-05-04T13:56:54.827662+00:00,https://www.facebook.com/100057335174945/posts/1030474368873726/?app=fbl,group e tinalakwa chani mulungu wanga sure you are now openly telling us we are witches and wizards,18,mwewa kashell mwaba s frustrating,False,-0.4404,negative,-0.4404,0.0,0.508,0.492,negative,-0.4404,negative,False,0.0,,5,0,0.0,0.0,0.0,0.0,0.0,0.0,0.0,False,1,no_energy_or_zesco_terms,group
9109257635755225,You should t have even posted this rubbish  otherwise we are using seating in the dark,2026-05-04T13:56:54.827653+00:00,https://www.facebook.com/100057335174945/posts/1030474368873726/?app=fbl,you should t have even posted this rubbish otherwise we are using seating in the dark,16,tiyeko muyunji rosemary mwase bunch clowns,False,0.0,neutral,0.0,0.0,1.0,0.0,neutral,0.0,neutral,False,0.0,,6,0,0.0,0.0,0.0,0.0,0.0,0.0,0.0,False,0,no_energy_or_zesco_terms,
1246213213250298,"So this is stable? Let's sale this country and share the money . This is nosense. From 2 hrs to 3 hrs ATI stable? Sale to Elon musk, then we share the money . Everybody goes were they want.",2026-05-04T13:56:54.827764+00:00,https://www.facebook.com/100057335174945/posts/1030474368873726/?app=fbl,so this is stable let s sale this country and share the money this is nosense from 2 hrs to 3 hrs ati stable sale to elon musk then we share the money everybody goes were they want,38,stable let s sale country share money nosense 2 hrs 3 hrs ati stable sale elon musk share money everybody goes want,False,0.7964,positive,0.7964,0.419,0.581,0.0,positive,0.7964,positive,False,0.0,,22,6,0.0909090909090909,0.1818181818181818,0.0,0.2727272727272727,0.0,0.1818181818181818,0.0454545454545454,False,2,no_energy_or_zesco_terms,"hrs,stable"
1196126074773508,"We need a schedule for Kitwe,we are not all  residents of Lusaka.",2026-05-04T13:56:54.827769+00:00,https://www.facebook.com/100057335174945/posts/1030474368873726/?app=fbl,we need a schedule for kitwe we are not all residents of lusaka,13,need schedule kitwe residents lusaka,False,0.0,neutral,0.0,0.0,1.0,0.0,neutral,0.0,neutral,False,0.0,,5,0,0.0,0.0,0.0,0.0,0.0,0.0,0.0,False,1,no_energy_or_zesco_terms,schedule
385043538016882,"Then there is no improvement, no need of getting 400megawatt because nothing has changed. Stop even posting your Schedule there no difference we are used",2026-05-04T13:56:54.827775+00:00,https://www.facebook.com/100057335174945/posts/1030474368873726/?app=fbl,then there is no improvement no need of getting 400megawatt because nothing has changed stop even posting your schedule there no difference we are used,25,improvement need getting 400megawatt because nothing changed stop even posting schedule difference used,False,0.5978,positive,0.5978,0.308,0.692,0.0,positive,0.5978,positive,False,0.0,,13,1,0.0,0.0,0.0,0.0769230769230769,0.0,0.0,0.0,False,1,no_energy_or_zesco_terms,schedule
950199157151460,"Please don't do this thing for groups n specific timings? I think we're getting used to the current timings...  unlike this for groups where if we don't have for extended periods when we enquire we're ever told that we are following timing of the wrong group, the things I have to say regarding or repeating the responses we've recieved,  it's a sad thing",2026-05-04T13:56:54.827816+00:00,https://www.facebook.com/100057335174945/posts/1030474368873726/?app=fbl,please don t do this thing for groups n specific timings i think we re getting used to the current timings unlike this for groups where if we don t have for extended periods when we enquire we re ever told that we are following timing of the wrong group the things i have to say regarding or repeating the responses we ve recieved it s a sad thing,69,please don t thing groups n specific timings think re getting used current timings unlike groups don t extended periods enquire re ever told following timing wrong group things say regarding repeating responses ve recieved s sad thing,False,-0.5994,negative,-0.5994,0.058,0.785,0.157,negative,-0.5994,negative,False,0.0,,38,3,0.0,0.0,0.0,0.0526315789473684,0.0,0.0,0.0,False,1,no_energy_or_zesco_terms,group
457696760614575,"We have been in group E for the past 1 month, even witches know us now. We wake up to draw water and prepare uniforms for work and school when others are sleeping. Awe this is just too much",2026-05-04T13:56:54.827933+00:00,https://www.facebook.com/100057335174945/posts/1030474368873726/?app=fbl,we have been in group e for the past 1 month even witches know us now we wake up to draw water and prepare uniforms for work and school when others are sleeping awe this is just too much,39,group e past 1 month even witches know us now wake draw water prepare uniforms work school others sleeping awe just too much,False,0.0,neutral,-0.7,0.0,1.0,0.0,negative,-0.7,negative,True,-0.7,awe,23,2,0.0,0.0434782608695652,0.0,0.0434782608695652,0.0,0.0434782608695652,0.0,False,1,no_energy_or_zesco_terms,group
838247315137285,Always shift the goal post. You already announced this in September and i am surprised you are again announcing it. The minister of energy communicated something else contrary to what you are talking about. Please consult each before you come to the public,2026-05-04T13:56:54.827938+00:00,https://www.facebook.com/100057335174945/posts/1030474368873726/?app=fbl,always shift the goal post you already announced this in september and i am surprised you are again announcing it the minister of energy communicated something else contrary to what you are talking about please consult each before you come to the public,43,always shift goal post already announced september surprised announcing minister energy communicated something else contrary talking please consult each before come public,False,0.6486,positive,0.6486,0.249,0.751,0.0,positive,0.6486,positive,False,0.0,,22,4,0.0,0.0454545454545454,0.0,0.0454545454545454,0.0,0.0454545454545454,0.0,False,1,no_energy_or_zesco_terms,come
832105195751637,"Is this the stability you were making noise about?🤣🤣🤣...we really will need therapy after all this over ndafya tachiona mwandi,dropping tears of joy at the sight of cold water to drink uhmmm ..",2026-05-04T13:56:54.827948+00:00,https://www.facebook.com/100057335174945/posts/1030474368873726/?app=fbl,is this the stability you were making noise about 🤣🤣🤣 we really will need therapy after all this over ndafya tachiona mwandi dropping tears of joy at the sight of cold water to drink uhmmm,34,stability making noise really need therapy over ndafya tachiona mwandi dropping tears joy sight cold water drink uhmmm,False,0.4404,positive,-0.3596,0.175,0.737,0.088,negative,-0.3596,negative,True,-0.8,ndafya,18,3,0.0,0.0,0.0,0.0,0.0,0.0,0.0,False,1,no_energy_or_zesco_terms,stability
1244428236983552,This is unacceptable we will be getting 300 from maamba and importing 500 making it 800 but we only be getting three hours  per day ? Mr President  make this make sense,2026-05-04T13:56:54.827979+00:00,https://www.facebook.com/100057335174945/posts/1030474368873726/?app=fbl,this is unacceptable we will be getting 300 from maamba and importing 500 making it 800 but we only be getting three hours per day mr president make this make sense,31,unacceptable getting 300 maamba importing 500 making 800 only getting three hours per day mr president make make sense,False,-0.4588,negative,-0.4588,0.0,0.857,0.143,negative,-0.4588,negative,False,0.0,,19,3,0.0,0.0,0.0,0.0526315789473684,0.0526315789473684,0.0,0.0263157894736842,False,1,no_energy_or_zesco_terms,hours
1581010249505049,"Nanga 06-09hrs and 19-22hrs ina lakwa chani..because that timetable for residential areas is giving us nothing, I wonder who planned that..SMH",2026-05-04T13:56:54.827991+00:00,https://www.facebook.com/100057335174945/posts/1030474368873726/?app=fbl,nanga 06 09hrs and 19 22hrs ina lakwa chani because that timetable for residential areas is giving us nothing i wonder who planned that smh,25,nanga 06 09hrs 19 22hrs ina lakwa chani because timetable residential areas giving us nothing wonder planned smh,False,0.5207,positive,0.5207,0.214,0.786,0.0,positive,0.5207,positive,False,0.0,,18,1,0.0,0.0,0.0,0.0,0.0,0.0,0.0,False,1,no_energy_or_zesco_terms,timetable
1041242257441372,"Very useless company indeed.
If I may ask, how many hours was being supplied the previous month of September, coz I thought it was already 3 hours.
Now which stability was being talked about.",2026-05-04T13:56:54.827996+00:00,https://www.facebook.com/100057335174945/posts/1030474368873726/?app=fbl,very useless company indeed if i may ask how many hours was being supplied the previous month of september coz i thought it was already 3 hours now which stability was being talked about,34,very useless company indeed may ask how many hours being supplied previous month september coz thought already 3 hours now stability being talked,False,-0.4754,negative,-0.4754,0.0,0.872,0.128,negative,-0.4754,negative,False,0.0,,23,2,0.0,0.0434782608695652,0.0,0.0,0.0,0.0434782608695652,0.0,False,2,no_energy_or_zesco_terms,"hours,stability"
563949529398985,"Me as a Zambian citizen, there is nothing I can say…. In that 3hrs…. My phone and pc will be charged 😂😂😂😂😂😂😂… even cook soya pieces pa last😫😫😫😫😫",2026-05-04T13:56:54.828019+00:00,https://www.facebook.com/100057335174945/posts/1030474368873726/?app=fbl,me as a zambian citizen there is nothing i can say… in that 3hrs… my phone and pc will be charged 😂😂😂😂😂😂😂… even cook soya pieces pa last😫😫😫😫😫,27,zambian citizen nothing say 3hrs phone pc charged even cook soya pieces pa last,False,-0.2023,negative,-0.2023,0.0,0.878,0.122,negative,-0.2023,negative,False,0.0,,14,1,0.0,0.0,0.0,0.0,0.0,0.0,0.0,False,0,no_energy_or_zesco_terms,
783967233759443,So this is the stable you were talking and I saw some people were even singing national anthem and busy mentioning the name of the president that is working hard as if it's something sensible.... Why can't you just say Takangiwa in Hon Garry Nkombo's voice Takangiwa unlike these madongo dongo,2026-05-04T13:56:54.828026+00:00,https://www.facebook.com/100057335174945/posts/1030474368873726/?app=fbl,so this is the stable you were talking and i saw some people were even singing national anthem and busy mentioning the name of the president that is working hard as if it s something sensible why can t you just say takangiwa in hon garry nkombo s voice takangiwa unlike these madongo dongo,54,stable talking saw people even singing national anthem busy mentioning name president working hard s something sensible t just say takangiwa hon garry nkombo s voice takangiwa unlike madongo dongo,False,0.2023,positive,0.2023,0.077,0.874,0.049,positive,0.2023,positive,False,0.0,,30,3,0.0,0.0,0.0,0.0666666666666666,0.0,0.0,0.0,False,1,no_energy_or_zesco_terms,stable
528561336436034,I listened to that briefing and I realised that my country has NO LEADERSHIP.  The president and the minister who did the speech together with everyone on that panel must resign on moral grounds.  Everyone who sat there and clapped must slap themselves. We are really a docile people.  😞😪😪😪.,2026-05-04T13:56:54.828028+00:00,https://www.facebook.com/100057335174945/posts/1030474368873726/?app=fbl,i listened to that briefing and i realised that my country has no leadership the president and the minister who did the speech together with everyone on that panel must resign on moral grounds everyone who sat there and clapped must slap themselves we are really a docile people 😞😪😪😪,49,listened briefing realised country leadership president minister speech together everyone panel must resign moral grounds everyone sat clapped must slap themselves really docile people,False,-0.2023,negative,-0.2023,0.062,0.846,0.092,negative,-0.2023,negative,False,0.0,,24,5,0.125,0.0,0.0416666666666666,0.0833333333333333,0.0416666666666666,0.0,0.0833333333333333,False,0,no_energy_or_zesco_terms,
536181802295761,"You initially proposed an increment in tariffs so that you import and now you have proposed a reduction. Promises from the head to the toes.
What a life. 
Always doing the opposite of what you say.",2026-05-04T13:56:54.828031+00:00,https://www.facebook.com/100057335174945/posts/1030474368873726/?app=fbl,you initially proposed an increment in tariffs so that you import and now you have proposed a reduction promises from the head to the toes what a life always doing the opposite of what you say,36,initially proposed increment tariffs import now proposed reduction promises head toes life always doing opposite say,False,0.3818,positive,0.3818,0.148,0.852,0.0,positive,0.3818,positive,False,0.0,,16,0,0.0,0.0,0.0,0.0,0.0,0.0,0.0,False,0,no_energy_or_zesco_terms,
783967233759443,So this is the stable you were talking and I saw some people were even singing national anthem and busy mentioning the name of the president that is working hard as if it's something sensible.... Why can't you just say Takangiwa in Hon Garry Nkombo's voice Takangiwa unlike these madongo dongo,2026-05-04T13:56:54.828026+00:00,https://www.facebook.com/100057335174945/posts/1030474368873726/?app=fbl,so this is the stable you were talking and i saw some people were even singing national anthem and busy mentioning the name of the president that is working hard as if it s something sensible why can t you just say takangiwa in hon garry nkombo s voice takangiwa unlike these madongo dongo,54,enock banda simple,False,0.0,neutral,0.0,0.0,1.0,0.0,neutral,0.0,neutral,False,0.0,,3,0,0.0,0.0,0.0,0.0,0.0,0.0,0.0,False,1,no_energy_or_zesco_terms,stable
783967233759443,So this is the stable you were talking and I saw some people were even singing national anthem and busy mentioning the name of the president that is working hard as if it's something sensible.... Why can't you just say Takangiwa in Hon Garry Nkombo's voice Takangiwa unlike these madongo dongo,2026-05-04T13:56:54.828026+00:00,https://www.facebook.com/100057335174945/posts/1030474368873726/?app=fbl,so this is the stable you were talking and i saw some people were even singing national anthem and busy mentioning the name of the president that is working hard as if it s something sensible why can t you just say takangiwa in hon garry nkombo s voice takangiwa unlike these madongo dongo,54,phillimon junior musachi exactly kuchila kunama bantu time,False,0.0,neutral,0.0,0.0,1.0,0.0,neutral,0.0,neutral,False,0.0,,8,1,0.0,0.125,0.0,0.0,0.0,0.125,0.0,False,1,no_energy_or_zesco_terms,stable
783967233759443,So this is the stable you were talking and I saw some people were even singing national anthem and busy mentioning the name of the president that is working hard as if it's something sensible.... Why can't you just say Takangiwa in Hon Garry Nkombo's voice Takangiwa unlike these madongo dongo,2026-05-04T13:56:54.828026+00:00,https://www.facebook.com/100057335174945/posts/1030474368873726/?app=fbl,so this is the stable you were talking and i saw some people were even singing national anthem and busy mentioning the name of the president that is working hard as if it s something sensible why can t you just say takangiwa in hon garry nkombo s voice takangiwa unlike these madongo dongo,54,phillimon junior musachi vikakanga vakanga two ways those praise don t know ngati bali bwino cause hmmmm s too much,False,0.5574,positive,0.0574,0.175,0.825,0.0,positive,0.0574,positive,True,-0.5,bwino,20,2,0.0,0.0,0.0,0.1,0.0,0.0,0.0,False,1,no_energy_or_zesco_terms,stable
524806366833946,Our hosptal is load shaded everyday despite making communication with your public relation team to exempt it. Kwwf,2026-05-04T13:56:54.828064+00:00,https://www.facebook.com/100057335174945/posts/1030474368873726/?app=fbl,our hosptal is load shaded everyday despite making communication with your public relation team to exempt it kwwf,18,hosptal load shaded everyday despite making communication public relation team exempt kwwf,False,0.1027,positive,0.1027,0.113,0.887,0.0,positive,0.1027,positive,False,0.0,,12,3,0.0,0.0833333333333333,0.0,0.1666666666666666,0.0,0.0833333333333333,0.0,False,0,no_energy_or_zesco_terms,
836337398695683,Don't tell us just do what you want we care less.  You won't even? follow the schedule.,2026-05-04T13:56:54.828067+00:00,https://www.facebook.com/100057335174945/posts/1030474368873726/?app=fbl,don t tell us just do what you want we care less you won t even follow the schedule,19,don t tell us just want care less won t even follow schedule,False,0.785,positive,0.785,0.497,0.503,0.0,positive,0.785,positive,False,0.0,,13,1,0.0,0.0,0.0,0.0769230769230769,0.0,0.0,0.0,False,1,no_energy_or_zesco_terms,schedule
887467009989212,"At this point in time i doubt if this will even be true or possible, a whole Minister lied on tv unless he was speaking on matters he lacks competence in.",2026-05-04T13:56:54.828071+00:00,https://www.facebook.com/100057335174945/posts/1030474368873726/?app=fbl,at this point in time i doubt if this will even be true or possible a whole minister lied on tv unless he was speaking on matters he lacks competence in,31,point time doubt even true possible whole minister lied tv unless speaking matters lacks competence,False,-0.296,negative,-0.296,0.195,0.55,0.255,negative,-0.296,negative,False,0.0,,15,4,0.0,0.0666666666666666,0.0666666666666666,0.2,0.0666666666666666,0.0666666666666666,0.0333333333333333,False,0,no_energy_or_zesco_terms,
2216673018696203,"But even when Maamba was on Mantainance, it was three hours? What is going on imwe ayi! Stop tempting our temporary temper on this Subject! We expected 6hrs of lights on!!! 400 is quite huge! If we may ask, how many megawatts does Lusaka Consume alone?",2026-05-04T13:56:54.828084+00:00,https://www.facebook.com/100057335174945/posts/1030474368873726/?app=fbl,but even when maamba was on mantainance it was three hours what is going on imwe ayi stop tempting our temporary temper on this subject we expected 6hrs of lights on 400 is quite huge if we may ask how many megawatts does lusaka consume alone,46,even maamba mantainance three hours going imwe ayi stop tempting temporary temper subject expected 6hrs lights 400 quite huge may ask how many megawatts lusaka consume alone,False,-0.5279,negative,-0.5279,0.08,0.706,0.215,negative,-0.5279,negative,False,0.0,,27,2,0.0,0.037037037037037,0.0,0.0,0.0,0.037037037037037,0.0,False,1,no_energy_or_zesco_terms,hours
1663711887818549,Vaupuba che... where is the 400mw you're importing and the much talked about mamba 3000mw? So that useless minister was just saying things and the opposite is happening,2026-05-04T13:56:54.828090+00:00,https://www.facebook.com/100057335174945/posts/1030474368873726/?app=fbl,vaupuba che where is the 400mw you re importing and the much talked about mamba 3000mw so that useless minister was just saying things and the opposite is happening,29,vaupuba che 400mw re importing much talked mamba 3000mw useless minister just saying things opposite happening,False,-0.4215,negative,-0.4215,0.0,0.843,0.157,negative,-0.4215,negative,False,0.0,,16,1,0.0,0.0,0.0,0.0,0.0,0.0,0.0,False,0,no_energy_or_zesco_terms,
2216673018696203,"But even when Maamba was on Mantainance, it was three hours? What is going on imwe ayi! Stop tempting our temporary temper on this Subject! We expected 6hrs of lights on!!! 400 is quite huge! If we may ask, how many megawatts does Lusaka Consume alone?",2026-05-04T13:56:54.828084+00:00,https://www.facebook.com/100057335174945/posts/1030474368873726/?app=fbl,but even when maamba was on mantainance it was three hours what is going on imwe ayi stop tempting our temporary temper on this subject we expected 6hrs of lights on 400 is quite huge if we may ask how many megawatts does lusaka consume alone,46,royd kanyungu boi chaps useless area doesn t even come 3 4 days comes s only 1 hr 45mins,False,-0.4215,negative,-0.4215,0.0,0.823,0.177,negative,-0.4215,negative,False,0.0,,19,1,0.0,0.0,0.0,0.0,0.0,0.0,0.0,False,2,no_energy_or_zesco_terms,"come,hours"
2717078595167447,And what happens to that welder who needs to feed his family 🥺24hrs to 03:hrs,2026-05-04T13:56:54.828098+00:00,https://www.facebook.com/100057335174945/posts/1030474368873726/?app=fbl,and what happens to that welder who needs to feed his family 🥺24hrs to 03 hrs,16,happens welder needs feed family 24hrs 03 hrs,False,0.0,neutral,0.0,0.0,1.0,0.0,neutral,0.0,neutral,False,0.0,,8,0,0.0,0.0,0.0,0.0,0.0,0.0,0.0,False,1,no_energy_or_zesco_terms,hrs
1195076778383619,A grade 3 school drop out is asking that does this apply in Ndola or it's just Lusaka,2026-05-04T13:56:54.828103+00:00,https://www.facebook.com/100057335174945/posts/1030474368873726/?app=fbl,a grade 3 school drop out is asking that does this apply in ndola or it s just lusaka,19,grade 3 school drop asking apply ndola s just lusaka,False,-0.2732,negative,-0.2732,0.0,0.769,0.231,negative,-0.2732,negative,False,0.0,,10,1,0.0,0.0,0.0,0.1,0.0,0.0,0.0,False,0,no_energy_or_zesco_terms,
1523971754908595,"Nga mwachiisunga fye 3 hours yenu iyo... Your services are by far the most Lousiest and disappointing,... How pathetic!",2026-05-04T13:56:54.828108+00:00,https://www.facebook.com/100057335174945/posts/1030474368873726/?app=fbl,nga mwachiisunga fye 3 hours yenu iyo your services are by far the most lousiest and disappointing how pathetic,19,nga mwachiisunga fye 3 hours yenu iyo services far most lousiest disappointing how pathetic,False,-0.9016,negative,-0.9016,0.0,0.475,0.525,negative,-0.9016,negative,False,0.0,,14,2,0.0,0.0,0.0,0.0,0.1428571428571428,0.0,0.0714285714285714,False,1,no_energy_or_zesco_terms,hours
411363221999347,We sympathise with you thanks for the transparency 🙌🏾,2026-05-04T13:56:54.828111+00:00,https://www.facebook.com/100057335174945/posts/1030474368873726/?app=fbl,we sympathise with you thanks for the transparency 🙌🏾,8,sympathise thanks transparency,False,0.4404,positive,0.4404,0.592,0.408,0.0,positive,0.4404,positive,False,0.0,,3,0,0.0,0.0,0.0,0.0,0.0,0.0,0.0,False,0,no_energy_or_zesco_terms,
441218815638092,But isn’t this the same schedule we have been having,2026-05-04T13:56:54.828123+00:00,https://www.facebook.com/100057335174945/posts/1030474368873726/?app=fbl,but isn’t this the same schedule we have been having,11,isn t same schedule having,False,0.0,neutral,0.0,0.0,1.0,0.0,neutral,0.0,neutral,False,0.0,,5,0,0.0,0.0,0.0,0.0,0.0,0.0,0.0,False,1,no_energy_or_zesco_terms,schedule
1043768537239482,"Foolishness is blaming HH for this, while Lungu and his administration used to loot mukula tree!  Lungu messed with climate! Deforestation! And here comes an idiot blaming HH for the current situation 🙄",2026-05-04T13:56:54.828131+00:00,https://www.facebook.com/100057335174945/posts/1030474368873726/?app=fbl,foolishness is blaming hh for this while lungu and his administration used to loot mukula tree lungu messed with climate deforestation and here comes an idiot blaming hh for the current situation 🙄,32,foolishness blaming hh while lungu administration used loot mukula tree lungu messed climate deforestation comes idiot blaming hh current situation,False,-0.9313,negative,-0.9313,0.0,0.502,0.498,negative,-0.9313,negative,False,0.0,,20,4,0.05,0.05,0.0,0.05,0.0,0.05,0.025,False,0,no_energy_or_zesco_terms,
525005757197715,"So this what the President hosted a meeting for at statehouse a few days ago,they even drunk mineral water for🤣🤣🤣🤣🤣,and this is all the MD sitting on a 300pin salary was making allowances for in public appearances.... I swear we're all jokers as a nation.",2026-05-04T13:56:54.828133+00:00,https://www.facebook.com/100057335174945/posts/1030474368873726/?app=fbl,so this what the president hosted a meeting for at statehouse a few days ago they even drunk mineral water for🤣🤣🤣🤣🤣 and this is all the md sitting on a 300pin salary was making allowances for in public appearances i swear we re all jokers as a nation,48,president hosted meeting statehouse few days ago even drunk mineral water md sitting 300pin salary making allowances public appearances swear re jokers nation,False,-0.3818,negative,-0.3818,0.0,0.854,0.146,negative,-0.3818,negative,False,0.0,,23,5,0.0,0.0869565217391304,0.0,0.1739130434782608,0.0,0.0869565217391304,0.0,False,0,no_energy_or_zesco_terms,
506474755550925,Ba group E twali chula 🤣🤣🤣 you know what just keep your 3 hours,2026-05-04T13:56:54.828138+00:00,https://www.facebook.com/100057335174945/posts/1030474368873726/?app=fbl,ba group e twali chula 🤣🤣🤣 you know what just keep your 3 hours,13,ba group e twali chula know just keep 3 hours,False,0.0,neutral,0.0,0.0,1.0,0.0,neutral,0.0,neutral,False,0.0,,10,0,0.0,0.0,0.0,0.0,0.0,0.0,0.0,False,2,no_energy_or_zesco_terms,"group,hours"
1032543051998819,Is this schedule for lusaka residencies only  or the whole Zambia?,2026-05-04T13:56:54.828144+00:00,https://www.facebook.com/100057335174945/posts/1030474368873726/?app=fbl,is this schedule for lusaka residencies only or the whole zambia,11,schedule lusaka residencies only whole zambia,False,0.0,neutral,0.0,0.0,1.0,0.0,neutral,0.0,neutral,False,0.0,,6,0,0.0,0.0,0.0,0.0,0.0,0.0,0.0,False,1,no_energy_or_zesco_terms,schedule
1546921865941095,"Is this the stability they were boasting about in parliament 2 weeks ago.
Hmmmmm",2026-05-04T13:56:54.828149+00:00,https://www.facebook.com/100057335174945/posts/1030474368873726/?app=fbl,is this the stability they were boasting about in parliament 2 weeks ago hmmmmm,14,stability boasting parliament 2 weeks ago hmmmmm,False,0.0,neutral,0.0,0.0,1.0,0.0,neutral,0.0,neutral,False,0.0,,7,2,0.0,0.0,0.0,0.1428571428571428,0.0,0.0,0.0,False,1,no_energy_or_zesco_terms,stability
857993329821358,That's not good better you close it till further notice what is 3hours ati stabilize,2026-05-04T13:56:54.828151+00:00,https://www.facebook.com/100057335174945/posts/1030474368873726/?app=fbl,that s not good better you close it till further notice what is 3hours ati stabilize,16,s good better close till further notice 3hours ati stabilize,True,0.7003,positive,0.7003,0.453,0.547,0.0,negative,0.7003,negative,False,0.0,,10,1,0.0,0.1,0.0,0.1,0.0,0.1,0.0,False,0,no_energy_or_zesco_terms,
1032891124985265,Finally the stable schedule is out😂😂😂 3hrs of nonsense. Awe 2024 is a year on its own.,2026-05-04T13:56:54.828155+00:00,https://www.facebook.com/100057335174945/posts/1030474368873726/?app=fbl,finally the stable schedule is out😂😂😂 3hrs of nonsense awe 2024 is a year on its own,17,finally stable schedule 3hrs nonsense awe 2024 year own,True,-0.128,negative,-0.828,0.185,0.588,0.227,negative,-0.828,negative,True,-0.7,awe,9,3,0.0,0.1111111111111111,0.0,0.2222222222222222,0.0,0.1111111111111111,0.0,False,2,no_energy_or_zesco_terms,"schedule,stable"
506474755550925,Ba group E twali chula 🤣🤣🤣 you know what just keep your 3 hours,2026-05-04T13:56:54.828138+00:00,https://www.facebook.com/100057335174945/posts/1030474368873726/?app=fbl,ba group e twali chula 🤣🤣🤣 you know what just keep your 3 hours,13,sibongile bongani munthali noticing how complaining group e style through year,False,-0.2023,negative,-0.2023,0.0,0.833,0.167,negative,-0.2023,negative,False,0.0,,11,0,0.0,0.0,0.0,0.0,0.0,0.0,0.0,False,2,no_energy_or_zesco_terms,"group,hours"
506474755550925,Ba group E twali chula 🤣🤣🤣 you know what just keep your 3 hours,2026-05-04T13:56:54.828138+00:00,https://www.facebook.com/100057335174945/posts/1030474368873726/?app=fbl,ba group e twali chula 🤣🤣🤣 you know what just keep your 3 hours,13,sifuba p c moola s pure torture ends,False,-0.5994,negative,-0.5994,0.0,0.506,0.494,negative,-0.5994,negative,False,0.0,,8,1,0.125,0.125,0.125,0.0,0.125,0.125,0.125,False,2,no_energy_or_zesco_terms,"group,hours"
506474755550925,Ba group E twali chula 🤣🤣🤣 you know what just keep your 3 hours,2026-05-04T13:56:54.828138+00:00,https://www.facebook.com/100057335174945/posts/1030474368873726/?app=fbl,ba group e twali chula 🤣🤣🤣 you know what just keep your 3 hours,13,sibongile bongani munthali think ba group e just hated lot group very upset,False,-0.796,negative,-0.796,0.0,0.585,0.415,negative,-0.796,negative,False,0.0,,13,1,0.0769230769230769,0.0,0.0,0.0,0.0769230769230769,0.0,0.0769230769230769,False,2,no_energy_or_zesco_terms,"group,hours"
1032543051998819,Is this schedule for lusaka residencies only  or the whole Zambia?,2026-05-04T13:56:54.828144+00:00,https://www.facebook.com/100057335174945/posts/1030474368873726/?app=fbl,is this schedule for lusaka residencies only or the whole zambia,11,tika deluca lusaka residents,False,0.0,neutral,0.0,0.0,1.0,0.0,neutral,0.0,neutral,False,0.0,,4,0,0.0,0.0,0.0,0.0,0.0,0.0,0.0,False,1,no_energy_or_zesco_terms,schedule
1032543051998819,Is this schedule for lusaka residencies only  or the whole Zambia?,2026-05-04T13:56:54.828144+00:00,https://www.facebook.com/100057335174945/posts/1030474368873726/?app=fbl,is this schedule for lusaka residencies only or the whole zambia,11,flo banda ok awe mwandi nga ku kitwe filishani,False,0.296,positive,-0.4039999999999999,0.216,0.784,0.0,negative,-0.4039999999999999,negative,True,-0.7,awe,9,0,0.0,0.0,0.0,0.0,0.0,0.0,0.0,False,1,no_energy_or_zesco_terms,schedule
8541775629214624,Awe kulima update after update problem you think we are all from shang'ombo district,2026-05-04T13:56:54.828176+00:00,https://www.facebook.com/100057335174945/posts/1030474368873726/?app=fbl,awe kulima update after update problem you think we are all from shang ombo district,15,awe kulima update update problem think shang ombo district,False,-0.4019,negative,-1.0,0.0,0.748,0.252,negative,-1.0,negative,True,-0.7,awe,9,1,0.0,0.0,0.1111111111111111,0.0,0.1111111111111111,0.0,0.0555555555555555,False,1,no_energy_or_zesco_terms,update
8029215543854611,Some one to explain this in simpler terms🤔,2026-05-04T13:56:54.828192+00:00,https://www.facebook.com/100057335174945/posts/1030474368873726/?app=fbl,some one to explain this in simpler terms🤔,8,explain simpler terms,False,0.0,neutral,0.0,0.0,1.0,0.0,neutral,0.0,neutral,False,0.0,,3,1,0.0,0.0,0.0,0.3333333333333333,0.0,0.0,0.0,False,0,no_energy_or_zesco_terms,
897215618497398,Group E that time will be sleeping and still wakeup in the dark... Chalo ichi,2026-05-04T13:56:54.828195+00:00,https://www.facebook.com/100057335174945/posts/1030474368873726/?app=fbl,group e that time will be sleeping and still wakeup in the dark chalo ichi,15,group e time sleeping still wakeup dark chalo ichi,False,0.0,neutral,0.0,0.0,1.0,0.0,neutral,0.0,neutral,False,0.0,,9,2,0.0,0.1111111111111111,0.0,0.0,0.1111111111111111,0.1111111111111111,0.0555555555555555,False,1,no_energy_or_zesco_terms,group
575236308529715,"What is This😩😔😩
Ata🙅 Fyalungula",2026-05-04T13:56:54.828197+00:00,https://www.facebook.com/100057335174945/posts/1030474368873726/?app=fbl,what is this😩😔😩 ata🙅 fyalungula,5,ata fyalungula,False,0.0,neutral,0.0,0.0,1.0,0.0,neutral,0.0,neutral,False,0.0,,2,0,0.0,0.0,0.0,0.0,0.0,0.0,0.0,False,0,no_energy_or_zesco_terms,
1237631794251548,From 24 to 03??? How does one make use of this scheduled time?,2026-05-04T13:56:54.828200+00:00,https://www.facebook.com/100057335174945/posts/1030474368873726/?app=fbl,from 24 to 03 how does one make use of this scheduled time,13,24 03 how make use scheduled time,False,0.0,neutral,0.0,0.0,1.0,0.0,neutral,0.0,neutral,False,0.0,,7,1,0.0,0.1428571428571428,0.0,0.0,0.0,0.1428571428571428,0.0,False,0,no_energy_or_zesco_terms,
1546921865941095,"Is this the stability they were boasting about in parliament 2 weeks ago.
Hmmmmm",2026-05-04T13:56:54.828149+00:00,https://www.facebook.com/100057335174945/posts/1030474368873726/?app=fbl,is this the stability they were boasting about in parliament 2 weeks ago hmmmmm,14,gretchen chiluba ala bwafya daughter let just keep,False,0.0,neutral,0.0,0.0,1.0,0.0,neutral,0.0,neutral,False,0.0,,8,1,0.0,0.0,0.0,0.0,0.0,0.0,0.0,False,1,no_energy_or_zesco_terms,stability
1546921865941095,"Is this the stability they were boasting about in parliament 2 weeks ago.
Hmmmmm",2026-05-04T13:56:54.828149+00:00,https://www.facebook.com/100057335174945/posts/1030474368873726/?app=fbl,is this the stability they were boasting about in parliament 2 weeks ago hmmmmm,14,ruth chanda imagine mummy boasting balelanda na yeah yeah yeah kwati fyamano fikesa awe mweee,False,0.6808,positive,-0.0191999999999999,0.355,0.645,0.0,neutral,-0.0191999999999999,neutral,True,-0.7,awe,15,2,0.0,0.0,0.0,0.0,0.0,0.0,0.0,False,1,no_energy_or_zesco_terms,stability
1032891124985265,Finally the stable schedule is out😂😂😂 3hrs of nonsense. Awe 2024 is a year on its own.,2026-05-04T13:56:54.828155+00:00,https://www.facebook.com/100057335174945/posts/1030474368873726/?app=fbl,finally the stable schedule is out😂😂😂 3hrs of nonsense awe 2024 is a year on its own,17,aggie chanza chewe namachila ala kuchula,False,0.0,neutral,0.0,0.0,1.0,0.0,neutral,0.0,neutral,False,0.0,,6,0,0.0,0.0,0.0,0.0,0.0,0.0,0.0,False,2,no_energy_or_zesco_terms,"schedule,stable"
1073826027545472,One of the most an realistic way of doing things,2026-05-04T13:58:15.347542+00:00,https://www.facebook.com/100057335174945/posts/1067946481793181/?app=fbl,one of the most an realistic way of doing things,10,most realistic way doing things,False,0.0,neutral,0.0,0.0,1.0,0.0,neutral,0.0,neutral,False,0.0,,5,0,0.0,0.0,0.0,0.0,0.0,0.0,0.0,False,0,no_energy_or_zesco_terms,
1731139997724597,Sometimes these people act like a bunch of primary children,2026-05-04T13:58:15.347548+00:00,https://www.facebook.com/100057335174945/posts/1067946481793181/?app=fbl,sometimes these people act like a bunch of primary children,10,sometimes people act like bunch primary children,False,0.3612,positive,0.3612,0.294,0.706,0.0,positive,0.3612,positive,False,0.0,,7,1,0.0,0.0,0.0,0.0,0.0,0.0,0.0,False,0,no_energy_or_zesco_terms,
473950241837578,Awe ine nshafichiteko mwe if they want they can do anything mweh. This is too much mweh🙄,2026-05-04T13:58:15.347572+00:00,https://www.facebook.com/100057335174945/posts/1067946481793181/?app=fbl,awe ine nshafichiteko mwe if they want they can do anything mweh this is too much mweh🙄,17,awe ine nshafichiteko mwe want anything mweh too much mweh,False,0.0772,positive,-0.6227999999999999,0.126,0.874,0.0,negative,-0.6227999999999999,negative,True,-0.7,awe,10,0,0.0,0.0,0.0,0.0,0.0,0.0,0.0,False,0,no_energy_or_zesco_terms,
1099465205216878,Is this the good news we have been waiting 😂😂😂,2026-05-04T13:58:15.347595+00:00,https://www.facebook.com/100057335174945/posts/1067946481793181/?app=fbl,is this the good news we have been waiting 😂😂😂,9,good news waiting,False,0.4404,positive,0.4404,0.592,0.408,0.0,positive,0.4404,positive,False,0.0,,3,1,0.0,0.3333333333333333,0.0,0.3333333333333333,0.0,0.3333333333333333,0.0,False,0,no_energy_or_zesco_terms,
1294030878682173,Hope you won't steal our money like last time you made these similar changes and remember you never refunded us.,2026-05-04T13:58:15.347602+00:00,https://www.facebook.com/100057335174945/posts/1067946481793181/?app=fbl,hope you won t steal our money like last time you made these similar changes and remember you never refunded us,21,hope won t steal money like last time made similar changes remember never refunded us,False,0.7096,positive,0.7096,0.408,0.448,0.143,positive,0.7096,positive,False,0.0,,15,4,0.1333333333333333,0.2,0.0666666666666666,0.1333333333333333,0.0666666666666666,0.2,0.1,False,0,no_energy_or_zesco_terms,
1289885832201841,What of  those prepaid that has no # and *  only numbers,2026-05-04T13:58:15.347884+00:00,https://www.facebook.com/100057335174945/posts/1067946481793181/?app=fbl,what of those prepaid that has no and only numbers,10,those prepaid only numbers,False,0.0,neutral,0.0,0.0,1.0,0.0,neutral,0.0,neutral,False,0.0,,4,1,0.0,0.0,0.0,0.0,0.0,0.0,0.0,False,0,no_energy_or_zesco_terms,
3348816668587167,This information is a day dream,2026-05-04T13:58:15.347925+00:00,https://www.facebook.com/100057335174945/posts/1067946481793181/?app=fbl,this information is a day dream,6,information day dream,False,0.25,positive,0.25,0.5,0.5,0.0,positive,0.25,positive,False,0.0,,3,1,0.0,0.0,0.0,0.0,0.0,0.0,0.0,False,0,no_energy_or_zesco_terms,
1098733607909887,"Mine is updated,though is this the big news we were informed about ??",2026-05-04T13:58:15.347948+00:00,https://www.facebook.com/100057335174945/posts/1067946481793181/?app=fbl,mine is updated though is this the big news we were informed about,13,mine updated though big news informed,False,0.0,neutral,0.0,0.0,1.0,0.0,neutral,0.0,neutral,False,0.0,,6,0,0.0,0.0,0.0,0.0,0.0,0.0,0.0,False,0,no_energy_or_zesco_terms,
918822943645810,Manje how are we suppose to update when some of our meters doesn't have * and #,2026-05-04T13:58:15.348287+00:00,https://www.facebook.com/100057335174945/posts/1067946481793181/?app=fbl,manje how are we suppose to update when some of our meters doesn t have and,16,manje how suppose update meters doesn t,False,0.0,neutral,-0.3,0.0,1.0,0.0,negative,-0.3,negative,True,-0.3,manje,7,0,0.0,0.0,0.0,0.0,0.0,0.0,0.0,False,1,no_energy_or_zesco_terms,update
1112572957094230,So what time are we supposed to do this? Cos am just seeing this today they 23rd,2026-05-04T13:58:15.348345+00:00,https://www.facebook.com/100057335174945/posts/1067946481793181/?app=fbl,so what time are we supposed to do this cos am just seeing this today they 23rd,17,time supposed cos just seeing today 23rd,False,0.0,neutral,0.0,0.0,1.0,0.0,neutral,0.0,neutral,False,0.0,,7,1,0.0,0.1428571428571428,0.0,0.0,0.0,0.1428571428571428,0.0,False,0,no_energy_or_zesco_terms,
918822943645810,Manje how are we suppose to update when some of our meters doesn't have * and #,2026-05-04T13:58:15.348287+00:00,https://www.facebook.com/100057335174945/posts/1067946481793181/?app=fbl,manje how are we suppose to update when some of our meters doesn t have and,16,saviour alingo chisanga ine just laughed because how possible,False,0.4588,positive,0.4588,0.273,0.727,0.0,positive,0.4588,positive,False,0.0,,9,0,0.0,0.0,0.0,0.0,0.0,0.0,0.0,False,1,no_energy_or_zesco_terms,update
918822943645810,Manje how are we suppose to update when some of our meters doesn't have * and #,2026-05-04T13:58:15.348287+00:00,https://www.facebook.com/100057335174945/posts/1067946481793181/?app=fbl,manje how are we suppose to update when some of our meters doesn t have and,16,saviour alingo chisanga even us,False,0.0,neutral,0.0,0.0,1.0,0.0,neutral,0.0,neutral,False,0.0,,5,0,0.0,0.0,0.0,0.0,0.0,0.0,0.0,False,1,no_energy_or_zesco_terms,update
918822943645810,Manje how are we suppose to update when some of our meters doesn't have * and #,2026-05-04T13:58:15.348287+00:00,https://www.facebook.com/100057335174945/posts/1067946481793181/?app=fbl,manje how are we suppose to update when some of our meters doesn t have and,16,saviour alingo chisanga imagine,False,0.0,neutral,0.0,0.0,1.0,0.0,neutral,0.0,neutral,False,0.0,,4,0,0.0,0.0,0.0,0.0,0.0,0.0,0.0,False,1,no_energy_or_zesco_terms,update
918822943645810,Manje how are we suppose to update when some of our meters doesn't have * and #,2026-05-04T13:58:15.348287+00:00,https://www.facebook.com/100057335174945/posts/1067946481793181/?app=fbl,manje how are we suppose to update when some of our meters doesn t have and,16,saviour alingo chisanga exactly question too,False,0.0,neutral,0.0,0.0,1.0,0.0,neutral,0.0,neutral,False,0.0,,6,1,0.0,0.0,0.0,0.0,0.0,0.0,0.0,False,1,no_energy_or_zesco_terms,update
918822943645810,Manje how are we suppose to update when some of our meters doesn't have * and #,2026-05-04T13:58:15.348287+00:00,https://www.facebook.com/100057335174945/posts/1067946481793181/?app=fbl,manje how are we suppose to update when some of our meters doesn t have and,16,saviour alingo chisanga exactly,False,0.0,neutral,0.0,0.0,1.0,0.0,neutral,0.0,neutral,False,0.0,,4,0,0.0,0.0,0.0,0.0,0.0,0.0,0.0,False,1,no_energy_or_zesco_terms,update
918822943645810,Manje how are we suppose to update when some of our meters doesn't have * and #,2026-05-04T13:58:15.348287+00:00,https://www.facebook.com/100057335174945/posts/1067946481793181/?app=fbl,manje how are we suppose to update when some of our meters doesn t have and,16,saviour alingo chisanga question too,False,0.0,neutral,0.0,0.0,1.0,0.0,neutral,0.0,neutral,False,0.0,,5,1,0.0,0.0,0.0,0.0,0.0,0.0,0.0,False,1,no_energy_or_zesco_terms,update
918822943645810,Manje how are we suppose to update when some of our meters doesn't have * and #,2026-05-04T13:58:15.348287+00:00,https://www.facebook.com/100057335174945/posts/1067946481793181/?app=fbl,manje how are we suppose to update when some of our meters doesn t have and,16,saviour alingo chisanga imagine updated meters sure,False,0.3182,positive,0.3182,0.277,0.723,0.0,positive,0.3182,positive,False,0.0,,7,0,0.0,0.0,0.0,0.0,0.0,0.0,0.0,False,1,no_energy_or_zesco_terms,update
1112572957094230,So what time are we supposed to do this? Cos am just seeing this today they 23rd,2026-05-04T13:58:15.348345+00:00,https://www.facebook.com/100057335174945/posts/1067946481793181/?app=fbl,so what time are we supposed to do this cos am just seeing this today they 23rd,17,katongo chitebakatongo chiteba 05 gone,False,0.0,neutral,0.0,0.0,1.0,0.0,neutral,0.0,neutral,False,0.0,,5,0,0.0,0.0,0.0,0.0,0.0,0.0,0.0,False,1,no_energy_or_zesco_terms,gone
1112572957094230,So what time are we supposed to do this? Cos am just seeing this today they 23rd,2026-05-04T13:58:15.348345+00:00,https://www.facebook.com/100057335174945/posts/1067946481793181/?app=fbl,so what time are we supposed to do this cos am just seeing this today they 23rd,17,belinda thole thought exactly,False,0.0,neutral,0.0,0.0,1.0,0.0,neutral,0.0,neutral,False,0.0,,4,1,0.0,0.25,0.0,0.0,0.0,0.25,0.0,False,0,no_energy_or_zesco_terms,
918822943645810,Manje how are we suppose to update when some of our meters doesn't have * and #,2026-05-04T13:58:15.348287+00:00,https://www.facebook.com/100057335174945/posts/1067946481793181/?app=fbl,manje how are we suppose to update when some of our meters doesn t have and,16,saviour alingo chisanga s 005,False,0.0,neutral,0.0,0.0,1.0,0.0,neutral,0.0,neutral,False,0.0,,5,0,0.0,0.0,0.0,0.0,0.0,0.0,0.0,False,1,no_energy_or_zesco_terms,update
918822943645810,Manje how are we suppose to update when some of our meters doesn't have * and #,2026-05-04T13:58:15.348287+00:00,https://www.facebook.com/100057335174945/posts/1067946481793181/?app=fbl,manje how are we suppose to update when some of our meters doesn t have and,16,wilson musakanya last day s tomorrow nothing,False,0.0,neutral,0.0,0.0,1.0,0.0,neutral,0.0,neutral,False,0.0,,7,1,0.0,0.1428571428571428,0.0,0.0,0.0,0.1428571428571428,0.0,False,1,no_energy_or_zesco_terms,update
918822943645810,Manje how are we suppose to update when some of our meters doesn't have * and #,2026-05-04T13:58:15.348287+00:00,https://www.facebook.com/100057335174945/posts/1067946481793181/?app=fbl,manje how are we suppose to update when some of our meters doesn t have and,16,happy hatontola yet updated,False,0.5719,positive,0.5719,0.552,0.448,0.0,positive,0.5719,positive,False,0.0,,4,1,0.0,0.25,0.0,0.25,0.0,0.25,0.0,False,1,no_energy_or_zesco_terms,update
918822943645810,Manje how are we suppose to update when some of our meters doesn't have * and #,2026-05-04T13:58:15.348287+00:00,https://www.facebook.com/100057335174945/posts/1067946481793181/?app=fbl,manje how are we suppose to update when some of our meters doesn t have and,16,saviour alingo chisanga answers,False,0.0,neutral,0.0,0.0,1.0,0.0,neutral,0.0,neutral,False,0.0,,4,0,0.0,0.0,0.0,0.0,0.0,0.0,0.0,False,1,no_energy_or_zesco_terms,update
918822943645810,Manje how are we suppose to update when some of our meters doesn't have * and #,2026-05-04T13:58:15.348287+00:00,https://www.facebook.com/100057335174945/posts/1067946481793181/?app=fbl,manje how are we suppose to update when some of our meters doesn t have and,16,innocent chihinga prepaid letters only numbers,False,0.34,positive,0.34,0.324,0.676,0.0,positive,0.34,positive,False,0.0,,6,2,0.0,0.0,0.0,0.1666666666666666,0.0,0.0,0.0,False,1,no_energy_or_zesco_terms,update
918822943645810,Manje how are we suppose to update when some of our meters doesn't have * and #,2026-05-04T13:58:15.348287+00:00,https://www.facebook.com/100057335174945/posts/1067946481793181/?app=fbl,manje how are we suppose to update when some of our meters doesn t have and,16,saviour alingo chisanga mine too wala,False,0.0,neutral,0.0,0.0,1.0,0.0,neutral,0.0,neutral,False,0.0,,6,0,0.0,0.0,0.0,0.0,0.0,0.0,0.0,False,1,no_energy_or_zesco_terms,update
918822943645810,Manje how are we suppose to update when some of our meters doesn't have * and #,2026-05-04T13:58:15.348287+00:00,https://www.facebook.com/100057335174945/posts/1067946481793181/?app=fbl,manje how are we suppose to update when some of our meters doesn t have and,16,saviour alingo chisanga battery powered meters those attached wall usually come just press 005 enter see 2 2 1 2 see 2 2 updated,False,0.0,neutral,0.0,0.0,1.0,0.0,neutral,0.0,neutral,False,0.0,,24,1,0.0416666666666666,0.0,0.0,0.0,0.0,0.0,0.0208333333333333,False,2,no_energy_or_zesco_terms,"come,update"
2503679246506239,So get up at 2:45 AM to check the metre and update it? Noted! ✍🏽,2026-05-04T13:58:15.349543+00:00,https://www.facebook.com/100057335174945/posts/1067946481793181/?app=fbl,so get up at 2 45 am to check the metre and update it noted ✍🏽,15,get 2 45 check metre update noted,False,0.0,neutral,0.0,0.0,1.0,0.0,neutral,0.0,neutral,False,0.0,,7,1,0.0,0.0,0.0,0.0,0.0,0.0,0.0,False,1,no_energy_or_zesco_terms,update
1616637372559879,How will those who are not on Facebook and have no phones know about this short notice,2026-05-04T13:58:15.349564+00:00,https://www.facebook.com/100057335174945/posts/1067946481793181/?app=fbl,how will those who are not on facebook and have no phones know about this short notice,17,how those facebook phones know short notice,False,0.0,neutral,0.0,0.0,1.0,0.0,neutral,0.0,neutral,False,0.0,,7,0,0.0,0.0,0.0,0.0,0.0,0.0,0.0,False,0,no_energy_or_zesco_terms,
2503679246506239,So get up at 2:45 AM to check the metre and update it? Noted! ✍🏽,2026-05-04T13:58:15.349543+00:00,https://www.facebook.com/100057335174945/posts/1067946481793181/?app=fbl,so get up at 2 45 am to check the metre and update it noted ✍🏽,15,tumba le vivré masters comply,False,0.0,neutral,0.0,0.0,1.0,0.0,neutral,0.0,neutral,False,0.0,,5,0,0.0,0.0,0.0,0.0,0.0,0.0,0.0,False,1,no_energy_or_zesco_terms,update
918822943645810,Manje how are we suppose to update when some of our meters doesn't have * and #,2026-05-04T13:58:15.348287+00:00,https://www.facebook.com/100057335174945/posts/1067946481793181/?app=fbl,manje how are we suppose to update when some of our meters doesn t have and,16,saviour alingo chisanga mashilu imwe aya please,False,0.3182,positive,0.3182,0.277,0.723,0.0,positive,0.3182,positive,False,0.0,,7,0,0.0,0.0,0.0,0.0,0.0,0.0,0.0,False,1,no_energy_or_zesco_terms,update
918822943645810,Manje how are we suppose to update when some of our meters doesn't have * and #,2026-05-04T13:58:15.348287+00:00,https://www.facebook.com/100057335174945/posts/1067946481793181/?app=fbl,manje how are we suppose to update when some of our meters doesn t have and,16,saviour alingo chisanga same question sir how,False,0.0,neutral,0.0,0.0,1.0,0.0,neutral,0.0,neutral,False,0.0,,7,2,0.0,0.0,0.0,0.1428571428571428,0.0,0.0,0.0,False,1,no_energy_or_zesco_terms,update
918822943645810,Manje how are we suppose to update when some of our meters doesn't have * and #,2026-05-04T13:58:15.348287+00:00,https://www.facebook.com/100057335174945/posts/1067946481793181/?app=fbl,manje how are we suppose to update when some of our meters doesn t have and,16,right metre boxes don t,False,0.0,neutral,0.0,0.0,1.0,0.0,neutral,0.0,neutral,False,0.0,,5,1,0.0,0.0,0.0,0.2,0.0,0.0,0.0,False,1,no_energy_or_zesco_terms,update
918822943645810,Manje how are we suppose to update when some of our meters doesn't have * and #,2026-05-04T13:58:15.348287+00:00,https://www.facebook.com/100057335174945/posts/1067946481793181/?app=fbl,manje how are we suppose to update when some of our meters doesn t have and,16,saviour alingo chisanga s actually 005 star,False,0.0,neutral,0.0,0.0,1.0,0.0,neutral,0.0,neutral,False,0.0,,7,1,0.0,0.1428571428571428,0.0,0.1428571428571428,0.0,0.1428571428571428,0.0,False,1,no_energy_or_zesco_terms,update
1269495240914028,Some of us we are in businesses far away from our electrified houses in town and you put the notification valid for within 2 days. How do we work together as a country 🤔,2026-05-04T13:58:15.350355+00:00,https://www.facebook.com/100057335174945/posts/1067946481793181/?app=fbl,some of us we are in businesses far away from our electrified houses in town and you put the notification valid for within 2 days how do we work together as a country 🤔,33,us businesses far away electrified houses town put notification valid within 2 days how work together country,False,0.0,neutral,0.0,0.0,1.0,0.0,neutral,0.0,neutral,False,0.0,,17,1,0.0,0.0588235294117647,0.0,0.0,0.0,0.0588235294117647,0.0,False,0,no_energy_or_zesco_terms,
1301581687416894,There's NO # on my prepaid so how do I go about it?,2026-05-04T13:58:15.350370+00:00,https://www.facebook.com/100057335174945/posts/1067946481793181/?app=fbl,there s no on my prepaid so how do i go about it,13,s prepaid how go,False,0.0,neutral,0.0,0.0,1.0,0.0,neutral,0.0,neutral,False,0.0,,4,0,0.0,0.0,0.0,0.0,0.0,0.0,0.0,False,0,no_energy_or_zesco_terms,
1973087556500148,How do I check in a powerless zone,2026-05-04T13:58:15.350395+00:00,https://www.facebook.com/100057335174945/posts/1067946481793181/?app=fbl,how do i check in a powerless zone,8,how check powerless zone,False,-0.4939,negative,-0.4939,0.0,0.484,0.516,negative,-0.4939,negative,False,0.0,,4,1,0.25,0.0,0.25,0.0,0.25,0.0,0.25,False,0,no_energy_or_zesco_terms,
950177713652456,Does it mean this page is computerized? I don't think a human being can set 24/11/2024 as deadline looking at what we are going through.,2026-05-04T13:58:15.350824+00:00,https://www.facebook.com/100057335174945/posts/1067946481793181/?app=fbl,does it mean this page is computerized i don t think a human being can set 24 11 2024 as deadline looking at what we are going through,28,mean page computerized don t think human being set 24 11 2024 deadline looking going through,False,0.0,neutral,0.0,0.0,1.0,0.0,neutral,0.0,neutral,False,0.0,,16,1,0.0,0.0,0.0,0.0625,0.0,0.0,0.0,False,0,no_energy_or_zesco_terms,
557660213537739,"Less than 24 hrs notification!
And my metre has no provision for #, so how do I check?

And at what hour is this deadline for crying out loud?
The day has 24 hrs before we transition into Monday",2026-05-04T13:58:15.350827+00:00,https://www.facebook.com/100057335174945/posts/1067946481793181/?app=fbl,less than 24 hrs notification and my metre has no provision for so how do i check and at what hour is this deadline for crying out loud the day has 24 hrs before we transition into monday,38,less than 24 hrs notification metre provision how check hour deadline crying loud day 24 hrs before transition into monday,False,-0.4767,negative,-0.4767,0.0,0.86,0.14,negative,-0.4767,negative,False,0.0,,20,2,0.0,0.05,0.0,0.0,0.05,0.05,0.025,False,1,no_energy_or_zesco_terms,hrs
540700515397617,"Others don't even have that k10.
Just extend your deadline.
Your customers have been understanding by force, kindly do the same.",2026-05-04T13:58:15.350880+00:00,https://www.facebook.com/100057335174945/posts/1067946481793181/?app=fbl,others don t even have that k10 just extend your deadline your customers have been understanding by force kindly do the same,22,others don t even k10 just extend deadline customers understanding force kindly same,False,0.5994,positive,0.5994,0.329,0.671,0.0,positive,0.5994,positive,False,0.0,,13,4,0.0769230769230769,0.0,0.0769230769230769,0.1538461538461538,0.0,0.0,0.0384615384615384,False,0,no_energy_or_zesco_terms,
579738547916602,Am using the old prepaid that does not have # . How do I check?,2026-05-04T13:58:15.350952+00:00,https://www.facebook.com/100057335174945/posts/1067946481793181/?app=fbl,am using the old prepaid that does not have how do i check,13,using old prepaid how check,False,0.0,neutral,0.0,0.0,1.0,0.0,neutral,0.0,neutral,False,0.0,,5,0,0.0,0.0,0.0,0.0,0.0,0.0,0.0,False,0,no_energy_or_zesco_terms,
581910654194613,And you decide to tell your customers over a weekend and on short notice. With extended hours how will people verify the status of the meters???,2026-05-04T13:58:15.350965+00:00,https://www.facebook.com/100057335174945/posts/1067946481793181/?app=fbl,and you decide to tell your customers over a weekend and on short notice with extended hours how will people verify the status of the meters,26,decide tell customers over weekend short notice extended hours how people verify status meters,False,0.0,neutral,0.0,0.0,1.0,0.0,neutral,0.0,neutral,False,0.0,,14,1,0.0,0.0,0.0,0.0,0.0,0.0,0.0,False,1,no_energy_or_zesco_terms,hours
478868854645444,Ifwe kuno it’s just showing “plc con” kaya what the problem is 🤦‍♀️,2026-05-04T13:58:15.350984+00:00,https://www.facebook.com/100057335174945/posts/1067946481793181/?app=fbl,ifwe kuno it’s just showing “plc con” kaya what the problem is 🤦‍♀️,13,ifwe kuno s just showing plc con kaya problem,False,-0.4019,negative,-0.7019,0.0,0.722,0.278,negative,-0.7019,negative,True,-0.3,kaya,9,1,0.0,0.0,0.1111111111111111,0.0,0.1111111111111111,0.0,0.0555555555555555,False,0,no_energy_or_zesco_terms,
579738547916602,Am using the old prepaid that does not have # . How do I check?,2026-05-04T13:58:15.350952+00:00,https://www.facebook.com/100057335174945/posts/1067946481793181/?app=fbl,am using the old prepaid that does not have how do i check,13,nchimu nya question too,False,0.0,neutral,0.0,0.0,1.0,0.0,neutral,0.0,neutral,False,0.0,,4,1,0.0,0.0,0.0,0.0,0.0,0.0,0.0,False,0,no_energy_or_zesco_terms,
579738547916602,Am using the old prepaid that does not have # . How do I check?,2026-05-04T13:58:15.350952+00:00,https://www.facebook.com/100057335174945/posts/1067946481793181/?app=fbl,am using the old prepaid that does not have how do i check,13,chilala onyego hachikuyu too bro let s hope s something new,False,0.4404,positive,0.4404,0.266,0.734,0.0,positive,0.4404,positive,False,0.0,,11,1,0.0,0.0909090909090909,0.0,0.0909090909090909,0.0,0.0909090909090909,0.0,False,0,no_energy_or_zesco_terms,
1864348144093796,Y’all are funny af 🙄because ain’t no way you’re seriously telling people this right now and giving them till tomorrow,2026-05-04T13:58:15.351040+00:00,https://www.facebook.com/100057335174945/posts/1067946481793181/?app=fbl,y’all are funny af 🙄because ain’t no way you’re seriously telling people this right now and giving them till tomorrow,23,y funny af because ain t way re seriously telling people right now giving till tomorrow,False,0.5574,positive,0.5574,0.294,0.611,0.094,positive,0.5574,positive,False,0.0,,16,2,0.0,0.0625,0.0,0.0,0.0,0.0625,0.0,False,0,no_energy_or_zesco_terms,
963209262309928,Mmmmmh! What about consumer who do not access to the internet?,2026-05-04T13:58:15.351066+00:00,https://www.facebook.com/100057335174945/posts/1067946481793181/?app=fbl,mmmmmh what about consumer who do not access to the internet,11,mmmmmh consumer access internet,False,0.0,neutral,0.0,0.0,1.0,0.0,neutral,0.0,neutral,False,0.0,,4,0,0.0,0.0,0.0,0.0,0.0,0.0,0.0,False,0,no_energy_or_zesco_terms,
2070074933423687,So how do you think people who have small phones to know about the same upgrade.  Can you please have order,2026-05-04T13:58:15.351069+00:00,https://www.facebook.com/100057335174945/posts/1067946481793181/?app=fbl,so how do you think people who have small phones to know about the same upgrade can you please have order,21,how think people small phones know same upgrade please order,False,0.3182,positive,0.3182,0.204,0.796,0.0,positive,0.3182,positive,False,0.0,,10,1,0.0,0.0,0.0,0.0,0.0,0.0,0.0,False,0,no_energy_or_zesco_terms,
1299485121402214,"How do you announce one day before the deadline, do you have brains?",2026-05-04T13:58:15.351075+00:00,https://www.facebook.com/100057335174945/posts/1067946481793181/?app=fbl,how do you announce one day before the deadline do you have brains,13,how announce day before deadline brains,False,0.0,neutral,0.0,0.0,1.0,0.0,neutral,0.0,neutral,False,0.0,,6,1,0.0,0.0,0.0,0.0,0.0,0.0,0.0,False,0,no_energy_or_zesco_terms,
1864348144093796,Y’all are funny af 🙄because ain’t no way you’re seriously telling people this right now and giving them till tomorrow,2026-05-04T13:58:15.351040+00:00,https://www.facebook.com/100057335174945/posts/1067946481793181/?app=fbl,y’all are funny af 🙄because ain’t no way you’re seriously telling people this right now and giving them till tomorrow,23,joshua kosamu soooo outrageous,False,-0.4588,negative,-0.4588,0.0,0.5,0.5,negative,-0.4588,negative,False,0.0,,4,1,0.0,0.0,0.0,0.0,0.0,0.0,0.0,False,0,no_energy_or_zesco_terms,
1627443644860485,So those that are not on FB should do what now?how will they access this information?,2026-05-04T13:58:15.351110+00:00,https://www.facebook.com/100057335174945/posts/1067946481793181/?app=fbl,so those that are not on fb should do what now how will they access this information,17,those fb should now how access information,False,0.0,neutral,0.0,0.0,1.0,0.0,neutral,0.0,neutral,False,0.0,,7,1,0.0,0.0,0.0,0.0,0.0,0.0,0.0,False,0,no_energy_or_zesco_terms,
3851917855075036,How when the prepaid is ever off,2026-05-04T13:58:15.351119+00:00,https://www.facebook.com/100057335174945/posts/1067946481793181/?app=fbl,how when the prepaid is ever off,7,how prepaid ever off,False,0.0,neutral,0.0,0.0,1.0,0.0,neutral,0.0,neutral,False,0.0,,4,0,0.0,0.0,0.0,0.0,0.0,0.0,0.0,False,1,no_energy_or_zesco_terms,off
1630364274545237,Manje ilya maintenance fee yanshi coz ifyapala ama updates it should be automatic...anyway ine tapaba * and # so kaya,2026-05-04T13:58:15.351150+00:00,https://www.facebook.com/100057335174945/posts/1067946481793181/?app=fbl,manje ilya maintenance fee yanshi coz ifyapala ama updates it should be automatic anyway ine tapaba and so kaya,19,manje ilya maintenance fee yanshi coz ifyapala ama updates should automatic anyway ine tapaba kaya,False,0.0,neutral,-0.6,0.0,1.0,0.0,negative,-0.6,negative,True,-0.6,"kaya,manje",15,3,0.0666666666666666,0.0,0.0,0.1333333333333333,0.0,0.0,0.0333333333333333,False,0,no_energy_or_zesco_terms,
534011082795785,Ichibeleshi ukutikama bamambala imwe🤔Just why should I wake up @ 01 to check if the nonsense is up to date in its mungulu state.,2026-05-04T13:58:15.351202+00:00,https://www.facebook.com/100057335174945/posts/1067946481793181/?app=fbl,ichibeleshi ukutikama bamambala imwe🤔just why should i wake up 01 to check if the nonsense is up to date in its mungulu state,24,ichibeleshi ukutikama bamambala imwe just should wake 01 check nonsense date mungulu state,False,-0.4019,negative,-1.0,0.0,0.816,0.184,negative,-1.0,negative,True,-1.6,"ichibeleshi,mungulu",13,1,0.0,0.0,0.0,0.0,0.0,0.0,0.0,False,0,no_energy_or_zesco_terms,
1198378554560973,Is it an exam to give during of less than 24hrs 😳 you think it's everyone who will see this within 24hrs,2026-05-04T13:58:15.351206+00:00,https://www.facebook.com/100057335174945/posts/1067946481793181/?app=fbl,is it an exam to give during of less than 24hrs 😳 you think it s everyone who will see this within 24hrs,22,exam give during less than 24hrs think s everyone see within 24hrs,False,0.0,neutral,0.0,0.0,1.0,0.0,neutral,0.0,neutral,False,0.0,,12,0,0.0,0.0,0.0,0.0,0.0,0.0,0.0,False,0,no_energy_or_zesco_terms,
534011082795785,Ichibeleshi ukutikama bamambala imwe🤔Just why should I wake up @ 01 to check if the nonsense is up to date in its mungulu state.,2026-05-04T13:58:15.351202+00:00,https://www.facebook.com/100057335174945/posts/1067946481793181/?app=fbl,ichibeleshi ukutikama bamambala imwe🤔just why should i wake up 01 to check if the nonsense is up to date in its mungulu state,24,ven dar kkkkk chakikamisha brother,False,0.0,neutral,0.0,0.0,1.0,0.0,neutral,0.0,neutral,False,0.0,,5,1,0.0,0.0,0.0,0.2,0.0,0.0,0.0,False,0,no_energy_or_zesco_terms,
551817310810798,I see this today then ati deadline tomorrow,2026-05-04T13:58:15.351239+00:00,https://www.facebook.com/100057335174945/posts/1067946481793181/?app=fbl,i see this today then ati deadline tomorrow,8,see today ati deadline tomorrow,False,0.0,neutral,0.0,0.0,1.0,0.0,neutral,0.0,neutral,False,0.0,,5,1,0.0,0.2,0.0,0.0,0.0,0.2,0.0,False,0,no_energy_or_zesco_terms,
925697462310474,"Again, didn't we do this already?",2026-05-04T13:58:15.351284+00:00,https://www.facebook.com/100057335174945/posts/1067946481793181/?app=fbl,again didn t we do this already,7,didn t already,False,0.0,neutral,0.0,0.0,1.0,0.0,neutral,0.0,neutral,False,0.0,,3,0,0.0,0.0,0.0,0.0,0.0,0.0,0.0,False,0,no_energy_or_zesco_terms,
962511389037694,Can you be serious. These outdated prepaids of yours don't have the # button,2026-05-04T13:58:15.351295+00:00,https://www.facebook.com/100057335174945/posts/1067946481793181/?app=fbl,can you be serious these outdated prepaids of yours don t have the button,14,serious outdated prepaids yours don t button,False,-0.0772,negative,-0.0772,0.0,0.794,0.206,negative,-0.0772,negative,False,0.0,,7,1,0.0,0.0,0.0,0.1428571428571428,0.0,0.0,0.0,False,0,no_energy_or_zesco_terms,
925697462310474,"Again, didn't we do this already?",2026-05-04T13:58:15.351284+00:00,https://www.facebook.com/100057335174945/posts/1067946481793181/?app=fbl,again didn t we do this already,7,mercy nams yes m sure ve updated phone than once s periodic,False,0.7579,positive,0.7579,0.517,0.483,0.0,positive,0.7579,positive,False,0.0,,12,1,0.0,0.0,0.0,0.0,0.0,0.0,0.0,False,0,no_energy_or_zesco_terms,
1357394061953182,What is this for now? And what is it about?,2026-05-04T13:58:15.351333+00:00,https://www.facebook.com/100057335174945/posts/1067946481793181/?app=fbl,what is this for now and what is it about,10,now,False,0.0,neutral,0.0,0.0,1.0,0.0,neutral,0.0,neutral,False,0.0,,1,0,0.0,0.0,0.0,0.0,0.0,0.0,0.0,False,0,no_energy_or_zesco_terms,
2938486026317644,Seems like we have been disconnected kuno... I didn't know anything about this... I don't follow this page and I didn't receive any other communication,2026-05-04T13:58:15.351336+00:00,https://www.facebook.com/100057335174945/posts/1067946481793181/?app=fbl,seems like we have been disconnected kuno i didn t know anything about this i don t follow this page and i didn t receive any other communication,28,seems like disconnected kuno didn t know anything don t follow page didn t receive other communication,False,0.3612,positive,0.3612,0.161,0.839,0.0,positive,0.3612,positive,False,0.0,,17,3,0.0,0.0,0.0,0.1176470588235294,0.0588235294117647,0.0,0.0294117647058823,False,0,no_energy_or_zesco_terms,
1311207946549485,And am sure this is only targeted at customers following you on Facebook,2026-05-04T13:58:15.351341+00:00,https://www.facebook.com/100057335174945/posts/1067946481793181/?app=fbl,and am sure this is only targeted at customers following you on facebook,13,sure only targeted customers following facebook,False,0.3182,positive,0.3182,0.315,0.685,0.0,positive,0.3182,positive,False,0.0,,6,0,0.0,0.0,0.0,0.0,0.0,0.0,0.0,False,0,no_energy_or_zesco_terms,
3889000111379095,Do these prepaid meters have # key?,2026-05-04T13:58:15.351392+00:00,https://www.facebook.com/100057335174945/posts/1067946481793181/?app=fbl,do these prepaid meters have key,6,prepaid meters key,False,0.0,neutral,0.0,0.0,1.0,0.0,neutral,0.0,neutral,False,0.0,,3,0,0.0,0.0,0.0,0.0,0.0,0.0,0.0,False,0,no_energy_or_zesco_terms,
1581321032485071,So in simpler terms I have to work up at 2am to do all that stuff 🤔,2026-05-04T13:58:15.351399+00:00,https://www.facebook.com/100057335174945/posts/1067946481793181/?app=fbl,so in simpler terms i have to work up at 2am to do all that stuff 🤔,16,simpler terms work 2am stuff,False,0.0,neutral,0.0,0.0,1.0,0.0,neutral,0.0,neutral,False,0.0,,5,0,0.0,0.0,0.0,0.0,0.0,0.0,0.0,False,0,no_energy_or_zesco_terms,
921247029504857,"We are waiting for the count down you promised not what you are saying, you want us to wake up 04:00 to start  updating the prepaid",2026-05-04T13:58:15.351402+00:00,https://www.facebook.com/100057335174945/posts/1067946481793181/?app=fbl,we are waiting for the count down you promised not what you are saying you want us to wake up 04 00 to start updating the prepaid,27,waiting count down promised saying want us wake 04 00 start updating prepaid,False,0.4215,positive,0.4215,0.257,0.743,0.0,positive,0.4215,positive,False,0.0,,13,2,0.0,0.0769230769230769,0.0,0.0769230769230769,0.0,0.0769230769230769,0.0,False,1,no_energy_or_zesco_terms,promised
1234339967847834,okay just turn off everything we don't want your services anymore 😒😒,2026-05-04T13:58:15.351407+00:00,https://www.facebook.com/100057335174945/posts/1067946481793181/?app=fbl,okay just turn off everything we don t want your services anymore 😒😒,12,okay just turn off everything don t want services anymore,False,0.296,positive,0.296,0.314,0.686,0.0,positive,0.296,positive,False,0.0,,10,1,0.0,0.0,0.0,0.1,0.0,0.0,0.0,False,1,no_energy_or_zesco_terms,off
1234339967847834,okay just turn off everything we don't want your services anymore 😒😒,2026-05-04T13:58:15.351407+00:00,https://www.facebook.com/100057335174945/posts/1067946481793181/?app=fbl,okay just turn off everything we don t want your services anymore 😒😒,12,hon evans kabwita s annoying now,False,-0.4019,negative,-0.4019,0.0,0.597,0.403,negative,-0.4019,negative,False,0.0,,6,1,0.1666666666666666,0.0,0.0,0.0,0.0,0.0,0.0833333333333333,False,1,no_energy_or_zesco_terms,off
1594917784453736,"And this is the good news you promised us we should watch-out in the next 3days , ayi ?",2026-05-04T13:58:15.351446+00:00,https://www.facebook.com/100057335174945/posts/1067946481793181/?app=fbl,and this is the good news you promised us we should watch out in the next 3days ayi,18,good news promised us should watch next 3days ayi,False,0.6597,positive,0.6597,0.435,0.565,0.0,positive,0.6597,positive,False,0.0,,9,2,0.0,0.2222222222222222,0.1111111111111111,0.1111111111111111,0.0,0.2222222222222222,0.0,False,1,no_energy_or_zesco_terms,promised
3877960815826928,Mwikatupenya🙄 does these meters looks like can be updated sure🙄,2026-05-04T13:58:15.351455+00:00,https://www.facebook.com/100057335174945/posts/1067946481793181/?app=fbl,mwikatupenya🙄 does these meters looks like can be updated sure🙄,10,mwikatupenya meters looks like updated sure,False,0.5859,positive,0.5859,0.545,0.455,0.0,positive,0.5859,positive,False,0.0,,6,0,0.0,0.0,0.0,0.0,0.0,0.0,0.0,False,0,no_energy_or_zesco_terms,
1594917784453736,"And this is the good news you promised us we should watch-out in the next 3days , ayi ?",2026-05-04T13:58:15.351446+00:00,https://www.facebook.com/100057335174945/posts/1067946481793181/?app=fbl,and this is the good news you promised us we should watch out in the next 3days ayi,18,bob kakumbi kulumbwa ask,False,0.0,neutral,0.0,0.0,1.0,0.0,neutral,0.0,neutral,False,0.0,,4,0,0.0,0.0,0.0,0.0,0.0,0.0,0.0,False,1,no_energy_or_zesco_terms,promised
1594917784453736,"And this is the good news you promised us we should watch-out in the next 3days , ayi ?",2026-05-04T13:58:15.351446+00:00,https://www.facebook.com/100057335174945/posts/1067946481793181/?app=fbl,and this is the good news you promised us we should watch out in the next 3days ayi,18,daniel zulu telly m scared chances becoming slim,False,-0.2732,negative,-0.2732,0.186,0.515,0.299,negative,-0.2732,negative,False,0.0,,8,1,0.0,0.0,0.0,0.0,0.0,0.0,0.0,False,1,no_energy_or_zesco_terms,promised
545916301631528,"So you have no money for salaries for your people, now you want to get money from us pa gunpoint 😒 k10 by the whole zambia is a lot of money",2026-05-04T13:58:15.351487+00:00,https://www.facebook.com/100057335174945/posts/1067946481793181/?app=fbl,so you have no money for salaries for your people now you want to get money from us pa gunpoint 😒 k10 by the whole zambia is a lot of money,30,money salaries people now want get money us pa gunpoint k10 whole zambia lot money,False,0.0772,positive,0.0772,0.085,0.915,0.0,positive,0.0772,positive,False,0.0,,15,3,0.2,0.2,0.0,0.2,0.0,0.2,0.1,False,0,no_energy_or_zesco_terms,
931813121610460,"Just say we contribute k10's to your company , we will do that...which number should we send to and what names does it bring?",2026-05-04T13:58:15.351522+00:00,https://www.facebook.com/100057335174945/posts/1067946481793181/?app=fbl,just say we contribute k10 s to your company we will do that which number should we send to and what names does it bring,25,just say contribute k10 s company number should send names bring,False,0.0772,positive,0.0772,0.126,0.874,0.0,positive,0.0772,positive,False,0.0,,11,1,0.0,0.0,0.0,0.0,0.0,0.0,0.0,False,0,no_energy_or_zesco_terms,
948731537070898,"Fi fwaka mupepa fikali, I also want. How can you put a short deadline pa 24 as if we are doing an assignment? Some of us are away from home.",2026-05-04T13:58:15.351530+00:00,https://www.facebook.com/100057335174945/posts/1067946481793181/?app=fbl,fi fwaka mupepa fikali i also want how can you put a short deadline pa 24 as if we are doing an assignment some of us are away from home,30,fi fwaka mupepa fikali also want how put short deadline pa 24 doing assignment us away home,False,0.0772,positive,-0.7228,0.075,0.925,0.0,negative,-0.7228,negative,True,-0.8,fwaka,17,0,0.0,0.0,0.0,0.0,0.0,0.0,0.0,False,0,no_energy_or_zesco_terms,
976862873282333,Lweendo Miyoba Namakobo my sister it's like saying 2+5=7 and 1+6=7....nchimwi biyo .....,2026-05-04T13:54:42.207107+00:00,https://www.facebook.com/100064560977290/posts/6124054071047970/?app=fbl,lweendo miyoba namakobo my sister it s like saying 2 5 7 and 1 6 7 nchimwi biyo,18,lweendo miyoba namakobo sister s like saying 2 5 7 1 6 7 nchimwi biyo,False,0.3612,positive,0.3612,0.263,0.737,0.0,positive,0.3612,positive,False,0.0,,15,0,0.0,0.0,0.0,0.0,0.0,0.0,0.0,False,0,no_energy_or_zesco_terms,
1393778251401137,Ati it’s increase to decrease 😝,2026-05-04T13:54:42.207138+00:00,https://www.facebook.com/100064560977290/posts/6124054071047970/?app=fbl,ati it’s increase to decrease 😝,6,ati s increase decrease,False,0.3182,positive,0.3182,0.535,0.465,0.0,positive,0.3182,positive,False,0.0,,4,2,0.0,0.0,0.0,0.0,0.0,0.0,0.0,False,0,no_energy_or_zesco_terms,
1361256761308377,Oh I remember the tactics they are using they call it reverse reduction meaning you increase by 200% then you reduce by 100%.,2026-05-04T13:54:42.207154+00:00,https://www.facebook.com/100064560977290/posts/6124054071047970/?app=fbl,oh i remember the tactics they are using they call it reverse reduction meaning you increase by 200 then you reduce by 100,23,oh remember tactics using call reverse reduction meaning increase 200 reduce 100,False,0.3182,positive,0.3182,0.173,0.827,0.0,positive,0.3182,positive,False,0.0,,12,2,0.0,0.0,0.0833333333333333,0.0833333333333333,0.0,0.0,0.0,False,0,no_energy_or_zesco_terms,
1539253826550352,I remember the prophecy of Joshua ignla after he said  he's gonna win but he's not David but Saul,2026-05-04T13:54:42.207159+00:00,https://www.facebook.com/100064560977290/posts/6124054071047970/?app=fbl,i remember the prophecy of joshua ignla after he said he s gonna win but he s not david but saul,21,remember prophecy joshua ignla said s gonna win s david saul,False,0.5859,positive,0.5859,0.322,0.678,0.0,positive,0.5859,positive,False,0.0,,11,1,0.0,0.0909090909090909,0.0,0.0,0.0,0.0909090909090909,0.0,False,1,no_energy_or_zesco_terms,said
844750029934598,Mmmmm eya Mayo! So ati what have you done apapene! Anyway guys kuno ku Tee’s I’m even selling charcoal now so if you need malasha I’m available,2026-05-04T13:54:42.207165+00:00,https://www.facebook.com/100064560977290/posts/6124054071047970/?app=fbl,mmmmm eya mayo so ati what have you done apapene anyway guys kuno ku tee’s i’m even selling charcoal now so if you need malasha i’m available,30,mmmmm eya mayo ati done apapene anyway guys kuno ku tee s m even selling charcoal now need malasha m available,False,0.0,neutral,0.0,0.0,1.0,0.0,neutral,0.0,neutral,False,0.0,,21,0,0.0,0.0,0.0,0.0,0.0,0.0,0.0,False,0,no_energy_or_zesco_terms,
879154983427096,"THIS is UPND Time but remember 2026 they will be on our home ground begging for mercy,,. We are watching",2026-05-04T13:54:42.207170+00:00,https://www.facebook.com/100064560977290/posts/6124054071047970/?app=fbl,this is upnd time but remember 2026 they will be on our home ground begging for mercy we are watching,20,upnd time remember 2026 home ground begging mercy watching,False,0.3612,positive,0.3612,0.238,0.762,0.0,positive,0.3612,positive,False,0.0,,9,4,0.0,0.1111111111111111,0.0,0.1111111111111111,0.0,0.1111111111111111,0.0,False,0,no_energy_or_zesco_terms,
8497039393670777,"Nonsense, only those with limited reasoning will celebrate this , otherwise work done is equal to negative 0.",2026-05-04T13:54:42.207180+00:00,https://www.facebook.com/100064560977290/posts/6124054071047970/?app=fbl,nonsense only those with limited reasoning will celebrate this otherwise work done is equal to negative 0,17,nonsense only those limited reasoning celebrate otherwise work done equal negative 0,False,-0.5574,negative,-0.5574,0.195,0.368,0.437,negative,-0.5574,negative,False,0.0,,12,3,0.0833333333333333,0.0,0.0,0.0,0.1666666666666666,0.0,0.125,False,0,no_energy_or_zesco_terms,
724725065639374,I went in a shop and asked for Chelsea jersey the salesman said I should come back when I'm serious.,2026-05-04T13:54:42.207185+00:00,https://www.facebook.com/100064560977290/posts/6124054071047970/?app=fbl,i went in a shop and asked for chelsea jersey the salesman said i should come back when i m serious,21,went shop asked chelsea jersey salesman said should come back m serious,False,-0.0772,negative,-0.0772,0.0,0.885,0.115,negative,-0.0772,negative,False,0.0,,12,0,0.0,0.0,0.0,0.0,0.0,0.0,0.0,False,2,no_energy_or_zesco_terms,"come,said"
976862873282333,Lweendo Miyoba Namakobo my sister it's like saying 2+5=7 and 1+6=7....nchimwi biyo .....,2026-05-04T13:54:42.207107+00:00,https://www.facebook.com/100064560977290/posts/6124054071047970/?app=fbl,lweendo miyoba namakobo my sister it s like saying 2 5 7 and 1 6 7 nchimwi biyo,18,caroline miyoba nchimwe buyo ncobeni,False,0.0,neutral,0.0,0.0,1.0,0.0,neutral,0.0,neutral,False,0.0,,5,0,0.0,0.0,0.0,0.0,0.0,0.0,0.0,False,0,no_energy_or_zesco_terms,
1393778251401137,Ati it’s increase to decrease 😝,2026-05-04T13:54:42.207138+00:00,https://www.facebook.com/100064560977290/posts/6124054071047970/?app=fbl,ati it’s increase to decrease 😝,6,tinnah shenky shugah thought jocking ai,False,0.0,neutral,0.0,0.0,1.0,0.0,neutral,0.0,neutral,False,0.0,,6,1,0.0,0.1666666666666666,0.0,0.0,0.0,0.1666666666666666,0.0,False,0,no_energy_or_zesco_terms,
879154983427096,"THIS is UPND Time but remember 2026 they will be on our home ground begging for mercy,,. We are watching",2026-05-04T13:54:42.207170+00:00,https://www.facebook.com/100064560977290/posts/6124054071047970/?app=fbl,this is upnd time but remember 2026 they will be on our home ground begging for mercy we are watching,20,frank banda mercy 2026,False,0.3612,positive,0.3612,0.455,0.545,0.0,positive,0.3612,positive,False,0.0,,4,2,0.0,0.0,0.0,0.25,0.0,0.0,0.0,False,0,no_energy_or_zesco_terms,
879154983427096,"THIS is UPND Time but remember 2026 they will be on our home ground begging for mercy,,. We are watching",2026-05-04T13:54:42.207170+00:00,https://www.facebook.com/100064560977290/posts/6124054071047970/?app=fbl,this is upnd time but remember 2026 they will be on our home ground begging for mercy we are watching,20,elizabeth mwanza insult ai,False,-0.5106,negative,-0.5106,0.0,0.476,0.524,negative,-0.5106,negative,False,0.0,,4,1,0.25,0.0,0.0,0.0,0.25,0.0,0.25,False,0,no_energy_or_zesco_terms,
879154983427096,"THIS is UPND Time but remember 2026 they will be on our home ground begging for mercy,,. We are watching",2026-05-04T13:54:42.207170+00:00,https://www.facebook.com/100064560977290/posts/6124054071047970/?app=fbl,this is upnd time but remember 2026 they will be on our home ground begging for mercy we are watching,20,elizabeth mwanza feel sorry husband marrying empty tin t even brain storm,False,-0.2732,negative,-0.2732,0.0,0.744,0.256,negative,-0.2732,negative,False,0.0,,12,1,0.0833333333333333,0.0,0.0,0.0,0.0,0.0,0.0416666666666666,False,0,no_energy_or_zesco_terms,
879154983427096,"THIS is UPND Time but remember 2026 they will be on our home ground begging for mercy,,. We are watching",2026-05-04T13:54:42.207170+00:00,https://www.facebook.com/100064560977290/posts/6124054071047970/?app=fbl,this is upnd time but remember 2026 they will be on our home ground begging for mercy we are watching,20,felix kumwamwasa truth hurts repeat 2026 home ground know mount tears drop heard matter how louder cry ballot paper speak only language hear meanwell citizen beautiful mother zambia,False,-0.4404,negative,-0.4404,0.19,0.545,0.265,negative,-0.4404,negative,False,0.0,,28,7,0.0,0.0714285714285714,0.0,0.1428571428571428,0.0714285714285714,0.0714285714285714,0.0357142857142857,False,0,no_energy_or_zesco_terms,
879154983427096,"THIS is UPND Time but remember 2026 they will be on our home ground begging for mercy,,. We are watching",2026-05-04T13:54:42.207170+00:00,https://www.facebook.com/100064560977290/posts/6124054071047970/?app=fbl,this is upnd time but remember 2026 they will be on our home ground begging for mercy we are watching,20,nelly daka right mercy way told fimba bursted,False,0.3612,positive,0.3612,0.263,0.737,0.0,positive,0.3612,positive,False,0.0,,8,1,0.0,0.0,0.0,0.0,0.0,0.0,0.0,False,0,no_energy_or_zesco_terms,
879154983427096,"THIS is UPND Time but remember 2026 they will be on our home ground begging for mercy,,. We are watching",2026-05-04T13:54:42.207170+00:00,https://www.facebook.com/100064560977290/posts/6124054071047970/?app=fbl,this is upnd time but remember 2026 they will be on our home ground begging for mercy we are watching,20,felix kumwamwasa true brother people think clever others problem only look bad part good part nowonder kill each other,False,-0.4939,negative,-0.4939,0.267,0.399,0.334,negative,-0.4939,negative,False,0.0,,19,7,0.0526315789473684,0.0526315789473684,0.1578947368421052,0.1578947368421052,0.1578947368421052,0.0526315789473684,0.1052631578947368,False,0,no_energy_or_zesco_terms,
879154983427096,"THIS is UPND Time but remember 2026 they will be on our home ground begging for mercy,,. We are watching",2026-05-04T13:54:42.207170+00:00,https://www.facebook.com/100064560977290/posts/6124054071047970/?app=fbl,this is upnd time but remember 2026 they will be on our home ground begging for mercy we are watching,20,frank banda yes agree,False,0.6369,positive,0.6369,0.722,0.278,0.0,positive,0.6369,positive,False,0.0,,4,2,0.0,0.0,0.0,0.25,0.0,0.0,0.0,False,0,no_energy_or_zesco_terms,
879154983427096,"THIS is UPND Time but remember 2026 they will be on our home ground begging for mercy,,. We are watching",2026-05-04T13:54:42.207170+00:00,https://www.facebook.com/100064560977290/posts/6124054071047970/?app=fbl,this is upnd time but remember 2026 they will be on our home ground begging for mercy we are watching,20,esther mangala yes baka fimba baka poka,False,0.4019,positive,0.4019,0.31,0.69,0.0,positive,0.4019,positive,False,0.0,,7,0,0.0,0.0,0.0,0.0,0.0,0.0,0.0,False,0,no_energy_or_zesco_terms,
1539253826550352,I remember the prophecy of Joshua ignla after he said  he's gonna win but he's not David but Saul,2026-05-04T13:54:42.207159+00:00,https://www.facebook.com/100064560977290/posts/6124054071047970/?app=fbl,i remember the prophecy of joshua ignla after he said he s gonna win but he s not david but saul,21,isaac zulu miss prophecy,False,-0.1531,negative,-0.1531,0.0,0.652,0.348,negative,-0.1531,negative,False,0.0,,4,1,0.0,0.25,0.0,0.0,0.0,0.25,0.0,False,1,no_energy_or_zesco_terms,said
1539253826550352,I remember the prophecy of Joshua ignla after he said  he's gonna win but he's not David but Saul,2026-05-04T13:54:42.207159+00:00,https://www.facebook.com/100064560977290/posts/6124054071047970/?app=fbl,i remember the prophecy of joshua ignla after he said he s gonna win but he s not david but saul,21,isaac zulu take papas seriously nigeria re having elections february papas quiet because people nigeria know re conmen,False,-0.1779,negative,-0.1779,0.0,0.909,0.091,negative,-0.1779,negative,False,0.0,,18,1,0.0,0.0,0.0,0.0,0.0555555555555555,0.0,0.0277777777777777,False,1,no_energy_or_zesco_terms,said
1539253826550352,I remember the prophecy of Joshua ignla after he said  he's gonna win but he's not David but Saul,2026-05-04T13:54:42.207159+00:00,https://www.facebook.com/100064560977290/posts/6124054071047970/?app=fbl,i remember the prophecy of joshua ignla after he said he s gonna win but he s not david but saul,21,aimed kahama omar same s god avoiding previous elections,False,-0.0772,negative,-0.0772,0.2,0.571,0.229,negative,-0.0772,negative,False,0.0,,9,2,0.0,0.1111111111111111,0.2222222222222222,0.1111111111111111,0.0,0.1111111111111111,0.0,False,1,no_energy_or_zesco_terms,said
1539253826550352,I remember the prophecy of Joshua ignla after he said  he's gonna win but he's not David but Saul,2026-05-04T13:54:42.207159+00:00,https://www.facebook.com/100064560977290/posts/6124054071047970/?app=fbl,i remember the prophecy of joshua ignla after he said he s gonna win but he s not david but saul,21,isaac zulu saul,False,0.0,neutral,0.0,0.0,1.0,0.0,neutral,0.0,neutral,False,0.0,,3,0,0.0,0.0,0.0,0.0,0.0,0.0,0.0,False,1,no_energy_or_zesco_terms,said
1539253826550352,I remember the prophecy of Joshua ignla after he said  he's gonna win but he's not David but Saul,2026-05-04T13:54:42.207159+00:00,https://www.facebook.com/100064560977290/posts/6124054071047970/?app=fbl,i remember the prophecy of joshua ignla after he said he s gonna win but he s not david but saul,21,chishiba jackie appointed saul throne,False,0.0,neutral,0.0,0.0,1.0,0.0,neutral,0.0,neutral,False,0.0,,5,1,0.0,0.0,0.0,0.2,0.0,0.0,0.0,False,1,no_energy_or_zesco_terms,said
1539253826550352,I remember the prophecy of Joshua ignla after he said  he's gonna win but he's not David but Saul,2026-05-04T13:54:42.207159+00:00,https://www.facebook.com/100064560977290/posts/6124054071047970/?app=fbl,i remember the prophecy of joshua ignla after he said he s gonna win but he s not david but saul,21,isaac zulu u lying stop misleading people joshua ignla never said th prophet only said hh destined th president zambia,False,-0.8074,negative,-0.8074,0.0,0.658,0.342,negative,-0.8074,negative,False,0.0,,20,5,0.1,0.1,0.0,0.1,0.0,0.1,0.05,False,1,no_energy_or_zesco_terms,said
1539253826550352,I remember the prophecy of Joshua ignla after he said  he's gonna win but he's not David but Saul,2026-05-04T13:54:42.207159+00:00,https://www.facebook.com/100064560977290/posts/6124054071047970/?app=fbl,i remember the prophecy of joshua ignla after he said he s gonna win but he s not david but saul,21,ann hamatu mulenga mentioned prophecy,False,0.0,neutral,0.0,0.0,1.0,0.0,neutral,0.0,neutral,False,0.0,,5,1,0.0,0.2,0.0,0.0,0.0,0.2,0.0,False,1,no_energy_or_zesco_terms,said
1539253826550352,I remember the prophecy of Joshua ignla after he said  he's gonna win but he's not David but Saul,2026-05-04T13:54:42.207159+00:00,https://www.facebook.com/100064560977290/posts/6124054071047970/?app=fbl,i remember the prophecy of joshua ignla after he said he s gonna win but he s not david but saul,21,isaac zulu s true,False,0.4215,positive,0.4215,0.583,0.417,0.0,positive,0.4215,positive,False,0.0,,4,1,0.0,0.0,0.0,0.25,0.0,0.0,0.0,False,1,no_energy_or_zesco_terms,said
724725065639374,I went in a shop and asked for Chelsea jersey the salesman said I should come back when I'm serious.,2026-05-04T13:54:42.207185+00:00,https://www.facebook.com/100064560977290/posts/6124054071047970/?app=fbl,i went in a shop and asked for chelsea jersey the salesman said i should come back when i m serious,21,shy gibbs international graphics funny days sundays,False,0.2263,positive,0.2263,0.293,0.505,0.202,positive,0.2263,positive,False,0.0,,7,0,0.0,0.0,0.0,0.0,0.0,0.0,0.0,False,2,no_energy_or_zesco_terms,"come,said"
724725065639374,I went in a shop and asked for Chelsea jersey the salesman said I should come back when I'm serious.,2026-05-04T13:54:42.207185+00:00,https://www.facebook.com/100064560977290/posts/6124054071047970/?app=fbl,i went in a shop and asked for chelsea jersey the salesman said i should come back when i m serious,21,shy gibbs international graphics think s funny,False,0.2263,positive,0.2263,0.326,0.449,0.225,positive,0.2263,positive,False,0.0,,7,0,0.0,0.0,0.0,0.0,0.0,0.0,0.0,False,2,no_energy_or_zesco_terms,"come,said"
724725065639374,I went in a shop and asked for Chelsea jersey the salesman said I should come back when I'm serious.,2026-05-04T13:54:42.207185+00:00,https://www.facebook.com/100064560977290/posts/6124054071047970/?app=fbl,i went in a shop and asked for chelsea jersey the salesman said i should come back when i m serious,21,shy gibbs international graphics tell ati arrest together harry potter,False,-0.5267,negative,-0.5267,0.0,0.645,0.355,negative,-0.5267,negative,False,0.0,,10,2,0.1,0.0,0.0,0.0,0.1,0.0,0.1,False,2,no_energy_or_zesco_terms,"come,said"
724725065639374,I went in a shop and asked for Chelsea jersey the salesman said I should come back when I'm serious.,2026-05-04T13:54:42.207185+00:00,https://www.facebook.com/100064560977290/posts/6124054071047970/?app=fbl,i went in a shop and asked for chelsea jersey the salesman said i should come back when i m serious,21,shy gibbs international graphics let potter ball continue,False,-0.25,negative,-0.25,0.0,0.778,0.222,negative,-0.25,negative,False,0.0,,8,1,0.0,0.125,0.0,0.125,0.0,0.125,0.0,False,2,no_energy_or_zesco_terms,"come,said"
724725065639374,I went in a shop and asked for Chelsea jersey the salesman said I should come back when I'm serious.,2026-05-04T13:54:42.207185+00:00,https://www.facebook.com/100064560977290/posts/6124054071047970/?app=fbl,i went in a shop and asked for chelsea jersey the salesman said i should come back when i m serious,21,wilfred j mwanza listen,False,0.0,neutral,0.0,0.0,1.0,0.0,neutral,0.0,neutral,False,0.0,,4,0,0.0,0.0,0.0,0.0,0.0,0.0,0.0,False,2,no_energy_or_zesco_terms,"come,said"
724725065639374,I went in a shop and asked for Chelsea jersey the salesman said I should come back when I'm serious.,2026-05-04T13:54:42.207185+00:00,https://www.facebook.com/100064560977290/posts/6124054071047970/?app=fbl,i went in a shop and asked for chelsea jersey the salesman said i should come back when i m serious,21,means seller also serious,False,-0.0772,negative,-0.0772,0.0,0.698,0.302,negative,-0.0772,negative,False,0.0,,4,0,0.0,0.0,0.0,0.0,0.0,0.0,0.0,False,2,no_energy_or_zesco_terms,"come,said"
724725065639374,I went in a shop and asked for Chelsea jersey the salesman said I should come back when I'm serious.,2026-05-04T13:54:42.207185+00:00,https://www.facebook.com/100064560977290/posts/6124054071047970/?app=fbl,i went in a shop and asked for chelsea jersey the salesman said i should come back when i m serious,21,shy gibbs international graphics simbarashe soko behavior kuno,False,-0.25,negative,-0.25,0.0,0.778,0.222,negative,-0.25,negative,False,0.0,,8,0,0.0,0.0,0.0,0.0,0.0,0.0,0.0,False,2,no_energy_or_zesco_terms,"come,said"
724725065639374,I went in a shop and asked for Chelsea jersey the salesman said I should come back when I'm serious.,2026-05-04T13:54:42.207185+00:00,https://www.facebook.com/100064560977290/posts/6124054071047970/?app=fbl,i went in a shop and asked for chelsea jersey the salesman said i should come back when i m serious,21,feel attacked chelsea fan,False,-0.1779,negative,-0.1779,0.315,0.274,0.411,negative,-0.1779,negative,False,0.0,,4,0,0.0,0.0,0.0,0.0,0.0,0.0,0.0,False,2,no_energy_or_zesco_terms,"come,said"
724725065639374,I went in a shop and asked for Chelsea jersey the salesman said I should come back when I'm serious.,2026-05-04T13:54:42.207185+00:00,https://www.facebook.com/100064560977290/posts/6124054071047970/?app=fbl,i went in a shop and asked for chelsea jersey the salesman said i should come back when i m serious,21,shy gibbs international graphics kkkkkkkkk sounds fun,False,0.3182,positive,0.3182,0.32,0.485,0.194,positive,0.3182,positive,False,0.0,,7,1,0.0,0.1428571428571428,0.0,0.0,0.0,0.1428571428571428,0.0,False,2,no_energy_or_zesco_terms,"come,said"
724725065639374,I went in a shop and asked for Chelsea jersey the salesman said I should come back when I'm serious.,2026-05-04T13:54:42.207185+00:00,https://www.facebook.com/100064560977290/posts/6124054071047970/?app=fbl,i went in a shop and asked for chelsea jersey the salesman said i should come back when i m serious,21,protasio mwelwa jr sales man understands assignment,False,0.0,neutral,0.0,0.0,1.0,0.0,neutral,0.0,neutral,False,0.0,,7,0,0.0,0.0,0.0,0.0,0.0,0.0,0.0,False,2,no_energy_or_zesco_terms,"come,said"
2309913445845051,"Just  accepted  Bally is a specialist in  failure,  this doesn't make sense",2026-05-04T13:54:42.207412+00:00,https://www.facebook.com/100064560977290/posts/6124054071047970/?app=fbl,just accepted bally is a specialist in failure this doesn t make sense,13,just accepted bally specialist failure doesn t make sense,False,-0.296,negative,-0.296,0.184,0.526,0.289,negative,-0.296,negative,False,0.0,,9,3,0.0,0.0,0.1111111111111111,0.1111111111111111,0.1111111111111111,0.0,0.0555555555555555,False,0,no_energy_or_zesco_terms,
484235327119582,I remember in 1997 there was a German anchor by the name Nebuzburzimbeletbagker . since you have jumped the name I will not tell you the whole story.🙄🙄🙄🙄🙄,2026-05-04T13:54:42.207441+00:00,https://www.facebook.com/100064560977290/posts/6124054071047970/?app=fbl,i remember in 1997 there was a german anchor by the name nebuzburzimbeletbagker since you have jumped the name i will not tell you the whole story 🙄🙄🙄🙄🙄,27,remember 1997 german anchor name nebuzburzimbeletbagker since jumped name tell whole story,False,0.0,neutral,0.0,0.0,1.0,0.0,neutral,0.0,neutral,False,0.0,,12,1,0.0,0.0,0.0,0.0,0.0,0.0,0.0,False,0,no_energy_or_zesco_terms,
1545406125960538,Ni course ya coartem nomba.,2026-05-04T13:54:42.207446+00:00,https://www.facebook.com/100064560977290/posts/6124054071047970/?app=fbl,ni course ya coartem nomba,5,ni course ya coartem nomba,False,0.0,neutral,0.0,0.0,1.0,0.0,neutral,0.0,neutral,False,0.0,,5,0,0.0,0.0,0.0,0.0,0.0,0.0,0.0,False,0,no_energy_or_zesco_terms,
879154983427096,"THIS is UPND Time but remember 2026 they will be on our home ground begging for mercy,,. We are watching",2026-05-04T13:54:42.207170+00:00,https://www.facebook.com/100064560977290/posts/6124054071047970/?app=fbl,this is upnd time but remember 2026 they will be on our home ground begging for mercy we are watching,20,felix kumwamwasa foolish,False,-0.2732,negative,-0.2732,0.0,0.488,0.512,negative,-0.2732,negative,False,0.0,,3,1,0.0,0.0,0.0,0.0,0.0,0.0,0.0,False,0,no_energy_or_zesco_terms,
1539253826550352,I remember the prophecy of Joshua ignla after he said  he's gonna win but he's not David but Saul,2026-05-04T13:54:42.207159+00:00,https://www.facebook.com/100064560977290/posts/6124054071047970/?app=fbl,i remember the prophecy of joshua ignla after he said he s gonna win but he s not david but saul,21,chishiba jackie put,False,0.0,neutral,0.0,0.0,1.0,0.0,neutral,0.0,neutral,False,0.0,,3,0,0.0,0.0,0.0,0.0,0.0,0.0,0.0,False,1,no_energy_or_zesco_terms,said
1539253826550352,I remember the prophecy of Joshua ignla after he said  he's gonna win but he's not David but Saul,2026-05-04T13:54:42.207159+00:00,https://www.facebook.com/100064560977290/posts/6124054071047970/?app=fbl,i remember the prophecy of joshua ignla after he said he s gonna win but he s not david but saul,21,isaac zulu remember prophecy very well,False,0.3384,positive,0.3384,0.324,0.676,0.0,positive,0.3384,positive,False,0.0,,6,1,0.0,0.1666666666666666,0.0,0.0,0.0,0.1666666666666666,0.0,False,1,no_energy_or_zesco_terms,said
1539253826550352,I remember the prophecy of Joshua ignla after he said  he's gonna win but he's not David but Saul,2026-05-04T13:54:42.207159+00:00,https://www.facebook.com/100064560977290/posts/6124054071047970/?app=fbl,i remember the prophecy of joshua ignla after he said he s gonna win but he s not david but saul,21,isaac zulu also remember prophecy,False,0.0,neutral,0.0,0.0,1.0,0.0,neutral,0.0,neutral,False,0.0,,5,1,0.0,0.2,0.0,0.0,0.0,0.2,0.0,False,1,no_energy_or_zesco_terms,said
1539253826550352,I remember the prophecy of Joshua ignla after he said  he's gonna win but he's not David but Saul,2026-05-04T13:54:42.207159+00:00,https://www.facebook.com/100064560977290/posts/6124054071047970/?app=fbl,i remember the prophecy of joshua ignla after he said he s gonna win but he s not david but saul,21,isaac zulu david saul prophecy,False,0.0,neutral,0.0,0.0,1.0,0.0,neutral,0.0,neutral,False,0.0,,5,1,0.0,0.2,0.0,0.0,0.0,0.2,0.0,False,1,no_energy_or_zesco_terms,said
1539253826550352,I remember the prophecy of Joshua ignla after he said  he's gonna win but he's not David but Saul,2026-05-04T13:54:42.207159+00:00,https://www.facebook.com/100064560977290/posts/6124054071047970/?app=fbl,i remember the prophecy of joshua ignla after he said he s gonna win but he s not david but saul,21,ann hamatu mulenga said hh destined presidendy david saul,False,0.0,neutral,0.0,0.0,1.0,0.0,neutral,0.0,neutral,False,0.0,,9,1,0.0,0.1111111111111111,0.0,0.0,0.0,0.1111111111111111,0.0,False,1,no_energy_or_zesco_terms,said
1539253826550352,I remember the prophecy of Joshua ignla after he said  he's gonna win but he's not David but Saul,2026-05-04T13:54:42.207159+00:00,https://www.facebook.com/100064560977290/posts/6124054071047970/?app=fbl,i remember the prophecy of joshua ignla after he said he s gonna win but he s not david but saul,21,moses chewe english cause miscarriage boss,False,0.0,neutral,0.0,0.0,1.0,0.0,neutral,0.0,neutral,False,0.0,,6,1,0.0,0.0,0.1666666666666666,0.0,0.1666666666666666,0.0,0.0833333333333333,False,1,no_energy_or_zesco_terms,said
8895988010418731,Kadija Molly Tembo ma pressure ba c 😂,2026-05-04T13:54:42.207521+00:00,https://www.facebook.com/100064560977290/posts/6124054071047970/?app=fbl,kadija molly tembo ma pressure ba c 😂,7,kadija molly tembo ma pressure ba c,False,-0.296,negative,-0.296,0.0,0.694,0.306,negative,-0.296,negative,False,0.0,,7,1,0.0,0.0,0.0,0.0,0.0,0.0,0.0,False,0,no_energy_or_zesco_terms,
8895988010418731,Kadija Molly Tembo ma pressure ba c 😂,2026-05-04T13:54:42.207521+00:00,https://www.facebook.com/100064560977290/posts/6124054071047970/?app=fbl,kadija molly tembo ma pressure ba c 😂,7,kadija molly tembo ba aunty nichani,False,0.0,neutral,0.0,0.0,1.0,0.0,neutral,0.0,neutral,False,0.0,,6,0,0.0,0.0,0.0,0.0,0.0,0.0,0.0,False,0,no_energy_or_zesco_terms,
8895988010418731,Kadija Molly Tembo ma pressure ba c 😂,2026-05-04T13:54:42.207521+00:00,https://www.facebook.com/100064560977290/posts/6124054071047970/?app=fbl,kadija molly tembo ma pressure ba c 😂,7,emma ntongama ahhhhh mommy emma twalema mukwabo ahhh,False,0.0,neutral,0.0,0.0,1.0,0.0,neutral,0.0,neutral,False,0.0,,8,0,0.0,0.0,0.0,0.0,0.0,0.0,0.0,False,0,no_energy_or_zesco_terms,
2309913445845051,"Just  accepted  Bally is a specialist in  failure,  this doesn't make sense",2026-05-04T13:54:42.207412+00:00,https://www.facebook.com/100064560977290/posts/6124054071047970/?app=fbl,just accepted bally is a specialist in failure this doesn t make sense,13,zollywood tv sir agree,False,0.3612,positive,0.3612,0.455,0.545,0.0,positive,0.3612,positive,False,0.0,,4,2,0.0,0.0,0.0,0.25,0.0,0.0,0.0,False,0,no_energy_or_zesco_terms,
2309913445845051,"Just  accepted  Bally is a specialist in  failure,  this doesn't make sense",2026-05-04T13:54:42.207412+00:00,https://www.facebook.com/100064560977290/posts/6124054071047970/?app=fbl,just accepted bally is a specialist in failure this doesn t make sense,13,zollywood tv bally just ok,False,0.296,positive,0.296,0.355,0.645,0.0,positive,0.296,positive,False,0.0,,5,0,0.0,0.0,0.0,0.0,0.0,0.0,0.0,False,0,no_energy_or_zesco_terms,
1539253826550352,I remember the prophecy of Joshua ignla after he said  he's gonna win but he's not David but Saul,2026-05-04T13:54:42.207159+00:00,https://www.facebook.com/100064560977290/posts/6124054071047970/?app=fbl,i remember the prophecy of joshua ignla after he said he s gonna win but he s not david but saul,21,know saul,False,0.0,neutral,0.0,0.0,1.0,0.0,neutral,0.0,neutral,False,0.0,,2,0,0.0,0.0,0.0,0.0,0.0,0.0,0.0,False,1,no_energy_or_zesco_terms,said
1539253826550352,I remember the prophecy of Joshua ignla after he said  he's gonna win but he's not David but Saul,2026-05-04T13:54:42.207159+00:00,https://www.facebook.com/100064560977290/posts/6124054071047970/?app=fbl,i remember the prophecy of joshua ignla after he said he s gonna win but he s not david but saul,21,miles jay man ka volume,False,0.0,neutral,0.0,0.0,1.0,0.0,neutral,0.0,neutral,False,0.0,,5,0,0.0,0.0,0.0,0.0,0.0,0.0,0.0,False,1,no_energy_or_zesco_terms,said
1539253826550352,I remember the prophecy of Joshua ignla after he said  he's gonna win but he's not David but Saul,2026-05-04T13:54:42.207159+00:00,https://www.facebook.com/100064560977290/posts/6124054071047970/?app=fbl,i remember the prophecy of joshua ignla after he said he s gonna win but he s not david but saul,21,siwimoji siwi could meaning prophecy sir,False,0.0,neutral,0.0,0.0,1.0,0.0,neutral,0.0,neutral,False,0.0,,6,2,0.0,0.1666666666666666,0.0,0.1666666666666666,0.0,0.1666666666666666,0.0,False,1,no_energy_or_zesco_terms,said
1539253826550352,I remember the prophecy of Joshua ignla after he said  he's gonna win but he's not David but Saul,2026-05-04T13:54:42.207159+00:00,https://www.facebook.com/100064560977290/posts/6124054071047970/?app=fbl,i remember the prophecy of joshua ignla after he said he s gonna win but he s not david but saul,21,judy mulenga those,False,0.0,neutral,0.0,0.0,1.0,0.0,neutral,0.0,neutral,False,0.0,,3,0,0.0,0.0,0.0,0.0,0.0,0.0,0.0,False,1,no_energy_or_zesco_terms,said
1539253826550352,I remember the prophecy of Joshua ignla after he said  he's gonna win but he's not David but Saul,2026-05-04T13:54:42.207159+00:00,https://www.facebook.com/100064560977290/posts/6124054071047970/?app=fbl,i remember the prophecy of joshua ignla after he said he s gonna win but he s not david but saul,21,isaac zulu joshua iginla confused first said recently also said president zambia going deliver,False,-0.3182,negative,-0.3182,0.0,0.85,0.15,negative,-0.3182,negative,False,0.0,,14,1,0.0,0.0,0.0,0.0714285714285714,0.0,0.0,0.0,False,1,no_energy_or_zesco_terms,said
1539253826550352,I remember the prophecy of Joshua ignla after he said  he's gonna win but he's not David but Saul,2026-05-04T13:54:42.207159+00:00,https://www.facebook.com/100064560977290/posts/6124054071047970/?app=fbl,i remember the prophecy of joshua ignla after he said he s gonna win but he s not david but saul,21,miles jay man s still 12 hours per day split into 2,False,0.0,neutral,0.0,0.0,1.0,0.0,neutral,0.0,neutral,False,0.0,,12,1,0.0,0.0,0.0,0.0,0.0,0.0,0.0,False,2,no_energy_or_zesco_terms,"hours,said"
1539253826550352,I remember the prophecy of Joshua ignla after he said  he's gonna win but he's not David but Saul,2026-05-04T13:54:42.207159+00:00,https://www.facebook.com/100064560977290/posts/6124054071047970/?app=fbl,i remember the prophecy of joshua ignla after he said he s gonna win but he s not david but saul,21,isaac zulu remember vividly,False,0.0,neutral,0.0,0.0,1.0,0.0,neutral,0.0,neutral,False,0.0,,4,0,0.0,0.0,0.0,0.0,0.0,0.0,0.0,False,1,no_energy_or_zesco_terms,said
1366446937441510,"People of Zambia, ladies and gentlemen, remember the journey of Israelites, let HH take you to caenane in. He is moses of today",2026-05-04T13:54:42.207800+00:00,https://www.facebook.com/100064560977290/posts/6124054071047970/?app=fbl,people of zambia ladies and gentlemen remember the journey of israelites let hh take you to caenane in he is moses of today,23,people zambia ladies gentlemen remember journey israelites let hh take caenane moses today,False,0.0,neutral,0.0,0.0,1.0,0.0,neutral,0.0,neutral,False,0.0,,13,1,0.0,0.0769230769230769,0.0769230769230769,0.0,0.0,0.0769230769230769,0.0,False,0,no_energy_or_zesco_terms,
688737036293807,That is a good solution for starters! Keep them coming!,2026-05-04T13:54:42.207820+00:00,https://www.facebook.com/100064560977290/posts/6124054071047970/?app=fbl,that is a good solution for starters keep them coming,10,good solution starters keep coming,False,0.6369,positive,0.6369,0.634,0.366,0.0,positive,0.6369,positive,False,0.0,,5,3,0.0,0.4,0.0,0.2,0.0,0.4,0.0,False,0,no_energy_or_zesco_terms,
1252220168979432,Doesn't change anything for IPhone users,2026-05-04T13:54:42.207829+00:00,https://www.facebook.com/100064560977290/posts/6124054071047970/?app=fbl,doesn t change anything for iphone users,7,doesn t change anything iphone users,False,0.0,neutral,0.0,0.0,1.0,0.0,neutral,0.0,neutral,False,0.0,,6,1,0.0,0.0,0.1666666666666666,0.0,0.0,0.0,0.0,False,0,no_energy_or_zesco_terms,
633645125228896,Problem those people that switch off dont even  follow the time.. very quick to switch off but they take forever to switch on the lights they have no order.,2026-05-04T13:54:42.207839+00:00,https://www.facebook.com/100064560977290/posts/6124054071047970/?app=fbl,problem those people that switch off dont even follow the time very quick to switch off but they take forever to switch on the lights they have no order,29,problem those people switch off dont even follow time very quick switch off take forever switch lights order,False,-0.4019,negative,-0.4019,0.0,0.863,0.137,negative,-0.4019,negative,False,0.0,,18,2,0.0,0.0555555555555555,0.0555555555555555,0.0,0.0555555555555555,0.0555555555555555,0.0277777777777777,False,2,no_energy_or_zesco_terms,"off,switch"
867405641174083,I have read this for more than 5 times I still can’t understand what they are trying to say I need bally’s calculator,2026-05-04T13:54:42.207858+00:00,https://www.facebook.com/100064560977290/posts/6124054071047970/?app=fbl,i have read this for more than 5 times i still can’t understand what they are trying to say i need bally’s calculator,25,read than 5 times still t understand trying say need bally s calculator,False,0.0,neutral,0.0,0.0,1.0,0.0,neutral,0.0,neutral,False,0.0,,13,1,0.0,0.0,0.0,0.0769230769230769,0.0,0.0,0.0,False,0,no_energy_or_zesco_terms,
3414252175453607,I wanted to say  something now I don't remember 🤔🤔🤔this life chai,2026-05-04T13:54:42.207868+00:00,https://www.facebook.com/100064560977290/posts/6124054071047970/?app=fbl,i wanted to say something now i don t remember 🤔🤔🤔this life chai,13,wanted say something now don t remember life chai,False,0.0,neutral,0.0,0.0,1.0,0.0,neutral,0.0,neutral,False,0.0,,9,1,0.0,0.0,0.0,0.1111111111111111,0.0,0.0,0.0,False,0,no_energy_or_zesco_terms,
1539253826550352,I remember the prophecy of Joshua ignla after he said  he's gonna win but he's not David but Saul,2026-05-04T13:54:42.207159+00:00,https://www.facebook.com/100064560977290/posts/6124054071047970/?app=fbl,i remember the prophecy of joshua ignla after he said he s gonna win but he s not david but saul,21,siwimoji siwi l remember re hot soup,False,0.0,neutral,0.0,0.0,1.0,0.0,neutral,0.0,neutral,False,0.0,,7,2,0.1428571428571428,0.0,0.0,0.0,0.0,0.0,0.0714285714285714,False,1,no_energy_or_zesco_terms,said
1539253826550352,I remember the prophecy of Joshua ignla after he said  he's gonna win but he's not David but Saul,2026-05-04T13:54:42.207159+00:00,https://www.facebook.com/100064560977290/posts/6124054071047970/?app=fbl,i remember the prophecy of joshua ignla after he said he s gonna win but he s not david but saul,21,isaac zulu very true remember prophecy,False,0.4754,positive,0.4754,0.382,0.618,0.0,positive,0.4754,positive,False,0.0,,6,2,0.0,0.1666666666666666,0.0,0.1666666666666666,0.0,0.1666666666666666,0.0,False,1,no_energy_or_zesco_terms,said
1539253826550352,I remember the prophecy of Joshua ignla after he said  he's gonna win but he's not David but Saul,2026-05-04T13:54:42.207159+00:00,https://www.facebook.com/100064560977290/posts/6124054071047970/?app=fbl,i remember the prophecy of joshua ignla after he said he s gonna win but he s not david but saul,21,isaac zulu advise brother read bible see difference between david saul,False,0.0,neutral,0.0,0.0,1.0,0.0,neutral,0.0,neutral,False,0.0,,11,2,0.0,0.0,0.0,0.1818181818181818,0.0,0.0,0.0,False,1,no_energy_or_zesco_terms,said
1539253826550352,I remember the prophecy of Joshua ignla after he said  he's gonna win but he's not David but Saul,2026-05-04T13:54:42.207159+00:00,https://www.facebook.com/100064560977290/posts/6124054071047970/?app=fbl,i remember the prophecy of joshua ignla after he said he s gonna win but he s not david but saul,21,bally vote,False,0.0,neutral,0.0,0.0,1.0,0.0,neutral,0.0,neutral,False,0.0,,2,1,0.5,0.5,0.0,0.5,0.5,0.5,0.5,False,1,no_energy_or_zesco_terms,said
1539253826550352,I remember the prophecy of Joshua ignla after he said  he's gonna win but he's not David but Saul,2026-05-04T13:54:42.207159+00:00,https://www.facebook.com/100064560977290/posts/6124054071047970/?app=fbl,i remember the prophecy of joshua ignla after he said he s gonna win but he s not david but saul,21,isaac zulu totally agree too remember part prophecy now undestend mess anyway god bless land,False,0.6361,positive,0.6361,0.363,0.519,0.118,positive,0.6361,positive,False,0.0,,15,6,0.0,0.2,0.0666666666666666,0.1333333333333333,0.0,0.2,0.0,False,1,no_energy_or_zesco_terms,said
1539253826550352,I remember the prophecy of Joshua ignla after he said  he's gonna win but he's not David but Saul,2026-05-04T13:54:42.207159+00:00,https://www.facebook.com/100064560977290/posts/6124054071047970/?app=fbl,i remember the prophecy of joshua ignla after he said he s gonna win but he s not david but saul,21,isaac zulu s even saul,False,0.0,neutral,0.0,0.0,1.0,0.0,neutral,0.0,neutral,False,0.0,,5,0,0.0,0.0,0.0,0.0,0.0,0.0,0.0,False,1,no_energy_or_zesco_terms,said
1539253826550352,I remember the prophecy of Joshua ignla after he said  he's gonna win but he's not David but Saul,2026-05-04T13:54:42.207159+00:00,https://www.facebook.com/100064560977290/posts/6124054071047970/?app=fbl,i remember the prophecy of joshua ignla after he said he s gonna win but he s not david but saul,21,ignla always prophesy apposite,False,0.0,neutral,0.0,0.0,1.0,0.0,neutral,0.0,neutral,False,0.0,,4,0,0.0,0.0,0.0,0.0,0.0,0.0,0.0,False,1,no_energy_or_zesco_terms,said
1539253826550352,I remember the prophecy of Joshua ignla after he said  he's gonna win but he's not David but Saul,2026-05-04T13:54:42.207159+00:00,https://www.facebook.com/100064560977290/posts/6124054071047970/?app=fbl,i remember the prophecy of joshua ignla after he said he s gonna win but he s not david but saul,21,isaac zulu remember hero s stadium,False,0.5574,positive,0.5574,0.474,0.526,0.0,positive,0.5574,positive,False,0.0,,6,1,0.0,0.1666666666666666,0.0,0.1666666666666666,0.0,0.1666666666666666,0.0,False,1,no_energy_or_zesco_terms,said
1539253826550352,I remember the prophecy of Joshua ignla after he said  he's gonna win but he's not David but Saul,2026-05-04T13:54:42.207159+00:00,https://www.facebook.com/100064560977290/posts/6124054071047970/?app=fbl,i remember the prophecy of joshua ignla after he said he s gonna win but he s not david but saul,21,abigail mkandawire yes everyone furious part saul including honest,False,0.3182,positive,0.3182,0.382,0.382,0.236,positive,0.3182,positive,False,0.0,,9,3,0.2222222222222222,0.0,0.1111111111111111,0.1111111111111111,0.1111111111111111,0.0,0.1666666666666666,False,1,no_energy_or_zesco_terms,said
1539253826550352,I remember the prophecy of Joshua ignla after he said  he's gonna win but he's not David but Saul,2026-05-04T13:54:42.207159+00:00,https://www.facebook.com/100064560977290/posts/6124054071047970/?app=fbl,i remember the prophecy of joshua ignla after he said he s gonna win but he s not david but saul,21,isaac zulu stabilize afterwards,False,0.0,neutral,0.0,0.0,1.0,0.0,neutral,0.0,neutral,False,0.0,,4,0,0.0,0.0,0.0,0.0,0.0,0.0,0.0,False,1,no_energy_or_zesco_terms,said
633645125228896,Problem those people that switch off dont even  follow the time.. very quick to switch off but they take forever to switch on the lights they have no order.,2026-05-04T13:54:42.207839+00:00,https://www.facebook.com/100064560977290/posts/6124054071047970/?app=fbl,problem those people that switch off dont even follow the time very quick to switch off but they take forever to switch on the lights they have no order,29,cristinah lay s things,False,0.0,neutral,0.0,0.0,1.0,0.0,neutral,0.0,neutral,False,0.0,,4,0,0.0,0.0,0.0,0.0,0.0,0.0,0.0,False,2,no_energy_or_zesco_terms,"off,switch"
724725065639374,I went in a shop and asked for Chelsea jersey the salesman said I should come back when I'm serious.,2026-05-04T13:54:42.207185+00:00,https://www.facebook.com/100064560977290/posts/6124054071047970/?app=fbl,i went in a shop and asked for chelsea jersey the salesman said i should come back when i m serious,21,shy gibbs international graphics,False,-0.25,negative,-0.25,0.0,0.6,0.4,negative,-0.25,negative,False,0.0,,4,0,0.0,0.0,0.0,0.0,0.0,0.0,0.0,False,2,no_energy_or_zesco_terms,"come,said"
1366446937441510,"People of Zambia, ladies and gentlemen, remember the journey of Israelites, let HH take you to caenane in. He is moses of today",2026-05-04T13:54:42.207800+00:00,https://www.facebook.com/100064560977290/posts/6124054071047970/?app=fbl,people of zambia ladies and gentlemen remember the journey of israelites let hh take you to caenane in he is moses of today,23,nsama patrick awe sure chipante pante government,False,0.3182,positive,-0.3818,0.277,0.723,0.0,negative,-0.3818,negative,True,-0.7,awe,7,1,0.0,0.0,0.1428571428571428,0.0,0.0,0.0,0.0,False,0,no_energy_or_zesco_terms,
1366446937441510,"People of Zambia, ladies and gentlemen, remember the journey of Israelites, let HH take you to caenane in. He is moses of today",2026-05-04T13:54:42.207800+00:00,https://www.facebook.com/100064560977290/posts/6124054071047970/?app=fbl,people of zambia ladies and gentlemen remember the journey of israelites let hh take you to caenane in he is moses of today,23,chilufya daco president god wondering people zambia don t understand story moses israelites,False,0.2732,positive,0.2732,0.16,0.84,0.0,positive,0.2732,positive,False,0.0,,13,3,0.0,0.0769230769230769,0.0769230769230769,0.2307692307692307,0.0,0.0769230769230769,0.0,False,0,no_energy_or_zesco_terms,
1366446937441510,"People of Zambia, ladies and gentlemen, remember the journey of Israelites, let HH take you to caenane in. He is moses of today",2026-05-04T13:54:42.207800+00:00,https://www.facebook.com/100064560977290/posts/6124054071047970/?app=fbl,people of zambia ladies and gentlemen remember the journey of israelites let hh take you to caenane in he is moses of today,23,nsama patrick people very impatient zambia wonder how manage wait blessings,False,0.2516,positive,0.2516,0.233,0.6,0.166,positive,0.2516,positive,False,0.0,,11,4,0.0,0.2727272727272727,0.0,0.1818181818181818,0.0,0.2727272727272727,0.0,False,0,no_energy_or_zesco_terms,
1366446937441510,"People of Zambia, ladies and gentlemen, remember the journey of Israelites, let HH take you to caenane in. He is moses of today",2026-05-04T13:54:42.207800+00:00,https://www.facebook.com/100064560977290/posts/6124054071047970/?app=fbl,people of zambia ladies and gentlemen remember the journey of israelites let hh take you to caenane in he is moses of today,23,nsama patrick mose chosen god unlike hh chosen human being always compare god humans earthly issues please let god alone just pray forgiven hh also should just sincere thank,False,0.9287,positive,0.9287,0.459,0.491,0.049,positive,0.9287,positive,False,0.0,,29,8,0.0,0.1379310344827586,0.1379310344827586,0.1724137931034483,0.0,0.1379310344827586,0.0,False,0,no_energy_or_zesco_terms,
1366446937441510,"People of Zambia, ladies and gentlemen, remember the journey of Israelites, let HH take you to caenane in. He is moses of today",2026-05-04T13:54:42.207800+00:00,https://www.facebook.com/100064560977290/posts/6124054071047970/?app=fbl,people of zambia ladies and gentlemen remember the journey of israelites let hh take you to caenane in he is moses of today,23,nsama patrick,False,0.0,neutral,0.0,0.0,1.0,0.0,neutral,0.0,neutral,False,0.0,,2,0,0.0,0.0,0.0,0.0,0.0,0.0,0.0,False,0,no_energy_or_zesco_terms,
1366446937441510,"People of Zambia, ladies and gentlemen, remember the journey of Israelites, let HH take you to caenane in. He is moses of today",2026-05-04T13:54:42.207800+00:00,https://www.facebook.com/100064560977290/posts/6124054071047970/?app=fbl,people of zambia ladies and gentlemen remember the journey of israelites let hh take you to caenane in he is moses of today,23,let us know issue comparing hh god catholic church song umuntu nangu achindame tewakulumba kano fye lesa uwamumulu ewa kulumba ee let us very careful compare zikomo,False,0.4576,positive,0.4576,0.138,0.862,0.0,positive,0.4576,positive,False,0.0,,27,3,0.0,0.074074074074074,0.037037037037037,0.074074074074074,0.0,0.074074074074074,0.0,False,0,matched_off_topic_terms_only,church
1252220168979432,Doesn't change anything for IPhone users,2026-05-04T13:54:42.207829+00:00,https://www.facebook.com/100064560977290/posts/6124054071047970/?app=fbl,doesn t change anything for iphone users,7,misheck cheleka business wise 6 6 better than 12 hours mean 6 6 12 b 12 0 12,False,0.7184,positive,0.7184,0.375,0.625,0.0,positive,0.7184,positive,False,0.0,,18,1,0.0,0.0,0.0,0.0,0.0,0.0,0.0,False,1,no_energy_or_zesco_terms,hours
1252220168979432,Doesn't change anything for IPhone users,2026-05-04T13:54:42.207829+00:00,https://www.facebook.com/100064560977290/posts/6124054071047970/?app=fbl,doesn t change anything for iphone users,7,misheck cheleka things just thought iphone,False,0.0,neutral,0.0,0.0,1.0,0.0,neutral,0.0,neutral,False,0.0,,6,1,0.0,0.1666666666666666,0.0,0.0,0.0,0.1666666666666666,0.0,False,0,no_energy_or_zesco_terms,
1252220168979432,Doesn't change anything for IPhone users,2026-05-04T13:54:42.207829+00:00,https://www.facebook.com/100064560977290/posts/6124054071047970/?app=fbl,doesn t change anything for iphone users,7,eating phone,False,0.0,neutral,0.0,0.0,1.0,0.0,neutral,0.0,neutral,False,0.0,,2,0,0.0,0.0,0.0,0.0,0.0,0.0,0.0,False,0,no_energy_or_zesco_terms,
1252220168979432,Doesn't change anything for IPhone users,2026-05-04T13:54:42.207829+00:00,https://www.facebook.com/100064560977290/posts/6124054071047970/?app=fbl,doesn t change anything for iphone users,7,misheck cheleka charge phone once nd doesn t drain easily,False,0.34,positive,0.34,0.231,0.769,0.0,positive,0.34,positive,False,0.0,,10,0,0.0,0.0,0.0,0.0,0.0,0.0,0.0,False,1,no_energy_or_zesco_terms,charge
1252220168979432,Doesn't change anything for IPhone users,2026-05-04T13:54:42.207829+00:00,https://www.facebook.com/100064560977290/posts/6124054071047970/?app=fbl,doesn t change anything for iphone users,7,misheck cheleka ninshe phone using,False,0.0,neutral,0.0,0.0,1.0,0.0,neutral,0.0,neutral,False,0.0,,5,0,0.0,0.0,0.0,0.0,0.0,0.0,0.0,False,0,no_energy_or_zesco_terms,
1252220168979432,Doesn't change anything for IPhone users,2026-05-04T13:54:42.207829+00:00,https://www.facebook.com/100064560977290/posts/6124054071047970/?app=fbl,doesn t change anything for iphone users,7,misheck cheleka change,False,0.0,neutral,0.0,0.0,1.0,0.0,neutral,0.0,neutral,False,0.0,,3,1,0.0,0.0,0.3333333333333333,0.0,0.0,0.0,0.0,False,0,no_energy_or_zesco_terms,
1252220168979432,Doesn't change anything for IPhone users,2026-05-04T13:54:42.207829+00:00,https://www.facebook.com/100064560977290/posts/6124054071047970/?app=fbl,doesn t change anything for iphone users,7,ernest kasamba english ain t iphone user want go back android,False,0.0772,positive,0.0772,0.126,0.874,0.0,positive,0.0772,positive,False,0.0,,11,0,0.0,0.0,0.0,0.0,0.0,0.0,0.0,False,0,no_energy_or_zesco_terms,
1252220168979432,Doesn't change anything for IPhone users,2026-05-04T13:54:42.207829+00:00,https://www.facebook.com/100064560977290/posts/6124054071047970/?app=fbl,doesn t change anything for iphone users,7,angela ngoma depends kind iphone otherwise buy iphone x above won t problems thank,False,0.7845,positive,0.7845,0.473,0.394,0.133,positive,0.7845,positive,False,0.0,,14,1,0.0,0.0,0.0,0.0714285714285714,0.0,0.0,0.0,False,0,no_energy_or_zesco_terms,
1252220168979432,Doesn't change anything for IPhone users,2026-05-04T13:54:42.207829+00:00,https://www.facebook.com/100064560977290/posts/6124054071047970/?app=fbl,doesn t change anything for iphone users,7,dianah z bwendo buy x going trust won t complain charge mine once well,False,0.765,positive,0.765,0.489,0.376,0.134,positive,0.765,positive,False,0.0,,14,2,0.0714285714285714,0.0,0.0,0.0714285714285714,0.0714285714285714,0.0,0.0714285714285714,False,1,no_energy_or_zesco_terms,charge
688737036293807,That is a good solution for starters! Keep them coming!,2026-05-04T13:54:42.207820+00:00,https://www.facebook.com/100064560977290/posts/6124054071047970/?app=fbl,that is a good solution for starters keep them coming,10,ta sha see,False,0.0,neutral,0.0,0.0,1.0,0.0,neutral,0.0,neutral,False,0.0,,3,0,0.0,0.0,0.0,0.0,0.0,0.0,0.0,False,0,no_energy_or_zesco_terms,
867405641174083,I have read this for more than 5 times I still can’t understand what they are trying to say I need bally’s calculator,2026-05-04T13:54:42.207858+00:00,https://www.facebook.com/100064560977290/posts/6124054071047970/?app=fbl,i have read this for more than 5 times i still can’t understand what they are trying to say i need bally’s calculator,25,lily mununga important thing family still loves,False,0.6705,positive,0.6705,0.524,0.476,0.0,positive,0.6705,positive,False,0.0,,7,1,0.0,0.0,0.0,0.1428571428571428,0.0,0.0,0.0,False,0,no_energy_or_zesco_terms,
867405641174083,I have read this for more than 5 times I still can’t understand what they are trying to say I need bally’s calculator,2026-05-04T13:54:42.207858+00:00,https://www.facebook.com/100064560977290/posts/6124054071047970/?app=fbl,i have read this for more than 5 times i still can’t understand what they are trying to say i need bally’s calculator,25,milton mwansa need calculator,False,0.0,neutral,0.0,0.0,1.0,0.0,neutral,0.0,neutral,False,0.0,,4,1,0.0,0.0,0.0,0.25,0.0,0.0,0.0,False,0,no_energy_or_zesco_terms,
867405641174083,I have read this for more than 5 times I still can’t understand what they are trying to say I need bally’s calculator,2026-05-04T13:54:42.207858+00:00,https://www.facebook.com/100064560977290/posts/6124054071047970/?app=fbl,i have read this for more than 5 times i still can’t understand what they are trying to say i need bally’s calculator,25,thando kay still same thing 12hours,False,0.0,neutral,0.0,0.0,1.0,0.0,neutral,0.0,neutral,False,0.0,,6,0,0.0,0.0,0.0,0.0,0.0,0.0,0.0,False,0,no_energy_or_zesco_terms,
867405641174083,I have read this for more than 5 times I still can’t understand what they are trying to say I need bally’s calculator,2026-05-04T13:54:42.207858+00:00,https://www.facebook.com/100064560977290/posts/6124054071047970/?app=fbl,i have read this for more than 5 times i still can’t understand what they are trying to say i need bally’s calculator,25,lily mununga mwebaileko kuma private schools twice day,False,0.0,neutral,0.0,0.0,1.0,0.0,neutral,0.0,neutral,False,0.0,,8,0,0.0,0.0,0.0,0.0,0.0,0.0,0.0,False,0,no_energy_or_zesco_terms,
867405641174083,I have read this for more than 5 times I still can’t understand what they are trying to say I need bally’s calculator,2026-05-04T13:54:42.207858+00:00,https://www.facebook.com/100064560977290/posts/6124054071047970/?app=fbl,i have read this for more than 5 times i still can’t understand what they are trying to say i need bally’s calculator,25,lily mununga ni same fye mwe kaili saw ma wow wow most pages nati maybe fyampita,False,0.8225,positive,0.6225,0.352,0.648,0.0,positive,0.6225,positive,True,-0.2,kaili,16,0,0.0,0.0,0.0,0.0,0.0,0.0,0.0,False,0,no_energy_or_zesco_terms,
1366446937441510,"People of Zambia, ladies and gentlemen, remember the journey of Israelites, let HH take you to caenane in. He is moses of today",2026-05-04T13:54:42.207800+00:00,https://www.facebook.com/100064560977290/posts/6124054071047970/?app=fbl,people of zambia ladies and gentlemen remember the journey of israelites let hh take you to caenane in he is moses of today,23,told s moses,False,0.0,neutral,0.0,0.0,1.0,0.0,neutral,0.0,neutral,False,0.0,,3,0,0.0,0.0,0.0,0.0,0.0,0.0,0.0,False,0,no_energy_or_zesco_terms,
1366446937441510,"People of Zambia, ladies and gentlemen, remember the journey of Israelites, let HH take you to caenane in. He is moses of today",2026-05-04T13:54:42.207800+00:00,https://www.facebook.com/100064560977290/posts/6124054071047970/?app=fbl,people of zambia ladies and gentlemen remember the journey of israelites let hh take you to caenane in he is moses of today,23,nsama patrick moses didn t enter promised land someone else took over choose point reference wisely read bible,False,0.6486,positive,0.6486,0.261,0.739,0.0,positive,0.6486,positive,False,0.0,,18,1,0.0,0.0,0.0,0.0,0.0,0.0,0.0,False,1,no_energy_or_zesco_terms,promised
1366446937441510,"People of Zambia, ladies and gentlemen, remember the journey of Israelites, let HH take you to caenane in. He is moses of today",2026-05-04T13:54:42.207800+00:00,https://www.facebook.com/100064560977290/posts/6124054071047970/?app=fbl,people of zambia ladies and gentlemen remember the journey of israelites let hh take you to caenane in he is moses of today,23,nsama patrick let take us won t enter promised land,False,0.7351,positive,0.7351,0.47,0.53,0.0,positive,0.7351,positive,False,0.0,,10,1,0.0,0.0,0.0,0.0,0.0,0.0,0.0,False,1,no_energy_or_zesco_terms,promised
1366446937441510,"People of Zambia, ladies and gentlemen, remember the journey of Israelites, let HH take you to caenane in. He is moses of today",2026-05-04T13:54:42.207800+00:00,https://www.facebook.com/100064560977290/posts/6124054071047970/?app=fbl,people of zambia ladies and gentlemen remember the journey of israelites let hh take you to caenane in he is moses of today,23,nsama patrick let spiritual eyes open please,False,0.3182,positive,0.3182,0.277,0.723,0.0,positive,0.3182,positive,False,0.0,,7,0,0.0,0.0,0.0,0.0,0.0,0.0,0.0,False,0,no_energy_or_zesco_terms,
1366446937441510,"People of Zambia, ladies and gentlemen, remember the journey of Israelites, let HH take you to caenane in. He is moses of today",2026-05-04T13:54:42.207800+00:00,https://www.facebook.com/100064560977290/posts/6124054071047970/?app=fbl,people of zambia ladies and gentlemen remember the journey of israelites let hh take you to caenane in he is moses of today,23,nsama patricknsama patrick careful god punish,False,-0.1779,negative,-0.1779,0.366,0.297,0.337,negative,-0.1779,negative,False,0.0,,6,3,0.0,0.1666666666666666,0.3333333333333333,0.1666666666666666,0.0,0.1666666666666666,0.0,False,0,no_energy_or_zesco_terms,
1366446937441510,"People of Zambia, ladies and gentlemen, remember the journey of Israelites, let HH take you to caenane in. He is moses of today",2026-05-04T13:54:42.207800+00:00,https://www.facebook.com/100064560977290/posts/6124054071047970/?app=fbl,people of zambia ladies and gentlemen remember the journey of israelites let hh take you to caenane in he is moses of today,23,nsama patrick moses don t mock spirit god,False,0.0,neutral,0.0,0.358,0.377,0.264,neutral,0.0,neutral,False,0.0,,8,3,0.0,0.125,0.125,0.25,0.0,0.125,0.0,False,0,no_energy_or_zesco_terms,
1366446937441510,"People of Zambia, ladies and gentlemen, remember the journey of Israelites, let HH take you to caenane in. He is moses of today",2026-05-04T13:54:42.207800+00:00,https://www.facebook.com/100064560977290/posts/6124054071047970/?app=fbl,people of zambia ladies and gentlemen remember the journey of israelites let hh take you to caenane in he is moses of today,23,nsama patrick s old testament don t compare moses please,False,0.3182,positive,0.3182,0.247,0.753,0.0,positive,0.3182,positive,False,0.0,,10,2,0.0,0.1,0.0,0.2,0.0,0.1,0.0,False,0,no_energy_or_zesco_terms,
1366446937441510,"People of Zambia, ladies and gentlemen, remember the journey of Israelites, let HH take you to caenane in. He is moses of today",2026-05-04T13:54:42.207800+00:00,https://www.facebook.com/100064560977290/posts/6124054071047970/?app=fbl,people of zambia ladies and gentlemen remember the journey of israelites let hh take you to caenane in he is moses of today,23,nsama patrick eeeeh told s moses get drunk praise singing,False,0.296,positive,0.296,0.277,0.538,0.185,positive,0.296,positive,False,0.0,,10,1,0.0,0.0,0.0,0.1,0.0,0.0,0.0,False,0,no_energy_or_zesco_terms,
1366446937441510,"People of Zambia, ladies and gentlemen, remember the journey of Israelites, let HH take you to caenane in. He is moses of today",2026-05-04T13:54:42.207800+00:00,https://www.facebook.com/100064560977290/posts/6124054071047970/?app=fbl,people of zambia ladies and gentlemen remember the journey of israelites let hh take you to caenane in he is moses of today,23,nsama patrick mmmmm s,False,0.0,neutral,0.0,0.0,1.0,0.0,neutral,0.0,neutral,False,0.0,,4,0,0.0,0.0,0.0,0.0,0.0,0.0,0.0,False,0,no_energy_or_zesco_terms,
1539253826550352,I remember the prophecy of Joshua ignla after he said  he's gonna win but he's not David but Saul,2026-05-04T13:54:42.207159+00:00,https://www.facebook.com/100064560977290/posts/6124054071047970/?app=fbl,i remember the prophecy of joshua ignla after he said he s gonna win but he s not david but saul,21,dalitso phiri yes everyone furious part prophecy including honest zambians went official page argue,False,-0.0258,neutral,-0.0258,0.271,0.452,0.276,neutral,-0.0258,neutral,False,0.0,,14,6,0.2142857142857142,0.0714285714285714,0.0714285714285714,0.1428571428571428,0.0714285714285714,0.0714285714285714,0.1428571428571428,False,1,no_energy_or_zesco_terms,said
1539253826550352,I remember the prophecy of Joshua ignla after he said  he's gonna win but he's not David but Saul,2026-05-04T13:54:42.207159+00:00,https://www.facebook.com/100064560977290/posts/6124054071047970/?app=fbl,i remember the prophecy of joshua ignla after he said he s gonna win but he s not david but saul,21,dester muzyamba ok see,False,0.296,positive,0.296,0.423,0.577,0.0,positive,0.296,positive,False,0.0,,4,0,0.0,0.0,0.0,0.0,0.0,0.0,0.0,False,1,no_energy_or_zesco_terms,said
1539253826550352,I remember the prophecy of Joshua ignla after he said  he's gonna win but he's not David but Saul,2026-05-04T13:54:42.207159+00:00,https://www.facebook.com/100064560977290/posts/6124054071047970/?app=fbl,i remember the prophecy of joshua ignla after he said he s gonna win but he s not david but saul,21,franklyn mbale yes goes against tide s goes popular opinions,False,0.6705,positive,0.6705,0.44,0.56,0.0,positive,0.6705,positive,False,0.0,,10,0,0.0,0.0,0.0,0.0,0.0,0.0,0.0,False,1,no_energy_or_zesco_terms,said
1539253826550352,I remember the prophecy of Joshua ignla after he said  he's gonna win but he's not David but Saul,2026-05-04T13:54:42.207159+00:00,https://www.facebook.com/100064560977290/posts/6124054071047970/?app=fbl,i remember the prophecy of joshua ignla after he said he s gonna win but he s not david but saul,21,isaac zulu too didn t sit well reality now us see,False,0.2732,positive,0.2732,0.189,0.811,0.0,positive,0.2732,positive,False,0.0,,11,0,0.0,0.0,0.0,0.0,0.0,0.0,0.0,False,1,no_energy_or_zesco_terms,said
1539253826550352,I remember the prophecy of Joshua ignla after he said  he's gonna win but he's not David but Saul,2026-05-04T13:54:42.207159+00:00,https://www.facebook.com/100064560977290/posts/6124054071047970/?app=fbl,i remember the prophecy of joshua ignla after he said he s gonna win but he s not david but saul,21,predious chiinga doesn t matter prophecy s u see similarities saul such moral decay arresting someone protesting against homosexuality,False,-0.6597,negative,-0.6597,0.056,0.663,0.281,negative,-0.6597,negative,False,0.0,,19,4,0.0526315789473684,0.0526315789473684,0.0526315789473684,0.0526315789473684,0.0526315789473684,0.0526315789473684,0.0526315789473684,False,1,no_energy_or_zesco_terms,said
1539253826550352,I remember the prophecy of Joshua ignla after he said  he's gonna win but he's not David but Saul,2026-05-04T13:54:42.207159+00:00,https://www.facebook.com/100064560977290/posts/6124054071047970/?app=fbl,i remember the prophecy of joshua ignla after he said he s gonna win but he s not david but saul,21,predious chiinga man respected nigeria never missed try follow many false prophets doesn t receive money politicians speaks mind god,False,0.7259,positive,0.7259,0.307,0.693,0.0,positive,0.7259,positive,False,0.0,,20,2,0.05,0.1,0.05,0.1,0.0,0.1,0.025,False,1,no_energy_or_zesco_terms,said
1539253826550352,I remember the prophecy of Joshua ignla after he said  he's gonna win but he's not David but Saul,2026-05-04T13:54:42.207159+00:00,https://www.facebook.com/100064560977290/posts/6124054071047970/?app=fbl,i remember the prophecy of joshua ignla after he said he s gonna win but he s not david but saul,21,isaac zulu find video zambia,False,0.0,neutral,0.0,0.0,1.0,0.0,neutral,0.0,neutral,False,0.0,,5,0,0.0,0.0,0.0,0.0,0.0,0.0,0.0,False,1,no_energy_or_zesco_terms,said
1539253826550352,I remember the prophecy of Joshua ignla after he said  he's gonna win but he's not David but Saul,2026-05-04T13:54:42.207159+00:00,https://www.facebook.com/100064560977290/posts/6124054071047970/?app=fbl,i remember the prophecy of joshua ignla after he said he s gonna win but he s not david but saul,21,isaac zulu true increase volume,False,0.6249,positive,0.6249,0.63,0.37,0.0,positive,0.6249,positive,False,0.0,,5,2,0.0,0.0,0.0,0.2,0.0,0.0,0.0,False,1,no_energy_or_zesco_terms,said
1539253826550352,I remember the prophecy of Joshua ignla after he said  he's gonna win but he's not David but Saul,2026-05-04T13:54:42.207159+00:00,https://www.facebook.com/100064560977290/posts/6124054071047970/?app=fbl,i remember the prophecy of joshua ignla after he said he s gonna win but he s not david but saul,21,isaac zulu yes remember very well prophecy joshua ignla indeed s david saul,False,0.624,positive,0.624,0.337,0.663,0.0,positive,0.624,positive,False,0.0,,13,1,0.0,0.0769230769230769,0.0,0.0,0.0,0.0769230769230769,0.0,False,1,no_energy_or_zesco_terms,said
1539253826550352,I remember the prophecy of Joshua ignla after he said  he's gonna win but he's not David but Saul,2026-05-04T13:54:42.207159+00:00,https://www.facebook.com/100064560977290/posts/6124054071047970/?app=fbl,i remember the prophecy of joshua ignla after he said he s gonna win but he s not david but saul,21,pickrell knowels true speaks mind god says s david s just saul really mean,False,0.5994,positive,0.5994,0.329,0.671,0.0,positive,0.5994,positive,False,0.0,,14,2,0.0,0.0714285714285714,0.0714285714285714,0.1428571428571428,0.0,0.0714285714285714,0.0,False,1,no_energy_or_zesco_terms,said
2688712201265424,They have now introduced half time. Kutushako for 6 hrs then Boom nakabili yaya,2026-05-04T13:54:42.208394+00:00,https://www.facebook.com/100064560977290/posts/6124054071047970/?app=fbl,they have now introduced half time kutushako for 6 hrs then boom nakabili yaya,14,now introduced half time kutushako 6 hrs boom nakabili yaya,False,0.0,neutral,0.0,0.0,1.0,0.0,neutral,0.0,neutral,False,0.0,,10,1,0.0,0.1,0.0,0.0,0.0,0.1,0.0,False,1,no_energy_or_zesco_terms,hrs
904817483868968,Bally means well.......it's only that managing a country comes with unforseen circumstances...  🙏🙏🙏🙏,2026-05-04T13:54:42.208399+00:00,https://www.facebook.com/100064560977290/posts/6124054071047970/?app=fbl,bally means well it s only that managing a country comes with unforseen circumstances 🙏🙏🙏🙏,14,bally means well s only managing country comes unforseen circumstances,False,0.2732,positive,0.2732,0.208,0.792,0.0,positive,0.2732,positive,False,0.0,,10,0,0.0,0.0,0.0,0.0,0.0,0.0,0.0,False,0,no_energy_or_zesco_terms,
1251041295755993,I quote...to a minimum of 6 hours. That minimum could be 12 hrs during the day and 12hrs in the night. Will jst buy dry stuff.,2026-05-04T13:54:42.208403+00:00,https://www.facebook.com/100064560977290/posts/6124054071047970/?app=fbl,i quote to a minimum of 6 hours that minimum could be 12 hrs during the day and 12hrs in the night will jst buy dry stuff,27,quote minimum 6 hours minimum could 12 hrs during day 12hrs night jst buy dry stuff,False,0.0,neutral,0.0,0.0,1.0,0.0,neutral,0.0,neutral,False,0.0,,16,3,0.0,0.0625,0.0,0.0,0.0,0.0625,0.0,False,2,no_energy_or_zesco_terms,"hours,hrs"
1212784172667362,These people want to play with us I’ve seen,2026-05-04T13:54:42.208415+00:00,https://www.facebook.com/100064560977290/posts/6124054071047970/?app=fbl,these people want to play with us i’ve seen,10,people want play us ve seen,False,0.4019,positive,0.4019,0.481,0.519,0.0,positive,0.4019,positive,False,0.0,,6,0,0.0,0.0,0.0,0.0,0.0,0.0,0.0,False,0,no_energy_or_zesco_terms,
741211864091012,Then they are not following their timetable... Muliko nakamungulu🙄🙄🙄,2026-05-04T13:54:42.208419+00:00,https://www.facebook.com/100064560977290/posts/6124054071047970/?app=fbl,then they are not following their timetable muliko nakamungulu🙄🙄🙄,9,following timetable muliko nakamungulu,False,0.0,neutral,0.0,0.0,1.0,0.0,neutral,0.0,neutral,False,0.0,,4,0,0.0,0.0,0.0,0.0,0.0,0.0,0.0,False,1,no_energy_or_zesco_terms,timetable
475515214753875,So in this government it's only the president who should find solutions 🤔. Where are the Ministers sure???,2026-05-04T13:54:42.208427+00:00,https://www.facebook.com/100064560977290/posts/6124054071047970/?app=fbl,so in this government it s only the president who should find solutions 🤔 where are the ministers sure,18,government s only president should find solutions ministers sure,False,0.4588,positive,0.4588,0.4,0.6,0.0,positive,0.4588,positive,False,0.0,,9,2,0.0,0.0,0.1111111111111111,0.1111111111111111,0.0,0.0,0.0,False,0,no_energy_or_zesco_terms,
583461980247503,Monga pali na tuma light.,2026-05-04T13:54:42.208430+00:00,https://www.facebook.com/100064560977290/posts/6124054071047970/?app=fbl,monga pali na tuma light,5,monga pali na tuma light,False,0.0,neutral,0.0,0.0,1.0,0.0,neutral,0.0,neutral,False,0.0,,5,0,0.0,0.0,0.0,0.0,0.0,0.0,0.0,False,0,no_energy_or_zesco_terms,
1366446937441510,"People of Zambia, ladies and gentlemen, remember the journey of Israelites, let HH take you to caenane in. He is moses of today",2026-05-04T13:54:42.207800+00:00,https://www.facebook.com/100064560977290/posts/6124054071047970/?app=fbl,people of zambia ladies and gentlemen remember the journey of israelites let hh take you to caenane in he is moses of today,23,nsama patrick moses didn t enter promised land hh7 enter 2026,False,0.3612,positive,0.3612,0.217,0.783,0.0,positive,0.3612,positive,False,0.0,,11,1,0.0,0.0,0.0,0.0,0.0,0.0,0.0,False,1,no_energy_or_zesco_terms,promised
1366446937441510,"People of Zambia, ladies and gentlemen, remember the journey of Israelites, let HH take you to caenane in. He is moses of today",2026-05-04T13:54:42.207800+00:00,https://www.facebook.com/100064560977290/posts/6124054071047970/?app=fbl,people of zambia ladies and gentlemen remember the journey of israelites let hh take you to caenane in he is moses of today,23,shekinah ntubungu lifumbela every days knows bible friends thing eating people s heart over praising praising,False,0.8779,positive,0.8779,0.457,0.543,0.0,positive,0.8779,positive,False,0.0,,16,0,0.0,0.0,0.0,0.0,0.0,0.0,0.0,False,0,no_energy_or_zesco_terms,
1366446937441510,"People of Zambia, ladies and gentlemen, remember the journey of Israelites, let HH take you to caenane in. He is moses of today",2026-05-04T13:54:42.207800+00:00,https://www.facebook.com/100064560977290/posts/6124054071047970/?app=fbl,people of zambia ladies and gentlemen remember the journey of israelites let hh take you to caenane in he is moses of today,23,naimwe u see promised land u won t enter kosenipo,False,0.7351,positive,0.3350999999999999,0.554,0.446,0.0,positive,0.3350999999999999,positive,True,-0.4,naimwe,10,1,0.0,0.0,0.0,0.0,0.0,0.0,0.0,False,1,no_energy_or_zesco_terms,promised
1366446937441510,"People of Zambia, ladies and gentlemen, remember the journey of Israelites, let HH take you to caenane in. He is moses of today",2026-05-04T13:54:42.207800+00:00,https://www.facebook.com/100064560977290/posts/6124054071047970/?app=fbl,people of zambia ladies and gentlemen remember the journey of israelites let hh take you to caenane in he is moses of today,23,nsama patrick repeat,False,0.0,neutral,0.0,0.0,1.0,0.0,neutral,0.0,neutral,False,0.0,,3,0,0.0,0.0,0.0,0.0,0.0,0.0,0.0,False,0,no_energy_or_zesco_terms,
1366446937441510,"People of Zambia, ladies and gentlemen, remember the journey of Israelites, let HH take you to caenane in. He is moses of today",2026-05-04T13:54:42.207800+00:00,https://www.facebook.com/100064560977290/posts/6124054071047970/?app=fbl,people of zambia ladies and gentlemen remember the journey of israelites let hh take you to caenane in he is moses of today,23,2026 someone going back ku ma yard,False,0.0,neutral,0.0,0.0,1.0,0.0,neutral,0.0,neutral,False,0.0,,7,0,0.0,0.0,0.0,0.0,0.0,0.0,0.0,False,0,no_energy_or_zesco_terms,
1366446937441510,"People of Zambia, ladies and gentlemen, remember the journey of Israelites, let HH take you to caenane in. He is moses of today",2026-05-04T13:54:42.207800+00:00,https://www.facebook.com/100064560977290/posts/6124054071047970/?app=fbl,people of zambia ladies and gentlemen remember the journey of israelites let hh take you to caenane in he is moses of today,23,nsama patrick unless maybe canaan,False,0.0,neutral,0.0,0.0,1.0,0.0,neutral,0.0,neutral,False,0.0,,5,0,0.0,0.0,0.0,0.0,0.0,0.0,0.0,False,0,no_energy_or_zesco_terms,
1366446937441510,"People of Zambia, ladies and gentlemen, remember the journey of Israelites, let HH take you to caenane in. He is moses of today",2026-05-04T13:54:42.207800+00:00,https://www.facebook.com/100064560977290/posts/6124054071047970/?app=fbl,people of zambia ladies and gentlemen remember the journey of israelites let hh take you to caenane in he is moses of today,23,insult just commentar,False,-0.5106,negative,-0.5106,0.0,0.377,0.623,negative,-0.5106,negative,False,0.0,,3,1,0.3333333333333333,0.0,0.0,0.0,0.3333333333333333,0.0,0.3333333333333333,False,0,no_energy_or_zesco_terms,
1366446937441510,"People of Zambia, ladies and gentlemen, remember the journey of Israelites, let HH take you to caenane in. He is moses of today",2026-05-04T13:54:42.207800+00:00,https://www.facebook.com/100064560977290/posts/6124054071047970/?app=fbl,people of zambia ladies and gentlemen remember the journey of israelites let hh take you to caenane in he is moses of today,23,nsama patrick kwena ati moses instead spiritual son seer 1,False,0.0,neutral,0.0,0.0,1.0,0.0,neutral,0.0,neutral,False,0.0,,10,0,0.0,0.0,0.0,0.0,0.0,0.0,0.0,False,0,no_energy_or_zesco_terms,
1539253826550352,I remember the prophecy of Joshua ignla after he said  he's gonna win but he's not David but Saul,2026-05-04T13:54:42.207159+00:00,https://www.facebook.com/100064560977290/posts/6124054071047970/?app=fbl,i remember the prophecy of joshua ignla after he said he s gonna win but he s not david but saul,21,pickrell knowels litmus test use s true,False,0.4215,positive,0.4215,0.359,0.641,0.0,positive,0.4215,positive,False,0.0,,7,1,0.0,0.0,0.0,0.1428571428571428,0.0,0.0,0.0,False,1,no_energy_or_zesco_terms,said
1539253826550352,I remember the prophecy of Joshua ignla after he said  he's gonna win but he's not David but Saul,2026-05-04T13:54:42.207159+00:00,https://www.facebook.com/100064560977290/posts/6124054071047970/?app=fbl,i remember the prophecy of joshua ignla after he said he s gonna win but he s not david but saul,21,heza lawrence mambwe ok definitely,False,0.5994,positive,0.5994,0.62,0.38,0.0,positive,0.5994,positive,False,0.0,,5,0,0.0,0.0,0.0,0.0,0.0,0.0,0.0,False,1,no_energy_or_zesco_terms,said
1539253826550352,I remember the prophecy of Joshua ignla after he said  he's gonna win but he's not David but Saul,2026-05-04T13:54:42.207159+00:00,https://www.facebook.com/100064560977290/posts/6124054071047970/?app=fbl,i remember the prophecy of joshua ignla after he said he s gonna win but he s not david but saul,21,francis muma bunda s good u remember well lets just pray god s mercy s preserve us come land coz wen look life king saul s really scary 1 jealous other peoples success case david 2 wanting others better than 3 turning pipo israel away god,False,0.8963,positive,0.8963,0.372,0.506,0.122,positive,0.8963,positive,False,0.0,,46,13,0.0217391304347826,0.108695652173913,0.0869565217391304,0.0869565217391304,0.0434782608695652,0.108695652173913,0.0326086956521739,False,2,no_energy_or_zesco_terms,"come,said"
1539253826550352,I remember the prophecy of Joshua ignla after he said  he's gonna win but he's not David but Saul,2026-05-04T13:54:42.207159+00:00,https://www.facebook.com/100064560977290/posts/6124054071047970/?app=fbl,i remember the prophecy of joshua ignla after he said he s gonna win but he s not david but saul,21,isaac phiri 1 introduced taxes 2 jealous other peoples success didn t want others better than nearly killed david coz woman praised david over 3 turned israel away living god u moral country name order human rights u see first time police arresting someone 4 protesting against homosexuality,False,0.2263,positive,0.2263,0.234,0.584,0.182,positive,0.2263,positive,False,0.0,,48,8,0.0416666666666666,0.0625,0.0416666666666666,0.0625,0.0,0.0625,0.0208333333333333,False,1,no_energy_or_zesco_terms,said
1539253826550352,I remember the prophecy of Joshua ignla after he said  he's gonna win but he's not David but Saul,2026-05-04T13:54:42.207159+00:00,https://www.facebook.com/100064560977290/posts/6124054071047970/?app=fbl,i remember the prophecy of joshua ignla after he said he s gonna win but he s not david but saul,21,cynthia chawah yes coz u look king sauls life during reign over israel especially turning away israel living god s really scary,False,0.079,positive,0.079,0.19,0.672,0.138,positive,0.079,positive,False,0.0,,22,2,0.0,0.0454545454545454,0.0454545454545454,0.0454545454545454,0.0,0.0454545454545454,0.0,False,1,no_energy_or_zesco_terms,said
1539253826550352,I remember the prophecy of Joshua ignla after he said  he's gonna win but he's not David but Saul,2026-05-04T13:54:42.207159+00:00,https://www.facebook.com/100064560977290/posts/6124054071047970/?app=fbl,i remember the prophecy of joshua ignla after he said he s gonna win but he s not david but saul,21,aimed kahama omar try find otherwise among people got upset over same even went over prophet s page started ranting u know us zambian wen comes ka language otherwise rightnow feel guilty having done,False,-0.6597,negative,-0.6597,0.0,0.847,0.153,negative,-0.6597,negative,False,0.0,,34,4,0.0588235294117647,0.0294117647058823,0.0,0.0294117647058823,0.0588235294117647,0.0294117647058823,0.0588235294117647,False,1,no_energy_or_zesco_terms,said
1539253826550352,I remember the prophecy of Joshua ignla after he said  he's gonna win but he's not David but Saul,2026-05-04T13:54:42.207159+00:00,https://www.facebook.com/100064560977290/posts/6124054071047970/?app=fbl,i remember the prophecy of joshua ignla after he said he s gonna win but he s not david but saul,21,melody mwelwa evans glad u otherwise tefintu bola naikosa,False,0.4588,positive,-0.2411999999999999,0.3,0.7,0.0,negative,-0.2411999999999999,negative,True,-0.7,tefintu,9,1,0.0,0.1111111111111111,0.0,0.0,0.0,0.1111111111111111,0.0,False,1,no_energy_or_zesco_terms,said
1539253826550352,I remember the prophecy of Joshua ignla after he said  he's gonna win but he's not David but Saul,2026-05-04T13:54:42.207159+00:00,https://www.facebook.com/100064560977290/posts/6124054071047970/?app=fbl,i remember the prophecy of joshua ignla after he said he s gonna win but he s not david but saul,21,brenda kash s true,False,0.4215,positive,0.4215,0.583,0.417,0.0,positive,0.4215,positive,False,0.0,,4,1,0.0,0.0,0.0,0.25,0.0,0.0,0.0,False,1,no_energy_or_zesco_terms,said
1251041295755993,I quote...to a minimum of 6 hours. That minimum could be 12 hrs during the day and 12hrs in the night. Will jst buy dry stuff.,2026-05-04T13:54:42.208403+00:00,https://www.facebook.com/100064560977290/posts/6124054071047970/?app=fbl,i quote to a minimum of 6 hours that minimum could be 12 hrs during the day and 12hrs in the night will jst buy dry stuff,27,brian silwamba people want trick us think dull,False,-0.3818,negative,-0.3818,0.127,0.49,0.382,negative,-0.3818,negative,False,0.0,,8,2,0.0,0.0,0.0,0.0,0.125,0.0,0.0625,False,2,no_energy_or_zesco_terms,"hours,hrs"
904817483868968,Bally means well.......it's only that managing a country comes with unforseen circumstances...  🙏🙏🙏🙏,2026-05-04T13:54:42.208399+00:00,https://www.facebook.com/100064560977290/posts/6124054071047970/?app=fbl,bally means well it s only that managing a country comes with unforseen circumstances 🙏🙏🙏🙏,14,chipawa louie luwi volume,False,0.0,neutral,0.0,0.0,1.0,0.0,neutral,0.0,neutral,False,0.0,,4,0,0.0,0.0,0.0,0.0,0.0,0.0,0.0,False,0,no_energy_or_zesco_terms,
475515214753875,So in this government it's only the president who should find solutions 🤔. Where are the Ministers sure???,2026-05-04T13:54:42.208427+00:00,https://www.facebook.com/100064560977290/posts/6124054071047970/?app=fbl,so in this government it s only the president who should find solutions 🤔 where are the ministers sure,18,bawishi sophie solutions,False,0.1779,positive,0.1779,0.459,0.541,0.0,positive,0.1779,positive,False,0.0,,3,0,0.0,0.0,0.0,0.0,0.0,0.0,0.0,False,0,no_energy_or_zesco_terms,
2688712201265424,They have now introduced half time. Kutushako for 6 hrs then Boom nakabili yaya,2026-05-04T13:54:42.208394+00:00,https://www.facebook.com/100064560977290/posts/6124054071047970/?app=fbl,they have now introduced half time kutushako for 6 hrs then boom nakabili yaya,14,levy musonda jr ala mwandi,False,0.0,neutral,0.0,0.0,1.0,0.0,neutral,0.0,neutral,False,0.0,,5,1,0.0,0.0,0.0,0.0,0.0,0.0,0.0,False,1,no_energy_or_zesco_terms,hrs
2688712201265424,They have now introduced half time. Kutushako for 6 hrs then Boom nakabili yaya,2026-05-04T13:54:42.208394+00:00,https://www.facebook.com/100064560977290/posts/6124054071047970/?app=fbl,they have now introduced half time kutushako for 6 hrs then boom nakabili yaya,14,levy musonda jr yaba made day t stop laughing,False,0.25,positive,-0.0499999999999999,0.281,0.526,0.193,neutral,-0.0499999999999999,neutral,True,-0.3,yaba,9,2,0.0,0.0,0.0,0.0,0.0,0.0,0.0,False,1,no_energy_or_zesco_terms,hrs
2688712201265424,They have now introduced half time. Kutushako for 6 hrs then Boom nakabili yaya,2026-05-04T13:54:42.208394+00:00,https://www.facebook.com/100064560977290/posts/6124054071047970/?app=fbl,they have now introduced half time kutushako for 6 hrs then boom nakabili yaya,14,levy musonda jr kikikikikik kwati ni bola ka,False,0.0,neutral,0.0,0.0,1.0,0.0,neutral,0.0,neutral,False,0.0,,8,1,0.0,0.0,0.0,0.0,0.0,0.0,0.0,False,1,no_energy_or_zesco_terms,hrs
2688712201265424,They have now introduced half time. Kutushako for 6 hrs then Boom nakabili yaya,2026-05-04T13:54:42.208394+00:00,https://www.facebook.com/100064560977290/posts/6124054071047970/?app=fbl,they have now introduced half time kutushako for 6 hrs then boom nakabili yaya,14,levy musonda jr ala tefintu,False,0.0,neutral,-0.7,0.0,1.0,0.0,negative,-0.7,negative,True,-0.7,tefintu,5,1,0.0,0.0,0.0,0.0,0.0,0.0,0.0,False,1,no_energy_or_zesco_terms,hrs
1539253826550352,I remember the prophecy of Joshua ignla after he said  he's gonna win but he's not David but Saul,2026-05-04T13:54:42.207159+00:00,https://www.facebook.com/100064560977290/posts/6124054071047970/?app=fbl,i remember the prophecy of joshua ignla after he said he s gonna win but he s not david but saul,21,ann hamatu mulenga argue want guys truth truth prophecy being fulfilled before very eyes,False,0.6486,positive,0.6486,0.433,0.448,0.119,positive,0.6486,positive,False,0.0,,14,4,0.0714285714285714,0.0714285714285714,0.0,0.1428571428571428,0.0,0.0714285714285714,0.0357142857142857,False,1,no_energy_or_zesco_terms,said
1539253826550352,I remember the prophecy of Joshua ignla after he said  he's gonna win but he's not David but Saul,2026-05-04T13:54:42.207159+00:00,https://www.facebook.com/100064560977290/posts/6124054071047970/?app=fbl,i remember the prophecy of joshua ignla after he said he s gonna win but he s not david but saul,21,phiri davids thanks sir guys forgetting voted think s hatred since took over presidence moral decay country increased first time people being arrested protesting against homosexuality christian nation shunning away 18th oct day prayer fasting nation almost introduced legalized man marrying polygamy constitution serious issues nation,False,-0.8442,negative,-0.8442,0.088,0.665,0.247,negative,-0.8442,negative,False,0.0,,46,12,0.0652173913043478,0.0217391304347826,0.0652173913043478,0.1304347826086956,0.0652173913043478,0.0217391304347826,0.0652173913043478,False,1,no_energy_or_zesco_terms,said
1539253826550352,I remember the prophecy of Joshua ignla after he said  he's gonna win but he's not David but Saul,2026-05-04T13:54:42.207159+00:00,https://www.facebook.com/100064560977290/posts/6124054071047970/?app=fbl,i remember the prophecy of joshua ignla after he said he s gonna win but he s not david but saul,21,isaac zulu s true those issues must addressed once speak something praise singers condemn want pretend s god,False,0.7003,positive,0.7003,0.412,0.42,0.168,positive,0.7003,positive,False,0.0,,18,5,0.0555555555555555,0.0555555555555555,0.0555555555555555,0.1666666666666666,0.0,0.0555555555555555,0.0277777777777777,False,1,no_energy_or_zesco_terms,said
1539253826550352,I remember the prophecy of Joshua ignla after he said  he's gonna win but he's not David but Saul,2026-05-04T13:54:42.207159+00:00,https://www.facebook.com/100064560977290/posts/6124054071047970/?app=fbl,i remember the prophecy of joshua ignla after he said he s gonna win but he s not david but saul,21,moses chewe filled,False,0.0,neutral,0.0,0.0,1.0,0.0,neutral,0.0,neutral,False,0.0,,3,0,0.0,0.0,0.0,0.0,0.0,0.0,0.0,False,1,no_energy_or_zesco_terms,said
1133780710671114,Some pipo are complaining but Ninshi where they stay nama light takwaba,2026-05-04T13:54:42.208706+00:00,https://www.facebook.com/100064560977290/posts/6124054071047970/?app=fbl,some pipo are complaining but ninshi where they stay nama light takwaba,12,pipo complaining ninshi stay nama light takwaba,False,-0.2023,negative,-0.2023,0.0,0.769,0.231,negative,-0.2023,negative,False,0.0,,7,0,0.0,0.0,0.0,0.0,0.0,0.0,0.0,False,0,no_energy_or_zesco_terms,
885707319525548,Bally means good for this country,2026-05-04T13:54:42.208713+00:00,https://www.facebook.com/100064560977290/posts/6124054071047970/?app=fbl,bally means good for this country,6,bally means good country,False,0.4404,positive,0.4404,0.492,0.508,0.0,positive,0.4404,positive,False,0.0,,4,1,0.0,0.25,0.0,0.25,0.0,0.25,0.0,False,0,no_energy_or_zesco_terms,
2182068691972856,"I'm not an expert. But after viewing and analyzing this post from beginning to end, line by line, word by word, letter by letter. I came to the conclusion and i can say that i can't say anything because as i said at the beginning, I'm not an expert.😄",2026-05-04T13:54:42.208725+00:00,https://www.facebook.com/100064560977290/posts/6124054071047970/?app=fbl,i m not an expert but after viewing and analyzing this post from beginning to end line by line word by word letter by letter i came to the conclusion and i can say that i can t say anything because as i said at the beginning i m not an expert 😄,52,m expert viewing analyzing post beginning end line line word word letter letter came conclusion say t say anything because said beginning m expert,False,0.0,neutral,0.0,0.0,1.0,0.0,neutral,0.0,neutral,False,0.0,,24,6,0.0,0.0833333333333333,0.0,0.1666666666666666,0.0,0.0833333333333333,0.0,False,3,no_energy_or_zesco_terms,"came,line,said"
2260599904134637,It took the president to pump sense into them.  Ahhhh,2026-05-04T13:54:42.208729+00:00,https://www.facebook.com/100064560977290/posts/6124054071047970/?app=fbl,it took the president to pump sense into them ahhhh,10,took president pump sense into ahhhh,False,0.0,neutral,0.0,0.0,1.0,0.0,neutral,0.0,neutral,False,0.0,,6,2,0.0,0.0,0.0,0.1666666666666666,0.0,0.0,0.0,False,0,no_energy_or_zesco_terms,
1638398146614982,This is a bit fair mwe,2026-05-04T13:54:42.208733+00:00,https://www.facebook.com/100064560977290/posts/6124054071047970/?app=fbl,this is a bit fair mwe,6,bit fair mwe,False,0.3182,positive,0.3182,0.535,0.465,0.0,positive,0.3182,positive,False,0.0,,3,1,0.0,0.0,0.0,0.0,0.0,0.0,0.0,False,0,no_energy_or_zesco_terms,
1132178137441275,Bally these guys made lungu go back to chawama and they remain working whilst lungu went crying so be careful with these guy.....Just fire all and bring another board,2026-05-04T13:54:42.208741+00:00,https://www.facebook.com/100064560977290/posts/6124054071047970/?app=fbl,bally these guys made lungu go back to chawama and they remain working whilst lungu went crying so be careful with these guy just fire all and bring another board,30,bally guys made lungu go back chawama remain working whilst lungu went crying careful guy just fire bring another board,False,-0.5994,negative,-0.5994,0.066,0.705,0.228,negative,-0.5994,negative,False,0.0,,20,5,0.0,0.05,0.05,0.0,0.05,0.05,0.025,False,0,no_energy_or_zesco_terms,
2260599904134637,It took the president to pump sense into them.  Ahhhh,2026-05-04T13:54:42.208729+00:00,https://www.facebook.com/100064560977290/posts/6124054071047970/?app=fbl,it took the president to pump sense into them ahhhh,10,fred k daka maybe,False,0.0,neutral,0.0,0.0,1.0,0.0,neutral,0.0,neutral,False,0.0,,4,0,0.0,0.0,0.0,0.0,0.0,0.0,0.0,False,0,no_energy_or_zesco_terms,
2182068691972856,"I'm not an expert. But after viewing and analyzing this post from beginning to end, line by line, word by word, letter by letter. I came to the conclusion and i can say that i can't say anything because as i said at the beginning, I'm not an expert.😄",2026-05-04T13:54:42.208725+00:00,https://www.facebook.com/100064560977290/posts/6124054071047970/?app=fbl,i m not an expert but after viewing and analyzing this post from beginning to end line by line word by word letter by letter i came to the conclusion and i can say that i can t say anything because as i said at the beginning i m not an expert 😄,52,titus masumbuku ivunda just likes,False,0.4215,positive,0.4215,0.412,0.588,0.0,positive,0.4215,positive,False,0.0,,5,0,0.0,0.0,0.0,0.0,0.0,0.0,0.0,False,3,no_energy_or_zesco_terms,"came,line,said"
2182068691972856,"I'm not an expert. But after viewing and analyzing this post from beginning to end, line by line, word by word, letter by letter. I came to the conclusion and i can say that i can't say anything because as i said at the beginning, I'm not an expert.😄",2026-05-04T13:54:42.208725+00:00,https://www.facebook.com/100064560977290/posts/6124054071047970/?app=fbl,i m not an expert but after viewing and analyzing this post from beginning to end line by line word by word letter by letter i came to the conclusion and i can say that i can t say anything because as i said at the beginning i m not an expert 😄,52,titus masumbuku ivunda made point now sleep,False,0.0,neutral,0.0,0.0,1.0,0.0,neutral,0.0,neutral,False,0.0,,7,0,0.0,0.0,0.0,0.0,0.0,0.0,0.0,False,3,no_energy_or_zesco_terms,"came,line,said"
2182068691972856,"I'm not an expert. But after viewing and analyzing this post from beginning to end, line by line, word by word, letter by letter. I came to the conclusion and i can say that i can't say anything because as i said at the beginning, I'm not an expert.😄",2026-05-04T13:54:42.208725+00:00,https://www.facebook.com/100064560977290/posts/6124054071047970/?app=fbl,i m not an expert but after viewing and analyzing this post from beginning to end line by line word by word letter by letter i came to the conclusion and i can say that i can t say anything because as i said at the beginning i m not an expert 😄,52,titus masumbuku ivunda stop wasting precious time,False,-0.0516,negative,-0.0516,0.294,0.317,0.389,negative,-0.0516,negative,False,0.0,,7,3,0.0,0.2857142857142857,0.1428571428571428,0.0,0.1428571428571428,0.2857142857142857,0.0714285714285714,False,3,no_energy_or_zesco_terms,"came,line,said"
2182068691972856,"I'm not an expert. But after viewing and analyzing this post from beginning to end, line by line, word by word, letter by letter. I came to the conclusion and i can say that i can't say anything because as i said at the beginning, I'm not an expert.😄",2026-05-04T13:54:42.208725+00:00,https://www.facebook.com/100064560977290/posts/6124054071047970/?app=fbl,i m not an expert but after viewing and analyzing this post from beginning to end line by line word by word letter by letter i came to the conclusion and i can say that i can t say anything because as i said at the beginning i m not an expert 😄,52,old now literally every page see copy paste,False,0.0,neutral,0.0,0.0,1.0,0.0,neutral,0.0,neutral,False,0.0,,8,1,0.0,0.0,0.0,0.0,0.0,0.0,0.0,False,3,no_energy_or_zesco_terms,"came,line,said"
2182068691972856,"I'm not an expert. But after viewing and analyzing this post from beginning to end, line by line, word by word, letter by letter. I came to the conclusion and i can say that i can't say anything because as i said at the beginning, I'm not an expert.😄",2026-05-04T13:54:42.208725+00:00,https://www.facebook.com/100064560977290/posts/6124054071047970/?app=fbl,i m not an expert but after viewing and analyzing this post from beginning to end line by line word by word letter by letter i came to the conclusion and i can say that i can t say anything because as i said at the beginning i m not an expert 😄,52,titus masumbuku ivunda day made,False,0.0,neutral,0.0,0.0,1.0,0.0,neutral,0.0,neutral,False,0.0,,5,0,0.0,0.0,0.0,0.0,0.0,0.0,0.0,False,3,no_energy_or_zesco_terms,"came,line,said"
2182068691972856,"I'm not an expert. But after viewing and analyzing this post from beginning to end, line by line, word by word, letter by letter. I came to the conclusion and i can say that i can't say anything because as i said at the beginning, I'm not an expert.😄",2026-05-04T13:54:42.208725+00:00,https://www.facebook.com/100064560977290/posts/6124054071047970/?app=fbl,i m not an expert but after viewing and analyzing this post from beginning to end line by line word by word letter by letter i came to the conclusion and i can say that i can t say anything because as i said at the beginning i m not an expert 😄,52,titus masumbuku ivunda omg man kkkkk,False,0.0,neutral,0.0,0.0,1.0,0.0,neutral,0.0,neutral,False,0.0,,6,0,0.0,0.0,0.0,0.0,0.0,0.0,0.0,False,3,no_energy_or_zesco_terms,"came,line,said"
2182068691972856,"I'm not an expert. But after viewing and analyzing this post from beginning to end, line by line, word by word, letter by letter. I came to the conclusion and i can say that i can't say anything because as i said at the beginning, I'm not an expert.😄",2026-05-04T13:54:42.208725+00:00,https://www.facebook.com/100064560977290/posts/6124054071047970/?app=fbl,i m not an expert but after viewing and analyzing this post from beginning to end line by line word by word letter by letter i came to the conclusion and i can say that i can t say anything because as i said at the beginning i m not an expert 😄,52,titus masumbuku ivunda still smoking kkkkkkkkkkk,False,0.0,neutral,0.0,0.0,1.0,0.0,neutral,0.0,neutral,False,0.0,,6,0,0.0,0.0,0.0,0.0,0.0,0.0,0.0,False,3,no_energy_or_zesco_terms,"came,line,said"
2182068691972856,"I'm not an expert. But after viewing and analyzing this post from beginning to end, line by line, word by word, letter by letter. I came to the conclusion and i can say that i can't say anything because as i said at the beginning, I'm not an expert.😄",2026-05-04T13:54:42.208725+00:00,https://www.facebook.com/100064560977290/posts/6124054071047970/?app=fbl,i m not an expert but after viewing and analyzing this post from beginning to end line by line word by word letter by letter i came to the conclusion and i can say that i can t say anything because as i said at the beginning i m not an expert 😄,52,lee ching kusemwa stopped,False,-0.2263,negative,-0.2263,0.0,0.612,0.388,negative,-0.2263,negative,False,0.0,,4,0,0.0,0.0,0.0,0.0,0.0,0.0,0.0,False,3,no_energy_or_zesco_terms,"came,line,said"
1638398146614982,This is a bit fair mwe,2026-05-04T13:54:42.208733+00:00,https://www.facebook.com/100064560977290/posts/6124054071047970/?app=fbl,this is a bit fair mwe,6,mwewa kennedy praise being realistic thank,False,0.7269,positive,0.7269,0.604,0.396,0.0,positive,0.7269,positive,False,0.0,,6,1,0.0,0.0,0.0,0.1666666666666666,0.0,0.0,0.0,False,0,no_energy_or_zesco_terms,
1638398146614982,This is a bit fair mwe,2026-05-04T13:54:42.208733+00:00,https://www.facebook.com/100064560977290/posts/6124054071047970/?app=fbl,this is a bit fair mwe,6,finidy george sims yes should facing reality always re welcome,False,0.6908,positive,0.6908,0.416,0.584,0.0,positive,0.6908,positive,False,0.0,,10,0,0.0,0.0,0.0,0.0,0.0,0.0,0.0,False,0,no_energy_or_zesco_terms,
1638398146614982,This is a bit fair mwe,2026-05-04T13:54:42.208733+00:00,https://www.facebook.com/100064560977290/posts/6124054071047970/?app=fbl,this is a bit fair mwe,6,finidy george sims offer s,False,0.0,neutral,0.0,0.0,1.0,0.0,neutral,0.0,neutral,False,0.0,,5,1,0.0,0.0,0.0,0.0,0.0,0.0,0.0,False,0,no_energy_or_zesco_terms,
1638398146614982,This is a bit fair mwe,2026-05-04T13:54:42.208733+00:00,https://www.facebook.com/100064560977290/posts/6124054071047970/?app=fbl,this is a bit fair mwe,6,mwewa kennedy praise inbox,False,0.5574,positive,0.5574,0.545,0.455,0.0,positive,0.5574,positive,False,0.0,,4,1,0.0,0.0,0.0,0.25,0.0,0.0,0.0,False,0,no_energy_or_zesco_terms,
885707319525548,Bally means good for this country,2026-05-04T13:54:42.208713+00:00,https://www.facebook.com/100064560977290/posts/6124054071047970/?app=fbl,bally means good for this country,6,johnson njobvu get mxxxm,False,0.0,neutral,0.0,0.0,1.0,0.0,neutral,0.0,neutral,False,0.0,,4,0,0.0,0.0,0.0,0.0,0.0,0.0,0.0,False,0,no_energy_or_zesco_terms,
885707319525548,Bally means good for this country,2026-05-04T13:54:42.208713+00:00,https://www.facebook.com/100064560977290/posts/6124054071047970/?app=fbl,bally means good for this country,6,johnson njobvu very dull u fools making things worse,False,-0.8615,negative,-0.8615,0.0,0.343,0.657,negative,-0.8615,negative,False,0.0,,9,2,0.0,0.0,0.1111111111111111,0.0,0.2222222222222222,0.0,0.1111111111111111,False,0,no_energy_or_zesco_terms,
885707319525548,Bally means good for this country,2026-05-04T13:54:42.208713+00:00,https://www.facebook.com/100064560977290/posts/6124054071047970/?app=fbl,bally means good for this country,6,ber tha mwango iwe,False,0.0,neutral,0.0,0.0,1.0,0.0,neutral,0.0,neutral,False,0.0,,4,0,0.0,0.0,0.0,0.0,0.0,0.0,0.0,False,0,no_energy_or_zesco_terms,
885707319525548,Bally means good for this country,2026-05-04T13:54:42.208713+00:00,https://www.facebook.com/100064560977290/posts/6124054071047970/?app=fbl,bally means good for this country,6,johnson njobvu s re njobvu elephant,False,0.0,neutral,0.0,0.0,1.0,0.0,neutral,0.0,neutral,False,0.0,,6,0,0.0,0.0,0.0,0.0,0.0,0.0,0.0,False,0,no_energy_or_zesco_terms,
885707319525548,Bally means good for this country,2026-05-04T13:54:42.208713+00:00,https://www.facebook.com/100064560977290/posts/6124054071047970/?app=fbl,bally means good for this country,6,ber tha mwango idiot,False,-0.5106,negative,-0.5106,0.0,0.476,0.524,negative,-0.5106,negative,False,0.0,,4,1,0.0,0.0,0.0,0.0,0.0,0.0,0.0,False,0,no_energy_or_zesco_terms,
885707319525548,Bally means good for this country,2026-05-04T13:54:42.208713+00:00,https://www.facebook.com/100064560977290/posts/6124054071047970/?app=fbl,bally means good for this country,6,kalunga kunda evans yes choir master,False,0.4019,positive,0.4019,0.351,0.649,0.0,positive,0.4019,positive,False,0.0,,6,2,0.0,0.0,0.0,0.1666666666666666,0.0,0.0,0.0,False,0,no_energy_or_zesco_terms,
1133780710671114,Some pipo are complaining but Ninshi where they stay nama light takwaba,2026-05-04T13:54:42.208706+00:00,https://www.facebook.com/100064560977290/posts/6124054071047970/?app=fbl,some pipo are complaining but ninshi where they stay nama light takwaba,12,emily m mbewe s zambia nation kaili,False,0.0,neutral,-0.2,0.0,1.0,0.0,negative,-0.2,negative,True,-0.2,kaili,7,1,0.0,0.0,0.0,0.1428571428571428,0.0,0.0,0.0,False,0,no_energy_or_zesco_terms,
1133780710671114,Some pipo are complaining but Ninshi where they stay nama light takwaba,2026-05-04T13:54:42.208706+00:00,https://www.facebook.com/100064560977290/posts/6124054071047970/?app=fbl,some pipo are complaining but ninshi where they stay nama light takwaba,12,emily m mbewe just mention know,False,0.0,neutral,0.0,0.0,1.0,0.0,neutral,0.0,neutral,False,0.0,,6,0,0.0,0.0,0.0,0.0,0.0,0.0,0.0,False,0,no_energy_or_zesco_terms,
1133780710671114,Some pipo are complaining but Ninshi where they stay nama light takwaba,2026-05-04T13:54:42.208706+00:00,https://www.facebook.com/100064560977290/posts/6124054071047970/?app=fbl,some pipo are complaining but ninshi where they stay nama light takwaba,12,elias katonya number s,False,0.0772,positive,0.0772,0.394,0.606,0.0,positive,0.0772,positive,False,0.0,,4,0,0.0,0.0,0.0,0.0,0.0,0.0,0.0,False,0,no_energy_or_zesco_terms,
1133780710671114,Some pipo are complaining but Ninshi where they stay nama light takwaba,2026-05-04T13:54:42.208706+00:00,https://www.facebook.com/100064560977290/posts/6124054071047970/?app=fbl,some pipo are complaining but ninshi where they stay nama light takwaba,12,elias katonya okey ku pamodzi ku ndola kwalibapo ama light,False,0.0,neutral,0.0,0.0,1.0,0.0,neutral,0.0,neutral,False,0.0,,10,0,0.0,0.0,0.0,0.0,0.0,0.0,0.0,False,0,no_energy_or_zesco_terms,
1133780710671114,Some pipo are complaining but Ninshi where they stay nama light takwaba,2026-05-04T13:54:42.208706+00:00,https://www.facebook.com/100064560977290/posts/6124054071047970/?app=fbl,some pipo are complaining but ninshi where they stay nama light takwaba,12,emily m mbewe ifwe used tropical rubbers,False,0.0,neutral,0.0,0.0,1.0,0.0,neutral,0.0,neutral,False,0.0,,7,0,0.0,0.0,0.0,0.0,0.0,0.0,0.0,False,0,no_energy_or_zesco_terms,
1133780710671114,Some pipo are complaining but Ninshi where they stay nama light takwaba,2026-05-04T13:54:42.208706+00:00,https://www.facebook.com/100064560977290/posts/6124054071047970/?app=fbl,some pipo are complaining but ninshi where they stay nama light takwaba,12,emily m mbewe vayolensi,False,0.0,neutral,0.0,0.0,1.0,0.0,neutral,0.0,neutral,False,0.0,,4,0,0.0,0.0,0.0,0.0,0.0,0.0,0.0,False,0,no_energy_or_zesco_terms,
1132178137441275,Bally these guys made lungu go back to chawama and they remain working whilst lungu went crying so be careful with these guy.....Just fire all and bring another board,2026-05-04T13:54:42.208741+00:00,https://www.facebook.com/100064560977290/posts/6124054071047970/?app=fbl,bally these guys made lungu go back to chawama and they remain working whilst lungu went crying so be careful with these guy just fire all and bring another board,30,ras zulus imwe naimwe nkhalani chabe,False,0.0,neutral,-0.4,0.0,1.0,0.0,negative,-0.4,negative,True,-0.4,naimwe,6,0,0.0,0.0,0.0,0.0,0.0,0.0,0.0,False,0,no_energy_or_zesco_terms,
1132178137441275,Bally these guys made lungu go back to chawama and they remain working whilst lungu went crying so be careful with these guy.....Just fire all and bring another board,2026-05-04T13:54:42.208741+00:00,https://www.facebook.com/100064560977290/posts/6124054071047970/?app=fbl,bally these guys made lungu go back to chawama and they remain working whilst lungu went crying so be careful with these guy just fire all and bring another board,30,onelia bandaonelia bandaonelia banda don t know made lungu cry still working,False,-0.4767,negative,-0.4767,0.0,0.763,0.237,negative,-0.4767,negative,False,0.0,,12,3,0.0,0.0,0.0,0.0833333333333333,0.0833333333333333,0.0,0.0416666666666666,False,0,no_energy_or_zesco_terms,
1132178137441275,Bally these guys made lungu go back to chawama and they remain working whilst lungu went crying so be careful with these guy.....Just fire all and bring another board,2026-05-04T13:54:42.208741+00:00,https://www.facebook.com/100064560977290/posts/6124054071047970/?app=fbl,bally these guys made lungu go back to chawama and they remain working whilst lungu went crying so be careful with these guy just fire all and bring another board,30,onelia banda guys don t joke s longer limited company anymore,False,0.0772,positive,0.0772,0.198,0.631,0.171,positive,0.0772,positive,False,0.0,,11,3,0.0909090909090909,0.0,0.0,0.0909090909090909,0.0909090909090909,0.0,0.0909090909090909,False,0,no_energy_or_zesco_terms,
1132178137441275,Bally these guys made lungu go back to chawama and they remain working whilst lungu went crying so be careful with these guy.....Just fire all and bring another board,2026-05-04T13:54:42.208741+00:00,https://www.facebook.com/100064560977290/posts/6124054071047970/?app=fbl,bally these guys made lungu go back to chawama and they remain working whilst lungu went crying so be careful with these guy just fire all and bring another board,30,ras zulus kkkkkkk let s move forget past let us face reality now,False,-0.2263,negative,-0.2263,0.0,0.853,0.147,negative,-0.2263,negative,False,0.0,,13,1,0.0,0.0,0.0,0.0,0.0,0.0,0.0,False,0,no_energy_or_zesco_terms,
1132178137441275,Bally these guys made lungu go back to chawama and they remain working whilst lungu went crying so be careful with these guy.....Just fire all and bring another board,2026-05-04T13:54:42.208741+00:00,https://www.facebook.com/100064560977290/posts/6124054071047970/?app=fbl,bally these guys made lungu go back to chawama and they remain working whilst lungu went crying so be careful with these guy just fire all and bring another board,30,onelia banda never present without past learn past how lungu went crying bally won t learn awe cry too mark words,False,-0.3612,negative,-1.0,0.138,0.632,0.23,negative,-1.0,negative,True,-0.7,awe,21,6,0.0476190476190476,0.0476190476190476,0.0,0.0476190476190476,0.0952380952380952,0.0476190476190476,0.0714285714285714,False,0,no_energy_or_zesco_terms,
1132178137441275,Bally these guys made lungu go back to chawama and they remain working whilst lungu went crying so be careful with these guy.....Just fire all and bring another board,2026-05-04T13:54:42.208741+00:00,https://www.facebook.com/100064560977290/posts/6124054071047970/?app=fbl,bally these guys made lungu go back to chawama and they remain working whilst lungu went crying so be careful with these guy just fire all and bring another board,30,onelia banda ba banda history important,False,0.2023,positive,0.2023,0.265,0.735,0.0,positive,0.2023,positive,False,0.0,,6,1,0.0,0.0,0.0,0.1666666666666666,0.0,0.0,0.0,False,0,no_energy_or_zesco_terms,
1132178137441275,Bally these guys made lungu go back to chawama and they remain working whilst lungu went crying so be careful with these guy.....Just fire all and bring another board,2026-05-04T13:54:42.208741+00:00,https://www.facebook.com/100064560977290/posts/6124054071047970/?app=fbl,bally these guys made lungu go back to chawama and they remain working whilst lungu went crying so be careful with these guy just fire all and bring another board,30,ras zulus lungu mouth too much over never saw lungu cry held head high daughter side maybe missed part cried only man saw cry late rb may soul rest peace,False,0.587,positive,0.587,0.224,0.651,0.125,positive,0.587,positive,False,0.0,,30,7,0.0,0.0333333333333333,0.0,0.0333333333333333,0.1,0.0333333333333333,0.05,False,0,no_energy_or_zesco_terms,
1132178137441275,Bally these guys made lungu go back to chawama and they remain working whilst lungu went crying so be careful with these guy.....Just fire all and bring another board,2026-05-04T13:54:42.208741+00:00,https://www.facebook.com/100064560977290/posts/6124054071047970/?app=fbl,bally these guys made lungu go back to chawama and they remain working whilst lungu went crying so be careful with these guy just fire all and bring another board,30,ras zulusras zulus please get fake history even bible encourage us forget former things ati old gone new come,False,0.1531,positive,0.1531,0.219,0.586,0.195,positive,0.1531,positive,False,0.0,,19,3,0.0,0.0,0.0,0.0526315789473684,0.0,0.0,0.0,False,2,no_energy_or_zesco_terms,"come,gone"
1132178137441275,Bally these guys made lungu go back to chawama and they remain working whilst lungu went crying so be careful with these guy.....Just fire all and bring another board,2026-05-04T13:54:42.208741+00:00,https://www.facebook.com/100064560977290/posts/6124054071047970/?app=fbl,bally these guys made lungu go back to chawama and they remain working whilst lungu went crying so be careful with these guy just fire all and bring another board,30,ras zulus nkhalani chabe new body already kkkkk,False,0.0,neutral,0.0,0.0,1.0,0.0,neutral,0.0,neutral,False,0.0,,8,0,0.0,0.0,0.0,0.0,0.0,0.0,0.0,False,0,no_energy_or_zesco_terms,
2182068691972856,"I'm not an expert. But after viewing and analyzing this post from beginning to end, line by line, word by word, letter by letter. I came to the conclusion and i can say that i can't say anything because as i said at the beginning, I'm not an expert.😄",2026-05-04T13:54:42.208725+00:00,https://www.facebook.com/100064560977290/posts/6124054071047970/?app=fbl,i m not an expert but after viewing and analyzing this post from beginning to end line by line word by word letter by letter i came to the conclusion and i can say that i can t say anything because as i said at the beginning i m not an expert 😄,52,muhau kabuku boss,False,0.0,neutral,0.0,0.0,1.0,0.0,neutral,0.0,neutral,False,0.0,,3,0,0.0,0.0,0.0,0.0,0.0,0.0,0.0,False,3,no_energy_or_zesco_terms,"came,line,said"
885707319525548,Bally means good for this country,2026-05-04T13:54:42.208713+00:00,https://www.facebook.com/100064560977290/posts/6124054071047970/?app=fbl,bally means good for this country,6,johnson njobvu nothing mean well ba pf worked da first president bring loadshelding january shame,False,-0.6012,negative,-0.6012,0.0,0.726,0.274,negative,-0.6012,negative,False,0.0,,15,2,0.0,0.0,0.0666666666666666,0.0666666666666666,0.0666666666666666,0.0,0.0333333333333333,False,0,no_energy_or_zesco_terms,
885707319525548,Bally means good for this country,2026-05-04T13:54:42.208713+00:00,https://www.facebook.com/100064560977290/posts/6124054071047970/?app=fbl,bally means good for this country,6,shares,False,0.296,positive,0.296,1.0,0.0,0.0,positive,0.296,positive,False,0.0,,1,0,0.0,0.0,0.0,0.0,0.0,0.0,0.0,False,0,no_energy_or_zesco_terms,
885707319525548,Bally means good for this country,2026-05-04T13:54:42.208713+00:00,https://www.facebook.com/100064560977290/posts/6124054071047970/?app=fbl,bally means good for this country,6,johnson njobvu amano te sanna,False,0.0,neutral,0.0,0.0,1.0,0.0,neutral,0.0,neutral,False,0.0,,5,0,0.0,0.0,0.0,0.0,0.0,0.0,0.0,False,0,no_energy_or_zesco_terms,
1132178137441275,Bally these guys made lungu go back to chawama and they remain working whilst lungu went crying so be careful with these guy.....Just fire all and bring another board,2026-05-04T13:54:42.208741+00:00,https://www.facebook.com/100064560977290/posts/6124054071047970/?app=fbl,bally these guys made lungu go back to chawama and they remain working whilst lungu went crying so be careful with these guy just fire all and bring another board,30,ras zulus awe baba nkhalani chabe arguments pointless baseless,False,-0.4019,negative,-1.0,0.0,0.748,0.252,negative,-1.0,negative,True,-0.8999999999999999,"awe,baba",9,3,0.1111111111111111,0.0,0.0,0.0,0.1111111111111111,0.0,0.1111111111111111,False,0,no_energy_or_zesco_terms,
1132178137441275,Bally these guys made lungu go back to chawama and they remain working whilst lungu went crying so be careful with these guy.....Just fire all and bring another board,2026-05-04T13:54:42.208741+00:00,https://www.facebook.com/100064560977290/posts/6124054071047970/?app=fbl,bally these guys made lungu go back to chawama and they remain working whilst lungu went crying so be careful with these guy just fire all and bring another board,30,aposto cz josi ibac please educate boy joined fb last year april,False,0.3182,positive,0.3182,0.173,0.827,0.0,positive,0.3182,positive,False,0.0,,12,3,0.0,0.0,0.0,0.0,0.0,0.0,0.0,False,0,no_energy_or_zesco_terms,
723300012465266,The audacity even to show us the Tym frame that they can’t even follow mxxxm,2026-05-04T13:54:42.209004+00:00,https://www.facebook.com/100064560977290/posts/6124054071047970/?app=fbl,the audacity even to show us the tym frame that they can’t even follow mxxxm,16,audacity even show us tym frame t even follow mxxxm,False,0.0,neutral,0.0,0.0,1.0,0.0,neutral,0.0,neutral,False,0.0,,10,2,0.0,0.0,0.0,0.1,0.0,0.0,0.0,False,0,no_energy_or_zesco_terms,
874509763853596,"My physics teacher would say...
Work done equals to Zero!",2026-05-04T13:54:42.209016+00:00,https://www.facebook.com/100064560977290/posts/6124054071047970/?app=fbl,my physics teacher would say work done equals to zero,10,physics teacher would say work done equals zero,False,0.0,neutral,0.0,0.0,1.0,0.0,neutral,0.0,neutral,False,0.0,,8,2,0.0,0.0,0.0,0.125,0.0,0.0,0.0,False,0,no_energy_or_zesco_terms,
3458034251121189,Thanks so much otherwise we were affected us who conducts online discussions or lectures to nursing students across the board 💃💃💃💃💃💃,2026-05-04T13:54:42.209022+00:00,https://www.facebook.com/100064560977290/posts/6124054071047970/?app=fbl,thanks so much otherwise we were affected us who conducts online discussions or lectures to nursing students across the board 💃💃💃💃💃💃,20,thanks much otherwise affected us conducts online discussions lectures nursing students across board,False,0.3182,positive,0.3182,0.187,0.71,0.103,positive,0.3182,positive,False,0.0,,13,1,0.0,0.0769230769230769,0.0,0.0,0.0,0.0769230769230769,0.0,False,0,no_energy_or_zesco_terms,
723300012465266,The audacity even to show us the Tym frame that they can’t even follow mxxxm,2026-05-04T13:54:42.209004+00:00,https://www.facebook.com/100064560977290/posts/6124054071047970/?app=fbl,the audacity even to show us the tym frame that they can’t even follow mxxxm,16,jojo long exactly thought,False,0.0,neutral,0.0,0.0,1.0,0.0,neutral,0.0,neutral,False,0.0,,4,2,0.0,0.5,0.0,0.0,0.0,0.5,0.0,False,0,no_energy_or_zesco_terms,
489522783263968,And here I was thinking babweshamo kansi they have reduced to increase nabo ba ze powering ze nation.we have gotten used to the current schedule already lekeni ifyo,2026-05-04T13:54:42.209045+00:00,https://www.facebook.com/100064560977290/posts/6124054071047970/?app=fbl,and here i was thinking babweshamo kansi they have reduced to increase nabo ba ze powering ze nation we have gotten used to the current schedule already lekeni ifyo,29,thinking babweshamo kansi reduced increase nabo ba ze powering ze nation gotten used current schedule already lekeni ifyo,False,0.3182,positive,-0.0818,0.119,0.881,0.0,negative,-0.0818,negative,True,-0.4,lekeni,18,2,0.0,0.0,0.0,0.0555555555555555,0.0,0.0,0.0,False,1,no_energy_or_zesco_terms,schedule
720163412965790,The difference is the same,2026-05-04T13:54:42.209057+00:00,https://www.facebook.com/100064560977290/posts/6124054071047970/?app=fbl,the difference is the same,5,difference same,False,0.0,neutral,0.0,0.0,1.0,0.0,neutral,0.0,neutral,False,0.0,,2,0,0.0,0.0,0.0,0.0,0.0,0.0,0.0,False,0,no_energy_or_zesco_terms,
1016113056445921,This is the same as you know that you are selling something at k6 and you know the customers will come and negotiate you put the same thing at k12 to avoid loss then when the customer comes you say the price I can sale this thing is k6 and yet you that thing is k6 then the customer will say at least I have negotiated up to half without knowing that k6 is the actual price. Intellectual is very very important in all you do than working under pressure,2026-05-04T13:54:42.209064+00:00,https://www.facebook.com/100064560977290/posts/6124054071047970/?app=fbl,this is the same as you know that you are selling something at k6 and you know the customers will come and negotiate you put the same thing at k12 to avoid loss then when the customer comes you say the price i can sale this thing is k6 and yet you that thing is k6 then the customer will say at least i have negotiated up to half without knowing that k6 is the actual price intellectual is very very important in all you do than working under pressure,90,same know selling something k6 know customers come negotiate put same thing k12 avoid loss customer comes say price sale thing k6 yet thing k6 customer say least negotiated half without knowing k6 actual price intellectual very very important than working under pressure,False,-0.0074,neutral,-0.0074,0.113,0.754,0.133,neutral,-0.0074,neutral,False,0.0,,43,11,0.0232558139534883,0.0,0.0465116279069767,0.0465116279069767,0.0232558139534883,0.0,0.0232558139534883,False,1,no_energy_or_zesco_terms,come
489662936581792,Zambia is a circus show,2026-05-04T13:54:42.209068+00:00,https://www.facebook.com/100064560977290/posts/6124054071047970/?app=fbl,zambia is a circus show,5,zambia circus show,False,0.0,neutral,0.0,0.0,1.0,0.0,neutral,0.0,neutral,False,0.0,,3,1,0.0,0.0,0.0,0.3333333333333333,0.0,0.0,0.0,False,0,no_energy_or_zesco_terms,
2317284321774525,Dipsy Zambia awe tigulise chabe,2026-05-04T13:54:42.209107+00:00,https://www.facebook.com/100064560977290/posts/6124054071047970/?app=fbl,dipsy zambia awe tigulise chabe,5,dipsy zambia awe tigulise chabe,False,0.0,neutral,-0.7,0.0,1.0,0.0,negative,-0.7,negative,True,-0.7,awe,5,0,0.0,0.0,0.0,0.0,0.0,0.0,0.0,False,0,no_energy_or_zesco_terms,
1144498916255701,And I quote”the changed schedules are intended to provide customers some relief”. What relief??,2026-05-04T13:54:42.209119+00:00,https://www.facebook.com/100064560977290/posts/6124054071047970/?app=fbl,and i quote”the changed schedules are intended to provide customers some relief” what relief,15,quote changed schedules intended provide customers relief relief,False,0.7351,positive,0.7351,0.508,0.492,0.0,positive,0.7351,positive,False,0.0,,8,5,0.0,0.25,0.0,0.125,0.0,0.25,0.0,False,0,no_energy_or_zesco_terms,
1259562757957102,Bafakako half time manje monga bola🤔,2026-05-04T13:54:42.209130+00:00,https://www.facebook.com/100064560977290/posts/6124054071047970/?app=fbl,bafakako half time manje monga bola🤔,6,bafakako half time manje monga bola,False,0.0,neutral,-0.3,0.0,1.0,0.0,negative,-0.3,negative,True,-0.3,manje,6,1,0.0,0.1666666666666666,0.0,0.0,0.0,0.1666666666666666,0.0,False,0,no_energy_or_zesco_terms,
527188406053799,12 hours split into ma 6 hours. What difference does it make?? I can't understand this mathematics.,2026-05-04T13:54:42.209134+00:00,https://www.facebook.com/100064560977290/posts/6124054071047970/?app=fbl,12 hours split into ma 6 hours what difference does it make i can t understand this mathematics,18,12 hours split into ma 6 hours difference make t understand mathematics,False,0.0,neutral,0.0,0.0,1.0,0.0,neutral,0.0,neutral,False,0.0,,12,1,0.0,0.0,0.0,0.0,0.0,0.0,0.0,False,1,no_energy_or_zesco_terms,hours
562895362167565,"Since there's nothing I can do guys,nasala option A from 23hrs to 05hrs 😎😅",2026-05-04T13:54:42.209142+00:00,https://www.facebook.com/100064560977290/posts/6124054071047970/?app=fbl,since there s nothing i can do guys nasala option a from 23hrs to 05hrs 😎😅,15,since s nothing guys nasala option 23hrs 05hrs,False,0.0,neutral,0.0,0.0,1.0,0.0,neutral,0.0,neutral,False,0.0,,8,1,0.0,0.0,0.0,0.0,0.0,0.0,0.0,False,0,no_energy_or_zesco_terms,
1144498916255701,And I quote”the changed schedules are intended to provide customers some relief”. What relief??,2026-05-04T13:54:42.209119+00:00,https://www.facebook.com/100064560977290/posts/6124054071047970/?app=fbl,and i quote”the changed schedules are intended to provide customers some relief” what relief,15,chikondi rose shawa imagine ayi,False,0.0,neutral,0.0,0.0,1.0,0.0,neutral,0.0,neutral,False,0.0,,5,0,0.0,0.0,0.0,0.0,0.0,0.0,0.0,False,0,no_energy_or_zesco_terms,
1144498916255701,And I quote”the changed schedules are intended to provide customers some relief”. What relief??,2026-05-04T13:54:42.209119+00:00,https://www.facebook.com/100064560977290/posts/6124054071047970/?app=fbl,and i quote”the changed schedules are intended to provide customers some relief” what relief,15,chikondi rose shawa imagine ai,False,0.0,neutral,0.0,0.0,1.0,0.0,neutral,0.0,neutral,False,0.0,,5,0,0.0,0.0,0.0,0.0,0.0,0.0,0.0,False,0,no_energy_or_zesco_terms,
511739577605415,But kuwena 05 sure some of us we got children awe Zambia has to change for sure 💪...... am sure some of employees is heart broken that's why he's changing ama timetable mwe😂😂 as if Ni fuel just that this one will be done weekly 😂,2026-05-04T13:54:42.209220+00:00,https://www.facebook.com/100064560977290/posts/6124054071047970/?app=fbl,but kuwena 05 sure some of us we got children awe zambia has to change for sure 💪 am sure some of employees is heart broken that s why he s changing ama timetable mwe😂😂 as if ni fuel just that this one will be done weekly 😂,46,kuwena 05 sure us got children awe zambia change sure sure employees heart broken s s changing ama timetable mwe ni fuel just done weekly,False,0.4215,positive,-0.2784999999999999,0.238,0.655,0.107,negative,-0.2784999999999999,negative,True,-0.7,awe,25,2,0.04,0.0,0.08,0.0,0.04,0.0,0.04,False,1,no_energy_or_zesco_terms,timetable
1259562757957102,Bafakako half time manje monga bola🤔,2026-05-04T13:54:42.209130+00:00,https://www.facebook.com/100064560977290/posts/6124054071047970/?app=fbl,bafakako half time manje monga bola🤔,6,saidi masili banda iwe boi sumvela didn t know re hilarious,False,0.4019,positive,0.4019,0.231,0.769,0.0,positive,0.4019,positive,False,0.0,,11,1,0.0,0.0,0.0,0.0,0.0,0.0,0.0,False,0,no_energy_or_zesco_terms,
1259562757957102,Bafakako half time manje monga bola🤔,2026-05-04T13:54:42.209130+00:00,https://www.facebook.com/100064560977290/posts/6124054071047970/?app=fbl,bafakako half time manje monga bola🤔,6,phiri knox lucas lol,False,0.4215,positive,0.4215,0.483,0.517,0.0,positive,0.4215,positive,False,0.0,,4,0,0.0,0.0,0.0,0.0,0.0,0.0,0.0,False,0,no_energy_or_zesco_terms,
1259562757957102,Bafakako half time manje monga bola🤔,2026-05-04T13:54:42.209130+00:00,https://www.facebook.com/100064560977290/posts/6124054071047970/?app=fbl,bafakako half time manje monga bola🤔,6,saidi masili banda since ni champions league kuli ma group stages na ma knock outs,False,0.5267,positive,0.5267,0.195,0.805,0.0,positive,0.5267,positive,False,0.0,,15,1,0.0,0.0,0.0,0.0,0.0,0.0,0.0,False,1,no_energy_or_zesco_terms,group
1259562757957102,Bafakako half time manje monga bola🤔,2026-05-04T13:54:42.209130+00:00,https://www.facebook.com/100064560977290/posts/6124054071047970/?app=fbl,bafakako half time manje monga bola🤔,6,phiri knox lucas ndeve chaonekela boi,False,0.0,neutral,0.0,0.0,1.0,0.0,neutral,0.0,neutral,False,0.0,,6,0,0.0,0.0,0.0,0.0,0.0,0.0,0.0,False,0,no_energy_or_zesco_terms,
864003481516603,"12hours was okay, we dont want DSTV to benefit😂",2026-05-04T13:54:42.210049+00:00,https://www.facebook.com/100064560977290/posts/6124054071047970/?app=fbl,12hours was okay we dont want dstv to benefit😂,9,12hours okay dont want dstv benefit,False,-0.2028,negative,-0.2028,0.221,0.349,0.43,negative,-0.2028,negative,False,0.0,,6,1,0.0,0.0,0.0,0.0,0.0,0.0,0.0,False,0,no_energy_or_zesco_terms,
1369890623838604,"Doesn't change the fact that my pressing iron got damaged, ndechisa be mpoto... Smelling like ichimbala at work 🤨",2026-05-04T13:54:42.210101+00:00,https://www.facebook.com/100064560977290/posts/6124054071047970/?app=fbl,doesn t change the fact that my pressing iron got damaged ndechisa be mpoto smelling like ichimbala at work 🤨,19,doesn t change fact pressing iron got damaged ndechisa mpoto smelling like ichimbala work,False,-0.1027,negative,-0.1027,0.152,0.671,0.177,negative,-0.1027,negative,False,0.0,,14,4,0.0,0.0,0.0714285714285714,0.1428571428571428,0.0,0.0,0.0,False,0,no_energy_or_zesco_terms,
527188406053799,12 hours split into ma 6 hours. What difference does it make?? I can't understand this mathematics.,2026-05-04T13:54:42.209134+00:00,https://www.facebook.com/100064560977290/posts/6124054071047970/?app=fbl,12 hours split into ma 6 hours what difference does it make i can t understand this mathematics,18,rebecca sakala mumbi elo mathematicians saying ifwe very lost terms understanding,False,-0.3804,negative,-0.3804,0.0,0.794,0.206,negative,-0.3804,negative,False,0.0,,11,2,0.0,0.0,0.0,0.0909090909090909,0.0909090909090909,0.0,0.0454545454545454,False,1,no_energy_or_zesco_terms,hours
1077101027019576,I woke up at 02 in the morning to stand in line and vote and stayed till 15hrs😢😢 that's time in my life il never recover,2026-05-04T13:54:42.210270+00:00,https://www.facebook.com/100064560977290/posts/6124054071047970/?app=fbl,i woke up at 02 in the morning to stand in line and vote and stayed till 15hrs😢😢 that s time in my life il never recover,27,woke 02 morning stand line vote stayed till 15hrs s time life il never recover,False,0.0,neutral,0.0,0.0,1.0,0.0,neutral,0.0,neutral,False,0.0,,15,2,0.0666666666666666,0.1333333333333333,0.0,0.0666666666666666,0.0666666666666666,0.1333333333333333,0.0666666666666666,False,1,no_energy_or_zesco_terms,line
701007491643584,"What kind of government do we have where people are ruled like animals who can't reason, a lot of small entrepreneurs will be affected by this ,many businesses will lose millions of kwacha, what a nation we have today",2026-05-04T13:54:42.210288+00:00,https://www.facebook.com/100064560977290/posts/6124054071047970/?app=fbl,what kind of government do we have where people are ruled like animals who can t reason a lot of small entrepreneurs will be affected by this many businesses will lose millions of kwacha what a nation we have today,40,kind government people ruled like animals t reason lot small entrepreneurs affected many businesses lose millions kwacha nation today,False,0.3818,positive,0.3818,0.244,0.579,0.178,positive,0.3818,positive,False,0.0,,19,6,0.0526315789473684,0.0,0.1052631578947368,0.1052631578947368,0.0526315789473684,0.0,0.0526315789473684,False,0,no_energy_or_zesco_terms,
2864588043685007,Kindly explain what this means to some of us. Because the difference here sounds the same,2026-05-04T13:54:42.210297+00:00,https://www.facebook.com/100064560977290/posts/6124054071047970/?app=fbl,kindly explain what this means to some of us because the difference here sounds the same,16,kindly explain means us because difference sounds same,False,0.4939,positive,0.4939,0.314,0.686,0.0,positive,0.4939,positive,False,0.0,,8,1,0.0,0.0,0.0,0.125,0.0,0.0,0.0,False,0,no_energy_or_zesco_terms,
1755477978180396,It's like the break is for giving us time to charge phones only very pathetic,2026-05-04T13:54:42.210348+00:00,https://www.facebook.com/100064560977290/posts/6124054071047970/?app=fbl,it s like the break is for giving us time to charge phones only very pathetic,16,s like break giving us time charge phones only very pathetic,False,-0.024,neutral,-0.024,0.308,0.44,0.251,neutral,-0.024,neutral,False,0.0,,11,4,0.0,0.0909090909090909,0.0,0.0,0.0909090909090909,0.0909090909090909,0.0454545454545454,False,1,no_energy_or_zesco_terms,charge
2864588043685007,Kindly explain what this means to some of us. Because the difference here sounds the same,2026-05-04T13:54:42.210297+00:00,https://www.facebook.com/100064560977290/posts/6124054071047970/?app=fbl,kindly explain what this means to some of us because the difference here sounds the same,16,vian suwilanji simbaya naine kwati yampita,False,0.0,neutral,0.0,0.0,1.0,0.0,neutral,0.0,neutral,False,0.0,,6,0,0.0,0.0,0.0,0.0,0.0,0.0,0.0,False,0,no_energy_or_zesco_terms,
1077101027019576,I woke up at 02 in the morning to stand in line and vote and stayed till 15hrs😢😢 that's time in my life il never recover,2026-05-04T13:54:42.210270+00:00,https://www.facebook.com/100064560977290/posts/6124054071047970/?app=fbl,i woke up at 02 in the morning to stand in line and vote and stayed till 15hrs😢😢 that s time in my life il never recover,27,michy susan musenge lol epomwaba sister,False,0.4215,positive,0.4215,0.359,0.641,0.0,positive,0.4215,positive,False,0.0,,6,0,0.0,0.0,0.0,0.0,0.0,0.0,0.0,False,1,no_energy_or_zesco_terms,line
1077101027019576,I woke up at 02 in the morning to stand in line and vote and stayed till 15hrs😢😢 that's time in my life il never recover,2026-05-04T13:54:42.210270+00:00,https://www.facebook.com/100064560977290/posts/6124054071047970/?app=fbl,i woke up at 02 in the morning to stand in line and vote and stayed till 15hrs😢😢 that s time in my life il never recover,27,jimmy ashtag still going strong che,False,0.5106,positive,0.5106,0.398,0.602,0.0,positive,0.5106,positive,False,0.0,,6,0,0.0,0.0,0.0,0.0,0.0,0.0,0.0,False,1,no_energy_or_zesco_terms,line
1077101027019576,I woke up at 02 in the morning to stand in line and vote and stayed till 15hrs😢😢 that's time in my life il never recover,2026-05-04T13:54:42.210270+00:00,https://www.facebook.com/100064560977290/posts/6124054071047970/?app=fbl,i woke up at 02 in the morning to stand in line and vote and stayed till 15hrs😢😢 that s time in my life il never recover,27,michy susan musenge lol ohgee keep strong only strong survive,False,0.8555,positive,0.8555,0.573,0.427,0.0,positive,0.8555,positive,False,0.0,,10,1,0.0,0.0,0.0,0.0,0.0,0.0,0.0,False,1,no_energy_or_zesco_terms,line
1140285630023705,Then you're going to kill our Children.... Kabwata flats we are in ⚡ Danger ...Cholera will be the order of the day ... Because water we depend on a pump  Now if through the day  and night  (split) Not good enough ..Our lives are in danger ..please look into this issues....This scary,2026-05-04T13:54:42.210886+00:00,https://www.facebook.com/100064560977290/posts/6124054071047970/?app=fbl,then you re going to kill our children kabwata flats we are in ⚡ danger cholera will be the order of the day because water we depend on a pump now if through the day and night split not good enough our lives are in danger please look into this issues this scary,52,re going kill children kabwata flats danger cholera order day because water depend pump now through day night split good enough lives danger please look into issues scary,False,-0.8885,negative,-0.8885,0.124,0.525,0.351,negative,-0.8885,negative,False,0.0,,28,7,0.0,0.0714285714285714,0.1428571428571428,0.0714285714285714,0.1428571428571428,0.0714285714285714,0.0714285714285714,False,0,no_energy_or_zesco_terms,
1386230895455401,I am trying to plot these time schedules on a frequency distribution table and they are not making any sense….The Data is continuous with no Breaks….palibe 6 hrs break🙈🙈🙈🙈,2026-05-04T13:54:42.210896+00:00,https://www.facebook.com/100064560977290/posts/6124054071047970/?app=fbl,i am trying to plot these time schedules on a frequency distribution table and they are not making any sense… the data is continuous with no breaks… palibe 6 hrs break🙈🙈🙈🙈,31,trying plot time schedules frequency distribution table making sense data continuous breaks palibe 6 hrs break,False,0.0,neutral,0.0,0.0,1.0,0.0,neutral,0.0,neutral,False,0.0,,16,3,0.0,0.0625,0.0,0.0,0.0,0.0625,0.0,False,1,no_energy_or_zesco_terms,hrs
722921442739592,"So mwalelolela ichalo chonse chilande, Zambians are good people, mufwayafye ukutonaula. Apapena mwalya.",2026-05-04T13:54:42.210923+00:00,https://www.facebook.com/100064560977290/posts/6124054071047970/?app=fbl,so mwalelolela ichalo chonse chilande zambians are good people mufwayafye ukutonaula apapena mwalya,13,mwalelolela ichalo chonse chilande zambians good people mufwayafye ukutonaula apapena mwalya,False,0.4404,positive,0.4404,0.225,0.775,0.0,positive,0.4404,positive,False,0.0,,11,1,0.0,0.0909090909090909,0.0,0.0909090909090909,0.0,0.0909090909090909,0.0,False,0,no_energy_or_zesco_terms,
820122623123701,Very useless I how i wish it wasn't a monopoly  n had a competitor like mobile providers they wouldn't have had any customer,2026-05-04T13:54:42.211031+00:00,https://www.facebook.com/100064560977290/posts/6124054071047970/?app=fbl,very useless i how i wish it wasn t a monopoly n had a competitor like mobile providers they wouldn t have had any customer,25,very useless how wish wasn t monopoly n competitor like mobile providers wouldn t customer,False,0.3336,positive,0.3336,0.311,0.513,0.176,positive,0.3336,positive,False,0.0,,15,3,0.0,0.0666666666666666,0.0,0.0,0.0,0.0666666666666666,0.0,False,0,no_energy_or_zesco_terms,
879838946387363,Atleast we can see some improvements in the schedule.  Kudos!,2026-05-04T13:54:42.211052+00:00,https://www.facebook.com/100064560977290/posts/6124054071047970/?app=fbl,atleast we can see some improvements in the schedule kudos,10,atleast see improvements schedule kudos,False,0.6808,positive,0.6808,0.651,0.349,0.0,positive,0.6808,positive,False,0.0,,5,1,0.0,0.0,0.0,0.0,0.0,0.0,0.0,False,1,no_energy_or_zesco_terms,schedule
856642012112606,"There is literally no difference, we are still been load shaded 12 hours but in 2 six hourly segments in a day ... This even makes it worse ☹",2026-05-04T13:54:42.211063+00:00,https://www.facebook.com/100064560977290/posts/6124054071047970/?app=fbl,there is literally no difference we are still been load shaded 12 hours but in 2 six hourly segments in a day this even makes it worse ☹,27,literally difference still load shaded 12 hours 2 six hourly segments day even makes worse,False,-0.4767,negative,-0.4767,0.0,0.807,0.193,negative,-0.4767,negative,False,0.0,,15,1,0.0,0.0,0.0666666666666666,0.0,0.0666666666666666,0.0,0.0333333333333333,False,1,no_energy_or_zesco_terms,hours
921314262582264,UPND you are packing your bags. Wait,2026-05-04T13:54:42.211082+00:00,https://www.facebook.com/100064560977290/posts/6124054071047970/?app=fbl,upnd you are packing your bags wait,7,upnd packing bags wait,False,0.0,neutral,0.0,0.0,1.0,0.0,neutral,0.0,neutral,False,0.0,,4,1,0.0,0.25,0.0,0.0,0.0,0.25,0.0,False,0,no_energy_or_zesco_terms,
708646777547324,"And I Qoute ""MINIMUM""  which means we don't have the maximum we can Even go to 15hrs.",2026-05-04T13:54:42.211207+00:00,https://www.facebook.com/100064560977290/posts/6124054071047970/?app=fbl,and i qoute minimum which means we don t have the maximum we can even go to 15hrs,18,qoute minimum means don t maximum even go 15hrs,False,0.0,neutral,0.0,0.0,1.0,0.0,neutral,0.0,neutral,False,0.0,,9,3,0.0,0.0,0.0,0.1111111111111111,0.0,0.0,0.0,False,0,no_energy_or_zesco_terms,
4846508602140505,People are still complaining.....it's easy to talk and criticize when u aren't in the league if we put u as president we can forever be in darkness😂😂,2026-05-04T13:54:42.211217+00:00,https://www.facebook.com/100064560977290/posts/6124054071047970/?app=fbl,people are still complaining it s easy to talk and criticize when u aren t in the league if we put u as president we can forever be in darkness😂😂,30,people still complaining s easy talk criticize u aren t league put u president forever darkness,False,-0.3612,negative,-0.3612,0.168,0.462,0.37,negative,-0.3612,negative,False,0.0,,16,5,0.125,0.0,0.125,0.0625,0.125,0.0,0.125,False,0,no_energy_or_zesco_terms,
1197230877868149,"Well done indeed we are in capable hands thanks to you Mr president, your visit to maamba and sisvonga was meaningful.",2026-05-04T13:54:42.211224+00:00,https://www.facebook.com/100064560977290/posts/6124054071047970/?app=fbl,well done indeed we are in capable hands thanks to you mr president your visit to maamba and sisvonga was meaningful,21,well done indeed capable hands thanks mr president visit maamba sisvonga meaningful,False,0.836,positive,0.836,0.553,0.447,0.0,positive,0.836,positive,False,0.0,,12,2,0.0,0.0,0.0,0.0833333333333333,0.0,0.0,0.0,False,0,no_energy_or_zesco_terms,
857564435493695,Thing is they don't even follow their time table that's the biggest problem. They just switch it on whenever and how ever they like. If they could give us a solid timetable it would atleast help us plan.,2026-05-04T13:54:42.211255+00:00,https://www.facebook.com/100064560977290/posts/6124054071047970/?app=fbl,thing is they don t even follow their time table that s the biggest problem they just switch it on whenever and how ever they like if they could give us a solid timetable it would atleast help us plan,40,thing don t even follow time table s biggest problem just switch whenever how ever like could give us solid timetable would atleast help us plan,False,0.4767,positive,0.4767,0.231,0.678,0.092,positive,0.4767,positive,False,0.0,,26,5,0.0,0.0769230769230769,0.0384615384615384,0.0384615384615384,0.0384615384615384,0.0769230769230769,0.0192307692307692,False,2,no_energy_or_zesco_terms,"switch,timetable"
921314262582264,UPND you are packing your bags. Wait,2026-05-04T13:54:42.211082+00:00,https://www.facebook.com/100064560977290/posts/6124054071047970/?app=fbl,upnd you are packing your bags wait,7,john mulenga zero until 2055,False,0.0,neutral,0.0,0.0,1.0,0.0,neutral,0.0,neutral,False,0.0,,5,1,0.0,0.0,0.0,0.0,0.0,0.0,0.0,False,0,no_energy_or_zesco_terms,
525771516014368,"I'll put it like this...
""Pafikoti 12 tulingile uku mifupula, twakulemifupula ifili sikisi...mwatushako filya elyo twamilutula nafimbi sikisi.."" 🤣🤣🤣🤣

Apa kushita fye Karen's, beans nemintesa pantu frozen food ni forget. I don't even remember the last time I saw ice on my freezer...

Pertinent question, why does it have to be 12 hours, why?",2026-05-04T13:54:42.211481+00:00,https://www.facebook.com/100064560977290/posts/6124054071047970/?app=fbl,i ll put it like this pafikoti 12 tulingile uku mifupula twakulemifupula ifili sikisi mwatushako filya elyo twamilutula nafimbi sikisi 🤣🤣🤣🤣 apa kushita fye karen s beans nemintesa pantu frozen food ni forget i don t even remember the last time i saw ice on my freezer pertinent question why does it have to be 12 hours why,57,ll put like pafikoti 12 tulingile uku mifupula twakulemifupula ifili sikisi mwatushako filya elyo twamilutula nafimbi sikisi apa kushita fye karen s beans nemintesa pantu frozen food ni forget don t even remember last time saw ice freezer pertinent question 12 hours,False,0.1531,positive,0.1531,0.059,0.896,0.045,positive,0.1531,positive,False,0.0,,42,6,0.0,0.0238095238095238,0.0,0.0714285714285714,0.0,0.0238095238095238,0.0,False,1,no_energy_or_zesco_terms,hours
915468582944674,"When I'm drunk I'm very alert when crossing the road.I look left and right for cars and bikes,then I look up for aeroplanes and down for bombs,then I look back for kidnappers and then I hold my beer tight and start walking in zigzag to avoid bullets😂😂",2026-05-04T13:54:42.211494+00:00,https://www.facebook.com/100064560977290/posts/6124054071047970/?app=fbl,when i m drunk i m very alert when crossing the road i look left and right for cars and bikes then i look up for aeroplanes and down for bombs then i look back for kidnappers and then i hold my beer tight and start walking in zigzag to avoid bullets😂😂,52,m drunk m very alert crossing road look left right cars bikes look aeroplanes down bombs look back kidnappers hold beer tight start walking zigzag avoid bullets,False,-0.2748,negative,-0.2748,0.086,0.756,0.158,negative,-0.2748,negative,False,0.0,,27,3,0.0,0.037037037037037,0.037037037037037,0.0,0.0,0.037037037037037,0.0,False,0,no_energy_or_zesco_terms,
5720330321376222,"Has anyone of you been Lord shaded before,If you have raise your hand.
Lord management is what is currently in effect.",2026-05-04T13:54:42.211498+00:00,https://www.facebook.com/100064560977290/posts/6124054071047970/?app=fbl,has anyone of you been lord shaded before if you have raise your hand lord management is what is currently in effect,22,anyone lord shaded before raise hand lord management currently effect,False,0.4939,positive,0.4939,0.262,0.738,0.0,positive,0.4939,positive,False,0.0,,10,3,0.0,0.0,0.0,0.3,0.0,0.0,0.0,False,0,no_energy_or_zesco_terms,
1202959720304622,We are even used to 12 hours ise,2026-05-04T13:54:42.211506+00:00,https://www.facebook.com/100064560977290/posts/6124054071047970/?app=fbl,we are even used to 12 hours ise,8,even used 12 hours ise,False,0.0,neutral,0.0,0.0,1.0,0.0,neutral,0.0,neutral,False,0.0,,5,0,0.0,0.0,0.0,0.0,0.0,0.0,0.0,False,1,no_energy_or_zesco_terms,hours
1329032821280592,This is an improvement as long as it's once a day,2026-05-04T13:54:42.211509+00:00,https://www.facebook.com/100064560977290/posts/6124054071047970/?app=fbl,this is an improvement as long as it s once a day,12,improvement long s once day,False,0.4588,positive,0.4588,0.5,0.5,0.0,positive,0.4588,positive,False,0.0,,5,2,0.0,0.2,0.0,0.2,0.0,0.2,0.0,False,0,no_energy_or_zesco_terms,
1329032821280592,This is an improvement as long as it's once a day,2026-05-04T13:54:42.211509+00:00,https://www.facebook.com/100064560977290/posts/6124054071047970/?app=fbl,this is an improvement as long as it s once a day,12,stella nyirenda once day,False,0.0,neutral,0.0,0.0,1.0,0.0,neutral,0.0,neutral,False,0.0,,4,0,0.0,0.0,0.0,0.0,0.0,0.0,0.0,False,0,no_energy_or_zesco_terms,
1329032821280592,This is an improvement as long as it's once a day,2026-05-04T13:54:42.211509+00:00,https://www.facebook.com/100064560977290/posts/6124054071047970/?app=fbl,this is an improvement as long as it s once a day,12,stella nyirenda s twice day,False,0.0,neutral,0.0,0.0,1.0,0.0,neutral,0.0,neutral,False,0.0,,5,0,0.0,0.0,0.0,0.0,0.0,0.0,0.0,False,0,no_energy_or_zesco_terms,
1329032821280592,This is an improvement as long as it's once a day,2026-05-04T13:54:42.211509+00:00,https://www.facebook.com/100064560977290/posts/6124054071047970/?app=fbl,this is an improvement as long as it s once a day,12,stella nyirenda twice coming batches 6hrs,False,0.0,neutral,0.0,0.0,1.0,0.0,neutral,0.0,neutral,False,0.0,,6,1,0.0,0.1666666666666666,0.0,0.0,0.0,0.1666666666666666,0.0,False,0,no_energy_or_zesco_terms,
1329032821280592,This is an improvement as long as it's once a day,2026-05-04T13:54:42.211509+00:00,https://www.facebook.com/100064560977290/posts/6124054071047970/?app=fbl,this is an improvement as long as it s once a day,12,stella nyirenda twice day,False,0.0,neutral,0.0,0.0,1.0,0.0,neutral,0.0,neutral,False,0.0,,4,0,0.0,0.0,0.0,0.0,0.0,0.0,0.0,False,0,no_energy_or_zesco_terms,
1329032821280592,This is an improvement as long as it's once a day,2026-05-04T13:54:42.211509+00:00,https://www.facebook.com/100064560977290/posts/6124054071047970/?app=fbl,this is an improvement as long as it s once a day,12,kristina nkhoma ni zeze dosage ma ma trouble,False,-0.4019,negative,-0.4019,0.0,0.722,0.278,negative,-0.4019,negative,False,0.0,,8,0,0.0,0.0,0.0,0.0,0.0,0.0,0.0,False,0,no_energy_or_zesco_terms,
1329032821280592,This is an improvement as long as it's once a day,2026-05-04T13:54:42.211509+00:00,https://www.facebook.com/100064560977290/posts/6124054071047970/?app=fbl,this is an improvement as long as it s once a day,12,stella nyirenda too much balemona kwati naba chenjela,False,0.0,neutral,0.0,0.0,1.0,0.0,neutral,0.0,neutral,False,0.0,,8,0,0.0,0.0,0.0,0.0,0.0,0.0,0.0,False,0,no_energy_or_zesco_terms,
1329032821280592,This is an improvement as long as it's once a day,2026-05-04T13:54:42.211509+00:00,https://www.facebook.com/100064560977290/posts/6124054071047970/?app=fbl,this is an improvement as long as it s once a day,12,kebby kayawe straight mind games,False,0.2263,positive,0.2263,0.322,0.678,0.0,positive,0.2263,positive,False,0.0,,5,0,0.0,0.0,0.0,0.0,0.0,0.0,0.0,False,0,no_energy_or_zesco_terms,
1329032821280592,This is an improvement as long as it's once a day,2026-05-04T13:54:42.211509+00:00,https://www.facebook.com/100064560977290/posts/6124054071047970/?app=fbl,this is an improvement as long as it s once a day,12,say,False,0.0,neutral,0.0,0.0,1.0,0.0,neutral,0.0,neutral,False,0.0,,1,0,0.0,0.0,0.0,0.0,0.0,0.0,0.0,False,0,no_energy_or_zesco_terms,
601958428357758,It's still 12 hours in a day no difference......😂 Just conceal the contracts.,2026-05-04T13:54:42.211550+00:00,https://www.facebook.com/100064560977290/posts/6124054071047970/?app=fbl,it s still 12 hours in a day no difference 😂 just conceal the contracts,14,s still 12 hours day difference just conceal contracts,False,0.0,neutral,0.0,0.0,1.0,0.0,neutral,0.0,neutral,False,0.0,,9,1,0.0,0.0,0.0,0.0,0.1111111111111111,0.0,0.0555555555555555,False,1,no_energy_or_zesco_terms,hours
689335182889377,Why can't they do it from 24:00 to 06:00 hrs so that some people's businesses can keep rolling,2026-05-04T13:54:42.211554+00:00,https://www.facebook.com/100064560977290/posts/6124054071047970/?app=fbl,why can t they do it from 24 00 to 06 00 hrs so that some people s businesses can keep rolling,22,t 24 00 06 00 hrs people s businesses keep rolling,False,0.0,neutral,0.0,0.0,1.0,0.0,neutral,0.0,neutral,False,0.0,,11,0,0.0,0.0,0.0,0.0,0.0,0.0,0.0,False,1,no_energy_or_zesco_terms,hrs
914447856376330,They should split this further into 4hour intervals,2026-05-04T13:54:42.211557+00:00,https://www.facebook.com/100064560977290/posts/6124054071047970/?app=fbl,they should split this further into 4hour intervals,8,should split further into 4hour intervals,False,0.0,neutral,0.0,0.0,1.0,0.0,neutral,0.0,neutral,False,0.0,,6,1,0.0,0.0,0.0,0.0,0.0,0.0,0.0,False,0,no_energy_or_zesco_terms,
696883355493456,Why not maintain just one? The 23 to 05...ayashala bayafumyeko,2026-05-04T13:54:42.211561+00:00,https://www.facebook.com/100064560977290/posts/6124054071047970/?app=fbl,why not maintain just one the 23 to 05 ayashala bayafumyeko,11,maintain just 23 05 ayashala bayafumyeko,False,0.0,neutral,0.0,0.0,1.0,0.0,neutral,0.0,neutral,False,0.0,,6,0,0.0,0.0,0.0,0.0,0.0,0.0,0.0,False,0,no_energy_or_zesco_terms,
1356117571869792,This is the right move...,2026-05-04T13:54:42.211595+00:00,https://www.facebook.com/100064560977290/posts/6124054071047970/?app=fbl,this is the right move,5,right move,False,0.0,neutral,0.0,0.0,1.0,0.0,neutral,0.0,neutral,False,0.0,,2,0,0.0,0.0,0.0,0.0,0.0,0.0,0.0,False,0,no_energy_or_zesco_terms,
1640236043100245,Reducing hours won't change anything bane that's not development,2026-05-04T13:54:42.211599+00:00,https://www.facebook.com/100064560977290/posts/6124054071047970/?app=fbl,reducing hours won t change anything bane that s not development,11,reducing hours won t change anything bane s development,False,0.5719,positive,0.5719,0.381,0.619,0.0,positive,0.5719,positive,False,0.0,,9,2,0.1111111111111111,0.0,0.2222222222222222,0.0,0.0,0.0,0.0555555555555555,False,1,no_energy_or_zesco_terms,hours
704829604692684,And they think we are children....let them jst continue with there old schedule we are used to it what have they reduced vaboza che,2026-05-04T13:54:42.211610+00:00,https://www.facebook.com/100064560977290/posts/6124054071047970/?app=fbl,and they think we are children let them jst continue with there old schedule we are used to it what have they reduced vaboza che,25,think children let jst continue old schedule used reduced vaboza che,False,0.0,neutral,0.0,0.0,1.0,0.0,neutral,0.0,neutral,False,0.0,,11,1,0.0,0.0909090909090909,0.0,0.0909090909090909,0.0,0.0909090909090909,0.0,False,1,no_energy_or_zesco_terms,schedule
888207445939331,"Alot of homes will be at risk of being broken to by the thieves,23 to 05 schedule is a time bomb..",2026-05-04T13:54:42.211618+00:00,https://www.facebook.com/100064560977290/posts/6124054071047970/?app=fbl,alot of homes will be at risk of being broken to by the thieves 23 to 05 schedule is a time bomb,22,alot homes risk being broken thieves 23 05 schedule time bomb,False,-0.8934,negative,-0.8934,0.0,0.374,0.626,negative,-0.8934,negative,False,0.0,,11,4,0.1818181818181818,0.1818181818181818,0.2727272727272727,0.0,0.1818181818181818,0.1818181818181818,0.1818181818181818,False,1,no_energy_or_zesco_terms,schedule
3411382362461599,"Strategy

It was 6 at first we were not okay with it 
They made it x2 so as to reduce it to 6 again so that people will say 6 is better😂😂 these people are very smart😏😏 uluse",2026-05-04T13:54:42.211621+00:00,https://www.facebook.com/100064560977290/posts/6124054071047970/?app=fbl,strategy it was 6 at first we were not okay with it they made it x2 so as to reduce it to 6 again so that people will say 6 is better😂😂 these people are very smart😏😏 uluse,38,strategy 6 first okay made x2 reduce 6 people say 6 better people very smart uluse,False,0.7778,positive,0.7778,0.438,0.562,0.0,positive,0.7778,positive,False,0.0,,16,0,0.0,0.0,0.0,0.0,0.0,0.0,0.0,False,0,no_energy_or_zesco_terms,
601958428357758,It's still 12 hours in a day no difference......😂 Just conceal the contracts.,2026-05-04T13:54:42.211550+00:00,https://www.facebook.com/100064560977290/posts/6124054071047970/?app=fbl,it s still 12 hours in a day no difference 😂 just conceal the contracts,14,bright mwika very true,False,0.7178,positive,0.7178,0.75,0.25,0.0,positive,0.7178,positive,False,0.0,,4,1,0.0,0.0,0.0,0.25,0.0,0.0,0.0,False,1,no_energy_or_zesco_terms,hours
704829604692684,And they think we are children....let them jst continue with there old schedule we are used to it what have they reduced vaboza che,2026-05-04T13:54:42.211610+00:00,https://www.facebook.com/100064560977290/posts/6124054071047970/?app=fbl,and they think we are children let them jst continue with there old schedule we are used to it what have they reduced vaboza che,25,ayi boyi va zee,False,0.0,neutral,-0.5,0.0,1.0,0.0,negative,-0.5,negative,True,-0.5,zee,4,0,0.0,0.0,0.0,0.0,0.0,0.0,0.0,False,1,no_energy_or_zesco_terms,schedule
1356117571869792,This is the right move...,2026-05-04T13:54:42.211595+00:00,https://www.facebook.com/100064560977290/posts/6124054071047970/?app=fbl,this is the right move,5,d jin marshal split means mean go every 6 hours,False,0.0,neutral,0.0,0.0,1.0,0.0,neutral,0.0,neutral,False,0.0,,10,2,0.0,0.0,0.0,0.1,0.0,0.0,0.0,False,1,no_energy_or_zesco_terms,hours
1356117571869792,This is the right move...,2026-05-04T13:54:42.211595+00:00,https://www.facebook.com/100064560977290/posts/6124054071047970/?app=fbl,this is the right move,5,mwape banda sure answered now,False,0.3182,positive,0.3182,0.365,0.635,0.0,positive,0.3182,positive,False,0.0,,5,0,0.0,0.0,0.0,0.0,0.0,0.0,0.0,False,0,no_energy_or_zesco_terms,
1356117571869792,This is the right move...,2026-05-04T13:54:42.211595+00:00,https://www.facebook.com/100064560977290/posts/6124054071047970/?app=fbl,this is the right move,5,d jin marshal experienced brainer,False,0.0,neutral,0.0,0.0,1.0,0.0,neutral,0.0,neutral,False,0.0,,5,2,0.0,0.0,0.0,0.4,0.0,0.0,0.0,False,0,no_energy_or_zesco_terms,
1356117571869792,This is the right move...,2026-05-04T13:54:42.211595+00:00,https://www.facebook.com/100064560977290/posts/6124054071047970/?app=fbl,this is the right move,5,better than before doubt,False,0.1027,positive,0.1027,0.392,0.27,0.338,positive,0.1027,positive,False,0.0,,4,1,0.0,0.0,0.25,0.25,0.25,0.0,0.125,False,0,no_energy_or_zesco_terms,
717133766425327,Direction is zigizigizag. Not clear. Very inconsistent. 😴😴,2026-05-04T13:54:42.211791+00:00,https://www.facebook.com/100064560977290/posts/6124054071047970/?app=fbl,direction is zigizigizag not clear very inconsistent 😴😴,7,direction zigizigizag clear very inconsistent,False,0.3818,positive,0.3818,0.394,0.606,0.0,positive,0.3818,positive,False,0.0,,5,0,0.0,0.0,0.0,0.0,0.0,0.0,0.0,False,0,no_energy_or_zesco_terms,
1481001045743276,"I have taken a screenshot,,,to hold it has proof Incas u go against ur word,.....🤣🤣🤣",2026-05-04T13:54:42.211794+00:00,https://www.facebook.com/100064560977290/posts/6124054071047970/?app=fbl,i have taken a screenshot to hold it has proof incas u go against ur word 🤣🤣🤣,16,taken screenshot hold proof incas u go against ur word,False,0.0,neutral,0.0,0.0,1.0,0.0,neutral,0.0,neutral,False,0.0,,10,2,0.0,0.0,0.0,0.2,0.0,0.0,0.0,False,0,no_energy_or_zesco_terms,
1218991585697288,This is better... Kuno yabwelele 11 something yachiya 05,2026-05-04T13:54:42.211798+00:00,https://www.facebook.com/100064560977290/posts/6124054071047970/?app=fbl,this is better kuno yabwelele 11 something yachiya 05,9,better kuno yabwelele 11 something yachiya 05,False,0.4404,positive,0.4404,0.326,0.674,0.0,positive,0.4404,positive,False,0.0,,7,0,0.0,0.0,0.0,0.0,0.0,0.0,0.0,False,0,no_energy_or_zesco_terms,
842607610163169,You should reduce further at least 3 hours,2026-05-04T13:54:42.211885+00:00,https://www.facebook.com/100064560977290/posts/6124054071047970/?app=fbl,you should reduce further at least 3 hours,8,should reduce further least 3 hours,False,0.0,neutral,0.0,0.0,1.0,0.0,neutral,0.0,neutral,False,0.0,,6,0,0.0,0.0,0.0,0.0,0.0,0.0,0.0,False,1,no_energy_or_zesco_terms,hours
529585439141995,"Priority is very important. 
As a parent you can't feed others well your own children are starving. . . Think of it if it's making sense. 🤔 Some rules and regulations are supposed to be reviewed, revisited and revised. To favor our country first. 🚶✌️",2026-05-04T13:54:42.211894+00:00,https://www.facebook.com/100064560977290/posts/6124054071047970/?app=fbl,priority is very important as a parent you can t feed others well your own children are starving think of it if it s making sense 🤔 some rules and regulations are supposed to be reviewed revisited and revised to favor our country first 🚶✌️,43,priority very important parent t feed others well own children starving think s making sense rules regulations supposed reviewed revisited revised favor country first,False,0.4754,positive,0.4754,0.249,0.65,0.101,positive,0.4754,positive,False,0.0,,24,3,0.0,0.0,0.0,0.0416666666666666,0.0,0.0,0.0,False,0,no_energy_or_zesco_terms,
1619844888456733,Kikikikikik 😂😂😂 uku ndiye kusila manje. Staggering 12hrs into 6 hr period. Apa peve work done is equal to zero.,2026-05-04T13:54:42.211899+00:00,https://www.facebook.com/100064560977290/posts/6124054071047970/?app=fbl,kikikikikik 😂😂😂 uku ndiye kusila manje staggering 12hrs into 6 hr period apa peve work done is equal to zero,19,kikikikikik uku ndiye kusila manje staggering 12hrs into 6 hr period apa peve work done equal zero,False,0.0,neutral,-0.3,0.0,1.0,0.0,negative,-0.3,negative,True,-0.3,manje,17,1,0.0,0.0,0.0,0.0,0.0,0.0,0.0,False,0,no_energy_or_zesco_terms,
689072199387114,We knew already don't so called bally this is zambia wait...👌,2026-05-04T13:54:42.211933+00:00,https://www.facebook.com/100064560977290/posts/6124054071047970/?app=fbl,we knew already don t so called bally this is zambia wait 👌,12,knew already don t called bally zambia wait,False,0.0,neutral,0.0,0.0,1.0,0.0,neutral,0.0,neutral,False,0.0,,8,2,0.0,0.125,0.0,0.125,0.0,0.125,0.0,False,0,no_energy_or_zesco_terms,
1146553176036377,So this is the result of the meeting 😂😂😂,2026-05-04T13:54:42.211943+00:00,https://www.facebook.com/100064560977290/posts/6124054071047970/?app=fbl,so this is the result of the meeting 😂😂😂,8,result meeting,False,0.0,neutral,0.0,0.0,1.0,0.0,neutral,0.0,neutral,False,0.0,,2,1,0.0,0.5,0.0,0.0,0.0,0.5,0.0,False,0,no_energy_or_zesco_terms,
1128616484489374,Hopefully they maintain the 6hours,2026-05-04T13:54:42.211959+00:00,https://www.facebook.com/100064560977290/posts/6124054071047970/?app=fbl,hopefully they maintain the 6hours,5,hopefully maintain 6hours,False,0.4019,positive,0.4019,0.574,0.426,0.0,positive,0.4019,positive,False,0.0,,3,0,0.0,0.0,0.0,0.0,0.0,0.0,0.0,False,0,no_energy_or_zesco_terms,
6413669045319490,"This is taking the people of Zambia for granted, UNIP,MMD and PF were voted out and now UPND could only be a one term government. UNIP-27 yrs, MMD -20 yrs, PF -10 yrs. I end here",2026-05-04T13:54:42.211967+00:00,https://www.facebook.com/100064560977290/posts/6124054071047970/?app=fbl,this is taking the people of zambia for granted unip mmd and pf were voted out and now upnd could only be a one term government unip 27 yrs mmd 20 yrs pf 10 yrs i end here,38,taking people zambia granted unip mmd pf voted now upnd could only term government unip 27 yrs mmd 20 yrs pf 10 yrs end,False,0.25,positive,0.25,0.08,0.92,0.0,positive,0.25,positive,False,0.0,,24,2,0.0,0.0,0.0416666666666666,0.0,0.0,0.0,0.0,False,0,no_energy_or_zesco_terms,
1266676700937267,Now this is load management,2026-05-04T13:54:42.212024+00:00,https://www.facebook.com/100064560977290/posts/6124054071047970/?app=fbl,now this is load management,5,now load management,False,0.0,neutral,0.0,0.0,1.0,0.0,neutral,0.0,neutral,False,0.0,,3,1,0.0,0.0,0.0,0.3333333333333333,0.0,0.0,0.0,False,0,no_energy_or_zesco_terms,
867710671317165,Still this doesn't change the fact that PF was a worst political party that ruled this country's history,2026-05-04T13:54:42.212028+00:00,https://www.facebook.com/100064560977290/posts/6124054071047970/?app=fbl,still this doesn t change the fact that pf was a worst political party that ruled this country s history,20,still doesn t change fact pf worst political party ruled country s history,False,-0.34,negative,-0.34,0.171,0.57,0.259,negative,-0.34,negative,False,0.0,,13,2,0.0,0.0,0.0769230769230769,0.0769230769230769,0.0,0.0,0.0,False,0,no_energy_or_zesco_terms,
546017217547310,"Talking is easier done when are not in control, tiyeni nayo selelo mwenze ku bwatuka bwatuka, fix it we see. 
Hope you're learning a lesson, you know yourselves",2026-05-04T13:54:42.212036+00:00,https://www.facebook.com/100064560977290/posts/6124054071047970/?app=fbl,talking is easier done when are not in control tiyeni nayo selelo mwenze ku bwatuka bwatuka fix it we see hope you re learning a lesson you know yourselves,29,talking easier done control tiyeni nayo selelo mwenze ku bwatuka bwatuka fix see hope re learning lesson know yourselves,False,0.6908,positive,0.6908,0.251,0.749,0.0,positive,0.6908,positive,False,0.0,,19,3,0.0,0.1052631578947368,0.0,0.1052631578947368,0.0,0.1052631578947368,0.0,False,0,no_energy_or_zesco_terms,
1810122456027775,Are they also going to be adjusting like fuel every month? We just have to be ready with everything nowadays maa,2026-05-04T13:54:42.212043+00:00,https://www.facebook.com/100064560977290/posts/6124054071047970/?app=fbl,are they also going to be adjusting like fuel every month we just have to be ready with everything nowadays maa,21,also going adjusting like fuel every month just ready everything nowadays maa,False,0.6124,positive,0.6124,0.333,0.667,0.0,positive,0.6124,positive,False,0.0,,12,1,0.0,0.0833333333333333,0.0,0.0,0.0,0.0833333333333333,0.0,False,0,no_energy_or_zesco_terms,
867710671317165,Still this doesn't change the fact that PF was a worst political party that ruled this country's history,2026-05-04T13:54:42.212028+00:00,https://www.facebook.com/100064560977290/posts/6124054071047970/?app=fbl,still this doesn t change the fact that pf was a worst political party that ruled this country s history,20,charles mpande bu cader won t put food ur table sir learn realistic accept things bad,False,0.4215,positive,0.4215,0.289,0.55,0.161,positive,0.4215,positive,False,0.0,,16,4,0.0625,0.0,0.0625,0.125,0.0625,0.0,0.0625,False,0,no_energy_or_zesco_terms,
739499391127080,"And all that water been worsted at Victoria falls , I thought Bally was a hero 🙄🙄🙄🙄 Superman for that matter , the confidence in his speaking made adade look idiotic. Government workers are at a safe side naka salary increment but the prevent sectors production is affected due to loadshading and the self employed won't have coin at the end of the day and yet government workers will have theirs fully . Not good at all our eyes are seeing and people don't forget ka.",2026-05-04T13:54:42.212106+00:00,https://www.facebook.com/100064560977290/posts/6124054071047970/?app=fbl,and all that water been worsted at victoria falls i thought bally was a hero 🙄🙄🙄🙄 superman for that matter the confidence in his speaking made adade look idiotic government workers are at a safe side naka salary increment but the prevent sectors production is affected due to loadshading and the self employed won t have coin at the end of the day and yet government workers will have theirs fully not good at all our eyes are seeing and people don t forget ka,84,water worsted victoria falls thought bally hero superman matter confidence speaking made adade look idiotic government workers safe side naka salary increment prevent sectors production affected due loadshading self employed won t coin end day yet government workers theirs fully good eyes seeing people don t forget ka,False,0.8955,positive,0.8955,0.305,0.581,0.115,positive,0.8955,positive,False,0.0,,48,15,0.0208333333333333,0.1041666666666666,0.0833333333333333,0.1666666666666666,0.0,0.1041666666666666,0.0104166666666666,False,0,no_energy_or_zesco_terms,
5803857333037143,There supposed to include areas also,2026-05-04T13:54:42.212116+00:00,https://www.facebook.com/100064560977290/posts/6124054071047970/?app=fbl,there supposed to include areas also,6,supposed include areas also,False,0.0,neutral,0.0,0.0,1.0,0.0,neutral,0.0,neutral,False,0.0,,4,1,0.0,0.0,0.0,0.0,0.0,0.0,0.0,False,0,no_energy_or_zesco_terms,
565242785161269,Am wondering people still complaining bitterly even if the relief has been given instead of demanding more relief,2026-05-04T13:54:42.212139+00:00,https://www.facebook.com/100064560977290/posts/6124054071047970/?app=fbl,am wondering people still complaining bitterly even if the relief has been given instead of demanding more relief,18,wondering people still complaining bitterly even relief given instead demanding relief,False,0.128,positive,0.128,0.328,0.317,0.354,positive,0.128,positive,False,0.0,,11,4,0.0909090909090909,0.0,0.0,0.0,0.0909090909090909,0.0,0.0909090909090909,False,0,no_energy_or_zesco_terms,
5708382099228789,Never trust a document without a signature.  No accountability.,2026-05-04T13:54:42.212258+00:00,https://www.facebook.com/100064560977290/posts/6124054071047970/?app=fbl,never trust a document without a signature no accountability,9,never trust document without signature accountability,False,-0.4023,negative,-0.4023,0.0,0.649,0.351,negative,-0.4023,negative,False,0.0,,6,3,0.0,0.0,0.0,0.5,0.0,0.0,0.0,False,0,no_energy_or_zesco_terms,
733709384648942,Exactly what the VP meant when she said we're increasing in order to reduce them.,2026-05-04T13:54:42.212281+00:00,https://www.facebook.com/100064560977290/posts/6124054071047970/?app=fbl,exactly what the vp meant when she said we re increasing in order to reduce them,16,exactly vp meant said re increasing order reduce,False,0.0,neutral,0.0,0.0,1.0,0.0,neutral,0.0,neutral,False,0.0,,8,0,0.0,0.0,0.0,0.0,0.0,0.0,0.0,False,1,no_energy_or_zesco_terms,said
1237943817078450,"Nothing to be happy about, we still stand at 12 hours of loadsheading so work done is equal to zero.",2026-05-04T13:54:42.212285+00:00,https://www.facebook.com/100064560977290/posts/6124054071047970/?app=fbl,nothing to be happy about we still stand at 12 hours of loadsheading so work done is equal to zero,20,nothing happy still stand 12 hours loadsheading work done equal zero,False,-0.4585,negative,-0.4585,0.0,0.769,0.231,negative,-0.4585,negative,False,0.0,,11,1,0.0,0.0909090909090909,0.0,0.0909090909090909,0.0,0.0909090909090909,0.0,False,1,no_energy_or_zesco_terms,hours
503871295207390,"Kwati fyamano
You have been in existence for more than 60 years and experience first hand of climate change of the years. How come you get large chunks of salaries where a guard gets upto an average of K20pin as monthly net salary, yet you fail to diversify and expand the in accordance with the population? Kwateniko amano.",2026-05-04T13:54:42.212289+00:00,https://www.facebook.com/100064560977290/posts/6124054071047970/?app=fbl,kwati fyamano you have been in existence for more than 60 years and experience first hand of climate change of the years how come you get large chunks of salaries where a guard gets upto an average of k20pin as monthly net salary yet you fail to diversify and expand the in accordance with the population kwateniko amano,58,kwati fyamano existence than 60 years experience first hand climate change years how come get large chunks salaries guard gets upto average k20pin monthly net salary yet fail diversify expand accordance population kwateniko amano,False,0.25,positive,0.25,0.138,0.775,0.087,positive,0.25,positive,False,0.0,,34,5,0.0,0.0294117647058823,0.0588235294117647,0.0588235294117647,0.0,0.0294117647058823,0.0,False,1,no_energy_or_zesco_terms,come
424740966462494,"The idea is okay,the problem is implementation. That 6 hours is still 12hrs!",2026-05-04T13:54:42.212293+00:00,https://www.facebook.com/100064560977290/posts/6124054071047970/?app=fbl,the idea is okay the problem is implementation that 6 hours is still 12hrs,14,idea okay problem implementation 6 hours still 12hrs,True,-0.2023,negative,-0.2023,0.198,0.521,0.281,negative,-0.2023,negative,False,0.0,,8,1,0.0,0.0,0.125,0.0,0.125,0.0,0.0625,False,1,no_energy_or_zesco_terms,hours
2295622980609739,It had to take the head of state to reason with you🤔.,2026-05-04T13:54:42.212365+00:00,https://www.facebook.com/100064560977290/posts/6124054071047970/?app=fbl,it had to take the head of state to reason with you🤔,12,take head state reason,False,0.0,neutral,0.0,0.0,1.0,0.0,neutral,0.0,neutral,False,0.0,,4,1,0.0,0.0,0.0,0.0,0.0,0.0,0.0,False,0,no_energy_or_zesco_terms,
748433546894335,"I feel for the pipo in the the compounds who own butcheries, salons barbershops how do they survive lord..",2026-05-04T13:54:42.212391+00:00,https://www.facebook.com/100064560977290/posts/6124054071047970/?app=fbl,i feel for the pipo in the the compounds who own butcheries salons barbershops how do they survive lord,19,feel pipo compounds own butcheries salons barbershops how survive lord,False,0.0,neutral,0.0,0.0,1.0,0.0,neutral,0.0,neutral,False,0.0,,10,2,0.0,0.0,0.0,0.1,0.0,0.0,0.0,False,0,no_energy_or_zesco_terms,
879084503133919,Gud one our president a leader should always show concern when there people are in a crisis.and you showed that you care even when it's difficulty I don't regret my vote on you.,2026-05-04T13:54:42.212394+00:00,https://www.facebook.com/100064560977290/posts/6124054071047970/?app=fbl,gud one our president a leader should always show concern when there people are in a crisis and you showed that you care even when it s difficulty i don t regret my vote on you,36,gud president leader should always show concern people crisis showed care even s difficulty don t regret vote,False,-0.7269,negative,-0.7269,0.131,0.49,0.38,negative,-0.7269,negative,False,0.0,,18,8,0.1111111111111111,0.0555555555555555,0.0555555555555555,0.2777777777777778,0.1666666666666666,0.0555555555555555,0.1388888888888889,False,0,no_energy_or_zesco_terms,
1579413999173713,This is not a new problem.i didn't point Pf and am not going to point UPND for it.African leaders should think outside the box,2026-05-04T13:54:42.212435+00:00,https://www.facebook.com/100064560977290/posts/6124054071047970/?app=fbl,this is not a new problem i didn t point pf and am not going to point upnd for it african leaders should think outside the box,27,new problem didn t point pf going point upnd african leaders should think outside box,False,-0.4019,negative,-0.4019,0.0,0.828,0.172,negative,-0.4019,negative,False,0.0,,15,1,0.0,0.0,0.0666666666666666,0.0,0.0666666666666666,0.0,0.0333333333333333,False,0,no_energy_or_zesco_terms,
5825080234266811,Good move. 12 hours straight was too much. Its going to be easy to plan for it.,2026-05-04T13:54:42.212442+00:00,https://www.facebook.com/100064560977290/posts/6124054071047970/?app=fbl,good move 12 hours straight was too much its going to be easy to plan for it,17,good move 12 hours straight too much going easy plan,False,0.7717,positive,0.7717,0.524,0.476,0.0,positive,0.7717,positive,False,0.0,,10,2,0.0,0.2,0.0,0.1,0.0,0.2,0.0,False,1,no_energy_or_zesco_terms,hours
1371532063594197,"This isn't my problem , my problem is that maliati  kwatu yayenda 2days😥",2026-05-04T13:54:42.212450+00:00,https://www.facebook.com/100064560977290/posts/6124054071047970/?app=fbl,this isn t my problem my problem is that maliati kwatu yayenda 2days😥,13,isn t problem problem maliati kwatu yayenda 2days,False,-0.6597,negative,-0.6597,0.0,0.481,0.519,negative,-0.6597,negative,False,0.0,,8,2,0.0,0.0,0.25,0.0,0.25,0.0,0.125,False,0,no_energy_or_zesco_terms,
1133431977339120,"This isn't still good a minimum of 6  hours so it can even be 12 hours or more, 6 hours should be the maximum.Rephrase your statement.",2026-05-04T13:54:42.212456+00:00,https://www.facebook.com/100064560977290/posts/6124054071047970/?app=fbl,this isn t still good a minimum of 6 hours so it can even be 12 hours or more 6 hours should be the maximum rephrase your statement,28,isn t still good minimum 6 hours even 12 hours 6 hours should maximum rephrase statement,False,0.4404,positive,0.4404,0.195,0.805,0.0,positive,0.4404,positive,False,0.0,,16,4,0.0,0.0625,0.0,0.125,0.0,0.0625,0.0,False,1,no_energy_or_zesco_terms,hours
3024817774331054,Work done equals to zero,2026-05-04T13:54:42.212468+00:00,https://www.facebook.com/100064560977290/posts/6124054071047970/?app=fbl,work done equals to zero,5,work done equals zero,False,0.0,neutral,0.0,0.0,1.0,0.0,neutral,0.0,neutral,False,0.0,,4,0,0.0,0.0,0.0,0.0,0.0,0.0,0.0,False,0,no_energy_or_zesco_terms,
1371532063594197,"This isn't my problem , my problem is that maliati  kwatu yayenda 2days😥",2026-05-04T13:54:42.212450+00:00,https://www.facebook.com/100064560977290/posts/6124054071047970/?app=fbl,this isn t my problem my problem is that maliati kwatu yayenda 2days😥,13,haddasa esther too bad bally fixing us sure,False,-0.296,negative,-0.296,0.195,0.508,0.297,negative,-0.296,negative,False,0.0,,8,1,0.125,0.0,0.125,0.0,0.125,0.0,0.125,False,0,no_energy_or_zesco_terms,
1371532063594197,"This isn't my problem , my problem is that maliati  kwatu yayenda 2days😥",2026-05-04T13:54:42.212450+00:00,https://www.facebook.com/100064560977290/posts/6124054071047970/?app=fbl,this isn t my problem my problem is that maliati kwatu yayenda 2days😥,13,aaron abdul ala mwandi,False,0.0,neutral,0.0,0.0,1.0,0.0,neutral,0.0,neutral,False,0.0,,4,0,0.0,0.0,0.0,0.0,0.0,0.0,0.0,False,0,no_energy_or_zesco_terms,
504093228477605,All those who want to go back to Edgar pf regime you can go ahead us we will remain with the current one,2026-05-04T13:54:42.212479+00:00,https://www.facebook.com/100064560977290/posts/6124054071047970/?app=fbl,all those who want to go back to edgar pf regime you can go ahead us we will remain with the current one,23,those want go back edgar pf regime go ahead us remain current,False,0.0772,positive,0.0772,0.106,0.894,0.0,positive,0.0772,positive,False,0.0,,12,1,0.0,0.0,0.0,0.0,0.0,0.0,0.0,False,0,no_energy_or_zesco_terms,
1231153124161242,Mmmmm finally something sensible now let’s wait for them to follow.at least we know he felt the pressure from the people,2026-05-04T13:54:42.212483+00:00,https://www.facebook.com/100064560977290/posts/6124054071047970/?app=fbl,mmmmm finally something sensible now let’s wait for them to follow at least we know he felt the pressure from the people,23,mmmmm finally something sensible now let s wait follow least know felt pressure people,False,-0.296,negative,-0.296,0.0,0.845,0.155,negative,-0.296,negative,False,0.0,,14,3,0.0,0.1428571428571428,0.0,0.0714285714285714,0.0,0.1428571428571428,0.0,False,0,no_energy_or_zesco_terms,
707838147519713,"Even the 6 hours is not working here in Lusaka west, mungwi Rd",2026-05-04T13:54:42.212487+00:00,https://www.facebook.com/100064560977290/posts/6124054071047970/?app=fbl,even the 6 hours is not working here in lusaka west mungwi rd,13,even 6 hours working lusaka west mungwi rd,False,0.0,neutral,0.0,0.0,1.0,0.0,neutral,0.0,neutral,False,0.0,,8,1,0.0,0.0,0.0,0.0,0.0,0.0,0.0,False,1,no_energy_or_zesco_terms,hours
565876345064568,This is a good solution but can you find a better solution that will help everyone to benefit,2026-05-04T13:54:42.212491+00:00,https://www.facebook.com/100064560977290/posts/6124054071047970/?app=fbl,this is a good solution but can you find a better solution that will help everyone to benefit,18,good solution find better solution help everyone benefit,False,0.9337,positive,0.9337,0.89,0.11,0.0,positive,0.9337,positive,False,0.0,,8,4,0.0,0.125,0.0,0.125,0.0,0.125,0.0,False,0,no_energy_or_zesco_terms,
2007698236101483,"So Tha 12 Hours Thing Wasn't Necessary. If They Can Reduce It To 6 Hours, They Can Reduce It Further 🌏 Change",2026-05-04T13:54:42.212495+00:00,https://www.facebook.com/100064560977290/posts/6124054071047970/?app=fbl,so tha 12 hours thing wasn t necessary if they can reduce it to 6 hours they can reduce it further 🌏 change,22,tha 12 hours thing wasn t necessary reduce 6 hours reduce further change,False,0.0,neutral,0.0,0.0,1.0,0.0,neutral,0.0,neutral,False,0.0,,13,1,0.0,0.0,0.0769230769230769,0.0,0.0,0.0,0.0,False,1,no_energy_or_zesco_terms,hours
548221307215796,I DON'T UNDER STAND,2026-05-04T13:54:42.212498+00:00,https://www.facebook.com/100064560977290/posts/6124054071047970/?app=fbl,i don t under stand,5,don t under stand,False,0.0,neutral,0.0,0.0,1.0,0.0,neutral,0.0,neutral,False,0.0,,4,1,0.0,0.0,0.0,0.25,0.0,0.0,0.0,False,0,no_energy_or_zesco_terms,
577374840868329,Tell them to also loadshed the areas where they live! Not to only sacrifise areas for those they think are noentities,2026-05-04T13:54:42.212524+00:00,https://www.facebook.com/100064560977290/posts/6124054071047970/?app=fbl,tell them to also loadshed the areas where they live not to only sacrifise areas for those they think are noentities,21,tell also loadshed areas live only sacrifise areas those think noentities,False,0.0,neutral,0.0,0.0,1.0,0.0,neutral,0.0,neutral,False,0.0,,11,0,0.0,0.0,0.0,0.0,0.0,0.0,0.0,False,0,no_energy_or_zesco_terms,
570312851622825,Bally will fix it I will never forget 😳😳🤫,2026-05-04T13:54:42.212532+00:00,https://www.facebook.com/100064560977290/posts/6124054071047970/?app=fbl,bally will fix it i will never forget 😳😳🤫,8,bally fix never forget,False,0.1695,positive,0.1695,0.357,0.643,0.0,positive,0.1695,positive,False,0.0,,4,1,0.0,0.0,0.0,0.0,0.0,0.0,0.0,False,0,no_energy_or_zesco_terms,
894187858248789,"It  still remains the same,  doesn't even make any sense",2026-05-04T13:54:42.212551+00:00,https://www.facebook.com/100064560977290/posts/6124054071047970/?app=fbl,it still remains the same doesn t even make any sense,11,still remains same doesn t even make sense,False,0.0,neutral,0.0,0.0,1.0,0.0,neutral,0.0,neutral,False,0.0,,8,2,0.0,0.0,0.125,0.125,0.0,0.0,0.0,False,0,no_energy_or_zesco_terms,
577374840868329,Tell them to also loadshed the areas where they live! Not to only sacrifise areas for those they think are noentities,2026-05-04T13:54:42.212524+00:00,https://www.facebook.com/100064560977290/posts/6124054071047970/?app=fbl,tell them to also loadshed the areas where they live not to only sacrifise areas for those they think are noentities,21,chizapu simatimbe mmmmmm yebo musololi,False,0.0,neutral,0.0,0.0,1.0,0.0,neutral,0.0,neutral,False,0.0,,5,0,0.0,0.0,0.0,0.0,0.0,0.0,0.0,False,0,no_energy_or_zesco_terms,
8901794233171641,Guys stop complaining this is what you wanted.he will fix it . sorry just passing,2026-05-04T13:54:42.212576+00:00,https://www.facebook.com/100064560977290/posts/6124054071047970/?app=fbl,guys stop complaining this is what you wanted he will fix it sorry just passing,15,guys stop complaining wanted fix sorry just passing,False,-0.5106,negative,-0.5106,0.0,0.485,0.515,negative,-0.5106,negative,False,0.0,,8,0,0.0,0.0,0.0,0.0,0.0,0.0,0.0,False,0,no_energy_or_zesco_terms,
1342606413164315,A listening president...this is progressive  whilst we wait for a permanent solution.,2026-05-04T13:54:42.212586+00:00,https://www.facebook.com/100064560977290/posts/6124054071047970/?app=fbl,a listening president this is progressive whilst we wait for a permanent solution,13,listening president progressive whilst wait permanent solution,False,0.3182,positive,0.3182,0.277,0.723,0.0,positive,0.3182,positive,False,0.0,,7,4,0.0,0.1428571428571428,0.0,0.1428571428571428,0.0,0.1428571428571428,0.0,False,0,no_energy_or_zesco_terms,
534155958660120,Do we even have an option just do it as you please you're the one's driving us,2026-05-04T13:54:42.212590+00:00,https://www.facebook.com/100064560977290/posts/6124054071047970/?app=fbl,do we even have an option just do it as you please you re the one s driving us,19,even option just please re s driving us,False,0.3182,positive,0.3182,0.277,0.723,0.0,positive,0.3182,positive,False,0.0,,8,1,0.0,0.0,0.0,0.0,0.0,0.0,0.0,False,0,no_energy_or_zesco_terms,
1538782876633468,Ok but this more disturbing and retrogressive you can't do anything which makes sense. You could have just let the 12 hours be. You even call it load management what are managing being loadsheded twice and you call it managing  you have killed is😭😭😭😭,2026-05-04T13:54:42.212594+00:00,https://www.facebook.com/100064560977290/posts/6124054071047970/?app=fbl,ok but this more disturbing and retrogressive you can t do anything which makes sense you could have just let the 12 hours be you even call it load management what are managing being loadsheded twice and you call it managing you have killed is😭😭😭😭,45,ok disturbing retrogressive t anything makes sense could just let 12 hours even call load management managing being loadsheded twice call managing killed,False,-0.765,negative,-0.765,0.076,0.655,0.269,negative,-0.765,negative,False,0.0,,23,2,0.0,0.0,0.0,0.0434782608695652,0.0,0.0,0.0,False,1,no_energy_or_zesco_terms,hours
511570027736052,Ni fuel just that this one will be done weekly 😂😂,2026-05-04T13:54:42.212598+00:00,https://www.facebook.com/100064560977290/posts/6124054071047970/?app=fbl,ni fuel just that this one will be done weekly 😂😂,10,ni fuel just done weekly,False,0.0,neutral,0.0,0.0,1.0,0.0,neutral,0.0,neutral,False,0.0,,5,0,0.0,0.0,0.0,0.0,0.0,0.0,0.0,False,0,no_energy_or_zesco_terms,
842848230280313,Let me just sleep. This doesn't change the fact that it's still 12hrs.,2026-05-04T13:54:42.212605+00:00,https://www.facebook.com/100064560977290/posts/6124054071047970/?app=fbl,let me just sleep this doesn t change the fact that it s still 12hrs,15,let just sleep doesn t change fact s still 12hrs,False,0.0,neutral,0.0,0.0,1.0,0.0,neutral,0.0,neutral,False,0.0,,10,2,0.0,0.0,0.1,0.1,0.0,0.0,0.0,False,0,no_energy_or_zesco_terms,
867921861203052,The pressure is getting worser 😂😂😂,2026-05-04T13:54:42.212609+00:00,https://www.facebook.com/100064560977290/posts/6124054071047970/?app=fbl,the pressure is getting worser 😂😂😂,5,pressure getting worser,False,-0.6369,negative,-0.6369,0.0,0.161,0.839,negative,-0.6369,negative,False,0.0,,3,1,0.0,0.0,0.0,0.0,0.0,0.0,0.0,False,0,no_energy_or_zesco_terms,
466910658989722,So manzi yamasila mu rain 🌧️ season chee. fund a lasting solution please 🥺,2026-05-04T13:54:42.212621+00:00,https://www.facebook.com/100064560977290/posts/6124054071047970/?app=fbl,so manzi yamasila mu rain 🌧️ season chee fund a lasting solution please 🥺,12,manzi yamasila mu rain season chee fund lasting solution please,False,0.5574,positive,0.5574,0.365,0.635,0.0,positive,0.5574,positive,False,0.0,,10,1,0.0,0.0,0.0,0.0,0.0,0.0,0.0,False,0,no_energy_or_zesco_terms,
852272325996896,Lol well this is a big help 😂😂,2026-05-04T13:54:42.212629+00:00,https://www.facebook.com/100064560977290/posts/6124054071047970/?app=fbl,lol well this is a big help 😂😂,7,lol well big help,False,0.765,positive,0.765,0.884,0.116,0.0,positive,0.765,positive,False,0.0,,4,0,0.0,0.0,0.0,0.0,0.0,0.0,0.0,False,0,no_energy_or_zesco_terms,
1298576814266650,Not making any sense..they are making schedules which they fail to follow …we’ve always been load shedded more than 12 hours daily!!!,2026-05-04T13:54:42.212635+00:00,https://www.facebook.com/100064560977290/posts/6124054071047970/?app=fbl,not making any sense they are making schedules which they fail to follow …we’ve always been load shedded more than 12 hours daily,24,making sense making schedules fail follow ve always load shedded than 12 hours daily,False,-0.5423,negative,-0.5423,0.0,0.788,0.212,negative,-0.5423,negative,False,0.0,,14,2,0.0,0.0714285714285714,0.0,0.0,0.0,0.0714285714285714,0.0,False,1,no_energy_or_zesco_terms,hours
915708749422175,Great. It's better than 12 hours straight.,2026-05-04T13:54:42.212639+00:00,https://www.facebook.com/100064560977290/posts/6124054071047970/?app=fbl,great it s better than 12 hours straight,8,great s better than 12 hours straight,False,0.836,positive,0.836,0.748,0.252,0.0,positive,0.836,positive,False,0.0,,7,0,0.0,0.0,0.0,0.0,0.0,0.0,0.0,False,1,no_energy_or_zesco_terms,hours
5832684493491852,Just switch off all the machines ..,2026-05-04T13:54:42.212642+00:00,https://www.facebook.com/100064560977290/posts/6124054071047970/?app=fbl,just switch off all the machines,6,just switch off machines,False,0.0,neutral,0.0,0.0,1.0,0.0,neutral,0.0,neutral,False,0.0,,4,0,0.0,0.0,0.0,0.0,0.0,0.0,0.0,False,2,no_energy_or_zesco_terms,"off,switch"
1126291694701077,2x 6 = 12 ? Unless it’s a different education to the rest of us,2026-05-04T13:54:42.212646+00:00,https://www.facebook.com/100064560977290/posts/6124054071047970/?app=fbl,2x 6 12 unless it’s a different education to the rest of us,14,2x 6 12 unless s different education rest us,False,0.0,neutral,0.0,0.0,1.0,0.0,neutral,0.0,neutral,False,0.0,,9,1,0.0,0.0,0.0,0.0,0.0,0.0,0.0,False,0,no_energy_or_zesco_terms,
1174704796512339,Iyee kwaba na break time nomba.,2026-05-04T13:54:42.212650+00:00,https://www.facebook.com/100064560977290/posts/6124054071047970/?app=fbl,iyee kwaba na break time nomba,6,iyee kwaba na break time nomba,False,0.0,neutral,0.0,0.0,1.0,0.0,neutral,0.0,neutral,False,0.0,,6,2,0.0,0.1666666666666666,0.0,0.0,0.0,0.1666666666666666,0.0,False,0,no_energy_or_zesco_terms,
878212423369353,Such schedule does not apply in my area so stop playing around with people's feelings,2026-05-04T13:54:42.212654+00:00,https://www.facebook.com/100064560977290/posts/6124054071047970/?app=fbl,such schedule does not apply in my area so stop playing around with people s feelings,16,such schedule apply area stop playing around people s feelings,False,-0.1027,negative,-0.1027,0.164,0.636,0.2,negative,-0.1027,negative,False,0.0,,10,0,0.0,0.0,0.0,0.0,0.0,0.0,0.0,False,1,no_energy_or_zesco_terms,schedule
511570027736052,Ni fuel just that this one will be done weekly 😂😂,2026-05-04T13:54:42.212598+00:00,https://www.facebook.com/100064560977290/posts/6124054071047970/?app=fbl,ni fuel just that this one will be done weekly 😂😂,10,mwèzïmûpyá g mùlwâñdà muntu wanga ine attacked oooh careful,False,-0.34,negative,-0.34,0.151,0.566,0.283,negative,-0.34,negative,False,0.0,,9,1,0.0,0.0,0.0,0.0,0.0,0.0,0.0,False,0,no_energy_or_zesco_terms,
1126291694701077,2x 6 = 12 ? Unless it’s a different education to the rest of us,2026-05-04T13:54:42.212646+00:00,https://www.facebook.com/100064560977290/posts/6124054071047970/?app=fbl,2x 6 12 unless it’s a different education to the rest of us,14,karin louise neethling monge least split gives us couple decent hours during day recharge batteries run fridge,False,0.0,neutral,0.0,0.0,1.0,0.0,neutral,0.0,neutral,False,0.0,,17,2,0.0,0.0,0.0,0.0,0.0,0.0,0.0,False,1,no_energy_or_zesco_terms,hours
3221256778091552,Splitting....so we gonna be in darkness twice a day?... Mayo let me even charge my phone,2026-05-04T13:54:42.212734+00:00,https://www.facebook.com/100064560977290/posts/6124054071047970/?app=fbl,splitting so we gonna be in darkness twice a day mayo let me even charge my phone,17,splitting gonna darkness twice day mayo let even charge phone,False,-0.25,negative,-0.25,0.0,0.818,0.182,negative,-0.25,negative,False,0.0,,10,2,0.1,0.0,0.1,0.0,0.2,0.0,0.15,False,1,no_energy_or_zesco_terms,charge
1334967317338464,For 17_23 awe it's a no for me.so that it can be easy for thieves to break in elo it's a rain 🌧️ season...,2026-05-04T13:54:42.212749+00:00,https://www.facebook.com/100064560977290/posts/6124054071047970/?app=fbl,for 17 23 awe it s a no for me so that it can be easy for thieves to break in elo it s a rain 🌧️ season,27,17 23 awe s easy thieves break elo s rain season,False,-0.1027,negative,-0.8027,0.22,0.53,0.25,negative,-0.8027,negative,True,-0.7,awe,11,1,0.0,0.0,0.0,0.0,0.0,0.0,0.0,False,0,no_energy_or_zesco_terms,
437263488525332,It won't matter in Heaven...,2026-05-04T13:54:42.212753+00:00,https://www.facebook.com/100064560977290/posts/6124054071047970/?app=fbl,it won t matter in heaven,6,won t matter heaven,False,0.7964,positive,0.7964,1.0,0.0,0.0,positive,0.7964,positive,False,0.0,,4,0,0.0,0.0,0.0,0.0,0.0,0.0,0.0,False,0,no_energy_or_zesco_terms,
1353668848789272,"Okay! Things getting better by the day, but hoping for the best!",2026-05-04T13:54:42.212757+00:00,https://www.facebook.com/100064560977290/posts/6124054071047970/?app=fbl,okay things getting better by the day but hoping for the best,12,okay things getting better day hoping best,False,0.8957,positive,0.8957,0.797,0.203,0.0,positive,0.8957,positive,False,0.0,,7,0,0.0,0.0,0.0,0.0,0.0,0.0,0.0,False,0,no_energy_or_zesco_terms,
963697571683180,They are also lying they can't even keep their schedule as they promise.,2026-05-04T13:54:42.212761+00:00,https://www.facebook.com/100064560977290/posts/6124054071047970/?app=fbl,they are also lying they can t even keep their schedule as they promise,14,also lying t even keep schedule promise,False,-0.2732,negative,-0.2732,0.237,0.412,0.351,negative,-0.2732,negative,False,0.0,,7,2,0.1428571428571428,0.0,0.0,0.1428571428571428,0.0,0.0,0.0714285714285714,False,2,no_energy_or_zesco_terms,"promise,schedule"
719550152874845,"Don't worry we will fire your boss sooner than you think. And hire someone who will find you a competitor.......
Just like Zamtel, Airtel and MTM",2026-05-04T13:54:42.212821+00:00,https://www.facebook.com/100064560977290/posts/6124054071047970/?app=fbl,don t worry we will fire your boss sooner than you think and hire someone who will find you a competitor just like zamtel airtel and mtm,27,don t worry fire boss sooner than think hire someone find competitor just like zamtel airtel mtm,False,-0.4215,negative,-0.4215,0.12,0.625,0.255,negative,-0.4215,negative,False,0.0,,17,4,0.0,0.1176470588235294,0.1176470588235294,0.1176470588235294,0.0588235294117647,0.1176470588235294,0.0294117647058823,False,0,no_energy_or_zesco_terms,
1356712481811022,"Now, this is a public utility company. Zambia first.",2026-05-04T13:54:42.212825+00:00,https://www.facebook.com/100064560977290/posts/6124054071047970/?app=fbl,now this is a public utility company zambia first,9,now public utility company zambia first,False,0.0,neutral,0.0,0.0,1.0,0.0,neutral,0.0,neutral,False,0.0,,6,2,0.0,0.1666666666666666,0.0,0.0,0.0,0.1666666666666666,0.0,False,0,no_energy_or_zesco_terms,
700435511655738,I read comments for a living,2026-05-04T13:54:42.212829+00:00,https://www.facebook.com/100064560977290/posts/6124054071047970/?app=fbl,i read comments for a living,6,read comments living,False,0.0,neutral,0.0,0.0,1.0,0.0,neutral,0.0,neutral,False,0.0,,3,0,0.0,0.0,0.0,0.0,0.0,0.0,0.0,False,0,no_energy_or_zesco_terms,
714750360018225,Let's just work and let the people talk,2026-05-04T13:54:42.212840+00:00,https://www.facebook.com/100064560977290/posts/6124054071047970/?app=fbl,let s just work and let the people talk,9,let s just work let people talk,False,0.0,neutral,0.0,0.0,1.0,0.0,neutral,0.0,neutral,False,0.0,,7,1,0.0,0.0,0.0,0.0,0.0,0.0,0.0,False,0,no_energy_or_zesco_terms,
1592824934504453,"2+4= 6 and 3×2 = 6. Nothing has changed , the answer is still the same .",2026-05-04T13:54:42.212866+00:00,https://www.facebook.com/100064560977290/posts/6124054071047970/?app=fbl,2 4 6 and 3×2 6 nothing has changed the answer is still the same,16,2 4 6 3 2 6 nothing changed answer still same,False,0.0,neutral,0.0,0.0,1.0,0.0,neutral,0.0,neutral,False,0.0,,11,0,0.0,0.0,0.0,0.0,0.0,0.0,0.0,False,0,no_energy_or_zesco_terms,
3344874239087782,"How sure are we even that the dam is dry wen pf mentioned it the other party politicised it how different is the situation now like I always say people shouldn't talk about things they don't know now its ur turn we are waiting to see how u will solve this,let's be factual people who voted ain't fools",2026-05-04T13:54:42.212869+00:00,https://www.facebook.com/100064560977290/posts/6124054071047970/?app=fbl,how sure are we even that the dam is dry wen pf mentioned it the other party politicised it how different is the situation now like i always say people shouldn t talk about things they don t know now its ur turn we are waiting to see how u will solve this let s be factual people who voted ain t fools,63,how sure even dam dry wen pf mentioned other party politicised how different situation now like always say people shouldn t talk things don t know now ur turn waiting see how u solve let s factual people voted ain t fools,False,0.6249,positive,0.6249,0.209,0.719,0.072,positive,0.6249,positive,False,0.0,,42,3,0.0,0.0,0.0,0.0238095238095238,0.0,0.0,0.0,False,0,no_energy_or_zesco_terms,
2163643733823440,Better that way. I hope they will follow the schedule as such.,2026-05-04T13:54:42.212881+00:00,https://www.facebook.com/100064560977290/posts/6124054071047970/?app=fbl,better that way i hope they will follow the schedule as such,12,better way hope follow schedule such,False,0.7003,positive,0.7003,0.592,0.408,0.0,positive,0.7003,positive,False,0.0,,6,1,0.0,0.1666666666666666,0.0,0.1666666666666666,0.0,0.1666666666666666,0.0,False,1,no_energy_or_zesco_terms,schedule
896228304714919,"Zero plus zero is zero, nothing has changed here.it is still 12hrs a day",2026-05-04T13:54:42.212889+00:00,https://www.facebook.com/100064560977290/posts/6124054071047970/?app=fbl,zero plus zero is zero nothing has changed here it is still 12hrs a day,15,zero plus zero zero nothing changed still 12hrs day,False,0.0,neutral,0.0,0.0,1.0,0.0,neutral,0.0,neutral,False,0.0,,9,0,0.0,0.0,0.0,0.0,0.0,0.0,0.0,False,0,no_energy_or_zesco_terms,
719550152874845,"Don't worry we will fire your boss sooner than you think. And hire someone who will find you a competitor.......
Just like Zamtel, Airtel and MTM",2026-05-04T13:54:42.212821+00:00,https://www.facebook.com/100064560977290/posts/6124054071047970/?app=fbl,don t worry we will fire your boss sooner than you think and hire someone who will find you a competitor just like zamtel airtel and mtm,27,alleen amukusana true boi basiyeni,False,0.4215,positive,0.4215,0.412,0.588,0.0,positive,0.4215,positive,False,0.0,,5,1,0.0,0.0,0.0,0.2,0.0,0.0,0.0,False,0,no_energy_or_zesco_terms,
719550152874845,"Don't worry we will fire your boss sooner than you think. And hire someone who will find you a competitor.......
Just like Zamtel, Airtel and MTM",2026-05-04T13:54:42.212821+00:00,https://www.facebook.com/100064560977290/posts/6124054071047970/?app=fbl,don t worry we will fire your boss sooner than you think and hire someone who will find you a competitor just like zamtel airtel and mtm,27,alleen amukusana hawe tired hiring firing siyani soche,False,-0.6486,negative,-0.6486,0.0,0.531,0.469,negative,-0.6486,negative,False,0.0,,8,1,0.0,0.0,0.0,0.0,0.0,0.0,0.0,False,0,no_energy_or_zesco_terms,
1592824934504453,"2+4= 6 and 3×2 = 6. Nothing has changed , the answer is still the same .",2026-05-04T13:54:42.212866+00:00,https://www.facebook.com/100064560977290/posts/6124054071047970/?app=fbl,2 4 6 and 3×2 6 nothing has changed the answer is still the same,16,shadre garcia mwanza iweh,False,0.0,neutral,0.0,0.0,1.0,0.0,neutral,0.0,neutral,False,0.0,,4,0,0.0,0.0,0.0,0.0,0.0,0.0,0.0,False,0,no_energy_or_zesco_terms,
1592824934504453,"2+4= 6 and 3×2 = 6. Nothing has changed , the answer is still the same .",2026-05-04T13:54:42.212866+00:00,https://www.facebook.com/100064560977290/posts/6124054071047970/?app=fbl,2 4 6 and 3×2 6 nothing has changed the answer is still the same,16,kelvin kayombo simunza guy,False,0.0,neutral,0.0,0.0,1.0,0.0,neutral,0.0,neutral,False,0.0,,4,0,0.0,0.0,0.0,0.0,0.0,0.0,0.0,False,0,no_energy_or_zesco_terms,
6116084025109522,This is the dumbest shit I ever seen 😂😂😂😂,2026-05-04T13:54:42.212929+00:00,https://www.facebook.com/100064560977290/posts/6124054071047970/?app=fbl,this is the dumbest shit i ever seen 😂😂😂😂,8,dumbest shit ever seen,False,-0.7845,negative,-0.7845,0.0,0.225,0.775,negative,-0.7845,negative,False,0.0,,4,1,0.25,0.0,0.0,0.0,0.0,0.0,0.125,False,0,no_energy_or_zesco_terms,
3593312137659877,"Here in kitwe,  ndeke to be precise, just right about now we're being load shedded for the second time, 2026 how far are you",2026-05-04T13:54:42.212939+00:00,https://www.facebook.com/100064560977290/posts/6124054071047970/?app=fbl,here in kitwe ndeke to be precise just right about now we re being load shedded for the second time 2026 how far are you,25,kitwe ndeke precise just right now re being load shedded second time 2026 how far,False,0.0,neutral,0.0,0.0,1.0,0.0,neutral,0.0,neutral,False,0.0,,15,2,0.0,0.0666666666666666,0.0,0.0,0.0,0.0666666666666666,0.0,False,0,no_energy_or_zesco_terms,
2219020448270652,@utopia things. Such decisions are made when bosses are incharge as opposed to leaders. How ironic!!!,2026-05-04T13:54:42.212943+00:00,https://www.facebook.com/100064560977290/posts/6124054071047970/?app=fbl,things such decisions are made when bosses are incharge as opposed to leaders how ironic,15,things such decisions made bosses incharge opposed leaders how ironic,False,-0.128,negative,-0.128,0.0,0.857,0.143,negative,-0.128,negative,False,0.0,,10,1,0.1,0.0,0.1,0.0,0.0,0.0,0.05,False,0,no_energy_or_zesco_terms,
499029385648114,When is the voters card renewal exercise commencing?,2026-05-04T13:54:42.212951+00:00,https://www.facebook.com/100064560977290/posts/6124054071047970/?app=fbl,when is the voters card renewal exercise commencing,8,voters card renewal exercise commencing,False,0.0,neutral,0.0,0.0,1.0,0.0,neutral,0.0,neutral,False,0.0,,5,1,0.0,0.0,0.0,0.0,0.0,0.0,0.0,False,0,no_energy_or_zesco_terms,
6104072066312185,The difference is the same 🥺,2026-05-04T13:54:42.212958+00:00,https://www.facebook.com/100064560977290/posts/6124054071047970/?app=fbl,the difference is the same 🥺,5,difference same,False,0.0,neutral,0.0,0.0,1.0,0.0,neutral,0.0,neutral,False,0.0,,2,0,0.0,0.0,0.0,0.0,0.0,0.0,0.0,False,0,no_energy_or_zesco_terms,
1422039008571759,Stop playing with us do you expect us to believe that it's because of water levels ......if it was in October and other season yes we could have bought those lies now this rain 🌧️ season 😅😅😅,2026-05-04T13:54:42.212962+00:00,https://www.facebook.com/100064560977290/posts/6124054071047970/?app=fbl,stop playing with us do you expect us to believe that it s because of water levels if it was in october and other season yes we could have bought those lies now this rain 🌧️ season 😅😅😅,36,stop playing us expect us believe s because water levels october other season yes could bought those lies now rain season,False,-0.128,negative,-0.128,0.176,0.627,0.196,negative,-0.128,negative,False,0.0,,21,1,0.0,0.0476190476190476,0.0,0.0476190476190476,0.0,0.0476190476190476,0.0,False,1,no_energy_or_zesco_terms,october
565495791785843,"We prophecy especially against the 17hrs to 23hrs schedule, you will not succeed in making darkness our portion, John 1:5, Isaiah 9:2,Micah 7:8..... repent this is the repacations of your previous iniquities...",2026-05-04T13:54:42.212976+00:00,https://www.facebook.com/100064560977290/posts/6124054071047970/?app=fbl,we prophecy especially against the 17hrs to 23hrs schedule you will not succeed in making darkness our portion john 1 5 isaiah 9 2 micah 7 8 repent this is the repacations of your previous iniquities,36,prophecy especially against 17hrs 23hrs schedule succeed making darkness portion john 1 5 isaiah 9 2 micah 7 8 repent repacations previous iniquities,False,0.296,positive,0.296,0.158,0.743,0.099,positive,0.296,positive,False,0.0,,23,5,0.0434782608695652,0.0869565217391304,0.0869565217391304,0.0434782608695652,0.0434782608695652,0.0869565217391304,0.0434782608695652,False,1,no_energy_or_zesco_terms,schedule
846486149778987,Elo imwe people who were busy supporting upnd mulenya mulelapila especially fi youth this is what your government meant when they said they'll create more jobs for youths kkkkkkkk sorry fimbeni elo mupoke....yaba,2026-05-04T13:54:42.212983+00:00,https://www.facebook.com/100064560977290/posts/6124054071047970/?app=fbl,elo imwe people who were busy supporting upnd mulenya mulelapila especially fi youth this is what your government meant when they said they ll create more jobs for youths kkkkkkkk sorry fimbeni elo mupoke yaba,35,elo imwe people busy supporting upnd mulenya mulelapila especially fi youth government meant said ll create jobs youths kkkkkkkk sorry fimbeni elo mupoke yaba,False,0.5719,positive,0.2719,0.183,0.769,0.048,positive,0.2719,positive,True,-0.3,yaba,24,4,0.0416666666666666,0.0416666666666666,0.0833333333333333,0.0416666666666666,0.0,0.0416666666666666,0.0208333333333333,False,1,no_energy_or_zesco_terms,said
703159451369461,It's not making...u affecting those running during the day as well as those that do business in the night...,2026-05-04T13:54:42.212989+00:00,https://www.facebook.com/100064560977290/posts/6124054071047970/?app=fbl,it s not making u affecting those running during the day as well as those that do business in the night,21,s making u affecting those running during day well those business night,False,0.2732,positive,0.2732,0.189,0.811,0.0,positive,0.2732,positive,False,0.0,,12,0,0.0,0.0,0.0,0.0,0.0,0.0,0.0,False,0,no_energy_or_zesco_terms,
903746417307421,"Experiment, job on training it costly and dangerous to someone  under.",2026-05-04T13:54:42.212996+00:00,https://www.facebook.com/100064560977290/posts/6124054071047970/?app=fbl,experiment job on training it costly and dangerous to someone under,11,experiment job training costly dangerous someone under,False,-0.5423,negative,-0.5423,0.0,0.526,0.474,negative,-0.5423,negative,False,0.0,,7,3,0.0,0.1428571428571428,0.1428571428571428,0.0,0.0,0.1428571428571428,0.0,False,0,no_energy_or_zesco_terms,
673698251155345,Ooh okay  3 years remaining to 2026,2026-05-04T13:54:42.213000+00:00,https://www.facebook.com/100064560977290/posts/6124054071047970/?app=fbl,ooh okay 3 years remaining to 2026,7,ooh okay 3 years remaining 2026,False,0.2263,positive,0.2263,0.322,0.678,0.0,positive,0.2263,positive,False,0.0,,6,0,0.0,0.0,0.0,0.0,0.0,0.0,0.0,False,0,no_energy_or_zesco_terms,
2718734371596506,Don't try to impress the president if it won't work better you tell him the truth. We don't want the situation to get out of hand. 6 hours should six hours. It has to be equal others should not receive it more than 6 hours. You should stop talking about water levels in the middle of rains. What wil happen in Sept and October without rains. Te total darkness iyo.,2026-05-04T13:54:42.213008+00:00,https://www.facebook.com/100064560977290/posts/6124054071047970/?app=fbl,don t try to impress the president if it won t work better you tell him the truth we don t want the situation to get out of hand 6 hours should six hours it has to be equal others should not receive it more than 6 hours you should stop talking about water levels in the middle of rains what wil happen in sept and october without rains te total darkness iyo,73,don t try impress president won t work better tell truth don t want situation get hand 6 hours should six hours equal others should receive than 6 hours should stop talking water levels middle rains wil happen sept october without rains te total darkness iyo,True,0.9022,positive,0.9022,0.305,0.617,0.079,negative,0.9022,negative,False,0.0,,46,7,0.0217391304347826,0.0217391304347826,0.0217391304347826,0.0869565217391304,0.0217391304347826,0.0217391304347826,0.0217391304347826,False,2,no_energy_or_zesco_terms,"hours,october"
727259681946279,Everything was already planned i dont see the difference between 12 and 6hrs . Day time  charcoal night candles that's it.,2026-05-04T13:54:42.213015+00:00,https://www.facebook.com/100064560977290/posts/6124054071047970/?app=fbl,everything was already planned i dont see the difference between 12 and 6hrs day time charcoal night candles that s it,21,everything already planned dont see difference between 12 6hrs day time charcoal night candles s,False,0.0,neutral,0.0,0.0,1.0,0.0,neutral,0.0,neutral,False,0.0,,15,1,0.0,0.0666666666666666,0.0,0.0,0.0,0.0666666666666666,0.0,False,0,no_energy_or_zesco_terms,
588129303126508,I think let them increase to 10days cause you can keep any relish in fridge nishi kubola,2026-05-04T13:54:42.213019+00:00,https://www.facebook.com/100064560977290/posts/6124054071047970/?app=fbl,i think let them increase to 10days cause you can keep any relish in fridge nishi kubola,17,think let increase 10days cause keep relish fridge nishi kubola,False,0.3182,positive,0.3182,0.204,0.796,0.0,positive,0.3182,positive,False,0.0,,10,1,0.0,0.0,0.0,0.0,0.0,0.0,0.0,False,0,no_energy_or_zesco_terms,
723665569106020,Infact let them spread it in 24hrs.,2026-05-04T13:54:42.213029+00:00,https://www.facebook.com/100064560977290/posts/6124054071047970/?app=fbl,infact let them spread it in 24hrs,7,infact let spread 24hrs,False,0.0,neutral,0.0,0.0,1.0,0.0,neutral,0.0,neutral,False,0.0,,4,0,0.0,0.0,0.0,0.0,0.0,0.0,0.0,False,0,no_energy_or_zesco_terms,
2348117345370169,They increased the hours in order to reduce...shame on these guys,2026-05-04T13:54:42.213033+00:00,https://www.facebook.com/100064560977290/posts/6124054071047970/?app=fbl,they increased the hours in order to reduce shame on these guys,12,increased hours order reduce shame guys,False,-0.25,negative,-0.25,0.228,0.435,0.337,negative,-0.25,negative,False,0.0,,6,1,0.0,0.0,0.1666666666666666,0.0,0.1666666666666666,0.0,0.0833333333333333,False,1,no_energy_or_zesco_terms,hours
697907062011250,But kwena it's still 12 hours so what relief are we getting,2026-05-04T13:54:42.213060+00:00,https://www.facebook.com/100064560977290/posts/6124054071047970/?app=fbl,but kwena it s still 12 hours so what relief are we getting,13,kwena s still 12 hours relief getting,False,0.4767,positive,0.4767,0.383,0.617,0.0,positive,0.4767,positive,False,0.0,,7,1,0.0,0.0,0.0,0.0,0.0,0.0,0.0,False,1,no_energy_or_zesco_terms,hours
914497929570223,"Whatever the ef, it's still 12 hours🤔 And you call that a relief😭",2026-05-04T13:54:42.213087+00:00,https://www.facebook.com/100064560977290/posts/6124054071047970/?app=fbl,whatever the ef it s still 12 hours🤔 and you call that a relief😭,14,whatever ef s still 12 hours call relief,False,0.4767,positive,0.4767,0.341,0.659,0.0,positive,0.4767,positive,False,0.0,,8,1,0.0,0.0,0.0,0.0,0.0,0.0,0.0,False,1,no_energy_or_zesco_terms,hours
711341783832512,23-05 works perfectly for me 💃🏼👌🏽,2026-05-04T13:54:42.213098+00:00,https://www.facebook.com/100064560977290/posts/6124054071047970/?app=fbl,23 05 works perfectly for me 💃🏼👌🏽,6,23 05 works perfectly,False,0.6369,positive,0.6369,0.583,0.417,0.0,positive,0.6369,positive,False,0.0,,4,0,0.0,0.0,0.0,0.0,0.0,0.0,0.0,False,0,no_energy_or_zesco_terms,
3240389632939076,My son has come back with a half cut from the barbershop😡,2026-05-04T13:54:42.213112+00:00,https://www.facebook.com/100064560977290/posts/6124054071047970/?app=fbl,my son has come back with a half cut from the barbershop😡,12,son come back half cut barbershop,False,-0.2732,negative,-0.2732,0.0,0.704,0.296,negative,-0.2732,negative,False,0.0,,6,0,0.0,0.0,0.0,0.0,0.0,0.0,0.0,False,2,no_energy_or_zesco_terms,"come,cut"
910956080090584,And what happens to some of us who were loadshadded fir more than 12 hours?does it mean we will be laodshedded for 8 hours split now🤔,2026-05-04T13:54:42.213124+00:00,https://www.facebook.com/100064560977290/posts/6124054071047970/?app=fbl,and what happens to some of us who were loadshadded fir more than 12 hours does it mean we will be laodshedded for 8 hours split now🤔,27,happens us loadshadded fir than 12 hours mean laodshedded 8 hours split now,False,0.0,neutral,0.0,0.0,1.0,0.0,neutral,0.0,neutral,False,0.0,,13,1,0.0,0.0,0.0,0.0,0.0,0.0,0.0,False,1,no_energy_or_zesco_terms,hours
3405577213095566,But okay this is taking Zambians for granted sure...,2026-05-04T13:54:42.213176+00:00,https://www.facebook.com/100064560977290/posts/6124054071047970/?app=fbl,but okay this is taking zambians for granted sure,9,okay taking zambians granted sure,False,0.6369,positive,0.6369,0.756,0.244,0.0,positive,0.6369,positive,False,0.0,,5,1,0.0,0.0,0.0,0.0,0.0,0.0,0.0,False,0,no_energy_or_zesco_terms,
904205397420066,"But that still doesn't change the fact that there are 49 million kangaroos in Australia and 3.4 million people in Uruguay. Which means if the kangaroos were to invade Uruguay, each person will have to fight 14 kangaroos.",2026-05-04T13:54:42.213184+00:00,https://www.facebook.com/100064560977290/posts/6124054071047970/?app=fbl,but that still doesn t change the fact that there are 49 million kangaroos in australia and 3 4 million people in uruguay which means if the kangaroos were to invade uruguay each person will have to fight 14 kangaroos,40,still doesn t change fact 49 million kangaroos australia 3 4 million people uruguay means kangaroos invade uruguay each person fight 14 kangaroos,False,-0.3818,negative,-0.3818,0.0,0.88,0.12,negative,-0.3818,negative,False,0.0,,23,4,0.0869565217391304,0.0,0.1304347826086956,0.0434782608695652,0.0434782608695652,0.0,0.0652173913043478,False,0,no_energy_or_zesco_terms,
1500295667147485,Doesn't change anything kuwayawayafye,2026-05-04T13:54:42.213191+00:00,https://www.facebook.com/100064560977290/posts/6124054071047970/?app=fbl,doesn t change anything kuwayawayafye,5,doesn t change anything kuwayawayafye,False,0.0,neutral,0.0,0.0,1.0,0.0,neutral,0.0,neutral,False,0.0,,5,1,0.0,0.0,0.2,0.0,0.0,0.0,0.0,False,0,no_energy_or_zesco_terms,
683917853232648,"If there is a reduction in the hours, then it's better.",2026-05-04T13:54:42.213195+00:00,https://www.facebook.com/100064560977290/posts/6124054071047970/?app=fbl,if there is a reduction in the hours then it s better,12,reduction hours s better,False,0.4404,positive,0.4404,0.592,0.408,0.0,positive,0.4404,positive,False,0.0,,4,0,0.0,0.0,0.0,0.0,0.0,0.0,0.0,False,1,no_energy_or_zesco_terms,hours
904205397420066,"But that still doesn't change the fact that there are 49 million kangaroos in Australia and 3.4 million people in Uruguay. Which means if the kangaroos were to invade Uruguay, each person will have to fight 14 kangaroos.",2026-05-04T13:54:42.213184+00:00,https://www.facebook.com/100064560977290/posts/6124054071047970/?app=fbl,but that still doesn t change the fact that there are 49 million kangaroos in australia and 3 4 million people in uruguay which means if the kangaroos were to invade uruguay each person will have to fight 14 kangaroos,40,chandah chandah mwaiche ewee,False,0.0,neutral,0.0,0.0,1.0,0.0,neutral,0.0,neutral,False,0.0,,4,0,0.0,0.0,0.0,0.0,0.0,0.0,0.0,False,0,no_energy_or_zesco_terms,
3405577213095566,But okay this is taking Zambians for granted sure...,2026-05-04T13:54:42.213176+00:00,https://www.facebook.com/100064560977290/posts/6124054071047970/?app=fbl,but okay this is taking zambians for granted sure,9,mambwe paul chibichabo serious,False,-0.0772,negative,-0.0772,0.0,0.698,0.302,negative,-0.0772,negative,False,0.0,,4,0,0.0,0.0,0.0,0.0,0.0,0.0,0.0,False,0,no_energy_or_zesco_terms,
3405577213095566,But okay this is taking Zambians for granted sure...,2026-05-04T13:54:42.213176+00:00,https://www.facebook.com/100064560977290/posts/6124054071047970/?app=fbl,but okay this is taking zambians for granted sure,9,boyd kalubanca s too much boss,False,0.0,neutral,0.0,0.0,1.0,0.0,neutral,0.0,neutral,False,0.0,,6,0,0.0,0.0,0.0,0.0,0.0,0.0,0.0,False,0,no_energy_or_zesco_terms,
1110667202944607,All these are better except 17 to 23 buloshi,2026-05-04T13:54:42.213244+00:00,https://www.facebook.com/100064560977290/posts/6124054071047970/?app=fbl,all these are better except 17 to 23 buloshi,9,better except 17 23 buloshi,False,0.4404,positive,0.4404,0.42,0.58,0.0,positive,0.4404,positive,False,0.0,,5,0,0.0,0.0,0.0,0.0,0.0,0.0,0.0,False,0,no_energy_or_zesco_terms,
2474493102700192,At least Bena Siri will be charging some their phones na pa break time 😂,2026-05-04T13:54:42.213247+00:00,https://www.facebook.com/100064560977290/posts/6124054071047970/?app=fbl,at least bena siri will be charging some their phones na pa break time 😂,14,least bena siri charging phones na pa break time,False,0.0,neutral,0.0,0.0,1.0,0.0,neutral,0.0,neutral,False,0.0,,9,2,0.0,0.1111111111111111,0.0,0.0,0.0,0.1111111111111111,0.0,False,1,no_energy_or_zesco_terms,charging
829943544862310,It's unfortunately that others have allowed bitterness and jealous to control their brains. They will still criticize. We have an understanding Leader. This is good and hope things will improve so that we can have no load management at all.,2026-05-04T13:54:42.213255+00:00,https://www.facebook.com/100064560977290/posts/6124054071047970/?app=fbl,it s unfortunately that others have allowed bitterness and jealous to control their brains they will still criticize we have an understanding leader this is good and hope things will improve so that we can have no load management at all,41,s unfortunately others allowed bitterness jealous control brains still criticize understanding leader good hope things improve load management,False,-0.25,negative,-0.25,0.296,0.34,0.364,negative,-0.25,negative,False,0.0,,18,10,0.1666666666666666,0.1666666666666666,0.0555555555555555,0.3333333333333333,0.1111111111111111,0.1666666666666666,0.1388888888888889,False,0,no_energy_or_zesco_terms,
798380101728535,"Mr president is doing good let's learn to appreciate people when they are still alive, he has done a number of good things for Zambia, are you perfect yourself, pls leave Mr president alone.",2026-05-04T13:54:42.213259+00:00,https://www.facebook.com/100064560977290/posts/6124054071047970/?app=fbl,mr president is doing good let s learn to appreciate people when they are still alive he has done a number of good things for zambia are you perfect yourself pls leave mr president alone,35,mr president doing good let s learn appreciate people still alive done number good things zambia perfect yourself pls leave mr president alone,False,0.9217,positive,0.9217,0.518,0.387,0.095,positive,0.9217,positive,False,0.0,,23,8,0.0,0.1739130434782608,0.0,0.2608695652173913,0.0434782608695652,0.1739130434782608,0.0217391304347826,False,0,no_energy_or_zesco_terms,
664619908679381,"What good is reducing to 6 hours if it's sti going twice a day
Its still 12 hours",2026-05-04T13:54:42.213263+00:00,https://www.facebook.com/100064560977290/posts/6124054071047970/?app=fbl,what good is reducing to 6 hours if it s sti going twice a day its still 12 hours,19,good reducing 6 hours s sti going twice day still 12 hours,False,0.4404,positive,0.4404,0.244,0.756,0.0,positive,0.4404,positive,False,0.0,,12,1,0.0,0.0833333333333333,0.0,0.0833333333333333,0.0,0.0833333333333333,0.0,False,1,no_energy_or_zesco_terms,hours
829943544862310,It's unfortunately that others have allowed bitterness and jealous to control their brains. They will still criticize. We have an understanding Leader. This is good and hope things will improve so that we can have no load management at all.,2026-05-04T13:54:42.213255+00:00,https://www.facebook.com/100064560977290/posts/6124054071047970/?app=fbl,it s unfortunately that others have allowed bitterness and jealous to control their brains they will still criticize we have an understanding leader this is good and hope things will improve so that we can have no load management at all,41,nchimunya goldens s tall man road shedding,False,0.0,neutral,0.0,0.0,1.0,0.0,neutral,0.0,neutral,False,0.0,,7,0,0.0,0.0,0.0,0.0,0.0,0.0,0.0,False,0,no_energy_or_zesco_terms,
829943544862310,It's unfortunately that others have allowed bitterness and jealous to control their brains. They will still criticize. We have an understanding Leader. This is good and hope things will improve so that we can have no load management at all.,2026-05-04T13:54:42.213255+00:00,https://www.facebook.com/100064560977290/posts/6124054071047970/?app=fbl,it s unfortunately that others have allowed bitterness and jealous to control their brains they will still criticize we have an understanding leader this is good and hope things will improve so that we can have no load management at all,41,sandra simatanga kama short sweetie,False,0.4939,positive,0.4939,0.444,0.556,0.0,positive,0.4939,positive,False,0.0,,5,1,0.0,0.0,0.0,0.0,0.0,0.0,0.0,False,0,no_energy_or_zesco_terms,
829943544862310,It's unfortunately that others have allowed bitterness and jealous to control their brains. They will still criticize. We have an understanding Leader. This is good and hope things will improve so that we can have no load management at all.,2026-05-04T13:54:42.213255+00:00,https://www.facebook.com/100064560977290/posts/6124054071047970/?app=fbl,it s unfortunately that others have allowed bitterness and jealous to control their brains they will still criticize we have an understanding leader this is good and hope things will improve so that we can have no load management at all,41,nchimunya goldens class otherwise punished,False,-0.4588,negative,-0.4588,0.0,0.571,0.429,negative,-0.4588,negative,False,0.0,,5,1,0.2,0.2,0.2,0.0,0.2,0.2,0.2,False,0,no_energy_or_zesco_terms,
829943544862310,It's unfortunately that others have allowed bitterness and jealous to control their brains. They will still criticize. We have an understanding Leader. This is good and hope things will improve so that we can have no load management at all.,2026-05-04T13:54:42.213255+00:00,https://www.facebook.com/100064560977290/posts/6124054071047970/?app=fbl,it s unfortunately that others have allowed bitterness and jealous to control their brains they will still criticize we have an understanding leader this is good and hope things will improve so that we can have no load management at all,41,sandra simatanga ok boss,False,0.296,positive,0.296,0.423,0.577,0.0,positive,0.296,positive,False,0.0,,4,0,0.0,0.0,0.0,0.0,0.0,0.0,0.0,False,0,no_energy_or_zesco_terms,
1364848944053230,Reducing in order to increase.... Veep,2026-05-04T13:54:42.213290+00:00,https://www.facebook.com/100064560977290/posts/6124054071047970/?app=fbl,reducing in order to increase veep,6,reducing order increase veep,False,0.3182,positive,0.3182,0.434,0.566,0.0,positive,0.3182,positive,False,0.0,,4,1,0.0,0.0,0.0,0.0,0.0,0.0,0.0,False,0,no_energy_or_zesco_terms,
1162550751042225,But this still comes back to 12 hours,2026-05-04T13:54:42.213294+00:00,https://www.facebook.com/100064560977290/posts/6124054071047970/?app=fbl,but this still comes back to 12 hours,8,still comes back 12 hours,False,0.0,neutral,0.0,0.0,1.0,0.0,neutral,0.0,neutral,False,0.0,,5,0,0.0,0.0,0.0,0.0,0.0,0.0,0.0,False,1,no_energy_or_zesco_terms,hours
1307930793383241,This still doesn't change anything for a Samsung phone user 🤣🤣🤣,2026-05-04T13:54:42.213309+00:00,https://www.facebook.com/100064560977290/posts/6124054071047970/?app=fbl,this still doesn t change anything for a samsung phone user 🤣🤣🤣,11,still doesn t change anything samsung phone user,False,0.0,neutral,0.0,0.0,1.0,0.0,neutral,0.0,neutral,False,0.0,,8,1,0.0,0.0,0.125,0.0,0.0,0.0,0.0,False,0,no_energy_or_zesco_terms,
1301433613735732,This time it makes sense to be from Mumbwa.. if you know you know. ...,2026-05-04T13:54:42.213313+00:00,https://www.facebook.com/100064560977290/posts/6124054071047970/?app=fbl,this time it makes sense to be from mumbwa if you know you know,14,time makes sense mumbwa know know,False,0.0,neutral,0.0,0.0,1.0,0.0,neutral,0.0,neutral,False,0.0,,6,2,0.0,0.1666666666666666,0.0,0.0,0.0,0.1666666666666666,0.0,False,0,no_energy_or_zesco_terms,
2994287257547549,"Here it went at 11:00 and came back 17:00..
So far so good👍",2026-05-04T13:54:42.213317+00:00,https://www.facebook.com/100064560977290/posts/6124054071047970/?app=fbl,here it went at 11 00 and came back 17 00 so far so good👍,15,went 11 00 came back 17 00 far good,False,0.4404,positive,0.4404,0.266,0.734,0.0,positive,0.4404,positive,False,0.0,,9,1,0.0,0.1111111111111111,0.0,0.1111111111111111,0.0,0.1111111111111111,0.0,False,1,no_energy_or_zesco_terms,came
2469974976477174,The difference is the same,2026-05-04T13:54:42.213324+00:00,https://www.facebook.com/100064560977290/posts/6124054071047970/?app=fbl,the difference is the same,5,difference same,False,0.0,neutral,0.0,0.0,1.0,0.0,neutral,0.0,neutral,False,0.0,,2,0,0.0,0.0,0.0,0.0,0.0,0.0,0.0,False,0,no_energy_or_zesco_terms,
701761344765771,"He is fixing it,,,",2026-05-04T13:54:42.213339+00:00,https://www.facebook.com/100064560977290/posts/6124054071047970/?app=fbl,he is fixing it,4,fixing,False,0.0,neutral,0.0,0.0,1.0,0.0,neutral,0.0,neutral,False,0.0,,1,0,0.0,0.0,0.0,0.0,0.0,0.0,0.0,False,0,no_energy_or_zesco_terms,
474638938079741,"Ba Kateka Applying BODMAS (12÷2×2)+0 so that imoneke kwati nafiwama ifintu...
Trying to decorate it when in the actual sense it's still 12 hours but Divided.🙄🤔🙄",2026-05-04T13:54:42.213343+00:00,https://www.facebook.com/100064560977290/posts/6124054071047970/?app=fbl,ba kateka applying bodmas 12÷2×2 0 so that imoneke kwati nafiwama ifintu trying to decorate it when in the actual sense it s still 12 hours but divided 🙄🤔🙄,30,ba kateka applying bodmas 12 2 2 0 imoneke kwati nafiwama ifintu trying decorate actual sense s still 12 hours divided,False,0.0,neutral,0.0,0.0,1.0,0.0,neutral,0.0,neutral,False,0.0,,21,2,0.0,0.0,0.0,0.0,0.0,0.0,0.0,False,1,no_energy_or_zesco_terms,hours
1492129967976597,Ohms law states that when the difference is the same there is no change.,2026-05-04T13:54:42.213351+00:00,https://www.facebook.com/100064560977290/posts/6124054071047970/?app=fbl,ohms law states that when the difference is the same there is no change,14,ohms law states difference same change,False,0.0,neutral,0.0,0.0,1.0,0.0,neutral,0.0,neutral,False,0.0,,6,2,0.0,0.0,0.1666666666666666,0.1666666666666666,0.0,0.0,0.0,False,0,no_energy_or_zesco_terms,
946618299664694,stick to 12hours please these tactics aren't helping us,2026-05-04T13:54:42.213357+00:00,https://www.facebook.com/100064560977290/posts/6124054071047970/?app=fbl,stick to 12hours please these tactics aren t helping us,10,stick 12hours please tactics aren t helping us,False,0.5423,positive,0.5423,0.474,0.526,0.0,positive,0.5423,positive,False,0.0,,8,1,0.0,0.0,0.125,0.125,0.0,0.0,0.0,False,0,no_energy_or_zesco_terms,
687109739544246,"When you have a sensible and sensitive president at the helm of the nation, this is what happens. Ba Mwankole notusaka twandalama shakwiba mulikwi, come and tape some wisdom from Bally.",2026-05-04T13:54:42.213360+00:00,https://www.facebook.com/100064560977290/posts/6124054071047970/?app=fbl,when you have a sensible and sensitive president at the helm of the nation this is what happens ba mwankole notusaka twandalama shakwiba mulikwi come and tape some wisdom from bally,31,sensible sensitive president helm nation happens ba mwankole notusaka twandalama shakwiba mulikwi come tape wisdom bally,False,0.5267,positive,0.5267,0.185,0.815,0.0,positive,0.5267,positive,False,0.0,,16,3,0.0,0.0,0.0,0.1875,0.0,0.0,0.0,False,1,no_energy_or_zesco_terms,come
1747469492315179,"That's the way to go Your Excellency,, your quick response means a lot That's how a leader must be,, keep pushing Musankwaa..",2026-05-04T13:54:42.213366+00:00,https://www.facebook.com/100064560977290/posts/6124054071047970/?app=fbl,that s the way to go your excellency your quick response means a lot that s how a leader must be keep pushing musankwaa,24,s way go excellency quick response means lot s how leader must keep pushing musankwaa,False,0.5423,positive,0.5423,0.226,0.774,0.0,positive,0.5423,positive,False,0.0,,15,1,0.0,0.0,0.0,0.0666666666666666,0.0,0.0,0.0,False,0,no_energy_or_zesco_terms,
5833959256691128,At least we have a president who's not shy from facing the problem,2026-05-04T13:54:42.213370+00:00,https://www.facebook.com/100064560977290/posts/6124054071047970/?app=fbl,at least we have a president who s not shy from facing the problem,14,least president s shy facing problem,False,-0.5719,negative,-0.5719,0.0,0.39,0.61,negative,-0.5719,negative,False,0.0,,6,2,0.0,0.0,0.1666666666666666,0.1666666666666666,0.1666666666666666,0.0,0.0833333333333333,False,0,no_energy_or_zesco_terms,
1307930793383241,This still doesn't change anything for a Samsung phone user 🤣🤣🤣,2026-05-04T13:54:42.213309+00:00,https://www.facebook.com/100064560977290/posts/6124054071047970/?app=fbl,this still doesn t change anything for a samsung phone user 🤣🤣🤣,11,charles chabatama kano ise bama tecno awe sure 4 days charging how brother,False,0.3182,positive,-0.3818,0.173,0.827,0.0,negative,-0.3818,negative,True,-0.7,awe,13,1,0.0,0.0,0.0,0.0769230769230769,0.0,0.0,0.0,False,1,no_energy_or_zesco_terms,charging
1307930793383241,This still doesn't change anything for a Samsung phone user 🤣🤣🤣,2026-05-04T13:54:42.213309+00:00,https://www.facebook.com/100064560977290/posts/6124054071047970/?app=fbl,this still doesn t change anything for a samsung phone user 🤣🤣🤣,11,joseph mwiinga jay even week bro,False,0.0,neutral,0.0,0.0,1.0,0.0,neutral,0.0,neutral,False,0.0,,6,0,0.0,0.0,0.0,0.0,0.0,0.0,0.0,False,0,no_energy_or_zesco_terms,
1307930793383241,This still doesn't change anything for a Samsung phone user 🤣🤣🤣,2026-05-04T13:54:42.213309+00:00,https://www.facebook.com/100064560977290/posts/6124054071047970/?app=fbl,this still doesn t change anything for a samsung phone user 🤣🤣🤣,11,nkwapu happy know right,False,0.5719,positive,0.5719,0.552,0.448,0.0,positive,0.5719,positive,False,0.0,,4,1,0.0,0.25,0.0,0.25,0.0,0.25,0.0,False,0,no_energy_or_zesco_terms,
1307930793383241,This still doesn't change anything for a Samsung phone user 🤣🤣🤣,2026-05-04T13:54:42.213309+00:00,https://www.facebook.com/100064560977290/posts/6124054071047970/?app=fbl,this still doesn t change anything for a samsung phone user 🤣🤣🤣,11,joseph mwiinga jay m fine brother how,False,0.2023,positive,0.2023,0.265,0.735,0.0,positive,0.2023,positive,False,0.0,,7,1,0.0,0.0,0.0,0.1428571428571428,0.0,0.0,0.0,False,0,no_energy_or_zesco_terms,
1307930793383241,This still doesn't change anything for a Samsung phone user 🤣🤣🤣,2026-05-04T13:54:42.213309+00:00,https://www.facebook.com/100064560977290/posts/6124054071047970/?app=fbl,this still doesn t change anything for a samsung phone user 🤣🤣🤣,11,charles chabatama fine too zoona,False,0.2023,positive,0.2023,0.31,0.69,0.0,positive,0.2023,positive,False,0.0,,5,0,0.0,0.0,0.0,0.0,0.0,0.0,0.0,False,0,no_energy_or_zesco_terms,
1307930793383241,This still doesn't change anything for a Samsung phone user 🤣🤣🤣,2026-05-04T13:54:42.213309+00:00,https://www.facebook.com/100064560977290/posts/6124054071047970/?app=fbl,this still doesn t change anything for a samsung phone user 🤣🤣🤣,11,joseph mwiinga jay thank god,False,0.5574,positive,0.5574,0.605,0.395,0.0,positive,0.5574,positive,False,0.0,,5,1,0.0,0.2,0.2,0.2,0.0,0.2,0.0,False,0,no_energy_or_zesco_terms,
2469974976477174,The difference is the same,2026-05-04T13:54:42.213324+00:00,https://www.facebook.com/100064560977290/posts/6124054071047970/?app=fbl,the difference is the same,5,mazuba hamusonde baisiye che pa 12hrs ai,False,0.0,neutral,0.0,0.0,1.0,0.0,neutral,0.0,neutral,False,0.0,,7,0,0.0,0.0,0.0,0.0,0.0,0.0,0.0,False,0,no_energy_or_zesco_terms,
2469974976477174,The difference is the same,2026-05-04T13:54:42.213324+00:00,https://www.facebook.com/100064560977290/posts/6124054071047970/?app=fbl,the difference is the same,5,paul lupupa s better kaili pa 18 00hrs yayenda 24 00hrs nishi tilimutulo yambwela 06 00 tikauka tipeza yayenda,True,0.4404,positive,0.2404,0.146,0.854,0.0,negative,0.2404,negative,True,-0.2,kaili,19,0,0.0,0.0,0.0,0.0,0.0,0.0,0.0,False,0,no_energy_or_zesco_terms,
2469974976477174,The difference is the same,2026-05-04T13:54:42.213324+00:00,https://www.facebook.com/100064560977290/posts/6124054071047970/?app=fbl,the difference is the same,5,mazuba hamusonde nimavuto yekayeka,False,0.0,neutral,0.0,0.0,1.0,0.0,neutral,0.0,neutral,False,0.0,,4,0,0.0,0.0,0.0,0.0,0.0,0.0,0.0,False,0,no_energy_or_zesco_terms,
719771349541429,"Can you stick to your schedule for once, we atleast feel the relief of 6 hours.",2026-04-19T20:45:15.205450+00:00,https://www.facebook.com/100057335174945/posts/655022869752213/?app=fbl,can you stick to your schedule for once we atleast feel the relief of 6 hours,16,stick schedule once atleast feel relief 6 hours,False,0.4767,positive,0.4767,0.341,0.659,0.0,positive,0.4767,positive,False,0.0,,8,1,0.0,0.0,0.0,0.0,0.0,0.0,0.0,False,2,no_energy_or_zesco_terms,"hours,schedule"
678478597157109,"Zambia, We are in serious trouble. If they can’t even stick to the simple 12hr once a day schedule, how can they honor this one?
It’s really discouraging as a business owner, how can our economy recover?🤦🏿",2026-04-19T20:45:15.205548+00:00,https://www.facebook.com/100057335174945/posts/655022869752213/?app=fbl,zambia we are in serious trouble if they can’t even stick to the simple 12hr once a day schedule how can they honor this one it’s really discouraging as a business owner how can our economy recover 🤦🏿,39,zambia serious trouble t even stick simple 12hr once day schedule how honor s really discouraging business owner how economy recover,False,-0.4576,negative,-0.4576,0.126,0.591,0.283,negative,-0.4576,negative,False,0.0,,21,2,0.0,0.0,0.0,0.0952380952380952,0.0,0.0,0.0,False,1,no_energy_or_zesco_terms,schedule
719771349541429,"Can you stick to your schedule for once, we atleast feel the relief of 6 hours.",2026-04-19T20:45:15.205450+00:00,https://www.facebook.com/100057335174945/posts/655022869752213/?app=fbl,can you stick to your schedule for once we atleast feel the relief of 6 hours,16,travers chuube s true,False,0.4215,positive,0.4215,0.583,0.417,0.0,positive,0.4215,positive,False,0.0,,4,1,0.0,0.0,0.0,0.25,0.0,0.0,0.0,False,2,no_energy_or_zesco_terms,"hours,schedule"
475992531387462,"You have failed, this is unacceptable. Citizens are paying the price for what they do not know. We have businesses to run, families to feed yet the system seems to not care",2026-04-19T20:45:15.205681+00:00,https://www.facebook.com/100057335174945/posts/655022869752213/?app=fbl,you have failed this is unacceptable citizens are paying the price for what they do not know we have businesses to run families to feed yet the system seems to not care,32,failed unacceptable citizens paying price know businesses run families feed yet system seems care,False,-0.4767,negative,-0.4767,0.156,0.537,0.307,negative,-0.4767,negative,False,0.0,,14,2,0.0,0.0,0.0,0.0714285714285714,0.0714285714285714,0.0,0.0357142857142857,False,0,no_energy_or_zesco_terms,
1150839149469817,I'm tired of being Zambian,2026-04-19T20:45:15.205729+00:00,https://www.facebook.com/100057335174945/posts/655022869752213/?app=fbl,i m tired of being zambian,6,m tired being zambian,False,-0.4404,negative,-0.4404,0.0,0.408,0.592,negative,-0.4404,negative,False,0.0,,4,1,0.0,0.0,0.0,0.0,0.0,0.0,0.0,False,0,no_energy_or_zesco_terms,
2615942808548707,"Meanwood ibex and some parts of salama you don’t
Then there is us who live pakati mu salama who are load shedded from 5 to 12 - 14 to 23 every single day with these rains who should be preparing children food pa mbaula daily
 How now rotate the timings
 This is common sense
 You can’t have one place with the same time table.",2026-04-19T20:45:15.205848+00:00,https://www.facebook.com/100057335174945/posts/655022869752213/?app=fbl,meanwood ibex and some parts of salama you don’t then there is us who live pakati mu salama who are load shedded from 5 to 12 14 to 23 every single day with these rains who should be preparing children food pa mbaula daily how now rotate the timings this is common sense you can’t have one place with the same time table,65,meanwood ibex parts salama don t us live pakati mu salama load shedded 5 12 14 23 every single day rains should preparing children food pa mbaula daily how now rotate timings common sense t place same time table,False,0.0,neutral,0.0,0.0,1.0,0.0,neutral,0.0,neutral,False,0.0,,39,5,0.0,0.0512820512820512,0.0,0.0512820512820512,0.0,0.0512820512820512,0.0,False,0,no_energy_or_zesco_terms,
1776900926039362,"It's a Big Shame, your pipo Here In Solwezi are Not Even following the your very Own time table.",2026-04-19T20:45:15.205888+00:00,https://www.facebook.com/100057335174945/posts/655022869752213/?app=fbl,it s a big shame your pipo here in solwezi are not even following the your very own time table,20,s big shame pipo solwezi even following very own time table,False,-0.4767,negative,-0.4767,0.0,0.744,0.256,negative,-0.4767,negative,False,0.0,,11,2,0.0,0.0909090909090909,0.0909090909090909,0.0,0.0909090909090909,0.0909090909090909,0.0454545454545454,False,0,no_energy_or_zesco_terms,
2615942808548707,"Meanwood ibex and some parts of salama you don’t
Then there is us who live pakati mu salama who are load shedded from 5 to 12 - 14 to 23 every single day with these rains who should be preparing children food pa mbaula daily
 How now rotate the timings
 This is common sense
 You can’t have one place with the same time table.",2026-04-19T20:45:15.205848+00:00,https://www.facebook.com/100057335174945/posts/655022869752213/?app=fbl,meanwood ibex and some parts of salama you don’t then there is us who live pakati mu salama who are load shedded from 5 to 12 14 to 23 every single day with these rains who should be preparing children food pa mbaula daily how now rotate the timings this is common sense you can’t have one place with the same time table,65,li na please tell should alternating times atlst,False,0.3182,positive,0.3182,0.247,0.753,0.0,positive,0.3182,positive,False,0.0,,8,0,0.0,0.0,0.0,0.0,0.0,0.0,0.0,False,0,no_energy_or_zesco_terms,
547471633932950,On your website it says schedule is not available for my area 🤷🏻‍♀️🤷🏻‍♀️🤷🏻‍♀️🤷🏻‍♀️please fix that I can’t be guessing need to organize my day. Thank you.,2026-04-19T20:45:15.206035+00:00,https://www.facebook.com/100057335174945/posts/655022869752213/?app=fbl,on your website it says schedule is not available for my area 🤷🏻‍♀️🤷🏻‍♀️🤷🏻‍♀️🤷🏻‍♀️please fix that i can’t be guessing need to organize my day thank you,27,website says schedule available area please fix t guessing need organize day thank,False,0.5859,positive,0.5859,0.324,0.676,0.0,positive,0.5859,positive,False,0.0,,13,1,0.0,0.0,0.0,0.0,0.0,0.0,0.0,False,1,no_energy_or_zesco_terms,schedule
935740177414289,"This schedule is just a total scam, why do you fail to follow your own schedule which is simple and straight forward. People in charge of that department are a failed project, clearly they have failed! cause this is taking people for granted with that level of incompetence!",2026-04-19T20:45:15.206059+00:00,https://www.facebook.com/100057335174945/posts/655022869752213/?app=fbl,this schedule is just a total scam why do you fail to follow your own schedule which is simple and straight forward people in charge of that department are a failed project clearly they have failed cause this is taking people for granted with that level of incompetence,48,schedule just total scam fail follow own schedule simple straight forward people charge department failed project clearly failed cause taking people granted level incompetence,False,-0.91,negative,-0.91,0.166,0.403,0.431,negative,-0.91,negative,False,0.0,,24,4,0.0,0.0,0.0,0.0416666666666666,0.0,0.0,0.0,False,2,no_energy_or_zesco_terms,"charge,schedule"
515630007337027,"That time table never works ,it’s like you just switch off whenever you feel like it.. we can’t even bake in peace now 😡😡😡",2026-04-19T20:45:15.206076+00:00,https://www.facebook.com/100057335174945/posts/655022869752213/?app=fbl,that time table never works it’s like you just switch off whenever you feel like it we can’t even bake in peace now 😡😡😡,25,time table never works s like just switch off whenever feel like t even bake peace now,False,0.0721,positive,0.0721,0.177,0.609,0.214,positive,0.0721,positive,False,0.0,,17,2,0.0,0.1176470588235294,0.0,0.0588235294117647,0.0,0.1176470588235294,0.0,False,2,no_energy_or_zesco_terms,"off,switch"
1829617797408490,This document is not signed by anyone. So it not a binding statement. It could just be a hoax or something.,2026-04-19T20:45:15.206085+00:00,https://www.facebook.com/100057335174945/posts/655022869752213/?app=fbl,this document is not signed by anyone so it not a binding statement it could just be a hoax or something,21,document signed anyone binding statement could just hoax something,False,-0.2732,negative,-0.2732,0.0,0.792,0.208,negative,-0.2732,negative,False,0.0,,9,2,0.1111111111111111,0.0,0.0,0.1111111111111111,0.1111111111111111,0.0,0.1111111111111111,False,0,no_energy_or_zesco_terms,
475992531387462,"You have failed, this is unacceptable. Citizens are paying the price for what they do not know. We have businesses to run, families to feed yet the system seems to not care",2026-04-19T20:45:15.205681+00:00,https://www.facebook.com/100057335174945/posts/655022869752213/?app=fbl,you have failed this is unacceptable citizens are paying the price for what they do not know we have businesses to run families to feed yet the system seems to not care,32,lifestyle 101,False,0.0,neutral,0.0,0.0,1.0,0.0,neutral,0.0,neutral,False,0.0,,2,0,0.0,0.0,0.0,0.0,0.0,0.0,0.0,False,0,no_energy_or_zesco_terms,
6170660102944681,This is better…gives an opportunity to work with the 6hours….,2026-04-19T20:45:15.206222+00:00,https://www.facebook.com/100057335174945/posts/655022869752213/?app=fbl,this is better…gives an opportunity to work with the 6hours…,11,better gives opportunity work 6hours,False,0.6908,positive,0.6908,0.655,0.345,0.0,positive,0.6908,positive,False,0.0,,5,1,0.0,0.2,0.0,0.0,0.0,0.2,0.0,False,0,no_energy_or_zesco_terms,
6170660102944681,This is better…gives an opportunity to work with the 6hours….,2026-04-19T20:45:15.206222+00:00,https://www.facebook.com/100057335174945/posts/655022869752213/?app=fbl,this is better…gives an opportunity to work with the 6hours…,11,elizabeth alicia bwalya how far,False,0.0,neutral,0.0,0.0,1.0,0.0,neutral,0.0,neutral,False,0.0,,5,0,0.0,0.0,0.0,0.0,0.0,0.0,0.0,False,0,no_energy_or_zesco_terms,
1674271583028487,Time table mwe Bantu ... Even at school there's what we call duty Roster..... Time table is very IMPORTANT!!!!,2026-04-19T20:45:15.206475+00:00,https://www.facebook.com/100057335174945/posts/655022869752213/?app=fbl,time table mwe bantu even at school there s what we call duty roster time table is very important,19,time table mwe bantu even school s call duty roster time table very important,False,0.2716,positive,0.2716,0.149,0.851,0.0,positive,0.2716,positive,False,0.0,,14,4,0.0,0.1428571428571428,0.0,0.1428571428571428,0.0,0.1428571428571428,0.0,False,0,no_energy_or_zesco_terms,
1383247202425464,You have indirectly increased the hours,2026-04-19T20:45:15.206515+00:00,https://www.facebook.com/100057335174945/posts/655022869752213/?app=fbl,you have indirectly increased the hours,6,indirectly increased hours,False,0.2732,positive,0.2732,0.512,0.488,0.0,positive,0.2732,positive,False,0.0,,3,0,0.0,0.0,0.0,0.0,0.0,0.0,0.0,False,1,no_energy_or_zesco_terms,hours
921114285716864,"I thought its 6 hours in a day .  kanshi fyabupuba.. Its every after 6 hours until further notice.
Kennedy Simfukwe
Abraham Breezy Mwamba",2026-04-19T20:45:15.206526+00:00,https://www.facebook.com/100057335174945/posts/655022869752213/?app=fbl,i thought its 6 hours in a day kanshi fyabupuba its every after 6 hours until further notice kennedy simfukwe abraham breezy mwamba,23,thought 6 hours day kanshi fyabupuba every 6 hours until further notice kennedy simfukwe abraham breezy mwamba,False,0.0,neutral,-1.0,0.0,1.0,0.0,negative,-1.0,negative,True,-1.0,fyabupuba,17,1,0.0,0.0588235294117647,0.0,0.0,0.0,0.0588235294117647,0.0,False,1,no_energy_or_zesco_terms,hours
1213069430480148,"Non of those hours are applicable  in our area.
It's sickening",2026-04-19T20:45:15.206531+00:00,https://www.facebook.com/100057335174945/posts/655022869752213/?app=fbl,non of those hours are applicable in our area it s sickening,12,non those hours applicable area s sickening,False,-0.5267,negative,-0.5267,0.0,0.595,0.405,negative,-0.5267,negative,False,0.0,,7,1,0.1428571428571428,0.0,0.1428571428571428,0.0,0.1428571428571428,0.0,0.1428571428571428,False,1,no_energy_or_zesco_terms,hours
1213069430480148,"Non of those hours are applicable  in our area.
It's sickening",2026-04-19T20:45:15.206531+00:00,https://www.facebook.com/100057335174945/posts/655022869752213/?app=fbl,non of those hours are applicable in our area it s sickening,12,mutinta sodamutinta soda ah now gotten hand,False,0.4939,positive,0.4939,0.348,0.652,0.0,positive,0.4939,positive,False,0.0,,7,0,0.0,0.0,0.0,0.0,0.0,0.0,0.0,False,1,no_energy_or_zesco_terms,hours
1213069430480148,"Non of those hours are applicable  in our area.
It's sickening",2026-04-19T20:45:15.206531+00:00,https://www.facebook.com/100057335174945/posts/655022869752213/?app=fbl,non of those hours are applicable in our area it s sickening,12,belinda thole exactly suffering,False,-0.4767,negative,-0.4767,0.0,0.492,0.508,negative,-0.4767,negative,False,0.0,,4,1,0.0,0.0,0.25,0.0,0.25,0.0,0.125,False,1,no_energy_or_zesco_terms,hours
921114285716864,"I thought its 6 hours in a day .  kanshi fyabupuba.. Its every after 6 hours until further notice.
Kennedy Simfukwe
Abraham Breezy Mwamba",2026-04-19T20:45:15.206526+00:00,https://www.facebook.com/100057335174945/posts/655022869752213/?app=fbl,i thought its 6 hours in a day kanshi fyabupuba its every after 6 hours until further notice kennedy simfukwe abraham breezy mwamba,23,justine chisanga baleke kaili ni time yao,False,0.0,neutral,-0.2,0.0,1.0,0.0,negative,-0.2,negative,True,-0.2,kaili,7,1,0.0,0.1428571428571428,0.0,0.0,0.0,0.1428571428571428,0.0,False,1,no_energy_or_zesco_terms,hours
484840467176643,Hope u ll follow the schedule this time around,2026-04-19T20:45:15.206600+00:00,https://www.facebook.com/100057335174945/posts/655022869752213/?app=fbl,hope u ll follow the schedule this time around,9,hope u ll follow schedule time around,False,0.4404,positive,0.4404,0.367,0.633,0.0,positive,0.4404,positive,False,0.0,,7,2,0.0,0.2857142857142857,0.0,0.1428571428571428,0.0,0.2857142857142857,0.0,False,1,no_energy_or_zesco_terms,schedule
484840467176643,Hope u ll follow the schedule this time around,2026-04-19T20:45:15.206600+00:00,https://www.facebook.com/100057335174945/posts/655022869752213/?app=fbl,hope u ll follow the schedule this time around,9,vee bana daniel don t stick time table,False,0.0,neutral,-0.6,0.0,1.0,0.0,negative,-0.6,negative,True,-0.6,bana,8,2,0.0,0.125,0.0,0.125,0.0,0.125,0.0,False,1,no_energy_or_zesco_terms,schedule
484840467176643,Hope u ll follow the schedule this time around,2026-04-19T20:45:15.206600+00:00,https://www.facebook.com/100057335174945/posts/655022869752213/?app=fbl,hope u ll follow the schedule this time around,9,conrad kondwani chilambo u imagine s irritating,False,-0.4588,negative,-0.4588,0.0,0.571,0.429,negative,-0.4588,negative,False,0.0,,7,1,0.1428571428571428,0.0,0.0,0.0,0.0,0.0,0.0714285714285714,False,1,no_energy_or_zesco_terms,schedule
484840467176643,Hope u ll follow the schedule this time around,2026-04-19T20:45:15.206600+00:00,https://www.facebook.com/100057335174945/posts/655022869752213/?app=fbl,hope u ll follow the schedule this time around,9,vee bana daniel very irritating ala tulelapila,False,-0.5095,negative,-1.0,0.0,0.646,0.354,negative,-1.0,negative,True,-0.6,bana,7,1,0.1428571428571428,0.0,0.0,0.0,0.0,0.0,0.0714285714285714,False,1,no_energy_or_zesco_terms,schedule
866407191245806,No change   .Lusaka west 12hrs from 18hrs to 06hrs,2026-04-19T20:45:15.206696+00:00,https://www.facebook.com/100057335174945/posts/655022869752213/?app=fbl,no change lusaka west 12hrs from 18hrs to 06hrs,9,change lusaka west 12hrs 18hrs 06hrs,False,0.0,neutral,0.0,0.0,1.0,0.0,neutral,0.0,neutral,False,0.0,,6,1,0.0,0.0,0.1666666666666666,0.0,0.0,0.0,0.0,False,0,no_energy_or_zesco_terms,
705058914532714,Its raining every day so whats the point of having roadshedding ? 😡,2026-04-19T20:45:15.206791+00:00,https://www.facebook.com/100057335174945/posts/655022869752213/?app=fbl,its raining every day so whats the point of having roadshedding 😡,11,raining every day whats point having roadshedding,False,0.0,neutral,0.0,0.0,1.0,0.0,neutral,0.0,neutral,False,0.0,,7,0,0.0,0.0,0.0,0.0,0.0,0.0,0.0,False,0,no_energy_or_zesco_terms,
2797518267080973,Let the new schedule be released so people can plan u implement yet the schedule is not ready vama dongo dongo che,2026-04-19T20:45:15.206837+00:00,https://www.facebook.com/100057335174945/posts/655022869752213/?app=fbl,let the new schedule be released so people can plan u implement yet the schedule is not ready vama dongo dongo che,22,let new schedule released people plan u implement yet schedule ready vama dongo dongo che,False,0.3612,positive,0.3612,0.161,0.839,0.0,positive,0.3612,positive,False,0.0,,15,2,0.0,0.1333333333333333,0.0,0.0,0.0,0.1333333333333333,0.0,False,1,no_energy_or_zesco_terms,schedule
1592231224624896,Why is it so difficult to follow the same schedule? You keep switching off at any time,2026-04-19T20:45:15.206897+00:00,https://www.facebook.com/100057335174945/posts/655022869752213/?app=fbl,why is it so difficult to follow the same schedule you keep switching off at any time,17,difficult follow same schedule keep switching off time,False,-0.3612,negative,-0.3612,0.0,0.737,0.263,negative,-0.3612,negative,False,0.0,,8,2,0.0,0.125,0.125,0.0,0.0,0.125,0.0,False,2,no_energy_or_zesco_terms,"off,schedule"
476599011338760,Still the same ku lusaka west,2026-04-19T20:45:15.206900+00:00,https://www.facebook.com/100057335174945/posts/655022869752213/?app=fbl,still the same ku lusaka west,6,still same ku lusaka west,False,0.0,neutral,0.0,0.0,1.0,0.0,neutral,0.0,neutral,False,0.0,,5,0,0.0,0.0,0.0,0.0,0.0,0.0,0.0,False,0,no_energy_or_zesco_terms,
707715117637880,This is unacceptable just like he said  😐,2026-04-19T20:45:15.206913+00:00,https://www.facebook.com/100057335174945/posts/655022869752213/?app=fbl,this is unacceptable just like he said 😐,7,unacceptable just like said,False,-0.128,negative,-0.128,0.333,0.267,0.4,negative,-0.128,negative,False,0.0,,4,1,0.0,0.0,0.0,0.0,0.25,0.0,0.125,False,1,no_energy_or_zesco_terms,said
844607890106660,"As a Great Republic, We appreciate your efforts so far keep pushing. We are behind you",2026-04-19T20:45:15.206927+00:00,https://www.facebook.com/100057335174945/posts/655022869752213/?app=fbl,as a great republic we appreciate your efforts so far keep pushing we are behind you,16,great republic appreciate efforts far keep pushing behind,False,0.7783,positive,0.7783,0.531,0.469,0.0,positive,0.7783,positive,False,0.0,,8,1,0.0,0.0,0.0,0.0,0.0,0.0,0.0,False,0,no_energy_or_zesco_terms,
1361288177782693,You are not even sticking to this time table 😒,2026-04-19T20:45:15.206940+00:00,https://www.facebook.com/100057335174945/posts/655022869752213/?app=fbl,you are not even sticking to this time table 😒,9,even sticking time table,False,0.0,neutral,0.0,0.0,1.0,0.0,neutral,0.0,neutral,False,0.0,,4,1,0.0,0.25,0.0,0.0,0.0,0.25,0.0,False,0,no_energy_or_zesco_terms,
530721638850288,Kwena this company is turning into a joke! Even their schedule is changing like diapers.,2026-04-19T20:45:15.206966+00:00,https://www.facebook.com/100057335174945/posts/655022869752213/?app=fbl,kwena this company is turning into a joke even their schedule is changing like diapers,15,kwena company turning into joke even schedule changing like diapers,False,0.5719,positive,0.5719,0.37,0.63,0.0,positive,0.5719,positive,False,0.0,,10,1,0.0,0.0,0.0,0.0,0.0,0.0,0.0,False,1,no_energy_or_zesco_terms,schedule
689707672762391,It should be rotating mweh coz we are  tired of darkness,2026-04-19T20:45:15.206969+00:00,https://www.facebook.com/100057335174945/posts/655022869752213/?app=fbl,it should be rotating mweh coz we are tired of darkness,11,should rotating mweh coz tired darkness,False,-0.5994,negative,-0.5994,0.0,0.449,0.551,negative,-0.5994,negative,False,0.0,,6,2,0.1666666666666666,0.0,0.1666666666666666,0.0,0.1666666666666666,0.0,0.1666666666666666,False,0,no_energy_or_zesco_terms,
552120073626239,Is this true or its only us in nkana kitwe being loadsheded 24/7.,2026-04-19T20:45:15.206975+00:00,https://www.facebook.com/100057335174945/posts/655022869752213/?app=fbl,is this true or its only us in nkana kitwe being loadsheded 24 7,14,true only us nkana kitwe being loadsheded 24 7,False,0.4215,positive,0.4215,0.286,0.714,0.0,positive,0.4215,positive,False,0.0,,9,1,0.0,0.0,0.0,0.1111111111111111,0.0,0.0,0.0,False,0,no_energy_or_zesco_terms,
694390852176371,"Awe in zingalume we have suffered.
You don't even follow the time table but busy texting us at there is a fault..stop it.",2026-04-19T20:45:15.206981+00:00,https://www.facebook.com/100057335174945/posts/655022869752213/?app=fbl,awe in zingalume we have suffered you don t even follow the time table but busy texting us at there is a fault stop it,25,awe zingalume suffered don t even follow time table busy texting us fault stop,False,-0.7964,negative,-1.0,0.0,0.552,0.448,negative,-1.0,negative,True,-0.7,awe,14,3,0.0,0.0714285714285714,0.0,0.0714285714285714,0.0714285714285714,0.0714285714285714,0.0357142857142857,False,1,no_energy_or_zesco_terms,fault
521371969972672,"The board along with ""engineers"" sat down and discussed, and thought this is a very good idea",2026-04-19T20:45:15.206993+00:00,https://www.facebook.com/100057335174945/posts/655022869752213/?app=fbl,the board along with engineers sat down and discussed and thought this is a very good idea,17,board along engineers sat down discussed thought very good idea,False,0.4927,positive,0.4927,0.262,0.738,0.0,positive,0.4927,positive,False,0.0,,10,3,0.0,0.3,0.0,0.1,0.0,0.3,0.0,False,0,no_energy_or_zesco_terms,
3426450664311115,Your call centre line is not going through why,2026-04-19T20:45:15.206996+00:00,https://www.facebook.com/100057335174945/posts/655022869752213/?app=fbl,your call centre line is not going through why,9,call centre line going through,False,0.0,neutral,0.0,0.0,1.0,0.0,neutral,0.0,neutral,False,0.0,,5,0,0.0,0.0,0.0,0.0,0.0,0.0,0.0,False,1,no_energy_or_zesco_terms,line
530721638850288,Kwena this company is turning into a joke! Even their schedule is changing like diapers.,2026-04-19T20:45:15.206966+00:00,https://www.facebook.com/100057335174945/posts/655022869752213/?app=fbl,kwena this company is turning into a joke even their schedule is changing like diapers,15,chanda chansa need new pr people,False,0.0,neutral,0.0,0.0,1.0,0.0,neutral,0.0,neutral,False,0.0,,6,0,0.0,0.0,0.0,0.0,0.0,0.0,0.0,False,1,no_energy_or_zesco_terms,schedule
1171984817015612,"Ise kuno ku kamwala south it's from 05, -11,nafuti 17-23.awe bane have a stopping heart mutima ozilesa very important",2026-04-19T20:45:15.207043+00:00,https://www.facebook.com/100057335174945/posts/655022869752213/?app=fbl,ise kuno ku kamwala south it s from 05 11 nafuti 17 23 awe bane have a stopping heart mutima ozilesa very important,23,ise kuno ku kamwala south s 05 11 nafuti 17 23 awe bane stopping heart mutima ozilesa very important,False,0.1263,positive,-0.5737,0.106,0.812,0.081,negative,-0.5737,negative,True,-0.7,awe,19,2,0.0526315789473684,0.0,0.0526315789473684,0.0526315789473684,0.0,0.0,0.0263157894736842,False,0,no_energy_or_zesco_terms,
6744091808940893,This schedule is a lie,2026-04-19T20:45:15.207049+00:00,https://www.facebook.com/100057335174945/posts/655022869752213/?app=fbl,this schedule is a lie,5,schedule lie,False,0.0,neutral,0.0,0.0,1.0,0.0,neutral,0.0,neutral,False,0.0,,2,1,0.5,0.0,0.0,0.0,0.5,0.0,0.5,False,1,no_energy_or_zesco_terms,schedule
1169745800317304,Better maximum 6 hours not minimum.,2026-04-19T20:45:15.207056+00:00,https://www.facebook.com/100057335174945/posts/655022869752213/?app=fbl,better maximum 6 hours not minimum,6,better maximum 6 hours minimum,False,0.4404,positive,0.4404,0.492,0.508,0.0,positive,0.4404,positive,False,0.0,,5,2,0.0,0.0,0.0,0.0,0.0,0.0,0.0,False,1,no_energy_or_zesco_terms,hours
862471064955757,If only you could stick to the timetable it can help alot,2026-04-19T20:45:15.207080+00:00,https://www.facebook.com/100057335174945/posts/655022869752213/?app=fbl,if only you could stick to the timetable it can help alot,12,only could stick timetable help alot,False,0.4019,positive,0.4019,0.351,0.649,0.0,positive,0.4019,positive,False,0.0,,6,0,0.0,0.0,0.0,0.0,0.0,0.0,0.0,False,1,no_energy_or_zesco_terms,timetable
1225435418382869,Stick to your schedule! 😡,2026-04-19T20:45:15.207089+00:00,https://www.facebook.com/100057335174945/posts/655022869752213/?app=fbl,stick to your schedule 😡,4,stick schedule,False,0.0,neutral,0.0,0.0,1.0,0.0,neutral,0.0,neutral,False,0.0,,2,0,0.0,0.0,0.0,0.0,0.0,0.0,0.0,False,1,no_energy_or_zesco_terms,schedule
828909211632389,No relief at all. just 6 hours of loadshed per day and not on and off.,2026-04-19T20:45:15.207118+00:00,https://www.facebook.com/100057335174945/posts/655022869752213/?app=fbl,no relief at all just 6 hours of loadshed per day and not on and off,16,relief just 6 hours loadshed per day off,False,0.4767,positive,0.4767,0.341,0.659,0.0,positive,0.4767,positive,False,0.0,,8,1,0.0,0.0,0.0,0.0,0.0,0.0,0.0,False,2,no_energy_or_zesco_terms,"hours,off"
745179790271095,Very unprofessional with time kwati tabasambilila,2026-04-19T20:45:15.207161+00:00,https://www.facebook.com/100057335174945/posts/655022869752213/?app=fbl,very unprofessional with time kwati tabasambilila,6,very unprofessional time kwati tabasambilila,False,-0.5563,negative,-0.5563,0.0,0.527,0.473,negative,-0.5563,negative,False,0.0,,5,1,0.0,0.2,0.0,0.0,0.0,0.2,0.0,False,0,no_energy_or_zesco_terms,
1141152576599370,as if that same schedule is working😡,2026-04-19T20:45:15.207168+00:00,https://www.facebook.com/100057335174945/posts/655022869752213/?app=fbl,as if that same schedule is working😡,7,same schedule working,False,0.0,neutral,0.0,0.0,1.0,0.0,neutral,0.0,neutral,False,0.0,,3,1,0.0,0.0,0.0,0.0,0.0,0.0,0.0,False,1,no_energy_or_zesco_terms,schedule
554138996371475,This people are playing with our minds am certain they are calling us puppets right now,2026-04-19T20:45:15.207171+00:00,https://www.facebook.com/100057335174945/posts/655022869752213/?app=fbl,this people are playing with our minds am certain they are calling us puppets right now,16,people playing minds certain calling us puppets right now,False,0.4404,positive,0.4404,0.358,0.642,0.0,positive,0.4404,positive,False,0.0,,9,0,0.0,0.0,0.0,0.0,0.0,0.0,0.0,False,0,no_energy_or_zesco_terms,
1258295001705182,Kindly ensure to rotate the  schedules so that one place is not load shedded at the same times every day through out the shedding exercise.,2026-04-19T20:45:15.207184+00:00,https://www.facebook.com/100057335174945/posts/655022869752213/?app=fbl,kindly ensure to rotate the schedules so that one place is not load shedded at the same times every day through out the shedding exercise,25,kindly ensure rotate schedules place load shedded same times every day through shedding exercise,False,0.7003,positive,0.7003,0.326,0.674,0.0,positive,0.7003,positive,False,0.0,,14,0,0.0,0.0,0.0,0.0,0.0,0.0,0.0,False,0,no_energy_or_zesco_terms,
673261321259755,"You should be rotating, we can't be on the 18-24 hours schedule everyday, we want to watch TV at night. 😩",2026-04-19T20:45:15.207187+00:00,https://www.facebook.com/100057335174945/posts/655022869752213/?app=fbl,you should be rotating we can t be on the 18 24 hours schedule everyday we want to watch tv at night 😩,22,should rotating t 18 24 hours schedule everyday want watch tv night,False,0.0772,positive,0.0772,0.115,0.885,0.0,positive,0.0772,positive,False,0.0,,12,1,0.0,0.0833333333333333,0.0833333333333333,0.0,0.0,0.0833333333333333,0.0,False,2,no_energy_or_zesco_terms,"hours,schedule"
495017766093438,Seems mathematics was a very difficult subject at school for some staff........,2026-04-19T20:45:15.207190+00:00,https://www.facebook.com/100057335174945/posts/655022869752213/?app=fbl,seems mathematics was a very difficult subject at school for some staff,12,seems mathematics very difficult subject school staff,False,-0.4201,negative,-0.4201,0.0,0.682,0.318,negative,-0.4201,negative,False,0.0,,7,3,0.0,0.0,0.1428571428571428,0.1428571428571428,0.0,0.0,0.0,False,0,no_energy_or_zesco_terms,
730146681615614,"Riverside mwandi crescent from 05am  to 13hrs  and again from  17hrs till we don't know upto now no show,two times in a day.....",2026-04-19T20:45:15.207227+00:00,https://www.facebook.com/100057335174945/posts/655022869752213/?app=fbl,riverside mwandi crescent from 05am to 13hrs and again from 17hrs till we don t know upto now no show two times in a day,25,riverside mwandi crescent 05am 13hrs 17hrs till don t know upto now show two times day,False,0.0,neutral,0.0,0.0,1.0,0.0,neutral,0.0,neutral,False,0.0,,16,2,0.0,0.0,0.0,0.125,0.0,0.0,0.0,False,0,no_energy_or_zesco_terms,
871308617518422,Meaning it will be going twice a day,2026-04-19T20:45:15.207277+00:00,https://www.facebook.com/100057335174945/posts/655022869752213/?app=fbl,meaning it will be going twice a day,8,meaning going twice day,False,0.0,neutral,0.0,0.0,1.0,0.0,neutral,0.0,neutral,False,0.0,,4,0,0.0,0.0,0.0,0.0,0.0,0.0,0.0,False,0,no_energy_or_zesco_terms,
734501617841965,"When switching off you are very punctual,but  switching  back on you don't stick to  time",2026-04-19T20:45:15.207283+00:00,https://www.facebook.com/100057335174945/posts/655022869752213/?app=fbl,when switching off you are very punctual but switching back on you don t stick to time,17,switching off very punctual switching back don t stick time,False,0.0,neutral,0.0,0.0,1.0,0.0,neutral,0.0,neutral,False,0.0,,10,3,0.0,0.2,0.0,0.2,0.0,0.2,0.0,False,1,no_energy_or_zesco_terms,off
697357255385247,ifwe kuno it goes at midnight back kuma 6 & off again by 12 yabwela 18 are u dividing th 12 or uv reduced to 6hrs.. please mwebantu chili shani ukoooo!!,2026-04-19T20:45:15.207286+00:00,https://www.facebook.com/100057335174945/posts/655022869752213/?app=fbl,ifwe kuno it goes at midnight back kuma 6 off again by 12 yabwela 18 are u dividing th 12 or uv reduced to 6hrs please mwebantu chili shani ukoooo,30,ifwe kuno goes midnight back kuma 6 off 12 yabwela 18 u dividing th 12 uv reduced 6hrs please mwebantu chili shani ukoooo,False,0.3182,positive,0.3182,0.103,0.897,0.0,positive,0.3182,positive,False,0.0,,23,0,0.0,0.0,0.0,0.0,0.0,0.0,0.0,False,2,no_energy_or_zesco_terms,"midnight,off"
869819651007946,"But the schedule is not being followed, that's the problem",2026-04-19T20:45:15.207290+00:00,https://www.facebook.com/100057335174945/posts/655022869752213/?app=fbl,but the schedule is not being followed that s the problem,11,schedule being followed s problem,False,-0.4019,negative,-0.4019,0.0,0.526,0.474,negative,-0.4019,negative,False,0.0,,5,1,0.0,0.0,0.2,0.0,0.2,0.0,0.1,False,1,no_energy_or_zesco_terms,schedule
858200875455085,Imagine how dull someone is describing everything but leaving out the contact number how useless and you call this customer service,2026-04-19T20:45:15.207293+00:00,https://www.facebook.com/100057335174945/posts/655022869752213/?app=fbl,imagine how dull someone is describing everything but leaving out the contact number how useless and you call this customer service,21,imagine how dull someone describing everything leaving contact number how useless call customer service,False,-0.6369,negative,-0.6369,0.073,0.618,0.309,negative,-0.6369,negative,False,0.0,,14,4,0.0,0.0,0.0,0.0,0.0714285714285714,0.0,0.0357142857142857,False,0,no_energy_or_zesco_terms,
6602224119805409,Thanks we will try and manage the situation as we wait for a permanent solution to our crisis we sympathize with you !!!!,2026-04-19T20:45:15.207322+00:00,https://www.facebook.com/100057335174945/posts/655022869752213/?app=fbl,thanks we will try and manage the situation as we wait for a permanent solution to our crisis we sympathize with you,22,thanks try manage situation wait permanent solution crisis sympathize,False,0.0258,neutral,0.0258,0.34,0.392,0.268,neutral,0.0258,neutral,False,0.0,,9,5,0.0,0.1111111111111111,0.0,0.1111111111111111,0.1111111111111111,0.1111111111111111,0.0555555555555555,False,0,no_energy_or_zesco_terms,
701986788105808,Ifwe kuno yele 05 and this is 12hrs zero zero still,2026-04-19T20:45:15.207332+00:00,https://www.facebook.com/100057335174945/posts/655022869752213/?app=fbl,ifwe kuno yele 05 and this is 12hrs zero zero still,11,ifwe kuno yele 05 12hrs zero zero still,False,0.0,neutral,0.0,0.0,1.0,0.0,neutral,0.0,neutral,False,0.0,,8,0,0.0,0.0,0.0,0.0,0.0,0.0,0.0,False,0,no_energy_or_zesco_terms,
5745284188881794,Some of us we have a different schedule? It went around 05:00 and it's 11:43.,2026-04-19T20:45:15.207350+00:00,https://www.facebook.com/100057335174945/posts/655022869752213/?app=fbl,some of us we have a different schedule it went around 05 00 and it s 11 43,18,us different schedule went around 05 00 s 11 43,False,0.0,neutral,0.0,0.0,1.0,0.0,neutral,0.0,neutral,False,0.0,,10,0,0.0,0.0,0.0,0.0,0.0,0.0,0.0,False,1,no_energy_or_zesco_terms,schedule
570937941161607,Mailaiti yaenda kuno 😏 stick to your schedule,2026-04-19T20:45:15.207356+00:00,https://www.facebook.com/100057335174945/posts/655022869752213/?app=fbl,mailaiti yaenda kuno 😏 stick to your schedule,7,mailaiti yaenda kuno stick schedule,False,0.0,neutral,0.0,0.0,1.0,0.0,neutral,0.0,neutral,False,0.0,,5,0,0.0,0.0,0.0,0.0,0.0,0.0,0.0,False,1,no_energy_or_zesco_terms,schedule
942246410094802,They are good in switching off than switching on😐,2026-04-19T20:45:15.207366+00:00,https://www.facebook.com/100057335174945/posts/655022869752213/?app=fbl,they are good in switching off than switching on😐,9,good switching off than switching,False,0.4404,positive,0.4404,0.42,0.58,0.0,positive,0.4404,positive,False,0.0,,5,1,0.0,0.2,0.0,0.2,0.0,0.2,0.0,False,1,no_energy_or_zesco_terms,off
5745284188881794,Some of us we have a different schedule? It went around 05:00 and it's 11:43.,2026-04-19T20:45:15.207350+00:00,https://www.facebook.com/100057335174945/posts/655022869752213/?app=fbl,some of us we have a different schedule it went around 05 00 and it s 11 43,18,lloyd chilopola us came kuma 05 since yesterday kuma 23 11hrs yayenda,False,0.0,neutral,0.0,0.0,1.0,0.0,neutral,0.0,neutral,False,0.0,,12,0,0.0,0.0,0.0,0.0,0.0,0.0,0.0,False,2,no_energy_or_zesco_terms,"came,schedule"
706493494433279,Us we are being load shedded twice a day,2026-04-19T20:45:15.207397+00:00,https://www.facebook.com/100057335174945/posts/655022869752213/?app=fbl,us we are being load shedded twice a day,9,us being load shedded twice day,False,0.0,neutral,0.0,0.0,1.0,0.0,neutral,0.0,neutral,False,0.0,,6,0,0.0,0.0,0.0,0.0,0.0,0.0,0.0,False,0,no_energy_or_zesco_terms,
712789810207104,what's the point of sharing this schedule when you can't stick to it 🙄,2026-04-19T20:45:15.207404+00:00,https://www.facebook.com/100057335174945/posts/655022869752213/?app=fbl,what s the point of sharing this schedule when you can t stick to it 🙄,15,s point sharing schedule t stick,False,0.4215,positive,0.4215,0.483,0.517,0.0,positive,0.4215,positive,False,0.0,,6,0,0.0,0.0,0.0,0.0,0.0,0.0,0.0,False,1,no_energy_or_zesco_terms,schedule
838305480610651,So ati mwa sova for the short term 🤦🏾‍♂️....,2026-04-19T20:45:15.207419+00:00,https://www.facebook.com/100057335174945/posts/655022869752213/?app=fbl,so ati mwa sova for the short term 🤦🏾‍♂️,8,ati mwa sova short term,False,0.0,neutral,0.0,0.0,1.0,0.0,neutral,0.0,neutral,False,0.0,,5,0,0.0,0.0,0.0,0.0,0.0,0.0,0.0,False,0,no_energy_or_zesco_terms,
703536127845341,Kuno yele Kuma 11:47 you can't even keep to your time ba kolwe,2026-04-19T20:45:15.207422+00:00,https://www.facebook.com/100057335174945/posts/655022869752213/?app=fbl,kuno yele kuma 11 47 you can t even keep to your time ba kolwe,15,kuno yele kuma 11 47 t even keep time ba kolwe,False,0.0,neutral,0.0,0.0,1.0,0.0,neutral,0.0,neutral,False,0.0,,11,1,0.0,0.0909090909090909,0.0,0.0,0.0,0.0909090909090909,0.0,False,0,no_energy_or_zesco_terms,
494506302817197,Its still 12 hours straight in some areas.Nothing to be excited about.,2026-04-19T20:45:15.207438+00:00,https://www.facebook.com/100057335174945/posts/655022869752213/?app=fbl,its still 12 hours straight in some areas nothing to be excited about,13,still 12 hours straight areas nothing excited,False,-0.0351,neutral,-0.0351,0.213,0.56,0.228,neutral,-0.0351,neutral,False,0.0,,7,1,0.0,0.1428571428571428,0.0,0.1428571428571428,0.0,0.1428571428571428,0.0,False,1,no_energy_or_zesco_terms,hours
869799674134773,So it's the same 12 hours par day.😥😡,2026-04-19T20:45:15.207441+00:00,https://www.facebook.com/100057335174945/posts/655022869752213/?app=fbl,so it s the same 12 hours par day 😥😡,9,s same 12 hours par day,False,0.0,neutral,0.0,0.0,1.0,0.0,neutral,0.0,neutral,False,0.0,,6,0,0.0,0.0,0.0,0.0,0.0,0.0,0.0,False,1,no_energy_or_zesco_terms,hours
735064844592414,Kuno yayenda kuma 10 so am wondering is it really 6 hours ?,2026-04-19T20:45:15.207446+00:00,https://www.facebook.com/100057335174945/posts/655022869752213/?app=fbl,kuno yayenda kuma 10 so am wondering is it really 6 hours,12,kuno yayenda kuma 10 wondering really 6 hours,False,0.0,neutral,0.0,0.0,1.0,0.0,neutral,0.0,neutral,False,0.0,,8,0,0.0,0.0,0.0,0.0,0.0,0.0,0.0,False,1,no_energy_or_zesco_terms,hours
3408687579404634,So u want us to use bundle yatu na 🔋 yatu to download the schedule...🤔🤔,2026-04-19T20:45:15.207456+00:00,https://www.facebook.com/100057335174945/posts/655022869752213/?app=fbl,so u want us to use bundle yatu na 🔋 yatu to download the schedule 🤔🤔,14,u want us use bundle yatu na yatu download schedule,False,0.0772,positive,0.0772,0.14,0.86,0.0,positive,0.0772,positive,False,0.0,,10,0,0.0,0.0,0.0,0.0,0.0,0.0,0.0,False,1,no_energy_or_zesco_terms,schedule
586992656597136,The problem with you is that you don't stick to your time table.,2026-04-19T20:45:15.207459+00:00,https://www.facebook.com/100057335174945/posts/655022869752213/?app=fbl,the problem with you is that you don t stick to your time table,14,problem don t stick time table,False,-0.4019,negative,-0.4019,0.0,0.597,0.403,negative,-0.4019,negative,False,0.0,,6,3,0.0,0.1666666666666666,0.1666666666666666,0.1666666666666666,0.1666666666666666,0.1666666666666666,0.0833333333333333,False,0,no_energy_or_zesco_terms,
825896758504711,We are now waiting for the schedule in each town,2026-04-19T20:45:15.207483+00:00,https://www.facebook.com/100057335174945/posts/655022869752213/?app=fbl,we are now waiting for the schedule in each town,10,now waiting schedule each town,False,0.0,neutral,0.0,0.0,1.0,0.0,neutral,0.0,neutral,False,0.0,,5,0,0.0,0.0,0.0,0.0,0.0,0.0,0.0,False,1,no_energy_or_zesco_terms,schedule
547623657410795,We have a huge problem...,2026-04-19T20:45:15.207486+00:00,https://www.facebook.com/100057335174945/posts/655022869752213/?app=fbl,we have a huge problem,5,huge problem,False,-0.1027,negative,-0.1027,0.46,0.0,0.54,negative,-0.1027,negative,False,0.0,,2,1,0.0,0.0,0.5,0.0,0.5,0.0,0.25,False,0,no_energy_or_zesco_terms,
5546989238756740,Why is it written 06 when by 5 it's gone and 12 by 11 it's gone 🙄,2026-04-19T20:45:15.207496+00:00,https://www.facebook.com/100057335174945/posts/655022869752213/?app=fbl,why is it written 06 when by 5 it s gone and 12 by 11 it s gone 🙄,18,written 06 5 s gone 12 11 s gone,False,0.0,neutral,0.0,0.0,1.0,0.0,neutral,0.0,neutral,False,0.0,,9,0,0.0,0.0,0.0,0.0,0.0,0.0,0.0,False,1,no_energy_or_zesco_terms,gone
1386596358812892,In our area it only goes for 2 hours,2026-04-19T20:45:15.207499+00:00,https://www.facebook.com/100057335174945/posts/655022869752213/?app=fbl,in our area it only goes for 2 hours,9,area only goes 2 hours,False,0.0,neutral,0.0,0.0,1.0,0.0,neutral,0.0,neutral,False,0.0,,5,0,0.0,0.0,0.0,0.0,0.0,0.0,0.0,False,1,no_energy_or_zesco_terms,hours
1111889359476601,Ati with a six hour break kwati balewamya,2026-04-19T20:45:15.207502+00:00,https://www.facebook.com/100057335174945/posts/655022869752213/?app=fbl,ati with a six hour break kwati balewamya,8,ati six hour break kwati balewamya,False,0.0,neutral,0.0,0.0,1.0,0.0,neutral,0.0,neutral,False,0.0,,6,1,0.0,0.0,0.0,0.0,0.0,0.0,0.0,False,0,no_energy_or_zesco_terms,
3320933161503894,You people are stupid. What’s the point of giving us a schedule if you can’t stick to it?,2026-04-19T20:45:15.207505+00:00,https://www.facebook.com/100057335174945/posts/655022869752213/?app=fbl,you people are stupid what’s the point of giving us a schedule if you can’t stick to it,20,people stupid s point giving us schedule t stick,False,-0.25,negative,-0.25,0.222,0.463,0.315,negative,-0.25,negative,False,0.0,,9,2,0.0,0.0,0.0,0.0,0.0,0.0,0.0,False,1,no_energy_or_zesco_terms,schedule
1819090721817416,Remove 18 to 24 please,2026-04-19T20:45:15.207527+00:00,https://www.facebook.com/100057335174945/posts/655022869752213/?app=fbl,remove 18 to 24 please,5,remove 18 24 please,False,0.3182,positive,0.3182,0.434,0.566,0.0,positive,0.3182,positive,False,0.0,,4,1,0.25,0.0,0.25,0.0,0.25,0.0,0.25,False,0,no_energy_or_zesco_terms,
544512224276231,Ameno yapela... staggering won't help.,2026-04-19T20:45:15.207531+00:00,https://www.facebook.com/100057335174945/posts/655022869752213/?app=fbl,ameno yapela staggering won t help,6,ameno yapela staggering won t help,False,0.7506,positive,0.7506,0.681,0.319,0.0,positive,0.7506,positive,False,0.0,,6,1,0.0,0.0,0.0,0.0,0.0,0.0,0.0,False,0,no_energy_or_zesco_terms,
743969146656712,Ati 6hrs  but here it's  9hrs,2026-04-19T20:45:15.207534+00:00,https://www.facebook.com/100057335174945/posts/655022869752213/?app=fbl,ati 6hrs but here it s 9hrs,7,ati 6hrs s 9hrs,False,0.0,neutral,0.0,0.0,1.0,0.0,neutral,0.0,neutral,False,0.0,,4,0,0.0,0.0,0.0,0.0,0.0,0.0,0.0,False,0,no_energy_or_zesco_terms,
857332325321181,Boza kulibe pa *3600#,2026-04-19T20:45:15.207543+00:00,https://www.facebook.com/100057335174945/posts/655022869752213/?app=fbl,boza kulibe pa 3600,4,boza kulibe pa 3600,False,0.0,neutral,0.0,0.0,1.0,0.0,neutral,0.0,neutral,False,0.0,,4,0,0.0,0.0,0.0,0.0,0.0,0.0,0.0,False,0,no_energy_or_zesco_terms,
847543629834086,You people be serious 🧐,2026-04-19T20:45:15.207554+00:00,https://www.facebook.com/100057335174945/posts/655022869752213/?app=fbl,you people be serious 🧐,4,people serious,False,-0.0772,negative,-0.0772,0.0,0.435,0.565,negative,-0.0772,negative,False,0.0,,2,0,0.0,0.0,0.0,0.0,0.0,0.0,0.0,False,0,no_energy_or_zesco_terms,
1280736795822488,Elo am bringing the fridge you know what do with it pantu it's spoiled.,2026-04-19T20:45:15.207570+00:00,https://www.facebook.com/100057335174945/posts/655022869752213/?app=fbl,elo am bringing the fridge you know what do with it pantu it s spoiled,15,elo bringing fridge know pantu s spoiled,False,0.0,neutral,0.0,0.0,1.0,0.0,neutral,0.0,neutral,False,0.0,,7,0,0.0,0.0,0.0,0.0,0.0,0.0,0.0,False,0,no_energy_or_zesco_terms,
1668706820210764,Useless schedule here in chingola town centre its 14 hrs now,2026-04-19T20:45:15.207573+00:00,https://www.facebook.com/100057335174945/posts/655022869752213/?app=fbl,useless schedule here in chingola town centre its 14 hrs now,11,useless schedule chingola town centre 14 hrs now,False,-0.4215,negative,-0.4215,0.0,0.714,0.286,negative,-0.4215,negative,False,0.0,,8,1,0.0,0.0,0.0,0.0,0.0,0.0,0.0,False,2,no_energy_or_zesco_terms,"hrs,schedule"
1122839391729639,You don't follow your time table,2026-04-19T20:45:15.207576+00:00,https://www.facebook.com/100057335174945/posts/655022869752213/?app=fbl,you don t follow your time table,7,don t follow time table,False,0.0,neutral,0.0,0.0,1.0,0.0,neutral,0.0,neutral,False,0.0,,5,2,0.0,0.2,0.0,0.2,0.0,0.2,0.0,False,0,no_energy_or_zesco_terms,
484524730301589,We want another schedule fast fast,2026-04-19T20:45:15.207582+00:00,https://www.facebook.com/100057335174945/posts/655022869752213/?app=fbl,we want another schedule fast fast,6,want another schedule fast fast,False,0.0772,positive,0.0772,0.245,0.755,0.0,positive,0.0772,positive,False,0.0,,5,0,0.0,0.0,0.0,0.0,0.0,0.0,0.0,False,1,no_energy_or_zesco_terms,schedule
1328739098134987,What  no sense is this again when did we get here how did this came do we look like your children's that you are going to be imposing everything that comes into your head when we are in the rain season,2026-04-19T20:45:15.207588+00:00,https://www.facebook.com/100057335174945/posts/655022869752213/?app=fbl,what no sense is this again when did we get here how did this came do we look like your children s that you are going to be imposing everything that comes into your head when we are in the rain season,42,sense get how came look like children s going imposing everything comes into head rain season,False,0.2732,positive,0.2732,0.148,0.769,0.083,positive,0.2732,positive,False,0.0,,16,1,0.0,0.0,0.0,0.0,0.0,0.0,0.0,False,1,no_energy_or_zesco_terms,came
686154626334892,"Ikalenifye mwilatwangasha.....rain season
so,manje mu October",2026-04-19T20:45:15.207592+00:00,https://www.facebook.com/100057335174945/posts/655022869752213/?app=fbl,ikalenifye mwilatwangasha rain season so manje mu october,8,ikalenifye mwilatwangasha rain season manje mu october,False,0.0,neutral,-0.3,0.0,1.0,0.0,negative,-0.3,negative,True,-0.3,manje,7,0,0.0,0.0,0.0,0.0,0.0,0.0,0.0,False,1,no_energy_or_zesco_terms,october
857332325321181,Boza kulibe pa *3600#,2026-04-19T20:45:15.207543+00:00,https://www.facebook.com/100057335174945/posts/655022869752213/?app=fbl,boza kulibe pa 3600,4,patricia m nkausu s s tarrying shedding pattern,False,0.0,neutral,0.0,0.0,1.0,0.0,neutral,0.0,neutral,False,0.0,,8,0,0.0,0.0,0.0,0.0,0.0,0.0,0.0,False,0,no_energy_or_zesco_terms,
857332325321181,Boza kulibe pa *3600#,2026-04-19T20:45:15.207543+00:00,https://www.facebook.com/100057335174945/posts/655022869752213/?app=fbl,boza kulibe pa 3600,4,elizabeth b mukuka just trying keeps taking back main menu meaning kulibe kaya now mwe,False,0.0,neutral,-0.3,0.0,1.0,0.0,negative,-0.3,negative,True,-0.3,kaya,15,1,0.0,0.0,0.0,0.0,0.0,0.0,0.0,False,0,no_energy_or_zesco_terms,
857332325321181,Boza kulibe pa *3600#,2026-04-19T20:45:15.207543+00:00,https://www.facebook.com/100057335174945/posts/655022869752213/?app=fbl,boza kulibe pa 3600,4,patricia m nkausu ussd platform fake information difficult use,False,-0.6808,negative,-0.6808,0.0,0.517,0.483,negative,-0.6808,negative,False,0.0,,9,3,0.0,0.0,0.1111111111111111,0.0,0.0,0.0,0.0,False,0,no_energy_or_zesco_terms,
857332325321181,Boza kulibe pa *3600#,2026-04-19T20:45:15.207543+00:00,https://www.facebook.com/100057335174945/posts/655022869752213/?app=fbl,boza kulibe pa 3600,4,lucy bwalya munthali true thought only experiencing,False,0.4215,positive,0.4215,0.318,0.682,0.0,positive,0.4215,positive,False,0.0,,7,2,0.0,0.1428571428571428,0.0,0.1428571428571428,0.0,0.1428571428571428,0.0,False,0,no_energy_or_zesco_terms,
873454657314877,Kwena bushe efyo twalaikalafye mu Zambia ifi🤔🤔🤔 awe taciweme mweee,2026-04-19T20:45:15.207613+00:00,https://www.facebook.com/100057335174945/posts/655022869752213/?app=fbl,kwena bushe efyo twalaikalafye mu zambia ifi🤔🤔🤔 awe taciweme mweee,10,kwena bushe efyo twalaikalafye mu zambia ifi awe taciweme mweee,False,0.0,neutral,-0.7,0.0,1.0,0.0,negative,-0.7,negative,True,-0.7,awe,10,0,0.0,0.0,0.0,0.0,0.0,0.0,0.0,False,0,no_energy_or_zesco_terms,
703065131322923,"Ubufifye bweka bweka,,ngayaya 06hrs 12hrs yabwela futi 14hrs yaya nokubwela 24hrs efyoyalechita kuno,,😡😡 ati 6hrs nonsense",2026-04-19T20:45:15.207619+00:00,https://www.facebook.com/100057335174945/posts/655022869752213/?app=fbl,ubufifye bweka bweka ngayaya 06hrs 12hrs yabwela futi 14hrs yaya nokubwela 24hrs efyoyalechita kuno 😡😡 ati 6hrs nonsense,17,ubufifye bweka bweka ngayaya 06hrs 12hrs yabwela futi 14hrs yaya nokubwela 24hrs efyoyalechita kuno ati 6hrs nonsense,False,-0.4019,negative,-0.4019,0.0,0.856,0.144,negative,-0.4019,negative,False,0.0,,17,1,0.0,0.0,0.0,0.0,0.0,0.0,0.0,False,0,no_energy_or_zesco_terms,
448443434026982,You don't even stick to your time schedule.,2026-04-19T20:45:15.207622+00:00,https://www.facebook.com/100057335174945/posts/655022869752213/?app=fbl,you don t even stick to your time schedule,9,don t even stick time schedule,False,0.0,neutral,0.0,0.0,1.0,0.0,neutral,0.0,neutral,False,0.0,,6,2,0.0,0.1666666666666666,0.0,0.1666666666666666,0.0,0.1666666666666666,0.0,False,1,no_energy_or_zesco_terms,schedule
3286589204915236,Will this be interchanging?,2026-04-19T20:45:15.207625+00:00,https://www.facebook.com/100057335174945/posts/655022869752213/?app=fbl,will this be interchanging,4,interchanging,False,0.0,neutral,0.0,0.0,1.0,0.0,neutral,0.0,neutral,False,0.0,,1,0,0.0,0.0,0.0,0.0,0.0,0.0,0.0,False,0,no_energy_or_zesco_terms,
552549073451291,Nanga ija inangu taimu tebo 🤷🏽‍♂️🤷🏽‍♂️🤷🏽‍♂️🤷🏽‍♂️🤦🏽,2026-04-19T20:45:15.207628+00:00,https://www.facebook.com/100057335174945/posts/655022869752213/?app=fbl,nanga ija inangu taimu tebo 🤷🏽‍♂️🤷🏽‍♂️🤷🏽‍♂️🤷🏽‍♂️🤦🏽,5,nanga ija inangu taimu tebo,False,0.0,neutral,0.0,0.0,1.0,0.0,neutral,0.0,neutral,False,0.0,,5,0,0.0,0.0,0.0,0.0,0.0,0.0,0.0,False,0,no_energy_or_zesco_terms,
489414600003382,OK but why is going at 18:00 now,2026-04-19T20:45:15.207632+00:00,https://www.facebook.com/100057335174945/posts/655022869752213/?app=fbl,ok but why is going at 18 00 now,9,ok going 18 00 now,False,0.296,positive,0.296,0.355,0.645,0.0,positive,0.296,positive,False,0.0,,5,0,0.0,0.0,0.0,0.0,0.0,0.0,0.0,False,0,no_energy_or_zesco_terms,
514597170766953,Kuno matero from 11 sharp namanje aweh nikulimba ni animal farm,2026-04-19T20:45:15.207653+00:00,https://www.facebook.com/100057335174945/posts/655022869752213/?app=fbl,kuno matero from 11 sharp namanje aweh nikulimba ni animal farm,11,kuno matero 11 sharp namanje aweh nikulimba ni animal farm,False,0.0,neutral,0.0,0.0,1.0,0.0,neutral,0.0,neutral,False,0.0,,10,1,0.0,0.1,0.0,0.0,0.0,0.1,0.0,False,0,no_energy_or_zesco_terms,
2978703459090877,"58years of Independence, but still mubusha!",2026-04-19T20:45:15.207679+00:00,https://www.facebook.com/100057335174945/posts/655022869752213/?app=fbl,58years of independence but still mubusha,6,58years independence still mubusha,False,0.0,neutral,0.0,0.0,1.0,0.0,neutral,0.0,neutral,False,0.0,,4,1,0.0,0.25,0.0,0.25,0.0,0.25,0.0,False,0,no_energy_or_zesco_terms,
576502217672417,Muli ba chebe Chebe😣,2026-04-19T20:45:15.207685+00:00,https://www.facebook.com/100057335174945/posts/655022869752213/?app=fbl,muli ba chebe chebe😣,4,muli ba chebe chebe,False,0.0,neutral,0.0,0.0,1.0,0.0,neutral,0.0,neutral,False,0.0,,4,0,0.0,0.0,0.0,0.0,0.0,0.0,0.0,False,0,no_energy_or_zesco_terms,
1550493912137739,Mwani paila na TV imwe ba Mbuzi,2026-04-19T20:45:15.207691+00:00,https://www.facebook.com/100057335174945/posts/655022869752213/?app=fbl,mwani paila na tv imwe ba mbuzi,7,mwani paila na tv imwe ba mbuzi,False,0.0,neutral,-0.8,0.0,1.0,0.0,negative,-0.8,negative,True,-0.8,ba mbuzi,7,0,0.0,0.0,0.0,0.0,0.0,0.0,0.0,False,0,no_energy_or_zesco_terms,
570647161581047,You are the Worst company to ever exist on earth.😠,2026-04-19T20:45:15.207707+00:00,https://www.facebook.com/100057335174945/posts/655022869752213/?app=fbl,you are the worst company to ever exist on earth 😠,10,worst company ever exist earth,False,-0.6249,negative,-0.6249,0.0,0.494,0.506,negative,-0.6249,negative,False,0.0,,5,0,0.0,0.0,0.0,0.0,0.0,0.0,0.0,False,0,no_energy_or_zesco_terms,
494351242820167,Susan Bwalya Katongo  washuka,2026-04-19T20:45:15.207710+00:00,https://www.facebook.com/100057335174945/posts/655022869752213/?app=fbl,susan bwalya katongo washuka,4,susan bwalya katongo washuka,False,0.0,neutral,0.0,0.0,1.0,0.0,neutral,0.0,neutral,False,0.0,,4,0,0.0,0.0,0.0,0.0,0.0,0.0,0.0,False,0,no_energy_or_zesco_terms,
501129308798021,Kumba Kuku Diallo aish,2026-04-19T20:45:15.207719+00:00,https://www.facebook.com/100057335174945/posts/655022869752213/?app=fbl,kumba kuku diallo aish,4,kumba kuku diallo aish,False,0.0,neutral,0.0,0.0,1.0,0.0,neutral,0.0,neutral,False,0.0,,4,0,0.0,0.0,0.0,0.0,0.0,0.0,0.0,False,0,no_energy_or_zesco_terms,
3397388003915845,✔️HH is very smart cause this makes a lot of sense. This is better,2026-04-19T20:45:15.207731+00:00,https://www.facebook.com/100057335174945/posts/655022869752213/?app=fbl,✔️hh is very smart cause this makes a lot of sense this is better,14,hh very smart cause makes lot sense better,False,0.7089,positive,0.7089,0.496,0.504,0.0,positive,0.7089,positive,False,0.0,,8,1,0.0,0.0,0.0,0.0,0.0,0.0,0.0,False,0,no_energy_or_zesco_terms,
1220785765502811,You don't even stick to your timetable huh,2026-04-19T20:45:15.207737+00:00,https://www.facebook.com/100057335174945/posts/655022869752213/?app=fbl,you don t even stick to your timetable huh,9,don t even stick timetable huh,False,0.0,neutral,0.0,0.0,1.0,0.0,neutral,0.0,neutral,False,0.0,,6,1,0.0,0.0,0.0,0.1666666666666666,0.0,0.0,0.0,False,1,no_energy_or_zesco_terms,timetable
494351242820167,Susan Bwalya Katongo  washuka,2026-04-19T20:45:15.207710+00:00,https://www.facebook.com/100057335174945/posts/655022869752213/?app=fbl,susan bwalya katongo washuka,4,mwamba m katongo wanted look post tag let go chawama seen yourself,False,0.0,neutral,0.0,0.0,1.0,0.0,neutral,0.0,neutral,False,0.0,,12,0,0.0,0.0,0.0,0.0,0.0,0.0,0.0,False,0,no_energy_or_zesco_terms,
501129308798021,Kumba Kuku Diallo aish,2026-04-19T20:45:15.207719+00:00,https://www.facebook.com/100057335174945/posts/655022869752213/?app=fbl,kumba kuku diallo aish,4,kumba kuku diallo ok boo,False,0.296,positive,0.296,0.355,0.645,0.0,positive,0.296,positive,False,0.0,,5,1,0.0,0.0,0.0,0.0,0.0,0.0,0.0,False,0,no_energy_or_zesco_terms,
579156810706802,Ben Jones Mainga Mweetwa wanyema mulombwana,2026-04-19T20:45:15.207815+00:00,https://www.facebook.com/100057335174945/posts/655022869752213/?app=fbl,ben jones mainga mweetwa wanyema mulombwana,6,ben jones mainga mweetwa wanyema mulombwana,False,0.0,neutral,0.0,0.0,1.0,0.0,neutral,0.0,neutral,False,0.0,,6,0,0.0,0.0,0.0,0.0,0.0,0.0,0.0,False,0,no_energy_or_zesco_terms,
3654329838127689,Twice a day ba criminal!!stop showing us the fake timetable 😡,2026-04-19T20:45:15.207818+00:00,https://www.facebook.com/100057335174945/posts/655022869752213/?app=fbl,twice a day ba criminal stop showing us the fake timetable 😡,11,twice day ba criminal stop showing us fake timetable,False,-0.8271,negative,-0.8271,0.0,0.408,0.592,negative,-0.8271,negative,False,0.0,,9,2,0.1111111111111111,0.0,0.1111111111111111,0.0,0.0,0.0,0.0555555555555555,False,1,no_energy_or_zesco_terms,timetable
501978025411030,Eunice K Kapoka awe sure not things mwe,2026-04-19T20:45:15.207828+00:00,https://www.facebook.com/100057335174945/posts/655022869752213/?app=fbl,eunice k kapoka awe sure not things mwe,8,eunice k kapoka awe sure things mwe,False,0.3182,positive,-0.3818,0.315,0.685,0.0,negative,-0.3818,negative,True,-0.7,awe,7,0,0.0,0.0,0.0,0.0,0.0,0.0,0.0,False,0,no_energy_or_zesco_terms,
830250864942876,"At least tell us which times have been allocated to each area. Like this, you're just doing for ma dongo dongo. How are we meant to prepare accordingly like this? 🙄",2026-04-19T20:45:15.207834+00:00,https://www.facebook.com/100057335174945/posts/655022869752213/?app=fbl,at least tell us which times have been allocated to each area like this you re just doing for ma dongo dongo how are we meant to prepare accordingly like this 🙄,31,least tell us times allocated each area like re just doing ma dongo dongo how meant prepare accordingly like,False,0.6124,positive,0.6124,0.227,0.773,0.0,positive,0.6124,positive,False,0.0,,19,1,0.0,0.0526315789473684,0.0,0.0,0.0,0.0526315789473684,0.0,False,0,no_energy_or_zesco_terms,
1322247068623670,WHERE IS THE SIX HOURS YOU PROMISED!!!!05-17HRS.....YOU HYPOCRITES.!!!!!!BIG ONES!!!!!MATTER FACT NDIMWE...GAGA....,2026-04-19T20:45:15.207839+00:00,https://www.facebook.com/100057335174945/posts/655022869752213/?app=fbl,where is the six hours you promised 05 17hrs you hypocrites big ones matter fact ndimwe gaga,17,six hours promised 05 17hrs hypocrites big ones matter fact ndimwe gaga,False,0.3818,positive,0.3818,0.265,0.735,0.0,positive,0.3818,positive,False,0.0,,12,1,0.0,0.0,0.0,0.0833333333333333,0.0,0.0,0.0,False,2,no_energy_or_zesco_terms,"hours,promised"
846945916381966,This company also🙄no change at all..ma years nama years no change 😑😑😑same story😑 very embarrassing...,2026-04-19T20:45:15.207850+00:00,https://www.facebook.com/100057335174945/posts/655022869752213/?app=fbl,this company also🙄no change at all ma years nama years no change 😑😑😑same story😑 very embarrassing,17,company also change ma years nama years change same story very embarrassing,False,-0.4391,negative,-0.4391,0.0,0.792,0.208,negative,-0.4391,negative,False,0.0,,12,3,0.0,0.0,0.1666666666666666,0.0,0.0,0.0,0.0,False,0,no_energy_or_zesco_terms,
579156810706802,Ben Jones Mainga Mweetwa wanyema mulombwana,2026-04-19T20:45:15.207815+00:00,https://www.facebook.com/100057335174945/posts/655022869752213/?app=fbl,ben jones mainga mweetwa wanyema mulombwana,6,lia exasperate people mwata kkkkk,False,0.0,neutral,0.0,0.0,1.0,0.0,neutral,0.0,neutral,False,0.0,,5,0,0.0,0.0,0.0,0.0,0.0,0.0,0.0,False,0,no_energy_or_zesco_terms,
1175176329792316,Hazel Zimba Ati shani boss,2026-04-19T20:45:15.207862+00:00,https://www.facebook.com/100057335174945/posts/655022869752213/?app=fbl,hazel zimba ati shani boss,5,hazel zimba ati shani boss,False,0.0,neutral,0.0,0.0,1.0,0.0,neutral,0.0,neutral,False,0.0,,5,0,0.0,0.0,0.0,0.0,0.0,0.0,0.0,False,0,no_energy_or_zesco_terms,
1699234950533889,Malunga Banda Jr. Thanks,2026-04-19T20:45:15.207870+00:00,https://www.facebook.com/100057335174945/posts/655022869752213/?app=fbl,malunga banda jr thanks,4,malunga banda jr thanks,False,0.4404,positive,0.4404,0.492,0.508,0.0,positive,0.4404,positive,False,0.0,,4,0,0.0,0.0,0.0,0.0,0.0,0.0,0.0,False,0,no_energy_or_zesco_terms,
812172198006811,Us here they are giving as 3hrs imagine we,2026-04-19T20:45:15.207909+00:00,https://www.facebook.com/100057335174945/posts/655022869752213/?app=fbl,us here they are giving as 3hrs imagine we,9,us giving 3hrs imagine,False,0.34,positive,0.34,0.444,0.556,0.0,positive,0.34,positive,False,0.0,,4,1,0.0,0.0,0.0,0.0,0.0,0.0,0.0,False,0,no_energy_or_zesco_terms,
739437660630695,More like beyond 12 hours 😡,2026-04-19T20:45:15.207915+00:00,https://www.facebook.com/100057335174945/posts/655022869752213/?app=fbl,more like beyond 12 hours 😡,5,like beyond 12 hours,False,0.3612,positive,0.3612,0.455,0.545,0.0,positive,0.3612,positive,False,0.0,,4,0,0.0,0.0,0.0,0.0,0.0,0.0,0.0,False,1,no_energy_or_zesco_terms,hours
2041725376176828,Tax payer's money busy with it,2026-04-19T20:45:15.207920+00:00,https://www.facebook.com/100057335174945/posts/655022869752213/?app=fbl,tax payer s money busy with it,7,tax payer s money busy,False,0.0,neutral,0.0,0.0,1.0,0.0,neutral,0.0,neutral,False,0.0,,5,2,0.2,0.2,0.0,0.2,0.2,0.2,0.2,False,0,no_energy_or_zesco_terms,
8627386197333945,Better muleshimyako 00:00 hours ninshi imwe,2026-04-19T20:45:15.207928+00:00,https://www.facebook.com/100057335174945/posts/655022869752213/?app=fbl,better muleshimyako 00 00 hours ninshi imwe,7,better muleshimyako 00 00 hours ninshi imwe,False,0.4404,positive,0.4404,0.326,0.674,0.0,positive,0.4404,positive,False,0.0,,7,0,0.0,0.0,0.0,0.0,0.0,0.0,0.0,False,1,no_energy_or_zesco_terms,hours
779466737124065,"TEACHERS LOANS 
https://www.biumoney.com/invite/250634
GOVERNMENT WORKERS LOANS: https://www.biumoney.com/invite/15465T
PRIVATE WORKERS LOANS:
https://www.zamcash.com/invite/1178700
ZAMCASH LOANS: https://www.zamcash.com/invite/1101926L
NEW TEACHERS LOANS: https://www.biumoney.com/invite/22299
ZAMCASH LOANS IN 30 SECONDS:
https://www.zamcash.com/invite/270332L
ZAMCASH IN 2 MINUTES 
https://www.zamcash.com/invite/281449",2026-04-19T20:45:15.207951+00:00,https://www.facebook.com/100057335174945/posts/655022869752213/?app=fbl,teachers loans government workers loans private workers loans zamcash loans new teachers loans zamcash loans in 30 seconds zamcash in 2 minutes,22,teachers loans government workers loans private workers loans zamcash loans new teachers loans zamcash loans 30 seconds zamcash 2 minutes,False,0.0,neutral,0.0,0.0,1.0,0.0,neutral,0.0,neutral,False,0.0,,20,1,0.0,0.0,0.05,0.0,0.0,0.0,0.0,False,0,no_energy_or_zesco_terms,
714690887405115,Why dont u ask Garry Nkombo for solution imwe,2026-04-19T20:45:15.207975+00:00,https://www.facebook.com/100057335174945/posts/655022869752213/?app=fbl,why dont u ask garry nkombo for solution imwe,9,dont u ask garry nkombo solution imwe,False,0.3182,positive,0.3182,0.315,0.685,0.0,positive,0.3182,positive,False,0.0,,7,1,0.0,0.0,0.0,0.0,0.0,0.0,0.0,False,0,no_energy_or_zesco_terms,
877398570239153,"Plenty story cut short, thank you Mrs Zemstvo mosonda for being there for me, I truly appreciate her kind and positive words its been nice doing business with her. I have be in low financial status I went through depression and come out alive, I don't know how, I had so much bitterness because of this. But ever since I started investing into Mrs zemstvo mosonda company platform I started benefiting through out, I became more and more positive and I stopped listening to people rumors talks about her...

👇👇👇👇👇
Zemstvo mosonda",2026-04-19T20:45:15.207995+00:00,https://www.facebook.com/100057335174945/posts/655022869752213/?app=fbl,plenty story cut short thank you mrs zemstvo mosonda for being there for me i truly appreciate her kind and positive words its been nice doing business with her i have be in low financial status i went through depression and come out alive i don t know how i had so much bitterness because of this but ever since i started investing into mrs zemstvo mosonda company platform i started benefiting through out i became more and more positive and i stopped listening to people rumors talks about her 👇👇👇👇👇 zemstvo mosonda,92,plenty story cut short thank mrs zemstvo mosonda being truly appreciate kind positive words nice doing business low financial status went through depression come alive don t know how much bitterness because ever since started investing into mrs zemstvo mosonda company platform started benefiting through became positive stopped listening people rumors talks zemstvo mosonda,True,0.9118,positive,0.9118,0.315,0.522,0.163,negative,0.9118,negative,False,0.0,,54,7,0.037037037037037,0.0185185185185185,0.0,0.0555555555555555,0.037037037037037,0.0185185185185185,0.037037037037037,False,2,no_energy_or_zesco_terms,"come,cut"
1358542278236308,Why posting something that you don't follow,2026-04-19T20:45:15.208000+00:00,https://www.facebook.com/100057335174945/posts/655022869752213/?app=fbl,why posting something that you don t follow,8,posting something don t follow,False,0.0,neutral,0.0,0.0,1.0,0.0,neutral,0.0,neutral,False,0.0,,5,1,0.0,0.0,0.0,0.2,0.0,0.0,0.0,False,0,no_energy_or_zesco_terms,
2322304157925812,Can you start rotation.,2026-04-19T20:45:15.208017+00:00,https://www.facebook.com/100057335174945/posts/655022869752213/?app=fbl,can you start rotation,4,start rotation,False,0.0,neutral,0.0,0.0,1.0,0.0,neutral,0.0,neutral,False,0.0,,2,1,0.0,0.5,0.0,0.0,0.0,0.5,0.0,False,0,no_energy_or_zesco_terms,
712577027228515,"Ifa olowo AJAGUN is a very powerful spiritual man, who has been a source of  of blessings and hope  to many people worldwide both home and abroad. If you are interested in making money and getting rich without human blood or sacrifice and no repurcussion : +2347065707927",2026-04-19T20:45:15.208026+00:00,https://www.facebook.com/100057335174945/posts/655022869752213/?app=fbl,ifa olowo ajagun is a very powerful spiritual man who has been a source of of blessings and hope to many people worldwide both home and abroad if you are interested in making money and getting rich without human blood or sacrifice and no repurcussion 2347065707927,46,ifa olowo ajagun very powerful spiritual man source blessings hope many people worldwide both home abroad interested making money getting rich without human blood sacrifice repurcussion 2347065707927,False,0.9412,positive,0.9412,0.418,0.582,0.0,positive,0.9412,positive,False,0.0,,27,5,0.074074074074074,0.1481481481481481,0.037037037037037,0.1481481481481481,0.037037037037037,0.1481481481481481,0.0555555555555555,False,0,no_energy_or_zesco_terms,
703561894546160,Stick to your schedule!!! Not these false times that your employees do not follow! Complete and utter rubbish!!!,2026-04-19T20:45:15.208043+00:00,https://www.facebook.com/100057335174945/posts/655022869752213/?app=fbl,stick to your schedule not these false times that your employees do not follow complete and utter rubbish,18,stick schedule false times employees follow complete utter rubbish,False,0.0,neutral,0.0,0.0,1.0,0.0,neutral,0.0,neutral,False,0.0,,9,1,0.0,0.0,0.0,0.0,0.0,0.0,0.0,False,1,no_energy_or_zesco_terms,schedule
1895932464076398,"Here in Libala it goes 05hrs to 11hrs,17hrs to 23😔other areas it's it goes for 6hrs only. You're not fair.",2026-04-19T20:45:15.208052+00:00,https://www.facebook.com/100057335174945/posts/655022869752213/?app=fbl,here in libala it goes 05hrs to 11hrs 17hrs to 23😔other areas it s it goes for 6hrs only you re not fair,24,libala goes 05hrs 11hrs 17hrs 23 other areas s goes 6hrs only re fair,False,0.3182,positive,0.3182,0.161,0.839,0.0,positive,0.3182,positive,False,0.0,,14,1,0.0,0.0,0.0,0.0,0.0,0.0,0.0,False,0,no_energy_or_zesco_terms,
661422669058089,So what was wrong with the one for 11hrs ahhh ba Zeze naimwe 😒😒😒😒,2026-04-19T20:45:15.208060+00:00,https://www.facebook.com/100057335174945/posts/655022869752213/?app=fbl,so what was wrong with the one for 11hrs ahhh ba zeze naimwe 😒😒😒😒,13,wrong 11hrs ahhh ba zeze naimwe,False,-0.4767,negative,-0.8767,0.0,0.617,0.383,negative,-0.8767,negative,True,-0.4,naimwe,6,1,0.0,0.0,0.0,0.0,0.0,0.0,0.0,False,0,no_energy_or_zesco_terms,
1098598597477050,I hate this company!,2026-04-19T20:45:15.208063+00:00,https://www.facebook.com/100057335174945/posts/655022869752213/?app=fbl,i hate this company,4,hate company,False,-0.5719,negative,-0.5719,0.0,0.213,0.787,negative,-0.5719,negative,False,0.0,,2,1,0.5,0.0,0.5,0.0,0.5,0.0,0.5,False,0,no_energy_or_zesco_terms,
559897986037225,Lucky phiri ZNBC news Lusaka,2026-04-19T20:45:15.208078+00:00,https://www.facebook.com/100057335174945/posts/655022869752213/?app=fbl,lucky phiri znbc news lusaka,5,lucky phiri znbc news lusaka,False,0.4215,positive,0.4215,0.412,0.588,0.0,positive,0.4215,positive,False,0.0,,5,1,0.0,0.0,0.0,0.0,0.0,0.0,0.0,False,0,no_energy_or_zesco_terms,
855178339067685,Wat we are experiencing is totally different from wat u are saying coz imagine 00:00 hours to 06:00 but reality 00:00-13:00😳,2026-04-19T20:45:15.208087+00:00,https://www.facebook.com/100057335174945/posts/655022869752213/?app=fbl,wat we are experiencing is totally different from wat u are saying coz imagine 00 00 hours to 06 00 but reality 00 00 13 00😳,26,wat experiencing totally different wat u saying coz imagine 00 00 hours 06 00 reality 00 00 13 00,False,0.0,neutral,0.0,0.0,1.0,0.0,neutral,0.0,neutral,False,0.0,,19,0,0.0,0.0,0.0,0.0,0.0,0.0,0.0,False,1,no_energy_or_zesco_terms,hours
1212182749711840,Muziba its like you know what Hakainde Hichilema these people ain't obeying and following the time they put them selvs,2026-04-19T20:45:15.208098+00:00,https://www.facebook.com/100057335174945/posts/655022869752213/?app=fbl,muziba its like you know what hakainde hichilema these people ain t obeying and following the time they put them selvs,21,muziba like know hakainde hichilema people ain t obeying following time put selvs,False,0.3612,positive,0.3612,0.185,0.815,0.0,positive,0.3612,positive,False,0.0,,13,1,0.0,0.0769230769230769,0.0,0.0,0.0,0.0769230769230769,0.0,False,0,no_energy_or_zesco_terms,
682094463705510,Do we look like we don't have things to do😒😒😒,2026-04-19T20:45:15.208101+00:00,https://www.facebook.com/100057335174945/posts/655022869752213/?app=fbl,do we look like we don t have things to do😒😒😒,11,look like don t things,False,0.3612,positive,0.3612,0.455,0.545,0.0,positive,0.3612,positive,False,0.0,,5,1,0.0,0.0,0.0,0.2,0.0,0.0,0.0,False,0,no_energy_or_zesco_terms,
1353026225472470,Can you get the manager on here😑😑,2026-04-19T20:45:15.208103+00:00,https://www.facebook.com/100057335174945/posts/655022869752213/?app=fbl,can you get the manager on here😑😑,7,get manager,False,0.0,neutral,0.0,0.0,1.0,0.0,neutral,0.0,neutral,False,0.0,,2,0,0.0,0.0,0.0,0.0,0.0,0.0,0.0,False,0,no_energy_or_zesco_terms,
913157799847897,Why ain't you guys following your time table😏😏😏😏😑😑😑,2026-04-19T20:45:15.208106+00:00,https://www.facebook.com/100057335174945/posts/655022869752213/?app=fbl,why ain t you guys following your time table😏😏😏😏😑😑😑,9,ain t guys following time table,False,0.0,neutral,0.0,0.0,1.0,0.0,neutral,0.0,neutral,False,0.0,,6,1,0.0,0.1666666666666666,0.0,0.0,0.0,0.1666666666666666,0.0,False,0,no_energy_or_zesco_terms,
1268315873726537,Wenye!!!kuno we are still experiencing 12hrs,2026-04-19T20:45:15.208109+00:00,https://www.facebook.com/100057335174945/posts/655022869752213/?app=fbl,wenye kuno we are still experiencing 12hrs,7,wenye kuno still experiencing 12hrs,False,0.0,neutral,0.0,0.0,1.0,0.0,neutral,0.0,neutral,False,0.0,,5,0,0.0,0.0,0.0,0.0,0.0,0.0,0.0,False,0,no_energy_or_zesco_terms,
1529471604224151,Why the lies though 😢,2026-04-19T20:45:15.208115+00:00,https://www.facebook.com/100057335174945/posts/655022869752213/?app=fbl,why the lies though 😢,4,lies though,False,-0.4215,negative,-0.4215,0.0,0.263,0.737,negative,-0.4215,negative,False,0.0,,2,0,0.0,0.0,0.0,0.0,0.0,0.0,0.0,False,0,no_energy_or_zesco_terms,
1592110744564752,The best thing u can do is just off until the month u will be done wth ever you doing.,2026-04-19T20:45:15.208124+00:00,https://www.facebook.com/100057335174945/posts/655022869752213/?app=fbl,the best thing u can do is just off until the month u will be done wth ever you doing,20,best thing u just off until month u done wth ever doing,False,0.2023,positive,0.2023,0.269,0.513,0.218,positive,0.2023,positive,False,0.0,,12,0,0.0,0.0,0.0,0.0,0.0,0.0,0.0,False,1,no_energy_or_zesco_terms,off
6053644208025680,"Please let it be rotating, We are tired 3 days in darkness sure",2026-04-19T20:45:15.208127+00:00,https://www.facebook.com/100057335174945/posts/655022869752213/?app=fbl,please let it be rotating we are tired 3 days in darkness sure,13,please let rotating tired 3 days darkness sure,False,-0.0772,negative,-0.0772,0.368,0.24,0.392,negative,-0.0772,negative,False,0.0,,8,2,0.125,0.0,0.125,0.0,0.125,0.0,0.125,False,0,no_energy_or_zesco_terms,
683576683463546,Failure's you can't even stick to your time table,2026-04-19T20:45:15.208138+00:00,https://www.facebook.com/100057335174945/posts/655022869752213/?app=fbl,failure s you can t even stick to your time table,11,failure s t even stick time table,False,-0.5106,negative,-0.5106,0.0,0.548,0.452,negative,-0.5106,negative,False,0.0,,7,2,0.0,0.1428571428571428,0.1428571428571428,0.0,0.1428571428571428,0.1428571428571428,0.0714285714285714,False,0,no_energy_or_zesco_terms,
700699698437908,🙆Fair the manager tamulemona mukote🧓,2026-04-19T20:45:15.208141+00:00,https://www.facebook.com/100057335174945/posts/655022869752213/?app=fbl,🙆fair the manager tamulemona mukote🧓,5,fair manager tamulemona mukote,False,0.3182,positive,0.3182,0.434,0.566,0.0,positive,0.3182,positive,False,0.0,,4,1,0.0,0.0,0.0,0.0,0.0,0.0,0.0,False,0,no_energy_or_zesco_terms,
1135548820481792,Bachinja futi Evangelist Jones Wamunazaret Salepela,2026-04-19T20:45:15.208159+00:00,https://www.facebook.com/100057335174945/posts/655022869752213/?app=fbl,bachinja futi evangelist jones wamunazaret salepela,6,bachinja futi evangelist jones wamunazaret salepela,False,0.0,neutral,0.0,0.0,1.0,0.0,neutral,0.0,neutral,False,0.0,,6,0,0.0,0.0,0.0,0.0,0.0,0.0,0.0,False,0,no_energy_or_zesco_terms,
1128673127789731,Stick to what you say you,2026-04-19T20:45:15.208179+00:00,https://www.facebook.com/100057335174945/posts/655022869752213/?app=fbl,stick to what you say you,6,stick say,False,0.0,neutral,0.0,0.0,1.0,0.0,neutral,0.0,neutral,False,0.0,,2,0,0.0,0.0,0.0,0.0,0.0,0.0,0.0,False,0,no_energy_or_zesco_terms,
852332562654135,Hello I can't find it,2026-04-19T20:45:15.208182+00:00,https://www.facebook.com/100057335174945/posts/655022869752213/?app=fbl,hello i can t find it,6,hello t find,False,0.0,neutral,0.0,0.0,1.0,0.0,neutral,0.0,neutral,False,0.0,,3,0,0.0,0.0,0.0,0.0,0.0,0.0,0.0,False,0,no_energy_or_zesco_terms,
752952299080304,You don't regret,2026-04-19T20:45:15.208210+00:00,https://www.facebook.com/100057335174945/posts/655022869752213/?app=fbl,you don t regret,4,don t regret,False,-0.4215,negative,-0.4215,0.0,0.263,0.737,negative,-0.4215,negative,False,0.0,,3,2,0.0,0.0,0.0,0.3333333333333333,0.3333333333333333,0.0,0.1666666666666666,False,0,no_energy_or_zesco_terms,
875659996891950,our actual 10am off to 18hrs apa 23hrs yaya m confused.,2026-04-19T20:45:15.208216+00:00,https://www.facebook.com/100057335174945/posts/655022869752213/?app=fbl,our actual 10am off to 18hrs apa 23hrs yaya m confused,11,actual 10am off 18hrs apa 23hrs yaya m confused,False,-0.3182,negative,-0.3182,0.0,0.753,0.247,negative,-0.3182,negative,False,0.0,,9,1,0.0,0.0,0.0,0.0,0.0,0.0,0.0,False,1,no_energy_or_zesco_terms,off
1209250903302028,But kwatu it cut at 10:40 kubwela 18 hrs I cnt see such there,2026-04-19T20:45:15.208222+00:00,https://www.facebook.com/100057335174945/posts/655022869752213/?app=fbl,but kwatu it cut at 10 40 kubwela 18 hrs i cnt see such there,15,kwatu cut 10 40 kubwela 18 hrs cnt see such,False,-0.2732,negative,-0.2732,0.0,0.811,0.189,negative,-0.2732,negative,False,0.0,,10,0,0.0,0.0,0.0,0.0,0.0,0.0,0.0,False,2,no_energy_or_zesco_terms,"cut,hrs"
5723757744386218,If you want just shutdown the whole nation 😒 kwati palipo notumaiti,2026-04-19T20:45:15.208228+00:00,https://www.facebook.com/100057335174945/posts/655022869752213/?app=fbl,if you want just shutdown the whole nation 😒 kwati palipo notumaiti,11,want just shutdown whole nation kwati palipo notumaiti,False,0.0772,positive,0.0772,0.157,0.843,0.0,positive,0.0772,positive,False,0.0,,8,1,0.0,0.0,0.0,0.125,0.0,0.0,0.0,False,0,no_energy_or_zesco_terms,
707485110743912,Stupid selfish fools give chance to other utility companies than punishing people like this,2026-04-19T20:45:15.208236+00:00,https://www.facebook.com/100057335174945/posts/655022869752213/?app=fbl,stupid selfish fools give chance to other utility companies than punishing people like this,14,stupid selfish fools give chance other utility companies than punishing people like,False,-0.8689,negative,-0.8689,0.189,0.252,0.559,negative,-0.8689,negative,False,0.0,,12,5,0.1666666666666666,0.0,0.0833333333333333,0.0,0.0833333333333333,0.0,0.125,False,0,no_energy_or_zesco_terms,
3166069063656114,You're not following this schedule,2026-04-19T20:45:15.208254+00:00,https://www.facebook.com/100057335174945/posts/655022869752213/?app=fbl,you re not following this schedule,6,re following schedule,False,0.0,neutral,0.0,0.0,1.0,0.0,neutral,0.0,neutral,False,0.0,,3,0,0.0,0.0,0.0,0.0,0.0,0.0,0.0,False,1,no_energy_or_zesco_terms,schedule
1166124727370917,Imwe amenshi mu rainy season yakama what more mu October,2026-04-19T20:45:15.208262+00:00,https://www.facebook.com/100057335174945/posts/655022869752213/?app=fbl,imwe amenshi mu rainy season yakama what more mu october,10,imwe amenshi mu rainy season yakama mu october,False,-0.0772,negative,-0.0772,0.0,0.843,0.157,negative,-0.0772,negative,False,0.0,,8,1,0.0,0.0,0.0,0.0,0.125,0.0,0.0625,False,1,no_energy_or_zesco_terms,october
1642015762885082,This is somehow not real where I am its not going 6hrs it went 7hrs straight.....,2026-04-19T20:45:15.208264+00:00,https://www.facebook.com/100057335174945/posts/655022869752213/?app=fbl,this is somehow not real where i am its not going 6hrs it went 7hrs straight,16,somehow real going 6hrs went 7hrs straight,False,0.2263,positive,0.2263,0.241,0.759,0.0,positive,0.2263,positive,False,0.0,,7,1,0.0,0.0,0.0,0.1428571428571428,0.0,0.0,0.0,False,0,no_energy_or_zesco_terms,
693133345609808,this schedule isn't even working 😒,2026-04-19T20:45:15.208267+00:00,https://www.facebook.com/100057335174945/posts/655022869752213/?app=fbl,this schedule isn t even working 😒,6,schedule isn t even working,False,0.0,neutral,0.0,0.0,1.0,0.0,neutral,0.0,neutral,False,0.0,,5,1,0.0,0.0,0.0,0.0,0.0,0.0,0.0,False,1,no_energy_or_zesco_terms,schedule
875260846954800,Kuti waseka kwati fyamano mwembwamwe.,2026-04-19T20:45:15.208270+00:00,https://www.facebook.com/100057335174945/posts/655022869752213/?app=fbl,kuti waseka kwati fyamano mwembwamwe,5,kuti waseka kwati fyamano mwembwamwe,False,0.0,neutral,-0.3,0.0,1.0,0.0,negative,-0.3,negative,True,-0.3,kuti,5,0,0.0,0.0,0.0,0.0,0.0,0.0,0.0,False,0,no_energy_or_zesco_terms,
1781667235550337,But y is it still going twice in a day?,2026-04-19T20:45:15.208276+00:00,https://www.facebook.com/100057335174945/posts/655022869752213/?app=fbl,but y is it still going twice in a day,10,y still going twice day,False,0.0,neutral,0.0,0.0,1.0,0.0,neutral,0.0,neutral,False,0.0,,5,0,0.0,0.0,0.0,0.0,0.0,0.0,0.0,False,0,no_energy_or_zesco_terms,
414546447498017,This is not right,2026-04-19T20:45:15.208284+00:00,https://www.facebook.com/100057335174945/posts/655022869752213/?app=fbl,this is not right,4,right,False,0.0,neutral,0.0,0.0,1.0,0.0,neutral,0.0,neutral,False,0.0,,1,0,0.0,0.0,0.0,0.0,0.0,0.0,0.0,False,0,no_energy_or_zesco_terms,
875110533683969,The most annoying time table here is the one from 18hrs to 00hrs🤔,2026-04-19T20:45:15.208286+00:00,https://www.facebook.com/100057335174945/posts/655022869752213/?app=fbl,the most annoying time table here is the one from 18hrs to 00hrs🤔,13,most annoying time table 18hrs 00hrs,False,-0.4576,negative,-0.4576,0.0,0.626,0.374,negative,-0.4576,negative,False,0.0,,6,2,0.1666666666666666,0.1666666666666666,0.0,0.0,0.0,0.1666666666666666,0.0833333333333333,False,0,no_energy_or_zesco_terms,
710471757268317,Hope you will stick to your time table,2026-04-19T20:45:15.208292+00:00,https://www.facebook.com/100057335174945/posts/655022869752213/?app=fbl,hope you will stick to your time table,8,hope stick time table,False,0.4404,positive,0.4404,0.492,0.508,0.0,positive,0.4404,positive,False,0.0,,4,2,0.0,0.5,0.0,0.25,0.0,0.5,0.0,False,0,no_energy_or_zesco_terms,
1327470487793289,Kaya why the don't rotate,2026-04-19T20:45:15.208297+00:00,https://www.facebook.com/100057335174945/posts/655022869752213/?app=fbl,kaya why the don t rotate,6,kaya don t rotate,False,0.0,neutral,-0.3,0.0,1.0,0.0,negative,-0.3,negative,True,-0.3,kaya,4,1,0.0,0.0,0.0,0.25,0.0,0.0,0.0,False,0,no_energy_or_zesco_terms,
842383250210740,PLEASE  UULOLESHA KUNKANA COLLEGE APOSEKO AMANO IFWE TATUKWETE AMAALAITI BAMBI NABAKWATA  IFYAKUMINKONKA KUMA OFFICESES TATULEFWAYA .,2026-04-19T20:45:15.208303+00:00,https://www.facebook.com/100057335174945/posts/655022869752213/?app=fbl,please uulolesha kunkana college aposeko amano ifwe tatukwete amaalaiti bambi nabakwata ifyakuminkonka kuma officeses tatulefwaya,15,please uulolesha kunkana college aposeko amano ifwe tatukwete amaalaiti bambi nabakwata ifyakuminkonka kuma officeses tatulefwaya,False,0.3182,positive,0.3182,0.141,0.859,0.0,positive,0.3182,positive,False,0.0,,15,0,0.0,0.0,0.0,0.0,0.0,0.0,0.0,False,0,no_energy_or_zesco_terms,
875110533683969,The most annoying time table here is the one from 18hrs to 00hrs🤔,2026-04-19T20:45:15.208286+00:00,https://www.facebook.com/100057335174945/posts/655022869752213/?app=fbl,the most annoying time table here is the one from 18hrs to 00hrs🤔,13,jonathan mulenga 05 hours goes,False,0.0,neutral,0.0,0.0,1.0,0.0,neutral,0.0,neutral,False,0.0,,5,0,0.0,0.0,0.0,0.0,0.0,0.0,0.0,False,1,no_energy_or_zesco_terms,hours
875110533683969,The most annoying time table here is the one from 18hrs to 00hrs🤔,2026-04-19T20:45:15.208286+00:00,https://www.facebook.com/100057335174945/posts/655022869752213/?app=fbl,the most annoying time table here is the one from 18hrs to 00hrs🤔,13,akiyele jim phiri imagine,False,0.0,neutral,0.0,0.0,1.0,0.0,neutral,0.0,neutral,False,0.0,,4,0,0.0,0.0,0.0,0.0,0.0,0.0,0.0,False,0,no_energy_or_zesco_terms,
256135200573350,"Six weeks, you are just starting the wait..",2026-04-19T20:47:53.558971+00:00,https://www.facebook.com/100064625412288/posts/681728317324676/?app=fbl,six weeks you are just starting the wait,8,six weeks just starting wait,False,0.0,neutral,0.0,0.0,1.0,0.0,neutral,0.0,neutral,False,0.0,,5,1,0.0,0.2,0.0,0.0,0.0,0.2,0.0,False,0,no_energy_or_zesco_terms,
839841797666648,"you are much better, for me since may, nothing to show",2026-04-19T20:47:53.559112+00:00,https://www.facebook.com/100064625412288/posts/681728317324676/?app=fbl,you are much better for me since may nothing to show,11,much better since may nothing show,False,0.4404,positive,0.4404,0.367,0.633,0.0,positive,0.4404,positive,False,0.0,,6,1,0.0,0.0,0.0,0.1666666666666666,0.0,0.0,0.0,False,0,no_energy_or_zesco_terms,
858547698962419,"You are talking about 6weeks, ise ni 3yrs",2026-04-19T20:47:53.559125+00:00,https://www.facebook.com/100064625412288/posts/681728317324676/?app=fbl,you are talking about 6weeks ise ni 3yrs,8,talking 6weeks ise ni 3yrs,False,0.0,neutral,0.0,0.0,1.0,0.0,neutral,0.0,neutral,False,0.0,,5,0,0.0,0.0,0.0,0.0,0.0,0.0,0.0,False,0,no_energy_or_zesco_terms,
1403967293500559,Na 6 weeks yawamako,2026-04-19T20:47:53.559137+00:00,https://www.facebook.com/100064625412288/posts/681728317324676/?app=fbl,na 6 weeks yawamako,4,na 6 weeks yawamako,False,0.0,neutral,0.0,0.0,1.0,0.0,neutral,0.0,neutral,False,0.0,,4,0,0.0,0.0,0.0,0.0,0.0,0.0,0.0,False,0,no_energy_or_zesco_terms,
967038334570462,As Zambians we like complaining too much.,2026-04-19T20:47:53.559148+00:00,https://www.facebook.com/100064625412288/posts/681728317324676/?app=fbl,as zambians we like complaining too much,7,zambians like complaining too much,False,0.1779,positive,0.1779,0.342,0.411,0.247,positive,0.1779,positive,False,0.0,,5,0,0.0,0.0,0.0,0.0,0.0,0.0,0.0,False,0,no_energy_or_zesco_terms,
324876200093203,It's better than what was happening in pf,2026-04-19T20:47:53.559173+00:00,https://www.facebook.com/100064625412288/posts/681728317324676/?app=fbl,it s better than what was happening in pf,9,s better than happening pf,False,0.4404,positive,0.4404,0.492,0.508,0.0,positive,0.4404,positive,False,0.0,,5,0,0.0,0.0,0.0,0.0,0.0,0.0,0.0,False,0,no_energy_or_zesco_terms,
244472967979410,Us within a week  they connected,2026-04-19T20:47:53.559303+00:00,https://www.facebook.com/100064625412288/posts/681728317324676/?app=fbl,us within a week they connected,6,us within week connected,False,0.0,neutral,0.0,0.0,1.0,0.0,neutral,0.0,neutral,False,0.0,,4,0,0.0,0.0,0.0,0.0,0.0,0.0,0.0,False,0,no_energy_or_zesco_terms,
6592922150775643,Mazunda Kabwe Lauzi I was told ati Forget!,2026-04-19T20:47:53.559332+00:00,https://www.facebook.com/100064625412288/posts/681728317324676/?app=fbl,mazunda kabwe lauzi i was told ati forget,8,mazunda kabwe lauzi told ati forget,False,-0.2263,negative,-0.2263,0.0,0.725,0.275,negative,-0.2263,negative,False,0.0,,6,1,0.0,0.0,0.0,0.0,0.0,0.0,0.0,False,0,no_energy_or_zesco_terms,
6592922150775643,Mazunda Kabwe Lauzi I was told ati Forget!,2026-04-19T20:47:53.559332+00:00,https://www.facebook.com/100064625412288/posts/681728317324676/?app=fbl,mazunda kabwe lauzi i was told ati forget,8,inabmul maz yaba s rough,False,0.0,neutral,-0.3,0.0,1.0,0.0,negative,-0.3,negative,True,-0.3,yaba,5,0,0.0,0.0,0.0,0.0,0.0,0.0,0.0,False,0,no_energy_or_zesco_terms,
1854248561636342,Even after hiking connection tarriffs.,2026-04-19T20:47:53.559437+00:00,https://www.facebook.com/100064625412288/posts/681728317324676/?app=fbl,even after hiking connection tarriffs,5,even hiking connection tarriffs,False,0.0,neutral,0.0,0.0,1.0,0.0,neutral,0.0,neutral,False,0.0,,4,0,0.0,0.0,0.0,0.0,0.0,0.0,0.0,False,0,no_energy_or_zesco_terms,
1152560722344980,You are lucky others it goes up to 2 years kikikiki 😀,2026-04-19T20:47:53.559534+00:00,https://www.facebook.com/100064625412288/posts/681728317324676/?app=fbl,you are lucky others it goes up to 2 years kikikiki 😀,11,lucky others goes 2 years kikikiki,False,0.4215,positive,0.4215,0.412,0.588,0.0,positive,0.4215,positive,False,0.0,,6,1,0.0,0.0,0.0,0.0,0.0,0.0,0.0,False,0,no_energy_or_zesco_terms,
1315892335683525,For my mother it's been 7 months now,2026-04-19T20:47:53.559559+00:00,https://www.facebook.com/100064625412288/posts/681728317324676/?app=fbl,for my mother it s been 7 months now,9,mother s 7 months now,False,0.0,neutral,0.0,0.0,1.0,0.0,neutral,0.0,neutral,False,0.0,,5,1,0.0,0.2,0.0,0.2,0.2,0.2,0.1,False,0,no_energy_or_zesco_terms,
550496243841279,CHARLES MABUKU were ever you're....gee congratulations 👏👏👏👏,2026-04-19T20:47:53.559584+00:00,https://www.facebook.com/100064625412288/posts/681728317324676/?app=fbl,charles mabuku were ever you re gee congratulations 👏👏👏👏,8,charles mabuku ever re gee congratulations,False,0.5994,positive,0.5994,0.438,0.562,0.0,positive,0.5994,positive,False,0.0,,6,0,0.0,0.0,0.0,0.0,0.0,0.0,0.0,False,0,no_energy_or_zesco_terms,
264937716314722,"In Luanshya they doing well mwee,it took us a fortnight to apply and get connected, nikwisa mwikala eko tabalechinjia mwebo 🤔",2026-04-19T20:47:53.559608+00:00,https://www.facebook.com/100064625412288/posts/681728317324676/?app=fbl,in luanshya they doing well mwee it took us a fortnight to apply and get connected nikwisa mwikala eko tabalechinjia mwebo 🤔,21,luanshya doing well mwee took us fortnight apply get connected nikwisa mwikala eko tabalechinjia mwebo,False,0.2732,positive,0.2732,0.13,0.87,0.0,positive,0.2732,positive,False,0.0,,15,0,0.0,0.0,0.0,0.0,0.0,0.0,0.0,False,0,no_energy_or_zesco_terms,
550496243841279,CHARLES MABUKU were ever you're....gee congratulations 👏👏👏👏,2026-04-19T20:47:53.559584+00:00,https://www.facebook.com/100064625412288/posts/681728317324676/?app=fbl,charles mabuku were ever you re gee congratulations 👏👏👏👏,8,charles mabuku ever re gee congratulations,False,0.5994,positive,0.5994,0.438,0.562,0.0,positive,0.5994,positive,False,0.0,,6,0,0.0,0.0,0.0,0.0,0.0,0.0,0.0,False,0,no_energy_or_zesco_terms,
264937716314722,"In Luanshya they doing well mwee,it took us a fortnight to apply and get connected, nikwisa mwikala eko tabalechinjia mwebo 🤔",2026-04-19T20:47:53.559608+00:00,https://www.facebook.com/100064625412288/posts/681728317324676/?app=fbl,in luanshya they doing well mwee it took us a fortnight to apply and get connected nikwisa mwikala eko tabalechinjia mwebo 🤔,21,luanshya doing well mwee took us fortnight apply get connected nikwisa mwikala eko tabalechinjia mwebo,False,0.2732,positive,0.2732,0.13,0.87,0.0,positive,0.2732,positive,False,0.0,,15,0,0.0,0.0,0.0,0.0,0.0,0.0,0.0,False,0,no_energy_or_zesco_terms,
286754987298856,Yes same applies to LWSC,2026-04-19T20:47:53.559765+00:00,https://www.facebook.com/100064625412288/posts/681728317324676/?app=fbl,yes same applies to lwsc,5,yes same applies lwsc,False,0.4019,positive,0.4019,0.474,0.526,0.0,positive,0.4019,positive,False,0.0,,4,0,0.0,0.0,0.0,0.0,0.0,0.0,0.0,False,0,no_energy_or_zesco_terms,
253553684272165,Ocha chabe and see the results,2026-04-19T20:47:53.559808+00:00,https://www.facebook.com/100064625412288/posts/681728317324676/?app=fbl,ocha chabe and see the results,6,ocha chabe see results,False,0.0,neutral,0.0,0.0,1.0,0.0,neutral,0.0,neutral,False,0.0,,4,0,0.0,0.0,0.0,0.0,0.0,0.0,0.0,False,0,no_energy_or_zesco_terms,
990364278955569,"Us in Solwezi ni off and on every time. Apa so we are just waiting for the water reason soonest, story izibika",2026-04-19T20:47:53.559821+00:00,https://www.facebook.com/100064625412288/posts/681728317324676/?app=fbl,us in solwezi ni off and on every time apa so we are just waiting for the water reason soonest story izibika,22,us solwezi ni off every time apa just waiting water reason soonest story izibika,False,0.0,neutral,0.0,0.0,1.0,0.0,neutral,0.0,neutral,False,0.0,,14,2,0.0,0.0714285714285714,0.0,0.0,0.0,0.0714285714285714,0.0,False,1,no_energy_or_zesco_terms,off
1079026869751807,Kkkkk and there those who just wait in seconds,2026-04-19T20:47:53.559856+00:00,https://www.facebook.com/100064625412288/posts/681728317324676/?app=fbl,kkkkk and there those who just wait in seconds,9,kkkkk those just wait seconds,False,0.0,neutral,0.0,0.0,1.0,0.0,neutral,0.0,neutral,False,0.0,,5,1,0.0,0.2,0.0,0.0,0.0,0.2,0.0,False,0,no_energy_or_zesco_terms,
3597225967267379,Me i just paid yesterday and the have connected me today. Experiences are different in each district,2026-04-19T20:47:53.559868+00:00,https://www.facebook.com/100064625412288/posts/681728317324676/?app=fbl,me i just paid yesterday and the have connected me today experiences are different in each district,17,just paid yesterday connected today experiences different each district,False,0.0,neutral,0.0,0.0,1.0,0.0,neutral,0.0,neutral,False,0.0,,9,0,0.0,0.0,0.0,0.0,0.0,0.0,0.0,False,0,no_energy_or_zesco_terms,
6453639328086763,Same WhatsApp group with me.,2026-04-19T20:47:53.559885+00:00,https://www.facebook.com/100064625412288/posts/681728317324676/?app=fbl,same whatsapp group with me,5,same whatsapp group,False,0.0,neutral,0.0,0.0,1.0,0.0,neutral,0.0,neutral,False,0.0,,3,0,0.0,0.0,0.0,0.0,0.0,0.0,0.0,False,1,no_energy_or_zesco_terms,group
255480177328518,"Well in the previous regime, it took years.  Drink water",2026-04-19T20:47:53.559904+00:00,https://www.facebook.com/100064625412288/posts/681728317324676/?app=fbl,well in the previous regime it took years drink water,10,well previous regime took years drink water,False,0.2732,positive,0.2732,0.259,0.741,0.0,positive,0.2732,positive,False,0.0,,7,0,0.0,0.0,0.0,0.0,0.0,0.0,0.0,False,0,no_energy_or_zesco_terms,
1252138892051380,Just 2weeks you're making noise sure...,2026-04-19T20:47:53.559917+00:00,https://www.facebook.com/100064625412288/posts/681728317324676/?app=fbl,just 2weeks you re making noise sure,7,just 2weeks re making noise sure,False,0.3182,positive,0.3182,0.315,0.685,0.0,positive,0.3182,positive,False,0.0,,6,1,0.0,0.0,0.0,0.0,0.0,0.0,0.0,False,0,no_energy_or_zesco_terms,
1011208566969150,Ha ha ha 6 weeks ago?,2026-04-19T20:47:53.559926+00:00,https://www.facebook.com/100064625412288/posts/681728317324676/?app=fbl,ha ha ha 6 weeks ago,6,ha ha ha 6 weeks ago,False,0.7351,positive,0.7351,0.783,0.217,0.0,positive,0.7351,positive,False,0.0,,6,0,0.0,0.0,0.0,0.0,0.0,0.0,0.0,False,0,no_energy_or_zesco_terms,
2126832027655813,Atleast iwe 6 months manje others it's 6 years still waiting,2026-04-19T20:47:53.559935+00:00,https://www.facebook.com/100064625412288/posts/681728317324676/?app=fbl,atleast iwe 6 months manje others it s 6 years still waiting,12,atleast iwe 6 months manje others s 6 years still waiting,False,0.0,neutral,-0.3,0.0,1.0,0.0,negative,-0.3,negative,True,-0.3,manje,11,0,0.0,0.0,0.0,0.0,0.0,0.0,0.0,False,0,no_energy_or_zesco_terms,
280027801332604,You are right. There is rampant blackouts. J,2026-04-19T20:47:53.559950+00:00,https://www.facebook.com/100064625412288/posts/681728317324676/?app=fbl,you are right there is rampant blackouts j,8,right rampant blackouts j,False,0.0,neutral,0.0,0.0,1.0,0.0,neutral,0.0,neutral,False,0.0,,4,0,0.0,0.0,0.0,0.0,0.0,0.0,0.0,False,0,no_energy_or_zesco_terms,
617372807215580,They are leading at half time!,2026-04-19T20:47:53.560047+00:00,https://www.facebook.com/100064625412288/posts/681728317324676/?app=fbl,they are leading at half time,6,leading half time,False,0.0,neutral,0.0,0.0,1.0,0.0,neutral,0.0,neutral,False,0.0,,3,2,0.0,0.3333333333333333,0.0,0.3333333333333333,0.0,0.3333333333333333,0.0,False,0,no_energy_or_zesco_terms,
1469870400514177,It took only two days and was connected paid on a Friday and Monday was connected.,2026-04-19T20:47:53.560058+00:00,https://www.facebook.com/100064625412288/posts/681728317324676/?app=fbl,it took only two days and was connected paid on a friday and monday was connected,16,took only two days connected paid friday monday connected,False,0.0,neutral,0.0,0.0,1.0,0.0,neutral,0.0,neutral,False,0.0,,9,0,0.0,0.0,0.0,0.0,0.0,0.0,0.0,False,0,no_energy_or_zesco_terms,
1263413897706471,With me it's 6 years now,2026-04-19T20:47:53.560070+00:00,https://www.facebook.com/100064625412288/posts/681728317324676/?app=fbl,with me it s 6 years now,7,s 6 years now,False,0.0,neutral,0.0,0.0,1.0,0.0,neutral,0.0,neutral,False,0.0,,4,0,0.0,0.0,0.0,0.0,0.0,0.0,0.0,False,0,no_energy_or_zesco_terms,
1005670357251191,"They are scoring on many other fronts, I hope.they resolve your issue soon.",2026-04-19T20:47:53.560118+00:00,https://www.facebook.com/100064625412288/posts/681728317324676/?app=fbl,they are scoring on many other fronts i hope they resolve your issue soon,14,scoring many other fronts hope resolve issue soon,False,0.6705,positive,0.6705,0.478,0.522,0.0,positive,0.6705,positive,False,0.0,,8,1,0.0,0.125,0.0,0.125,0.0,0.125,0.0,False,0,no_energy_or_zesco_terms,
1509853093119726,Just intice them with money and  you will see how quick they will respond to your matter.,2026-04-19T20:47:53.560130+00:00,https://www.facebook.com/100064625412288/posts/681728317324676/?app=fbl,just intice them with money and you will see how quick they will respond to your matter,17,just intice money see how quick respond matter,False,0.0258,neutral,0.0258,0.136,0.864,0.0,neutral,0.0258,neutral,False,0.0,,8,1,0.125,0.125,0.0,0.125,0.0,0.125,0.0625,False,0,no_energy_or_zesco_terms,
1360522354808794,It's to cheka uyende we are behind,2026-04-19T20:47:53.560141+00:00,https://www.facebook.com/100064625412288/posts/681728317324676/?app=fbl,it s to cheka uyende we are behind,8,s cheka uyende behind,False,0.0,neutral,0.0,0.0,1.0,0.0,neutral,0.0,neutral,False,0.0,,4,0,0.0,0.0,0.0,0.0,0.0,0.0,0.0,False,0,no_energy_or_zesco_terms,
255595870684980,Tekanya boi some of us waited for 2 years 3 mnths,2026-04-19T20:47:53.560152+00:00,https://www.facebook.com/100064625412288/posts/681728317324676/?app=fbl,tekanya boi some of us waited for 2 years 3 mnths,11,tekanya boi us waited 2 years 3 mnths,False,0.0,neutral,-0.4,0.0,1.0,0.0,negative,-0.4,negative,True,-0.4,tekanya,8,0,0.0,0.0,0.0,0.0,0.0,0.0,0.0,False,0,no_energy_or_zesco_terms,
3539041749710529,6weeks is nothing as for me i applied early 2021upto date zero connection like Sean Tembo.,2026-04-19T20:47:53.560163+00:00,https://www.facebook.com/100064625412288/posts/681728317324676/?app=fbl,6weeks is nothing as for me i applied early 2021upto date zero connection like sean tembo,16,6weeks nothing applied early 2021upto date zero connection like sean tembo,False,0.3612,positive,0.3612,0.2,0.8,0.0,positive,0.3612,positive,False,0.0,,11,0,0.0,0.0,0.0,0.0,0.0,0.0,0.0,False,0,no_energy_or_zesco_terms,
3597225967267379,Me i just paid yesterday and the have connected me today. Experiences are different in each district,2026-04-19T20:47:53.559868+00:00,https://www.facebook.com/100064625412288/posts/681728317324676/?app=fbl,me i just paid yesterday and the have connected me today experiences are different in each district,17,berry kachiika how much domestic,False,0.0,neutral,0.0,0.0,1.0,0.0,neutral,0.0,neutral,False,0.0,,5,0,0.0,0.0,0.0,0.0,0.0,0.0,0.0,False,0,no_energy_or_zesco_terms,
314727804258352,Eng Situmbeko Nyumbu it's a sad state of affairs.,2026-04-19T20:47:53.560189+00:00,https://www.facebook.com/100064625412288/posts/681728317324676/?app=fbl,eng situmbeko nyumbu it s a sad state of affairs,10,eng situmbeko nyumbu s sad state affairs,False,-0.4767,negative,-0.4767,0.0,0.617,0.383,negative,-0.4767,negative,False,0.0,,7,0,0.0,0.0,0.0,0.0,0.0,0.0,0.0,False,0,no_energy_or_zesco_terms,
314727804258352,Eng Situmbeko Nyumbu it's a sad state of affairs.,2026-04-19T20:47:53.560189+00:00,https://www.facebook.com/100064625412288/posts/681728317324676/?app=fbl,eng situmbeko nyumbu it s a sad state of affairs,10,shungu mungeya complete overhaul required anyway us experts renewable energy bothered,False,-0.0516,negative,-0.0516,0.157,0.672,0.172,negative,-0.0516,negative,False,0.0,,11,0,0.0,0.0,0.0,0.0,0.0,0.0,0.0,False,0,no_energy_or_zesco_terms,
1469870400514177,It took only two days and was connected paid on a Friday and Monday was connected.,2026-04-19T20:47:53.560058+00:00,https://www.facebook.com/100064625412288/posts/681728317324676/?app=fbl,it took only two days and was connected paid on a friday and monday was connected,16,mercy mugala how boss,False,0.3612,positive,0.3612,0.455,0.545,0.0,positive,0.3612,positive,False,0.0,,4,1,0.0,0.0,0.0,0.0,0.0,0.0,0.0,False,0,no_energy_or_zesco_terms,
1469870400514177,It took only two days and was connected paid on a Friday and Monday was connected.,2026-04-19T20:47:53.560058+00:00,https://www.facebook.com/100064625412288/posts/681728317324676/?app=fbl,it took only two days and was connected paid on a friday and monday was connected,16,mercy mugala,False,0.3612,positive,0.3612,0.714,0.286,0.0,positive,0.3612,positive,False,0.0,,2,1,0.0,0.0,0.0,0.0,0.0,0.0,0.0,False,0,no_energy_or_zesco_terms,
1469870400514177,It took only two days and was connected paid on a Friday and Monday was connected.,2026-04-19T20:47:53.560058+00:00,https://www.facebook.com/100064625412288/posts/681728317324676/?app=fbl,it took only two days and was connected paid on a friday and monday was connected,16,mercy mugala,False,0.3612,positive,0.3612,0.714,0.286,0.0,positive,0.3612,positive,False,0.0,,2,1,0.0,0.0,0.0,0.0,0.0,0.0,0.0,False,0,no_energy_or_zesco_terms,
1005670357251191,"They are scoring on many other fronts, I hope.they resolve your issue soon.",2026-04-19T20:47:53.560118+00:00,https://www.facebook.com/100064625412288/posts/681728317324676/?app=fbl,they are scoring on many other fronts i hope they resolve your issue soon,14,samson banda how fair comment should,False,0.3182,positive,0.3182,0.315,0.685,0.0,positive,0.3182,positive,False,0.0,,6,1,0.0,0.0,0.0,0.0,0.0,0.0,0.0,False,0,no_energy_or_zesco_terms,
310194011398678,Okay welcome to Zambia,2026-04-19T20:47:53.560281+00:00,https://www.facebook.com/100064625412288/posts/681728317324676/?app=fbl,okay welcome to zambia,4,okay welcome zambia,False,0.5994,positive,0.5994,0.831,0.169,0.0,positive,0.5994,positive,False,0.0,,3,0,0.0,0.0,0.0,0.0,0.0,0.0,0.0,False,0,no_energy_or_zesco_terms,
1349720502418165,"This actually is good news... People can now start complaining after 6 weeks...! Wow!
Before, we started complaining after six months... The first three months was the normal maturity period....",2026-04-19T20:47:53.560293+00:00,https://www.facebook.com/100064625412288/posts/681728317324676/?app=fbl,this actually is good news people can now start complaining after 6 weeks wow before we started complaining after six months the first three months was the normal maturity period,30,actually good news people now start complaining 6 weeks wow before started complaining six months first three months normal maturity period,False,0.6249,positive,0.6249,0.255,0.608,0.137,positive,0.6249,positive,False,0.0,,21,2,0.0,0.0952380952380952,0.0,0.0476190476190476,0.0,0.0952380952380952,0.0,False,0,no_energy_or_zesco_terms,
764405032105615,Ati where is the minister of energy what of us the poor Sha seat down and wait,2026-04-19T20:47:53.560305+00:00,https://www.facebook.com/100064625412288/posts/681728317324676/?app=fbl,ati where is the minister of energy what of us the poor sha seat down and wait,17,ati minister energy us poor sha seat down wait,False,-0.25,negative,-0.25,0.172,0.574,0.254,negative,-0.25,negative,False,0.0,,9,1,0.0,0.1111111111111111,0.0,0.0,0.0,0.1111111111111111,0.0,False,0,no_energy_or_zesco_terms,
264621713006251,"It's pathetic, some of us it's getting to six months.......all they need is to be bribed.",2026-04-19T20:47:53.560344+00:00,https://www.facebook.com/100064625412288/posts/681728317324676/?app=fbl,it s pathetic some of us it s getting to six months all they need is to be bribed,19,s pathetic us s getting six months need bribed,False,-0.5719,negative,-0.5719,0.0,0.619,0.381,negative,-0.5719,negative,False,0.0,,9,1,0.0,0.0,0.0,0.0,0.1111111111111111,0.0,0.0555555555555555,False,0,no_energy_or_zesco_terms,
968600827584176,You're talking about 6 weeks mum is still  pushing  for 2 years nows,2026-04-19T20:47:53.560356+00:00,https://www.facebook.com/100064625412288/posts/681728317324676/?app=fbl,you re talking about 6 weeks mum is still pushing for 2 years nows,14,re talking 6 weeks mum still pushing 2 years nows,False,0.0,neutral,0.0,0.0,1.0,0.0,neutral,0.0,neutral,False,0.0,,10,1,0.0,0.0,0.1,0.0,0.0,0.0,0.0,False,0,no_energy_or_zesco_terms,
311675154864243,In luapula it's worse..we wish someone can intervene,2026-04-19T20:47:53.560379+00:00,https://www.facebook.com/100064625412288/posts/681728317324676/?app=fbl,in luapula it s worse we wish someone can intervene,10,luapula s worse wish someone intervene,False,-0.1027,negative,-0.1027,0.307,0.341,0.352,negative,-0.1027,negative,False,0.0,,6,1,0.0,0.0,0.1666666666666666,0.0,0.1666666666666666,0.0,0.0833333333333333,False,0,no_energy_or_zesco_terms,
311502081255985,If true its 6 weeks then your complaint can't be considered and before thinking of raising a complaint kindly read the terms and conditions then see if its okay to go ahead otherwise I believe you're only allowed to complain after 90days after making payments but if we count days in two weeks then are they adding up to 90 days sure😩,2026-04-19T20:47:53.560391+00:00,https://www.facebook.com/100064625412288/posts/681728317324676/?app=fbl,if true its 6 weeks then your complaint can t be considered and before thinking of raising a complaint kindly read the terms and conditions then see if its okay to go ahead otherwise i believe you re only allowed to complain after 90days after making payments but if we count days in two weeks then are they adding up to 90 days sure😩,64,true 6 weeks complaint t considered before thinking raising complaint kindly read terms conditions see okay go ahead otherwise believe re only allowed complain 90days making payments count days two weeks adding 90 days sure,False,0.5106,positive,0.5106,0.237,0.603,0.16,positive,0.5106,positive,False,0.0,,35,6,0.0857142857142857,0.0,0.0,0.0571428571428571,0.0285714285714285,0.0,0.0571428571428571,False,0,no_energy_or_zesco_terms,
1349720502418165,"This actually is good news... People can now start complaining after 6 weeks...! Wow!
Before, we started complaining after six months... The first three months was the normal maturity period....",2026-04-19T20:47:53.560293+00:00,https://www.facebook.com/100064625412288/posts/681728317324676/?app=fbl,this actually is good news people can now start complaining after 6 weeks wow before we started complaining after six months the first three months was the normal maturity period,30,henry nchena normal society service must provided,False,0.0,neutral,0.0,0.0,1.0,0.0,neutral,0.0,neutral,False,0.0,,7,0,0.0,0.0,0.0,0.0,0.0,0.0,0.0,False,0,no_energy_or_zesco_terms,
1349720502418165,"This actually is good news... People can now start complaining after 6 weeks...! Wow!
Before, we started complaining after six months... The first three months was the normal maturity period....",2026-04-19T20:47:53.560293+00:00,https://www.facebook.com/100064625412288/posts/681728317324676/?app=fbl,this actually is good news people can now start complaining after 6 weeks wow before we started complaining after six months the first three months was the normal maturity period,30,michael ods hillary banda simply stating fact applying connection few years ago didn t even begin expect until 3 months normal guys want connection same day within three weeks means things improved m sure expect immediate connection like developed country s best move england austria get poorest countries world such things expected even getting passport move developed country challenge,False,0.8481,positive,0.8481,0.222,0.725,0.053,positive,0.8481,positive,False,0.0,,59,6,0.0169491525423728,0.0508474576271186,0.0169491525423728,0.0508474576271186,0.0,0.0508474576271186,0.0084745762711864,False,0,no_energy_or_zesco_terms,
1349720502418165,"This actually is good news... People can now start complaining after 6 weeks...! Wow!
Before, we started complaining after six months... The first three months was the normal maturity period....",2026-04-19T20:47:53.560293+00:00,https://www.facebook.com/100064625412288/posts/681728317324676/?app=fbl,this actually is good news people can now start complaining after 6 weeks wow before we started complaining after six months the first three months was the normal maturity period,30,henry nchena true brother s just africa don t value time hence t appreciate need urgency suggesting move england u simply saying should get used mediocre ways doing things instead pointing wrong things change remember pay services repeat minor addition normal society service must provided within reasonable time paid africa backward race copy civilization without appreciation reasons behind certain concepts same practice hospitals patient condition requires alleviation give month appointment normal,False,0.4211,positive,0.4211,0.13,0.777,0.093,positive,0.4211,positive,False,0.0,,71,17,0.0,0.0704225352112676,0.028169014084507,0.0845070422535211,0.0,0.0704225352112676,0.0,False,0,no_energy_or_zesco_terms,
1349720502418165,"This actually is good news... People can now start complaining after 6 weeks...! Wow!
Before, we started complaining after six months... The first three months was the normal maturity period....",2026-04-19T20:47:53.560293+00:00,https://www.facebook.com/100064625412288/posts/681728317324676/?app=fbl,this actually is good news people can now start complaining after 6 weeks wow before we started complaining after six months the first three months was the normal maturity period,30,michael ods expectations vs reality issues s safer expect possible unreasonable expect services third world country same developed country standards different example t expect internet speeds zambia same kenya shouldn t complain,False,0.0772,positive,0.0772,0.087,0.836,0.077,positive,0.0772,positive,False,0.0,,32,4,0.03125,0.09375,0.0,0.09375,0.03125,0.09375,0.03125,False,0,no_energy_or_zesco_terms,
1349720502418165,"This actually is good news... People can now start complaining after 6 weeks...! Wow!
Before, we started complaining after six months... The first three months was the normal maturity period....",2026-04-19T20:47:53.560293+00:00,https://www.facebook.com/100064625412288/posts/681728317324676/?app=fbl,this actually is good news people can now start complaining after 6 weeks wow before we started complaining after six months the first three months was the normal maturity period,30,michael ods comfortable just content fact improved said goal takes time achieve goal fact people now complain just 6 weeks indicator things improving t expect cover backlog 60 000 connections overnight take time things take time,False,0.7717,positive,0.7717,0.221,0.719,0.06,positive,0.7717,positive,False,0.0,,36,12,0.0277777777777777,0.1111111111111111,0.0,0.1666666666666666,0.0277777777777777,0.1111111111111111,0.0277777777777777,False,1,no_energy_or_zesco_terms,said
828589662036570,Different names same whatsapp group,2026-04-19T20:47:53.560501+00:00,https://www.facebook.com/100064625412288/posts/681728317324676/?app=fbl,different names same whatsapp group,5,different names same whatsapp group,False,0.0,neutral,0.0,0.0,1.0,0.0,neutral,0.0,neutral,False,0.0,,5,0,0.0,0.0,0.0,0.0,0.0,0.0,0.0,False,1,no_energy_or_zesco_terms,group
318945434035329,The problem is you ba Bwaana..You are too fast..,2026-04-19T20:47:53.560512+00:00,https://www.facebook.com/100064625412288/posts/681728317324676/?app=fbl,the problem is you ba bwaana you are too fast,10,problem ba bwaana too fast,False,-0.4019,negative,-0.4019,0.0,0.597,0.403,negative,-0.4019,negative,False,0.0,,5,1,0.0,0.0,0.2,0.0,0.2,0.0,0.1,False,0,no_energy_or_zesco_terms,
1707347403023039,"You're talking about 6 weeks, where I stay it's almost two years and they keep on promising",2026-04-19T20:47:53.560523+00:00,https://www.facebook.com/100064625412288/posts/681728317324676/?app=fbl,you re talking about 6 weeks where i stay it s almost two years and they keep on promising,19,re talking 6 weeks stay s almost two years keep promising,False,0.4019,positive,0.4019,0.252,0.748,0.0,positive,0.4019,positive,False,0.0,,11,1,0.0,0.0,0.0,0.0,0.0,0.0,0.0,False,0,no_energy_or_zesco_terms,
1004081113972030,"I paid 3 years ago, nothing has been done.",2026-04-19T20:47:53.560537+00:00,https://www.facebook.com/100064625412288/posts/681728317324676/?app=fbl,i paid 3 years ago nothing has been done,9,paid 3 years ago nothing done,False,0.0,neutral,0.0,0.0,1.0,0.0,neutral,0.0,neutral,False,0.0,,6,0,0.0,0.0,0.0,0.0,0.0,0.0,0.0,False,0,no_energy_or_zesco_terms,
1275352909817448,"You are even better.me I paid on 8th may, and up to now they just tell me there is no material.one surprising thing the payment we are making are cost reflective like they said when increasing which means I have paid for the materials too",2026-04-19T20:47:53.560550+00:00,https://www.facebook.com/100064625412288/posts/681728317324676/?app=fbl,you are even better me i paid on 8th may and up to now they just tell me there is no material one surprising thing the payment we are making are cost reflective like they said when increasing which means i have paid for the materials too,47,even better paid 8th may now just tell material surprising thing payment making cost reflective like said increasing means paid materials too,False,0.7579,positive,0.7579,0.283,0.717,0.0,positive,0.7579,positive,False,0.0,,22,2,0.0,0.0,0.0,0.0,0.0,0.0,0.0,False,1,no_energy_or_zesco_terms,said
6313072612135423,"You talk of six weeks, it took 6 year for me to be  connected.",2026-04-19T20:47:53.560562+00:00,https://www.facebook.com/100064625412288/posts/681728317324676/?app=fbl,you talk of six weeks it took 6 year for me to be connected,14,talk six weeks took 6 year connected,False,0.0,neutral,0.0,0.0,1.0,0.0,neutral,0.0,neutral,False,0.0,,7,1,0.0,0.0,0.0,0.0,0.0,0.0,0.0,False,0,no_energy_or_zesco_terms,
964160904841946,They want a ka something,2026-04-19T20:47:53.560579+00:00,https://www.facebook.com/100064625412288/posts/681728317324676/?app=fbl,they want a ka something,5,want ka something,False,0.0772,positive,0.0772,0.394,0.606,0.0,positive,0.0772,positive,False,0.0,,3,0,0.0,0.0,0.0,0.0,0.0,0.0,0.0,False,0,no_energy_or_zesco_terms,
2100908430257390,In Kabwe I paid in match up to now nothing doing.,2026-04-19T20:47:53.560592+00:00,https://www.facebook.com/100064625412288/posts/681728317324676/?app=fbl,in kabwe i paid in match up to now nothing doing,11,kabwe paid match now nothing doing,False,0.0,neutral,0.0,0.0,1.0,0.0,neutral,0.0,neutral,False,0.0,,6,0,0.0,0.0,0.0,0.0,0.0,0.0,0.0,False,0,no_energy_or_zesco_terms,
1002161181207109,"but me only 2 weeks, maybe they scare me I'm from luapula",2026-04-19T20:47:53.560604+00:00,https://www.facebook.com/100064625412288/posts/681728317324676/?app=fbl,but me only 2 weeks maybe they scare me i m from luapula,13,only 2 weeks maybe scare m luapula,False,-0.4939,negative,-0.4939,0.0,0.556,0.444,negative,-0.4939,negative,False,0.0,,7,1,0.1428571428571428,0.1428571428571428,0.1428571428571428,0.0,0.0,0.1428571428571428,0.0714285714285714,False,0,no_energy_or_zesco_terms,
6313072612135423,"You talk of six weeks, it took 6 year for me to be  connected.",2026-04-19T20:47:53.560562+00:00,https://www.facebook.com/100064625412288/posts/681728317324676/?app=fbl,you talk of six weeks it took 6 year for me to be connected,14,rosaria wandazi tell sister,False,0.0,neutral,0.0,0.0,1.0,0.0,neutral,0.0,neutral,False,0.0,,4,0,0.0,0.0,0.0,0.0,0.0,0.0,0.0,False,0,no_energy_or_zesco_terms,
318945434035329,The problem is you ba Bwaana..You are too fast..,2026-04-19T20:47:53.560512+00:00,https://www.facebook.com/100064625412288/posts/681728317324676/?app=fbl,the problem is you ba bwaana you are too fast,10,csm csm wamona ka,False,0.0,neutral,0.0,0.0,1.0,0.0,neutral,0.0,neutral,False,0.0,,4,0,0.0,0.0,0.0,0.0,0.0,0.0,0.0,False,0,no_energy_or_zesco_terms,
318945434035329,The problem is you ba Bwaana..You are too fast..,2026-04-19T20:47:53.560512+00:00,https://www.facebook.com/100064625412288/posts/681728317324676/?app=fbl,the problem is you ba bwaana you are too fast,10,csm csm could point,False,0.0,neutral,0.0,0.0,1.0,0.0,neutral,0.0,neutral,False,0.0,,4,0,0.0,0.0,0.0,0.0,0.0,0.0,0.0,False,0,no_energy_or_zesco_terms,
307803085108554,I paid in February. Still waiting,2026-04-19T20:47:53.560678+00:00,https://www.facebook.com/100064625412288/posts/681728317324676/?app=fbl,i paid in february still waiting,6,paid february still waiting,False,0.0,neutral,0.0,0.0,1.0,0.0,neutral,0.0,neutral,False,0.0,,4,0,0.0,0.0,0.0,0.0,0.0,0.0,0.0,False,0,no_energy_or_zesco_terms,
199667413102327,6 weeks you are crying some of us paid in may up to now now connection yet they were saying all backlog has been cleared.,2026-04-19T20:47:53.560690+00:00,https://www.facebook.com/100064625412288/posts/681728317324676/?app=fbl,6 weeks you are crying some of us paid in may up to now now connection yet they were saying all backlog has been cleared,25,6 weeks crying us paid may now now connection yet saying backlog cleared,False,-0.4019,negative,-0.4019,0.097,0.69,0.214,negative,-0.4019,negative,False,0.0,,13,1,0.0,0.0,0.0,0.0,0.0769230769230769,0.0,0.0384615384615384,False,0,no_energy_or_zesco_terms,
541375248114781,Personally I paid in March and all I need is a pole but upto now,2026-04-19T20:47:53.560701+00:00,https://www.facebook.com/100064625412288/posts/681728317324676/?app=fbl,personally i paid in march and all i need is a pole but upto now,15,personally paid march need pole upto now,False,0.0,neutral,0.0,0.0,1.0,0.0,neutral,0.0,neutral,False,0.0,,7,1,0.0,0.0,0.0,0.0,0.0,0.0,0.0,False,0,no_energy_or_zesco_terms,
606226228096281,There is too much incompetence in this company & hence need to have an  overhaul on top management.,2026-04-19T20:47:53.560724+00:00,https://www.facebook.com/100064625412288/posts/681728317324676/?app=fbl,there is too much incompetence in this company hence need to have an overhaul on top management,17,too much incompetence company hence need overhaul top management,False,-0.3612,negative,-0.3612,0.149,0.579,0.273,negative,-0.3612,negative,False,0.0,,9,3,0.0,0.1111111111111111,0.0,0.2222222222222222,0.0,0.1111111111111111,0.0,False,0,no_energy_or_zesco_terms,
3458402971080101,Three months now no connection,2026-04-19T20:47:53.560737+00:00,https://www.facebook.com/100064625412288/posts/681728317324676/?app=fbl,three months now no connection,5,three months now connection,False,0.0,neutral,0.0,0.0,1.0,0.0,neutral,0.0,neutral,False,0.0,,4,0,0.0,0.0,0.0,0.0,0.0,0.0,0.0,False,0,no_energy_or_zesco_terms,
617507847178403,They had a backlog of  more than 60 000 dating as far back as 2018 and this is when they are equalising,2026-04-19T20:47:53.560759+00:00,https://www.facebook.com/100064625412288/posts/681728317324676/?app=fbl,they had a backlog of more than 60 000 dating as far back as 2018 and this is when they are equalising,22,backlog than 60 000 dating far back 2018 equalising,False,0.0,neutral,0.0,0.0,1.0,0.0,neutral,0.0,neutral,False,0.0,,9,0,0.0,0.0,0.0,0.0,0.0,0.0,0.0,False,0,no_energy_or_zesco_terms,
259545083611430,"Connection is in three months time, when the quotation comes out and you pay they will even tell you that connection is done is 3 months, even on the application form they have written than behind",2026-04-19T20:47:53.560775+00:00,https://www.facebook.com/100064625412288/posts/681728317324676/?app=fbl,connection is in three months time when the quotation comes out and you pay they will even tell you that connection is done is 3 months even on the application form they have written than behind,36,connection three months time quotation comes pay even tell connection done 3 months even application form written than behind,False,-0.1027,negative,-0.1027,0.0,0.924,0.076,negative,-0.1027,negative,False,0.0,,19,2,0.0,0.1052631578947368,0.0,0.0526315789473684,0.0,0.1052631578947368,0.0,False,0,no_energy_or_zesco_terms,
317082224093086,Sit down and drink water my friend. Just 6 weeks and you are here complaining. I paid in 2017 and was only connected in 2019 during PF.,2026-04-19T20:47:53.560787+00:00,https://www.facebook.com/100064625412288/posts/681728317324676/?app=fbl,sit down and drink water my friend just 6 weeks and you are here complaining i paid in 2017 and was only connected in 2019 during pf,27,sit down drink water friend just 6 weeks complaining paid 2017 only connected 2019 during pf,False,0.34,positive,0.34,0.178,0.722,0.1,positive,0.34,positive,False,0.0,,16,1,0.0,0.0,0.0,0.0625,0.0,0.0,0.0,False,0,no_energy_or_zesco_terms,
1275352909817448,"You are even better.me I paid on 8th may, and up to now they just tell me there is no material.one surprising thing the payment we are making are cost reflective like they said when increasing which means I have paid for the materials too",2026-04-19T20:47:53.560550+00:00,https://www.facebook.com/100064625412288/posts/681728317324676/?app=fbl,you are even better me i paid on 8th may and up to now they just tell me there is no material one surprising thing the payment we are making are cost reflective like they said when increasing which means i have paid for the materials too,47,theoson kafwimbi mwanaumbi same situation,False,0.0,neutral,0.0,0.0,1.0,0.0,neutral,0.0,neutral,False,0.0,,5,0,0.0,0.0,0.0,0.0,0.0,0.0,0.0,False,1,no_energy_or_zesco_terms,said
1275352909817448,"You are even better.me I paid on 8th may, and up to now they just tell me there is no material.one surprising thing the payment we are making are cost reflective like they said when increasing which means I have paid for the materials too",2026-04-19T20:47:53.560550+00:00,https://www.facebook.com/100064625412288/posts/681728317324676/?app=fbl,you are even better me i paid on 8th may and up to now they just tell me there is no material one surprising thing the payment we are making are cost reflective like they said when increasing which means i have paid for the materials too,47,theoson kafwimbi mwanaumbi too bad,False,-0.5423,negative,-0.5423,0.0,0.533,0.467,negative,-0.5423,negative,False,0.0,,5,1,0.2,0.0,0.2,0.0,0.2,0.0,0.2,False,1,no_energy_or_zesco_terms,said
632722258658619,6 months ago be fare apapene walipile some paid in 2016,2026-04-19T20:47:53.560847+00:00,https://www.facebook.com/100064625412288/posts/681728317324676/?app=fbl,6 months ago be fare apapene walipile some paid in 2016,11,6 months ago fare apapene walipile paid 2016,False,0.0,neutral,0.0,0.0,1.0,0.0,neutral,0.0,neutral,False,0.0,,8,0,0.0,0.0,0.0,0.0,0.0,0.0,0.0,False,0,no_energy_or_zesco_terms,
200755466322805,Mmmmm 6 week thats too early tekanya boss,2026-04-19T20:47:53.560874+00:00,https://www.facebook.com/100064625412288/posts/681728317324676/?app=fbl,mmmmm 6 week thats too early tekanya boss,8,mmmmm 6 week thats too early tekanya boss,False,0.0,neutral,-0.4,0.0,1.0,0.0,negative,-0.4,negative,True,-0.4,tekanya,8,0,0.0,0.0,0.0,0.0,0.0,0.0,0.0,False,0,no_energy_or_zesco_terms,
158705943873533,Ba Moonga Joe Lenwell,2026-04-19T20:47:53.560886+00:00,https://www.facebook.com/100064625412288/posts/681728317324676/?app=fbl,ba moonga joe lenwell,4,ba moonga joe lenwell,False,0.0,neutral,0.0,0.0,1.0,0.0,neutral,0.0,neutral,False,0.0,,4,0,0.0,0.0,0.0,0.0,0.0,0.0,0.0,False,0,no_energy_or_zesco_terms,
1010964830031996,"We are also in the same boots, we paid about  6 weeks ago but nothing up today. What is hurting is that my neighbor with whom we paid at the same time with was connected 2 weeks ago.",2026-04-19T20:47:53.560922+00:00,https://www.facebook.com/100064625412288/posts/681728317324676/?app=fbl,we are also in the same boots we paid about 6 weeks ago but nothing up today what is hurting is that my neighbor with whom we paid at the same time with was connected 2 weeks ago,38,also same boots paid 6 weeks ago nothing today hurting neighbor whom paid same time connected 2 weeks ago,False,0.3089,positive,0.3089,0.124,0.876,0.0,positive,0.3089,positive,False,0.0,,19,3,0.0526315789473684,0.1052631578947368,0.0526315789473684,0.0526315789473684,0.0526315789473684,0.1052631578947368,0.0526315789473684,False,0,no_energy_or_zesco_terms,
298626419517833,Bane 6 weeks honestly,2026-04-19T20:47:53.560933+00:00,https://www.facebook.com/100064625412288/posts/681728317324676/?app=fbl,bane 6 weeks honestly,4,bane 6 weeks honestly,False,0.4588,positive,0.4588,0.6,0.4,0.0,positive,0.4588,positive,False,0.0,,4,1,0.25,0.0,0.25,0.0,0.0,0.0,0.125,False,0,no_energy_or_zesco_terms,
860112232179571,"In Mazabuka ,they are very fast",2026-04-19T20:47:53.560958+00:00,https://www.facebook.com/100064625412288/posts/681728317324676/?app=fbl,in mazabuka they are very fast,6,mazabuka very fast,False,0.0,neutral,0.0,0.0,1.0,0.0,neutral,0.0,neutral,False,0.0,,3,0,0.0,0.0,0.0,0.0,0.0,0.0,0.0,False,0,no_energy_or_zesco_terms,
317082224093086,Sit down and drink water my friend. Just 6 weeks and you are here complaining. I paid in 2017 and was only connected in 2019 during PF.,2026-04-19T20:47:53.560787+00:00,https://www.facebook.com/100064625412288/posts/681728317324676/?app=fbl,sit down and drink water my friend just 6 weeks and you are here complaining i paid in 2017 and was only connected in 2019 during pf,27,mathews muhau mweetwa kkkkk let sit down drink vatra boss kkkkk,False,0.0,neutral,0.0,0.0,1.0,0.0,neutral,0.0,neutral,False,0.0,,11,0,0.0,0.0,0.0,0.0,0.0,0.0,0.0,False,0,no_energy_or_zesco_terms,
997044898104015,"You are talking about 3 weeks some of us we have been waiting for 3 months,,",2026-04-19T20:47:53.561010+00:00,https://www.facebook.com/100064625412288/posts/681728317324676/?app=fbl,you are talking about 3 weeks some of us we have been waiting for 3 months,16,talking 3 weeks us waiting 3 months,False,0.0,neutral,0.0,0.0,1.0,0.0,neutral,0.0,neutral,False,0.0,,7,0,0.0,0.0,0.0,0.0,0.0,0.0,0.0,False,0,no_energy_or_zesco_terms,
1114355119540208,"Myself, l paid in March,2023. No show",2026-04-19T20:47:53.561036+00:00,https://www.facebook.com/100064625412288/posts/681728317324676/?app=fbl,myself l paid in march 2023 no show,8,myself l paid march 2023 show,False,0.0,neutral,0.0,0.0,1.0,0.0,neutral,0.0,neutral,False,0.0,,6,2,0.0,0.0,0.0,0.1666666666666666,0.0,0.0,0.0,False,0,no_energy_or_zesco_terms,
674077001410420,"This Company is a disgrace to say the least.
I have been reporting a fault of low voltage for close to a year and nothing has been done so far. 
It's story after story from the field staff.",2026-04-19T20:47:53.561048+00:00,https://www.facebook.com/100064625412288/posts/681728317324676/?app=fbl,this company is a disgrace to say the least i have been reporting a fault of low voltage for close to a year and nothing has been done so far it s story after story from the field staff,39,company disgrace say least reporting fault low voltage close year nothing done far s story story field staff,False,-0.7906,negative,-0.7906,0.0,0.636,0.364,negative,-0.7906,negative,False,0.0,,18,2,0.0555555555555555,0.0,0.0,0.0,0.1111111111111111,0.0,0.0833333333333333,False,1,no_energy_or_zesco_terms,fault
314479391095587,Mmmmm.... You want the minister to intervain? Go see head of customer care.,2026-04-19T20:47:53.561077+00:00,https://www.facebook.com/100064625412288/posts/681728317324676/?app=fbl,mmmmm you want the minister to intervain go see head of customer care,13,mmmmm want minister intervain go see head customer care,False,0.5423,positive,0.5423,0.391,0.609,0.0,positive,0.5423,positive,False,0.0,,9,1,0.0,0.0,0.0,0.0,0.0,0.0,0.0,False,0,no_energy_or_zesco_terms,
218829087478751,On the serious not H H must fire some of his ministers they are letting him down,2026-04-19T20:47:53.561090+00:00,https://www.facebook.com/100064625412288/posts/681728317324676/?app=fbl,on the serious not h h must fire some of his ministers they are letting him down,17,serious h h must fire ministers letting down,False,-0.4019,negative,-0.4019,0.0,0.519,0.481,negative,-0.4019,negative,False,0.0,,8,1,0.0,0.0,0.125,0.0,0.0,0.0,0.0,False,0,no_energy_or_zesco_terms,
261357600084923,Too much politics of the belly,2026-04-19T20:47:53.561095+00:00,https://www.facebook.com/100064625412288/posts/681728317324676/?app=fbl,too much politics of the belly,6,too much politics belly,False,0.0,neutral,0.0,0.0,1.0,0.0,neutral,0.0,neutral,False,0.0,,4,1,0.25,0.0,0.0,0.0,0.0,0.0,0.125,False,0,no_energy_or_zesco_terms,
203300832501898,Where can we lodge this connection problems I paid in 2017,2026-04-19T20:47:53.561100+00:00,https://www.facebook.com/100064625412288/posts/681728317324676/?app=fbl,where can we lodge this connection problems i paid in 2017,11,lodge connection problems paid 2017,False,-0.4019,negative,-0.4019,0.0,0.597,0.403,negative,-0.4019,negative,False,0.0,,5,0,0.0,0.0,0.0,0.0,0.0,0.0,0.0,False,0,no_energy_or_zesco_terms,
1350227855844217,at least you its 6 weeks....ifwe ma 3 years..,2026-04-19T20:47:53.561104+00:00,https://www.facebook.com/100064625412288/posts/681728317324676/?app=fbl,at least you its 6 weeks ifwe ma 3 years,10,least 6 weeks ifwe ma 3 years,False,0.0,neutral,0.0,0.0,1.0,0.0,neutral,0.0,neutral,False,0.0,,7,0,0.0,0.0,0.0,0.0,0.0,0.0,0.0,False,0,no_energy_or_zesco_terms,
158705943873533,Ba Moonga Joe Lenwell,2026-04-19T20:47:53.560886+00:00,https://www.facebook.com/100064625412288/posts/681728317324676/?app=fbl,ba moonga joe lenwell,4,michael robert lungu moonga imwe fi watchdog kuti fyakuletelela sana ifi fikabwa,False,0.0,neutral,-0.3,0.0,1.0,0.0,negative,-0.3,negative,True,-0.3,kuti,12,1,0.0,0.0,0.0,0.0833333333333333,0.0,0.0,0.0,False,0,no_energy_or_zesco_terms,
203300832501898,Where can we lodge this connection problems I paid in 2017,2026-04-19T20:47:53.561100+00:00,https://www.facebook.com/100064625412288/posts/681728317324676/?app=fbl,where can we lodge this connection problems i paid in 2017,11,victor nyambe call hq people lusaka explain situation,False,0.0,neutral,0.0,0.0,1.0,0.0,neutral,0.0,neutral,False,0.0,,8,2,0.0,0.0,0.0,0.125,0.0,0.0,0.0,False,0,no_energy_or_zesco_terms,
1457762855058197,Nothing has just changed the truth is in front you,2026-04-19T20:47:53.561142+00:00,https://www.facebook.com/100064625412288/posts/681728317324676/?app=fbl,nothing has just changed the truth is in front you,10,nothing just changed truth front,False,-0.2411,negative,-0.2411,0.0,0.671,0.329,negative,-0.2411,negative,False,0.0,,5,1,0.0,0.0,0.0,0.2,0.0,0.0,0.0,False,0,no_energy_or_zesco_terms,
1690749871393570,"You are talking about 6 weeks,my father has been waiting for eight months now.",2026-04-19T20:47:53.561147+00:00,https://www.facebook.com/100064625412288/posts/681728317324676/?app=fbl,you are talking about 6 weeks my father has been waiting for eight months now,15,talking 6 weeks father waiting eight months now,False,0.0,neutral,0.0,0.0,1.0,0.0,neutral,0.0,neutral,False,0.0,,8,1,0.0,0.0,0.0,0.125,0.0,0.0,0.0,False,0,no_energy_or_zesco_terms,
824248176005123,Just wait for Jesus Christ to return..,2026-04-19T20:47:53.561153+00:00,https://www.facebook.com/100064625412288/posts/681728317324676/?app=fbl,just wait for jesus christ to return,7,just wait jesus christ return,False,0.0,neutral,0.0,0.0,1.0,0.0,neutral,0.0,neutral,False,0.0,,5,1,0.0,0.2,0.0,0.0,0.0,0.2,0.0,False,0,no_energy_or_zesco_terms,
646895960732188,I thought I'm just alone 🤣,2026-04-19T20:47:53.561158+00:00,https://www.facebook.com/100064625412288/posts/681728317324676/?app=fbl,i thought i m just alone 🤣,6,thought m just alone,False,-0.25,negative,-0.25,0.0,0.5,0.5,negative,-0.25,negative,False,0.0,,4,1,0.0,0.25,0.0,0.0,0.0,0.25,0.0,False,0,no_energy_or_zesco_terms,
688264309312056,For me it is now 6 months while I know someone who paid after me and was connected to this I have proof.,2026-04-19T20:47:53.561163+00:00,https://www.facebook.com/100064625412288/posts/681728317324676/?app=fbl,for me it is now 6 months while i know someone who paid after me and was connected to this i have proof,23,now 6 months while know someone paid connected proof,False,0.0,neutral,0.0,0.0,1.0,0.0,neutral,0.0,neutral,False,0.0,,9,1,0.0,0.0,0.0,0.1111111111111111,0.0,0.0,0.0,False,0,no_energy_or_zesco_terms,
667471854997744,Kkkkk two weeks ago crying your friends don't remember when they did that,2026-04-19T20:47:53.561167+00:00,https://www.facebook.com/100064625412288/posts/681728317324676/?app=fbl,kkkkk two weeks ago crying your friends don t remember when they did that,14,kkkkk two weeks ago crying friends don t remember,False,0.0,neutral,0.0,0.254,0.492,0.254,neutral,0.0,neutral,False,0.0,,9,2,0.0,0.0,0.0,0.1111111111111111,0.1111111111111111,0.0,0.0555555555555555,False,0,no_energy_or_zesco_terms,
1056458468853307,"Pa Zambia if u are waiting for normal process u won't be connected my dear, this is Zambia my country open ur eyes",2026-04-19T20:47:53.561172+00:00,https://www.facebook.com/100064625412288/posts/681728317324676/?app=fbl,pa zambia if u are waiting for normal process u won t be connected my dear this is zambia my country open ur eyes,24,pa zambia u waiting normal process u won t connected dear zambia country open ur eyes,False,0.743,positive,0.743,0.364,0.636,0.0,positive,0.743,positive,False,0.0,,16,1,0.0,0.0,0.0,0.0,0.0,0.0,0.0,False,0,no_energy_or_zesco_terms,
1020109762752167,"6 weeks really, tekanyeni boss😂",2026-04-19T20:47:53.561176+00:00,https://www.facebook.com/100064625412288/posts/681728317324676/?app=fbl,6 weeks really tekanyeni boss😂,5,6 weeks really tekanyeni boss,False,0.0,neutral,0.0,0.0,1.0,0.0,neutral,0.0,neutral,False,0.0,,5,0,0.0,0.0,0.0,0.0,0.0,0.0,0.0,False,0,no_energy_or_zesco_terms,
261357600084923,Too much politics of the belly,2026-04-19T20:47:53.561095+00:00,https://www.facebook.com/100064625412288/posts/681728317324676/?app=fbl,too much politics of the belly,6,job nsama even poor finishing pf same,False,-0.4767,negative,-0.4767,0.0,0.659,0.341,negative,-0.4767,negative,False,0.0,,7,1,0.0,0.0,0.0,0.0,0.0,0.0,0.0,False,0,no_energy_or_zesco_terms,
1350227855844217,at least you its 6 weeks....ifwe ma 3 years..,2026-04-19T20:47:53.561104+00:00,https://www.facebook.com/100064625412288/posts/681728317324676/?app=fbl,at least you its 6 weeks ifwe ma 3 years,10,kelvin musonda new dawn 2 years old,False,0.0,neutral,0.0,0.0,1.0,0.0,neutral,0.0,neutral,False,0.0,,7,1,0.0,0.1428571428571428,0.0,0.1428571428571428,0.0,0.1428571428571428,0.0,False,0,no_energy_or_zesco_terms,
838734440802923,"Me applied for water connection ku NKANA water a month ago, when I went to check they told the officer to verify alikwata ifyakucita,let's hope he will verify.So I asked how do you say we hope he will verify,are we at his mercy?ati we are not here to urge we want to attend to other customers.",2026-04-19T20:47:53.561204+00:00,https://www.facebook.com/100064625412288/posts/681728317324676/?app=fbl,me applied for water connection ku nkana water a month ago when i went to check they told the officer to verify alikwata ifyakucita let s hope he will verify so i asked how do you say we hope he will verify are we at his mercy ati we are not here to urge we want to attend to other customers,61,applied water connection ku nkana water month ago went check told officer verify alikwata ifyakucita let s hope verify asked how say hope verify mercy ati urge want attend other customers,False,0.8225,positive,0.8225,0.27,0.73,0.0,positive,0.8225,positive,False,0.0,,31,4,0.0,0.064516129032258,0.0,0.0967741935483871,0.0,0.064516129032258,0.0,False,0,no_energy_or_zesco_terms,
982481913089980,Wake Up! The Minister does not connect. Follow up from the  District or Regional Manager...,2026-04-19T20:47:53.561209+00:00,https://www.facebook.com/100064625412288/posts/681728317324676/?app=fbl,wake up the minister does not connect follow up from the district or regional manager,15,wake minister connect follow district regional manager,False,0.0,neutral,0.0,0.0,1.0,0.0,neutral,0.0,neutral,False,0.0,,7,0,0.0,0.0,0.0,0.0,0.0,0.0,0.0,False,0,no_energy_or_zesco_terms,
262681793282465,"Let him complain he paid his money k4, 800 it's a lot.",2026-04-19T20:47:53.561218+00:00,https://www.facebook.com/100064625412288/posts/681728317324676/?app=fbl,let him complain he paid his money k4 800 it s a lot,13,let complain paid money k4 800 s lot,False,-0.3612,negative,-0.3612,0.0,0.706,0.294,negative,-0.3612,negative,False,0.0,,8,2,0.25,0.125,0.0,0.125,0.125,0.125,0.1875,False,0,no_energy_or_zesco_terms,
320640177058229,I believe they will come knocking on my door in 2028. We applied in 2021,2026-04-19T20:47:53.561222+00:00,https://www.facebook.com/100064625412288/posts/681728317324676/?app=fbl,i believe they will come knocking on my door in 2028 we applied in 2021,15,believe come knocking door 2028 applied 2021,False,0.0,neutral,0.0,0.0,1.0,0.0,neutral,0.0,neutral,False,0.0,,7,0,0.0,0.0,0.0,0.0,0.0,0.0,0.0,False,1,no_energy_or_zesco_terms,come
997820034677347,6 weeks and you are complaining. Here we're talking months,2026-04-19T20:47:53.561227+00:00,https://www.facebook.com/100064625412288/posts/681728317324676/?app=fbl,6 weeks and you are complaining here we re talking months,11,6 weeks complaining re talking months,False,-0.2023,negative,-0.2023,0.0,0.69,0.31,negative,-0.2023,negative,False,0.0,,6,0,0.0,0.0,0.0,0.0,0.0,0.0,0.0,False,0,no_energy_or_zesco_terms,
323450626698924,They are concentrating on CDF,2026-04-19T20:47:53.561236+00:00,https://www.facebook.com/100064625412288/posts/681728317324676/?app=fbl,they are concentrating on cdf,5,concentrating cdf,False,0.0,neutral,0.0,0.0,1.0,0.0,neutral,0.0,neutral,False,0.0,,2,0,0.0,0.0,0.0,0.0,0.0,0.0,0.0,False,0,no_energy_or_zesco_terms,
259475586923892,"Ba moonga you are complaining of 6 months, l stayed for close to 2 years just waiting till we changed government. Just wait and see.",2026-04-19T20:47:53.561252+00:00,https://www.facebook.com/100064625412288/posts/681728317324676/?app=fbl,ba moonga you are complaining of 6 months l stayed for close to 2 years just waiting till we changed government just wait and see,25,ba moonga complaining 6 months l stayed close 2 years just waiting till changed government just wait see,False,-0.2023,negative,-0.2023,0.0,0.886,0.114,negative,-0.2023,negative,False,0.0,,18,2,0.0,0.0555555555555555,0.0555555555555555,0.0,0.0,0.0555555555555555,0.0,False,0,no_energy_or_zesco_terms,
667471854997744,Kkkkk two weeks ago crying your friends don't remember when they did that,2026-04-19T20:47:53.561167+00:00,https://www.facebook.com/100064625412288/posts/681728317324676/?app=fbl,kkkkk two weeks ago crying your friends don t remember when they did that,14,owen haafwa neighbor s almost two years connected,False,0.0,neutral,0.0,0.0,1.0,0.0,neutral,0.0,neutral,False,0.0,,8,1,0.0,0.125,0.0,0.125,0.0,0.125,0.0,False,0,no_energy_or_zesco_terms,
667471854997744,Kkkkk two weeks ago crying your friends don't remember when they did that,2026-04-19T20:47:53.561167+00:00,https://www.facebook.com/100064625412288/posts/681728317324676/?app=fbl,kkkkk two weeks ago crying your friends don t remember when they did that,14,doc george nkhoma kkkkk guys u need really push push,False,0.0,neutral,0.0,0.0,1.0,0.0,neutral,0.0,neutral,False,0.0,,10,0,0.0,0.0,0.0,0.0,0.0,0.0,0.0,False,0,no_energy_or_zesco_terms,
667471854997744,Kkkkk two weeks ago crying your friends don't remember when they did that,2026-04-19T20:47:53.561167+00:00,https://www.facebook.com/100064625412288/posts/681728317324676/?app=fbl,kkkkk two weeks ago crying your friends don t remember when they did that,14,owen haafwa too much nichekeleko nichekeleko,False,0.0,neutral,0.0,0.0,1.0,0.0,neutral,0.0,neutral,False,0.0,,6,0,0.0,0.0,0.0,0.0,0.0,0.0,0.0,False,0,no_energy_or_zesco_terms,
842654447102636,You're talking about 6 weeks 🤣🤣🤣🤣🤣 wait till 3 years,2026-04-19T20:47:53.561300+00:00,https://www.facebook.com/100064625412288/posts/681728317324676/?app=fbl,you re talking about 6 weeks 🤣🤣🤣🤣🤣 wait till 3 years,10,re talking 6 weeks wait till 3 years,False,0.0,neutral,0.0,0.0,1.0,0.0,neutral,0.0,neutral,False,0.0,,8,1,0.0,0.125,0.0,0.0,0.0,0.125,0.0,False,0,no_energy_or_zesco_terms,
982520906125603,6 weeks and you are already complaining 🤗🤔.. na 1 year ilafika,2026-04-19T20:47:53.561305+00:00,https://www.facebook.com/100064625412288/posts/681728317324676/?app=fbl,6 weeks and you are already complaining 🤗🤔 na 1 year ilafika,11,6 weeks already complaining na 1 year ilafika,False,-0.2023,negative,-0.2023,0.0,0.735,0.265,negative,-0.2023,negative,False,0.0,,8,0,0.0,0.0,0.0,0.0,0.0,0.0,0.0,False,0,no_energy_or_zesco_terms,
186078374484005,"The country is too big and people are too many, don't expect everything to happen on time.",2026-04-19T20:47:53.561314+00:00,https://www.facebook.com/100064625412288/posts/681728317324676/?app=fbl,the country is too big and people are too many don t expect everything to happen on time,18,country too big people too many don t expect everything happen time,False,0.0,neutral,0.0,0.0,1.0,0.0,neutral,0.0,neutral,False,0.0,,12,4,0.0,0.25,0.0,0.1666666666666666,0.0,0.25,0.0,False,0,no_energy_or_zesco_terms,
1317728269152724,"Be patient, in the meantime you can be using candle.",2026-04-19T20:47:53.561319+00:00,https://www.facebook.com/100064625412288/posts/681728317324676/?app=fbl,be patient in the meantime you can be using candle,10,patient meantime using candle,False,0.0,neutral,0.0,0.0,1.0,0.0,neutral,0.0,neutral,False,0.0,,4,1,0.0,0.25,0.0,0.0,0.0,0.25,0.0,False,0,no_energy_or_zesco_terms,
301125472504951,"Paid my connection fees in full  in February, 2023 we are still in the DARK to this day. 🌑😢",2026-04-19T20:47:53.561323+00:00,https://www.facebook.com/100064625412288/posts/681728317324676/?app=fbl,paid my connection fees in full in february 2023 we are still in the dark to this day 🌑😢,18,paid connection fees full february 2023 still dark day,False,0.0,neutral,0.0,0.0,1.0,0.0,neutral,0.0,neutral,False,0.0,,9,2,0.0,0.0,0.0,0.0,0.1111111111111111,0.0,0.0555555555555555,False,0,no_energy_or_zesco_terms,
2202786226779292,Same situation paid in April up to now,2026-04-19T20:47:53.561328+00:00,https://www.facebook.com/100064625412288/posts/681728317324676/?app=fbl,same situation paid in april up to now,8,same situation paid april now,False,0.0,neutral,0.0,0.0,1.0,0.0,neutral,0.0,neutral,False,0.0,,5,0,0.0,0.0,0.0,0.0,0.0,0.0,0.0,False,0,no_energy_or_zesco_terms,
1587349058462447,That's why it has taken 3 years for you because of being quite.,2026-04-19T20:47:53.561347+00:00,https://www.facebook.com/100064625412288/posts/681728317324676/?app=fbl,that s why it has taken 3 years for you because of being quite,14,s taken 3 years because being quite,False,0.0,neutral,0.0,0.0,1.0,0.0,neutral,0.0,neutral,False,0.0,,7,0,0.0,0.0,0.0,0.0,0.0,0.0,0.0,False,0,no_energy_or_zesco_terms,
3578373739112848,"Mr moonga just relax, note that you not the only one who applied for connection, in due time you will be connected. ..",2026-04-19T20:47:53.561352+00:00,https://www.facebook.com/100064625412288/posts/681728317324676/?app=fbl,mr moonga just relax note that you not the only one who applied for connection in due time you will be connected,22,mr moonga just relax note only applied connection due time connected,False,0.4404,positive,0.4404,0.225,0.775,0.0,positive,0.4404,positive,False,0.0,,11,1,0.0,0.0909090909090909,0.0,0.0,0.0,0.0909090909090909,0.0,False,0,no_energy_or_zesco_terms,
1278345019712675,"In the previous government, it took them 3 to 4 years to come and do connection at my place in a developed place like Avondale and you complaining about 6 weeks🤦🤦🤦",2026-04-19T20:47:53.561357+00:00,https://www.facebook.com/100064625412288/posts/681728317324676/?app=fbl,in the previous government it took them 3 to 4 years to come and do connection at my place in a developed place like avondale and you complaining about 6 weeks🤦🤦🤦,31,previous government took 3 4 years come connection place developed place like avondale complaining 6 weeks,False,0.1779,positive,0.1779,0.163,0.719,0.118,positive,0.1779,positive,False,0.0,,16,1,0.0,0.0,0.0625,0.0,0.0,0.0,0.0,False,1,no_energy_or_zesco_terms,come
132467726589420,Yet they ve increased,2026-04-19T20:47:53.561367+00:00,https://www.facebook.com/100064625412288/posts/681728317324676/?app=fbl,yet they ve increased,4,yet ve increased,False,0.2732,positive,0.2732,0.512,0.488,0.0,positive,0.2732,positive,False,0.0,,3,0,0.0,0.0,0.0,0.0,0.0,0.0,0.0,False,0,no_energy_or_zesco_terms,
652731433469685,By the way how much is connection fee in urban area ?,2026-04-19T20:47:53.561371+00:00,https://www.facebook.com/100064625412288/posts/681728317324676/?app=fbl,by the way how much is connection fee in urban area,11,way how much connection fee urban area,False,0.0,neutral,0.0,0.0,1.0,0.0,neutral,0.0,neutral,False,0.0,,7,1,0.1428571428571428,0.0,0.0,0.0,0.0,0.0,0.0714285714285714,False,0,no_energy_or_zesco_terms,
841354144073352,mmmm its welcome mu new down not  new dawn,2026-04-19T20:47:53.561390+00:00,https://www.facebook.com/100064625412288/posts/681728317324676/?app=fbl,mmmm its welcome mu new down not new dawn,9,mmmm welcome mu new down new dawn,False,0.4588,positive,0.4588,0.333,0.667,0.0,positive,0.4588,positive,False,0.0,,7,1,0.0,0.1428571428571428,0.0,0.1428571428571428,0.0,0.1428571428571428,0.0,False,0,no_energy_or_zesco_terms,
1042546530442790,You are even better us it's 6 years now,2026-04-19T20:47:53.561395+00:00,https://www.facebook.com/100064625412288/posts/681728317324676/?app=fbl,you are even better us it s 6 years now,10,even better us s 6 years now,False,0.4404,positive,0.4404,0.42,0.58,0.0,positive,0.4404,positive,False,0.0,,7,0,0.0,0.0,0.0,0.0,0.0,0.0,0.0,False,0,no_energy_or_zesco_terms,
3552650258394935,New dawn but old team,2026-04-19T20:47:53.561403+00:00,https://www.facebook.com/100064625412288/posts/681728317324676/?app=fbl,new dawn but old team,5,new dawn old team,False,0.0,neutral,0.0,0.0,1.0,0.0,neutral,0.0,neutral,False,0.0,,4,2,0.0,0.25,0.0,0.5,0.0,0.25,0.0,False,0,no_energy_or_zesco_terms,
884014289908116,"But 6 weeks? I thought you would say 6 months, anyway, it depends on the side of the coin you are looking at it.",2026-04-19T20:47:53.561407+00:00,https://www.facebook.com/100064625412288/posts/681728317324676/?app=fbl,but 6 weeks i thought you would say 6 months anyway it depends on the side of the coin you are looking at it,24,6 weeks thought would say 6 months anyway depends side coin looking,False,0.0,neutral,0.0,0.0,1.0,0.0,neutral,0.0,neutral,False,0.0,,12,1,0.0,0.0833333333333333,0.0,0.0,0.0,0.0833333333333333,0.0,False,0,no_energy_or_zesco_terms,
691829512814197,"Moonga what ever you call yourself this cannot happen here and there you applied and paid 6 weeks ago ,how is that possible? So you applied paid without quotation big lair",2026-04-19T20:47:53.561423+00:00,https://www.facebook.com/100064625412288/posts/681728317324676/?app=fbl,moonga what ever you call yourself this cannot happen here and there you applied and paid 6 weeks ago how is that possible so you applied paid without quotation big lair,31,moonga ever call yourself cannot happen applied paid 6 weeks ago how possible applied paid without quotation big lair,False,0.0,neutral,0.0,0.0,1.0,0.0,neutral,0.0,neutral,False,0.0,,19,2,0.0,0.0526315789473684,0.0,0.0,0.0,0.0526315789473684,0.0,False,0,no_energy_or_zesco_terms,
594664932833537,Actually during pf it was k780 connection fee but now we are paying k5600 while other more than that but not connected. Please fire the Director!,2026-04-19T20:47:53.561437+00:00,https://www.facebook.com/100064625412288/posts/681728317324676/?app=fbl,actually during pf it was k780 connection fee but now we are paying k5600 while other more than that but not connected please fire the director,26,actually during pf k780 connection fee now paying k5600 while other than connected please fire director,False,-0.0258,neutral,-0.0258,0.123,0.749,0.128,neutral,-0.0258,neutral,False,0.0,,16,3,0.0625,0.0,0.0625,0.0625,0.0,0.0,0.03125,False,0,no_energy_or_zesco_terms,
864783155274402,They don't know there work,2026-04-19T20:47:53.561447+00:00,https://www.facebook.com/100064625412288/posts/681728317324676/?app=fbl,they don t know there work,6,don t know work,False,0.0,neutral,0.0,0.0,1.0,0.0,neutral,0.0,neutral,False,0.0,,4,1,0.0,0.0,0.0,0.25,0.0,0.0,0.0,False,0,no_energy_or_zesco_terms,
988406119065527,You should wait for 3months mune me I paid in November 2019 and was connected in April 2020,2026-04-19T20:47:53.561456+00:00,https://www.facebook.com/100064625412288/posts/681728317324676/?app=fbl,you should wait for 3months mune me i paid in november 2019 and was connected in april 2020,18,should wait 3months mune paid november 2019 connected april 2020,False,0.0,neutral,0.0,0.0,1.0,0.0,neutral,0.0,neutral,False,0.0,,10,1,0.0,0.1,0.0,0.0,0.0,0.1,0.0,False,0,no_energy_or_zesco_terms,
3667303526928543,6 weeks you are complaining,2026-04-19T20:47:53.561461+00:00,https://www.facebook.com/100064625412288/posts/681728317324676/?app=fbl,6 weeks you are complaining,5,6 weeks complaining,False,-0.2023,negative,-0.2023,0.0,0.357,0.643,negative,-0.2023,negative,False,0.0,,3,0,0.0,0.0,0.0,0.0,0.0,0.0,0.0,False,0,no_energy_or_zesco_terms,
1032341511123508,So annoying and disappointing,2026-04-19T20:47:53.561465+00:00,https://www.facebook.com/100064625412288/posts/681728317324676/?app=fbl,so annoying and disappointing,4,annoying disappointing,False,-0.7096,negative,-0.7096,0.0,0.0,1.0,negative,-0.7096,negative,False,0.0,,2,2,0.5,0.0,0.0,0.0,0.5,0.0,0.5,False,0,no_energy_or_zesco_terms,
818042396451221,You're talking of six weeks us it's been  months,2026-04-19T20:47:53.561470+00:00,https://www.facebook.com/100064625412288/posts/681728317324676/?app=fbl,you re talking of six weeks us it s been months,11,re talking six weeks us s months,False,0.0,neutral,0.0,0.0,1.0,0.0,neutral,0.0,neutral,False,0.0,,7,0,0.0,0.0,0.0,0.0,0.0,0.0,0.0,False,0,no_energy_or_zesco_terms,
966343037752683,They seem under stuffed,2026-04-19T20:47:53.561501+00:00,https://www.facebook.com/100064625412288/posts/681728317324676/?app=fbl,they seem under stuffed,4,seem under stuffed,False,0.0,neutral,0.0,0.0,1.0,0.0,neutral,0.0,neutral,False,0.0,,3,0,0.0,0.0,0.0,0.0,0.0,0.0,0.0,False,0,no_energy_or_zesco_terms,
1354677755466141,Two teachers houses at Matunga Day Secondary School in Katete District of Eastern Province haven't been connected since 2019 and you are busy complaining about 6 weeks🙄🙄🙄🙄,2026-04-19T20:47:53.561506+00:00,https://www.facebook.com/100064625412288/posts/681728317324676/?app=fbl,two teachers houses at matunga day secondary school in katete district of eastern province haven t been connected since 2019 and you are busy complaining about 6 weeks🙄🙄🙄🙄,28,two teachers houses matunga day secondary school katete district eastern province haven t connected since 2019 busy complaining 6 weeks,False,-0.2023,negative,-0.2023,0.0,0.904,0.096,negative,-0.2023,negative,False,0.0,,20,2,0.0,0.0,0.0,0.1,0.0,0.0,0.0,False,0,no_energy_or_zesco_terms,
1416392752423834,It takes 6 months,2026-04-19T20:47:53.561516+00:00,https://www.facebook.com/100064625412288/posts/681728317324676/?app=fbl,it takes 6 months,4,takes 6 months,False,0.0,neutral,0.0,0.0,1.0,0.0,neutral,0.0,neutral,False,0.0,,3,0,0.0,0.0,0.0,0.0,0.0,0.0,0.0,False,0,no_energy_or_zesco_terms,
1023901229028987,"They are infact worse,can't solve simple faults..every week you have to contact them to deal with the same problems. They are becoming useless by the day..being a monopoly is a problem..we need competition",2026-04-19T20:47:53.561534+00:00,https://www.facebook.com/100064625412288/posts/681728317324676/?app=fbl,they are infact worse can t solve simple faults every week you have to contact them to deal with the same problems they are becoming useless by the day being a monopoly is a problem we need competition,38,infact worse t solve simple faults every week contact deal same problems becoming useless day being monopoly problem need competition,False,-0.9118,negative,-0.9118,0.062,0.445,0.493,negative,-0.9118,negative,False,0.0,,20,6,0.0,0.1,0.1,0.05,0.1,0.1,0.05,False,0,no_energy_or_zesco_terms,
1354677755466141,Two teachers houses at Matunga Day Secondary School in Katete District of Eastern Province haven't been connected since 2019 and you are busy complaining about 6 weeks🙄🙄🙄🙄,2026-04-19T20:47:53.561506+00:00,https://www.facebook.com/100064625412288/posts/681728317324676/?app=fbl,two teachers houses at matunga day secondary school in katete district of eastern province haven t been connected since 2019 and you are busy complaining about 6 weeks🙄🙄🙄🙄,28,mulenda lukhere think both need complain sir,False,-0.3612,negative,-0.3612,0.0,0.706,0.294,negative,-0.3612,negative,False,0.0,,7,2,0.1428571428571428,0.0,0.0,0.1428571428571428,0.1428571428571428,0.0,0.1428571428571428,False,0,no_energy_or_zesco_terms,
1354677755466141,Two teachers houses at Matunga Day Secondary School in Katete District of Eastern Province haven't been connected since 2019 and you are busy complaining about 6 weeks🙄🙄🙄🙄,2026-04-19T20:47:53.561506+00:00,https://www.facebook.com/100064625412288/posts/681728317324676/?app=fbl,two teachers houses at matunga day secondary school in katete district of eastern province haven t been connected since 2019 and you are busy complaining about 6 weeks🙄🙄🙄🙄,28,psalms chingaipe guys care,False,0.4939,positive,0.4939,0.516,0.484,0.0,positive,0.4939,positive,False,0.0,,4,0,0.0,0.0,0.0,0.0,0.0,0.0,0.0,False,0,no_energy_or_zesco_terms,
1354677755466141,Two teachers houses at Matunga Day Secondary School in Katete District of Eastern Province haven't been connected since 2019 and you are busy complaining about 6 weeks🙄🙄🙄🙄,2026-04-19T20:47:53.561506+00:00,https://www.facebook.com/100064625412288/posts/681728317324676/?app=fbl,two teachers houses at matunga day secondary school in katete district of eastern province haven t been connected since 2019 and you are busy complaining about 6 weeks🙄🙄🙄🙄,28,mulenda lukhere see chairperson provincial sports weight once echo,False,0.0,neutral,0.0,0.0,1.0,0.0,neutral,0.0,neutral,False,0.0,,9,1,0.0,0.1111111111111111,0.1111111111111111,0.1111111111111111,0.1111111111111111,0.1111111111111111,0.0555555555555555,False,0,no_energy_or_zesco_terms,
6474828242565344,U r told where to go iwe u go ku watchdog. Follow instructions.,2026-04-19T20:47:53.561564+00:00,https://www.facebook.com/100064625412288/posts/681728317324676/?app=fbl,u r told where to go iwe u go ku watchdog follow instructions,13,u r told go iwe u go ku watchdog follow instructions,False,0.0,neutral,0.0,0.0,1.0,0.0,neutral,0.0,neutral,False,0.0,,11,2,0.0,0.0909090909090909,0.0,0.1818181818181818,0.0,0.0909090909090909,0.0,False,0,no_energy_or_zesco_terms,
688370936485774,"6 weeks naimwe.
Anyway Zambians are always complaining it is an in thing.",2026-04-19T20:47:53.561569+00:00,https://www.facebook.com/100064625412288/posts/681728317324676/?app=fbl,6 weeks naimwe anyway zambians are always complaining it is an in thing,13,6 weeks naimwe anyway zambians always complaining thing,False,-0.2023,negative,-0.6023000000000001,0.0,0.769,0.231,negative,-0.6023000000000001,negative,True,-0.4,naimwe,8,0,0.0,0.0,0.0,0.0,0.0,0.0,0.0,False,0,no_energy_or_zesco_terms,
332411952476019,Some of us it's 5 months now since we paid.its stories after stories,2026-04-19T20:47:53.561574+00:00,https://www.facebook.com/100064625412288/posts/681728317324676/?app=fbl,some of us it s 5 months now since we paid its stories after stories,15,us s 5 months now since paid stories stories,False,0.0,neutral,0.0,0.0,1.0,0.0,neutral,0.0,neutral,False,0.0,,9,0,0.0,0.0,0.0,0.0,0.0,0.0,0.0,False,0,no_energy_or_zesco_terms,
599999235539330,Monze they do it immediately,2026-04-19T20:47:53.561579+00:00,https://www.facebook.com/100064625412288/posts/681728317324676/?app=fbl,monze they do it immediately,5,monze immediately,False,0.0,neutral,0.0,0.0,1.0,0.0,neutral,0.0,neutral,False,0.0,,2,1,0.0,0.5,0.0,0.0,0.0,0.5,0.0,False,0,no_energy_or_zesco_terms,
6482777268508624,The workers are still the same ones,2026-04-19T20:47:53.561584+00:00,https://www.facebook.com/100064625412288/posts/681728317324676/?app=fbl,the workers are still the same ones,7,workers still same ones,False,0.0,neutral,0.0,0.0,1.0,0.0,neutral,0.0,neutral,False,0.0,,4,0,0.0,0.0,0.0,0.0,0.0,0.0,0.0,False,0,no_energy_or_zesco_terms,
3629844403917784,6 weeks it's too early to start complaining,2026-04-19T20:47:53.561589+00:00,https://www.facebook.com/100064625412288/posts/681728317324676/?app=fbl,6 weeks it s too early to start complaining,9,6 weeks s too early start complaining,False,-0.2023,negative,-0.2023,0.0,0.69,0.31,negative,-0.2023,negative,False,0.0,,7,1,0.0,0.1428571428571428,0.0,0.0,0.0,0.1428571428571428,0.0,False,0,no_energy_or_zesco_terms,
297723079506654,"Get out u are making noise, nivanu ivo🤦",2026-04-19T20:47:53.561593+00:00,https://www.facebook.com/100064625412288/posts/681728317324676/?app=fbl,get out u are making noise nivanu ivo🤦,8,get u making noise nivanu ivo,False,0.0,neutral,0.0,0.0,1.0,0.0,neutral,0.0,neutral,False,0.0,,6,1,0.0,0.0,0.0,0.0,0.0,0.0,0.0,False,0,no_energy_or_zesco_terms,
311438738223605,It's clocking 6 months for me,2026-04-19T20:47:53.561599+00:00,https://www.facebook.com/100064625412288/posts/681728317324676/?app=fbl,it s clocking 6 months for me,7,s clocking 6 months,False,0.0,neutral,0.0,0.0,1.0,0.0,neutral,0.0,neutral,False,0.0,,4,0,0.0,0.0,0.0,0.0,0.0,0.0,0.0,False,0,no_energy_or_zesco_terms,
6357088101027140,You complain after 90 working days elapse,2026-04-19T20:47:53.561603+00:00,https://www.facebook.com/100064625412288/posts/681728317324676/?app=fbl,you complain after 90 working days elapse,7,complain 90 working days elapse,False,-0.3612,negative,-0.3612,0.0,0.615,0.385,negative,-0.3612,negative,False,0.0,,5,2,0.2,0.0,0.0,0.0,0.2,0.0,0.2,False,0,no_energy_or_zesco_terms,
254334127508667,New dawn found these useless creatures,2026-04-19T20:47:53.561608+00:00,https://www.facebook.com/100064625412288/posts/681728317324676/?app=fbl,new dawn found these useless creatures,6,new dawn found useless creatures,False,-0.4215,negative,-0.4215,0.0,0.588,0.412,negative,-0.4215,negative,False,0.0,,5,3,0.0,0.2,0.0,0.4,0.0,0.2,0.0,False,0,no_energy_or_zesco_terms,
306493691934195,You are not alone mwandi even my Uncle paid for everything but up-to-date nothing 🤷 not even holes 🚶🚶🚶🚶🚶,2026-04-19T20:47:53.561612+00:00,https://www.facebook.com/100064625412288/posts/681728317324676/?app=fbl,you are not alone mwandi even my uncle paid for everything but up to date nothing 🤷 not even holes 🚶🚶🚶🚶🚶,19,alone mwandi even uncle paid everything date nothing even holes,False,-0.25,negative,-0.25,0.0,0.818,0.182,negative,-0.25,negative,False,0.0,,10,0,0.0,0.0,0.0,0.0,0.0,0.0,0.0,False,0,no_energy_or_zesco_terms,
287915833941947,"People were helping out but same people you go and zala. Wait for the list bwana, there is a backlog.",2026-04-19T20:47:53.561617+00:00,https://www.facebook.com/100064625412288/posts/681728317324676/?app=fbl,people were helping out but same people you go and zala wait for the list bwana there is a backlog,20,people helping same people go zala wait list bwana backlog,False,0.296,positive,0.296,0.196,0.804,0.0,positive,0.296,positive,False,0.0,,10,1,0.0,0.1,0.0,0.0,0.0,0.1,0.0,False,0,no_energy_or_zesco_terms,
266309282865695,"6 weeks you are complaining!
Wait at least a year then you can complain.
Do you know how long other people have waited iwe?",2026-04-19T20:47:53.561626+00:00,https://www.facebook.com/100064625412288/posts/681728317324676/?app=fbl,6 weeks you are complaining wait at least a year then you can complain do you know how long other people have waited iwe,24,6 weeks complaining wait least year complain know how long other people waited iwe,False,-0.5106,negative,-0.5106,0.0,0.719,0.281,negative,-0.5106,negative,False,0.0,,14,3,0.0714285714285714,0.1428571428571428,0.0,0.0,0.0714285714285714,0.1428571428571428,0.0714285714285714,False,0,no_energy_or_zesco_terms,
6504567089661538,It's worse here in kafue. It's now 3 years ago since when I paid. There is no show.,2026-04-19T20:47:53.561631+00:00,https://www.facebook.com/100064625412288/posts/681728317324676/?app=fbl,it s worse here in kafue it s now 3 years ago since when i paid there is no show,20,s worse kafue s now 3 years ago since paid show,False,-0.4767,negative,-0.4767,0.0,0.693,0.307,negative,-0.4767,negative,False,0.0,,11,2,0.0,0.0,0.0909090909090909,0.0909090909090909,0.0909090909090909,0.0,0.0454545454545454,False,0,no_energy_or_zesco_terms,
619615453679735,6 weeks and u r complaining it took me 4 yrs kkk,2026-04-19T20:47:53.561649+00:00,https://www.facebook.com/100064625412288/posts/681728317324676/?app=fbl,6 weeks and u r complaining it took me 4 yrs kkk,12,6 weeks u r complaining took 4 yrs kkk,False,-0.2023,negative,-0.2023,0.0,0.69,0.31,negative,-0.2023,negative,False,0.0,,9,0,0.0,0.0,0.0,0.0,0.0,0.0,0.0,False,0,no_energy_or_zesco_terms,
6482777268508624,The workers are still the same ones,2026-04-19T20:47:53.561584+00:00,https://www.facebook.com/100064625412288/posts/681728317324676/?app=fbl,the workers are still the same ones,7,tsetsa hambaza t change workers malume new md other policy makers,False,0.0,neutral,0.0,0.0,1.0,0.0,neutral,0.0,neutral,False,0.0,,11,2,0.0,0.0,0.0909090909090909,0.0909090909090909,0.0,0.0,0.0,False,0,no_energy_or_zesco_terms,
6482777268508624,The workers are still the same ones,2026-04-19T20:47:53.561584+00:00,https://www.facebook.com/100064625412288/posts/681728317324676/?app=fbl,the workers are still the same ones,7,ephy mbewe okay tamvela,False,0.2263,positive,0.2263,0.388,0.612,0.0,positive,0.2263,positive,False,0.0,,4,0,0.0,0.0,0.0,0.0,0.0,0.0,0.0,False,0,no_energy_or_zesco_terms,
796800835522927,Even me same problem am disappointed.,2026-04-19T20:47:53.561667+00:00,https://www.facebook.com/100064625412288/posts/681728317324676/?app=fbl,even me same problem am disappointed,6,even same problem disappointed,False,-0.7003,negative,-0.7003,0.0,0.256,0.744,negative,-0.7003,negative,False,0.0,,4,2,0.25,0.0,0.25,0.0,0.5,0.0,0.375,False,0,no_energy_or_zesco_terms,
284603217538391,"six weeks iyo iyachepa ifyo ,we are still waiting almost one year right months imwe mulande Pali ka sixe ,we changed the people not the attitude ,the attitude and the culture remain the same if not waste under mwebebe ati new Dawn  yapakanwafye",2026-04-19T20:47:53.561681+00:00,https://www.facebook.com/100064625412288/posts/681728317324676/?app=fbl,six weeks iyo iyachepa ifyo we are still waiting almost one year right months imwe mulande pali ka sixe we changed the people not the attitude the attitude and the culture remain the same if not waste under mwebebe ati new dawn yapakanwafye,43,six weeks iyo iyachepa ifyo still waiting almost year right months imwe mulande pali ka sixe changed people attitude attitude culture remain same waste under mwebebe ati new dawn yapakanwafye,False,-0.4215,negative,-0.4215,0.0,0.912,0.088,negative,-0.4215,negative,False,0.0,,30,3,0.0,0.0333333333333333,0.0,0.0333333333333333,0.0,0.0333333333333333,0.0,False,0,no_energy_or_zesco_terms,
1395764864481313,"U think u  are the only one who paid ,some paid before you",2026-04-19T20:47:53.561691+00:00,https://www.facebook.com/100064625412288/posts/681728317324676/?app=fbl,u think u are the only one who paid some paid before you,13,u think u only paid paid before,False,0.0,neutral,0.0,0.0,1.0,0.0,neutral,0.0,neutral,False,0.0,,7,0,0.0,0.0,0.0,0.0,0.0,0.0,0.0,False,0,no_energy_or_zesco_terms,
1032171577953568,Cry babies. 42 days and you are making noise!! During ichipani days they would just tell you there was a long list and to stop checking and just wait. Now you have hope when they refer you from office to office,2026-04-19T20:47:53.561696+00:00,https://www.facebook.com/100064625412288/posts/681728317324676/?app=fbl,cry babies 42 days and you are making noise during ichipani days they would just tell you there was a long list and to stop checking and just wait now you have hope when they refer you from office to office,41,cry babies 42 days making noise during ichipani days would just tell long list stop checking just wait now hope refer office office,False,-0.34,negative,-0.34,0.103,0.709,0.188,negative,-0.34,negative,False,0.0,,23,5,0.0,0.1304347826086956,0.0,0.0434782608695652,0.0434782608695652,0.1304347826086956,0.0217391304347826,False,0,no_energy_or_zesco_terms,
3612386102338418,Sit down naimwe just 6 weeks u are complaining?,2026-04-19T20:47:53.561701+00:00,https://www.facebook.com/100064625412288/posts/681728317324676/?app=fbl,sit down naimwe just 6 weeks u are complaining,9,sit down naimwe just 6 weeks u complaining,False,-0.2023,negative,-0.6023000000000001,0.0,0.735,0.265,negative,-0.6023000000000001,negative,True,-0.4,naimwe,8,0,0.0,0.0,0.0,0.0,0.0,0.0,0.0,False,0,no_energy_or_zesco_terms,
153482964459194,But how’s the government or minister involved in this sure🤦‍♂️🤷🏽‍♂️ Those same people asking you to do this olo zati are also trying to tell you for a ka extra something but you can’t get the signal,2026-04-19T20:47:53.561706+00:00,https://www.facebook.com/100064625412288/posts/681728317324676/?app=fbl,but how’s the government or minister involved in this sure🤦‍♂️🤷🏽‍♂️ those same people asking you to do this olo zati are also trying to tell you for a ka extra something but you can’t get the signal,39,how s government minister involved sure those same people asking olo zati also trying tell ka extra something t get signal,False,0.3182,positive,0.3182,0.113,0.887,0.0,positive,0.3182,positive,False,0.0,,21,2,0.0,0.0,0.0476190476190476,0.0,0.0,0.0,0.0,False,0,no_energy_or_zesco_terms,
1032171577953568,Cry babies. 42 days and you are making noise!! During ichipani days they would just tell you there was a long list and to stop checking and just wait. Now you have hope when they refer you from office to office,2026-04-19T20:47:53.561696+00:00,https://www.facebook.com/100064625412288/posts/681728317324676/?app=fbl,cry babies 42 days and you are making noise during ichipani days they would just tell you there was a long list and to stop checking and just wait now you have hope when they refer you from office to office,41,imagine 42 days sure,False,0.3182,positive,0.3182,0.434,0.566,0.0,positive,0.3182,positive,False,0.0,,4,0,0.0,0.0,0.0,0.0,0.0,0.0,0.0,False,0,no_energy_or_zesco_terms,
1032171577953568,Cry babies. 42 days and you are making noise!! During ichipani days they would just tell you there was a long list and to stop checking and just wait. Now you have hope when they refer you from office to office,2026-04-19T20:47:53.561696+00:00,https://www.facebook.com/100064625412288/posts/681728317324676/?app=fbl,cry babies 42 days and you are making noise during ichipani days they would just tell you there was a long list and to stop checking and just wait now you have hope when they refer you from office to office,41,oscar sinkolongo inee ukupapai thought 6 months,False,0.0,neutral,0.0,0.0,1.0,0.0,neutral,0.0,neutral,False,0.0,,7,1,0.0,0.1428571428571428,0.0,0.0,0.0,0.1428571428571428,0.0,False,0,no_energy_or_zesco_terms,
642071357814173,Work on it fast twalala umwafita 😂,2026-04-19T20:46:44.355432+00:00,https://www.facebook.com/100057335174945/posts/758680259386473/?app=fbl,work on it fast twalala umwafita 😂,6,work fast twalala umwafita,False,0.0,neutral,0.0,0.0,1.0,0.0,neutral,0.0,neutral,False,0.0,,4,0,0.0,0.0,0.0,0.0,0.0,0.0,0.0,False,0,no_energy_or_zesco_terms,
290128167014632,Thank you for the update,2026-04-19T20:46:44.355471+00:00,https://www.facebook.com/100057335174945/posts/758680259386473/?app=fbl,thank you for the update,5,thank update,False,0.3612,positive,0.3612,0.714,0.286,0.0,positive,0.3612,positive,False,0.0,,2,0,0.0,0.0,0.0,0.0,0.0,0.0,0.0,False,1,no_energy_or_zesco_terms,update
3407405059524366,Karen Karen Mwenya see,2026-04-19T20:46:44.355478+00:00,https://www.facebook.com/100057335174945/posts/758680259386473/?app=fbl,karen karen mwenya see,4,karen karen mwenya see,False,0.0,neutral,0.0,0.0,1.0,0.0,neutral,0.0,neutral,False,0.0,,4,0,0.0,0.0,0.0,0.0,0.0,0.0,0.0,False,0,no_energy_or_zesco_terms,
831559438301451,Elo lelo nipa 1,2026-04-19T20:46:44.355485+00:00,https://www.facebook.com/100057335174945/posts/758680259386473/?app=fbl,elo lelo nipa 1,4,elo lelo nipa 1,False,0.0,neutral,0.0,0.0,1.0,0.0,neutral,0.0,neutral,False,0.0,,4,0,0.0,0.0,0.0,0.0,0.0,0.0,0.0,False,0,no_energy_or_zesco_terms,
984416699362871,"Thank God I bought Kuma 01,like I knew🤷🏽‍♀️",2026-04-19T20:46:44.355499+00:00,https://www.facebook.com/100057335174945/posts/758680259386473/?app=fbl,thank god i bought kuma 01 like i knew🤷🏽‍♀️,9,thank god bought kuma 01 like knew,False,0.7269,positive,0.7269,0.64,0.36,0.0,positive,0.7269,positive,False,0.0,,7,1,0.0,0.1428571428571428,0.1428571428571428,0.1428571428571428,0.0,0.1428571428571428,0.0,False,0,no_energy_or_zesco_terms,
1367262563860449,Ok we want to eat mwe do it fast,2026-04-19T20:46:44.355549+00:00,https://www.facebook.com/100057335174945/posts/758680259386473/?app=fbl,ok we want to eat mwe do it fast,9,ok want eat mwe fast,False,0.3612,positive,0.3612,0.538,0.462,0.0,positive,0.3612,positive,False,0.0,,5,1,0.0,0.0,0.0,0.0,0.0,0.0,0.0,False,0,no_energy_or_zesco_terms,
826269962437006,Rebecca Becky Banda Rangton,2026-04-19T20:46:44.355557+00:00,https://www.facebook.com/100057335174945/posts/758680259386473/?app=fbl,rebecca becky banda rangton,4,rebecca becky banda rangton,False,0.0,neutral,0.0,0.0,1.0,0.0,neutral,0.0,neutral,False,0.0,,4,0,0.0,0.0,0.0,0.0,0.0,0.0,0.0,False,0,no_energy_or_zesco_terms,
632570245476792,"Better do it now!
Thank you",2026-04-19T20:46:44.355563+00:00,https://www.facebook.com/100057335174945/posts/758680259386473/?app=fbl,better do it now thank you,6,better now thank,False,0.6597,positive,0.6597,0.844,0.156,0.0,positive,0.6597,positive,False,0.0,,3,0,0.0,0.0,0.0,0.0,0.0,0.0,0.0,False,0,no_energy_or_zesco_terms,
3517314905153395,The most competent communication company in Zambia. Kudos 👏🏿,2026-04-19T20:46:44.355570+00:00,https://www.facebook.com/100057335174945/posts/758680259386473/?app=fbl,the most competent communication company in zambia kudos 👏🏿,8,most competent communication company zambia kudos,False,0.7089,positive,0.7089,0.596,0.404,0.0,positive,0.7089,positive,False,0.0,,6,3,0.0,0.0,0.0,0.3333333333333333,0.0,0.0,0.0,False,0,no_energy_or_zesco_terms,
1022480522072246,Awe sure i have struggled... finally atleast,2026-04-19T20:46:44.355577+00:00,https://www.facebook.com/100057335174945/posts/758680259386473/?app=fbl,awe sure i have struggled finally atleast,7,awe sure struggled finally atleast,True,-0.0258,neutral,-0.7258,0.299,0.39,0.312,negative,-0.7258,negative,True,-0.7,awe,5,1,0.0,0.2,0.0,0.2,0.0,0.2,0.0,False,0,no_energy_or_zesco_terms,
3677915165765533,The network is back..thank you,2026-04-19T20:46:44.355590+00:00,https://www.facebook.com/100057335174945/posts/758680259386473/?app=fbl,the network is back thank you,6,network back thank,False,0.3612,positive,0.3612,0.556,0.444,0.0,positive,0.3612,positive,False,0.0,,3,1,0.0,0.3333333333333333,0.0,0.0,0.0,0.3333333333333333,0.0,False,0,no_energy_or_zesco_terms,
2394502344055380,Finally I've managed via mtn,2026-04-19T20:46:44.355610+00:00,https://www.facebook.com/100057335174945/posts/758680259386473/?app=fbl,finally i ve managed via mtn,6,finally ve managed via mtn,False,0.0,neutral,0.0,0.0,1.0,0.0,neutral,0.0,neutral,False,0.0,,5,1,0.0,0.2,0.0,0.2,0.0,0.2,0.0,False,0,no_energy_or_zesco_terms,
1003905724128956,manje ma guys ise bali nama social tarriffs you just want us to pay double for the service charge,2026-04-19T20:46:44.355638+00:00,https://www.facebook.com/100057335174945/posts/758680259386473/?app=fbl,manje ma guys ise bali nama social tarriffs you just want us to pay double for the service charge,19,manje ma guys ise bali nama social tarriffs just want us pay double service charge,False,-0.0258,neutral,-0.3258,0.083,0.828,0.089,negative,-0.3258,negative,True,-0.3,manje,15,1,0.0,0.0666666666666666,0.0,0.0666666666666666,0.0,0.0666666666666666,0.0,False,1,no_energy_or_zesco_terms,charge
812018876864684,Finally you've spoken,2026-04-19T20:46:44.355644+00:00,https://www.facebook.com/100057335174945/posts/758680259386473/?app=fbl,finally you ve spoken,4,finally ve spoken,False,0.0,neutral,0.0,0.0,1.0,0.0,neutral,0.0,neutral,False,0.0,,3,1,0.0,0.3333333333333333,0.0,0.3333333333333333,0.0,0.3333333333333333,0.0,False,0,no_energy_or_zesco_terms,
279768711383433,Just wondering I thought it was mobile network thanks,2026-04-19T20:46:44.355664+00:00,https://www.facebook.com/100057335174945/posts/758680259386473/?app=fbl,just wondering i thought it was mobile network thanks,9,just wondering thought mobile network thanks,False,0.4404,positive,0.4404,0.367,0.633,0.0,positive,0.4404,positive,False,0.0,,6,3,0.0,0.5,0.0,0.0,0.0,0.5,0.0,False,0,no_energy_or_zesco_terms,
621697599931064,Working via airtel now,2026-04-19T20:46:44.355671+00:00,https://www.facebook.com/100057335174945/posts/758680259386473/?app=fbl,working via airtel now,4,working via airtel now,False,0.0,neutral,0.0,0.0,1.0,0.0,neutral,0.0,neutral,False,0.0,,4,1,0.0,0.0,0.0,0.0,0.0,0.0,0.0,False,0,no_energy_or_zesco_terms,
1414681275772581,I have managed to buy using airtel,2026-04-19T20:46:44.355691+00:00,https://www.facebook.com/100057335174945/posts/758680259386473/?app=fbl,i have managed to buy using airtel,7,managed buy using airtel,False,0.0,neutral,0.0,0.0,1.0,0.0,neutral,0.0,neutral,False,0.0,,4,0,0.0,0.0,0.0,0.0,0.0,0.0,0.0,False,0,no_energy_or_zesco_terms,
1911614532536475,Chilinda Maxwell should I still walk?,2026-04-19T20:46:44.355719+00:00,https://www.facebook.com/100057335174945/posts/758680259386473/?app=fbl,chilinda maxwell should i still walk,6,chilinda maxwell should still walk,False,0.0,neutral,0.0,0.0,1.0,0.0,neutral,0.0,neutral,False,0.0,,5,0,0.0,0.0,0.0,0.0,0.0,0.0,0.0,False,0,no_energy_or_zesco_terms,
796189505225240,Rita Musowoya  and Makayi Jonathan Phiri,2026-04-19T20:46:44.355726+00:00,https://www.facebook.com/100057335174945/posts/758680259386473/?app=fbl,rita musowoya and makayi jonathan phiri,6,rita musowoya makayi jonathan phiri,False,0.0,neutral,0.0,0.0,1.0,0.0,neutral,0.0,neutral,False,0.0,,5,0,0.0,0.0,0.0,0.0,0.0,0.0,0.0,False,0,no_energy_or_zesco_terms,
1282388192637821,For how long now.,2026-04-19T20:46:44.355732+00:00,https://www.facebook.com/100057335174945/posts/758680259386473/?app=fbl,for how long now,4,how long now,False,0.0,neutral,0.0,0.0,1.0,0.0,neutral,0.0,neutral,False,0.0,,3,1,0.0,0.3333333333333333,0.0,0.0,0.0,0.3333333333333333,0.0,False,0,no_energy_or_zesco_terms,
2378240329047293,"Thank you for the update, was wondering if it was mobile network.",2026-04-19T20:46:44.355746+00:00,https://www.facebook.com/100057335174945/posts/758680259386473/?app=fbl,thank you for the update was wondering if it was mobile network,12,thank update wondering mobile network,False,0.3612,positive,0.3612,0.385,0.615,0.0,positive,0.3612,positive,False,0.0,,5,2,0.0,0.4,0.0,0.0,0.0,0.4,0.0,False,1,no_energy_or_zesco_terms,update
792953145817891,It looks like it's a big problem - up to now solution. We have been on the que for hours .,2026-04-19T20:46:44.355765+00:00,https://www.facebook.com/100057335174945/posts/758680259386473/?app=fbl,it looks like it s a big problem up to now solution we have been on the que for hours,20,looks like s big problem now solution que hours,False,0.2732,positive,0.2732,0.384,0.4,0.216,positive,0.2732,positive,False,0.0,,9,2,0.0,0.0,0.1111111111111111,0.0,0.1111111111111111,0.0,0.0555555555555555,False,1,no_energy_or_zesco_terms,hours
655503493277014,Useless company. All this time,2026-04-19T20:46:44.355779+00:00,https://www.facebook.com/100057335174945/posts/758680259386473/?app=fbl,useless company all this time,5,useless company time,False,-0.4215,negative,-0.4215,0.0,0.417,0.583,negative,-0.4215,negative,False,0.0,,3,2,0.0,0.3333333333333333,0.0,0.0,0.0,0.3333333333333333,0.0,False,0,no_energy_or_zesco_terms,
292846056448213,It’s back online,2026-04-19T20:46:44.355785+00:00,https://www.facebook.com/100057335174945/posts/758680259386473/?app=fbl,it’s back online,4,s back online,False,0.0,neutral,0.0,0.0,1.0,0.0,neutral,0.0,neutral,False,0.0,,3,0,0.0,0.0,0.0,0.0,0.0,0.0,0.0,False,0,no_energy_or_zesco_terms,
817522089539966,So what's the Plan imwe ???,2026-04-19T20:46:44.355829+00:00,https://www.facebook.com/100057335174945/posts/758680259386473/?app=fbl,so what s the plan imwe,6,s plan imwe,False,0.0,neutral,0.0,0.0,1.0,0.0,neutral,0.0,neutral,False,0.0,,3,1,0.0,0.3333333333333333,0.0,0.0,0.0,0.3333333333333333,0.0,False,0,no_energy_or_zesco_terms,
819970216168268,But why ba fi...,2026-04-19T20:46:44.356624+00:00,https://www.facebook.com/100057335174945/posts/758680259386473/?app=fbl,but why ba fi,4,ba fi,False,0.0,neutral,0.0,0.0,1.0,0.0,neutral,0.0,neutral,False,0.0,,2,0,0.0,0.0,0.0,0.0,0.0,0.0,0.0,False,0,no_energy_or_zesco_terms,
997714644745974,"Favour Katundu see this, when we thought it was an Airtel problem.",2026-04-19T20:46:44.356651+00:00,https://www.facebook.com/100057335174945/posts/758680259386473/?app=fbl,favour katundu see this when we thought it was an airtel problem,12,favour katundu see thought airtel problem,False,0.0516,positive,0.0516,0.302,0.417,0.281,positive,0.0516,positive,False,0.0,,6,2,0.0,0.1666666666666666,0.1666666666666666,0.0,0.1666666666666666,0.1666666666666666,0.0833333333333333,False,0,no_energy_or_zesco_terms,
812513920379401,"Wena haiba mupalezwi musebi mukute kwa mahae kumina and allow who can do the job better, daily kimina bama apologize",2026-04-19T20:46:44.356678+00:00,https://www.facebook.com/100057335174945/posts/758680259386473/?app=fbl,wena haiba mupalezwi musebi mukute kwa mahae kumina and allow who can do the job better daily kimina bama apologize,20,wena haiba mupalezwi musebi mukute kwa mahae kumina allow job better daily kimina bama apologize,False,0.6369,positive,0.6369,0.341,0.659,0.0,positive,0.6369,positive,False,0.0,,15,3,0.0,0.0666666666666666,0.0,0.0666666666666666,0.0666666666666666,0.0666666666666666,0.0333333333333333,False,0,no_energy_or_zesco_terms,
3649741675303523,Melinda Siphiwe Phiri I suffered mwandi,2026-04-19T20:46:44.356684+00:00,https://www.facebook.com/100057335174945/posts/758680259386473/?app=fbl,melinda siphiwe phiri i suffered mwandi,6,melinda siphiwe phiri suffered mwandi,False,-0.4939,negative,-0.4939,0.0,0.556,0.444,negative,-0.4939,negative,False,0.0,,5,0,0.0,0.0,0.0,0.0,0.0,0.0,0.0,False,0,no_energy_or_zesco_terms,
641820527855894,Kaoma Silavwe Niza Zulu,2026-04-19T20:46:44.356886+00:00,https://www.facebook.com/100057335174945/posts/758680259386473/?app=fbl,kaoma silavwe niza zulu,4,kaoma silavwe niza zulu,False,0.0,neutral,0.0,0.0,1.0,0.0,neutral,0.0,neutral,False,0.0,,4,0,0.0,0.0,0.0,0.0,0.0,0.0,0.0,False,0,no_energy_or_zesco_terms,
806250487860698,Chooze Wakunguma Mwewa  here is the apology,2026-04-19T20:46:44.356893+00:00,https://www.facebook.com/100057335174945/posts/758680259386473/?app=fbl,chooze wakunguma mwewa here is the apology,7,chooze wakunguma mwewa apology,False,0.0516,positive,0.0516,0.286,0.714,0.0,positive,0.0516,positive,False,0.0,,4,1,0.0,0.0,0.0,0.0,0.0,0.0,0.0,False,0,no_energy_or_zesco_terms,
127573943700384,Diana Kakula Kauseni oh yeah...,2026-04-19T20:46:44.356920+00:00,https://www.facebook.com/100057335174945/posts/758680259386473/?app=fbl,diana kakula kauseni oh yeah,5,diana kakula kauseni oh yeah,False,0.296,positive,0.296,0.355,0.645,0.0,positive,0.296,positive,False,0.0,,5,0,0.0,0.0,0.0,0.0,0.0,0.0,0.0,False,0,no_energy_or_zesco_terms,
605885541641526,From morning like seriously!!!,2026-04-19T20:46:44.356926+00:00,https://www.facebook.com/100057335174945/posts/758680259386473/?app=fbl,from morning like seriously,4,morning like seriously,False,0.2023,positive,0.2023,0.481,0.192,0.327,positive,0.2023,positive,False,0.0,,3,0,0.0,0.0,0.0,0.0,0.0,0.0,0.0,False,0,no_energy_or_zesco_terms,
6346384415478034,Gideon K. Katemba reason it refused,2026-04-19T20:46:44.356958+00:00,https://www.facebook.com/100057335174945/posts/758680259386473/?app=fbl,gideon k katemba reason it refused,6,gideon k katemba reason refused,False,-0.296,negative,-0.296,0.0,0.577,0.423,negative,-0.296,negative,False,0.0,,5,2,0.0,0.0,0.0,0.0,0.2,0.0,0.1,False,0,no_energy_or_zesco_terms,
230568016489685,I bought in the morning about three times and yet to receive the tokens,2026-04-19T20:46:44.356966+00:00,https://www.facebook.com/100057335174945/posts/758680259386473/?app=fbl,i bought in the morning about three times and yet to receive the tokens,14,bought morning three times yet receive tokens,False,0.0,neutral,0.0,0.0,1.0,0.0,neutral,0.0,neutral,False,0.0,,7,0,0.0,0.0,0.0,0.0,0.0,0.0,0.0,False,0,no_energy_or_zesco_terms,
1366583860557111,Elo you have really inconvenienced us,2026-04-19T20:46:44.357075+00:00,https://www.facebook.com/100057335174945/posts/758680259386473/?app=fbl,elo you have really inconvenienced us,6,elo really inconvenienced us,False,0.0,neutral,0.0,0.0,1.0,0.0,neutral,0.0,neutral,False,0.0,,4,0,0.0,0.0,0.0,0.0,0.0,0.0,0.0,False,0,no_energy_or_zesco_terms,
128374143619540,Nibwezeleni K10 I kept trying and trying .,2026-04-19T20:46:44.357082+00:00,https://www.facebook.com/100057335174945/posts/758680259386473/?app=fbl,nibwezeleni k10 i kept trying and trying,7,nibwezeleni k10 kept trying trying,False,0.0,neutral,0.0,0.0,1.0,0.0,neutral,0.0,neutral,False,0.0,,5,0,0.0,0.0,0.0,0.0,0.0,0.0,0.0,False,0,no_energy_or_zesco_terms,
648482160674176,"I never help bought midmorning they deducted the money but I didn't receive the unit's or the money.
Is it do what people ai??",2026-04-19T20:46:44.357088+00:00,https://www.facebook.com/100057335174945/posts/758680259386473/?app=fbl,i never help bought midmorning they deducted the money but i didn t receive the unit s or the money is it do what people ai,26,never help bought midmorning deducted money didn t receive unit s money people ai,False,-0.3089,negative,-0.3089,0.0,0.83,0.17,negative,-0.3089,negative,False,0.0,,14,2,0.1428571428571428,0.1428571428571428,0.0,0.1428571428571428,0.0,0.1428571428571428,0.0714285714285714,False,0,no_energy_or_zesco_terms,
6346384415478034,Gideon K. Katemba reason it refused,2026-04-19T20:46:44.356958+00:00,https://www.facebook.com/100057335174945/posts/758680259386473/?app=fbl,gideon k katemba reason it refused,6,jere rabecca katemba suppose nothing last month s balance,False,0.0,neutral,0.0,0.0,1.0,0.0,neutral,0.0,neutral,False,0.0,,9,1,0.0,0.0,0.0,0.0,0.0,0.0,0.0,False,0,no_energy_or_zesco_terms,
6346384415478034,Gideon K. Katemba reason it refused,2026-04-19T20:46:44.356958+00:00,https://www.facebook.com/100057335174945/posts/758680259386473/?app=fbl,gideon k katemba reason it refused,6,gideon k katemba would darkness,False,-0.25,negative,-0.25,0.0,0.6,0.4,negative,-0.25,negative,False,0.0,,5,1,0.2,0.0,0.2,0.0,0.2,0.0,0.2,False,0,no_energy_or_zesco_terms,
230568016489685,I bought in the morning about three times and yet to receive the tokens,2026-04-19T20:46:44.356966+00:00,https://www.facebook.com/100057335174945/posts/758680259386473/?app=fbl,i bought in the morning about three times and yet to receive the tokens,14,alice lungu ok thanks,False,0.6249,positive,0.6249,0.718,0.282,0.0,positive,0.6249,positive,False,0.0,,4,0,0.0,0.0,0.0,0.0,0.0,0.0,0.0,False,0,no_energy_or_zesco_terms,
230568016489685,I bought in the morning about three times and yet to receive the tokens,2026-04-19T20:46:44.356966+00:00,https://www.facebook.com/100057335174945/posts/758680259386473/?app=fbl,i bought in the morning about three times and yet to receive the tokens,14,chuma clare mashebe welcome,False,0.4588,positive,0.4588,0.5,0.5,0.0,positive,0.4588,positive,False,0.0,,4,0,0.0,0.0,0.0,0.0,0.0,0.0,0.0,False,0,no_energy_or_zesco_terms,
230568016489685,I bought in the morning about three times and yet to receive the tokens,2026-04-19T20:46:44.356966+00:00,https://www.facebook.com/100057335174945/posts/758680259386473/?app=fbl,i bought in the morning about three times and yet to receive the tokens,14,alice lungu tried nothing happening already deducted three times both mtn airtel,False,0.0,neutral,0.0,0.0,1.0,0.0,neutral,0.0,neutral,False,0.0,,12,0,0.0,0.0,0.0,0.0,0.0,0.0,0.0,False,0,no_energy_or_zesco_terms,
230568016489685,I bought in the morning about three times and yet to receive the tokens,2026-04-19T20:46:44.356966+00:00,https://www.facebook.com/100057335174945/posts/758680259386473/?app=fbl,i bought in the morning about three times and yet to receive the tokens,14,alice lungu tried told didn t work use first key requested 2nd key entered credit token worked,False,0.3818,positive,0.3818,0.148,0.852,0.0,positive,0.3818,positive,False,0.0,,17,1,0.0,0.0,0.0,0.0588235294117647,0.0,0.0,0.0,False,0,no_energy_or_zesco_terms,
230568016489685,I bought in the morning about three times and yet to receive the tokens,2026-04-19T20:46:44.356966+00:00,https://www.facebook.com/100057335174945/posts/758680259386473/?app=fbl,i bought in the morning about three times and yet to receive the tokens,14,alice lungu managed using app faults thanks,False,-0.0516,negative,-0.0516,0.264,0.455,0.282,negative,-0.0516,negative,False,0.0,,7,0,0.0,0.0,0.0,0.0,0.0,0.0,0.0,False,0,no_energy_or_zesco_terms,
230568016489685,I bought in the morning about three times and yet to receive the tokens,2026-04-19T20:46:44.356966+00:00,https://www.facebook.com/100057335174945/posts/758680259386473/?app=fbl,i bought in the morning about three times and yet to receive the tokens,14,titus mpembamoto too bad,False,-0.5423,negative,-0.5423,0.0,0.462,0.538,negative,-0.5423,negative,False,0.0,,4,1,0.25,0.0,0.25,0.0,0.25,0.0,0.25,False,0,no_energy_or_zesco_terms,
164833296506994,Makumba L Kabwela - Ching'ambu,2026-04-19T20:46:44.357225+00:00,https://www.facebook.com/100057335174945/posts/758680259386473/?app=fbl,makumba l kabwela ching ambu,5,makumba l kabwela ching ambu,False,0.0,neutral,0.0,0.0,1.0,0.0,neutral,0.0,neutral,False,0.0,,5,0,0.0,0.0,0.0,0.0,0.0,0.0,0.0,False,0,no_energy_or_zesco_terms,
608290234743314,Kalema ku lila kuno,2026-04-19T20:46:44.357232+00:00,https://www.facebook.com/100057335174945/posts/758680259386473/?app=fbl,kalema ku lila kuno,4,kalema ku lila kuno,False,0.0,neutral,0.0,0.0,1.0,0.0,neutral,0.0,neutral,False,0.0,,4,0,0.0,0.0,0.0,0.0,0.0,0.0,0.0,False,0,no_energy_or_zesco_terms,
285285353906261,This is just a deliberate move....why choose to have technical difficulties on the first day of the month????!,2026-04-19T20:46:44.357272+00:00,https://www.facebook.com/100057335174945/posts/758680259386473/?app=fbl,this is just a deliberate move why choose to have technical difficulties on the first day of the month,19,just deliberate move choose technical difficulties first day month,False,-0.296,negative,-0.296,0.0,0.784,0.216,negative,-0.296,negative,False,0.0,,9,2,0.0,0.0,0.0,0.0,0.1111111111111111,0.0,0.0555555555555555,False,0,no_energy_or_zesco_terms,
266131246065467,Imwe naba mtn same same ma bad manners,2026-04-19T20:46:44.357279+00:00,https://www.facebook.com/100057335174945/posts/758680259386473/?app=fbl,imwe naba mtn same same ma bad manners,8,imwe naba mtn same same ma bad manners,False,-0.5423,negative,-0.5423,0.0,0.667,0.333,negative,-0.5423,negative,False,0.0,,8,2,0.125,0.0,0.125,0.0,0.125,0.0,0.125,False,0,no_energy_or_zesco_terms,
230568016489685,I bought in the morning about three times and yet to receive the tokens,2026-04-19T20:46:44.356966+00:00,https://www.facebook.com/100057335174945/posts/758680259386473/?app=fbl,i bought in the morning about three times and yet to receive the tokens,14,chuma clare mashebe great managed s frustrating today,False,0.296,positive,0.296,0.342,0.417,0.242,positive,0.296,positive,False,0.0,,8,0,0.0,0.0,0.0,0.0,0.0,0.0,0.0,False,0,no_energy_or_zesco_terms,
230568016489685,I bought in the morning about three times and yet to receive the tokens,2026-04-19T20:46:44.356966+00:00,https://www.facebook.com/100057335174945/posts/758680259386473/?app=fbl,i bought in the morning about three times and yet to receive the tokens,14,alice lungu very frustrating,False,-0.4927,negative,-0.4927,0.0,0.484,0.516,negative,-0.4927,negative,False,0.0,,4,0,0.0,0.0,0.0,0.0,0.0,0.0,0.0,False,0,no_energy_or_zesco_terms,
164833296506994,Makumba L Kabwela - Ching'ambu,2026-04-19T20:46:44.357225+00:00,https://www.facebook.com/100057335174945/posts/758680259386473/?app=fbl,makumba l kabwela ching ambu,5,elizabeth namposya hope s rectified,False,0.4404,positive,0.4404,0.492,0.508,0.0,positive,0.4404,positive,False,0.0,,5,1,0.0,0.2,0.0,0.2,0.0,0.2,0.0,False,0,no_energy_or_zesco_terms,
164833296506994,Makumba L Kabwela - Ching'ambu,2026-04-19T20:46:44.357225+00:00,https://www.facebook.com/100057335174945/posts/758680259386473/?app=fbl,makumba l kabwela ching ambu,5,makumba l kabwela ching ambu yessssss back ting,False,0.0,neutral,0.0,0.0,1.0,0.0,neutral,0.0,neutral,False,0.0,,8,0,0.0,0.0,0.0,0.0,0.0,0.0,0.0,False,0,no_energy_or_zesco_terms,
6877744568925424,I'm just from purchasing it's now working,2026-04-19T20:46:44.357346+00:00,https://www.facebook.com/100057335174945/posts/758680259386473/?app=fbl,i m just from purchasing it s now working,9,m just purchasing s now working,False,0.0,neutral,0.0,0.0,1.0,0.0,neutral,0.0,neutral,False,0.0,,6,1,0.0,0.0,0.0,0.0,0.0,0.0,0.0,False,0,no_energy_or_zesco_terms,
780603110184852,"Awe for three days now, today is the forth day.",2026-04-19T20:46:44.357352+00:00,https://www.facebook.com/100057335174945/posts/758680259386473/?app=fbl,awe for three days now today is the forth day,10,awe three days now today forth day,False,0.0,neutral,-0.7,0.0,1.0,0.0,negative,-0.7,negative,True,-0.7,awe,7,0,0.0,0.0,0.0,0.0,0.0,0.0,0.0,False,0,no_energy_or_zesco_terms,
226673656968115,"Hv managed to purchase,now despite entering correct figures its say error 🤦🏽",2026-04-19T20:46:44.357372+00:00,https://www.facebook.com/100057335174945/posts/758680259386473/?app=fbl,hv managed to purchase now despite entering correct figures its say error 🤦🏽,12,hv managed purchase now despite entering correct figures say error,False,-0.4019,negative,-0.4019,0.0,0.769,0.231,negative,-0.4019,negative,False,0.0,,10,1,0.0,0.0,0.0,0.0,0.1,0.0,0.05,False,0,no_energy_or_zesco_terms,
818590762763605,Mable Cheuka  see why it is failing,2026-04-19T20:46:44.357398+00:00,https://www.facebook.com/100057335174945/posts/758680259386473/?app=fbl,mable cheuka see why it is failing,7,mable cheuka see failing,False,-0.5106,negative,-0.5106,0.0,0.476,0.524,negative,-0.5106,negative,False,0.0,,4,1,0.25,0.25,0.25,0.0,0.25,0.25,0.25,False,0,no_energy_or_zesco_terms,
644107217775772,Finally I have managed to buy using airtel money,2026-04-19T20:46:44.357462+00:00,https://www.facebook.com/100057335174945/posts/758680259386473/?app=fbl,finally i have managed to buy using airtel money,9,finally managed buy using airtel money,False,0.0,neutral,0.0,0.0,1.0,0.0,neutral,0.0,neutral,False,0.0,,6,2,0.1666666666666666,0.3333333333333333,0.0,0.3333333333333333,0.0,0.3333333333333333,0.0833333333333333,False,0,no_energy_or_zesco_terms,
967939444254492,Si Boom yamene mwayamba iyi🤣,2026-04-19T20:46:44.357468+00:00,https://www.facebook.com/100057335174945/posts/758680259386473/?app=fbl,si boom yamene mwayamba iyi🤣,5,si boom yamene mwayamba iyi,False,0.0,neutral,-0.7,0.0,1.0,0.0,negative,-0.7,negative,True,-0.7,mwayamba,5,0,0.0,0.0,0.0,0.0,0.0,0.0,0.0,False,0,no_energy_or_zesco_terms,
530434982500420,And I only have 1 unit I don't even have charcoal,2026-04-19T20:46:44.357476+00:00,https://www.facebook.com/100057335174945/posts/758680259386473/?app=fbl,and i only have 1 unit i don t even have charcoal,12,only 1 unit don t even charcoal,False,0.0,neutral,0.0,0.0,1.0,0.0,neutral,0.0,neutral,False,0.0,,7,1,0.0,0.0,0.0,0.1428571428571428,0.0,0.0,0.0,False,0,no_energy_or_zesco_terms,
964197191290443,Ine everything that’s happening I blame Bally,2026-04-19T20:46:44.357489+00:00,https://www.facebook.com/100057335174945/posts/758680259386473/?app=fbl,ine everything that’s happening i blame bally,8,ine everything s happening blame bally,False,-0.34,negative,-0.34,0.0,0.625,0.375,negative,-0.34,negative,False,0.0,,6,1,0.1666666666666666,0.0,0.0,0.0,0.0,0.0,0.0833333333333333,False,0,no_energy_or_zesco_terms,
916035357334716,Me its failing since morning ..please help we are in dark,2026-04-19T20:46:44.357521+00:00,https://www.facebook.com/100057335174945/posts/758680259386473/?app=fbl,me its failing since morning please help we are in dark,11,failing since morning please help dark,False,0.1779,positive,0.1779,0.442,0.265,0.292,positive,0.1779,positive,False,0.0,,6,2,0.1666666666666666,0.1666666666666666,0.1666666666666666,0.0,0.3333333333333333,0.1666666666666666,0.25,False,0,no_energy_or_zesco_terms,
6877744568925424,I'm just from purchasing it's now working,2026-04-19T20:46:44.357346+00:00,https://www.facebook.com/100057335174945/posts/758680259386473/?app=fbl,i m just from purchasing it s now working,9,diana kakula kauseni yes,False,0.4019,positive,0.4019,0.474,0.526,0.0,positive,0.4019,positive,False,0.0,,4,0,0.0,0.0,0.0,0.0,0.0,0.0,0.0,False,0,no_energy_or_zesco_terms,
6877744568925424,I'm just from purchasing it's now working,2026-04-19T20:46:44.357346+00:00,https://www.facebook.com/100057335174945/posts/758680259386473/?app=fbl,i m just from purchasing it s now working,9,mwansa mulenga ve tried s still refusing,False,-0.4019,negative,-0.4019,0.0,0.649,0.351,negative,-0.4019,negative,False,0.0,,7,0,0.0,0.0,0.0,0.0,0.0,0.0,0.0,False,0,no_energy_or_zesco_terms,
6877744568925424,I'm just from purchasing it's now working,2026-04-19T20:46:44.357346+00:00,https://www.facebook.com/100057335174945/posts/758680259386473/?app=fbl,i m just from purchasing it s now working,9,mwansa mulenga platform,False,0.0,neutral,0.0,0.0,1.0,0.0,neutral,0.0,neutral,False,0.0,,3,0,0.0,0.0,0.0,0.0,0.0,0.0,0.0,False,0,no_energy_or_zesco_terms,
6877744568925424,I'm just from purchasing it's now working,2026-04-19T20:46:44.357346+00:00,https://www.facebook.com/100057335174945/posts/758680259386473/?app=fbl,i m just from purchasing it s now working,9,benson kanyembo m just getting through airtel,False,0.0,neutral,0.0,0.0,1.0,0.0,neutral,0.0,neutral,False,0.0,,7,0,0.0,0.0,0.0,0.0,0.0,0.0,0.0,False,0,no_energy_or_zesco_terms,
6877744568925424,I'm just from purchasing it's now working,2026-04-19T20:46:44.357346+00:00,https://www.facebook.com/100057335174945/posts/758680259386473/?app=fbl,i m just from purchasing it s now working,9,benson kanyembo issue too,False,0.0,neutral,0.0,0.0,1.0,0.0,neutral,0.0,neutral,False,0.0,,4,0,0.0,0.0,0.0,0.0,0.0,0.0,0.0,False,0,no_energy_or_zesco_terms,
6877744568925424,I'm just from purchasing it's now working,2026-04-19T20:46:44.357346+00:00,https://www.facebook.com/100057335174945/posts/758680259386473/?app=fbl,i m just from purchasing it s now working,9,mwansa mulenga 3600 working,False,0.0,neutral,0.0,0.0,1.0,0.0,neutral,0.0,neutral,False,0.0,,4,1,0.0,0.0,0.0,0.0,0.0,0.0,0.0,False,0,no_energy_or_zesco_terms,
624553022955708,"Just from purchasing using MTN mobile money. The secret is immediately it goes through, take a screenshot of the purchasing displayed message because the text won't come.",2026-04-19T20:46:44.357645+00:00,https://www.facebook.com/100057335174945/posts/758680259386473/?app=fbl,just from purchasing using mtn mobile money the secret is immediately it goes through take a screenshot of the purchasing displayed message because the text won t come,28,just purchasing using mtn mobile money secret immediately goes through take screenshot purchasing displayed message because text won t come,False,0.5719,positive,0.5719,0.171,0.829,0.0,positive,0.5719,positive,False,0.0,,20,4,0.05,0.15,0.0,0.1,0.0,0.15,0.025,False,1,no_energy_or_zesco_terms,come
140270599079498,"Pa long weekend sure, poor customer service. Eddie Kalombo Silwizya",2026-04-19T20:46:44.357673+00:00,https://www.facebook.com/100057335174945/posts/758680259386473/?app=fbl,pa long weekend sure poor customer service eddie kalombo silwizya,10,pa long weekend sure poor customer service eddie kalombo silwizya,False,-0.2023,negative,-0.2023,0.172,0.597,0.231,negative,-0.2023,negative,False,0.0,,10,2,0.0,0.1,0.0,0.0,0.0,0.1,0.0,False,0,no_energy_or_zesco_terms,
1499872127502187,Hire qualified personel so that the can be taking care of such problems and not your relatives.. from morning surely?this is unacceptable🤮,2026-04-19T20:46:44.357686+00:00,https://www.facebook.com/100057335174945/posts/758680259386473/?app=fbl,hire qualified personel so that the can be taking care of such problems and not your relatives from morning surely this is unacceptable🤮,23,hire qualified personel taking care such problems relatives morning surely unacceptable,False,0.1027,positive,0.1027,0.324,0.372,0.303,positive,0.1027,positive,False,0.0,,11,3,0.0,0.0909090909090909,0.0,0.1818181818181818,0.0909090909090909,0.0909090909090909,0.0454545454545454,False,0,no_energy_or_zesco_terms,
1794540987673306,We're waiting for an official apology from MTN now.,2026-04-19T20:46:44.357700+00:00,https://www.facebook.com/100057335174945/posts/758680259386473/?app=fbl,we re waiting for an official apology from mtn now,10,re waiting official apology mtn now,False,0.0516,positive,0.0516,0.194,0.806,0.0,positive,0.0516,positive,False,0.0,,6,2,0.0,0.0,0.0,0.1666666666666666,0.0,0.0,0.0,False,0,no_energy_or_zesco_terms,
644107217775772,Finally I have managed to buy using airtel money,2026-04-19T20:46:44.357462+00:00,https://www.facebook.com/100057335174945/posts/758680259386473/?app=fbl,finally i have managed to buy using airtel money,9,mê mó ry yes just kept trying,False,0.4019,positive,0.4019,0.31,0.69,0.0,positive,0.4019,positive,False,0.0,,7,0,0.0,0.0,0.0,0.0,0.0,0.0,0.0,False,0,no_energy_or_zesco_terms,
644107217775772,Finally I have managed to buy using airtel money,2026-04-19T20:46:44.357462+00:00,https://www.facebook.com/100057335174945/posts/758680259386473/?app=fbl,finally i have managed to buy using airtel money,9,namakau lubasi ok let try,False,0.296,positive,0.296,0.355,0.645,0.0,positive,0.296,positive,False,0.0,,5,0,0.0,0.0,0.0,0.0,0.0,0.0,0.0,False,0,no_energy_or_zesco_terms,
644107217775772,Finally I have managed to buy using airtel money,2026-04-19T20:46:44.357462+00:00,https://www.facebook.com/100057335174945/posts/758680259386473/?app=fbl,finally i have managed to buy using airtel money,9,nangwabale l nalishiwa even buy next s first payment right,False,0.0,neutral,0.0,0.0,1.0,0.0,neutral,0.0,neutral,False,0.0,,10,1,0.0,0.0,0.0,0.0,0.0,0.0,0.0,False,0,no_energy_or_zesco_terms,
644107217775772,Finally I have managed to buy using airtel money,2026-04-19T20:46:44.357462+00:00,https://www.facebook.com/100057335174945/posts/758680259386473/?app=fbl,finally i have managed to buy using airtel money,9,brian ngoma first didn t go through,False,0.0,neutral,0.0,0.0,1.0,0.0,neutral,0.0,neutral,False,0.0,,7,0,0.0,0.0,0.0,0.0,0.0,0.0,0.0,False,0,no_energy_or_zesco_terms,
644107217775772,Finally I have managed to buy using airtel money,2026-04-19T20:46:44.357462+00:00,https://www.facebook.com/100057335174945/posts/758680259386473/?app=fbl,finally i have managed to buy using airtel money,9,nangwabale l nalishiwa eh too bad think try calling,False,-0.5423,negative,-0.5423,0.0,0.667,0.333,negative,-0.5423,negative,False,0.0,,9,1,0.1111111111111111,0.0,0.1111111111111111,0.0,0.1111111111111111,0.0,0.1111111111111111,False,0,no_energy_or_zesco_terms,
644107217775772,Finally I have managed to buy using airtel money,2026-04-19T20:46:44.357462+00:00,https://www.facebook.com/100057335174945/posts/758680259386473/?app=fbl,finally i have managed to buy using airtel money,9,nangwabale l nalishiwa too ve written,False,0.0,neutral,0.0,0.0,1.0,0.0,neutral,0.0,neutral,False,0.0,,6,0,0.0,0.0,0.0,0.0,0.0,0.0,0.0,False,0,no_energy_or_zesco_terms,
624553022955708,"Just from purchasing using MTN mobile money. The secret is immediately it goes through, take a screenshot of the purchasing displayed message because the text won't come.",2026-04-19T20:46:44.357645+00:00,https://www.facebook.com/100057335174945/posts/758680259386473/?app=fbl,just from purchasing using mtn mobile money the secret is immediately it goes through take a screenshot of the purchasing displayed message because the text won t come,28,eric bulaya received token d,False,0.0,neutral,0.0,0.0,1.0,0.0,neutral,0.0,neutral,False,0.0,,5,1,0.0,0.0,0.0,0.0,0.0,0.0,0.0,False,1,no_energy_or_zesco_terms,come
624553022955708,"Just from purchasing using MTN mobile money. The secret is immediately it goes through, take a screenshot of the purchasing displayed message because the text won't come.",2026-04-19T20:46:44.357645+00:00,https://www.facebook.com/100057335174945/posts/758680259386473/?app=fbl,just from purchasing using mtn mobile money the secret is immediately it goes through take a screenshot of the purchasing displayed message because the text won t come,28,diana kakula kauseni yes displayed amount used plus token just entering s successful,False,0.7579,positive,0.7579,0.394,0.606,0.0,positive,0.7579,positive,False,0.0,,13,1,0.0,0.0769230769230769,0.0,0.0769230769230769,0.0,0.0769230769230769,0.0,False,1,no_energy_or_zesco_terms,come
624553022955708,"Just from purchasing using MTN mobile money. The secret is immediately it goes through, take a screenshot of the purchasing displayed message because the text won't come.",2026-04-19T20:46:44.357645+00:00,https://www.facebook.com/100057335174945/posts/758680259386473/?app=fbl,just from purchasing using mtn mobile money the secret is immediately it goes through take a screenshot of the purchasing displayed message because the text won t come,28,eric bulaya awe nothing coming,False,0.0,neutral,-0.7,0.0,1.0,0.0,negative,-0.7,negative,True,-0.7,awe,5,1,0.0,0.2,0.0,0.0,0.0,0.2,0.0,False,1,no_energy_or_zesco_terms,come
624553022955708,"Just from purchasing using MTN mobile money. The secret is immediately it goes through, take a screenshot of the purchasing displayed message because the text won't come.",2026-04-19T20:46:44.357645+00:00,https://www.facebook.com/100057335174945/posts/758680259386473/?app=fbl,just from purchasing using mtn mobile money the secret is immediately it goes through take a screenshot of the purchasing displayed message because the text won t come,28,diana kakula kauseni keep trying,False,0.0,neutral,0.0,0.0,1.0,0.0,neutral,0.0,neutral,False,0.0,,5,0,0.0,0.0,0.0,0.0,0.0,0.0,0.0,False,1,no_energy_or_zesco_terms,come
624553022955708,"Just from purchasing using MTN mobile money. The secret is immediately it goes through, take a screenshot of the purchasing displayed message because the text won't come.",2026-04-19T20:46:44.357645+00:00,https://www.facebook.com/100057335174945/posts/758680259386473/?app=fbl,just from purchasing using mtn mobile money the secret is immediately it goes through take a screenshot of the purchasing displayed message because the text won t come,28,eric bulaya ve managed now,False,0.0,neutral,0.0,0.0,1.0,0.0,neutral,0.0,neutral,False,0.0,,5,0,0.0,0.0,0.0,0.0,0.0,0.0,0.0,False,1,no_energy_or_zesco_terms,come
624553022955708,"Just from purchasing using MTN mobile money. The secret is immediately it goes through, take a screenshot of the purchasing displayed message because the text won't come.",2026-04-19T20:46:44.357645+00:00,https://www.facebook.com/100057335174945/posts/758680259386473/?app=fbl,just from purchasing using mtn mobile money the secret is immediately it goes through take a screenshot of the purchasing displayed message because the text won t come,28,diana kakula kauseni awesome,False,0.6249,positive,0.6249,0.577,0.423,0.0,positive,0.6249,positive,False,0.0,,4,0,0.0,0.0,0.0,0.0,0.0,0.0,0.0,False,1,no_energy_or_zesco_terms,come
140270599079498,"Pa long weekend sure, poor customer service. Eddie Kalombo Silwizya",2026-04-19T20:46:44.357673+00:00,https://www.facebook.com/100057335174945/posts/758680259386473/?app=fbl,pa long weekend sure poor customer service eddie kalombo silwizya,10,frackson kasuko say,False,0.0,neutral,0.0,0.0,1.0,0.0,neutral,0.0,neutral,False,0.0,,3,0,0.0,0.0,0.0,0.0,0.0,0.0,0.0,False,0,no_energy_or_zesco_terms,
140270599079498,"Pa long weekend sure, poor customer service. Eddie Kalombo Silwizya",2026-04-19T20:46:44.357673+00:00,https://www.facebook.com/100057335174945/posts/758680259386473/?app=fbl,pa long weekend sure poor customer service eddie kalombo silwizya,10,frackson kasuko technologies fail such expected how come continuity key nothing sinister cx,False,-0.091,negative,-0.091,0.178,0.623,0.198,negative,-0.091,negative,False,0.0,,13,2,0.0769230769230769,0.0769230769230769,0.0769230769230769,0.0,0.0,0.0769230769230769,0.0384615384615384,False,1,no_energy_or_zesco_terms,come
140270599079498,"Pa long weekend sure, poor customer service. Eddie Kalombo Silwizya",2026-04-19T20:46:44.357673+00:00,https://www.facebook.com/100057335174945/posts/758680259386473/?app=fbl,pa long weekend sure poor customer service eddie kalombo silwizya,10,frackson kasuko well placed understand coming side plate u shared those ideas bandwagon jump jump into better criticism anymore,False,0.5423,positive,0.5423,0.305,0.576,0.119,positive,0.5423,positive,False,0.0,,19,4,0.0526315789473684,0.0526315789473684,0.0,0.0,0.0526315789473684,0.0526315789473684,0.0526315789473684,False,0,no_energy_or_zesco_terms,
1321443768768354,Can't you do it manually from your office for those calling your office? I bought at 07 upto now. you should be like ba DStv they will inform customers a day before they  start working on the system,2026-04-19T20:46:44.357863+00:00,https://www.facebook.com/100057335174945/posts/758680259386473/?app=fbl,can t you do it manually from your office for those calling your office i bought at 07 upto now you should be like ba dstv they will inform customers a day before they start working on the system,39,t manually office those calling office bought 07 upto now should like ba dstv inform customers day before start working system,False,0.3612,positive,0.3612,0.116,0.884,0.0,positive,0.3612,positive,False,0.0,,21,4,0.0,0.0476190476190476,0.0,0.0952380952380952,0.0,0.0476190476190476,0.0,False,0,no_energy_or_zesco_terms,
650892396948035,I don't know what to do I need to bake two cakes for clients to be collected at 18 hrs😭😭😭,2026-04-19T20:46:44.357894+00:00,https://www.facebook.com/100057335174945/posts/758680259386473/?app=fbl,i don t know what to do i need to bake two cakes for clients to be collected at 18 hrs😭😭😭,21,don t know need bake two cakes clients collected 18 hrs,False,0.0,neutral,0.0,0.0,1.0,0.0,neutral,0.0,neutral,False,0.0,,11,1,0.0,0.0,0.0,0.0909090909090909,0.0,0.0,0.0,False,1,no_energy_or_zesco_terms,hrs
2228270187371587,Just say you are planning to increase the tariffs not what you are telling us since morning,2026-04-19T20:46:44.357907+00:00,https://www.facebook.com/100057335174945/posts/758680259386473/?app=fbl,just say you are planning to increase the tariffs not what you are telling us since morning,17,just say planning increase tariffs telling us since morning,False,0.3182,positive,0.3182,0.223,0.777,0.0,positive,0.3182,positive,False,0.0,,9,2,0.0,0.1111111111111111,0.0,0.1111111111111111,0.0,0.1111111111111111,0.0,False,0,no_energy_or_zesco_terms,
590600889794941,Please what ever it is do it fast,2026-04-19T20:46:44.357913+00:00,https://www.facebook.com/100057335174945/posts/758680259386473/?app=fbl,please what ever it is do it fast,8,please ever fast,False,0.3182,positive,0.3182,0.535,0.465,0.0,positive,0.3182,positive,False,0.0,,3,0,0.0,0.0,0.0,0.0,0.0,0.0,0.0,False,0,no_energy_or_zesco_terms,
6877744568925424,I'm just from purchasing it's now working,2026-04-19T20:46:44.357346+00:00,https://www.facebook.com/100057335174945/posts/758680259386473/?app=fbl,i m just from purchasing it s now working,9,mwansa mulenga dial same numbers s next option supposed press,False,0.0,neutral,0.0,0.0,1.0,0.0,neutral,0.0,neutral,False,0.0,,10,2,0.0,0.0,0.0,0.0,0.0,0.0,0.0,False,0,no_energy_or_zesco_terms,
6877744568925424,I'm just from purchasing it's now working,2026-04-19T20:46:44.357346+00:00,https://www.facebook.com/100057335174945/posts/758680259386473/?app=fbl,i m just from purchasing it s now working,9,mwila milambo firstly u report issue request ur prepaid number u wait minutes,False,0.0772,positive,0.0772,0.115,0.885,0.0,positive,0.0772,positive,False,0.0,,13,1,0.0,0.0769230769230769,0.0,0.0,0.0,0.0769230769230769,0.0,False,0,no_energy_or_zesco_terms,
6877744568925424,I'm just from purchasing it's now working,2026-04-19T20:46:44.357346+00:00,https://www.facebook.com/100057335174945/posts/758680259386473/?app=fbl,i m just from purchasing it s now working,9,violet zimba request tokens,False,0.0,neutral,0.0,0.0,1.0,0.0,neutral,0.0,neutral,False,0.0,,4,0,0.0,0.0,0.0,0.0,0.0,0.0,0.0,False,0,no_energy_or_zesco_terms,
6877744568925424,I'm just from purchasing it's now working,2026-04-19T20:46:44.357346+00:00,https://www.facebook.com/100057335174945/posts/758680259386473/?app=fbl,i m just from purchasing it s now working,9,joseph zulu,False,0.0,neutral,0.0,0.0,1.0,0.0,neutral,0.0,neutral,False,0.0,,2,0,0.0,0.0,0.0,0.0,0.0,0.0,0.0,False,0,no_energy_or_zesco_terms,
6877744568925424,I'm just from purchasing it's now working,2026-04-19T20:46:44.357346+00:00,https://www.facebook.com/100057335174945/posts/758680259386473/?app=fbl,i m just from purchasing it s now working,9,fred snr m just using airtel money,False,0.0,neutral,0.0,0.0,1.0,0.0,neutral,0.0,neutral,False,0.0,,7,1,0.1428571428571428,0.1428571428571428,0.0,0.1428571428571428,0.0,0.1428571428571428,0.0714285714285714,False,0,no_energy_or_zesco_terms,
1244610026216795,Your technicians have failed.,2026-04-19T20:46:44.358085+00:00,https://www.facebook.com/100057335174945/posts/758680259386473/?app=fbl,your technicians have failed,4,technicians failed,False,-0.5106,negative,-0.5106,0.0,0.233,0.767,negative,-0.5106,negative,False,0.0,,2,0,0.0,0.0,0.0,0.0,0.0,0.0,0.0,False,0,no_energy_or_zesco_terms,
283887254137746,So now to call using 322 it's to buy airtime,2026-04-19T20:46:44.358102+00:00,https://www.facebook.com/100057335174945/posts/758680259386473/?app=fbl,so now to call using 322 it s to buy airtime,11,now call using 322 s buy airtime,False,0.0,neutral,0.0,0.0,1.0,0.0,neutral,0.0,neutral,False,0.0,,7,0,0.0,0.0,0.0,0.0,0.0,0.0,0.0,False,0,no_energy_or_zesco_terms,
1030676758298108,Bali busy Ku ndola opening trade fair instead of solving problems,2026-04-19T20:46:44.358132+00:00,https://www.facebook.com/100057335174945/posts/758680259386473/?app=fbl,bali busy ku ndola opening trade fair instead of solving problems,11,bali busy ku ndola opening trade fair instead solving problems,False,0.25,positive,0.25,0.326,0.486,0.188,positive,0.25,positive,False,0.0,,10,2,0.0,0.0,0.0,0.1,0.0,0.0,0.0,False,0,no_energy_or_zesco_terms,
998983251458840,Can u engage other technicians from different departments or self-employed technicians to help your Technicians  to sought out the challenges facing  & is almost 24 hrs now the situation is still difficult.Nishi tuntambo tuli nanguwe,2026-04-19T20:46:44.358158+00:00,https://www.facebook.com/100057335174945/posts/758680259386473/?app=fbl,can u engage other technicians from different departments or self employed technicians to help your technicians to sought out the challenges facing is almost 24 hrs now the situation is still difficult nishi tuntambo tuli nanguwe,36,u engage other technicians different departments self employed technicians help technicians sought challenges facing almost 24 hrs now situation still difficult nishi tuntambo tuli nanguwe,False,0.4404,positive,0.4404,0.221,0.692,0.087,positive,0.4404,positive,False,0.0,,25,1,0.0,0.0,0.04,0.0,0.0,0.0,0.0,False,1,no_energy_or_zesco_terms,hrs
1644257936040124,so Ilya tushita pa 1 should be effective when you work on your system,2026-04-19T20:46:44.358171+00:00,https://www.facebook.com/100057335174945/posts/758680259386473/?app=fbl,so ilya tushita pa 1 should be effective when you work on your system,14,ilya tushita pa 1 should effective work system,False,0.4767,positive,0.4767,0.341,0.659,0.0,positive,0.4767,positive,False,0.0,,8,2,0.0,0.0,0.0,0.25,0.0,0.0,0.0,False,0,no_energy_or_zesco_terms,
1393012334882415,I have noticed that it's every monthend this happens..need to upgrade your systems,2026-04-19T20:46:44.358178+00:00,https://www.facebook.com/100057335174945/posts/758680259386473/?app=fbl,i have noticed that it s every monthend this happens need to upgrade your systems,15,noticed s every monthend happens need upgrade systems,False,0.0,neutral,0.0,0.0,1.0,0.0,neutral,0.0,neutral,False,0.0,,8,0,0.0,0.0,0.0,0.0,0.0,0.0,0.0,False,0,no_energy_or_zesco_terms,
229675649892944,You have equally increased the tarriffs kindly clarify,2026-04-19T20:46:44.358215+00:00,https://www.facebook.com/100057335174945/posts/758680259386473/?app=fbl,you have equally increased the tarriffs kindly clarify,8,equally increased tarriffs kindly clarify,False,0.6486,positive,0.6486,0.639,0.361,0.0,positive,0.6486,positive,False,0.0,,5,2,0.0,0.0,0.0,0.0,0.0,0.0,0.0,False,0,no_energy_or_zesco_terms,
1644257936040124,so Ilya tushita pa 1 should be effective when you work on your system,2026-04-19T20:46:44.358171+00:00,https://www.facebook.com/100057335174945/posts/758680259386473/?app=fbl,so ilya tushita pa 1 should be effective when you work on your system,14,john gomani s first purchase month purchase done 1st,False,0.0,neutral,0.0,0.0,1.0,0.0,neutral,0.0,neutral,False,0.0,,9,1,0.0,0.0,0.0,0.0,0.0,0.0,0.0,False,1,no_energy_or_zesco_terms,1st
3516939558619821,Ka “APP” Kale fwaika😜,2026-04-19T20:46:44.358283+00:00,https://www.facebook.com/100057335174945/posts/758680259386473/?app=fbl,ka “app” kale fwaika😜,4,ka app kale fwaika,False,0.0,neutral,0.0,0.0,1.0,0.0,neutral,0.0,neutral,False,0.0,,4,0,0.0,0.0,0.0,0.0,0.0,0.0,0.0,False,0,no_energy_or_zesco_terms,
659992002203384,Ngati business Yama light yavuta yambani Che kugulisa vitumbuwa mxxxm. Muletulalika insala imwe ba skwampa 🙄,2026-04-19T20:46:44.358294+00:00,https://www.facebook.com/100057335174945/posts/758680259386473/?app=fbl,ngati business yama light yavuta yambani che kugulisa vitumbuwa mxxxm muletulalika insala imwe ba skwampa 🙄,15,ngati business yama light yavuta yambani che kugulisa vitumbuwa mxxxm muletulalika insala imwe ba skwampa,False,0.0,neutral,0.0,0.0,1.0,0.0,neutral,0.0,neutral,False,0.0,,15,0,0.0,0.0,0.0,0.0,0.0,0.0,0.0,False,0,no_energy_or_zesco_terms,
268812879062615,Adrian Mwenya yakosa kwena,2026-04-19T20:46:44.358331+00:00,https://www.facebook.com/100057335174945/posts/758680259386473/?app=fbl,adrian mwenya yakosa kwena,4,adrian mwenya yakosa kwena,False,0.0,neutral,-0.7,0.0,1.0,0.0,negative,-0.7,negative,True,-0.7,yakosa kwena,4,0,0.0,0.0,0.0,0.0,0.0,0.0,0.0,False,0,no_energy_or_zesco_terms,
1260580134572878,Thanks for that information,2026-04-19T20:46:44.358342+00:00,https://www.facebook.com/100057335174945/posts/758680259386473/?app=fbl,thanks for that information,4,thanks information,False,0.4404,positive,0.4404,0.744,0.256,0.0,positive,0.4404,positive,False,0.0,,2,1,0.0,0.0,0.0,0.0,0.0,0.0,0.0,False,0,no_energy_or_zesco_terms,
304278041948032,Imwe am remaining with 2 cents n can't buy Bwalya Mutapa see,2026-04-19T20:46:44.358349+00:00,https://www.facebook.com/100057335174945/posts/758680259386473/?app=fbl,imwe am remaining with 2 cents n can t buy bwalya mutapa see,13,imwe remaining 2 cents n t buy bwalya mutapa see,False,0.0,neutral,0.0,0.0,1.0,0.0,neutral,0.0,neutral,False,0.0,,10,0,0.0,0.0,0.0,0.0,0.0,0.0,0.0,False,0,no_energy_or_zesco_terms,
3510128809208407,"How can you do system maintenance, on the first day of the month.",2026-04-19T20:46:44.358355+00:00,https://www.facebook.com/100057335174945/posts/758680259386473/?app=fbl,how can you do system maintenance on the first day of the month,13,how system maintenance first day month,False,0.0,neutral,0.0,0.0,1.0,0.0,neutral,0.0,neutral,False,0.0,,6,2,0.0,0.0,0.0,0.3333333333333333,0.0,0.0,0.0,False,0,no_energy_or_zesco_terms,
733694565224311,You have really inconvenienced us. I thought it was Airtel Money. Kanshi nimwe,2026-04-19T20:46:44.358421+00:00,https://www.facebook.com/100057335174945/posts/758680259386473/?app=fbl,you have really inconvenienced us i thought it was airtel money kanshi nimwe,13,really inconvenienced us thought airtel money kanshi nimwe,False,0.0,neutral,0.0,0.0,1.0,0.0,neutral,0.0,neutral,False,0.0,,8,2,0.125,0.25,0.0,0.125,0.0,0.25,0.0625,False,0,no_energy_or_zesco_terms,
629974652427334,Have you increased your tariffs?,2026-04-19T20:46:44.358428+00:00,https://www.facebook.com/100057335174945/posts/758680259386473/?app=fbl,have you increased your tariffs,5,increased tariffs,False,0.2732,positive,0.2732,0.677,0.323,0.0,positive,0.2732,positive,False,0.0,,2,0,0.0,0.0,0.0,0.0,0.0,0.0,0.0,False,0,no_energy_or_zesco_terms,
206250529057220,work on it otherwise people will start showing up at your offices with freezers full of rotten relish,2026-04-19T20:46:44.358447+00:00,https://www.facebook.com/100057335174945/posts/758680259386473/?app=fbl,work on it otherwise people will start showing up at your offices with freezers full of rotten relish,18,work otherwise people start showing offices freezers full rotten relish,False,-0.5267,negative,-0.5267,0.0,0.645,0.355,negative,-0.5267,negative,False,0.0,,10,2,0.0,0.1,0.0,0.0,0.0,0.1,0.0,False,0,no_energy_or_zesco_terms,
952842322648459,Up to when kanshi?,2026-04-19T20:46:44.358454+00:00,https://www.facebook.com/100057335174945/posts/758680259386473/?app=fbl,up to when kanshi,4,kanshi,False,0.0,neutral,0.0,0.0,1.0,0.0,neutral,0.0,neutral,False,0.0,,1,0,0.0,0.0,0.0,0.0,0.0,0.0,0.0,False,0,no_energy_or_zesco_terms,
206965158573762,Please I am asking if you can loadshed our area there's a wedding going on Pali ba neighbor and I wasn't invited.,2026-04-19T20:46:44.358486+00:00,https://www.facebook.com/100057335174945/posts/758680259386473/?app=fbl,please i am asking if you can loadshed our area there s a wedding going on pali ba neighbor and i wasn t invited,24,please asking loadshed area s wedding going pali ba neighbor wasn t invited,False,0.3182,positive,0.3182,0.187,0.813,0.0,positive,0.3182,positive,False,0.0,,13,1,0.0,0.0769230769230769,0.0,0.0769230769230769,0.0,0.0769230769230769,0.0,False,0,no_energy_or_zesco_terms,
1349918065565049,Bring back ma k1 u were deducting to every transaction which wasn't even going through,2026-04-19T20:46:44.358506+00:00,https://www.facebook.com/100057335174945/posts/758680259386473/?app=fbl,bring back ma k1 u were deducting to every transaction which wasn t even going through,16,bring back ma k1 u deducting every transaction wasn t even going through,False,0.0,neutral,0.0,0.0,1.0,0.0,neutral,0.0,neutral,False,0.0,,13,1,0.0,0.0,0.0,0.0769230769230769,0.0,0.0,0.0,False,0,no_energy_or_zesco_terms,
203704999305901,Imwe naimwe 😒 be serious ive been wanting to buy since 06 up to now you're behaving  like rejected sacrifices 🙄🙄,2026-04-19T20:46:44.358525+00:00,https://www.facebook.com/100057335174945/posts/758680259386473/?app=fbl,imwe naimwe 😒 be serious ive been wanting to buy since 06 up to now you re behaving like rejected sacrifices 🙄🙄,20,imwe naimwe serious ive wanting buy since 06 now re behaving like rejected sacrifices,False,-0.2732,negative,-0.6732,0.138,0.608,0.254,negative,-0.6732,negative,True,-0.4,naimwe,14,3,0.0,0.0,0.0714285714285714,0.0,0.1428571428571428,0.0,0.0714285714285714,False,0,no_energy_or_zesco_terms,
2046338615703217,You need a SERIOUS Disaster Recovery audit.,2026-04-19T20:46:44.358579+00:00,https://www.facebook.com/100057335174945/posts/758680259386473/?app=fbl,you need a serious disaster recovery audit,7,need serious disaster recovery audit,False,-0.6597,negative,-0.6597,0.0,0.357,0.643,negative,-0.6597,negative,False,0.0,,5,2,0.2,0.0,0.2,0.0,0.2,0.0,0.2,False,0,no_energy_or_zesco_terms,
580266384281967,Reverse my money plz,2026-04-19T20:46:44.358585+00:00,https://www.facebook.com/100057335174945/posts/758680259386473/?app=fbl,reverse my money plz,4,reverse money plz,False,0.0772,positive,0.0772,0.394,0.606,0.0,positive,0.0772,positive,False,0.0,,3,1,0.3333333333333333,0.3333333333333333,0.0,0.3333333333333333,0.0,0.3333333333333333,0.1666666666666666,False,0,no_energy_or_zesco_terms,
1760098067721506,This account is even verified by Facebook 😲😲😲😲,2026-04-19T20:46:44.358643+00:00,https://www.facebook.com/100057335174945/posts/758680259386473/?app=fbl,this account is even verified by facebook 😲😲😲😲,7,account even verified facebook,False,0.0,neutral,0.0,0.0,1.0,0.0,neutral,0.0,neutral,False,0.0,,4,2,0.0,0.0,0.0,0.5,0.0,0.0,0.0,False,0,no_energy_or_zesco_terms,
2719349668205086,This is so unprofessional,2026-04-19T20:46:44.358663+00:00,https://www.facebook.com/100057335174945/posts/758680259386473/?app=fbl,this is so unprofessional,4,unprofessional,False,-0.5106,negative,-0.5106,0.0,0.0,1.0,negative,-0.5106,negative,False,0.0,,1,0,0.0,0.0,0.0,0.0,0.0,0.0,0.0,False,0,no_energy_or_zesco_terms,
3639412646329935,"Early just it was this same thing,you have also started behaving like some of  OMCS anyway you all fall under one ministry may be you have the same anointing",2026-04-19T20:46:44.358675+00:00,https://www.facebook.com/100057335174945/posts/758680259386473/?app=fbl,early just it was this same thing you have also started behaving like some of omcs anyway you all fall under one ministry may be you have the same anointing,30,early just same thing also started behaving like omcs anyway fall under ministry may same anointing,False,0.3612,positive,0.3612,0.143,0.857,0.0,positive,0.3612,positive,False,0.0,,16,2,0.0,0.0,0.0,0.0625,0.0625,0.0,0.03125,False,0,no_energy_or_zesco_terms,
6084864491636242,U have poor communication👹,2026-04-19T20:46:44.358754+00:00,https://www.facebook.com/100057335174945/posts/758680259386473/?app=fbl,u have poor communication👹,4,u poor communication,False,-0.4767,negative,-0.4767,0.0,0.244,0.756,negative,-0.4767,negative,False,0.0,,3,1,0.0,0.0,0.0,0.3333333333333333,0.0,0.0,0.0,False,0,no_energy_or_zesco_terms,
293147676407354,Ifwe twachishala na 00.00 this is when I have managed to buy,2026-04-19T20:46:44.358771+00:00,https://www.facebook.com/100057335174945/posts/758680259386473/?app=fbl,ifwe twachishala na 00 00 this is when i have managed to buy,13,ifwe twachishala na 00 00 managed buy,False,0.0,neutral,0.0,0.0,1.0,0.0,neutral,0.0,neutral,False,0.0,,7,0,0.0,0.0,0.0,0.0,0.0,0.0,0.0,False,0,no_energy_or_zesco_terms,
573222181654205,Eyee mayo kanshi order food for us kaili it's yowa problem,2026-04-19T20:46:44.358798+00:00,https://www.facebook.com/100057335174945/posts/758680259386473/?app=fbl,eyee mayo kanshi order food for us kaili it s yowa problem,12,eyee mayo kanshi order food us kaili s yowa problem,False,-0.4019,negative,-0.6019,0.0,0.748,0.252,negative,-0.6019,negative,True,-0.2,kaili,10,2,0.0,0.0,0.1,0.1,0.1,0.0,0.05,False,0,no_energy_or_zesco_terms,
949075493047454,So this is what you are showcasing ku tradefair sure. Shame.,2026-04-19T20:46:44.358804+00:00,https://www.facebook.com/100057335174945/posts/758680259386473/?app=fbl,so this is what you are showcasing ku tradefair sure shame,11,showcasing ku tradefair sure shame,False,-0.2023,negative,-0.2023,0.274,0.357,0.369,negative,-0.2023,negative,False,0.0,,5,1,0.0,0.0,0.2,0.0,0.2,0.0,0.1,False,0,no_energy_or_zesco_terms,
671130691524244,I have been entering the Token id for like 30 mins and it's just saying Error thinking I must have entered the wrong prepaid number 🤦🏽‍♀️🤦🏽‍♀️🤦🏽‍♀️,2026-04-19T20:46:44.358810+00:00,https://www.facebook.com/100057335174945/posts/758680259386473/?app=fbl,i have been entering the token id for like 30 mins and it s just saying error thinking i must have entered the wrong prepaid number 🤦🏽‍♀️🤦🏽‍♀️🤦🏽‍♀️,26,entering token id like 30 mins s just saying error thinking must entered wrong prepaid number,False,-0.4588,negative,-0.4588,0.184,0.534,0.282,negative,-0.4588,negative,False,0.0,,16,2,0.0,0.0,0.0,0.0,0.0625,0.0,0.03125,False,0,no_energy_or_zesco_terms,
1323607518593121,Shame have been trying to buy kansi kuli problem,2026-04-19T20:46:44.358823+00:00,https://www.facebook.com/100057335174945/posts/758680259386473/?app=fbl,shame have been trying to buy kansi kuli problem,9,shame trying buy kansi kuli problem,False,-0.7003,negative,-0.7003,0.0,0.408,0.592,negative,-0.7003,negative,False,0.0,,6,2,0.0,0.0,0.3333333333333333,0.0,0.3333333333333333,0.0,0.1666666666666666,False,0,no_energy_or_zesco_terms,
1865887573811568,"Dear Customer, Transaction Failed with TXN Id : MP230701.1008.N98812, Receiver is barred. Please try again later. Thank you.",2026-04-19T20:46:44.358836+00:00,https://www.facebook.com/100057335174945/posts/758680259386473/?app=fbl,dear customer transaction failed with txn id mp230701 1008 n98812 receiver is barred please try again later thank you,19,dear customer transaction failed txn id mp230701 1008 n98812 receiver barred please try later thank,False,0.4767,positive,0.4767,0.341,0.507,0.152,positive,0.4767,positive,False,0.0,,15,4,0.0,0.0,0.0,0.0666666666666666,0.0,0.0,0.0,False,0,no_energy_or_zesco_terms,
196193166417697,Poseniko amano business yaiminina,2026-04-19T20:46:44.358849+00:00,https://www.facebook.com/100057335174945/posts/758680259386473/?app=fbl,poseniko amano business yaiminina,4,poseniko amano business yaiminina,False,0.0,neutral,0.0,0.0,1.0,0.0,neutral,0.0,neutral,False,0.0,,4,0,0.0,0.0,0.0,0.0,0.0,0.0,0.0,False,0,no_energy_or_zesco_terms,
9496256920444196,Reverse unsuccessful transactions and don't make us follow up our tokens at your offices,2026-04-19T20:46:44.358864+00:00,https://www.facebook.com/100057335174945/posts/758680259386473/?app=fbl,reverse unsuccessful transactions and don t make us follow up our tokens at your offices,15,reverse unsuccessful transactions don t make us follow tokens offices,False,-0.3612,negative,-0.3612,0.0,0.762,0.238,negative,-0.3612,negative,False,0.0,,10,2,0.0,0.0,0.0,0.1,0.1,0.0,0.05,False,0,no_energy_or_zesco_terms,
671130691524244,I have been entering the Token id for like 30 mins and it's just saying Error thinking I must have entered the wrong prepaid number 🤦🏽‍♀️🤦🏽‍♀️🤦🏽‍♀️,2026-04-19T20:46:44.358810+00:00,https://www.facebook.com/100057335174945/posts/758680259386473/?app=fbl,i have been entering the token id for like 30 mins and it s just saying error thinking i must have entered the wrong prepaid number 🤦🏽‍♀️🤦🏽‍♀️🤦🏽‍♀️,26,dèb oràh same,False,0.0,neutral,0.0,0.0,1.0,0.0,neutral,0.0,neutral,False,0.0,,3,0,0.0,0.0,0.0,0.0,0.0,0.0,0.0,False,0,no_energy_or_zesco_terms,
987006009760428,"I love my group E, the only problem is that you don't follow your timetable.",2026-05-04T13:59:33.354109+00:00,https://www.facebook.com/100057335174945/posts/924732422781255/?app=fbl,i love my group e the only problem is that you don t follow your timetable,16,love group e only problem don t follow timetable,False,0.3612,positive,0.3612,0.353,0.42,0.227,positive,0.3612,positive,False,0.0,,9,3,0.0,0.0,0.1111111111111111,0.1111111111111111,0.1111111111111111,0.0,0.0555555555555555,False,2,no_energy_or_zesco_terms,"group,timetable"
792132815807256,Next time release the schedule Sunday evening so we make plans for the next dayZesco Limited,2026-05-04T13:59:33.354127+00:00,https://www.facebook.com/100057335174945/posts/924732422781255/?app=fbl,next time release the schedule sunday evening so we make plans for the next dayzesco limited,16,next time release schedule sunday evening make plans next dayzesco limited,False,-0.2263,negative,-0.2263,0.0,0.84,0.16,negative,-0.2263,negative,False,0.0,,11,2,0.0909090909090909,0.0909090909090909,0.0,0.0,0.0909090909090909,0.0909090909090909,0.0909090909090909,False,1,no_energy_or_zesco_terms,schedule
914665813794231,"When I was at government school I used to pass number last 70 and  my father was too angry not until he changed me to a private school and I passed number 9 my father was very happy he even bought chicken 🐔 but he didn't know that we were 9 in class.😂

Follow my page ♥️🙏🏼",2026-05-04T13:59:33.354139+00:00,https://www.facebook.com/100057335174945/posts/924732422781255/?app=fbl,when i was at government school i used to pass number last 70 and my father was too angry not until he changed me to a private school and i passed number 9 my father was very happy he even bought chicken 🐔 but he didn t know that we were 9 in class 😂 follow my page ♥️🙏🏼,56,government school used pass number last 70 father too angry until changed private school passed number 9 father very happy even bought chicken didn t know 9 class follow page,False,0.3167,positive,0.3167,0.2,0.699,0.1,positive,0.3167,positive,False,0.0,,30,8,0.0333333333333333,0.0333333333333333,0.0666666666666666,0.1666666666666666,0.0,0.0333333333333333,0.0166666666666666,False,0,no_energy_or_zesco_terms,
987006009760428,"I love my group E, the only problem is that you don't follow your timetable.",2026-05-04T13:59:33.354109+00:00,https://www.facebook.com/100057335174945/posts/924732422781255/?app=fbl,i love my group e the only problem is that you don t follow your timetable,16,anson honestly pali na va liking apa,False,0.6908,positive,0.6908,0.533,0.467,0.0,positive,0.6908,positive,False,0.0,,7,1,0.0,0.0,0.0,0.1428571428571428,0.0,0.0,0.0,False,2,no_energy_or_zesco_terms,"group,timetable"
987006009760428,"I love my group E, the only problem is that you don't follow your timetable.",2026-05-04T13:59:33.354109+00:00,https://www.facebook.com/100057335174945/posts/924732422781255/?app=fbl,i love my group e the only problem is that you don t follow your timetable,16,m sure won t like group coming week,False,0.8176,positive,0.8176,0.739,0.261,0.0,positive,0.8176,positive,False,0.0,,8,1,0.0,0.125,0.0,0.0,0.0,0.125,0.0,False,2,no_energy_or_zesco_terms,"group,timetable"
987006009760428,"I love my group E, the only problem is that you don't follow your timetable.",2026-05-04T13:59:33.354109+00:00,https://www.facebook.com/100057335174945/posts/924732422781255/?app=fbl,i love my group e the only problem is that you don t follow your timetable,16,faith choolwe maambo left work maybe,False,0.4215,positive,0.4215,0.359,0.641,0.0,positive,0.4215,positive,False,0.0,,6,1,0.0,0.1666666666666666,0.0,0.1666666666666666,0.0,0.1666666666666666,0.0,False,2,no_energy_or_zesco_terms,"group,timetable"
987006009760428,"I love my group E, the only problem is that you don't follow your timetable.",2026-05-04T13:59:33.354109+00:00,https://www.facebook.com/100057335174945/posts/924732422781255/?app=fbl,i love my group e the only problem is that you don t follow your timetable,16,meah chulu yes maybe,False,0.4019,positive,0.4019,0.474,0.526,0.0,positive,0.4019,positive,False,0.0,,4,0,0.0,0.0,0.0,0.0,0.0,0.0,0.0,False,2,no_energy_or_zesco_terms,"group,timetable"
987006009760428,"I love my group E, the only problem is that you don't follow your timetable.",2026-05-04T13:59:33.354109+00:00,https://www.facebook.com/100057335174945/posts/924732422781255/?app=fbl,i love my group e the only problem is that you don t follow your timetable,16,meah chulu sleeping dark three weeks straight,False,0.2263,positive,0.2263,0.241,0.759,0.0,positive,0.2263,positive,False,0.0,,7,1,0.0,0.0,0.0,0.0,0.1428571428571428,0.0,0.0714285714285714,False,2,no_energy_or_zesco_terms,"group,timetable"
987006009760428,"I love my group E, the only problem is that you don't follow your timetable.",2026-05-04T13:59:33.354109+00:00,https://www.facebook.com/100057335174945/posts/924732422781255/?app=fbl,i love my group e the only problem is that you don t follow your timetable,16,abraham mwale oh see us went kuma 03,False,0.0,neutral,0.0,0.0,1.0,0.0,neutral,0.0,neutral,False,0.0,,8,0,0.0,0.0,0.0,0.0,0.0,0.0,0.0,False,2,no_energy_or_zesco_terms,"group,timetable"
991351619361086,Group C and D for Chingola is not even necessary mwe uh 🙄,2026-05-04T13:59:33.354311+00:00,https://www.facebook.com/100057335174945/posts/924732422781255/?app=fbl,group c and d for chingola is not even necessary mwe uh 🙄,12,group c d chingola even necessary mwe uh,False,0.0,neutral,0.0,0.0,1.0,0.0,neutral,0.0,neutral,False,0.0,,8,0,0.0,0.0,0.0,0.0,0.0,0.0,0.0,False,1,no_energy_or_zesco_terms,group
3650597628601064,"Group E,people in charge please keep time ,we are tired of of apologies",2026-05-04T13:59:33.354329+00:00,https://www.facebook.com/100057335174945/posts/924732422781255/?app=fbl,group e people in charge please keep time we are tired of of apologies,14,group e people charge please keep time tired apologies,False,-0.1531,negative,-0.1531,0.205,0.536,0.259,negative,-0.1531,negative,False,0.0,,9,2,0.0,0.1111111111111111,0.0,0.0,0.0,0.1111111111111111,0.0,False,2,no_energy_or_zesco_terms,"charge,group"
991351619361086,Group C and D for Chingola is not even necessary mwe uh 🙄,2026-05-04T13:59:33.354311+00:00,https://www.facebook.com/100057335174945/posts/924732422781255/?app=fbl,group c and d for chingola is not even necessary mwe uh 🙄,12,kunda changwe mahata image 05 making sense,False,0.0,neutral,0.0,0.0,1.0,0.0,neutral,0.0,neutral,False,0.0,,7,1,0.0,0.0,0.0,0.0,0.0,0.0,0.0,False,1,no_energy_or_zesco_terms,group
363766932724317,Ise kuno ma light ni rumour che,2026-05-04T13:59:33.354423+00:00,https://www.facebook.com/100057335174945/posts/924732422781255/?app=fbl,ise kuno ma light ni rumour che,7,ise kuno ma light ni rumour che,False,0.0,neutral,0.0,0.0,1.0,0.0,neutral,0.0,neutral,False,0.0,,7,0,0.0,0.0,0.0,0.0,0.0,0.0,0.0,False,0,no_energy_or_zesco_terms,
742161944668887,Why put out a schedule if you will fail to stick to it😑😑,2026-05-04T13:59:33.354434+00:00,https://www.facebook.com/100057335174945/posts/924732422781255/?app=fbl,why put out a schedule if you will fail to stick to it😑😑,13,put schedule fail stick,False,-0.5423,negative,-0.5423,0.0,0.462,0.538,negative,-0.5423,negative,False,0.0,,4,0,0.0,0.0,0.0,0.0,0.0,0.0,0.0,False,1,no_energy_or_zesco_terms,schedule
974631150331430,James we are in group E,2026-05-04T13:59:33.354459+00:00,https://www.facebook.com/100057335174945/posts/924732422781255/?app=fbl,james we are in group e,6,james group e,False,0.0,neutral,0.0,0.0,1.0,0.0,neutral,0.0,neutral,False,0.0,,3,0,0.0,0.0,0.0,0.0,0.0,0.0,0.0,False,1,no_energy_or_zesco_terms,group
1373033290054352,Manje ise kuno kuli ba president side. Yaenda Kabili lelo 😞,2026-05-04T13:59:33.354470+00:00,https://www.facebook.com/100057335174945/posts/924732422781255/?app=fbl,manje ise kuno kuli ba president side yaenda kabili lelo 😞,10,manje ise kuno kuli ba president side yaenda kabili lelo,False,0.0,neutral,-0.6,0.0,1.0,0.0,negative,-0.6,negative,True,-0.6,"kabili,manje",10,1,0.0,0.0,0.0,0.1,0.0,0.0,0.0,False,0,no_energy_or_zesco_terms,
1839651823183184,Are sure this is the result of water or what? Myself I don't believe that,2026-05-04T13:59:33.354553+00:00,https://www.facebook.com/100057335174945/posts/924732422781255/?app=fbl,are sure this is the result of water or what myself i don t believe that,16,sure result water myself don t believe,False,0.3182,positive,0.3182,0.315,0.685,0.0,positive,0.3182,positive,False,0.0,,7,2,0.0,0.1428571428571428,0.0,0.1428571428571428,0.0,0.1428571428571428,0.0,False,0,no_energy_or_zesco_terms,
3762070777372623,Suwilanji Khane Kaoma you’re in group 😂😂😂,2026-05-04T13:59:33.354556+00:00,https://www.facebook.com/100057335174945/posts/924732422781255/?app=fbl,suwilanji khane kaoma you’re in group 😂😂😂,7,suwilanji khane kaoma re group,False,0.0,neutral,0.0,0.0,1.0,0.0,neutral,0.0,neutral,False,0.0,,5,0,0.0,0.0,0.0,0.0,0.0,0.0,0.0,False,1,no_energy_or_zesco_terms,group
343011835031898,This is 9 hours bazesco communicate the truth and truth is what we call professionalism. Leave lies to politicians.,2026-05-04T13:59:33.354560+00:00,https://www.facebook.com/100057335174945/posts/924732422781255/?app=fbl,this is 9 hours bazesco communicate the truth and truth is what we call professionalism leave lies to politicians,19,9 hours bazesco communicate truth truth call professionalism leave lies politicians,False,0.1531,positive,0.1531,0.315,0.411,0.274,positive,0.1531,positive,False,0.0,,11,4,0.0,0.0,0.0,0.2727272727272727,0.0909090909090909,0.0,0.0454545454545454,False,1,no_energy_or_zesco_terms,hours
2093442904369924,Solwezi is suffering too much from 06 to 19 hrs,2026-05-04T13:59:33.354564+00:00,https://www.facebook.com/100057335174945/posts/924732422781255/?app=fbl,solwezi is suffering too much from 06 to 19 hrs,10,solwezi suffering too much 06 19 hrs,False,-0.4767,negative,-0.4767,0.0,0.659,0.341,negative,-0.4767,negative,False,0.0,,7,1,0.0,0.0,0.1428571428571428,0.0,0.1428571428571428,0.0,0.0714285714285714,False,1,no_energy_or_zesco_terms,hrs
7482547598466126,Take us back to 4 hour chee,2026-05-04T13:59:33.354575+00:00,https://www.facebook.com/100057335174945/posts/924732422781255/?app=fbl,take us back to 4 hour chee,7,take us back 4 hour chee,False,0.0,neutral,0.0,0.0,1.0,0.0,neutral,0.0,neutral,False,0.0,,6,0,0.0,0.0,0.0,0.0,0.0,0.0,0.0,False,0,no_energy_or_zesco_terms,
3762070777372623,Suwilanji Khane Kaoma you’re in group 😂😂😂,2026-05-04T13:59:33.354556+00:00,https://www.facebook.com/100057335174945/posts/924732422781255/?app=fbl,suwilanji khane kaoma you’re in group 😂😂😂,7,tefintu even used now,False,0.0,neutral,-0.7,0.0,1.0,0.0,negative,-0.7,negative,True,-0.7,tefintu,4,0,0.0,0.0,0.0,0.0,0.0,0.0,0.0,False,1,no_energy_or_zesco_terms,group
1353740031979829,But why is it showing only in 3 cities? Someone to educate me please,2026-05-04T13:59:33.354641+00:00,https://www.facebook.com/100057335174945/posts/924732422781255/?app=fbl,but why is it showing only in 3 cities someone to educate me please,14,showing only 3 cities someone educate please,False,0.3182,positive,0.3182,0.315,0.685,0.0,positive,0.3182,positive,False,0.0,,7,1,0.0,0.0,0.0,0.0,0.0,0.0,0.0,False,0,no_energy_or_zesco_terms,
1133189314375206,It could have been better if this rotations are rotating on a daily basis it could have been better than this weekly basis it gives inconveniences too much,2026-05-04T13:59:33.354647+00:00,https://www.facebook.com/100057335174945/posts/924732422781255/?app=fbl,it could have been better if this rotations are rotating on a daily basis it could have been better than this weekly basis it gives inconveniences too much,28,could better rotations rotating daily basis could better than weekly basis gives inconveniences too much,False,0.7003,positive,0.7003,0.309,0.691,0.0,positive,0.7003,positive,False,0.0,,15,1,0.0,0.0666666666666666,0.0,0.0,0.0,0.0666666666666666,0.0,False,0,no_energy_or_zesco_terms,
1165467941315198,"The issue is that you do not follow your own schedule, that's an issue here.
Do your best by following your schedule and it will help us.
Thank you.",2026-05-04T13:59:33.354651+00:00,https://www.facebook.com/100057335174945/posts/924732422781255/?app=fbl,the issue is that you do not follow your own schedule that s an issue here do your best by following your schedule and it will help us thank you,30,issue follow own schedule s issue best following schedule help us thank,False,0.8555,positive,0.8555,0.54,0.46,0.0,positive,0.8555,positive,False,0.0,,12,0,0.0,0.0,0.0,0.0,0.0,0.0,0.0,False,1,no_energy_or_zesco_terms,schedule
402137349350108,We should now rest ba group E. 14 to 22 was a nightmare 😭😭😭,2026-05-04T13:59:33.354656+00:00,https://www.facebook.com/100057335174945/posts/924732422781255/?app=fbl,we should now rest ba group e 14 to 22 was a nightmare 😭😭😭,13,should now rest ba group e 14 22 nightmare,False,0.0,neutral,0.0,0.0,1.0,0.0,neutral,0.0,neutral,False,0.0,,9,2,0.0,0.0,0.1111111111111111,0.0,0.0,0.0,0.0,False,1,no_energy_or_zesco_terms,group
402137349350108,We should now rest ba group E. 14 to 22 was a nightmare 😭😭😭,2026-05-04T13:59:33.354656+00:00,https://www.facebook.com/100057335174945/posts/924732422781255/?app=fbl,we should now rest ba group e 14 to 22 was a nightmare 😭😭😭,13,elita shelenielita sheleni really rough,False,0.0,neutral,0.0,0.0,1.0,0.0,neutral,0.0,neutral,False,0.0,,5,0,0.0,0.0,0.0,0.0,0.0,0.0,0.0,False,1,no_energy_or_zesco_terms,group
402137349350108,We should now rest ba group E. 14 to 22 was a nightmare 😭😭😭,2026-05-04T13:59:33.354656+00:00,https://www.facebook.com/100057335174945/posts/924732422781255/?app=fbl,we should now rest ba group e 14 to 22 was a nightmare 😭😭😭,13,elita sheleni real eish,False,0.0,neutral,0.0,0.0,1.0,0.0,neutral,0.0,neutral,False,0.0,,4,1,0.0,0.0,0.0,0.25,0.0,0.0,0.0,False,1,no_energy_or_zesco_terms,group
402137349350108,We should now rest ba group E. 14 to 22 was a nightmare 😭😭😭,2026-05-04T13:59:33.354656+00:00,https://www.facebook.com/100057335174945/posts/924732422781255/?app=fbl,we should now rest ba group e 14 to 22 was a nightmare 😭😭😭,13,elita sheleni should atleast maintain schedule next 2 weeks because suffered eish,False,-0.4939,negative,-0.4939,0.0,0.758,0.242,negative,-0.4939,negative,False,0.0,,12,0,0.0,0.0,0.0,0.0,0.0,0.0,0.0,False,2,no_energy_or_zesco_terms,"group,schedule"
402137349350108,We should now rest ba group E. 14 to 22 was a nightmare 😭😭😭,2026-05-04T13:59:33.354656+00:00,https://www.facebook.com/100057335174945/posts/924732422781255/?app=fbl,we should now rest ba group e 14 to 22 was a nightmare 😭😭😭,13,elita sheleni traumatizing experience,False,-0.5106,negative,-0.5106,0.0,0.476,0.524,negative,-0.5106,negative,False,0.0,,4,0,0.0,0.0,0.0,0.0,0.0,0.0,0.0,False,1,no_energy_or_zesco_terms,group
402137349350108,We should now rest ba group E. 14 to 22 was a nightmare 😭😭😭,2026-05-04T13:59:33.354656+00:00,https://www.facebook.com/100057335174945/posts/924732422781255/?app=fbl,we should now rest ba group e 14 to 22 was a nightmare 😭😭😭,13,elita sheleni 14 22 worst,False,-0.6249,negative,-0.6249,0.0,0.494,0.506,negative,-0.6249,negative,False,0.0,,5,0,0.0,0.0,0.0,0.0,0.0,0.0,0.0,False,1,no_energy_or_zesco_terms,group
402137349350108,We should now rest ba group E. 14 to 22 was a nightmare 😭😭😭,2026-05-04T13:59:33.354656+00:00,https://www.facebook.com/100057335174945/posts/924732422781255/?app=fbl,we should now rest ba group e 14 to 22 was a nightmare 😭😭😭,13,elita sheleni tell tired,False,-0.4404,negative,-0.4404,0.0,0.508,0.492,negative,-0.4404,negative,False,0.0,,4,1,0.0,0.0,0.0,0.0,0.0,0.0,0.0,False,1,no_energy_or_zesco_terms,group
402137349350108,We should now rest ba group E. 14 to 22 was a nightmare 😭😭😭,2026-05-04T13:59:33.354656+00:00,https://www.facebook.com/100057335174945/posts/924732422781255/?app=fbl,we should now rest ba group e 14 to 22 was a nightmare 😭😭😭,13,elita sheleni eeeh ungalile pa last,False,0.0,neutral,0.0,0.0,1.0,0.0,neutral,0.0,neutral,False,0.0,,6,0,0.0,0.0,0.0,0.0,0.0,0.0,0.0,False,1,no_energy_or_zesco_terms,group
402137349350108,We should now rest ba group E. 14 to 22 was a nightmare 😭😭😭,2026-05-04T13:59:33.354656+00:00,https://www.facebook.com/100057335174945/posts/924732422781255/?app=fbl,we should now rest ba group e 14 to 22 was a nightmare 😭😭😭,13,elita sheleni group d though,False,0.0,neutral,0.0,0.0,1.0,0.0,neutral,0.0,neutral,False,0.0,,5,0,0.0,0.0,0.0,0.0,0.0,0.0,0.0,False,1,no_energy_or_zesco_terms,group
402137349350108,We should now rest ba group E. 14 to 22 was a nightmare 😭😭😭,2026-05-04T13:59:33.354656+00:00,https://www.facebook.com/100057335174945/posts/924732422781255/?app=fbl,we should now rest ba group e 14 to 22 was a nightmare 😭😭😭,13,elita sheleni ala mwandi,False,0.0,neutral,0.0,0.0,1.0,0.0,neutral,0.0,neutral,False,0.0,,4,0,0.0,0.0,0.0,0.0,0.0,0.0,0.0,False,1,no_energy_or_zesco_terms,group
1133189314375206,It could have been better if this rotations are rotating on a daily basis it could have been better than this weekly basis it gives inconveniences too much,2026-05-04T13:59:33.354647+00:00,https://www.facebook.com/100057335174945/posts/924732422781255/?app=fbl,it could have been better if this rotations are rotating on a daily basis it could have been better than this weekly basis it gives inconveniences too much,28,trevor musonda chabala good point,False,0.4404,positive,0.4404,0.42,0.58,0.0,positive,0.4404,positive,False,0.0,,5,1,0.0,0.2,0.0,0.2,0.0,0.2,0.0,False,0,no_energy_or_zesco_terms,
1133189314375206,It could have been better if this rotations are rotating on a daily basis it could have been better than this weekly basis it gives inconveniences too much,2026-05-04T13:59:33.354647+00:00,https://www.facebook.com/100057335174945/posts/924732422781255/?app=fbl,it could have been better if this rotations are rotating on a daily basis it could have been better than this weekly basis it gives inconveniences too much,28,alexis kabamba opinion madam 8 hrs weekly rotations better convenient us,False,0.4404,positive,0.4404,0.244,0.756,0.0,positive,0.4404,positive,False,0.0,,11,1,0.0,0.0,0.0,0.0,0.0,0.0,0.0,False,1,no_energy_or_zesco_terms,hrs
1133189314375206,It could have been better if this rotations are rotating on a daily basis it could have been better than this weekly basis it gives inconveniences too much,2026-05-04T13:59:33.354647+00:00,https://www.facebook.com/100057335174945/posts/924732422781255/?app=fbl,it could have been better if this rotations are rotating on a daily basis it could have been better than this weekly basis it gives inconveniences too much,28,alexis kabamba didnt understand point,False,0.0,neutral,0.0,0.0,1.0,0.0,neutral,0.0,neutral,False,0.0,,5,0,0.0,0.0,0.0,0.0,0.0,0.0,0.0,False,0,no_energy_or_zesco_terms,
1133189314375206,It could have been better if this rotations are rotating on a daily basis it could have been better than this weekly basis it gives inconveniences too much,2026-05-04T13:59:33.354647+00:00,https://www.facebook.com/100057335174945/posts/924732422781255/?app=fbl,it could have been better if this rotations are rotating on a daily basis it could have been better than this weekly basis it gives inconveniences too much,28,bc kaunda sir,False,0.0,neutral,0.0,0.0,1.0,0.0,neutral,0.0,neutral,False,0.0,,3,1,0.0,0.0,0.0,0.3333333333333333,0.0,0.0,0.0,False,0,no_energy_or_zesco_terms,
1133189314375206,It could have been better if this rotations are rotating on a daily basis it could have been better than this weekly basis it gives inconveniences too much,2026-05-04T13:59:33.354647+00:00,https://www.facebook.com/100057335174945/posts/924732422781255/?app=fbl,it could have been better if this rotations are rotating on a daily basis it could have been better than this weekly basis it gives inconveniences too much,28,jane chiwila yes support narrative,False,0.6597,positive,0.6597,0.643,0.357,0.0,positive,0.6597,positive,False,0.0,,5,0,0.0,0.0,0.0,0.0,0.0,0.0,0.0,False,0,no_energy_or_zesco_terms,
1133189314375206,It could have been better if this rotations are rotating on a daily basis it could have been better than this weekly basis it gives inconveniences too much,2026-05-04T13:59:33.354647+00:00,https://www.facebook.com/100057335174945/posts/924732422781255/?app=fbl,it could have been better if this rotations are rotating on a daily basis it could have been better than this weekly basis it gives inconveniences too much,28,trevor musonda chabala current schedule ok better planning homes businesses,False,0.6249,positive,0.6249,0.389,0.611,0.0,positive,0.6249,positive,False,0.0,,10,1,0.0,0.1,0.0,0.1,0.0,0.1,0.0,False,1,no_energy_or_zesco_terms,schedule
1353740031979829,But why is it showing only in 3 cities? Someone to educate me please,2026-05-04T13:59:33.354641+00:00,https://www.facebook.com/100057335174945/posts/924732422781255/?app=fbl,but why is it showing only in 3 cities someone to educate me please,14,asah those major economic harbors,False,0.0,neutral,0.0,0.0,1.0,0.0,neutral,0.0,neutral,False,0.0,,5,1,0.0,0.0,0.0,0.0,0.0,0.0,0.0,False,0,no_energy_or_zesco_terms,
1353740031979829,But why is it showing only in 3 cities? Someone to educate me please,2026-05-04T13:59:33.354641+00:00,https://www.facebook.com/100057335174945/posts/924732422781255/?app=fbl,but why is it showing only in 3 cities someone to educate me please,14,asah rest cities zambia,False,0.0,neutral,0.0,0.0,1.0,0.0,neutral,0.0,neutral,False,0.0,,4,1,0.0,0.0,0.0,0.0,0.0,0.0,0.0,False,0,no_energy_or_zesco_terms,
402137349350108,We should now rest ba group E. 14 to 22 was a nightmare 😭😭😭,2026-05-04T13:59:33.354656+00:00,https://www.facebook.com/100057335174945/posts/924732422781255/?app=fbl,we should now rest ba group e 14 to 22 was a nightmare 😭😭😭,13,mary k oho okay,False,0.2263,positive,0.2263,0.487,0.513,0.0,positive,0.2263,positive,False,0.0,,4,0,0.0,0.0,0.0,0.0,0.0,0.0,0.0,False,1,no_energy_or_zesco_terms,group
402137349350108,We should now rest ba group E. 14 to 22 was a nightmare 😭😭😭,2026-05-04T13:59:33.354656+00:00,https://www.facebook.com/100057335174945/posts/924732422781255/?app=fbl,we should now rest ba group e 14 to 22 was a nightmare 😭😭😭,13,elita sheleni left traumatised,False,-0.5267,negative,-0.5267,0.0,0.469,0.531,negative,-0.5267,negative,False,0.0,,4,0,0.0,0.0,0.0,0.0,0.0,0.0,0.0,False,1,no_energy_or_zesco_terms,group
402137349350108,We should now rest ba group E. 14 to 22 was a nightmare 😭😭😭,2026-05-04T13:59:33.354656+00:00,https://www.facebook.com/100057335174945/posts/924732422781255/?app=fbl,we should now rest ba group e 14 to 22 was a nightmare 😭😭😭,13,namwaka nana wasilota group e d,False,0.0,neutral,0.0,0.0,1.0,0.0,neutral,0.0,neutral,False,0.0,,6,0,0.0,0.0,0.0,0.0,0.0,0.0,0.0,False,1,no_energy_or_zesco_terms,group
402137349350108,We should now rest ba group E. 14 to 22 was a nightmare 😭😭😭,2026-05-04T13:59:33.354656+00:00,https://www.facebook.com/100057335174945/posts/924732422781255/?app=fbl,we should now rest ba group e 14 to 22 was a nightmare 😭😭😭,13,essa group d unlucky,False,0.0,neutral,0.0,0.0,1.0,0.0,neutral,0.0,neutral,False,0.0,,4,1,0.25,0.0,0.25,0.0,0.25,0.0,0.25,False,1,no_energy_or_zesco_terms,group
1133189314375206,It could have been better if this rotations are rotating on a daily basis it could have been better than this weekly basis it gives inconveniences too much,2026-05-04T13:59:33.354647+00:00,https://www.facebook.com/100057335174945/posts/924732422781255/?app=fbl,it could have been better if this rotations are rotating on a daily basis it could have been better than this weekly basis it gives inconveniences too much,28,jane chiwila right especially baker s helps planing,False,0.4364,positive,0.4364,0.324,0.676,0.0,positive,0.4364,positive,False,0.0,,8,0,0.0,0.0,0.0,0.0,0.0,0.0,0.0,False,0,no_energy_or_zesco_terms,
1133189314375206,It could have been better if this rotations are rotating on a daily basis it could have been better than this weekly basis it gives inconveniences too much,2026-05-04T13:59:33.354647+00:00,https://www.facebook.com/100057335174945/posts/924732422781255/?app=fbl,it could have been better if this rotations are rotating on a daily basis it could have been better than this weekly basis it gives inconveniences too much,28,trevor musonda chabala us s even weekly re constantly same nothing like week 6 13 next week 12 20 want us every night pathetic,False,-0.6715,negative,-0.6715,0.05,0.728,0.223,negative,-0.6715,negative,False,0.0,,24,2,0.0,0.0,0.0,0.0416666666666666,0.0416666666666666,0.0,0.0208333333333333,False,0,no_energy_or_zesco_terms,
1170309507311276,"I didn't know there was a 06 to 14 slot, I was caught unawares this morning.  Me thinking it was 10 to 18 . Oops!!",2026-05-04T13:59:33.354931+00:00,https://www.facebook.com/100057335174945/posts/924732422781255/?app=fbl,i didn t know there was a 06 to 14 slot i was caught unawares this morning me thinking it was 10 to 18 oops,25,didn t know 06 14 slot caught unawares morning thinking 10 18 oops,False,0.0,neutral,0.0,0.0,1.0,0.0,neutral,0.0,neutral,False,0.0,,13,0,0.0,0.0,0.0,0.0,0.0,0.0,0.0,False,0,no_energy_or_zesco_terms,
975812750560377,"At this point , I don’t even know which group I fall under",2026-05-04T13:59:33.354934+00:00,https://www.facebook.com/100057335174945/posts/924732422781255/?app=fbl,at this point i don’t even know which group i fall under,13,point don t even know group fall under,False,0.0,neutral,0.0,0.0,1.0,0.0,neutral,0.0,neutral,False,0.0,,8,2,0.0,0.0,0.0,0.125,0.125,0.0,0.0625,False,1,no_energy_or_zesco_terms,group
2591175591054010,Who needs your schedule? You’renot following it 🤬,2026-05-04T13:59:33.354939+00:00,https://www.facebook.com/100057335174945/posts/924732422781255/?app=fbl,who needs your schedule you’renot following it 🤬,8,needs schedule renot following,False,0.0,neutral,0.0,0.0,1.0,0.0,neutral,0.0,neutral,False,0.0,,4,0,0.0,0.0,0.0,0.0,0.0,0.0,0.0,False,1,no_energy_or_zesco_terms,schedule
975721170795448,"8 hours but it's been over 10 hours 🙄🙄
You people are so annoying 😡😡",2026-05-04T13:59:33.354948+00:00,https://www.facebook.com/100057335174945/posts/924732422781255/?app=fbl,8 hours but it s been over 10 hours 🙄🙄 you people are so annoying 😡😡,14,8 hours s over 10 hours people annoying,False,-0.4019,negative,-0.4019,0.0,0.649,0.351,negative,-0.4019,negative,False,0.0,,8,1,0.125,0.0,0.0,0.0,0.0,0.0,0.0625,False,1,no_energy_or_zesco_terms,hours
1170309507311276,"I didn't know there was a 06 to 14 slot, I was caught unawares this morning.  Me thinking it was 10 to 18 . Oops!!",2026-05-04T13:59:33.354931+00:00,https://www.facebook.com/100057335174945/posts/924732422781255/?app=fbl,i didn t know there was a 06 to 14 slot i was caught unawares this morning me thinking it was 10 to 18 oops,25,emma lubansa thoughts too,False,0.0,neutral,0.0,0.0,1.0,0.0,neutral,0.0,neutral,False,0.0,,4,0,0.0,0.0,0.0,0.0,0.0,0.0,0.0,False,0,no_energy_or_zesco_terms,
1170309507311276,"I didn't know there was a 06 to 14 slot, I was caught unawares this morning.  Me thinking it was 10 to 18 . Oops!!",2026-05-04T13:59:33.354931+00:00,https://www.facebook.com/100057335174945/posts/924732422781255/?app=fbl,i didn t know there was a 06 to 14 slot i was caught unawares this morning me thinking it was 10 to 18 oops,25,emma lubansa l better than rest,False,0.4404,positive,0.4404,0.42,0.58,0.0,positive,0.4404,positive,False,0.0,,6,1,0.0,0.0,0.0,0.0,0.0,0.0,0.0,False,0,no_energy_or_zesco_terms,
451590690574355,Can you at least post the schedule on Sundays? So we don’t wake up to surprises on Mondays….is it too much to ask 🥲,2026-05-04T13:59:33.355081+00:00,https://www.facebook.com/100057335174945/posts/924732422781255/?app=fbl,can you at least post the schedule on sundays so we don’t wake up to surprises on mondays… is it too much to ask 🥲,25,least post schedule sundays don t wake surprises mondays too much ask,False,0.2263,positive,0.2263,0.16,0.84,0.0,positive,0.2263,positive,False,0.0,,12,1,0.0,0.0,0.0,0.0833333333333333,0.0,0.0,0.0,False,1,no_energy_or_zesco_terms,schedule
451590690574355,Can you at least post the schedule on Sundays? So we don’t wake up to surprises on Mondays….is it too much to ask 🥲,2026-05-04T13:59:33.355081+00:00,https://www.facebook.com/100057335174945/posts/924732422781255/?app=fbl,can you at least post the schedule on sundays so we don’t wake up to surprises on mondays… is it too much to ask 🥲,25,tilolele mwanza sundays too late need post friday,False,0.0,neutral,0.0,0.0,1.0,0.0,neutral,0.0,neutral,False,0.0,,8,1,0.0,0.0,0.0,0.0,0.125,0.0,0.0625,False,1,no_energy_or_zesco_terms,schedule
451590690574355,Can you at least post the schedule on Sundays? So we don’t wake up to surprises on Mondays….is it too much to ask 🥲,2026-05-04T13:59:33.355081+00:00,https://www.facebook.com/100057335174945/posts/924732422781255/?app=fbl,can you at least post the schedule on sundays so we don’t wake up to surprises on mondays… is it too much to ask 🥲,25,tilolele mwanza honestly frustrating inconveniencing having wait till actual day know schedule like,False,0.3818,positive,0.3818,0.299,0.543,0.158,positive,0.3818,positive,False,0.0,,13,2,0.0,0.0769230769230769,0.0,0.0,0.0,0.0769230769230769,0.0,False,1,no_energy_or_zesco_terms,schedule
8310575085636217,"This is so irritating mwe, what's with you changing schedule's kanshi 🤦🤦",2026-05-04T13:59:33.355196+00:00,https://www.facebook.com/100057335174945/posts/924732422781255/?app=fbl,this is so irritating mwe what s with you changing schedule s kanshi 🤦🤦,13,irritating mwe s changing schedule s kanshi,False,-0.4588,negative,-0.4588,0.0,0.571,0.429,negative,-0.4588,negative,False,0.0,,7,1,0.1428571428571428,0.0,0.0,0.0,0.0,0.0,0.0714285714285714,False,1,no_energy_or_zesco_terms,schedule
835011318684288,"It's like you pipo are just making time tables muma office and not finding a permanent solution these need for plan B, we can't go on like this ...please bring back the 4 hours twice a day schedule, small businesses are unable to run effectively",2026-05-04T13:59:33.355203+00:00,https://www.facebook.com/100057335174945/posts/924732422781255/?app=fbl,it s like you pipo are just making time tables muma office and not finding a permanent solution these need for plan b we can t go on like this please bring back the 4 hours twice a day schedule small businesses are unable to run effectively,47,s like pipo just making time tables muma office finding permanent solution need plan b t go like please bring back 4 hours twice day schedule small businesses unable run effectively,False,0.8885,positive,0.8885,0.362,0.638,0.0,positive,0.8885,positive,False,0.0,,31,5,0.0,0.064516129032258,0.0,0.0,0.032258064516129,0.064516129032258,0.0161290322580645,False,2,no_energy_or_zesco_terms,"hours,schedule"
1160356592050838,Group E in Lusaka what's happening this is now 15hrs?,2026-05-04T13:59:33.355221+00:00,https://www.facebook.com/100057335174945/posts/924732422781255/?app=fbl,group e in lusaka what s happening this is now 15hrs,11,group e lusaka s happening now 15hrs,False,0.0,neutral,0.0,0.0,1.0,0.0,neutral,0.0,neutral,False,0.0,,7,0,0.0,0.0,0.0,0.0,0.0,0.0,0.0,False,1,no_energy_or_zesco_terms,group
1840818453024242,Group D is the worst😡,2026-05-04T13:59:33.355234+00:00,https://www.facebook.com/100057335174945/posts/924732422781255/?app=fbl,group d is the worst😡,5,group d worst,False,-0.6249,negative,-0.6249,0.0,0.196,0.804,negative,-0.6249,negative,False,0.0,,3,0,0.0,0.0,0.0,0.0,0.0,0.0,0.0,False,1,no_energy_or_zesco_terms,group
1085244139231643,"I don't if it's me 
But kwatu Ni 12hours 
And we have businesses to run please tell me if you have sepefic  hours other areas",2026-05-04T13:59:33.355238+00:00,https://www.facebook.com/100057335174945/posts/924732422781255/?app=fbl,i don t if it s me but kwatu ni 12hours and we have businesses to run please tell me if you have sepefic hours other areas,27,don t s kwatu ni 12hours businesses run please tell sepefic hours other areas,False,0.3182,positive,0.3182,0.173,0.827,0.0,positive,0.3182,positive,False,0.0,,14,1,0.0,0.0,0.0,0.0714285714285714,0.0,0.0,0.0,False,1,no_energy_or_zesco_terms,hours
407599322250521,But why are some of us been loadedshedded for 10 hours from 11hrs  to 21hrs awe it's too much,2026-05-04T13:59:33.355243+00:00,https://www.facebook.com/100057335174945/posts/924732422781255/?app=fbl,but why are some of us been loadedshedded for 10 hours from 11hrs to 21hrs awe it s too much,20,us loadedshedded 10 hours 11hrs 21hrs awe s too much,False,0.0,neutral,-0.7,0.0,1.0,0.0,negative,-0.7,negative,True,-0.7,awe,10,0,0.0,0.0,0.0,0.0,0.0,0.0,0.0,False,1,no_energy_or_zesco_terms,hours
1840818453024242,Group D is the worst😡,2026-05-04T13:59:33.355234+00:00,https://www.facebook.com/100057335174945/posts/924732422781255/?app=fbl,group d is the worst😡,5,hi janet massino mwanza regret inconvenience caused please note timetable rotational next week monday 06 14hrs regards cj,False,-0.4588,negative,-0.4588,0.102,0.664,0.235,negative,-0.4588,negative,False,0.0,,18,1,0.0,0.0,0.0,0.0,0.0555555555555555,0.0,0.0277777777777777,False,2,no_energy_or_zesco_terms,"group,timetable"
1160356592050838,Group E in Lusaka what's happening this is now 15hrs?,2026-05-04T13:59:33.355221+00:00,https://www.facebook.com/100057335174945/posts/924732422781255/?app=fbl,group e in lusaka what s happening this is now 15hrs,11,krid banda same thing boss group e highly hated,False,-0.6697,negative,-0.6697,0.0,0.609,0.391,negative,-0.6697,negative,False,0.0,,9,0,0.0,0.0,0.0,0.0,0.0,0.0,0.0,False,1,no_energy_or_zesco_terms,group
461854086198653,"This information is supposed to be published before you even make the changes to give people time to plan ,not palya mwashimya then you bring new schedule 😡",2026-05-04T13:59:33.355285+00:00,https://www.facebook.com/100057335174945/posts/924732422781255/?app=fbl,this information is supposed to be published before you even make the changes to give people time to plan not palya mwashimya then you bring new schedule 😡,27,information supposed published before even make changes give people time plan palya mwashimya bring new schedule,False,0.0,neutral,0.0,0.0,1.0,0.0,neutral,0.0,neutral,False,0.0,,16,3,0.0,0.125,0.0,0.0,0.0,0.125,0.0,False,1,no_energy_or_zesco_terms,schedule
461854086198653,"This information is supposed to be published before you even make the changes to give people time to plan ,not palya mwashimya then you bring new schedule 😡",2026-05-04T13:59:33.355285+00:00,https://www.facebook.com/100057335174945/posts/924732422781255/?app=fbl,this information is supposed to be published before you even make the changes to give people time to plan not palya mwashimya then you bring new schedule 😡,27,rustine mj chilongo kwati mashilu,False,0.0,neutral,0.0,0.0,1.0,0.0,neutral,0.0,neutral,False,0.0,,5,0,0.0,0.0,0.0,0.0,0.0,0.0,0.0,False,1,no_energy_or_zesco_terms,schedule
1524074918143120,You are not even following your own program 😠 😡,2026-05-04T13:59:33.355326+00:00,https://www.facebook.com/100057335174945/posts/924732422781255/?app=fbl,you are not even following your own program 😠 😡,8,even following own program,False,0.0,neutral,0.0,0.0,1.0,0.0,neutral,0.0,neutral,False,0.0,,4,0,0.0,0.0,0.0,0.0,0.0,0.0,0.0,False,0,no_energy_or_zesco_terms,
364158906010911,"Updating information on Facebook weekly isn't feasible. Instead, it would be more effective to hire a skilled developer to create a notification system, ensuring people are promptly informed rather than having to search for updates",2026-05-04T13:59:33.355343+00:00,https://www.facebook.com/100057335174945/posts/924732422781255/?app=fbl,updating information on facebook weekly isn t feasible instead it would be more effective to hire a skilled developer to create a notification system ensuring people are promptly informed rather than having to search for updates,36,updating information facebook weekly isn t feasible instead would effective hire skilled developer create notification system ensuring people promptly informed rather than having search updates,False,0.743,positive,0.743,0.258,0.742,0.0,positive,0.743,positive,False,0.0,,25,7,0.0,0.08,0.0,0.12,0.0,0.08,0.0,False,0,no_energy_or_zesco_terms,
1139232760450889,That's not a problem. My problem is the name 'George' it has so many letters for no reason. I mean 'joj' was just fine.,2026-05-04T13:59:33.355379+00:00,https://www.facebook.com/100057335174945/posts/924732422781255/?app=fbl,that s not a problem my problem is the name george it has so many letters for no reason i mean joj was just fine,25,s problem problem name george many letters reason mean joj just fine,False,-0.5574,negative,-0.5574,0.118,0.526,0.355,negative,-0.5574,negative,False,0.0,,12,3,0.0,0.0,0.1666666666666666,0.0,0.1666666666666666,0.0,0.0833333333333333,False,0,no_energy_or_zesco_terms,
750017720575912,My area in Ndola has had 17-01 for almost a month now. It’s really unfair I thought it’s supposed to change weekly.,2026-05-04T13:59:33.355397+00:00,https://www.facebook.com/100057335174945/posts/924732422781255/?app=fbl,my area in ndola has had 17 01 for almost a month now it’s really unfair i thought it’s supposed to change weekly,25,area ndola 17 01 almost month now s really unfair thought s supposed change weekly,False,-0.5256,negative,-0.5256,0.0,0.78,0.22,negative,-0.5256,negative,False,0.0,,15,3,0.0666666666666666,0.0666666666666666,0.0666666666666666,0.0,0.0666666666666666,0.0666666666666666,0.0666666666666666,False,0,no_energy_or_zesco_terms,
1185924779266258,"You people are ridiculus. Sure enough you didn't know schedule before already making in effect? To be sure, none can prepare in advance.",2026-05-04T13:59:33.355412+00:00,https://www.facebook.com/100057335174945/posts/924732422781255/?app=fbl,you people are ridiculus sure enough you didn t know schedule before already making in effect to be sure none can prepare in advance,24,people ridiculus sure enough didn t know schedule before already making effect sure none prepare advance,False,0.5574,positive,0.5574,0.261,0.739,0.0,positive,0.5574,positive,False,0.0,,16,2,0.0,0.125,0.0625,0.0,0.0,0.125,0.0,False,1,no_energy_or_zesco_terms,schedule
1479913309593876,Stop even decieving us which 08hrs are you talking about from 06hrs to 17hrs is this 08hrs please you should stick to your time,2026-05-04T13:59:33.355417+00:00,https://www.facebook.com/100057335174945/posts/924732422781255/?app=fbl,stop even decieving us which 08hrs are you talking about from 06hrs to 17hrs is this 08hrs please you should stick to your time,24,stop even decieving us 08hrs talking 06hrs 17hrs 08hrs please should stick time,False,0.0258,neutral,0.0258,0.148,0.71,0.142,neutral,0.0258,neutral,False,0.0,,13,1,0.0,0.0769230769230769,0.0,0.0,0.0,0.0769230769230769,0.0,False,0,no_energy_or_zesco_terms,
1502869543919002,Are these groups rotational 🤔,2026-05-04T13:59:33.355428+00:00,https://www.facebook.com/100057335174945/posts/924732422781255/?app=fbl,are these groups rotational 🤔,4,groups rotational,False,0.0,neutral,0.0,0.0,1.0,0.0,neutral,0.0,neutral,False,0.0,,2,0,0.0,0.0,0.0,0.0,0.0,0.0,0.0,False,0,no_energy_or_zesco_terms,
2981527101988605,You ppl should have a fixed timetable not every week mulecinja cinja can we stick to one timetable please,2026-05-04T13:59:33.355446+00:00,https://www.facebook.com/100057335174945/posts/924732422781255/?app=fbl,you ppl should have a fixed timetable not every week mulecinja cinja can we stick to one timetable please,19,ppl should fixed timetable every week mulecinja cinja stick timetable please,False,0.3182,positive,0.3182,0.187,0.813,0.0,positive,0.3182,positive,False,0.0,,11,1,0.0,0.0,0.0,0.0909090909090909,0.0,0.0,0.0,False,1,no_energy_or_zesco_terms,timetable
724159483123342,Are these the only towns we have,2026-05-04T13:59:33.355451+00:00,https://www.facebook.com/100057335174945/posts/924732422781255/?app=fbl,are these the only towns we have,7,only towns,False,0.0,neutral,0.0,0.0,1.0,0.0,neutral,0.0,neutral,False,0.0,,2,0,0.0,0.0,0.0,0.0,0.0,0.0,0.0,False,0,no_energy_or_zesco_terms,
402459122649633,"What time are we being restored, it's well over 8hrs here in chalala rockfield",2026-05-04T13:59:33.355456+00:00,https://www.facebook.com/100057335174945/posts/924732422781255/?app=fbl,what time are we being restored it s well over 8hrs here in chalala rockfield,15,time being restored s well over 8hrs chalala rockfield,False,0.5423,positive,0.5423,0.429,0.571,0.0,positive,0.5423,positive,False,0.0,,9,1,0.0,0.1111111111111111,0.0,0.0,0.0,0.1111111111111111,0.0,False,1,no_energy_or_zesco_terms,restored
1265359951098590,How do we know the group we are in?,2026-05-04T13:59:33.355472+00:00,https://www.facebook.com/100057335174945/posts/924732422781255/?app=fbl,how do we know the group we are in,9,how know group,False,0.0,neutral,0.0,0.0,1.0,0.0,neutral,0.0,neutral,False,0.0,,3,0,0.0,0.0,0.0,0.0,0.0,0.0,0.0,False,1,no_energy_or_zesco_terms,group
1172944700752848,they lied it's not 6 to 14 its 6 to 15,2026-05-04T13:59:33.355477+00:00,https://www.facebook.com/100057335174945/posts/924732422781255/?app=fbl,they lied it s not 6 to 14 its 6 to 15,12,lied s 6 14 6 15,False,-0.3818,negative,-0.3818,0.0,0.435,0.565,negative,-0.3818,negative,False,0.0,,6,0,0.0,0.0,0.0,0.0,0.0,0.0,0.0,False,0,no_energy_or_zesco_terms,
1115855296300141,Feels like it's been more than 6 weeks. How many more weeks do we have to put up with this?,2026-05-04T13:59:33.355479+00:00,https://www.facebook.com/100057335174945/posts/924732422781255/?app=fbl,feels like it s been more than 6 weeks how many more weeks do we have to put up with this,21,feels like s than 6 weeks how many weeks put,False,0.3612,positive,0.3612,0.263,0.737,0.0,positive,0.3612,positive,False,0.0,,10,0,0.0,0.0,0.0,0.0,0.0,0.0,0.0,False,0,no_energy_or_zesco_terms,
1150733482615962,Can you post these schedules a day before and not on the actual day,2026-05-04T13:59:33.355486+00:00,https://www.facebook.com/100057335174945/posts/924732422781255/?app=fbl,can you post these schedules a day before and not on the actual day,14,post schedules day before actual day,False,0.0,neutral,0.0,0.0,1.0,0.0,neutral,0.0,neutral,False,0.0,,6,1,0.0,0.0,0.0,0.0,0.0,0.0,0.0,False,0,no_energy_or_zesco_terms,
724159483123342,Are these the only towns we have,2026-05-04T13:59:33.355451+00:00,https://www.facebook.com/100057335174945/posts/924732422781255/?app=fbl,are these the only towns we have,7,florence mwape ask mwandi,False,0.0,neutral,0.0,0.0,1.0,0.0,neutral,0.0,neutral,False,0.0,,4,0,0.0,0.0,0.0,0.0,0.0,0.0,0.0,False,0,no_energy_or_zesco_terms,
747337933896198,Time table iyabupuba eyo tamukonka nokukonka. 😡😡😡😡😡,2026-05-04T13:59:33.355523+00:00,https://www.facebook.com/100057335174945/posts/924732422781255/?app=fbl,time table iyabupuba eyo tamukonka nokukonka 😡😡😡😡😡,6,time table iyabupuba eyo tamukonka nokukonka,False,0.0,neutral,0.0,0.0,1.0,0.0,neutral,0.0,neutral,False,0.0,,6,1,0.0,0.1666666666666666,0.0,0.0,0.0,0.1666666666666666,0.0,False,0,no_energy_or_zesco_terms,
1265359951098590,How do we know the group we are in?,2026-05-04T13:59:33.355472+00:00,https://www.facebook.com/100057335174945/posts/924732422781255/?app=fbl,how do we know the group we are in,9,shaks james check whatsapp,False,0.0,neutral,0.0,0.0,1.0,0.0,neutral,0.0,neutral,False,0.0,,4,0,0.0,0.0,0.0,0.0,0.0,0.0,0.0,False,1,no_energy_or_zesco_terms,group
1265359951098590,How do we know the group we are in?,2026-05-04T13:59:33.355472+00:00,https://www.facebook.com/100057335174945/posts/924732422781255/?app=fbl,how do we know the group we are in,9,hosea mbewe thanks bro,False,0.4404,positive,0.4404,0.492,0.508,0.0,positive,0.4404,positive,False,0.0,,4,0,0.0,0.0,0.0,0.0,0.0,0.0,0.0,False,1,no_energy_or_zesco_terms,group
461881846183654,Where is group A for Lusaka,2026-05-04T13:59:33.355542+00:00,https://www.facebook.com/100057335174945/posts/924732422781255/?app=fbl,where is group a for lusaka,6,group lusaka,False,0.0,neutral,0.0,0.0,1.0,0.0,neutral,0.0,neutral,False,0.0,,2,0,0.0,0.0,0.0,0.0,0.0,0.0,0.0,False,1,no_energy_or_zesco_terms,group
1140333603671525,Why can't you just share for all provinces to help us,2026-05-04T13:59:33.355545+00:00,https://www.facebook.com/100057335174945/posts/924732422781255/?app=fbl,why can t you just share for all provinces to help us,12,t just share provinces help us,False,0.5994,positive,0.5994,0.62,0.38,0.0,positive,0.5994,positive,False,0.0,,6,1,0.0,0.1666666666666666,0.0,0.1666666666666666,0.0,0.1666666666666666,0.0,False,0,no_energy_or_zesco_terms,
1356239715051294,Very hopeless. Something you can't even follow,2026-05-04T13:59:33.355551+00:00,https://www.facebook.com/100057335174945/posts/924732422781255/?app=fbl,very hopeless something you can t even follow,8,very hopeless something t even follow,False,-0.5095,negative,-0.5095,0.0,0.548,0.452,negative,-0.5095,negative,False,0.0,,6,1,0.0,0.0,0.1666666666666666,0.0,0.1666666666666666,0.0,0.0833333333333333,False,0,no_energy_or_zesco_terms,
441254438285010,Do you even follow your timetable? Coz Kuno we don't belong in any group apo....so kaya,2026-05-04T13:59:33.355602+00:00,https://www.facebook.com/100057335174945/posts/924732422781255/?app=fbl,do you even follow your timetable coz kuno we don t belong in any group apo so kaya,18,even follow timetable coz kuno don t belong group apo kaya,False,0.0,neutral,-0.3,0.0,1.0,0.0,negative,-0.3,negative,True,-0.3,kaya,11,1,0.0,0.0,0.0,0.0909090909090909,0.0,0.0,0.0,False,2,no_energy_or_zesco_terms,"group,timetable"
452943217182057,From 06 to 16 in libala south this is not right we are already frustrated can you work on being professional,2026-05-04T13:59:33.355607+00:00,https://www.facebook.com/100057335174945/posts/924732422781255/?app=fbl,from 06 to 16 in libala south this is not right we are already frustrated can you work on being professional,21,06 16 libala south right already frustrated work being professional,False,-0.5267,negative,-0.5267,0.0,0.726,0.274,negative,-0.5267,negative,False,0.0,,10,2,0.1,0.0,0.0,0.1,0.0,0.0,0.05,False,0,no_energy_or_zesco_terms,
785876140160178,Ehe from 12 to 22 hrs to you follow your time table ai,2026-05-04T13:59:33.355619+00:00,https://www.facebook.com/100057335174945/posts/924732422781255/?app=fbl,ehe from 12 to 22 hrs to you follow your time table ai,13,ehe 12 22 hrs follow time table ai,False,0.0,neutral,0.0,0.0,1.0,0.0,neutral,0.0,neutral,False,0.0,,8,1,0.0,0.125,0.0,0.0,0.0,0.125,0.0,False,1,no_energy_or_zesco_terms,hrs
