comment_id,processed_text,is_sarcastic,raw_compound,raw_label,compound,pos,neu,neg,label,corrected_compound,corrected_label,local_correction_applied,local_correction_score,local_correction_terms,roberta_label,roberta_raw_label,roberta_confidence,roberta_negative_score,roberta_neutral_score,roberta_positive_score
2827202157439681,king sido last dictator iwe just sign,False,0.0,neutral,0.0,0.0,1.0,0.0,neutral,0.0,neutral,False,0.0,,neutral,neutral,0.8198066353797913,0.0322961509227752,0.8198066353797913,0.1478972285985946
807091348033010,susan j stephens share link please because ine t manage,False,0.5423,positive,0.5423,0.429,0.571,0.0,positive,0.5423,positive,False,0.0,,neutral,neutral,0.813016951084137,0.1098896265029907,0.813016951084137,0.0770933553576469
1086722072674861,how update without power zesco limited,False,0.1695,positive,0.1695,0.25,0.75,0.0,positive,0.1695,positive,False,0.0,,neutral,neutral,0.7335593104362488,0.2327781468629837,0.7335593104362488,0.0336624793708324
707873887745003,anfield sinkman benefits how feed neighbours children yours hungry too let s selfish ngatapali tapali export,False,-0.128,negative,-0.128,0.139,0.695,0.166,negative,-0.128,negative,False,0.0,,negative,negative,0.6759365797042847,0.6759365797042847,0.2942593097686767,0.0298041552305221
6877744568925424,diana kakula kauseni yes,False,0.4019,positive,0.4019,0.474,0.526,0.0,positive,0.4019,positive,False,0.0,,neutral,neutral,0.8554099202156067,0.0414990559220314,0.8554099202156067,0.1030910238623619
1079063196891487,1st october ka feedback bwangu bwangu,False,0.0,neutral,0.0,0.0,1.0,0.0,neutral,0.0,neutral,False,0.0,,neutral,neutral,0.901055634021759,0.0375512726604938,0.901055634021759,0.0613931156694889
714443850629043,va zee u guys very funny kuzimya malaiti 05 50 namulilelo power 8 hrs yakwanu considerate once,False,0.7264,positive,0.7264,0.319,0.681,0.0,positive,0.7264,positive,False,0.0,,positive,positive,0.9042543768882751,0.0103822471573948,0.0853633806109428,0.9042543768882751
1165467941315198,issue follow own schedule s issue best following schedule help us thank,False,0.8555,positive,0.8555,0.54,0.46,0.0,positive,0.8555,positive,False,0.0,,negative,negative,0.4923377931118011,0.4923377931118011,0.421697199344635,0.0859650298953056
1386596358812892,area only goes 2 hours,False,0.0,neutral,0.0,0.0,1.0,0.0,neutral,0.0,neutral,False,0.0,,neutral,neutral,0.8196390867233276,0.0185014922171831,0.8196390867233276,0.1618594080209732
497507806651940,mean update without power,False,0.0,neutral,0.0,0.0,1.0,0.0,neutral,0.0,neutral,False,0.0,,negative,negative,0.8024370670318604,0.8024370670318604,0.1849568486213684,0.0126061327755451
1307930793383241,joseph mwiinga jay even week bro,False,0.0,neutral,0.0,0.0,1.0,0.0,neutral,0.0,neutral,False,0.0,,neutral,neutral,0.912111759185791,0.0317076370120048,0.912111759185791,0.0561805926263332
1091858975810538,zesco limited how expect us check power only comes few minutes goes kwatenicko order give us power needful,False,-0.2263,negative,-0.2263,0.0,0.899,0.101,negative,-0.2263,negative,False,0.0,,negative,negative,0.7679344415664673,0.7679344415664673,0.2176985293626785,0.0143669405952095
1149469195755648,chanda kasongo ifwe went 05 came back 14 went 17,False,0.0,neutral,0.0,0.0,1.0,0.0,neutral,0.0,neutral,False,0.0,,neutral,neutral,0.9340808391571044,0.0214453935623168,0.9340808391571044,0.0444737896323204
743969146656712,ati 6hrs s 9hrs,False,0.0,neutral,0.0,0.0,1.0,0.0,neutral,0.0,neutral,False,0.0,,neutral,neutral,0.8962927460670471,0.0288350619375705,0.8962927460670471,0.0748722106218338
875663987884472,s power how supposed check,False,0.0,neutral,0.0,0.0,1.0,0.0,neutral,0.0,neutral,False,0.0,,neutral,neutral,0.7598516345024109,0.1294857263565063,0.7598516345024109,0.1106626391410827
979632593794458,power went 09hrs group,False,0.0,neutral,0.0,0.0,1.0,0.0,neutral,0.0,neutral,False,0.0,,neutral,neutral,0.8134362101554871,0.063686579465866,0.8134362101554871,0.1228771656751632
8410970128987163,zesco say 1st 31st because power already came went under 2hours,False,0.0,neutral,0.0,0.0,1.0,0.0,neutral,0.0,neutral,False,0.0,,neutral,neutral,0.8638319969177246,0.0453194342553615,0.8638319969177246,0.0908484756946563
506363162192492,chisenga suleiman kasolo people should earn salaries right now zesco getting free money expense tax payers,False,0.5106,positive,0.5106,0.18,0.82,0.0,positive,0.5106,positive,False,0.0,,neutral,neutral,0.4985449314117431,0.444210022687912,0.4985449314117431,0.0572450570762157
692336125873595,zesco limited stinking liars,False,-0.8271,negative,-0.8271,0.0,0.103,0.897,negative,-0.8271,negative,False,0.0,,negative,negative,0.8900472521781921,0.8900472521781921,0.0998777672648429,0.0100749814882874
1250069156002665,group e always worst schedule supposed power mid night 03,False,-0.6249,negative,-0.6249,0.0,0.661,0.339,negative,-0.6249,negative,False,0.0,,negative,negative,0.9210135340690612,0.9210135340690612,0.0731020271778106,0.0058843372389674
6084864491636242,u poor communication,False,-0.4767,negative,-0.4767,0.0,0.244,0.756,negative,-0.4767,negative,False,0.0,,negative,negative,0.7805551290512085,0.7805551290512085,0.1982401013374328,0.0212047155946493
6164825023528034,beverly kunda moore exporting good country nothing else export foreign exchange like zambia,False,0.6597,positive,0.6597,0.329,0.671,0.0,positive,0.6597,positive,False,0.0,,neutral,neutral,0.5105376243591309,0.0906700566411018,0.5105376243591309,0.3987923562526703
1546921865941095,ruth chanda imagine mummy boasting balelanda na yeah yeah yeah kwati fyamano fikesa awe mweee,False,0.6808,positive,0.2807999999999999,0.355,0.645,0.0,positive,0.2807999999999999,positive,True,-0.4,awe,positive,positive,0.5013737082481384,0.0149889988824725,0.4836373031139374,0.5013737082481384
1192961215096622,today s 1st october,False,0.0,neutral,0.0,0.0,1.0,0.0,neutral,0.0,neutral,False,0.0,,neutral,neutral,0.8794128894805908,0.0100451204925775,0.8794128894805908,0.1105420291423797
311057938684793,jason joshua u came frustration anger comment thought reminding how done blue app ever case need solar systems,False,-0.7783,negative,-0.7783,0.0,0.688,0.312,negative,-0.7783,negative,False,0.0,,negative,negative,0.6696033477783203,0.6696033477783203,0.3101758956909179,0.0202207658439874
556551486764073,today is1 st oct,False,0.0,neutral,0.0,0.0,1.0,0.0,neutral,0.0,neutral,False,0.0,,neutral,neutral,0.8822011351585388,0.0210084579885005,0.8822011351585388,0.0967903584241867
931374732181605,melz melz kikikikik melz,False,0.0,neutral,0.0,0.0,1.0,0.0,neutral,0.0,neutral,False,0.0,,neutral,neutral,0.6702486276626587,0.0275432784110307,0.6702486276626587,0.3022081553936004
1393778251401137,ati s increase decrease,False,0.3182,positive,0.3182,0.535,0.465,0.0,positive,0.3182,positive,False,0.0,,neutral,neutral,0.8167125582695007,0.1373078525066375,0.8167125582695007,0.0459796376526355
520241480737069,nipa 1 lelo noti atishani,False,0.0,neutral,0.0,0.0,1.0,0.0,neutral,0.0,neutral,False,0.0,,neutral,neutral,0.8101032972335815,0.0876918882131576,0.8101032972335815,0.1022048890590667
3166069063656114,re following schedule,False,0.0,neutral,0.0,0.0,1.0,0.0,neutral,0.0,neutral,False,0.0,,neutral,neutral,0.901320219039917,0.0223040170967578,0.901320219039917,0.0763757452368736
3414252175453607,wanted say something now don t remember life chai,False,0.0,neutral,0.0,0.0,1.0,0.0,neutral,0.0,neutral,False,0.0,,negative,negative,0.5433239936828613,0.5433239936828613,0.4325042068958282,0.0241718497127294
2004237213425905,savatir imwe shuwa also surprised 40sec thought growing started makimg failing understand english well,False,0.1027,positive,0.1027,0.3,0.526,0.174,positive,0.1027,positive,False,0.0,,negative,negative,0.5883407592773438,0.5883407592773438,0.3784798979759216,0.0331793166697025
2573420396189664,better stop sending statement facebook coz interested such things us,False,0.5267,positive,0.5267,0.378,0.473,0.149,positive,0.5267,positive,False,0.0,,negative,negative,0.5608635544776917,0.5608635544776917,0.4122360348701477,0.0269004423171281
647858186946473,mwila milambo u simply wait,False,0.0,neutral,0.0,0.0,1.0,0.0,neutral,0.0,neutral,False,0.0,,neutral,neutral,0.8785000443458557,0.037419144064188,0.8785000443458557,0.0840808600187301
408819144761920,first time load shedded country remember load shedded under pf than six months load shedding less than week complaining already buy solar genset stop complaining,False,-0.5061,negative,-0.5061,0.0,0.807,0.193,negative,-0.5061,negative,False,0.0,,negative,negative,0.8831223845481873,0.8831223845481873,0.1071034148335456,0.0097742900252342
684342116481386,effective today yesterday cause power went 23 10 still nothing,False,0.4767,positive,0.4767,0.256,0.744,0.0,positive,0.4767,positive,False,0.0,,negative,negative,0.6164332032203674,0.6164332032203674,0.3464274108409881,0.0371393896639347
723665569106020,infact let spread 24hrs,False,0.0,neutral,0.0,0.0,1.0,0.0,neutral,0.0,neutral,False,0.0,,neutral,neutral,0.7835642099380493,0.0789418369531631,0.7835642099380493,0.1374940127134323
485344217117757,zesco limited just complaint time table think would better rotation time power goes comes back example areas cuts 05 11 11 17 power restored 17 23 power cuts meaning well meaning hard working zambian won t access power becoz comes back home 17 30 goes work 06 00 option rather suggestion exchange time tables misisi power cuts 05 11 shouldn t same 3 day every 3 4 days should change timetable every benefits little power,False,0.5574,positive,0.5574,0.162,0.696,0.143,positive,0.5574,positive,False,0.0,,neutral,neutral,0.4876212477684021,0.4873248636722564,0.4876212477684021,0.0250537749379873
1638398146614982,mwewa kennedy praise need job zesco,False,0.5574,positive,0.5574,0.419,0.581,0.0,positive,0.5574,positive,False,0.0,,neutral,neutral,0.7627807259559631,0.1514428704977035,0.7627807259559631,0.0857764258980751
841908887534142,bina hugh serious let down,False,-0.0772,negative,-0.0772,0.0,0.755,0.245,negative,-0.0772,negative,False,0.0,,negative,negative,0.834876298904419,0.834876298904419,0.1541553139686584,0.0109684029594063
783967233759443,phillimon junior musachi vikakanga vakanga two ways those praise don t know ngati bali bwino cause hmmmm s too much,False,0.5574,positive,1.0,0.175,0.825,0.0,positive,1.0,positive,True,0.5,bwino,neutral,neutral,0.5801771283149719,0.3249715268611908,0.5801771283149719,0.0948513522744178
1559535394931390,supposed use magic wand update literally power deadline absurd say least ichindikeni muli bakulu sana,False,0.0,neutral,0.0,0.0,1.0,0.0,neutral,0.0,neutral,False,0.0,,negative,negative,0.6125771999359131,0.6125771999359131,0.3654083013534546,0.0220144446939229
1077796063324363,marie michelle heviamoorima great observation most industries don t operate sundays load reduced already,False,0.6249,positive,0.6249,0.255,0.745,0.0,positive,0.6249,positive,False,0.0,,neutral,neutral,0.5549920797348022,0.1921997666358947,0.5549920797348022,0.2528080642223358
873454657314877,kwena bushe efyo twalaikalafye mu zambia ifi awe taciweme mweee,False,0.0,neutral,-0.4,0.0,1.0,0.0,negative,-0.4,negative,True,-0.4,awe,neutral,neutral,0.7667655944824219,0.1521860510110855,0.7667655944824219,0.0810483023524284
1071911881603793,just reminder date today ba zesco,False,0.0,neutral,0.0,0.0,1.0,0.0,neutral,0.0,neutral,False,0.0,,neutral,neutral,0.8537031412124634,0.0268572233617305,0.8537031412124634,0.1194396615028381
1581321032485071,simpler terms work 2am stuff,False,0.0,neutral,0.0,0.0,1.0,0.0,neutral,0.0,neutral,False,0.0,,neutral,neutral,0.8291104435920715,0.0608092136681079,0.8291104435920715,0.1100803986191749
530851722153204,martha george done order keep micro economy running,False,0.0,neutral,0.0,0.0,1.0,0.0,neutral,0.0,neutral,False,0.0,,neutral,neutral,0.7575986981391907,0.0402197539806366,0.7575986981391907,0.2021815776824951
875110533683969,akiyele jim phiri imagine,False,0.0,neutral,0.0,0.0,1.0,0.0,neutral,0.0,neutral,False,0.0,,neutral,neutral,0.773983895778656,0.140867605805397,0.773983895778656,0.0851484388113021
1298576814266650,today monday don t power,False,0.0,neutral,0.0,0.0,1.0,0.0,neutral,0.0,neutral,False,0.0,,negative,negative,0.524351954460144,0.524351954460144,0.4463980197906494,0.0292500760406255
311057938684793,kingsley chipulu very questionable someone talks rains uyo jumps 2096 s normal amashilu takwaba,False,-0.3597,negative,-0.3597,0.0,0.828,0.172,negative,-0.3597,negative,False,0.0,,neutral,neutral,0.4937960207462311,0.4894426167011261,0.4937960207462311,0.0167613010853528
1077796063324363,marie michelle heviamoorima highlight zesco read reply,False,0.34,positive,0.34,0.286,0.714,0.0,positive,0.34,positive,False,0.0,,neutral,neutral,0.9157381057739258,0.0142681552097201,0.9157381057739258,0.0699937418103218
2687376171423275,s 1st october today,False,0.0,neutral,0.0,0.0,1.0,0.0,neutral,0.0,neutral,False,0.0,,neutral,neutral,0.8907667398452759,0.0105398464947938,0.8907667398452759,0.0986933857202529
513652114864664,same us neighbor power ise only came around 2030 22 went still neighbor awe,False,0.0,neutral,-0.4,0.0,1.0,0.0,negative,-0.4,negative,True,-0.4,awe,neutral,neutral,0.686465322971344,0.0346277989447116,0.686465322971344,0.278906911611557
492310796602094,zed roasters inc doesn t work tried nothing showing,False,0.0,neutral,0.0,0.0,1.0,0.0,neutral,0.0,neutral,False,0.0,,negative,negative,0.7982901930809021,0.7982901930809021,0.1886333227157592,0.0130765279754996
962024962124923,bright mpofu sinkozi brilliant response,False,0.7717,positive,0.7717,0.691,0.309,0.0,positive,0.7717,positive,False,0.0,,positive,positive,0.9358887076377868,0.0081507293507456,0.0559606105089187,0.9358887076377868
530721638850288,chanda chansa need new pr people,False,0.0,neutral,0.0,0.0,1.0,0.0,neutral,0.0,neutral,False,0.0,,neutral,neutral,0.6494199633598328,0.2929916381835937,0.6494199633598328,0.0575884468853473
754014609808724,time system going normalize coz only 1 7 units remaining,False,0.0,neutral,0.0,0.0,1.0,0.0,neutral,0.0,neutral,False,0.0,,neutral,neutral,0.7831087708473206,0.086082674562931,0.7831087708473206,0.1308085173368454
1076749557508916,power comes ve slept already how expect us update only works updating dream won t problem thank,False,0.6705,positive,0.6705,0.358,0.524,0.118,positive,0.6705,positive,False,0.0,,neutral,neutral,0.5316696166992188,0.0507574118673801,0.5316696166992188,0.4175729155540466
688264309312056,now 6 months while know someone paid connected proof,False,0.0,neutral,0.0,0.0,1.0,0.0,neutral,0.0,neutral,False,0.0,,neutral,neutral,0.7176282405853271,0.2264620661735534,0.7176282405853271,0.0559096522629261
2640596836083446,power went yesterday 4pm back 4am today 5am power went back 11am 12 hours power gone kaya back,False,0.0,neutral,0.0,0.0,1.0,0.0,neutral,0.0,neutral,False,0.0,,neutral,neutral,0.8011842966079712,0.1083991453051567,0.8011842966079712,0.0904166027903556
140270599079498,frackson kasuko well placed understand coming side plate u shared those ideas bandwagon jump jump into better criticism anymore,False,0.5423,positive,0.5423,0.305,0.576,0.119,positive,0.5423,positive,False,0.0,,neutral,neutral,0.6767703294754028,0.155715525150299,0.6767703294754028,0.1675142049789428
3817289971932417,zesco limited kindly tell us going today s 1 october remember said things get better ehhhhhh give us update please,False,0.7579,positive,0.7579,0.346,0.576,0.078,positive,0.7579,positive,False,0.0,,positive,positive,0.7506405711174011,0.0118796555325388,0.2374798059463501,0.7506405711174011
807091348033010,susan j stephens telling,False,0.0,neutral,0.0,0.0,1.0,0.0,neutral,0.0,neutral,False,0.0,,neutral,neutral,0.8776146173477173,0.0627463981509208,0.8776146173477173,0.0596390403807163
521654363945432,s new schedule,False,0.0,neutral,0.0,0.0,1.0,0.0,neutral,0.0,neutral,False,0.0,,neutral,neutral,0.8352171778678894,0.0342348963022232,0.8352171778678894,0.1305479556322097
618831263798949,week make month straight without power night,False,0.2263,positive,0.2263,0.241,0.759,0.0,positive,0.2263,positive,False,0.0,,neutral,neutral,0.5741397142410278,0.3526192903518677,0.5741397142410278,0.073241040110588
1243604516887706,zittah jengajenga iyee like sneaking,False,0.3612,positive,0.3612,0.385,0.615,0.0,positive,0.3612,positive,False,0.0,,neutral,neutral,0.7550623416900635,0.1265619099140167,0.7550623416900635,0.1183758452534675
365520869192199,people remember how switch off forget switch cause how power go 05 00 come back 16 00,False,-0.2263,negative,-0.2263,0.0,0.894,0.106,negative,-0.2263,negative,False,0.0,,neutral,neutral,0.891629695892334,0.0727424249053001,0.891629695892334,0.0356279835104942
841218527168887,rhoda zgambo same imagine ai,False,0.0,neutral,0.0,0.0,1.0,0.0,neutral,0.0,neutral,False,0.0,,neutral,neutral,0.8022351264953613,0.1026423275470733,0.8022351264953613,0.0951225683093071
801175478371756,even better paid 2018 now nothing mumbwa zesco west most corrupt,False,0.4404,positive,0.4404,0.225,0.775,0.0,positive,0.4404,positive,False,0.0,,negative,negative,0.6716918349266052,0.6716918349266052,0.253270536661148,0.0750377178192138
548644267823048,s stable power,False,0.296,positive,0.296,0.688,0.312,0.0,positive,0.296,positive,False,0.0,,neutral,neutral,0.5388675928115845,0.0483594350516796,0.5388675928115845,0.4127730131149292
316263504611207,schedule cnt even follow really need competitor loadshedding over 8 hrs yet other places power throughout behaving people less zambians re jokers,False,0.0,neutral,0.0,0.0,1.0,0.0,neutral,0.0,neutral,False,0.0,,negative,negative,0.7667792439460754,0.7667792439460754,0.2211406379938125,0.0120801394805312
495017766093438,seems mathematics very difficult subject school staff,False,-0.4201,negative,-0.4201,0.0,0.682,0.318,negative,-0.4201,negative,False,0.0,,negative,negative,0.7659249901771545,0.7659249901771545,0.2226386815309524,0.0114363692700862
1201798157900151,ninshi alipa duty agona since yesterday 14 until now don t power sure,False,0.3182,positive,0.3182,0.173,0.827,0.0,positive,0.3182,positive,False,0.0,,neutral,neutral,0.8731626272201538,0.0981456562876701,0.8731626272201538,0.0286917891353368
1381491652659760,issue us kabanana west experiencing instance power cuts same scheduled time calculate wait till comes just having power back like 30mins decide cut ninshi ise tinalakwa chani olo maybe stole water mu kariba nkhalani fair mweh,False,0.128,positive,0.128,0.117,0.779,0.105,positive,0.128,positive,False,0.0,,negative,negative,0.5096651911735535,0.5096651911735535,0.4744213223457336,0.0159135404974222
1263988527596153,zesco doing free service 2 d zambian pipo bcoz pipo pay over k4000 s disappointg dat even gvmt owned companies treating us like chine companies thot changing d gvmt going change pipo s minds gvmt bt avail zambia wa chula,False,0.6597,positive,0.6597,0.148,0.816,0.036,positive,0.6597,positive,False,0.0,,neutral,neutral,0.6552446484565735,0.2721560597419739,0.6552446484565735,0.0725992619991302
1366446937441510,nsama patrick moses don t mock spirit god,False,0.0,neutral,0.0,0.358,0.377,0.264,neutral,0.0,neutral,False,0.0,,neutral,neutral,0.6051676869392395,0.3319725096225738,0.6051676869392395,0.0628598853945732
293198846412754,awe s okay write power,False,0.2263,positive,-0.1737,0.388,0.612,0.0,negative,-0.1737,negative,True,-0.4,awe,positive,positive,0.5654709339141846,0.0312828235328197,0.4032462537288666,0.5654709339141846
864003481516603,12hours okay dont want dstv benefit,False,-0.2028,negative,-0.2028,0.221,0.349,0.43,negative,-0.2028,negative,False,0.0,,negative,negative,0.76069176197052,0.76069176197052,0.2223897129297256,0.0169185362756252
873152884103138,joseph mujoseph mu awe boi ba guy bonse ba uzina tuma small itel,False,0.0,neutral,-0.4,0.0,1.0,0.0,negative,-0.4,negative,True,-0.4,awe,neutral,neutral,0.8922579884529114,0.0382933914661407,0.8922579884529114,0.0694486424326896
1681413012651571,dennis zuluwith duel respect polo yanu boss,False,0.4767,positive,0.4767,0.341,0.659,0.0,positive,0.4767,positive,False,0.0,,neutral,neutral,0.7783458828926086,0.0443020574748516,0.7783458828926086,0.1773520410060882
980538046288038,zesco limited having same question thanks service hard work doing please let us know loadshading end soon possible,False,0.4404,positive,0.4404,0.231,0.622,0.147,positive,0.4404,positive,False,0.0,,neutral,neutral,0.4964208006858825,0.1031281650066375,0.4964208006858825,0.4004510939121246
516029631205793,bane bwesheni ama schedule twishibe inshita amalaiti yalebwela lelo,False,0.0,neutral,0.0,0.0,1.0,0.0,neutral,0.0,neutral,False,0.0,,neutral,neutral,0.8066887855529785,0.0958710089325904,0.8066887855529785,0.0974402576684951
875110533683969,most annoying time table 18hrs 00hrs,False,-0.4576,negative,-0.4576,0.0,0.626,0.374,negative,-0.4576,negative,False,0.0,,negative,negative,0.9286121129989624,0.9286121129989624,0.0628176406025886,0.0085703153163194
688403376277911,guys really frustrating power cuts imbalanced kindky rotations s way others only loadshedded midnight 5 while us basically loadshedded during day,False,-0.6865,negative,-0.6865,0.0,0.75,0.25,negative,-0.6865,negative,False,0.0,,negative,negative,0.8884425759315491,0.8884425759315491,0.1050670817494392,0.0064902561716735
1681413012651571,ba zulu u zambia earth heaven power off take power selling us need power take care family,False,0.7579,positive,0.7579,0.317,0.683,0.0,positive,0.7579,positive,False,0.0,,neutral,neutral,0.8345465064048767,0.0573552958667278,0.8345465064048767,0.1080981865525245
695943832027209,give us updates kafue lower gorge hydro power ithezi tezi want know,False,-0.2263,negative,-0.2263,0.096,0.741,0.163,negative,-0.2263,negative,False,0.0,,neutral,neutral,0.8991113305091858,0.0359743125736713,0.8991113305091858,0.0649143382906913
1285888772050230,zesco just same water suwaragy whatever call,False,0.0,neutral,0.0,0.0,1.0,0.0,neutral,0.0,neutral,False,0.0,,neutral,neutral,0.8398333191871643,0.1032855212688446,0.8398333191871643,0.0568811185657978
612476807988749,chibwe petronella kunda cpk very true,False,0.4754,positive,0.4754,0.382,0.618,0.0,positive,0.4754,positive,False,0.0,,neutral,neutral,0.7287872433662415,0.0542097277939319,0.7287872433662415,0.217003047466278
1339228173576001,zesco limited schedule group d making sense difference because past three weeks power coming night request also start giving us power afternoon,False,0.128,positive,0.128,0.103,0.815,0.082,positive,0.128,positive,False,0.0,,neutral,neutral,0.8344489932060242,0.0578874424099922,0.8344489932060242,0.107663556933403
1585824725364023,positive results promised things looking don t ama panel fyaku mushi ifyoo,False,0.7269,positive,0.7269,0.404,0.596,0.0,positive,0.7269,positive,False,0.0,,positive,positive,0.7814850211143494,0.0150648821145296,0.2034500837326049,0.7814850211143494
516029631205793,mwango david zulu net metering should story another day lelo nipa 1,False,0.0,neutral,0.0,0.0,1.0,0.0,neutral,0.0,neutral,False,0.0,,neutral,neutral,0.8332047462463379,0.0970389917492866,0.8332047462463379,0.0697562396526336
682094463705510,look like don t things,False,0.3612,positive,0.3612,0.455,0.545,0.0,positive,0.3612,positive,False,0.0,,negative,negative,0.5760951638221741,0.5760951638221741,0.405519425868988,0.0183854531496763
1045021707103658,susan j stephens thanks never pre school think malfunction keyboard,False,0.4404,positive,0.4404,0.266,0.734,0.0,positive,0.4404,positive,False,0.0,,neutral,neutral,0.5860005021095276,0.2201211899518966,0.5860005021095276,0.1938782930374145
1243604516887706,stellia zulu very right,False,0.0,neutral,0.0,0.0,1.0,0.0,neutral,0.0,neutral,False,0.0,,neutral,neutral,0.6785596013069153,0.0315936058759689,0.6785596013069153,0.289846807718277
1085032883086669,zambians don t appreciate hardwork ain t y adults sum n ignorance highest level stupidity us power 3 weeks quiet blame president exporting power crucial time don t blame zesco sense reasoning high enough ll know zesco s job supply electricity make zambia electricity supply corporation making corporation y expect children obedient generation ignorant people make sick,False,-0.8979,negative,-0.8979,0.045,0.697,0.259,negative,-0.8979,negative,False,0.0,,negative,negative,0.8416824340820312,0.8416824340820312,0.1471677422523498,0.0111497566103935
418604890897874,mark mwandila bama mbala niba boza ati 1st october 2024,False,0.0,neutral,0.0,0.0,1.0,0.0,neutral,0.0,neutral,False,0.0,,neutral,neutral,0.9167906641960144,0.0196179151535034,0.9167906641960144,0.0635914877057075
8940612615956609,goes early come back late ba zesco work professional following scheduled cut power 50 30 instead 6hrs u reconnect 12 45 serious napa 17 43 u switch power making sense nidala iyi,False,-0.34,negative,-0.34,0.0,0.892,0.108,negative,-0.34,negative,False,0.0,,neutral,neutral,0.7182435989379883,0.2492682933807373,0.7182435989379883,0.03248817846179
798953401736314,grem cephas mbewe jr maybe s units shotad,False,0.0,neutral,0.0,0.0,1.0,0.0,neutral,0.0,neutral,False,0.0,,neutral,neutral,0.8878358006477356,0.0459573119878768,0.8878358006477356,0.0662069022655487
1832152390496031,jordan chikula right bro,False,0.0,neutral,0.0,0.0,1.0,0.0,neutral,0.0,neutral,False,0.0,,neutral,neutral,0.7869290113449097,0.1228170618414878,0.7869290113449097,0.0902539938688278
618831263798949,nhamo afiya chiwila sure fair,False,0.5574,positive,0.5574,0.605,0.395,0.0,positive,0.5574,positive,False,0.0,,neutral,neutral,0.7930646538734436,0.0867889076471328,0.7930646538734436,0.1201464384794235
906861247329552,ala loadshedding brought harm rain season schools opened s really difficult now how even prepare food also water bathing young children ummm s pity politicians liars always take us granted shame,False,-0.9184,negative,-0.9184,0.05,0.575,0.375,negative,-0.9184,negative,False,0.0,,negative,negative,0.9449429512023926,0.9449429512023926,0.0506226867437362,0.0044344160705804
928131458810342,update ok motive behind us customers updating tell us rather than giving us scarey notice having electricity hence venture into solar energy period excessive loadshadding yet update needed motives telll us zesco company need rest case,False,0.4588,positive,0.4588,0.162,0.773,0.065,positive,0.4588,positive,False,0.0,,neutral,neutral,0.6841934323310852,0.2478947639465332,0.6841934323310852,0.0679118260741233
164833296506994,elizabeth namposya hope s rectified,False,0.4404,positive,0.4404,0.492,0.508,0.0,positive,0.4404,positive,False,0.0,,neutral,neutral,0.846377968788147,0.0912596136331558,0.846377968788147,0.0623624213039875
1581636682284758,heritating frustrating know power 23 05 apa gone tekwangala uko,False,-0.4404,negative,-0.4404,0.0,0.756,0.244,negative,-0.4404,negative,False,0.0,,negative,negative,0.5161030292510986,0.5161030292510986,0.4531189203262329,0.0307780038565397
452943217182057,06 16 libala south right already frustrated work being professional,False,-0.5267,negative,-0.5267,0.0,0.726,0.274,negative,-0.5267,negative,False,0.0,,negative,negative,0.6269109845161438,0.6269109845161438,0.3483195006847381,0.0247695725411176
1699234950533889,malunga banda jr thanks,False,0.4404,positive,0.4404,0.492,0.508,0.0,positive,0.4404,positive,False,0.0,,neutral,neutral,0.6714518666267395,0.0214576050639152,0.6714518666267395,0.3070905208587646
618831263798949,nhamo afiya chiwila exactly asked even last week,False,0.0,neutral,0.0,0.0,1.0,0.0,neutral,0.0,neutral,False,0.0,,neutral,neutral,0.890808641910553,0.0553288683295249,0.890808641910553,0.0538625568151474
1539253826550352,francis muma bunda s good u remember well lets just pray god s mercy s preserve us come land coz wen look life king saul s really scary 1 jealous other peoples success case david 2 wanting others better than 3 turning pipo israel away god,False,0.8963,positive,0.8963,0.372,0.506,0.122,positive,0.8963,positive,False,0.0,,positive,positive,0.4052123427391052,0.2263572514057159,0.3684303760528564,0.4052123427391052
266309282865695,6 weeks complaining wait least year complain know how long other people waited iwe,False,-0.5106,negative,-0.5106,0.0,0.719,0.281,negative,-0.5106,negative,False,0.0,,negative,negative,0.8629786968231201,0.8629786968231201,0.1238408014178276,0.0131804933771491
731207595845957,iwe admini how come post stuff know expectations power also wise communicate anything until update,False,0.4767,positive,0.4767,0.181,0.819,0.0,positive,0.4767,positive,False,0.0,,neutral,neutral,0.5122666954994202,0.469299703836441,0.5122666954994202,0.0184335876256227
1462887677749584,activist hon munsanje bally fixing badaala,False,0.0,neutral,0.0,0.0,1.0,0.0,neutral,0.0,neutral,False,0.0,,neutral,neutral,0.773269534111023,0.1547168940305709,0.773269534111023,0.072013609111309
3426450664311115,call centre line going through,False,0.0,neutral,0.0,0.0,1.0,0.0,neutral,0.0,neutral,False,0.0,,neutral,neutral,0.8422677516937256,0.0565883181989192,0.8422677516937256,0.1011439338326454
311057938684793,khø njē idea,False,0.0,neutral,0.0,0.0,1.0,0.0,neutral,0.0,neutral,False,0.0,,neutral,neutral,0.7228611707687378,0.174072191119194,0.7228611707687378,0.1030665934085846
618831263798949,nhamo afiya chiwila s fair,False,0.3182,positive,0.3182,0.434,0.566,0.0,positive,0.3182,positive,False,0.0,,neutral,neutral,0.7675685286521912,0.1335984915494918,0.7675685286521912,0.0988330543041229
547271547324936,george siamalambo woodlands restored went,False,0.34,positive,0.34,0.375,0.625,0.0,positive,0.34,positive,False,0.0,,neutral,neutral,0.8610343337059021,0.0614517927169799,0.8610343337059021,0.0775138214230537
291767720640696,t cutting power night during day u allow pipo work cos daylight loadshaidng making impossible people work how survive sure,False,0.4019,positive,0.4019,0.203,0.725,0.072,positive,0.4019,positive,False,0.0,,negative,negative,0.7075254917144775,0.7075254917144775,0.2733350098133087,0.0191395133733749
618831263798949,greetings nhamo afiya chiwila thank reaching us kindly note 3 schedules residentials 06 00 14 00 12 00 20 hrs 14 00 22 00hrs rotations done way last week group d going off 12 00 20 00hrs hence week schedule 14 00 22 00hrs next week 06 00 14 00hrs respectively kind regards pm,False,0.9337,positive,0.9337,0.259,0.741,0.0,positive,0.9337,positive,False,0.0,,neutral,neutral,0.7324386239051819,0.0103492327034473,0.7324386239051819,0.2572121024131775
774328217816405,sibeso mukelabai masiye too ai,False,0.0,neutral,0.0,0.0,1.0,0.0,neutral,0.0,neutral,False,0.0,,neutral,neutral,0.8885455131530762,0.045535922050476,0.8885455131530762,0.0659185498952865
1220521216023322,yesterday power cut 13 00 only restored 22 00 barely 3 hours later 01 00 cut right now s 15 20 power restored create schedule stick don t punish people like,False,0.2023,positive,0.2023,0.247,0.553,0.2,positive,0.2023,positive,False,0.0,,negative,negative,0.5927469730377197,0.5927469730377197,0.3875110447406769,0.0197419952601194
1043763430412037,today s 1st october s aii,False,0.0,neutral,0.0,0.0,1.0,0.0,neutral,0.0,neutral,False,0.0,,neutral,neutral,0.9207135438919068,0.0144165437668561,0.9207135438919068,0.0648699253797531
1148425092705733,mr kapata something new kasama power went yesterday sunday around 16hrs came back midnight went morning monday around 05 came 11 went 12 6hrs break talked morning,False,0.0,neutral,0.0,0.0,1.0,0.0,neutral,0.0,neutral,False,0.0,,neutral,neutral,0.923629879951477,0.0073924148455262,0.923629879951477,0.0689776316285133
2007698236101483,tha 12 hours thing wasn t necessary reduce 6 hours reduce further change,False,0.0,neutral,0.0,0.0,1.0,0.0,neutral,0.0,neutral,False,0.0,,negative,negative,0.6819190979003906,0.6819190979003906,0.3017854392528534,0.0162954553961753
395302033621457,meant october next year ifya stability,False,0.0,neutral,0.0,0.0,1.0,0.0,neutral,0.0,neutral,False,0.0,,neutral,neutral,0.866888165473938,0.0309114418923854,0.866888165473938,0.102200411260128
467360265627956,sibu sakala really don t understand adhering schedule hard,False,-0.1027,negative,-0.1027,0.0,0.833,0.167,negative,-0.1027,negative,False,0.0,,negative,negative,0.8574416637420654,0.8574416637420654,0.1355944722890854,0.0069639543071389
1443124209655080,fails make sense meter number appears group e yet area group d explain disparity,False,-0.3612,negative,-0.3612,0.092,0.709,0.199,negative,-0.3612,negative,False,0.0,,negative,negative,0.5818049311637878,0.5818049311637878,0.4017154276371002,0.0164796505123376
1017811669249469,fortune n sibanda kuli na replacement silence too loud,False,0.0,neutral,0.0,0.0,1.0,0.0,neutral,0.0,neutral,False,0.0,,neutral,neutral,0.6193193197250366,0.350583016872406,0.6193193197250366,0.0300976410508155
544356284413657,zesco people same same chinese people sinker small small going open barber shop saloon welder 05 want power available 23 00 through 05hrs people asleep,False,0.0772,positive,0.0772,0.051,0.949,0.0,positive,0.0772,positive,False,0.0,,neutral,neutral,0.823992908000946,0.1350061595439911,0.823992908000946,0.0410008803009986
1045021707103658,andrew mwansa ok idiot,False,-0.2732,negative,-0.2732,0.293,0.267,0.44,negative,-0.2732,negative,False,0.0,,negative,negative,0.6010944247245789,0.6010944247245789,0.366098940372467,0.0328066162765026
671130691524244,dèb oràh same,False,0.0,neutral,0.0,0.0,1.0,0.0,neutral,0.0,neutral,False,0.0,,neutral,neutral,0.7764153480529785,0.151733249425888,0.7764153480529785,0.071851447224617
129140753559150,know someone paid 2ngwee 1985 connection fee farm connected grid 2018 first said money tool little eventually way,False,0.0,neutral,0.0,0.0,1.0,0.0,neutral,0.0,neutral,False,0.0,,neutral,neutral,0.7393099665641785,0.2289872914552688,0.7393099665641785,0.0317027270793914
3936850839927381,how go doing cable supposed supply electricity house stolen week plus now,False,-0.4939,negative,-0.4939,0.0,0.775,0.225,negative,-0.4939,negative,False,0.0,,negative,negative,0.6202216148376465,0.6202216148376465,0.3612588346004486,0.0185195356607437
581488507133950,time since 23hrs power yet back should trust timetable,False,0.5106,positive,0.5106,0.292,0.708,0.0,positive,0.5106,positive,False,0.0,,neutral,neutral,0.7234283685684204,0.017494361847639,0.7234283685684204,0.2590771913528442
903100007535654,angel bernadette ck under pf endured cadersim load shedding loss innocent lives scandal scandal fire tenders forest 27 kwacha loss value employment freeze secret recruitment into police defense forces lack repair government offices lack respect men women uniform name u still t see change u pharisee,False,-0.7351,negative,-0.7351,0.205,0.503,0.292,negative,-0.7351,negative,False,0.0,,negative,negative,0.891884982585907,0.891884982585907,0.1006994694471359,0.0074155200272798
489414600003382,ok going 18 00 now,False,0.296,positive,0.296,0.355,0.645,0.0,positive,0.296,positive,False,0.0,,neutral,neutral,0.8500706553459167,0.0309817809611558,0.8500706553459167,0.118947610259056
1126291694701077,2x 6 12 unless s different education rest us,False,0.0,neutral,0.0,0.0,1.0,0.0,neutral,0.0,neutral,False,0.0,,neutral,neutral,0.8652240037918091,0.0675104260444641,0.8652240037918091,0.0672655403614044
930137114662977,s sad t stick load shedding pattern haven t power 05 50hrs till now 21hrs don t know time restored than 15 hours now,False,-0.1779,negative,-0.1779,0.102,0.766,0.132,negative,-0.1779,negative,False,0.0,,negative,negative,0.8847331404685974,0.8847331404685974,0.1084500476717948,0.0068168435245752
1464374354271951,va zeereth va zee hadeth power 2days straighteth group e keep thy power needeth juntureth iyi relationship ili toxic let s break,False,0.0,neutral,0.0,0.0,1.0,0.0,neutral,0.0,neutral,False,0.0,,neutral,neutral,0.5229297280311584,0.4415030181407928,0.5229297280311584,0.0355673246085643
1539253826550352,melody mwelwa evans glad u otherwise tefintu bola naikosa,False,0.4588,positive,0.4588,0.3,0.7,0.0,positive,0.4588,positive,False,0.0,,neutral,neutral,0.5075036287307739,0.0234673824161291,0.5075036287307739,0.4690289795398712
1523971754908595,nga mwachiisunga fye 3 hours yenu iyo services far most lousiest disappointing how pathetic,False,-0.9016,negative,-0.9016,0.0,0.475,0.525,negative,-0.9016,negative,False,0.0,,negative,negative,0.932495892047882,0.932495892047882,0.0607423819601535,0.00676173530519
880379824216906,don t update update new high tarrifs besides how update useless meter power,False,-0.4215,negative,-0.4215,0.0,0.797,0.203,negative,-0.4215,negative,False,0.0,,negative,negative,0.9063340425491332,0.9063340425491332,0.0878020375967025,0.0058638965710997
1539253826550352,isaac zulu advise brother read bible see difference between david saul,False,0.0,neutral,0.0,0.0,1.0,0.0,neutral,0.0,neutral,False,0.0,,neutral,neutral,0.8571422100067139,0.0801390409469604,0.8571422100067139,0.062718741595745
311057938684793,mambwe kalwila adrian s things okay even living umbrella ur busy rebelling against now president long re zambia president too bally till 2096,False,-0.0516,negative,-0.0516,0.079,0.833,0.088,negative,-0.0516,negative,False,0.0,,neutral,neutral,0.7617872357368469,0.1001681387424469,0.7617872357368469,0.1380446851253509
928129889415488,zesco limited how update without power,False,-0.2263,negative,-0.2263,0.0,0.725,0.275,negative,-0.2263,negative,False,0.0,,negative,negative,0.6127284169197083,0.6127284169197083,0.3719801306724548,0.0152914263308048
1537318080081162,u need rotate schedule nyumba yanga boardview area power goes 5 11 17 23 go work power come back dark ka rotation please,False,0.3182,positive,0.3182,0.103,0.897,0.0,positive,0.3182,positive,False,0.0,,neutral,neutral,0.8577269911766052,0.0534465238451957,0.8577269911766052,0.0888265296816825
489266630038074,lisa nancha banda s tough us depend electricity pray better solution soon otherwise impact negative effects business,False,0.3182,positive,0.3182,0.316,0.464,0.219,positive,0.3182,positive,False,0.0,,negative,negative,0.5423198938369751,0.5423198938369751,0.4138364195823669,0.0438437052071094
1127582905216953,zesco limited anything being done improve situation already just arrived only solution nga abakwata population iyikulu how manage takwaba ukuyako mwasambililako pantu takwaba,False,0.5106,positive,0.5106,0.192,0.738,0.07,positive,0.5106,positive,False,0.0,,negative,negative,0.7461317181587219,0.7461317181587219,0.2411196529865265,0.012748603709042
676361921035721,paid power connection may now connection imagine promised us increase tariffs even service going improve,False,0.7717,positive,0.7717,0.391,0.609,0.0,positive,0.7717,positive,False,0.0,,neutral,neutral,0.4880585074424743,0.4365804195404053,0.4880585074424743,0.0753610506653785
1231419171518161,ba zesco incse u ve forgotten lelo nipa tipaseni malaiti pulizi,False,-0.2263,negative,-0.2263,0.0,0.826,0.174,negative,-0.2263,negative,False,0.0,,neutral,neutral,0.6942725777626038,0.259353905916214,0.6942725777626038,0.0463735237717628
550496243841279,charles mabuku ever re gee congratulations,False,0.5994,positive,0.5994,0.438,0.562,0.0,positive,0.5994,positive,False,0.0,,positive,positive,0.9149370789527892,0.0035948900040239,0.0814679712057113,0.9149370789527892
492310796602094,zed roasters inc read instructions carefully requires customer top token amount how without power,False,0.3182,positive,0.3182,0.216,0.784,0.0,positive,0.3182,positive,False,0.0,,neutral,neutral,0.6884884238243103,0.2692752480506897,0.6884884238243103,0.0422363989055156
1081332879606942,zesco limited m chingola power went morning came back around 17 18 now gone,False,-0.2263,negative,-0.2263,0.0,0.863,0.137,negative,-0.2263,negative,False,0.0,,neutral,neutral,0.7164186835289001,0.2607944905757904,0.7164186835289001,0.0227868519723415
2272938236420174,how update ve power 7days now,False,0.0,neutral,0.0,0.0,1.0,0.0,neutral,0.0,neutral,False,0.0,,neutral,neutral,0.9066116213798524,0.0453327931463718,0.9066116213798524,0.0480555854737758
1020701679739263,don t power since sunday morning,False,0.0,neutral,0.0,0.0,1.0,0.0,neutral,0.0,neutral,False,0.0,,neutral,neutral,0.537696123123169,0.4294266402721405,0.537696123123169,0.0328772068023681
489266630038074,ackim katebe thanks making understand ifisungu ifii thought only 6hours,True,0.4404,positive,0.4404,0.244,0.756,0.0,negative,0.4404,negative,False,0.0,,neutral,neutral,0.6255115270614624,0.0435780361294746,0.6255115270614624,0.3309104740619659
698220705272026,hon mwinga fire,False,-0.34,negative,-0.34,0.0,0.455,0.545,negative,-0.34,negative,False,0.0,,neutral,neutral,0.5259202122688293,0.0533395707607269,0.5259202122688293,0.4207402169704437
1172944700752848,mello tachila regret inconvenience caused please note cases may installations feeders switched off early delayed restoration may arise given time however mean schedule changed only due system constraints published schedules remain same regards cj,False,-0.5994,negative,-0.5994,0.058,0.759,0.182,negative,-0.5994,negative,False,0.0,,neutral,neutral,0.5849041938781738,0.4006624519824981,0.5849041938781738,0.0144333448261022
1056556399810818,bilha wairimu great opportunity look,False,0.7845,positive,0.7845,0.697,0.303,0.0,positive,0.7845,positive,False,0.0,,positive,positive,0.934705913066864,0.0055101355537772,0.0597839877009391,0.934705913066864
749892046557104,tombanoko noko ichinyo stanyoko tombanoko atase ba zesco mwalitumpa baninenu ifinyo mwembwamwe stanyoko,False,0.0,neutral,0.0,0.0,1.0,0.0,neutral,0.0,neutral,False,0.0,,neutral,neutral,0.8560330867767334,0.0634327009320259,0.8560330867767334,0.0805342495441436
8567251433357034,todays first please waiting electricity,False,0.3182,positive,0.3182,0.365,0.635,0.0,positive,0.3182,positive,False,0.0,,neutral,neutral,0.640734851360321,0.0222295559942722,0.640734851360321,0.3370355665683746
441180861797808,problem guys don t follow timetables called 8hra loadsheding s even 8hrs ndola jacaranda area previous week power going 05hrs return 15 hrs sometimes 16rs should serious,False,-0.4588,negative,-0.4588,0.0,0.852,0.148,negative,-0.4588,negative,False,0.0,,negative,negative,0.7760998010635376,0.7760998010635376,0.212869107723236,0.0110311591997742
1483273142358575,thank update,False,0.3612,positive,0.3612,0.714,0.286,0.0,positive,0.3612,positive,False,0.0,,positive,positive,0.6043187379837036,0.0244462974369525,0.3712348937988281,0.6043187379837036
1315892335683525,mother s 7 months now,False,0.0,neutral,0.0,0.0,1.0,0.0,neutral,0.0,neutral,False,0.0,,neutral,neutral,0.8588671684265137,0.0300896074622869,0.8588671684265137,0.1110431924462318
1317728269152724,patient meantime using candle,False,0.0,neutral,0.0,0.0,1.0,0.0,neutral,0.0,neutral,False,0.0,,neutral,neutral,0.8905161023139954,0.0436855033040046,0.8905161023139954,0.0657984539866447
2469974976477174,mazuba hamusonde baisiye che pa 12hrs ai,False,0.0,neutral,0.0,0.0,1.0,0.0,neutral,0.0,neutral,False,0.0,,neutral,neutral,0.8530692458152771,0.1008865088224411,0.8530692458152771,0.0460441708564758
790341336551434,david jnr sakala provided bought units last 6 months must upgraded meter exercise started even before load shedding,False,0.0,neutral,0.0,0.0,1.0,0.0,neutral,0.0,neutral,False,0.0,,neutral,neutral,0.8817986845970154,0.0600323230028152,0.8817986845970154,0.0581690706312656
442605075003774,zesco limitedso guys zesco limited don t see anything wrong yo picture engineers kanshi kindly go through see s wrong,False,-0.5994,negative,-0.5994,0.126,0.553,0.32,negative,-0.5994,negative,False,0.0,,negative,negative,0.5430521965026855,0.5430521965026855,0.433366984128952,0.0235808677971363
547281163994790,update don t power due general fault attended order complaint received scheduled load shedding time attended until power restored until previously received complaints attended may well wait over 48 72 hours brilliant strategy power restored,False,0.4767,positive,0.4767,0.236,0.596,0.168,positive,0.4767,positive,False,0.0,,negative,negative,0.468215674161911,0.468215674161911,0.4660539031028747,0.0657304599881172
1269495240914028,us businesses far away electrified houses town put notification valid within 2 days how work together country,False,0.0,neutral,0.0,0.0,1.0,0.0,neutral,0.0,neutral,False,0.0,,neutral,neutral,0.8409757614135742,0.0666259601712226,0.8409757614135742,0.0923982709646225
2083979558653011,kabwe kindly share also itß important know such time power unlike happened today,False,0.7351,positive,0.7351,0.419,0.581,0.0,positive,0.7351,positive,False,0.0,,neutral,neutral,0.7839988470077515,0.0436946973204612,0.7839988470077515,0.1723065078258514
1267785197286982,loadshedding 18hrs 12hrs,False,0.0,neutral,0.0,0.0,1.0,0.0,neutral,0.0,neutral,False,0.0,,neutral,neutral,0.6128487586975098,0.3642943799495697,0.6128487586975098,0.0228568520396947
1077796063324363,zesco limited loading schedule true group e power goes 06hrs back 15 30 16hrs 14hrs ve schedule,False,0.2263,positive,0.2263,0.15,0.749,0.102,positive,0.2263,positive,False,0.0,,neutral,neutral,0.8976588845252991,0.0695081874728202,0.8976588845252991,0.0328328981995582
1539253826550352,ann hamatu mulenga said hh destined presidendy david saul,False,0.0,neutral,0.0,0.0,1.0,0.0,neutral,0.0,neutral,False,0.0,,neutral,neutral,0.8630359768867493,0.0526214875280857,0.8630359768867493,0.0843425318598747
1539253826550352,isaac zulu very true remember prophecy,False,0.4754,positive,0.4754,0.382,0.618,0.0,positive,0.4754,positive,False,0.0,,neutral,neutral,0.6338430047035217,0.0160659123212099,0.6338430047035217,0.3500910699367523
409833535482657,s 1st october zesco limited,False,-0.2263,negative,-0.2263,0.0,0.612,0.388,negative,-0.2263,negative,False,0.0,,neutral,neutral,0.905125856399536,0.0084494547918438,0.905125856399536,0.0864246636629104
910394347810206,manje bamene imwe bought ma sola ya net metering lead example telling us koma naimwe vimikanga net miter u,False,0.0,neutral,0.0,0.0,1.0,0.0,neutral,0.0,neutral,False,0.0,,neutral,neutral,0.7818835973739624,0.1475141644477844,0.7818835973739624,0.0706021711230278
2718734371596506,don t try impress president won t work better tell truth don t want situation get hand 6 hours should six hours equal others should receive than 6 hours should stop talking water levels middle rains wil happen sept october without rains te total darkness iyo,True,0.9022,positive,0.9022,0.305,0.617,0.079,negative,0.9022,negative,False,0.0,,negative,negative,0.6052839159965515,0.6052839159965515,0.3694809377193451,0.025235116481781
816832912953800,beatrice shalom ntang now don t even know client only sent money 10 hrs wants cake 18 hrs made butter put fridge only 1 unit left t bake,False,0.0,neutral,0.0,0.0,1.0,0.0,neutral,0.0,neutral,False,0.0,,negative,negative,0.4780080914497375,0.4780080914497375,0.4779665172100067,0.0440254472196102
1246723476333540,zesco limited today 1 october power area since yesterday,False,-0.2263,negative,-0.2263,0.0,0.787,0.213,negative,-0.2263,negative,False,0.0,,neutral,neutral,0.7330247163772583,0.2432886362075805,0.7330247163772583,0.0236866809427738
1353740031979829,asah rest cities zambia,False,0.0,neutral,0.0,0.0,1.0,0.0,neutral,0.0,neutral,False,0.0,,neutral,neutral,0.8251108527183533,0.0246177054941654,0.8251108527183533,0.150271475315094
5803857333037143,supposed include areas also,False,0.0,neutral,0.0,0.0,1.0,0.0,neutral,0.0,neutral,False,0.0,,neutral,neutral,0.896460235118866,0.053108986467123,0.896460235118866,0.0504307821393013
2708756899294372,zesco limited schedule should released day before plan properly kindly take note,False,0.3182,positive,0.3182,0.212,0.662,0.126,positive,0.3182,positive,False,0.0,,neutral,neutral,0.814501166343689,0.1254041939973831,0.814501166343689,0.0600945875048637
5723757744386218,want just shutdown whole nation kwati palipo notumaiti,False,0.0772,positive,0.0772,0.157,0.843,0.0,positive,0.0772,positive,False,0.0,,negative,negative,0.7214850187301636,0.7214850187301636,0.2606701552867889,0.0178448967635631
457179294077447,meter doesn t function discount scatter company enough enough,False,0.0,neutral,0.0,0.0,1.0,0.0,neutral,0.0,neutral,False,0.0,,negative,negative,0.8839383721351624,0.8839383721351624,0.1084385737776756,0.0076230010017752
1636472860633097,chanda harriet how benefit us updated updated give us power 24 7 jokers,False,0.4588,positive,0.4588,0.214,0.786,0.0,positive,0.4588,positive,False,0.0,,neutral,neutral,0.7849043011665344,0.0927267968654632,0.7849043011665344,0.1223689466714859
1359881898160314,power went yesterday 11 till now power tell us 12hrs load shedding let 12hrs hakainde hichilema please sir issue addressed,False,0.3182,positive,0.3182,0.108,0.892,0.0,positive,0.3182,positive,False,0.0,,negative,negative,0.5439901947975159,0.5439901947975159,0.424817144870758,0.0311926584690809
1832152390496031,even marriage wife becomes big headed introduce side chick tame s zesco avichitilamo bcoz other option resort otherwise company also needs replaced side chick company kkkkk,False,0.0,neutral,0.0,0.0,1.0,0.0,neutral,0.0,neutral,False,0.0,,neutral,neutral,0.7222682237625122,0.2310084253549575,0.7222682237625122,0.0467233769595623
1132178137441275,ras zulus imwe naimwe nkhalani chabe,False,0.0,neutral,0.0,0.0,1.0,0.0,neutral,0.0,neutral,False,0.0,,neutral,neutral,0.8470500111579895,0.084965780377388,0.8470500111579895,0.0679843053221702
807091348033010,susan j stephens sue,False,0.0,neutral,0.0,0.0,1.0,0.0,neutral,0.0,neutral,False,0.0,,neutral,neutral,0.5726724863052368,0.3900666236877441,0.5726724863052368,0.0372608974575996
918822943645810,saviour alingo chisanga thought too l t see symbol prepaid meter,False,0.0,neutral,0.0,0.0,1.0,0.0,neutral,0.0,neutral,False,0.0,,neutral,neutral,0.7482025623321533,0.2279689908027649,0.7482025623321533,0.0238283853977918
2864588043685007,vian suwilanji simbaya naine kwati yampita,False,0.0,neutral,0.0,0.0,1.0,0.0,neutral,0.0,neutral,False,0.0,,neutral,neutral,0.8552713990211487,0.0706385970115661,0.8552713990211487,0.0740900263190269
940333384787564,peter mbobela waba pump tea,False,0.0,neutral,0.0,0.0,1.0,0.0,neutral,0.0,neutral,False,0.0,,neutral,neutral,0.8627910614013672,0.0592521205544471,0.8627910614013672,0.0779567882418632
425161906424474,kaz lave exact worry,False,-0.4404,negative,-0.4404,0.0,0.508,0.492,negative,-0.4404,negative,False,0.0,,neutral,neutral,0.721634030342102,0.213495448231697,0.721634030342102,0.0648705214262008
1322610832456208,mukuka lushomo very upsetting,False,-0.5256,negative,-0.5256,0.0,0.469,0.531,negative,-0.5256,negative,False,0.0,,negative,negative,0.8777125477790833,0.8777125477790833,0.1140119805932045,0.0082754381000995
919438979228345,liars s 09 40min ve power ndeke,False,-0.5267,negative,-0.5267,0.0,0.595,0.405,negative,-0.5267,negative,False,0.0,,negative,negative,0.6160222887992859,0.6160222887992859,0.3565753400325775,0.0274024400860071
1539253826550352,moses chewe kwateni order nesukulu tata s hh faults experiencing loadshedding believe people want tarnish name president how come just president visited kariba dam everything changes imwee lekeni umuntu abombe,False,-0.4215,negative,-0.4215,0.041,0.86,0.099,negative,-0.4215,negative,False,0.0,,negative,negative,0.5860912799835205,0.5860912799835205,0.3972076773643493,0.0167010519653558
519598280878257,last part statement wasn t necessary cause know others go over 48 hours without power just pray god grants us good rains season cause write ups aren t helping even resilient get tired tired heat t even drink ice cold water may never experience lives,False,0.0869,positive,0.0869,0.175,0.675,0.15,positive,0.0869,positive,False,0.0,,negative,negative,0.7418603301048279,0.7418603301048279,0.2309344708919525,0.0272052716463804
940333384787564,peter mbobela good ise uko nothing seeing power day,False,0.4404,positive,0.4404,0.266,0.734,0.0,positive,0.4404,positive,False,0.0,,neutral,neutral,0.565142035484314,0.0548366494476795,0.565142035484314,0.3800213634967804
1477914929584817,ba zesco ni pa lelo please tell us know buy amalaiti mwe,False,0.3182,positive,0.3182,0.173,0.827,0.0,positive,0.3182,positive,False,0.0,,neutral,neutral,0.8587676286697388,0.067697949707508,0.8587676286697388,0.0735343992710113
1322247068623670,six hours promised 05 17hrs hypocrites big ones matter fact ndimwe gaga,False,0.3818,positive,0.3818,0.265,0.735,0.0,positive,0.3818,positive,False,0.0,,neutral,neutral,0.6014708280563354,0.3221320807933807,0.6014708280563354,0.076397031545639
408819144761920,felix kumwamwasa don t forget people voted pf because hh promised change issue load shedding busy telling people ati s acceptable following,True,0.4404,positive,0.4404,0.203,0.717,0.08,negative,0.4404,negative,False,0.0,,neutral,neutral,0.5895407199859619,0.3560158014297485,0.5895407199859619,0.0544434562325477
7359122830872795,sam micheal swear very useless honsetly how much sun light couldn t put something solor benefit us every afford solor instead put money into transformer should solar work s frustrating,False,-0.4927,negative,-0.4927,0.088,0.702,0.21,negative,-0.4927,negative,False,0.0,,negative,negative,0.9337359070777892,0.9337359070777892,0.0591502338647842,0.007113819476217
962024962124923,anna chanda owe money,False,0.0,neutral,0.0,0.0,1.0,0.0,neutral,0.0,neutral,False,0.0,,neutral,neutral,0.6866087913513184,0.2632407248020172,0.6866087913513184,0.0501504652202129
579738547916602,nchimu nya question too,False,0.0,neutral,0.0,0.0,1.0,0.0,neutral,0.0,neutral,False,0.0,,neutral,neutral,0.8777678608894348,0.0609295666217803,0.8777678608894348,0.0613025017082691
461680426175485,kuwayawayafye sure t come effective time table zesco better than way everytime power going 10 hours only comes back 22 print time table imwe ba zesco,False,0.8074,positive,0.8074,0.274,0.726,0.0,positive,0.8074,positive,False,0.0,,neutral,neutral,0.6232753396034241,0.1114520356059074,0.6232753396034241,0.2652726769447326
311057938684793,zambia farm country talk cheap,False,0.0,neutral,0.0,0.0,1.0,0.0,neutral,0.0,neutral,False,0.0,,negative,negative,0.5062971711158752,0.5062971711158752,0.4550277292728424,0.0386751554906368
2219020448270652,things such decisions made bosses incharge opposed leaders how ironic,False,-0.128,negative,-0.128,0.0,0.857,0.143,negative,-0.128,negative,False,0.0,,negative,negative,0.5222964286804199,0.5222964286804199,0.4473323225975036,0.0303711742162704
510634638569008,oky m sure those could afford solar heard those us don t solar s update since lelo nipa 1st october,False,0.3182,positive,0.3182,0.126,0.874,0.0,positive,0.3182,positive,False,0.0,,neutral,neutral,0.7454846501350403,0.1799746453762054,0.7454846501350403,0.0745406821370124
618831263798949,tired power night mweh,False,-0.4404,negative,-0.4404,0.0,0.508,0.492,negative,-0.4404,negative,False,0.0,,negative,negative,0.5050752758979797,0.5050752758979797,0.457716166973114,0.0372085347771644
958142769405125,s true mr mashata sebby also means input cost investement cost production cost increase result high output cost cost selling products produced campanies let wait now,False,0.6249,positive,0.6249,0.181,0.819,0.0,positive,0.6249,positive,False,0.0,,neutral,neutral,0.7679839730262756,0.1716049164533615,0.7679839730262756,0.0604111663997173
724725065639374,feel attacked chelsea fan,False,-0.1779,negative,-0.1779,0.315,0.274,0.411,negative,-0.1779,negative,False,0.0,,negative,negative,0.7964909076690674,0.7964909076690674,0.1865041255950927,0.0170049425214529
1681413012651571,joana shula thanks reminding s talking like 5 years old man t remember hh told us,False,0.6597,positive,0.6597,0.329,0.671,0.0,positive,0.6597,positive,False,0.0,,neutral,neutral,0.7697960734367371,0.0851332321763038,0.7697960734367371,0.1450707465410232
1128801438953530,bebetty yenesha henry kapata good kind information,False,0.743,positive,0.743,0.558,0.442,0.0,positive,0.743,positive,False,0.0,,positive,positive,0.6794338822364807,0.0080001773312687,0.3125659525394439,0.6794338822364807
1349918065565049,bring back ma k1 u deducting every transaction wasn t even going through,False,0.0,neutral,0.0,0.0,1.0,0.0,neutral,0.0,neutral,False,0.0,,negative,negative,0.87828528881073,0.87828528881073,0.1149273589253425,0.0067873769439756
1681413012651571,dennis zulu problem feel too comfortable suffering,False,-0.3612,negative,-0.3612,0.252,0.305,0.443,negative,-0.3612,negative,False,0.0,,negative,negative,0.7506834864616394,0.7506834864616394,0.2342665493488311,0.0150499902665615
2907914509352052,working area still having 15 hours power,False,0.0,neutral,0.0,0.0,1.0,0.0,neutral,0.0,neutral,False,0.0,,neutral,neutral,0.8771474957466125,0.0298250447958707,0.8771474957466125,0.0930274426937103
868699001264826,bought units t access units bought how long should wait twalala umwafita please,False,0.3182,positive,0.3182,0.173,0.827,0.0,positive,0.3182,positive,False,0.0,,neutral,neutral,0.8773783445358276,0.0954683572053909,0.8773783445358276,0.0271533690392971
847279377585164,former zambian lucky understand wondering should embarrassed,False,0.0772,positive,0.0772,0.272,0.485,0.243,positive,0.0772,positive,False,0.0,,negative,negative,0.5435296893119812,0.5435296893119812,0.4214233756065368,0.035046961158514
1337914046960375,ba zesco s meaning aiii awe load shedding really unacceptable silverest gardens power goes 04 comes 13 goes 17 00 exactly comes 00 00 ndishi said s 10hrs load shedding 6 hrs awe really unfair t even keep relish fridge mxxxxxxm useless 2026 near wina azalila,True,-0.8586,negative,-1.0,0.0,0.804,0.196,negative,-1.0,negative,True,-0.8,awe,negative,negative,0.9287853240966796,0.9287853240966796,0.0653207600116729,0.0058939578011631
1170309507311276,emma lubansa l better than rest,False,0.4404,positive,0.4404,0.42,0.58,0.0,positive,0.4404,positive,False,0.0,,neutral,neutral,0.6168579459190369,0.0493771396577358,0.6168579459190369,0.333764910697937
3677510509226540,quote power set stabilise 30th september mamba collieries begins fully functional end quote,False,0.0,neutral,0.0,0.0,1.0,0.0,neutral,0.0,neutral,False,0.0,,neutral,neutral,0.6586424708366394,0.0067595946602523,0.6586424708366394,0.3345979154109955
906478284119960,schedule lie basically group people lying us yesterday power went 05 came 14 later went 17 came 23 today s already gone,False,-0.5267,negative,-0.5267,0.0,0.855,0.145,negative,-0.5267,negative,False,0.0,,negative,negative,0.8914645314216614,0.8914645314216614,0.1020528525114059,0.0064826728776097
6266739920037792,making sense better power during working hours than sleeping hours knowing only phones fridges left using power rest off bane tiyeni tusalapuke issue water ku kariba new started mu pf meaning plan should implemented word go power handed over guess someone overlooked see now effect lot businesses affected end day someone pay tax rentals bills take care family come amigos,False,0.6124,positive,0.6124,0.094,0.844,0.063,positive,0.6124,positive,False,0.0,,neutral,neutral,0.7133094072341919,0.1289099007844925,0.7133094072341919,0.157780721783638
1388578108741216,looks like author sent zesco back log over 60000 applicants cleared just 1 month weeks applying come social media start crying exercise patience pulizi stop unnecessary attention,False,-0.34,negative,-0.34,0.125,0.705,0.17,negative,-0.34,negative,False,0.0,,negative,negative,0.5544100403785706,0.5544100403785706,0.401795357465744,0.0437946021556854
880439590817413,wiza simuchimba exactly thought power comes kuma 01 really aiiii ba zesco limited better,False,0.25,positive,0.25,0.173,0.714,0.113,positive,0.25,positive,False,0.0,,neutral,neutral,0.7478913068771362,0.0764039456844329,0.7478913068771362,0.1757047325372696
2097613640630766,issue rather see manager 5yrs much,False,0.0,neutral,0.0,0.0,1.0,0.0,neutral,0.0,neutral,False,0.0,,neutral,neutral,0.5693359375,0.3561619818210602,0.5693359375,0.0745020732283592
1178664122855506,time say truth load shedded today midnight still don t power,False,0.3182,positive,0.3182,0.204,0.796,0.0,positive,0.3182,positive,False,0.0,,neutral,neutral,0.6509899497032166,0.3171502351760864,0.6509899497032166,0.0318598821759223
971753054509375,today entered into space ruined programs bakers orders deliver 06 12 hrs schedule having power nomba amalaiti yaya kuma 9hrs time come zesco limited awe kwateniko order mwandini elo apa sorry word misused mwandini mwe how plan tuma side hustles t keep own schedule,False,-0.6486,negative,-1.0,0.0,0.864,0.136,negative,-1.0,negative,True,-0.4,awe,neutral,neutral,0.4993073940277099,0.466943621635437,0.4993073940277099,0.0337489917874336
3516939558619821,ka app kale fwaika,False,0.0,neutral,0.0,0.0,1.0,0.0,neutral,0.0,neutral,False,0.0,,neutral,neutral,0.7381067276000977,0.1939951479434967,0.7381067276000977,0.067898042500019
9184598344883772,wake 03 also hour window before cut power,False,-0.2732,negative,-0.2732,0.0,0.769,0.231,negative,-0.2732,negative,False,0.0,,neutral,neutral,0.8459526896476746,0.095082476735115,0.8459526896476746,0.0589648336172103
1681413012651571,dennis zulu poor mindset,False,-0.4767,negative,-0.4767,0.0,0.492,0.508,negative,-0.4767,negative,False,0.0,,negative,negative,0.7361236810684204,0.7361236810684204,0.2476143985986709,0.0162618737667799
1638398146614982,mwewa kennedy praise being realistic thank,False,0.7269,positive,0.7269,0.604,0.396,0.0,positive,0.7269,positive,False,0.0,,positive,positive,0.6461521983146667,0.0168396662920713,0.3370081484317779,0.6461521983146667
496969586056923,work even s malaiti,False,0.0,neutral,0.0,0.0,1.0,0.0,neutral,0.0,neutral,False,0.0,,neutral,neutral,0.83137446641922,0.101222313940525,0.83137446641922,0.0674032345414161
1085032883086669,richard chakontarichard chakonta same call just say complaint queue,False,-0.296,negative,-0.296,0.0,0.784,0.216,negative,-0.296,negative,False,0.0,,neutral,neutral,0.746759831905365,0.1955471187829971,0.746759831905365,0.057692963629961
2576349285890892,teng ani xulu eehhh ndimwe okwiya,False,0.0,neutral,0.0,0.0,1.0,0.0,neutral,0.0,neutral,False,0.0,,neutral,neutral,0.8005226254463196,0.0608023405075073,0.8005226254463196,0.1386750489473343
2688712201265424,levy musonda jr kikikikikik kwati ni bola ka,False,0.0,neutral,0.0,0.0,1.0,0.0,neutral,0.0,neutral,False,0.0,,neutral,neutral,0.8781305551528931,0.0543595440685749,0.8781305551528931,0.0675098970532417
390858876596508,zesco limited mufulira specifically shinde stadium area loadshedded 16 now 23hrs s 7hrs hours please precise restoring power just late cutting,False,0.2732,positive,0.2732,0.188,0.669,0.142,positive,0.2732,positive,False,0.0,,negative,negative,0.5342320799827576,0.5342320799827576,0.4462493360042572,0.0195186398923397
764044865510750,power shanganani along lundazi road since yesterday morning,False,0.0,neutral,0.0,0.0,1.0,0.0,neutral,0.0,neutral,False,0.0,,neutral,neutral,0.5148407220840454,0.4572478234767914,0.5148407220840454,0.0279114600270986
707873887745003,anfield sinkman uncle fyesu twicula just because few greed people,False,-0.4019,negative,-0.4019,0.0,0.769,0.231,negative,-0.4019,negative,False,0.0,,neutral,neutral,0.5808644890785217,0.3700912296772003,0.5808644890785217,0.0490443147718906
6482777268508624,tsetsa hambaza t change workers malume new md other policy makers,False,0.0,neutral,0.0,0.0,1.0,0.0,neutral,0.0,neutral,False,0.0,,neutral,neutral,0.8379718661308289,0.1101928204298019,0.8379718661308289,0.0518353581428527
679708873797633,vaupuba just stop exporting electricity want us undress understand,False,-0.2263,negative,-0.2263,0.124,0.667,0.21,negative,-0.2263,negative,False,0.0,,negative,negative,0.6916062831878662,0.6916062831878662,0.2907231152057647,0.0176706369966268
831559438301451,elo lelo nipa 1,False,0.0,neutral,0.0,0.0,1.0,0.0,neutral,0.0,neutral,False,0.0,,neutral,neutral,0.811002790927887,0.0617348998785018,0.811002790927887,0.1272622942924499
489266630038074,ackim katebe solution u,False,0.3182,positive,0.3182,0.535,0.465,0.0,positive,0.3182,positive,False,0.0,,neutral,neutral,0.773438572883606,0.0733220800757408,0.773438572883606,0.1532394140958786
688370936485774,6 weeks naimwe anyway zambians always complaining thing,False,-0.2023,negative,-0.2023,0.0,0.769,0.231,negative,-0.2023,negative,False,0.0,,negative,negative,0.5010024309158325,0.5010024309158325,0.4731647372245788,0.0258328467607498
492310796602094,christine joanna julio yoh,False,0.0,neutral,0.0,0.0,1.0,0.0,neutral,0.0,neutral,False,0.0,,neutral,neutral,0.9097328186035156,0.0127030126750469,0.9097328186035156,0.0775641649961471
3502869939982267,way ba zesco bay na cool wire wire fee,False,0.3182,positive,0.3182,0.223,0.777,0.0,positive,0.3182,positive,False,0.0,,neutral,neutral,0.7306317090988159,0.021214110776782,0.7306317090988159,0.2481541186571121
1160356592050838,krid banda same thing boss group e highly hated,False,-0.6697,negative,-0.6697,0.0,0.609,0.391,negative,-0.6697,negative,False,0.0,,negative,negative,0.8847652673721313,0.8847652673721313,0.1075942367315292,0.0076404684223234
952904566836835,hello abdul haq good morning apologize inconvenience caused please note timetable hasn t changed affecting area system overload being addressed technical teams ground kindly advise still off supply regards cj,False,0.5859,positive,0.5859,0.259,0.608,0.132,positive,0.5859,positive,False,0.0,,neutral,neutral,0.586529016494751,0.3830032646656036,0.586529016494751,0.0304678231477737
1323609428244045,someone help how many units gets buy electricity k1 000,False,0.4019,positive,0.4019,0.231,0.769,0.0,positive,0.4019,positive,False,0.0,,neutral,neutral,0.762075662612915,0.1736537218093872,0.762075662612915,0.0642706602811813
506363162192492,nayunda wamunyima good analysis,False,0.4404,positive,0.4404,0.492,0.508,0.0,positive,0.4404,positive,False,0.0,,positive,positive,0.5199704170227051,0.0274588894098997,0.4525706470012665,0.5199704170227051
380870341599348,stephen sata mean 2026,False,0.0,neutral,0.0,0.0,1.0,0.0,neutral,0.0,neutral,False,0.0,,neutral,neutral,0.8868005275726318,0.0497873239219188,0.8868005275726318,0.063412070274353
1042984403955740,october 2025 october 2024 clarification pliz diya zesco,False,0.0,neutral,0.0,0.0,1.0,0.0,neutral,0.0,neutral,False,0.0,,neutral,neutral,0.8956334590911865,0.0177404098212718,0.8956334590911865,0.0866260379552841
1220697095185978,patricia lusheto chuunka too bad,False,-0.5423,negative,-0.5423,0.0,0.533,0.467,negative,-0.5423,negative,False,0.0,,negative,negative,0.8734811544418335,0.8734811544418335,0.1183283850550651,0.0081905098631978
1352021075572196,steve zulu sure,False,0.3182,positive,0.3182,0.535,0.465,0.0,positive,0.3182,positive,False,0.0,,neutral,neutral,0.8551617860794067,0.0326636359095573,0.8551617860794067,0.1121745854616165
867405641174083,lily mununga mwebaileko kuma private schools twice day,False,0.0,neutral,0.0,0.0,1.0,0.0,neutral,0.0,neutral,False,0.0,,neutral,neutral,0.8817946910858154,0.0560476072132587,0.8817946910858154,0.0621577352285385
754691306083059,ugulugufe ugalu weka weka power cut 05 restored 17 sharp den 17 05 cut 21 stil power,False,-0.2023,negative,-0.2023,0.117,0.68,0.204,negative,-0.2023,negative,False,0.0,,neutral,neutral,0.6831604242324829,0.2970088124275207,0.6831604242324829,0.0198308248072862
875659996891950,actual 10am off 18hrs apa 23hrs yaya m confused,False,-0.3182,negative,-0.3182,0.0,0.753,0.247,negative,-0.3182,negative,False,0.0,,neutral,neutral,0.8472447395324707,0.1221556216478347,0.8472447395324707,0.0305997375398874
2299770710224782,royce kasongole same,False,0.0,neutral,0.0,0.0,1.0,0.0,neutral,0.0,neutral,False,0.0,,neutral,neutral,0.8737401366233826,0.0692549794912338,0.8737401366233826,0.0570048093795776
642071357814173,work fast twalala umwafita,False,0.0,neutral,0.0,0.0,1.0,0.0,neutral,0.0,neutral,False,0.0,,neutral,neutral,0.7878548502922058,0.0732264146208763,0.7878548502922058,0.138918787240982
661422669058089,wrong 11hrs ahhh ba zeze naimwe,False,-0.4767,negative,-0.4767,0.0,0.617,0.383,negative,-0.4767,negative,False,0.0,,negative,negative,0.6162509918212891,0.6162509918212891,0.3634724020957947,0.0202766358852386
853492429266225,leah nachilima kaili moved kuma yard keep quiet ala,False,0.0,neutral,0.0,0.0,1.0,0.0,neutral,0.0,neutral,False,0.0,,neutral,neutral,0.8099082112312317,0.1507145911455154,0.8099082112312317,0.0393772311508655
1290223178817006,mukuka tinah mutale imagine 3 months now power comes late night sleeping,False,0.0,neutral,0.0,0.0,1.0,0.0,neutral,0.0,neutral,False,0.0,,neutral,neutral,0.7804094552993774,0.1348816305398941,0.7804094552993774,0.0847089663147926
904817483868968,bally means well s only managing country comes unforseen circumstances,False,0.2732,positive,0.2732,0.208,0.792,0.0,positive,0.2732,positive,False,0.0,,neutral,neutral,0.7207999229431152,0.1203676760196685,0.7207999229431152,0.1588324010372162
885707319525548,ber tha mwango iwe,False,0.0,neutral,0.0,0.0,1.0,0.0,neutral,0.0,neutral,False,0.0,,neutral,neutral,0.8409722447395325,0.0610867962241172,0.8409722447395325,0.0979409739375114
2299770710224782,astron sibbuku chiyuni s how understood language written notice,False,0.0,neutral,0.0,0.0,1.0,0.0,neutral,0.0,neutral,False,0.0,,neutral,neutral,0.8836742043495178,0.0327070020139217,0.8836742043495178,0.0836188793182373
644107217775772,nangwabale l nalishiwa too ve written,False,0.0,neutral,0.0,0.0,1.0,0.0,neutral,0.0,neutral,False,0.0,,neutral,neutral,0.8504843711853027,0.0818362534046173,0.8504843711853027,0.0676793456077575
1201653761087990,soka shetani balitumpa sana ati iyo stability ifyabupuba fye,False,0.0,neutral,0.0,0.0,1.0,0.0,neutral,0.0,neutral,False,0.0,,neutral,neutral,0.8155567049980164,0.0589766837656497,0.8155567049980164,0.1254666745662689
311502081255985,true 6 weeks complaint t considered before thinking raising complaint kindly read terms conditions see okay go ahead otherwise believe re only allowed complain 90days making payments count days two weeks adding 90 days sure,False,0.5106,positive,0.5106,0.237,0.603,0.16,positive,0.5106,positive,False,0.0,,neutral,neutral,0.6704035997390747,0.2827591598033905,0.6704035997390747,0.0468372888863086
1369890623838604,doesn t change fact pressing iron got damaged ndechisa mpoto smelling like ichimbala work,False,-0.1027,negative,-0.1027,0.152,0.671,0.177,negative,-0.1027,negative,False,0.0,,negative,negative,0.7334913015365601,0.7334913015365601,0.2562236487865448,0.0102850124239921
1406178173351497,lie 06 14 15 still power,False,0.0,neutral,0.0,0.0,1.0,0.0,neutral,0.0,neutral,False,0.0,,neutral,neutral,0.8297330737113953,0.0945871621370315,0.8297330737113953,0.0756798014044761
3597225967267379,berry kachiika how much domestic,False,0.0,neutral,0.0,0.0,1.0,0.0,neutral,0.0,neutral,False,0.0,,neutral,neutral,0.8638270497322083,0.0496543049812316,0.8638270497322083,0.0865186378359794
610802407817623,bristone mulyakubinda keep trying,False,0.0,neutral,0.0,0.0,1.0,0.0,neutral,0.0,neutral,False,0.0,,neutral,neutral,0.7774850130081177,0.0370536744594574,0.7774850130081177,0.1854613274335861
1121022023058539,how going update ifwe kimwesu takwaba amalaiti,False,0.0,neutral,0.0,0.0,1.0,0.0,neutral,0.0,neutral,False,0.0,,neutral,neutral,0.8971530795097351,0.0475302673876285,0.8971530795097351,0.0553167127072811
1681413012651571,dennis zulu lishilu ili don t mind 3hrs ati appreciate,False,0.4019,positive,0.4019,0.252,0.748,0.0,positive,0.4019,positive,False,0.0,,neutral,neutral,0.699600100517273,0.0533839240670204,0.699600100517273,0.2470159530639648
406400082182640,innocent ij very self centered don t even listen people s complaints very inconsiderate,False,-0.5413,negative,-0.5413,0.139,0.52,0.341,negative,-0.5413,negative,False,0.0,,negative,negative,0.88346266746521,0.88346266746521,0.1085964888334274,0.0079407859593629
610802407817623,violet zimba yes ve managed,False,0.4019,positive,0.4019,0.403,0.597,0.0,positive,0.4019,positive,False,0.0,,neutral,neutral,0.66704922914505,0.020680159330368,0.66704922914505,0.3122706115245819
483063327122849,chalala re still getting robbed power 11hrs re still waiting evil people bring back 17 41 crying loud,False,-0.8176,negative,-0.8176,0.0,0.681,0.319,negative,-0.8176,negative,False,0.0,,negative,negative,0.9318553805351256,0.9318553805351256,0.0623037181794643,0.0058408631011843
1149469195755648,chanda kasongo twice day,False,0.0,neutral,0.0,0.0,1.0,0.0,neutral,0.0,neutral,False,0.0,,neutral,neutral,0.8354218602180481,0.0588195323944091,0.8354218602180481,0.1057585924863815
816832912953800,margret phiri iyeee now tricky hope work soon,False,0.3182,positive,0.3182,0.276,0.571,0.152,positive,0.3182,positive,False,0.0,,neutral,neutral,0.5481227040290833,0.0746657773852348,0.5481227040290833,0.3772115409374237
644107217775772,brian ngoma first didn t go through,False,0.0,neutral,0.0,0.0,1.0,0.0,neutral,0.0,neutral,False,0.0,,negative,negative,0.495463877916336,0.495463877916336,0.4871349036693573,0.0174012091010808
543396097838713,thawila simataa form cooperatives bwana,False,0.0,neutral,0.0,0.0,1.0,0.0,neutral,0.0,neutral,False,0.0,,neutral,neutral,0.834962785243988,0.0898213759064674,0.834962785243988,0.0752158761024475
262681793282465,let complain paid money k4 800 s lot,False,-0.3612,negative,-0.3612,0.0,0.706,0.294,negative,-0.3612,negative,False,0.0,,neutral,neutral,0.5673361420631409,0.3873540759086609,0.5673361420631409,0.0453097783029079
1681413012651571,dennis zulu see life,False,0.0,neutral,0.0,0.0,1.0,0.0,neutral,0.0,neutral,False,0.0,,neutral,neutral,0.7883696556091309,0.0613669119775295,0.7883696556091309,0.1502633839845657
8692384657478567,installed system would give excess power would even disconnect grid,False,0.0,neutral,0.0,0.0,1.0,0.0,neutral,0.0,neutral,False,0.0,,negative,negative,0.7167105674743652,0.7167105674743652,0.2716064453125,0.0116829350590705
1032891124985265,aggie chanza chewe namachila ala kuchula,False,0.0,neutral,0.0,0.0,1.0,0.0,neutral,0.0,neutral,False,0.0,,neutral,neutral,0.8080976009368896,0.1273242086172104,0.8080976009368896,0.0645782351493835
599999235539330,monze immediately,False,0.0,neutral,0.0,0.0,1.0,0.0,neutral,0.0,neutral,False,0.0,,neutral,neutral,0.794609010219574,0.0907613262534141,0.794609010219574,0.1146296933293342
1243843656799398,apa zesco decided come 01 24am life waiting like females waiting men come home awe mwe,False,0.3612,positive,-0.0388,0.143,0.857,0.0,neutral,-0.0388,neutral,True,-0.4,awe,neutral,neutral,0.7231683731079102,0.1276567280292511,0.7231683731079102,0.1491748839616775
1691605448079726,charlie jr carlos tembo welcome mongu iwe next week,False,0.4588,positive,0.4588,0.273,0.727,0.0,positive,0.4588,positive,False,0.0,,neutral,neutral,0.823535144329071,0.0101567301899194,0.823535144329071,0.1663081645965576
1287182618738988,9 22 still power went exactly 0 36,False,0.0,neutral,0.0,0.0,1.0,0.0,neutral,0.0,neutral,False,0.0,,neutral,neutral,0.5896959900856018,0.3560757339000702,0.5896959900856018,0.0542281977832317
540973198303459,lamecky lj melchizedek u don t listen,False,0.0,neutral,0.0,0.0,1.0,0.0,neutral,0.0,neutral,False,0.0,,negative,negative,0.8302962183952332,0.8302962183952332,0.1582689136266708,0.0114348838105797
1015605939609843,jæý æňğëļ s units entered,False,0.0,neutral,0.0,0.0,1.0,0.0,neutral,0.0,neutral,False,0.0,,neutral,neutral,0.8333282470703125,0.0953566282987594,0.8333282470703125,0.0713151469826698
266587692806142,victoria simpande story zesco,False,0.0,neutral,0.0,0.0,1.0,0.0,neutral,0.0,neutral,False,0.0,,neutral,neutral,0.783120334148407,0.0649916231632232,0.783120334148407,0.1518880426883697
924167659166907,zesco limited how even check power comes midnight goes around 04hrs people sleeping tired,False,-0.5859,negative,-0.5859,0.0,0.714,0.286,negative,-0.5859,negative,False,0.0,,negative,negative,0.7661131620407104,0.7661131620407104,0.223134696483612,0.0107522038742899
932445842026434,excess power fed into grid during loadshedding,False,0.0,neutral,0.0,0.0,1.0,0.0,neutral,0.0,neutral,False,0.0,,neutral,neutral,0.6510727405548096,0.3228739798069,0.6510727405548096,0.0260532926768064
885707319525548,johnson njobvu nothing mean well ba pf worked da first president bring loadshelding january shame,False,-0.6012,negative,-0.6012,0.0,0.726,0.274,negative,-0.6012,negative,False,0.0,,negative,negative,0.828392505645752,0.828392505645752,0.1613459885120391,0.0102615449577569
1064385481806396,sure boss even instructed subordinates kaya ni board ya load shedding committee sit come 3 hour schedule even arguing group gets 24 03 just wasting time putting extremely useless schedule just leave us alone whatever moved kudala,False,-0.8268,negative,-0.8268,0.052,0.677,0.271,negative,-0.8268,negative,False,0.0,,negative,negative,0.859729528427124,0.859729528427124,0.1330111473798751,0.0072593591175973
1265359951098590,how know group,False,0.0,neutral,0.0,0.0,1.0,0.0,neutral,0.0,neutral,False,0.0,,neutral,neutral,0.76835036277771,0.1142455786466598,0.76835036277771,0.1174041330814361
1322610832456208,mukuka lushomo m now wondering stability means company called zesco limited,False,-0.2263,negative,-0.2263,0.0,0.826,0.174,negative,-0.2263,negative,False,0.0,,neutral,neutral,0.8793292045593262,0.0812624394893646,0.8793292045593262,0.0394083559513092
1276937660351733,told director power stable starting 1st october two days now don t power,False,0.296,positive,0.296,0.167,0.833,0.0,positive,0.296,positive,False,0.0,,neutral,neutral,0.5827873945236206,0.3865655660629272,0.5827873945236206,0.0306470785290002
876487240776944,post clearly indicate things yet stable date fix issue hand,False,0.7964,positive,0.7964,0.536,0.464,0.0,positive,0.7964,positive,False,0.0,,neutral,neutral,0.6786639094352722,0.2347101420164108,0.6786639094352722,0.0866259858012199
603831848879085,how announce today give us less than 48hrs update meanwhile people don t get electricity than 3 days,False,0.0,neutral,0.0,0.0,1.0,0.0,neutral,0.0,neutral,False,0.0,,negative,negative,0.726263165473938,0.726263165473938,0.2595244348049164,0.0142124574631452
1081332879606942,schedule being followed m tired complaining ll continue until start doing right thing,False,-0.5719,negative,-0.5719,0.0,0.68,0.32,negative,-0.5719,negative,False,0.0,,negative,negative,0.8004305362701416,0.8004305362701416,0.1867732405662536,0.0127962660044431
1132178137441275,ras zulus awe baba nkhalani chabe arguments pointless baseless,False,-0.4019,negative,-0.8019000000000001,0.0,0.748,0.252,negative,-0.8019000000000001,negative,True,-0.4,awe,negative,negative,0.5396682620048523,0.5396682620048523,0.4350740611553192,0.0252576991915702
312523601952340,ati shani ka update today s 1st october,False,0.0,neutral,0.0,0.0,1.0,0.0,neutral,0.0,neutral,False,0.0,,neutral,neutral,0.9343620538711548,0.0080355685204267,0.9343620538711548,0.0576023496687412
701986788105808,ifwe kuno yele 05 12hrs zero zero still,False,0.0,neutral,0.0,0.0,1.0,0.0,neutral,0.0,neutral,False,0.0,,neutral,neutral,0.7449122071266174,0.2026357501745224,0.7449122071266174,0.0524520985782146
610802407817623,violet zimba same dear,False,0.3818,positive,0.3818,0.464,0.536,0.0,positive,0.3818,positive,False,0.0,,neutral,neutral,0.8206812143325806,0.0213134903460741,0.8206812143325806,0.1580052971839904
1217100462683573,pend upgrading initiative until supply normalized how input those details metres asking going days power supply find power switch metres end today,False,0.0,neutral,0.0,0.0,1.0,0.0,neutral,0.0,neutral,False,0.0,,neutral,neutral,0.8778602480888367,0.0246041305363178,0.8778602480888367,0.0975355356931686
516120604508207,nabusuma zulu t see logic arrangement giving excess power grid obviously don t need energy zesco,False,0.5423,positive,0.5423,0.273,0.727,0.0,positive,0.5423,positive,False,0.0,,negative,negative,0.5866014361381531,0.5866014361381531,0.3958085179328918,0.0175900887697935
472159101770561,drafters piece smart s reducing load shedding 6hrs 24hrs splitting 12hrs whole day into two segments means 24hrs instead having continuous 12hr load shedding having 12hrs split follows day 24hrs meaning 4 six hours es hence first 6hrs power next 6hrs power next 6hrs power last 6hrs don t power bringing total 12hrs 12hrs without power 24hrs day hope makes sense now ve gatta smart appreciate language,True,0.875,positive,0.875,0.155,0.845,0.0,negative,0.875,negative,False,0.0,,neutral,neutral,0.7888935208320618,0.146975040435791,0.7888935208320618,0.0641314536333084
311057938684793,mõñíçá møsé lwândõ awe naimwe let s just fair stop criticizing,False,-0.34,negative,-0.74,0.164,0.5,0.336,negative,-0.74,negative,True,-0.4,awe,neutral,neutral,0.7182698845863342,0.215428814291954,0.7182698845863342,0.0663013085722923
1349720502418165,michael ods hillary banda simply stating fact applying connection few years ago didn t even begin expect until 3 months normal guys want connection same day within three weeks means things improved m sure expect immediate connection like developed country s best move england austria get poorest countries world such things expected even getting passport move developed country challenge,False,0.8481,positive,0.8481,0.222,0.725,0.053,positive,0.8481,positive,False,0.0,,neutral,neutral,0.5452688336372375,0.0501464568078517,0.5452688336372375,0.4045846164226532
1681413012651571,dennis zulu statement would make sense happening countries affected years drought know loadshedding hours zim example,False,-0.1531,negative,-0.1531,0.0,0.904,0.096,negative,-0.1531,negative,False,0.0,,neutral,neutral,0.8435871601104736,0.0875681489706039,0.8435871601104736,0.0688446760177612
1576115159502762,mwebantu company needs competitors don t see 05 08 10hrs check time schedule s saying 9hrs 6hrs behave supplying us electricity free stick schedule,False,0.5106,positive,0.5106,0.136,0.864,0.0,positive,0.5106,positive,False,0.0,,negative,negative,0.6415664553642273,0.6415664553642273,0.3408320546150207,0.0176015216857194
1135298890473561,don t even stick timetable just un professional how expect citizens plan around cannot manage yourselves please let s fair people s bad enough cutting power 12 hours even us roma,False,-0.5664,negative,-0.5664,0.069,0.722,0.209,negative,-0.5664,negative,False,0.0,,negative,negative,0.9108321070671082,0.9108321070671082,0.0823645442724227,0.0068034105934202
8359233627524528,ba zesco should get full salary pa month end because clearly telling us only working 3hrs mean doing rest hours,False,0.4019,positive,0.4019,0.124,0.876,0.0,positive,0.4019,positive,False,0.0,,neutral,neutral,0.6119012236595154,0.3126637637615204,0.6119012236595154,0.0754350796341896
1293999082039855,nalishiwa martin bright people incharge consumer s rights need take care situation coz s beyond,False,0.7269,positive,0.7269,0.357,0.643,0.0,positive,0.7269,positive,False,0.0,,neutral,neutral,0.743454098701477,0.0715132057666778,0.743454098701477,0.1850327402353286
1608678122917697,stick power cuts around 05 restored around 13 cuts around 17 somewhere midnight failed,False,-0.6486,negative,-0.6486,0.119,0.498,0.383,negative,-0.6486,negative,False,0.0,,negative,negative,0.532960832118988,0.532960832118988,0.454281747341156,0.012757490389049
164833296506994,makumba l kabwela ching ambu,False,0.0,neutral,0.0,0.0,1.0,0.0,neutral,0.0,neutral,False,0.0,,neutral,neutral,0.796972393989563,0.1376285254955291,0.796972393989563,0.0653990507125854
513652114864664,natasha mwaba imagine elo ngombe friday ve power,False,0.0,neutral,0.0,0.0,1.0,0.0,neutral,0.0,neutral,False,0.0,,neutral,neutral,0.8979015946388245,0.0267309844493865,0.8979015946388245,0.0753674209117889
899150527765018,ba zesco rotation please,False,0.3182,positive,0.3182,0.434,0.566,0.0,positive,0.3182,positive,False,0.0,,neutral,neutral,0.7657920122146606,0.0281367935240268,0.7657920122146606,0.2060712426900863
380870341599348,stephen sata ba mister know apa tapali efyo beshibe s blank,False,0.0,neutral,0.0,0.0,1.0,0.0,neutral,0.0,neutral,False,0.0,,neutral,neutral,0.8541355729103088,0.0833275988698005,0.8541355729103088,0.0625368878245353
1519435088538365,s even staggered us loadshed us 17hrs 23 30hrs 05hrs 11 30hrs s staggered use power 23hrs 05hrs should sleeping change schedule realistic infact loadshedding us 13hrs 20minutes,False,0.0,neutral,0.0,0.0,1.0,0.0,neutral,0.0,neutral,False,0.0,,neutral,neutral,0.6172807812690735,0.3578193485736847,0.6172807812690735,0.0248998887836933
317607634018456,u shud stop complaining sent u number u never called elo pa last ati ba zesco ba zesco lol,False,0.0258,neutral,0.0258,0.204,0.597,0.199,neutral,0.0258,neutral,False,0.0,,negative,negative,0.6943765878677368,0.6943765878677368,0.2823180854320526,0.0233052726835012
1616637372559879,how those facebook phones know short notice,False,0.0,neutral,0.0,0.0,1.0,0.0,neutral,0.0,neutral,False,0.0,,neutral,neutral,0.5997978448867798,0.335550993680954,0.5997978448867798,0.064651109278202
918822943645810,saviour alingo chisanga s actually 005 star,False,0.0,neutral,0.0,0.0,1.0,0.0,neutral,0.0,neutral,False,0.0,,neutral,neutral,0.8107410073280334,0.069163866341114,0.8107410073280334,0.1200951039791107
1329032821280592,stella nyirenda once day,False,0.0,neutral,0.0,0.0,1.0,0.0,neutral,0.0,neutral,False,0.0,,neutral,neutral,0.8508191704750061,0.0198760423809289,0.8508191704750061,0.129304826259613
1077796063324363,zesco limited us mtendere s fair last last week power going 18 coming kuma 22hrs last 12 20hrs week 14 22hrs,False,0.1027,positive,0.1027,0.104,0.811,0.086,positive,0.1027,positive,False,0.0,,neutral,neutral,0.8658890128135681,0.0950275659561157,0.8658890128135681,0.0390834920108318
1616817652057206,tj malambo system restored,False,0.34,positive,0.34,0.444,0.556,0.0,positive,0.34,positive,False,0.0,,neutral,neutral,0.7398820519447327,0.0293756797909736,0.7398820519447327,0.2307422757148742
424091323650696,ify lelo ni pa 1 october just misleading nation,False,-0.4019,negative,-0.4019,0.0,0.722,0.278,negative,-0.4019,negative,False,0.0,,negative,negative,0.5388423800468445,0.5388423800468445,0.4398936331272125,0.0212639905512332
502478876083855,only power zambia power god other powers fake,False,-0.25,negative,-0.25,0.188,0.536,0.277,negative,-0.25,negative,False,0.0,,neutral,neutral,0.6837619543075562,0.2529217898845672,0.6837619543075562,0.0633162260055542
1050761583155246,good morning ba zesco happy 1st october zesco limited,False,0.6908,positive,0.6908,0.455,0.414,0.131,positive,0.6908,positive,False,0.0,,positive,positive,0.9845841526985168,0.0020994336809962,0.0133164105936884,0.9845841526985168
1375219489956828,alick alexander ziba great thanks advice inverter costs high getting disturbed someone please rescue us,False,0.875,positive,0.875,0.5,0.397,0.103,positive,0.875,positive,False,0.0,,positive,positive,0.7406041026115417,0.0534184463322162,0.2059774100780487,0.7406041026115417
858763822055995,yvonne yasini chilonge zesco limited s truth,False,0.1027,positive,0.1027,0.28,0.488,0.232,positive,0.1027,positive,False,0.0,,neutral,neutral,0.8934917449951172,0.0315107963979244,0.8934917449951172,0.0749974772334098
1185260018763736,zesco limited problem even schedule comes stuffs bavichitilamo switch off anyhow working against new dawn government,False,-0.5574,negative,-0.5574,0.0,0.753,0.247,negative,-0.5574,negative,False,0.0,,negative,negative,0.8272937536239624,0.8272937536239624,0.1643184125423431,0.0083878077566623
3529337620689197,kindly give time frame able purchase prepaid units,False,0.4939,positive,0.4939,0.314,0.686,0.0,positive,0.4939,positive,False,0.0,,neutral,neutral,0.8404125571250916,0.0579813458025455,0.8404125571250916,0.1016060933470726
1372754633458866,fridge got damaged because loadshedding issue,False,-0.4404,negative,-0.4404,0.0,0.633,0.367,negative,-0.4404,negative,False,0.0,,negative,negative,0.7604795694351196,0.7604795694351196,0.2302406728267669,0.0092797810211777
256416473671418,don t power hurry maintenance,False,0.0,neutral,0.0,0.0,1.0,0.0,neutral,0.0,neutral,False,0.0,,negative,negative,0.6751568913459778,0.6751568913459778,0.3048502206802368,0.0199928991496562
761522955769022,also unable press enter arrow prepaid hence cant tell how many units remaining,False,0.0,neutral,0.0,0.0,1.0,0.0,neutral,0.0,neutral,False,0.0,,negative,negative,0.6891502737998962,0.6891502737998962,0.2990868985652923,0.0117628322914242
871927237359012,kafue greenfield shikoswe power yesterday 11am 2pm next day s exactly 1day 3hrs without power please update transpired currently transpiring livelihood depends power,False,-0.0418,neutral,-0.0418,0.076,0.842,0.083,neutral,-0.0418,neutral,False,0.0,,neutral,neutral,0.4979710280895233,0.4736780822277069,0.4979710280895233,0.0283508319407701
698330298423080,loadshedding unacceptable,False,-0.4588,negative,-0.4588,0.0,0.25,0.75,negative,-0.4588,negative,False,0.0,,negative,negative,0.917259693145752,0.917259693145752,0.07403015345335,0.0087101524695754
1998224180681414,thedrina zee vlahakis kumwenda sis thoughts exactly expect us come house meter outside night check very stupid,False,-0.5709,negative,-0.5709,0.0,0.812,0.188,negative,-0.5709,negative,False,0.0,,negative,negative,0.7874075174331665,0.7874075174331665,0.2024511843919754,0.0101413168013095
1681413012651571,pearl freeman difference between imported power having own power boss realize,False,0.4019,positive,0.4019,0.213,0.787,0.0,positive,0.4019,positive,False,0.0,,neutral,neutral,0.8709046840667725,0.062052134424448,0.8709046840667725,0.0670431479811668
1509853093119726,just intice money see how quick respond matter,False,0.0258,neutral,0.0258,0.136,0.864,0.0,neutral,0.0258,neutral,False,0.0,,neutral,neutral,0.7465245127677917,0.1210726201534271,0.7465245127677917,0.1324028521776199
846170093330966,must given those charge switching off move together otherwise just remain papper while communities going hours than papper showing,False,0.0,neutral,0.0,0.0,1.0,0.0,neutral,0.0,neutral,False,0.0,,neutral,neutral,0.8183122277259827,0.1306037902832031,0.8183122277259827,0.0510839484632015
725527018935582,chola chiluba clearly thy don t,False,0.4019,positive,0.4019,0.403,0.597,0.0,positive,0.4019,positive,False,0.0,,neutral,neutral,0.683786928653717,0.2614580690860748,0.683786928653717,0.0547549910843372
1082611520097179,today marks exactly 2 weeks go press briefing,False,0.0,neutral,0.0,0.0,1.0,0.0,neutral,0.0,neutral,False,0.0,,neutral,neutral,0.8946583867073059,0.011492165736854,0.8946583867073059,0.0938494354486465
875070617634533,today first oktober please give us update ba powering nation,False,0.3182,positive,0.3182,0.204,0.796,0.0,positive,0.3182,positive,False,0.0,,neutral,neutral,0.7838412523269653,0.0379716344177722,0.7838412523269653,0.1781871765851974
1572214923204554,only problem ksq u hit us 00 06 apa power gone futi meaning,False,-0.4019,negative,-0.4019,0.0,0.803,0.197,negative,-0.4019,negative,False,0.0,,negative,negative,0.838152289390564,0.838152289390564,0.1545413434505462,0.0073063322342932
2625406304287358,today 1st october,False,0.0,neutral,0.0,0.0,1.0,0.0,neutral,0.0,neutral,False,0.0,,neutral,neutral,0.833377480506897,0.0123204141855239,0.833377480506897,0.154302030801773
5708382099228789,never trust document without signature accountability,False,-0.4023,negative,-0.4023,0.0,0.649,0.351,negative,-0.4023,negative,False,0.0,,negative,negative,0.503184974193573,0.503184974193573,0.443461537361145,0.0533534735441207
1206656877068767,henry mutale chimanga okay great ine lelo find malaiti know ati mine updated too inbox case issue,False,0.7184,positive,0.7184,0.286,0.714,0.0,positive,0.7184,positive,False,0.0,,positive,positive,0.50899338722229,0.0228536408394575,0.4681529104709625,0.50899338722229
853492429266225,alex mumba iwe loadshedding pama bedsitter tenze bazungu,False,0.0,neutral,0.0,0.0,1.0,0.0,neutral,0.0,neutral,False,0.0,,neutral,neutral,0.8406310081481934,0.0884763374924659,0.8406310081481934,0.0708926394581794
558946559494916,done reduced loadsheding hours kuti waseka,False,0.0,neutral,0.0,0.0,1.0,0.0,neutral,0.0,neutral,False,0.0,,neutral,neutral,0.7919623255729675,0.092814527451992,0.7919623255729675,0.1152231842279434
407599322250521,us loadedshedded 10 hours 11hrs 21hrs awe s too much,False,0.0,neutral,-0.4,0.0,1.0,0.0,negative,-0.4,negative,True,-0.4,awe,neutral,neutral,0.5042188167572021,0.4205265939235687,0.5042188167572021,0.0752546340227127
839841797666648,much better since may nothing show,False,0.4404,positive,0.4404,0.367,0.633,0.0,positive,0.4404,positive,False,0.0,,positive,positive,0.7644757628440857,0.0549044981598854,0.1806197762489318,0.7644757628440857
663368398909430,now vegetarians becoz u cnt even buy beef chickens other meets other power dependant foods fridges ever off time,False,0.0,neutral,0.0,0.0,1.0,0.0,neutral,0.0,neutral,False,0.0,,negative,negative,0.7933169603347778,0.7933169603347778,0.1983912736177444,0.008291739039123
698220705272026,whole zesco management never thought 12 hours good economy guys just jokers,False,0.4404,positive,0.4404,0.209,0.791,0.0,positive,0.4404,positive,False,0.0,,negative,negative,0.8918958902359009,0.8918958902359009,0.0947771519422531,0.0133269345387816
914665813794231,government school used pass number last 70 father too angry until changed private school passed number 9 father very happy even bought chicken didn t know 9 class follow page,False,0.3167,positive,0.3167,0.2,0.699,0.1,positive,0.3167,positive,False,0.0,,neutral,neutral,0.4617937803268432,0.2932847440242767,0.4617937803268432,0.2449214607477188
841991163531334,grace nonde kombe annoying even say 23 power went 22 instead 5 power comes almost 6,False,0.0258,neutral,0.0258,0.16,0.686,0.154,neutral,0.0258,neutral,False,0.0,,negative,negative,0.6058210134506226,0.6058210134506226,0.3682454228401184,0.0259335339069366
1015605939609843,managed buy units now working,False,0.0,neutral,0.0,0.0,1.0,0.0,neutral,0.0,neutral,False,0.0,,neutral,neutral,0.6742479205131531,0.0165419336408376,0.6742479205131531,0.3092102408409118
2299770710224782,george muls znbc 19hrs said s reduced 6hrs only,False,0.0,neutral,0.0,0.0,1.0,0.0,neutral,0.0,neutral,False,0.0,,neutral,neutral,0.9173429012298584,0.0273661594837903,0.9173429012298584,0.0552909299731254
1857522798040993,zesco limited past five days loadshedding solwezi kyawama area 17 hours 05 00 hrs 22 00hrs please work within stipulated time loadshedding,False,0.1027,positive,0.1027,0.095,0.826,0.079,positive,0.1027,positive,False,0.0,,neutral,neutral,0.6028463244438171,0.3779374361038208,0.6028463244438171,0.0192162953317165
1150733482615962,post schedules day before actual day,False,0.0,neutral,0.0,0.0,1.0,0.0,neutral,0.0,neutral,False,0.0,,neutral,neutral,0.9043578505516052,0.0443731844425201,0.9043578505516052,0.0512690357863903
503926359183192,muleikalafye nga bufi mubepa,False,0.0,neutral,0.0,0.0,1.0,0.0,neutral,0.0,neutral,False,0.0,,neutral,neutral,0.7920522689819336,0.1374521851539611,0.7920522689819336,0.0704955831170082
1128801438953530,bebetty yenesha true pr should fired,False,-0.2023,negative,-0.2023,0.269,0.385,0.346,negative,-0.2023,negative,False,0.0,,negative,negative,0.5243586301803589,0.5243586301803589,0.4486469626426697,0.0269944686442613
1964079714067506,difference between upnd both direction u live lies,False,-0.4215,negative,-0.4215,0.0,0.682,0.318,negative,-0.4215,negative,False,0.0,,neutral,neutral,0.7659573554992676,0.1927050352096557,0.7659573554992676,0.0413376130163669
706802090951757,power now start going twice day power went earlier 5 came back around 11 now s gone least honest,False,-0.4023,negative,-0.4023,0.0,0.856,0.144,negative,-0.4023,negative,False,0.0,,neutral,neutral,0.542367696762085,0.4125546813011169,0.542367696762085,0.0450775735080242
962024962124923,obey silavwe maliwanda good question,False,0.4404,positive,0.4404,0.42,0.58,0.0,positive,0.4404,positive,False,0.0,,neutral,neutral,0.7242457270622253,0.0355956256389617,0.7242457270622253,0.240158662199974
824248176005123,just wait jesus christ return,False,0.0,neutral,0.0,0.0,1.0,0.0,neutral,0.0,neutral,False,0.0,,positive,positive,0.6689305901527405,0.0113299582153558,0.3197394907474518,0.6689305901527405
1249165352331515,george k nawa understanding,False,0.0,neutral,0.0,0.0,1.0,0.0,neutral,0.0,neutral,False,0.0,,neutral,neutral,0.8376500606536865,0.0497347339987754,0.8376500606536865,0.1126151755452156
304278041948032,imwe remaining 2 cents n t buy bwalya mutapa see,False,0.0,neutral,0.0,0.0,1.0,0.0,neutral,0.0,neutral,False,0.0,,neutral,neutral,0.8153141736984253,0.1106021851301193,0.8153141736984253,0.0740836039185524
551155510266670,rubbish power only lasting 20min than goes hours talking,False,0.0,neutral,0.0,0.0,1.0,0.0,neutral,0.0,neutral,False,0.0,,negative,negative,0.9198331832885742,0.9198331832885742,0.0721013620495796,0.008065496571362
957257449022006,please bring back 4 hour staggered pattern 8 hours thing unbearable y know how feels electricity people viewing comfortable 8 hours like honestly please comment 4 hour pattern perfect only down side inefficiency restoring zesco limited done,False,0.9468,positive,0.9468,0.427,0.531,0.042,positive,0.9468,positive,False,0.0,,negative,negative,0.7503198385238647,0.7503198385238647,0.2236062735319137,0.0260738879442214
1220697095185978,patricia lusheto chuunka very sad indeed,False,-0.5256,negative,-0.5256,0.0,0.596,0.404,negative,-0.5256,negative,False,0.0,,negative,negative,0.8858759999275208,0.8858759999275208,0.1063786670565605,0.0077453949488699
1016113056445921,same know selling something k6 know customers come negotiate put same thing k12 avoid loss customer comes say price sale thing k6 yet thing k6 customer say least negotiated half without knowing k6 actual price intellectual very very important than working under pressure,False,-0.0074,neutral,-0.0074,0.113,0.754,0.133,neutral,-0.0074,neutral,False,0.0,,neutral,neutral,0.6673824787139893,0.2982023060321808,0.6673824787139893,0.0344152003526687
3370521426598168,us power went around 16 yesterday 6am sure still power,False,0.3182,positive,0.3182,0.204,0.796,0.0,positive,0.3182,positive,False,0.0,,neutral,neutral,0.8361612558364868,0.0512646995484828,0.8361612558364868,0.1125740930438041
876960783573740,mwiinga mulinda malambo ok,False,0.296,positive,0.296,0.423,0.577,0.0,positive,0.296,positive,False,0.0,,neutral,neutral,0.8576359152793884,0.0411979407072067,0.8576359152793884,0.1011662259697914
701007491643584,kind government people ruled like animals t reason lot small entrepreneurs affected many businesses lose millions kwacha nation today,False,0.3818,positive,0.3818,0.244,0.579,0.178,positive,0.3818,positive,False,0.0,,negative,negative,0.928375005722046,0.928375005722046,0.0659890547394752,0.005635960958898
952904566836835,zesco limited complain 2939548 zesco came around 20 30 went off 21 50 note loadshedding schedule 12 20 hours pls check,False,-0.4767,negative,-0.4767,0.055,0.759,0.186,negative,-0.4767,negative,False,0.0,,negative,negative,0.5075210332870483,0.5075210332870483,0.4750323295593261,0.0174465309828519
518066994189067,don t even know people passed school coz t bring power around 24 hrs people sleep power staying within 2 hrs,False,0.0,neutral,0.0,0.0,1.0,0.0,neutral,0.0,neutral,False,0.0,,negative,negative,0.5985051393508911,0.5985051393508911,0.3809309601783752,0.0205638520419597
1130443434287490,monday doing opposite said check kasumbalesa 4 hours power off,False,0.0,neutral,0.0,0.0,1.0,0.0,neutral,0.0,neutral,False,0.0,,neutral,neutral,0.6849848031997681,0.2906901240348816,0.6849848031997681,0.0243250913918018
1657317551537951,nancy prisháàn s mum doubt s even legal,False,-0.25,negative,-0.25,0.188,0.5,0.312,negative,-0.25,negative,False,0.0,,negative,negative,0.6997748613357544,0.6997748613357544,0.2852406799793243,0.0149844568222761
489266630038074,andy c p andrews puzzles president announced clearly loadshedding thing past bragged having ended,False,0.4019,positive,0.4019,0.197,0.803,0.0,positive,0.4019,positive,False,0.0,,neutral,neutral,0.8965522050857544,0.0453097932040691,0.8965522050857544,0.0581379644572734
612476807988749,zesco limited explanation ndeke village being loadshade d 2 hrs daily always power coming midnight just 2 hrs switch off ndeke only place over uses power load shedding still worsening even cost tariffs increased under deception zesco capacity import power problem don t even stick timetable switch off whenever don t rotate should rotating write statements different,True,-0.8126,negative,-0.8126,0.035,0.789,0.176,negative,-0.8126,negative,False,0.0,,negative,negative,0.8533638715744019,0.8533638715744019,0.1397800743579864,0.0068560559302568
577374840868329,tell also loadshed areas live only sacrifise areas those think noentities,False,0.0,neutral,0.0,0.0,1.0,0.0,neutral,0.0,neutral,False,0.0,,neutral,neutral,0.5084604620933533,0.4614399969577789,0.5084604620933533,0.0300995241850614
579517041147242,how dont power nishi prepaid works ku solar,False,0.0,neutral,0.0,0.0,1.0,0.0,neutral,0.0,neutral,False,0.0,,negative,negative,0.5952609181404114,0.5952609181404114,0.3946775197982788,0.0100615611299872
3817640505157682,zesco limitedif s company just likes test patience calmness people zambia s people increasing tariffs promising 7 hours supply just going back word power over 48 hours salama park chelston green area zesco limited tired being given useless complaint numbers say resolved power hasn t restored s fault send people come fix issue salama park under chelston green tired,True,-0.4767,negative,-0.4767,0.174,0.608,0.218,negative,-0.4767,negative,False,0.0,,negative,negative,0.6869387626647949,0.6869387626647949,0.2853986620903015,0.0276625510305166
6877744568925424,bought through mtn meter keeps rejecting numbers,False,-0.4588,negative,-0.4588,0.0,0.667,0.333,negative,-0.4588,negative,False,0.0,,negative,negative,0.7083842754364014,0.7083842754364014,0.2825217843055725,0.0090938778594136
1149469195755648,reeves ray chibamba yes right called explained,False,0.4019,positive,0.4019,0.31,0.69,0.0,positive,0.4019,positive,False,0.0,,neutral,neutral,0.7417702078819275,0.0178749822080135,0.7417702078819275,0.2403548210859298
885707319525548,ber tha mwango idiot,False,-0.5106,negative,-0.5106,0.0,0.476,0.524,negative,-0.5106,negative,False,0.0,,negative,negative,0.511116087436676,0.511116087436676,0.4365047812461853,0.0523791126906871
967939444254492,si boom yamene mwayamba iyi,False,0.0,neutral,0.0,0.0,1.0,0.0,neutral,0.0,neutral,False,0.0,,neutral,neutral,0.7408777475357056,0.0693430230021476,0.7408777475357056,0.1897793114185333
1728395714667226,u don t brains ba zesco country normal basis s 750 mgw now currently 400 mgw give people 3hrs think people nation too dumb,False,-0.5106,negative,-0.5106,0.0,0.858,0.142,negative,-0.5106,negative,False,0.0,,negative,negative,0.7251278758049011,0.7251278758049011,0.2556822896003723,0.0191898308694362
402137349350108,elita sheleni tell tired,False,-0.4404,negative,-0.4404,0.0,0.508,0.492,negative,-0.4404,negative,False,0.0,,neutral,neutral,0.6164604425430298,0.3289764821529388,0.6164604425430298,0.0545630753040313
1244428236983552,unacceptable getting 300 maamba importing 500 making 800 only getting three hours per day mr president make make sense,False,-0.4588,negative,-0.4588,0.0,0.857,0.143,negative,-0.4588,negative,False,0.0,,negative,negative,0.7901992201805115,0.7901992201805115,0.1990699023008346,0.0107308439910411
1153742569052184,expecting things stabilize effective today chili bwanji,False,0.4767,positive,0.4767,0.341,0.659,0.0,positive,0.4767,positive,False,0.0,,positive,positive,0.6364400386810303,0.0109861250966787,0.3525738716125488,0.6364400386810303
1547993305840267,joyce nkhoma kkk things,False,0.0,neutral,0.0,0.0,1.0,0.0,neutral,0.0,neutral,False,0.0,,neutral,neutral,0.826493501663208,0.0321202017366886,0.826493501663208,0.141386404633522
457696760614575,group e past 1 month even witches know us now wake draw water prepare uniforms work school others sleeping awe just too much,False,0.0,neutral,-0.4,0.0,1.0,0.0,negative,-0.4,negative,True,-0.4,awe,neutral,neutral,0.6080589890480042,0.289830207824707,0.6080589890480042,0.1021108403801918
1681413012651571,dennis zulu son director uyu,False,0.0,neutral,0.0,0.0,1.0,0.0,neutral,0.0,neutral,False,0.0,,neutral,neutral,0.8960595726966858,0.0343704633414745,0.8960595726966858,0.069569855928421
858763822055995,yvonne yasini chilonge very true mwadi s irritating,False,-0.044,neutral,-0.044,0.272,0.44,0.287,neutral,-0.044,neutral,False,0.0,,negative,negative,0.4961126446723938,0.4961126446723938,0.4681402146816253,0.0357470996677875
841449014595749,henry mutale chimanga even ours doesn t,False,0.0,neutral,0.0,0.0,1.0,0.0,neutral,0.0,neutral,False,0.0,,neutral,neutral,0.732926070690155,0.2185969799757003,0.732926070690155,0.0484769344329834
1352021075572196,hydropower appropriate technology globally recognised major climate resilient source electricity most developing countries like zambia challenge implementation intergrated water resource management iwrm approach manament water resources given economic sectors competing use agriculture mining manufacturing tourism transport indeed crucial energy sector now abundant water develop climate resilient hydropower plants scale down size plant capacities than 20 megawatts water bodies already identified planning given zambia water investment programme zip 2022 2026 launched president hakainde hichilema last year july side lines au meeting smaller climate resilient hydropower plants feed into national grid developed already huge capacity hydropwer plants far developed shown us disadvantages water levels drop due climate change zambia water investment programme idenfied 13 climate resilient hydropower plants above 20 megawatts capacity 10 below 20 megawatts would mcrease electricity generation 2714 megawatts 3747 megawatts 2030 suffice say invest into solar wind biomass other sources climate resilient hydropower plants topical globally respond lesser emissions carbon dioxide into atmosphere given global warming issues proper hydropwer management inherent features storage stabilisation transmission distribution electricity users hence cope demand even peak times lesson invest smaller capacity climate resilient hydropower plants north western luapula northern southern provinces based water basins water catchment areas submit,False,0.5046,positive,0.5046,0.056,0.913,0.031,positive,0.5046,positive,False,0.0,,neutral,neutral,0.719806969165802,0.0274546686559915,0.719806969165802,0.2527383267879486
571034538582324,lelo nipa 1 already 24hrs without power,False,0.0,neutral,0.0,0.0,1.0,0.0,neutral,0.0,neutral,False,0.0,,negative,negative,0.6052843332290649,0.6052843332290649,0.3657722771167755,0.0289433449506759
608290234743314,kalema ku lila kuno,False,0.0,neutral,0.0,0.0,1.0,0.0,neutral,0.0,neutral,False,0.0,,neutral,neutral,0.8520733714103699,0.0983806550502777,0.8520733714103699,0.0495459288358688
551518730868936,nga ifi lelo nipa imwe,False,0.0,neutral,0.0,0.0,1.0,0.0,neutral,0.0,neutral,False,0.0,,neutral,neutral,0.7266421914100647,0.1659971326589584,0.7266421914100647,0.107360690832138
829943544862310,nchimunya goldens s tall man road shedding,False,0.0,neutral,0.0,0.0,1.0,0.0,neutral,0.0,neutral,False,0.0,,neutral,neutral,0.8219599723815918,0.1026748642325401,0.8219599723815918,0.0753651931881904
3799239766956172,how expect us haven t power chalala group e,False,0.0,neutral,0.0,0.0,1.0,0.0,neutral,0.0,neutral,False,0.0,,neutral,neutral,0.7399960160255432,0.2233960926532745,0.7399960160255432,0.0366078987717628
579738547916602,using old prepaid how check,False,0.0,neutral,0.0,0.0,1.0,0.0,neutral,0.0,neutral,False,0.0,,neutral,neutral,0.8019514083862305,0.127529039978981,0.8019514083862305,0.0705196186900138
923013935994928,don t power how cam update,False,0.0,neutral,0.0,0.0,1.0,0.0,neutral,0.0,neutral,False,0.0,,neutral,neutral,0.5686618089675903,0.4002092480659485,0.5686618089675903,0.0311289969831705
1372754633458866,suya kingfred sorry,False,-0.0772,negative,-0.0772,0.0,0.606,0.394,negative,-0.0772,negative,False,0.0,,neutral,neutral,0.5352609753608704,0.3712111413478851,0.5352609753608704,0.0935279205441474
1681413012651571,dennis zulu musula obe,False,0.0,neutral,0.0,0.0,1.0,0.0,neutral,0.0,neutral,False,0.0,,neutral,neutral,0.8971132040023804,0.0394069477915763,0.8971132040023804,0.0634798780083656
1180490613114188,good morning florence chikanji sincere apologies inconvenience caused kindly note due unplanned outages technical team doing everything possible serve better always register fault us experience loss supply beyond load management schedule use self service platforms such 3600 use zesco whatsapp number 260762626977 following prompts further note due current load constraints unable announce date load management expected end however once factors fully considered analyzed official date announced public seek always keep informed pm,False,0.6705,positive,0.6705,0.154,0.757,0.089,positive,0.6705,positive,False,0.0,,neutral,neutral,0.4725060164928436,0.4721975326538086,0.4725060164928436,0.0552964732050895
527188406053799,rebecca sakala mumbi maybe mean 2 times power outage separated 6hours goes 6hrs comes 6hours goes 6 hrs see happens mwe otherwise mmm,False,0.0,neutral,0.0,0.0,1.0,0.0,neutral,0.0,neutral,False,0.0,,neutral,neutral,0.8661785125732422,0.1059619709849357,0.8661785125732422,0.0278595853596925
1681413012651571,dennis zulu re let finish sentence,False,0.0772,positive,0.0772,0.206,0.794,0.0,positive,0.0772,positive,False,0.0,,neutral,neutral,0.8490781784057617,0.0923313423991203,0.8490781784057617,0.0585904419422149
887979126791669,kanshi haven t disconnected yet ise thought long time ago because never seen power kwatu just disconnect bululu,False,0.0,neutral,0.0,0.0,1.0,0.0,neutral,0.0,neutral,False,0.0,,neutral,neutral,0.6022393107414246,0.3715405166149139,0.6022393107414246,0.0262201949954032
1169109660383293,better least 6hrs power during day good those small businesses,False,0.7003,positive,0.7003,0.42,0.58,0.0,positive,0.7003,positive,False,0.0,,positive,positive,0.6045992374420166,0.0423597395420074,0.3530409634113312,0.6045992374420166
259475586923892,ba moonga complaining 6 months l stayed close 2 years just waiting till changed government just wait see,False,-0.2023,negative,-0.2023,0.0,0.886,0.114,negative,-0.2023,negative,False,0.0,,neutral,neutral,0.716471254825592,0.2098078429698944,0.716471254825592,0.0737209320068359
837954824387458,selina banda wanted cook samp today weekend plan get units pa 1 programs interrupted,False,-0.296,negative,-0.296,0.0,0.845,0.155,negative,-0.296,negative,False,0.0,,neutral,neutral,0.6017763018608093,0.3728636801242828,0.6017763018608093,0.0253600589931011
570312851622825,bally fix never forget,False,0.1695,positive,0.1695,0.357,0.643,0.0,positive,0.1695,positive,False,0.0,,neutral,neutral,0.634188175201416,0.1538847684860229,0.634188175201416,0.2119270265102386
1477914929584817,theresa lombe bombeki daughter leka ifwoyo iwe,False,0.0,neutral,0.0,0.0,1.0,0.0,neutral,0.0,neutral,False,0.0,,neutral,neutral,0.7790377140045166,0.1480186283588409,0.7790377140045166,0.072943702340126
1132178137441275,onelia banda guys don t joke s longer limited company anymore,False,0.0772,positive,0.0772,0.198,0.631,0.171,positive,0.0772,positive,False,0.0,,negative,negative,0.6886370182037354,0.6886370182037354,0.2842851877212524,0.0270777605473995
1681413012651571,koma chimwana iwe ndiwe chituzu,False,0.0,neutral,0.0,0.0,1.0,0.0,neutral,0.0,neutral,False,0.0,,neutral,neutral,0.7766832709312439,0.1200825423002243,0.7766832709312439,0.1032341942191124
1227401631787100,sharon mupeta people misinterpreted statement think meant stabilize power coming time specified rationing schedule,False,-0.3182,negative,-0.3182,0.0,0.85,0.15,negative,-0.3182,negative,False,0.0,,negative,negative,0.4991836845874786,0.4991836845874786,0.4837087392807007,0.0171076096594333
427194769547971,chitambo mbewe too dull seriously fact should stop selling power south africa other countries,False,-0.6808,negative,-0.6808,0.0,0.625,0.375,negative,-0.6808,negative,False,0.0,,negative,negative,0.8756352066993713,0.8756352066993713,0.1158264577388763,0.0085383681580424
624553022955708,eric bulaya awe nothing coming,False,0.0,neutral,-0.4,0.0,1.0,0.0,negative,-0.4,negative,True,-0.4,awe,neutral,neutral,0.6398155689239502,0.2904514074325561,0.6398155689239502,0.0697329863905906
1787411975126833,don t power since last month,False,0.0,neutral,0.0,0.0,1.0,0.0,neutral,0.0,neutral,False,0.0,,neutral,neutral,0.6509919166564941,0.3012329638004303,0.6509919166564941,0.0477751567959785
872395717143017,hakainde hichilema zesco limited area hasn t power since tuesday 20 00hours counting happened without warning please disturbing how fight poverty even simple schedules cannot followed,False,-0.6154,negative,-0.6154,0.141,0.567,0.291,negative,-0.6154,negative,False,0.0,,negative,negative,0.8759757876396179,0.8759757876396179,0.1178782880306243,0.0061458675190806
792953145817891,looks like s big problem now solution que hours,False,0.2732,positive,0.2732,0.384,0.4,0.216,positive,0.2732,positive,False,0.0,,negative,negative,0.858504056930542,0.858504056930542,0.1296587139368057,0.011837258003652
860112232179571,mazabuka very fast,False,0.0,neutral,0.0,0.0,1.0,0.0,neutral,0.0,neutral,False,0.0,,neutral,neutral,0.7730414271354675,0.0146153075620532,0.7730414271354675,0.2123433202505111
2498876370301527,brown chikwanda even t understand maybe ni next year,False,0.0,neutral,0.0,0.0,1.0,0.0,neutral,0.0,neutral,False,0.0,,neutral,neutral,0.6140206456184387,0.3402916193008423,0.6140206456184387,0.0456877350807189
2097613640630766,hend rix yes just cable wen s pole needed takes long connected,False,0.4019,positive,0.4019,0.213,0.787,0.0,positive,0.4019,positive,False,0.0,,neutral,neutral,0.7912006974220276,0.147644504904747,0.7912006974220276,0.0611547902226448
842324090963716,nkani ya zesco awe ungadwalilepo che namutu,False,0.0,neutral,-0.4,0.0,1.0,0.0,negative,-0.4,negative,True,-0.4,awe,neutral,neutral,0.756328284740448,0.1679755747318267,0.756328284740448,0.075696125626564
411363221999347,sympathise thanks transparency,False,0.4404,positive,0.4404,0.592,0.408,0.0,positive,0.4404,positive,False,0.0,,positive,positive,0.71734619140625,0.0191251263022422,0.2635287344455719,0.71734619140625
885707319525548,bally means good country,False,0.4404,positive,0.4404,0.492,0.508,0.0,positive,0.4404,positive,False,0.0,,positive,positive,0.8033797740936279,0.021448578685522,0.1751716881990432,0.8033797740936279
402137349350108,elita sheleni group d though,False,0.0,neutral,0.0,0.0,1.0,0.0,neutral,0.0,neutral,False,0.0,,neutral,neutral,0.9054356813430786,0.0196971297264099,0.9054356813430786,0.0748672932386398
548620763967575,zesco re busy acting like re developing country taking away electricity mean m young entrepreneur depends electricity already went 6 hours just got back take 20 minutes later serious m personally protesting against injustice,False,-0.6486,negative,-0.6486,0.067,0.724,0.209,negative,-0.6486,negative,False,0.0,,negative,negative,0.8739784955978394,0.8739784955978394,0.1160861700773239,0.0099352961406111
853539713619064,vuuse mungaga nice dp,False,0.4215,positive,0.4215,0.483,0.517,0.0,positive,0.4215,positive,False,0.0,,positive,positive,0.7824794054031372,0.0172691997140645,0.2002514004707336,0.7824794054031372
557392640055746,mr hakainde hichilema zesco limited de compaigning sir promises true citizens angry promised us stable power supply 3 hours per day m typing power came half past midnight instead midnight gone 02 12am exactly 1 hour 42 minutes much want support institution made us question management help us sir lost lot resources during situation,False,0.8074,positive,0.8074,0.257,0.628,0.115,positive,0.8074,positive,False,0.0,,negative,negative,0.6115189790725708,0.6115189790725708,0.3417800068855285,0.0467010475695133
512977621524991,dineo karen know,False,0.0,neutral,0.0,0.0,1.0,0.0,neutral,0.0,neutral,False,0.0,,neutral,neutral,0.879904568195343,0.0307530015707016,0.879904568195343,0.0893424600362777
518066994189067,michael kangwa least u r strong enough wait ese just find phones fully charged,False,-0.5852,negative,-0.5852,0.0,0.676,0.324,negative,-0.5852,negative,False,0.0,,positive,positive,0.4833898246288299,0.0368591770529747,0.4797509014606476,0.4833898246288299
515597774510137,happy 1st october ba zesco 1 october,False,0.5719,positive,0.5719,0.425,0.575,0.0,positive,0.5719,positive,False,0.0,,positive,positive,0.977022647857666,0.001818268909119,0.0211591273546218,0.977022647857666
1045021707103658,mendral chitongo arsenal aaah re stupid love,False,0.2023,positive,0.2023,0.333,0.397,0.27,positive,0.2023,positive,False,0.0,,negative,negative,0.638936460018158,0.638936460018158,0.3075415194034576,0.0535220354795455
887207466696116,agreement ati bwanji should buy relish,False,0.4939,positive,0.4939,0.39,0.61,0.0,positive,0.4939,positive,False,0.0,,neutral,neutral,0.9050698280334472,0.0484731085598468,0.9050698280334472,0.0464570522308349
474913735043308,short zesco only lusaka other provinces how feel,False,0.0,neutral,0.0,0.0,1.0,0.0,neutral,0.0,neutral,False,0.0,,neutral,neutral,0.8511416912078857,0.1015601679682731,0.8511416912078857,0.0472981967031955
6313072612135423,rosaria wandazi tell sister,False,0.0,neutral,0.0,0.0,1.0,0.0,neutral,0.0,neutral,False,0.0,,neutral,neutral,0.8454256057739258,0.0777137577533721,0.8454256057739258,0.0768606066703796
714443850629043,sharon jangia biggie bachilamo batinkisana,False,0.0,neutral,0.0,0.0,1.0,0.0,neutral,0.0,neutral,False,0.0,,neutral,neutral,0.84566330909729,0.0341935008764267,0.84566330909729,0.1201432570815086
1115855296300141,feels like s than 6 weeks how many weeks put,False,0.3612,positive,0.3612,0.263,0.737,0.0,positive,0.3612,positive,False,0.0,,neutral,neutral,0.693597137928009,0.265849620103836,0.693597137928009,0.0405532494187355
1334937173961008,clarify like loadsheding around 00 00 power comes back 06 00 12 00 power goes coming back 17 00 three times per day hope s going like,False,0.7845,positive,0.7845,0.256,0.744,0.0,positive,0.7845,positive,False,0.0,,neutral,neutral,0.8437123894691467,0.0151374777778983,0.8437123894691467,0.1411501169204712
931374732181605,va zee today 1st usual power came 03 05 power went usual,False,0.0,neutral,0.0,0.0,1.0,0.0,neutral,0.0,neutral,False,0.0,,neutral,neutral,0.8459200263023376,0.0092964544892311,0.8459200263023376,0.144783467054367
836337398695683,don t tell us just want care less won t even follow schedule,False,0.785,positive,0.785,0.497,0.503,0.0,positive,0.785,positive,False,0.0,,negative,negative,0.7951454520225525,0.7951454520225525,0.1954596787691116,0.0093948524445295
1096573222127959,power just restored area rushed nothing like kct 1 kct 2 subscribed meter lot unused units last month ba zesco only wants people buy units,False,0.0747,positive,0.0747,0.094,0.823,0.083,positive,0.0747,positive,False,0.0,,negative,negative,0.4964769184589386,0.4964769184589386,0.4703999161720276,0.0331231988966465
6877744568925424,joseph zulu,False,0.0,neutral,0.0,0.0,1.0,0.0,neutral,0.0,neutral,False,0.0,,neutral,neutral,0.8756912350654602,0.0613915100693702,0.8756912350654602,0.0629171803593635
1080839880079636,kabungo edward ed much board independent know every decision board makes pass through president before s implemented,False,0.0,neutral,0.0,0.0,1.0,0.0,neutral,0.0,neutral,False,0.0,,neutral,neutral,0.8892269730567932,0.0532908663153648,0.8892269730567932,0.05748226121068
647858186946473,michael siluchali run completely kept trying ve managed,False,0.0,neutral,0.0,0.0,1.0,0.0,neutral,0.0,neutral,False,0.0,,neutral,neutral,0.7798746228218079,0.0833768770098686,0.7798746228218079,0.1367485672235489
1080319553682590,ili che new normal zambia,False,0.0,neutral,0.0,0.0,1.0,0.0,neutral,0.0,neutral,False,0.0,,neutral,neutral,0.8255051374435425,0.0450233407318592,0.8255051374435425,0.129471480846405
1366446937441510,nsama patrick eeeeh told s moses get drunk praise singing,False,0.296,positive,0.296,0.277,0.538,0.185,positive,0.296,positive,False,0.0,,neutral,neutral,0.7436694502830505,0.1428352296352386,0.7436694502830505,0.1134953126311302
1391164684756543,s unfortunate s like how supposed plan around type loadshedding even inverter t support being switched off power most day,False,0.296,positive,0.296,0.234,0.631,0.135,positive,0.296,positive,False,0.0,,negative,negative,0.8696746826171875,0.8696746826171875,0.123520128428936,0.0068052378483116
1638398146614982,finidy george sims yes should facing reality always re welcome,False,0.6908,positive,0.6908,0.416,0.584,0.0,positive,0.6908,positive,False,0.0,,positive,positive,0.6912462711334229,0.0118772443383932,0.2968765497207641,0.6912462711334229
1299485121402214,how announce day before deadline brains,False,0.0,neutral,0.0,0.0,1.0,0.0,neutral,0.0,neutral,False,0.0,,neutral,neutral,0.6209800839424133,0.331216812133789,0.6209800839424133,0.0478031225502491
390675337130657,rosina lolo mawhite apologize inconvenienced caused kindly report outage outside load shedding schedule calling 322 speak agent use ussd code 3600 follow prompts download zesco app whatsapp number 260762626977 register fault assistance kind regards cj,False,0.6808,positive,0.6808,0.221,0.714,0.064,positive,0.6808,positive,False,0.0,,neutral,neutral,0.6306143403053284,0.3430933058261871,0.6306143403053284,0.0262923296540975
935348788601274,zesco limited elo good explaining apologizing mwandi,False,0.1779,positive,0.1779,0.287,0.396,0.317,positive,0.1779,positive,False,0.0,,neutral,neutral,0.6531177759170532,0.0615988969802856,0.6531177759170532,0.2852832973003387
1064385481806396,feli lex new word just learn even know means,False,0.0,neutral,0.0,0.0,1.0,0.0,neutral,0.0,neutral,False,0.0,,neutral,neutral,0.7716956734657288,0.0987194553017616,0.7716956734657288,0.129584863781929
1763062227781516,zesco limited only power 30 minutes kamwala south,False,-0.2263,negative,-0.2263,0.0,0.787,0.213,negative,-0.2263,negative,False,0.0,,negative,negative,0.5484058856964111,0.5484058856964111,0.4345862567424774,0.0170078538358211
1349720502418165,henry nchena normal society service must provided,False,0.0,neutral,0.0,0.0,1.0,0.0,neutral,0.0,neutral,False,0.0,,neutral,neutral,0.7898451685905457,0.0644165948033332,0.7898451685905457,0.145738273859024
319999207052686,u r complaining 6 weeks mwayamba bwangu zesco even connect u 4 years neighborhood now 2 plus years bring pole go bring another pole 6 months go peace,False,0.4019,positive,0.4019,0.144,0.782,0.074,positive,0.4019,positive,False,0.0,,negative,negative,0.5603783130645752,0.5603783130645752,0.4060670137405395,0.0335546284914016
2182068691972856,titus masumbuku ivunda made point now sleep,False,0.0,neutral,0.0,0.0,1.0,0.0,neutral,0.0,neutral,False,0.0,,neutral,neutral,0.7928014993667603,0.0992092192173004,0.7928014993667603,0.1079892739653587
1516799665459834,cone mukwila come bak 18hrs tho supozd 2 go 12hrs,False,0.0,neutral,0.0,0.0,1.0,0.0,neutral,0.0,neutral,False,0.0,,neutral,neutral,0.8793831467628479,0.0337652266025543,0.8793831467628479,0.0868516564369201
984416699362871,thank god bought kuma 01 like knew,False,0.7269,positive,0.7269,0.64,0.36,0.0,positive,0.7269,positive,False,0.0,,positive,positive,0.7979882955551147,0.039628330618143,0.1623833924531936,0.7979882955551147
1927030154363489,paid march todate power connected even fed following kabwata office,False,0.0,neutral,0.0,0.0,1.0,0.0,neutral,0.0,neutral,False,0.0,,neutral,neutral,0.818243145942688,0.1155232340097427,0.818243145942688,0.0662336871027946
714443850629043,womba kampeu siingwa imwe sure almost 15 ukubilima fukushima ukwasha bale chelwa,False,0.3182,positive,0.3182,0.173,0.827,0.0,positive,0.3182,positive,False,0.0,,neutral,neutral,0.8048827648162842,0.0630773454904556,0.8048827648162842,0.132039874792099
1084590416364090,just keep quiet nothing say power zaingalume today s day two don t take us fo ls okay s better keep quiet kusabaila mtchew,False,0.5859,positive,0.5859,0.202,0.798,0.0,positive,0.5859,positive,False,0.0,,negative,negative,0.5209476351737976,0.5209476351737976,0.4345723688602447,0.0444800518453121
1074403790843828,zesco limited called countless times report service cable almost ground don t respond,False,-0.2263,negative,-0.2263,0.0,0.853,0.147,negative,-0.2263,negative,False,0.0,,negative,negative,0.8248105049133301,0.8248105049133301,0.16556978225708,0.0096197724342346
443843871493347,today 1st october anxiously waiting oooh,False,-0.2263,negative,-0.2263,0.0,0.725,0.275,negative,-0.2263,negative,False,0.0,,positive,positive,0.9063601493835448,0.0047334805130958,0.088906392455101,0.9063601493835448
610802407817623,joseph zulu ve bought already units rejecting enter meter,False,-0.4588,negative,-0.4588,0.0,0.727,0.273,negative,-0.4588,negative,False,0.0,,neutral,neutral,0.794572651386261,0.1686985343694687,0.794572651386261,0.0367287881672382
851116133455292,estella chetulo hehehehe see,False,0.0,neutral,0.0,0.0,1.0,0.0,neutral,0.0,neutral,False,0.0,,positive,positive,0.5121687054634094,0.0148288076743483,0.4730025827884674,0.5121687054634094
1349720502418165,henry nchena even good norm especially paid zesco application adjust tariffs stated clearly things past zesco t perform never performed since 1972,False,0.6808,positive,0.6808,0.228,0.772,0.0,positive,0.6808,positive,False,0.0,,neutral,neutral,0.483176440000534,0.4702958762645721,0.483176440000534,0.0465276837348938
1096573222127959,mary phiri done nothing like updating pama units iam sure just want customers buy units,False,0.1255,positive,0.1255,0.203,0.678,0.119,positive,0.1255,positive,False,0.0,,negative,negative,0.7509357333183289,0.7509357333183289,0.2356930524110794,0.0133712142705917
5853905888003656,21 57 power cuts ibenga s schedule zesco limited,False,-0.4767,negative,-0.4767,0.0,0.594,0.406,negative,-0.4767,negative,False,0.0,,negative,negative,0.5917401909828186,0.5917401909828186,0.3949218988418579,0.0133379669860005
867921861203052,pressure getting worser,False,-0.6369,negative,-0.6369,0.0,0.161,0.839,negative,-0.6369,negative,False,0.0,,negative,negative,0.6105992794036865,0.6105992794036865,0.34521484375,0.0441858544945716
856613838923064,ba zesco six hours foot still 12hrs chilenje goes kuma 23 comes kuma 05 goes 11 comes 18 45 u say six hours,False,0.0,neutral,0.0,0.0,1.0,0.0,neutral,0.0,neutral,False,0.0,,neutral,neutral,0.8918167948722839,0.0423749312758445,0.8918167948722839,0.0658082664012909
1373033290054352,manje ise kuno kuli ba president side yaenda kabili lelo,False,0.0,neutral,0.0,0.0,1.0,0.0,neutral,0.0,neutral,False,0.0,,neutral,neutral,0.818278968334198,0.1178132891654968,0.818278968334198,0.0639077499508857
416807327778717,t start telling us net metering today nipa 1 expect fulfill words otherwise tachawame mwatubelesha sana bamumbwe,False,0.4404,positive,0.4404,0.172,0.828,0.0,positive,0.4404,positive,False,0.0,,neutral,neutral,0.6108956336975098,0.3499329388141632,0.6108956336975098,0.0391714386641979
1018509556747250,aren t supposed online sure realize many illiterate people zambia beside power even s never home,False,0.3182,positive,0.3182,0.15,0.85,0.0,positive,0.3182,positive,False,0.0,,negative,negative,0.7680221796035767,0.7680221796035767,0.2156626135110855,0.0163152050226926
1097325081324274,13hrs 23hrs power pamodzi area ndola think 8hrs niyaboza,False,0.0,neutral,0.0,0.0,1.0,0.0,neutral,0.0,neutral,False,0.0,,neutral,neutral,0.9060012102127076,0.0252725966274738,0.9060012102127076,0.0687262862920761
778024080722526,t even buy power imwe ba zesco,False,0.0,neutral,0.0,0.0,1.0,0.0,neutral,0.0,neutral,False,0.0,,neutral,neutral,0.740343451499939,0.173843964934349,0.740343451499939,0.0858125239610672
2378240329047293,thank update wondering mobile network,False,0.3612,positive,0.3612,0.385,0.615,0.0,positive,0.3612,positive,False,0.0,,positive,positive,0.9115728735923768,0.0095311561599373,0.0788960009813308,0.9115728735923768
1354102469308281,24 03 doing time ok going rough,False,0.296,positive,0.296,0.268,0.732,0.0,positive,0.296,positive,False,0.0,,neutral,neutral,0.516155481338501,0.4352601170539856,0.516155481338501,0.0485843680799007
918822943645810,wilson musakanya last day s tomorrow nothing,False,0.0,neutral,0.0,0.0,1.0,0.0,neutral,0.0,neutral,False,0.0,,neutral,neutral,0.7468730211257935,0.1802341341972351,0.7468730211257935,0.0728928744792938
6800755473319792,think defend zesco tremendous improvement service delivery zesco huge increase connection fees become very proactive people see value money speaking experience also others whom also seen compliment zesco,False,0.9348,positive,0.9348,0.424,0.576,0.0,positive,0.9348,positive,False,0.0,,positive,positive,0.9439676403999328,0.0050757001154124,0.050956655293703,0.9439676403999328
707873887745003,chilyana chitala whoever signed either pf upnd cancel country company make profits make people happy,False,0.6808,positive,0.6808,0.32,0.583,0.097,positive,0.6808,positive,False,0.0,,neutral,neutral,0.6519744992256165,0.1215715855360031,0.6519744992256165,0.2264538556337356
785494693222158,ninshi ku solwezi use electricity put hours muleti nokuti kwati fyamano already power supply even without load shedding pathetic yet country collect enough revenue northwest guys jokers,True,0.4585,positive,0.4585,0.103,0.897,0.0,negative,0.4585,negative,False,0.0,,negative,negative,0.8118720650672913,0.8118720650672913,0.1754767894744873,0.0126511836424469
797060355547559,don t combin politics zesco mune just wait,False,0.0,neutral,0.0,0.0,1.0,0.0,neutral,0.0,neutral,False,0.0,,neutral,neutral,0.8192211389541626,0.1120917201042175,0.8192211389541626,0.0686870962381362
1070057597856274,guys funny,False,0.4404,positive,0.4404,0.744,0.256,0.0,positive,0.4404,positive,False,0.0,,positive,positive,0.5399937033653259,0.0433349981904029,0.4166712462902069,0.5399937033653259
1073915294429399,fridah malama mulenga assuming every facebook balitudelela,False,0.0,neutral,0.0,0.0,1.0,0.0,neutral,0.0,neutral,False,0.0,,neutral,neutral,0.8002276420593262,0.1430028080940246,0.8002276420593262,0.0567695870995521
879154983427096,felix kumwamwasa true brother people think clever others problem only look bad part good part nowonder kill each other,False,-0.4939,negative,-0.4939,0.267,0.399,0.334,negative,-0.4939,negative,False,0.0,,negative,negative,0.6637692451477051,0.6637692451477051,0.2801135778427124,0.0561172179877758
1681413012651571,dennis zulu due respect madam because cannot never sir re,False,0.4767,positive,0.4767,0.256,0.744,0.0,positive,0.4767,positive,False,0.0,,neutral,neutral,0.6506178379058838,0.2208961248397827,0.6506178379058838,0.1284861266613006
797443682087152,ruth lufi eh get capital city,False,0.0,neutral,0.0,0.0,1.0,0.0,neutral,0.0,neutral,False,0.0,,neutral,neutral,0.8362692594528198,0.0846796110272407,0.8362692594528198,0.0790511146187782
2576349285890892,teng ani xulu awe naona,False,0.0,neutral,-0.4,0.0,1.0,0.0,negative,-0.4,negative,True,-0.4,awe,neutral,neutral,0.7917822003364563,0.1400704979896545,0.7917822003364563,0.0681472644209861
1681413012651571,mulenga chitimukulu don t care bro,False,0.4939,positive,0.4939,0.444,0.556,0.0,positive,0.4939,positive,False,0.0,,neutral,neutral,0.5283022522926331,0.4361313879489898,0.5283022522926331,0.0355663038790226
1539253826550352,aimed kahama omar same s god avoiding previous elections,False,-0.0772,negative,-0.0772,0.2,0.571,0.229,negative,-0.0772,negative,False,0.0,,neutral,neutral,0.7390990853309631,0.2219357341527938,0.7390990853309631,0.0389652550220489
402137349350108,elita sheleni real eish,False,0.0,neutral,0.0,0.0,1.0,0.0,neutral,0.0,neutral,False,0.0,,neutral,neutral,0.5995517373085022,0.2966248691082001,0.5995517373085022,0.1038234457373619
656955689226492,just managed buy units via airtel challenges,False,0.0772,positive,0.0772,0.178,0.822,0.0,positive,0.0772,positive,False,0.0,,neutral,neutral,0.8467867374420166,0.0316940806806087,0.8467867374420166,0.1215192377567291
988561902286469,stella amukena nowonder failing buy units,False,-0.5106,negative,-0.5106,0.0,0.602,0.398,negative,-0.5106,negative,False,0.0,,negative,negative,0.5667447447776794,0.5667447447776794,0.4088634550571441,0.024391746148467
919118116907903,think question needs asked zesco management announced end load shedding exactly taken into consideration source supply go load shedding normal 3 inhumane allocation hours day abhorrent,True,-0.6249,negative,-0.6249,0.0,0.854,0.146,negative,-0.6249,negative,False,0.0,,negative,negative,0.8647809028625488,0.8647809028625488,0.1284192651510238,0.0067997938022017
837954824387458,sandra jacobs harawa imagine won t manage being dark elo children,False,0.5719,positive,0.5719,0.291,0.709,0.0,positive,0.5719,positive,False,0.0,,negative,negative,0.6132287979125977,0.6132287979125977,0.3710061609745025,0.0157650131732225
1681413012651571,dennis zulu musula obe na ba zesco abobene,False,0.0,neutral,0.0,0.0,1.0,0.0,neutral,0.0,neutral,False,0.0,,neutral,neutral,0.9107028841972352,0.0315062180161476,0.9107028841972352,0.0577908903360366
478577728012542,kamala sakuhuka m impressed honestly,False,0.7269,positive,0.7269,0.753,0.247,0.0,positive,0.7269,positive,False,0.0,,positive,positive,0.9003881216049194,0.0088286940008401,0.0907831862568855,0.9003881216049194
774361318090707,waiting change minister said himself lelo nipa 1 october 2024,False,0.0,neutral,0.0,0.0,1.0,0.0,neutral,0.0,neutral,False,0.0,,neutral,neutral,0.9115700125694276,0.0256854202598333,0.9115700125694276,0.0627446100115776
1331690454041080,krysterbel nz nankamba silwamba hi hi long time kryst,False,0.0,neutral,0.0,0.0,1.0,0.0,neutral,0.0,neutral,False,0.0,,neutral,neutral,0.8348543047904968,0.0233060754835605,0.8348543047904968,0.1418396383523941
273359858632446,please normalize coz im only remaining 3 units,False,0.3182,positive,0.3182,0.277,0.723,0.0,positive,0.3182,positive,False,0.0,,neutral,neutral,0.5904043316841125,0.2797814011573791,0.5904043316841125,0.1298141926527023
931374732181605,nansi miti awe sure,False,0.3182,positive,-0.0818,0.434,0.566,0.0,negative,-0.0818,negative,True,-0.4,awe,neutral,neutral,0.8400816917419434,0.049191016703844,0.8400816917419434,0.1107273325324058
561240262529112,horence muzo musonda exactly,False,0.0,neutral,0.0,0.0,1.0,0.0,neutral,0.0,neutral,False,0.0,,neutral,neutral,0.8658856749534607,0.05756776034832,0.8658856749534607,0.0765465423464775
7788987291207932,pa wanu lelo only 1 hour power iye,False,0.0,neutral,0.0,0.0,1.0,0.0,neutral,0.0,neutral,False,0.0,,neutral,neutral,0.8093403577804565,0.1153025031089782,0.8093403577804565,0.0753572061657905
1227401631787100,zesco limited starting today ka loadsheding should end,False,-0.2263,negative,-0.2263,0.0,0.787,0.213,negative,-0.2263,negative,False,0.0,,neutral,neutral,0.7964608669281006,0.1701002120971679,0.7964608669281006,0.0334388762712478
857564435493695,thing don t even follow time table s biggest problem just switch whenever how ever like could give us solid timetable would atleast help us plan,False,0.4767,positive,0.4767,0.231,0.678,0.092,positive,0.4767,positive,False,0.0,,negative,negative,0.8233040571212769,0.8233040571212769,0.1633210927248001,0.0133748902007937
937514670872468,reagan mufuzi problem too,False,-0.4019,negative,-0.4019,0.0,0.526,0.474,negative,-0.4019,negative,False,0.0,,negative,negative,0.5041303038597107,0.5041303038597107,0.4828603565692901,0.0130093116313219
1192182698063836,someone want clapped crazy thing shortly u said dry now reach 6hours fact same because going twice day zesco don t think re ur family members jxt cut export power other countries,True,-0.4767,negative,-0.4767,0.073,0.79,0.137,negative,-0.4767,negative,False,0.0,,negative,negative,0.7829611301422119,0.7829611301422119,0.2040232270956039,0.0130156632512807
1214931469120717,annah azula chirwa how loadshedding breakdown treating,False,0.0,neutral,0.0,0.0,1.0,0.0,neutral,0.0,neutral,False,0.0,,neutral,neutral,0.902272403240204,0.0610720552504062,0.902272403240204,0.0366555117070674
3872353856318219,mwila twangasha least normalized today kind nonsense telling us elo never,False,0.1779,positive,0.1779,0.225,0.596,0.179,positive,0.1779,positive,False,0.0,,negative,negative,0.7796309590339661,0.7796309590339661,0.2086565196514129,0.011712466366589
1356239715051294,very hopeless something t even follow,False,-0.5095,negative,-0.5095,0.0,0.548,0.452,negative,-0.5095,negative,False,0.0,,negative,negative,0.9264305233955384,0.9264305233955384,0.0660498067736625,0.0075196609832346
1800675874007908,aaaah ok muli na courage imwe aii,False,0.6597,positive,0.6597,0.519,0.481,0.0,positive,0.6597,positive,False,0.0,,positive,positive,0.5061294436454773,0.0177907925099134,0.4760797023773193,0.5061294436454773
928730689070139,flavia mwenzi phiri tiyeni che tiba lowe zesco pa last ine tired,False,-0.34,negative,-0.34,0.104,0.694,0.201,negative,-0.34,negative,False,0.0,,neutral,neutral,0.8206681609153748,0.1133125275373458,0.8206681609153748,0.0660193562507629
416841741112021,chansa joe kapema yes haven t sunday 01 meaning almost two days now,False,0.4019,positive,0.4019,0.197,0.803,0.0,positive,0.4019,positive,False,0.0,,neutral,neutral,0.8992965817451477,0.0133904544636607,0.8992965817451477,0.0873128995299339
601958428357758,bright mwika very true,False,0.7178,positive,0.7178,0.75,0.25,0.0,positive,0.7178,positive,False,0.0,,positive,positive,0.9027379751205444,0.0056186285801231,0.0916433855891227,0.9027379751205444
1810122456027775,also going adjusting like fuel every month just ready everything nowadays maa,False,0.6124,positive,0.6124,0.333,0.667,0.0,positive,0.6124,positive,False,0.0,,neutral,neutral,0.73117595911026,0.1695760786533355,0.73117595911026,0.0992479473352432
500039125366821,schedule followed yesterday only 2 hours electricity medication fridge don t know how 6 hours working,True,0.0,neutral,0.0,0.0,1.0,0.0,negative,0.0,negative,False,0.0,,negative,negative,0.5915136337280273,0.5915136337280273,0.3868173062801361,0.0216690879315137
1035293141732345,nothing changed kumwesu,False,0.0,neutral,0.0,0.0,1.0,0.0,neutral,0.0,neutral,False,0.0,,neutral,neutral,0.6893699765205383,0.2314889878034591,0.6893699765205383,0.0791410207748413
2471204746381373,samfya someone playing electricity yaleyafye anytime today only having power less than 10 minutes 3 times ukuya amalaiti,False,0.2023,positive,0.2023,0.101,0.899,0.0,positive,0.2023,positive,False,0.0,,negative,negative,0.4984982013702392,0.4984982013702392,0.4618973433971405,0.0396043807268142
287915833941947,people helping same people go zala wait list bwana backlog,False,0.296,positive,0.296,0.196,0.804,0.0,positive,0.296,positive,False,0.0,,neutral,neutral,0.7693831324577332,0.1995065510272979,0.7693831324577332,0.0311103109270334
753921863538850,makes sense under circumstance,False,0.0,neutral,0.0,0.0,1.0,0.0,neutral,0.0,neutral,False,0.0,,neutral,neutral,0.6854090094566345,0.1115329191088676,0.6854090094566345,0.203058049082756
610802407817623,violet zimba enter first 2 sets numbers units number,False,0.0772,positive,0.0772,0.157,0.843,0.0,positive,0.0772,positive,False,0.0,,neutral,neutral,0.9140661358833312,0.0139656579121947,0.9140661358833312,0.0719682648777961
8267421929961933,lelo nipa ma laiti yayenda zero fo,False,0.0,neutral,0.0,0.0,1.0,0.0,neutral,0.0,neutral,False,0.0,,neutral,neutral,0.774496853351593,0.14511239528656,0.774496853351593,0.0803907960653305
817522089539966,s plan imwe,False,0.0,neutral,0.0,0.0,1.0,0.0,neutral,0.0,neutral,False,0.0,,neutral,neutral,0.6866834759712219,0.142128512263298,0.6866834759712219,0.1711879968643188
1457762855058197,nothing just changed truth front,False,-0.2411,negative,-0.2411,0.0,0.671,0.329,negative,-0.2411,negative,False,0.0,,neutral,neutral,0.6320199370384216,0.3310972154140472,0.6320199370384216,0.0368828624486923
1681413012651571,dennis zulu ok u give us power during day,False,0.296,positive,0.296,0.239,0.761,0.0,positive,0.296,positive,False,0.0,,neutral,neutral,0.7186404466629028,0.0265799555927515,0.7186404466629028,0.254779577255249
1539253826550352,isaac zulu take papas seriously nigeria re having elections february papas quiet because people nigeria know re conmen,False,-0.1779,negative,-0.1779,0.0,0.909,0.091,negative,-0.1779,negative,False,0.0,,negative,negative,0.5065109729766846,0.5065109729766846,0.467483252286911,0.0260057635605335
1079026869751807,kkkkk those just wait seconds,False,0.0,neutral,0.0,0.0,1.0,0.0,neutral,0.0,neutral,False,0.0,,neutral,neutral,0.7297690510749817,0.1933246999979019,0.7297690510749817,0.0769062787294387
847543629834086,people serious,False,-0.0772,negative,-0.0772,0.0,0.435,0.565,negative,-0.0772,negative,False,0.0,,neutral,neutral,0.6042684316635132,0.2843867242336273,0.6042684316635132,0.1113448143005371
1177718989955439,namatama magdalene lubinda mental health activist imagine,False,0.0,neutral,0.0,0.0,1.0,0.0,neutral,0.0,neutral,False,0.0,,neutral,neutral,0.8518888354301453,0.1171815171837806,0.8518888354301453,0.030929759144783
732749352071328,whole load shedding ine natinkiwa much s power deficit plan b supposed implemented manje kulibe plan b make matters worse re going beyond 8hour schedule deliberately obviously guys just increased load shedding hours 10hours won t tell us only april happens october s question ba zesco limited really doing curb 10hour load shedding plan b right,True,-0.2023,negative,-0.2023,0.118,0.751,0.131,negative,-0.2023,negative,False,0.0,,negative,negative,0.8400768041610718,0.8400768041610718,0.15183986723423,0.0080833053216338
479734924316779,yesterday power went 12 00 came back 18 00 went 24 00 came 06 00 katwishi tulelola,False,0.0,neutral,0.0,0.0,1.0,0.0,neutral,0.0,neutral,False,0.0,,neutral,neutral,0.9082913994789124,0.0328625179827213,0.9082913994789124,0.0588460564613342
1711668552902047,jeff chomwa chindele t trusted,False,0.4767,positive,0.4767,0.508,0.492,0.0,positive,0.4767,positive,False,0.0,,neutral,neutral,0.8981033563613892,0.0427783280611038,0.8981033563613892,0.0591182745993137
548275573885493,yen yearned moola snr fit waesu,False,0.3612,positive,0.3612,0.333,0.667,0.0,positive,0.3612,positive,False,0.0,,neutral,neutral,0.8536622524261475,0.0513665340840816,0.8536622524261475,0.0949711352586746
311057938684793,jason joshua ka normal kali questionable,False,-0.296,negative,-0.296,0.0,0.694,0.306,negative,-0.296,negative,False,0.0,,neutral,neutral,0.887823760509491,0.084375686943531,0.887823760509491,0.0278006289154291
860691078549411,cathy chiwila kasonkomona counting same iyo kwena,False,0.0,neutral,0.0,0.0,1.0,0.0,neutral,0.0,neutral,False,0.0,,neutral,neutral,0.9259690046310424,0.0226251762360334,0.9259690046310424,0.051405768841505
796800835522927,even same problem disappointed,False,-0.7003,negative,-0.7003,0.0,0.256,0.744,negative,-0.7003,negative,False,0.0,,negative,negative,0.8376591801643372,0.8376591801643372,0.1473962068557739,0.0149446139112114
489266630038074,andy c p andrews personally feel pf boast because time power supply low compared now excuse upnd now predecessor constructed kafue gorge lower,False,-0.4588,negative,-0.4588,0.055,0.763,0.182,negative,-0.4588,negative,False,0.0,,neutral,neutral,0.5255682468414307,0.4464008212089538,0.5255682468414307,0.0280309841036796
694390852176371,awe zingalume suffered don t even follow time table busy texting us fault stop,False,-0.7964,negative,-1.0,0.0,0.552,0.448,negative,-1.0,negative,True,-0.4,awe,negative,negative,0.8693908452987671,0.8693908452987671,0.1235627010464668,0.0070464457385241
1873621619794130,ba ze nipa 1 okotomber lelo,False,0.0,neutral,0.0,0.0,1.0,0.0,neutral,0.0,neutral,False,0.0,,neutral,neutral,0.7799041271209717,0.1077765449881553,0.7799041271209717,0.1123193129897117
903100007535654,sipalo alex ntoka people condemn still going lie water levels everyone affected youth begin regret voting coz s change,False,-0.7184,negative,-0.7184,0.0,0.682,0.318,negative,-0.7184,negative,False,0.0,,negative,negative,0.831096351146698,0.831096351146698,0.1619026064872741,0.0070010153576731
842383250210740,please uulolesha kunkana college aposeko amano ifwe tatukwete amaalaiti bambi nabakwata ifyakuminkonka kuma officeses tatulefwaya,False,0.3182,positive,0.3182,0.141,0.859,0.0,positive,0.3182,positive,False,0.0,,neutral,neutral,0.7123820781707764,0.1341244280338287,0.7123820781707764,0.1534935235977172
918822943645810,saviour alingo chisanga battery powered meters those attached wall usually come just press 005 enter see 2 2 1 2 see 2 2 updated,False,0.0,neutral,0.0,0.0,1.0,0.0,neutral,0.0,neutral,False,0.0,,neutral,neutral,0.9139491319656372,0.0126998098567128,0.9139491319656372,0.073351114988327
966343037752683,seem under stuffed,False,0.0,neutral,0.0,0.0,1.0,0.0,neutral,0.0,neutral,False,0.0,,neutral,neutral,0.5160766839981079,0.4468035399913788,0.5160766839981079,0.037119798362255
1301581687416894,s prepaid how go,False,0.0,neutral,0.0,0.0,1.0,0.0,neutral,0.0,neutral,False,0.0,,neutral,neutral,0.690123975276947,0.116829439997673,0.690123975276947,0.1930465996265411
972073417465218,mubanga ndakala simwinga ati don t purchase units today,False,0.0,neutral,0.0,0.0,1.0,0.0,neutral,0.0,neutral,False,0.0,,neutral,neutral,0.6230466961860657,0.3527940511703491,0.6230466961860657,0.0241592656821012
1073389894142647,president lies how guys expect lie,False,-0.4215,negative,-0.4215,0.0,0.641,0.359,negative,-0.4215,negative,False,0.0,,negative,negative,0.8076164126396179,0.8076164126396179,0.1762004792690277,0.0161831174045801
1539253826550352,siwimoji siwi l remember re hot soup,False,0.0,neutral,0.0,0.0,1.0,0.0,neutral,0.0,neutral,False,0.0,,neutral,neutral,0.8547429442405701,0.0436641387641429,0.8547429442405701,0.1015929579734802
963842635565289,benja min t see also,False,0.0,neutral,0.0,0.0,1.0,0.0,neutral,0.0,neutral,False,0.0,,neutral,neutral,0.8814184069633484,0.019290417432785,0.8814184069633484,0.0992912277579307
1681413012651571,dennis zulu re just dull zesco limited first time re having drought country,False,-0.5574,negative,-0.5574,0.0,0.705,0.295,negative,-0.5574,negative,False,0.0,,negative,negative,0.857844352722168,0.857844352722168,0.1331904530525207,0.0089651737362146
698220705272026,hon mwinga s still 12 hours,False,0.0,neutral,0.0,0.0,1.0,0.0,neutral,0.0,neutral,False,0.0,,neutral,neutral,0.8789817690849304,0.0455531924962997,0.8789817690849304,0.0754650682210922
855178339067685,wat experiencing totally different wat u saying coz imagine 00 00 hours 06 00 reality 00 00 13 00,False,0.0,neutral,0.0,0.0,1.0,0.0,neutral,0.0,neutral,False,0.0,,neutral,neutral,0.8883370161056519,0.0760230794548988,0.8883370161056519,0.0356398895382881
486438580109819,stick time say 12hrs ensure power restored time planning purposes,False,0.6124,positive,0.6124,0.385,0.615,0.0,positive,0.6124,positive,False,0.0,,neutral,neutral,0.8746957778930664,0.0302051175385713,0.8746957778930664,0.0950990244746208
897159995517444,invest solar wind naimwe sure,False,0.3182,positive,0.3182,0.365,0.635,0.0,positive,0.3182,positive,False,0.0,,neutral,neutral,0.8348619937896729,0.0610287860035896,0.8348619937896729,0.1041092425584793
818042396451221,re talking six weeks us s months,False,0.0,neutral,0.0,0.0,1.0,0.0,neutral,0.0,neutral,False,0.0,,neutral,neutral,0.910106360912323,0.0364757627248764,0.910106360912323,0.0534178838133811
230441863205721,s zesco toll free number,False,0.5574,positive,0.5574,0.697,0.303,0.0,positive,0.5574,positive,False,0.0,,neutral,neutral,0.8294011354446411,0.062600165605545,0.8294011354446411,0.107998676598072
1629209498017373,energy regulation board erbenergy regulation board erb electricity 3 days expect us able follow ka deadline kabo decipline chaps,False,0.2732,positive,0.2732,0.11,0.89,0.0,positive,0.2732,positive,False,0.0,,neutral,neutral,0.8815178275108337,0.0485837571322917,0.8815178275108337,0.0698984041810035
1539253826550352,moses chewe english cause miscarriage boss,False,0.0,neutral,0.0,0.0,1.0,0.0,neutral,0.0,neutral,False,0.0,,neutral,neutral,0.5932061076164246,0.3378228545188904,0.5932061076164246,0.0689710900187492
544512224276231,ameno yapela staggering won t help,False,0.7506,positive,0.7506,0.681,0.319,0.0,positive,0.7506,positive,False,0.0,,negative,negative,0.6841061115264893,0.6841061115264893,0.2972289323806762,0.0186649970710277
1040374210748815,zesco limited 1st october 2024 sunu lelo nomba now need see promised,False,0.1531,positive,0.1531,0.174,0.694,0.132,positive,0.1531,positive,False,0.0,,neutral,neutral,0.8962881565093994,0.0246429294347763,0.8962881565093994,0.0790689438581466
1452000772140115,ba zesco said 1st october didn t specify year lol tekanyeni,False,0.4215,positive,0.4215,0.237,0.763,0.0,positive,0.4215,positive,False,0.0,,neutral,neutral,0.7473300099372864,0.2106858789920807,0.7473300099372864,0.0419841259717941
879154983427096,frank banda mercy 2026,False,0.3612,positive,0.3612,0.455,0.545,0.0,positive,0.3612,positive,False,0.0,,neutral,neutral,0.8960275650024414,0.02067107334733,0.8960275650024414,0.0833013132214546
6877744568925424,benson kanyembo issue too,False,0.0,neutral,0.0,0.0,1.0,0.0,neutral,0.0,neutral,False,0.0,,neutral,neutral,0.8735159635543823,0.101778008043766,0.8735159635543823,0.0247059781104326
1182241866192013,explain step 2 3 excess energy how feed into greed,False,-0.1531,negative,-0.1531,0.194,0.556,0.25,negative,-0.1531,negative,False,0.0,,neutral,neutral,0.5392215251922607,0.4321332573890686,0.5392215251922607,0.0286452677100896
2182068691972856,titus masumbuku ivunda stop wasting precious time,False,-0.0516,negative,-0.0516,0.294,0.317,0.389,negative,-0.0516,negative,False,0.0,,negative,negative,0.8368996977806091,0.8368996977806091,0.1537511944770813,0.009349076077342
1358308531421267,talking 6weeks m staying zesco paid 2021 till now ni story story,False,0.0,neutral,0.0,0.0,1.0,0.0,neutral,0.0,neutral,False,0.0,,neutral,neutral,0.9095858335494996,0.0197839085012674,0.9095858335494996,0.0706303045153617
877475911019261,october ati bwanji ba zesco ka promise,False,0.3182,positive,0.3182,0.277,0.723,0.0,positive,0.3182,positive,False,0.0,,neutral,neutral,0.7997941970825195,0.0147178182378411,0.7997941970825195,0.1854880303144455
807091348033010,susan j stephens,False,0.0,neutral,0.0,0.0,1.0,0.0,neutral,0.0,neutral,False,0.0,,neutral,neutral,0.8520070910453796,0.0627541989088058,0.8520070910453796,0.0852386802434921
1030676758298108,bali busy ku ndola opening trade fair instead solving problems,False,0.25,positive,0.25,0.326,0.486,0.188,positive,0.25,positive,False,0.0,,neutral,neutral,0.6008514165878296,0.3673905432224273,0.6008514165878296,0.031758040189743
2981527101988605,ppl should fixed timetable every week mulecinja cinja stick timetable please,False,0.3182,positive,0.3182,0.187,0.813,0.0,positive,0.3182,positive,False,0.0,,neutral,neutral,0.6532655358314514,0.3058575391769409,0.6532655358314514,0.0408769808709621
714443850629043,womba kampeu siingwa azanda babe vazee,False,0.0,neutral,0.0,0.0,1.0,0.0,neutral,0.0,neutral,False,0.0,,neutral,neutral,0.7696616649627686,0.0482577830553054,0.7696616649627686,0.1820805519819259
858763822055995,yvonne yasini chilonge true,False,0.4215,positive,0.4215,0.483,0.517,0.0,positive,0.4215,positive,False,0.0,,neutral,neutral,0.8282639384269714,0.0239450447261333,0.8282639384269714,0.1477910727262497
1539253826550352,dester muzyamba ok see,False,0.296,positive,0.296,0.423,0.577,0.0,positive,0.296,positive,False,0.0,,neutral,neutral,0.8340392112731934,0.0748051479458808,0.8340392112731934,0.0911556631326675
1096573222127959,bridget tembo don t key meter automatically just enter first ktc1 code meter automatically clear enter ktc2 code clear enter code units check units added means need call zesco come update,False,0.6369,positive,0.6369,0.157,0.843,0.0,positive,0.6369,positive,False,0.0,,neutral,neutral,0.887346088886261,0.0568851493299007,0.887346088886261,0.0557687357068061
523722040251973,s 1st october waiting rationing schedule promise,False,0.3182,positive,0.3182,0.315,0.685,0.0,positive,0.3182,positive,False,0.0,,neutral,neutral,0.825154721736908,0.0195638667792081,0.825154721736908,0.1552814096212387
967038334570462,zambians like complaining too much,False,0.1779,positive,0.1779,0.342,0.411,0.247,positive,0.1779,positive,False,0.0,,negative,negative,0.7706515789031982,0.7706515789031982,0.2176863253116607,0.0116620929911732
1366446937441510,let us know issue comparing hh god catholic church song umuntu nangu achindame tewakulumba kano fye lesa uwamumulu ewa kulumba ee let us very careful compare zikomo,False,0.4576,positive,0.4576,0.138,0.862,0.0,positive,0.4576,positive,False,0.0,,neutral,neutral,0.8058319091796875,0.1247289776802063,0.8058319091796875,0.0694391056895256
2309913445845051,zollywood tv bally just ok,False,0.296,positive,0.296,0.355,0.645,0.0,positive,0.296,positive,False,0.0,,neutral,neutral,0.6647539138793945,0.0407121814787387,0.6647539138793945,0.2945338785648346
1056556399810818,o neil mweemba hospitality redefined exactly expecting announced stability,False,0.0,neutral,0.0,0.0,1.0,0.0,neutral,0.0,neutral,False,0.0,,neutral,neutral,0.8464642763137817,0.1022579967975616,0.8464642763137817,0.0512777641415596
512477794982260,government brok,False,0.0,neutral,0.0,0.0,1.0,0.0,neutral,0.0,neutral,False,0.0,,neutral,neutral,0.7351855635643005,0.1628098487854004,0.7351855635643005,0.1020044758915901
513652114864664,natasha mwaba kids learned eat nemilembwe apa,False,0.0,neutral,0.0,0.0,1.0,0.0,neutral,0.0,neutral,False,0.0,,neutral,neutral,0.7843169569969177,0.147740438580513,0.7843169569969177,0.0679425448179245
1085032883086669,chomba lesa malembeka know,False,0.0,neutral,0.0,0.0,1.0,0.0,neutral,0.0,neutral,False,0.0,,neutral,neutral,0.8012762069702148,0.0926491171121597,0.8012762069702148,0.1060746312141418
521413643944406,kakunta maggie chibale right imagine don t know exactly power going coming back time table iyamano switch off power apobalefyaila kwangala uku kabwe luangwa ericka street power goes same schedule morning elo business,False,0.0,neutral,0.0,0.0,1.0,0.0,neutral,0.0,neutral,False,0.0,,neutral,neutral,0.8575942516326904,0.1030879691243171,0.8575942516326904,0.0393177829682827
777180491142441,zesco limited following scheduled posted s very inconveniencing reconnect 2hours post time scheduled,False,-0.2263,negative,-0.2263,0.0,0.853,0.147,negative,-0.2263,negative,False,0.0,,negative,negative,0.8627628684043884,0.8627628684043884,0.1309462636709213,0.0062909177504479
644107217775772,should get less units first payment,False,0.0,neutral,0.0,0.0,1.0,0.0,neutral,0.0,neutral,False,0.0,,neutral,neutral,0.5635623335838318,0.4065784215927124,0.5635623335838318,0.0298592299222946
1412640559380275,hello louise naudé thank reaching zesco kindly note power goes outside loadshedding hours could experiencing fault report dialing 3600 following prompts complaint registration assisted bz,False,0.4588,positive,0.4588,0.271,0.579,0.149,positive,0.4588,positive,False,0.0,,neutral,neutral,0.7700062990188599,0.0677499547600746,0.7700062990188599,0.1622437536716461
691842862478873,don t power since yesterday night chipata overspil,False,0.0,neutral,0.0,0.0,1.0,0.0,neutral,0.0,neutral,False,0.0,,neutral,neutral,0.5033103823661804,0.4738725423812866,0.5033103823661804,0.0228170081973075
2026827234327779,andrew jere use sbsa account just bought chicks,False,0.0,neutral,0.0,0.0,1.0,0.0,neutral,0.0,neutral,False,0.0,,neutral,neutral,0.8862498998641968,0.048883844166994,0.8862498998641968,0.0648661702871322
1047142153559111,maryann franks s beyond joke hope doing ok message ever need anything,False,0.743,positive,0.743,0.477,0.523,0.0,positive,0.743,positive,False,0.0,,neutral,neutral,0.411634087562561,0.4014919400215149,0.411634087562561,0.1868738979101181
858763822055995,yvonne yasini chilonge exactly fail stick time table mostly off period prolonged,False,-0.5423,negative,-0.5423,0.0,0.759,0.241,negative,-0.5423,negative,False,0.0,,negative,negative,0.5462745428085327,0.5462745428085327,0.4359399080276489,0.0177855845540761
724725065639374,shy gibbs international graphics simbarashe soko behavior kuno,False,-0.25,negative,-0.25,0.0,0.778,0.222,negative,-0.25,negative,False,0.0,,neutral,neutral,0.6353839039802551,0.3355425000190735,0.6353839039802551,0.0290736854076385
1045021707103658,andrew mwansa even s insult support bro,False,-0.1531,negative,-0.1531,0.27,0.4,0.33,negative,-0.1531,negative,False,0.0,,negative,negative,0.5214592218399048,0.5214592218399048,0.4447146654129028,0.0338260866701602
1166124727370917,imwe amenshi mu rainy season yakama mu october,False,-0.0772,negative,-0.0772,0.0,0.843,0.157,negative,-0.0772,negative,False,0.0,,neutral,neutral,0.8614282608032227,0.0325271673500537,0.8614282608032227,0.1060446724295616
570937941161607,mailaiti yaenda kuno stick schedule,False,0.0,neutral,0.0,0.0,1.0,0.0,neutral,0.0,neutral,False,0.0,,neutral,neutral,0.8342877626419067,0.0848605781793594,0.8342877626419067,0.0808517560362815
823574169989210,katerina altop true selling other countries seems like alot people sayong same really words express disappointment,False,0.1868,positive,0.1868,0.242,0.595,0.163,positive,0.1868,positive,False,0.0,,negative,negative,0.681842565536499,0.681842565536499,0.3002128899097442,0.0179446246474981
382025698309470,get serious 1st october net metering,False,-0.0772,negative,-0.0772,0.0,0.794,0.206,negative,-0.0772,negative,False,0.0,,neutral,neutral,0.713627278804779,0.210435688495636,0.713627278804779,0.0759370103478431
877398570239153,plenty story cut short thank mrs zemstvo mosonda being truly appreciate kind positive words nice doing business low financial status went through depression come alive don t know how much bitterness because ever since started investing into mrs zemstvo mosonda company platform started benefiting through became positive stopped listening people rumors talks zemstvo mosonda,True,0.9118,positive,0.9118,0.315,0.522,0.163,negative,0.9118,negative,False,0.0,,positive,positive,0.8820241689682007,0.0289734825491905,0.0890024080872535,0.8820241689682007
1681413012651571,dennis zulu need forfeit voters card people think like should involved important decisions,False,0.5106,positive,0.5106,0.281,0.719,0.0,positive,0.5106,positive,False,0.0,,neutral,neutral,0.7493001818656921,0.1933817416429519,0.7493001818656921,0.0573180951178073
1250920245495063,killings happening other parts country now loadsheding during night security kaya,False,-0.4767,negative,-0.4767,0.151,0.566,0.283,negative,-0.4767,negative,False,0.0,,negative,negative,0.8104984760284424,0.8104984760284424,0.181736335158348,0.0077651585452258
953962346386219,criteria honestly speaking s tallying people s demands expectations how cutt off power during day bring midnight cutt off early morning before go through schedules please make sure things balance because now becoming incompetent work standards reporting johnlaiag chidundu area zesco limited,False,0.3818,positive,0.3818,0.16,0.735,0.105,positive,0.3818,positive,False,0.0,,negative,negative,0.6184099316596985,0.6184099316596985,0.36265429854393,0.01893568970263
1384698558972058,simple instructions president cant follow still experiencing same 12hrs power cut chingola 05am almost 8pm nights ninshi mwapangwa shani,False,-0.2732,negative,-0.2732,0.0,0.896,0.104,negative,-0.2732,negative,False,0.0,,negative,negative,0.8507016897201538,0.8507016897201538,0.1413770020008087,0.0079212486743927
1292298335134457,how check without electricity imwe should serious ai,False,-0.0772,negative,-0.0772,0.0,0.843,0.157,negative,-0.0772,negative,False,0.0,,negative,negative,0.629141092300415,0.629141092300415,0.3502108156681061,0.0206480976194143
1546678479322668,grace lyoba ask boi good question,False,0.6908,positive,0.6908,0.588,0.412,0.0,positive,0.6908,positive,False,0.0,,neutral,neutral,0.5711495280265808,0.0381994061172008,0.5711495280265808,0.3906510472297668
2722259621287522,want hear feedback ba zesco limitedd today first october net meeting,False,0.0772,positive,0.0772,0.115,0.885,0.0,positive,0.0772,positive,False,0.0,,neutral,neutral,0.8737661242485046,0.028758842498064,0.8737661242485046,0.0974750444293022
984198436601199,ati 06 14 took 05hrs ba zesco limited try maintain time least prepare ourselves work between 04 05,False,-0.2263,negative,-0.2263,0.0,0.899,0.101,negative,-0.2263,negative,False,0.0,,neutral,neutral,0.899627685546875,0.0523234270513057,0.899627685546875,0.0480488240718841
1133189314375206,jane chiwila right especially baker s helps planing,False,0.4364,positive,0.4364,0.324,0.676,0.0,positive,0.4364,positive,False,0.0,,neutral,neutral,0.7417286038398743,0.0355502478778362,0.7417286038398743,0.2227210998535156
885707319525548,johnson njobvu get mxxxm,False,0.0,neutral,0.0,0.0,1.0,0.0,neutral,0.0,neutral,False,0.0,,neutral,neutral,0.8385613560676575,0.0763895139098167,0.8385613560676575,0.0850491523742675
578739588183932,meter prepaid doesn t hash key how update,False,0.0,neutral,0.0,0.0,1.0,0.0,neutral,0.0,neutral,False,0.0,,negative,negative,0.6374913454055786,0.6374913454055786,0.3485754132270813,0.0139332665130496
610802407817623,richard chilawo sikaleya numbers those,False,0.0,neutral,0.0,0.0,1.0,0.0,neutral,0.0,neutral,False,0.0,,neutral,neutral,0.8438541293144226,0.093997836112976,0.8438541293144226,0.0621480047702789
1077101027019576,michy susan musenge lol ohgee keep strong only strong survive,False,0.8555,positive,0.8555,0.573,0.427,0.0,positive,0.8555,positive,False,0.0,,neutral,neutral,0.5035510063171387,0.0353917255997657,0.5035510063171387,0.4610573351383209
7359122830872795,francesca f kabaso useless company,False,-0.4215,negative,-0.4215,0.0,0.517,0.483,negative,-0.4215,negative,False,0.0,,negative,negative,0.8825128078460693,0.8825128078460693,0.1077843457460403,0.0097027998417615
934227224870277,roll over mumbers shown zesco app valid because tried entering those numbers without success dont receive roll over pins buy zesco units mean successful entering numbers because sad face blinks metre box understand means successful,False,0.3616,positive,0.3616,0.17,0.694,0.136,positive,0.3616,positive,False,0.0,,negative,negative,0.6118099689483643,0.6118099689483643,0.3305142819881439,0.0576756857335567
618831263798949,susan khondowe mathews same kuno,False,0.0,neutral,0.0,0.0,1.0,0.0,neutral,0.0,neutral,False,0.0,,neutral,neutral,0.9198998212814332,0.0373255722224712,0.9198998212814332,0.042774561792612
724159483123342,florence mwape ask mwandi,False,0.0,neutral,0.0,0.0,1.0,0.0,neutral,0.0,neutral,False,0.0,,neutral,neutral,0.8781524896621704,0.0429481528699398,0.8781524896621704,0.0788993015885353
752092206314556,mubanga ndakasha mujajati same even,False,0.0,neutral,0.0,0.0,1.0,0.0,neutral,0.0,neutral,False,0.0,,neutral,neutral,0.8890299797058105,0.0705163404345512,0.8890299797058105,0.0404536947607994
8363272740435473,gravea mofya iwe naiwe,False,0.0,neutral,0.0,0.0,1.0,0.0,neutral,0.0,neutral,False,0.0,,neutral,neutral,0.6114429235458374,0.2493335008621215,0.6114429235458374,0.1392235606908798
563104089600203,keep updating public don t even follow timeline eg rhodespark doesn t power days s restored s less than three hours stop wasting bundles ours mxxxxxxxxxxxm,False,-0.3612,negative,-0.3612,0.091,0.722,0.186,negative,-0.3612,negative,False,0.0,,negative,negative,0.8808721303939819,0.8808721303939819,0.1122098863124847,0.0069179651327431
854564492441400,01 yashima 04 yaisa 05 yashima 16 chakuti yaisa same 16 chakuti yashima feel pity bashi ma butcher saloons barbershops etc fact let power go good aren t interested anymore,False,0.5267,positive,0.5267,0.166,0.769,0.065,positive,0.5267,positive,False,0.0,,negative,negative,0.7291280031204224,0.7291280031204224,0.2549125254154205,0.0159595012664794
418604890897874,mark mwandila iwe nkumba just report didn t hear zesco announcements,False,0.0,neutral,0.0,0.0,1.0,0.0,neutral,0.0,neutral,False,0.0,,neutral,neutral,0.8321875929832458,0.1165349557995796,0.8321875929832458,0.0512775108218193
555614637082664,umungulu how bring such important information eleventh hour morever people don t even power homes how going check sure,False,0.4767,positive,0.4767,0.204,0.796,0.0,positive,0.4767,positive,False,0.0,,neutral,neutral,0.6636781096458435,0.2448111623525619,0.6636781096458435,0.0915107727050781
4846508602140505,people still complaining s easy talk criticize u aren t league put u president forever darkness,False,-0.3612,negative,-0.3612,0.168,0.462,0.37,negative,-0.3612,negative,False,0.0,,negative,negative,0.8955556750297546,0.8955556750297546,0.0974695533514022,0.0069748004898428
492310796602094,kalomo latest same,False,0.0,neutral,0.0,0.0,1.0,0.0,neutral,0.0,neutral,False,0.0,,neutral,neutral,0.857849657535553,0.0844871327280998,0.857849657535553,0.0576632358133792
1372805636872104,better rotation schedule even six hour break e us feeling benefit having break cause power cut morning restored work get back home cuts,False,0.6705,positive,0.6705,0.326,0.532,0.143,positive,0.6705,positive,False,0.0,,positive,positive,0.4902490377426147,0.0416707471013069,0.4680802822113037,0.4902490377426147
1047142153559111,schedules changing weekly basis cannot survive power only 24 hrs 03 hrs foreseeable future,False,0.0,neutral,0.0,0.0,1.0,0.0,neutral,0.0,neutral,False,0.0,,negative,negative,0.8413600325584412,0.8413600325584412,0.1485050022602081,0.0101349167525768
715643390256377,manje parts lusaka being load shedding parts country too zesco never follows load shedding schedule,False,0.0,neutral,0.0,0.0,1.0,0.0,neutral,0.0,neutral,False,0.0,,negative,negative,0.8147798776626587,0.8147798776626587,0.1763391196727752,0.0088810166344046
1201200271113616,heard power supply stabilising beginning today how progress far,False,0.4215,positive,0.4215,0.259,0.741,0.0,positive,0.4215,positive,False,0.0,,neutral,neutral,0.5506510138511658,0.0070494483225047,0.5506510138511658,0.442299485206604
1322610832456208,kabika harriet imagine sis lying us straight faces bachilamo reason go home,False,-0.3612,negative,-0.3612,0.124,0.654,0.222,negative,-0.3612,negative,False,0.0,,negative,negative,0.8455830216407776,0.8455830216407776,0.1481784433126449,0.0062386197969317
850448113530235,want schedule noti,False,0.0772,positive,0.0772,0.394,0.606,0.0,positive,0.0772,positive,False,0.0,,neutral,neutral,0.8138064742088318,0.1037373170256614,0.8138064742088318,0.0824562534689903
633645125228896,cristinah lay s things,False,0.0,neutral,0.0,0.0,1.0,0.0,neutral,0.0,neutral,False,0.0,,neutral,neutral,0.8767576217651367,0.0545697398483753,0.8767576217651367,0.068672701716423
8568999953161611,roxanne barratt ati come 1st october power situation stabilise only present us rubbish,False,0.0,neutral,0.0,0.0,1.0,0.0,neutral,0.0,neutral,False,0.0,,negative,negative,0.8104493618011475,0.8104493618011475,0.1766689419746399,0.0128817530348896
1220659632309494,zesco chimo fye na,False,0.0,neutral,0.0,0.0,1.0,0.0,neutral,0.0,neutral,False,0.0,,neutral,neutral,0.7671240568161011,0.0273410771042108,0.7671240568161011,0.2055349498987198
956324979489132,lusaka group e passed 14 yashani malaiti,False,0.0,neutral,0.0,0.0,1.0,0.0,neutral,0.0,neutral,False,0.0,,neutral,neutral,0.8539415597915649,0.0789914280176162,0.8539415597915649,0.0670669823884964
1306240460754096,how even update without power kindly advise how update without power,False,-0.3875,negative,-0.3875,0.0,0.792,0.208,negative,-0.3875,negative,False,0.0,,neutral,neutral,0.511513352394104,0.4592727422714233,0.511513352394104,0.0292138289660215
858763822055995,problem don t even stick timetable switch off whenever don t rotate switch off same time everyday depriving people certain things don t remember last day watched main news coz always don t power evening should rotating,False,-0.5574,negative,-0.5574,0.056,0.794,0.151,negative,-0.5574,negative,False,0.0,,negative,negative,0.875564455986023,0.875564455986023,0.1183931902050972,0.0060422616079449
823574169989210,guys promised 17 hours load shedding september failed deliver thought would give even 6 hours power residential areas october failed short term plan zesco now wait rains let s just pray rains start early should last long should heavy,True,-0.4215,negative,-0.4215,0.108,0.743,0.149,negative,-0.4215,negative,False,0.0,,negative,negative,0.8697099089622498,0.8697099089622498,0.1185765787959098,0.0117134535685181
618831263798949,nhamo afiya chiwila also surprised always group d niwusiku,False,0.2263,positive,0.2263,0.213,0.787,0.0,positive,0.2263,positive,False,0.0,,neutral,neutral,0.675341784954071,0.0485159009695053,0.675341784954071,0.2761422395706177
1539253826550352,miles jay man ka volume,False,0.0,neutral,0.0,0.0,1.0,0.0,neutral,0.0,neutral,False,0.0,,neutral,neutral,0.8733724355697632,0.0255717951804399,0.8733724355697632,0.1010557115077972
1328739098134987,sense get how came look like children s going imposing everything comes into head rain season,False,0.2732,positive,0.2732,0.148,0.769,0.083,positive,0.2732,positive,False,0.0,,neutral,neutral,0.5891019701957703,0.3618585169315338,0.5891019701957703,0.0490395613014698
2375001119332730,ba zesco should serious comes customers service calling since new years eve upto now haven t shown 46200403866 metre number don t power 10 days now reporting libala stage 4a mayangayanga street house 38,False,0.0,neutral,0.0,0.04,0.92,0.04,neutral,0.0,neutral,False,0.0,,negative,negative,0.772665798664093,0.772665798664093,0.2139190733432769,0.0134151233360171
3654329838127689,twice day ba criminal stop showing us fake timetable,False,-0.8271,negative,-0.8271,0.0,0.408,0.592,negative,-0.8271,negative,False,0.0,,negative,negative,0.7684115767478943,0.7684115767478943,0.2195598185062408,0.0120285730808973
1391164684756543,veronica oputa part silverest live power through night most part day left home without power came back power woke power,False,0.0,neutral,0.0,0.0,1.0,0.0,neutral,0.0,neutral,False,0.0,,neutral,neutral,0.8875447511672974,0.0357047133147716,0.8875447511672974,0.0767505541443824
1354677755466141,mulenda lukhere see chairperson provincial sports weight once echo,False,0.0,neutral,0.0,0.0,1.0,0.0,neutral,0.0,neutral,False,0.0,,neutral,neutral,0.9166199564933776,0.0291045326739549,0.9166199564933776,0.0542755499482154
3735760096660331,immature people whole company failing understand time how city stay without power 12 hours straight how business work like,False,0.0258,neutral,0.0258,0.186,0.675,0.139,neutral,0.0258,neutral,False,0.0,,negative,negative,0.8952382206916809,0.8952382206916809,0.0966028720140457,0.0081589203327894
1191955834833849,welcome back civilization admin kindly man s zesco know better thanks 4 info though,False,0.9001,positive,0.9001,0.6,0.4,0.0,positive,0.9001,positive,False,0.0,,positive,positive,0.7063952684402466,0.0199143067002296,0.273690402507782,0.7063952684402466
1371532063594197,isn t problem problem maliati kwatu yayenda 2days,False,-0.6597,negative,-0.6597,0.0,0.481,0.519,negative,-0.6597,negative,False,0.0,,neutral,neutral,0.7001803517341614,0.2616449892520904,0.7001803517341614,0.0381746664643287
492310796602094,christine joanna julio imagine even threatening ati 24 november else disconnection catches lol,False,-0.1531,negative,-0.1531,0.163,0.64,0.198,negative,-0.1531,negative,False,0.0,,negative,negative,0.658080518245697,0.658080518245697,0.3281329274177551,0.0137865487486124
1184716522154006,monica hara awe ine m failing understand please explain mean say load heading having break time,False,-0.25,negative,-0.65,0.124,0.699,0.177,negative,-0.65,negative,True,-0.4,awe,neutral,neutral,0.8395702242851257,0.1023465692996978,0.8395702242851257,0.0580832287669181
559897986037225,lucky phiri znbc news lusaka,False,0.4215,positive,0.4215,0.412,0.588,0.0,positive,0.4215,positive,False,0.0,,positive,positive,0.91359943151474,0.0116588557139039,0.0747416615486145,0.91359943151474
353891757674580,zesco limited how count hours power cut 06 now 16 still restored,False,-0.1531,negative,-0.1531,0.156,0.584,0.26,negative,-0.1531,negative,False,0.0,,neutral,neutral,0.6738379597663879,0.3010829389095306,0.6738379597663879,0.0250790957361459
544189258584821,don t see power household how possible before 24th ba zesco,False,0.0,neutral,0.0,0.0,1.0,0.0,neutral,0.0,neutral,False,0.0,,negative,negative,0.5051790475845337,0.5051790475845337,0.4777970016002655,0.0170239061117172
1350165329680177,meter,False,0.0,neutral,0.0,0.0,1.0,0.0,neutral,0.0,neutral,False,0.0,,neutral,neutral,0.6727686524391174,0.2067710757255554,0.6727686524391174,0.1204603686928749
5763763656992226,sirgubu c gilbest just like finished whole 2022 without load shedding nothing like october whatever month,False,0.6124,positive,0.6124,0.278,0.722,0.0,positive,0.6124,positive,False,0.0,,neutral,neutral,0.532547652721405,0.3476659655570984,0.532547652721405,0.1197863593697547
1076865154013169,area power 3 days call zesco tell wait power s honestly,False,0.4588,positive,0.4588,0.273,0.727,0.0,positive,0.4588,positive,False,0.0,,neutral,neutral,0.6159655451774597,0.3454972207546234,0.6159655451774597,0.0385372228920459
904776834841201,still september aini,False,0.0,neutral,0.0,0.0,1.0,0.0,neutral,0.0,neutral,False,0.0,,neutral,neutral,0.8340919613838196,0.0476886257529258,0.8340919613838196,0.1182194054126739
363593323497555,mean 1 october 2024 year,False,0.0,neutral,0.0,0.0,1.0,0.0,neutral,0.0,neutral,False,0.0,,neutral,neutral,0.897829532623291,0.0296778213232755,0.897829532623291,0.0724926888942718
1312003869590105,honestly stick schedule those switching off needs go back school redo maths power came back 1900 2330hrs off how many hours between,False,0.4588,positive,0.4588,0.125,0.875,0.0,positive,0.4588,positive,False,0.0,,neutral,neutral,0.6588719487190247,0.2932765185832977,0.6588719487190247,0.0478515699505806
1128801438953530,bebetty yenesha s month since massages started popping,False,0.0,neutral,0.0,0.0,1.0,0.0,neutral,0.0,neutral,False,0.0,,neutral,neutral,0.8279531598091125,0.0188026577234268,0.8279531598091125,0.1532441824674606
2326982624319969,danny zee zambia hope s true,False,0.6908,positive,0.6908,0.655,0.345,0.0,positive,0.6908,positive,False,0.0,,neutral,neutral,0.6998323202133179,0.0320892333984375,0.6998323202133179,0.2680784463882446
1149469195755648,chanda kasongo s happening even libala stage 2,False,0.0,neutral,0.0,0.0,1.0,0.0,neutral,0.0,neutral,False,0.0,,neutral,neutral,0.796624481678009,0.1572791039943695,0.796624481678009,0.0460964143276214
557660213537739,less than 24 hrs notification metre provision how check hour deadline crying loud day 24 hrs before transition into monday,False,-0.4767,negative,-0.4767,0.0,0.86,0.14,negative,-0.4767,negative,False,0.0,,neutral,neutral,0.5630031824111938,0.3891652524471283,0.5630031824111938,0.0478315614163875
1182331739155606,06 power hasn t restored yet now understand meaning bally fix metaphor meaning suffer people,False,-0.2732,negative,-0.2732,0.134,0.67,0.196,negative,-0.2732,negative,False,0.0,,negative,negative,0.8863358497619629,0.8863358497619629,0.1087597608566284,0.0049043432809412
688403376277911,lesina nomazala zulu couldn t agree u find places work like cbd industrial area power during working hours majority places work back power instead switching schedule people knock off power homes other way around talema nabo ba loadshedding mweh,False,0.6124,positive,0.6124,0.125,0.875,0.0,positive,0.6124,positive,False,0.0,,negative,negative,0.547820508480072,0.547820508480072,0.4323117136955261,0.019867805764079
1085032883086669,chomba lesa malembeka very true timeline ridiculous hardly power,False,0.0847,positive,0.0847,0.241,0.544,0.215,positive,0.0847,positive,False,0.0,,negative,negative,0.8626115918159485,0.8626115918159485,0.1273648887872696,0.010023527778685
1090654236363564,david kunda mupanga exactly,False,0.0,neutral,0.0,0.0,1.0,0.0,neutral,0.0,neutral,False,0.0,,neutral,neutral,0.8547887802124023,0.0879778861999511,0.8547887802124023,0.0572333894670009
703065131322923,ubufifye bweka bweka ngayaya 06hrs 12hrs yabwela futi 14hrs yaya nokubwela 24hrs efyoyalechita kuno ati 6hrs nonsense,False,-0.4019,negative,-0.4019,0.0,0.856,0.144,negative,-0.4019,negative,False,0.0,,neutral,neutral,0.5909000039100647,0.3721606731414795,0.5909000039100647,0.0369393154978752
3607333279517531,zambians shouldn t gullible statement zesco limited making water levels reducing thing need ask ourselves how able contain water level during summer time being load shedded 8hrs now during summer how many hours load shedding experience s need lot transparency accountability because know power being exported expense development stands right now businesses doing well most rely power supply therefore calling high authority look into matter,False,-0.2263,negative,-0.2263,0.067,0.867,0.066,negative,-0.2263,negative,False,0.0,,neutral,neutral,0.5740877985954285,0.3941524028778076,0.5740877985954285,0.0317598581314086
1118211136318311,hon evans kabwita imagine ai,False,0.0,neutral,0.0,0.0,1.0,0.0,neutral,0.0,neutral,False,0.0,,neutral,neutral,0.8962092995643616,0.0493436343967914,0.8962092995643616,0.0544470660388469
712577027228515,ifa olowo ajagun very powerful spiritual man source blessings hope many people worldwide both home abroad interested making money getting rich without human blood sacrifice repurcussion 2347065707927,False,0.9412,positive,0.9412,0.418,0.582,0.0,positive,0.9412,positive,False,0.0,,positive,positive,0.917322039604187,0.0087673794478178,0.073910653591156,0.917322039604187
1252220168979432,ernest kasamba english ain t iphone user want go back android,False,0.0772,positive,0.0772,0.126,0.874,0.0,positive,0.0772,positive,False,0.0,,negative,negative,0.6065747737884521,0.6065747737884521,0.3692855834960937,0.0241396259516477
959519825385073,zesco failed honor schedule created yourselves truly let down how power go 13 30 coming back 23hrs,False,0.5859,positive,0.5859,0.332,0.533,0.135,positive,0.5859,positive,False,0.0,,negative,negative,0.9264369010925292,0.9264369010925292,0.0675411745905876,0.0060219378210604
489266630038074,ackim katebe welcome,False,0.4588,positive,0.4588,0.6,0.4,0.0,positive,0.4588,positive,False,0.0,,positive,positive,0.5073423385620117,0.0132136242464184,0.4794440269470215,0.5073423385620117
1288868128957482,used using katolitoli ivi va malaiti seems latest kuno yesterday still lights forgot switch off,False,0.0,neutral,0.0,0.0,1.0,0.0,neutral,0.0,neutral,False,0.0,,neutral,neutral,0.545928418636322,0.4326561391353607,0.545928418636322,0.0214154366403818
6504567089661538,s worse kafue s now 3 years ago since paid show,False,-0.4767,negative,-0.4767,0.0,0.693,0.307,negative,-0.4767,negative,False,0.0,,negative,negative,0.866716742515564,0.866716742515564,0.1229757666587829,0.0103074368089437
832105195751637,stability making noise really need therapy over ndafya tachiona mwandi dropping tears joy sight cold water drink uhmmm,False,0.4404,positive,0.4404,0.175,0.737,0.088,positive,0.4404,positive,False,0.0,,negative,negative,0.7170121669769287,0.7170121669769287,0.2504797279834747,0.0325081348419189
3776966142524873,kanyuka benjamin iwe nipase ndalama zanga,False,0.0,neutral,0.0,0.0,1.0,0.0,neutral,0.0,neutral,False,0.0,,neutral,neutral,0.8501990437507629,0.0725252032279968,0.8501990437507629,0.0772757083177566
1393012334882415,noticed s every monthend happens need upgrade systems,False,0.0,neutral,0.0,0.0,1.0,0.0,neutral,0.0,neutral,False,0.0,,neutral,neutral,0.5008999109268188,0.4548759162425995,0.5008999109268188,0.0442242249846458
1252220168979432,misheck cheleka ninshe phone using,False,0.0,neutral,0.0,0.0,1.0,0.0,neutral,0.0,neutral,False,0.0,,neutral,neutral,0.763489842414856,0.1905587464570999,0.763489842414856,0.0459514372050762
1494724321182321,ba zesco nobody cares net metering let s address important issues please today first october,False,0.7269,positive,0.7269,0.392,0.608,0.0,positive,0.7269,positive,False,0.0,,negative,negative,0.836091160774231,0.836091160774231,0.150857076048851,0.013051782734692
612476807988749,lloyd katongo s too much wusakile people even stock things fridges ku ndeke t,False,0.0,neutral,0.0,0.0,1.0,0.0,neutral,0.0,neutral,False,0.0,,neutral,neutral,0.5160266757011414,0.4536684453487396,0.5160266757011414,0.0303048901259899
899401224750301,nda bile welcome,False,0.4588,positive,0.4588,0.6,0.4,0.0,positive,0.4588,positive,False,0.0,,neutral,neutral,0.4560894072055816,0.4093969464302063,0.4560894072055816,0.1345136761665344
1946474972532971,every day power comes s like child playing switch off too much,False,0.5106,positive,0.5106,0.323,0.677,0.0,positive,0.5106,positive,False,0.0,,negative,negative,0.7193616032600403,0.7193616032600403,0.2472390085458755,0.0333993136882782
1539253826550352,phiri davids thanks sir guys forgetting voted think s hatred since took over presidence moral decay country increased first time people being arrested protesting against homosexuality christian nation shunning away 18th oct day prayer fasting nation almost introduced legalized man marrying polygamy constitution serious issues nation,False,-0.8442,negative,-0.8442,0.088,0.665,0.247,negative,-0.8442,negative,False,0.0,,negative,negative,0.8575466275215149,0.8575466275215149,0.1255792677402496,0.0168740767985582
958142769405125,mashata sebby call less production high price manufactured commodities gen set consume alot fuel most machinery zambia run electrical power say solar adjusting solar powered machinery may take longer shipped continuous supply goods meaning great negative impact already crippled economy,False,0.1027,positive,0.1027,0.09,0.83,0.081,positive,0.1027,positive,False,0.0,,negative,negative,0.7713356018066406,0.7713356018066406,0.2177727222442627,0.0108916666358709
832086569082021,today 1st want see something nd proven wrong cos know s easier said than done beans,False,-0.0,neutral,-0.0,0.214,0.625,0.161,neutral,-0.0,neutral,False,0.0,,neutral,neutral,0.5232622623443604,0.4103042781352997,0.5232622623443604,0.0664334669709205
1539253826550352,isaac zulu remember vividly,False,0.0,neutral,0.0,0.0,1.0,0.0,neutral,0.0,neutral,False,0.0,,neutral,neutral,0.8171162009239197,0.0369499772787094,0.8171162009239197,0.1459337770938873
1201798157900151,hi esmmy azariah apologize inconvenienced caused kindly report outage outside load shedding schedule calling 322 speak agent use ussd code 3600 follow prompts download zesco app whatsapp number 260762626977 register fault assistance kind regards cj,False,0.6808,positive,0.6808,0.221,0.714,0.064,positive,0.6808,positive,False,0.0,,neutral,neutral,0.6570831537246704,0.312921941280365,0.6570831537246704,0.0299948956817388
2263675380677956,va zee vo zizila,False,0.0,neutral,0.0,0.0,1.0,0.0,neutral,0.0,neutral,False,0.0,,neutral,neutral,0.8467007279396057,0.0330167822539806,0.8467007279396057,0.1202824041247367
2006828819763061,thought pa october 1 load shedding hours reduce everything lie mu new dawn,False,0.0,neutral,0.0,0.0,1.0,0.0,neutral,0.0,neutral,False,0.0,,neutral,neutral,0.6256248950958252,0.331747829914093,0.6256248950958252,0.0426273271441459
431024819872113,how update use bluetooth cause know only update s power,False,0.0,neutral,0.0,0.0,1.0,0.0,neutral,0.0,neutral,False,0.0,,neutral,neutral,0.7717909812927246,0.1800710409879684,0.7717909812927246,0.0481379702687263
1694491787993458,lelo nipa 1 honestly tired hope u stick promises ba zesco otherwise suffered like hell giving us 3 hours electricity nayo 01 04,False,0.1779,positive,0.1779,0.371,0.332,0.296,positive,0.1779,positive,False,0.0,,negative,negative,0.8299315571784973,0.8299315571784973,0.1537221819162368,0.0163461975753307
2640596836083446,conspam ltc u us same,False,0.0,neutral,0.0,0.0,1.0,0.0,neutral,0.0,neutral,False,0.0,,neutral,neutral,0.8442803025245667,0.0725481286644935,0.8442803025245667,0.0831715837121009
811669744021352,atleast na six months take 4 years connect house useless performance vi zesco,False,-0.4215,negative,-0.4215,0.0,0.797,0.203,negative,-0.4215,negative,False,0.0,,negative,negative,0.823718249797821,0.823718249797821,0.1677037179470062,0.0085780909284949
801496608143150,hello holland owens jepoy sincere apologies delayed restoration back supply fp,False,0.2023,positive,0.2023,0.199,0.662,0.14,positive,0.2023,positive,False,0.0,,neutral,neutral,0.6415473818778992,0.2836140990257263,0.6415473818778992,0.0748385787010192
1728395714667226,frank gee swear mbuzi zabanthu ishi,False,-0.0516,negative,-0.0516,0.0,0.806,0.194,negative,-0.0516,negative,False,0.0,,neutral,neutral,0.8078677654266357,0.1049786582589149,0.8078677654266357,0.0871535763144493
1034750305328057,ba zesco s 1st october now time exactly still power,False,0.0,neutral,0.0,0.0,1.0,0.0,neutral,0.0,neutral,False,0.0,,neutral,neutral,0.8687427043914795,0.0120059363543987,0.8687427043914795,0.1192513182759285
1842449472788951,s good time seen now days power going aware,False,0.4404,positive,0.4404,0.293,0.707,0.0,positive,0.4404,positive,False,0.0,,positive,positive,0.9521006941795348,0.003399959532544,0.0444993413984775,0.9521006941795348
353891757674580,hey mwila b tembo thank contacting zesco please share effected meter number inbox assistance es,False,0.743,positive,0.743,0.454,0.546,0.0,positive,0.743,positive,False,0.0,,neutral,neutral,0.7943560481071472,0.0236833505332469,0.7943560481071472,0.181960642337799
976300290676028,group e zesco suppose come time now 15 06 zesco yet suppose come 14 hours,False,0.0,neutral,0.0,0.0,1.0,0.0,neutral,0.0,neutral,False,0.0,,neutral,neutral,0.8659764528274536,0.0179836899042129,0.8659764528274536,0.1160398945212364
518066994189067,mu zo also use say,False,0.0,neutral,0.0,0.0,1.0,0.0,neutral,0.0,neutral,False,0.0,,neutral,neutral,0.8686692118644714,0.0516159310936927,0.8686692118644714,0.0797149688005447
1322610832456208,government liars starting top s chief liar,False,-0.7096,negative,-0.7096,0.157,0.261,0.583,negative,-0.7096,negative,False,0.0,,negative,negative,0.8688955903053284,0.8688955903053284,0.1188064143061637,0.0122979767620563
474638938079741,ba kateka applying bodmas 12 2 2 0 imoneke kwati nafiwama ifintu trying decorate actual sense s still 12 hours divided,False,0.0,neutral,0.0,0.0,1.0,0.0,neutral,0.0,neutral,False,0.0,,neutral,neutral,0.7965092062950134,0.1486569344997406,0.7965092062950134,0.0548339299857616
1065511448911076,noble excellent governor felix get u could happen sometime because load shedding continues won t rely government future us come private organization could supply electricity,False,0.886,positive,0.886,0.342,0.658,0.0,positive,0.886,positive,False,0.0,,positive,positive,0.5279741287231445,0.0689363032579422,0.4030895233154297,0.5279741287231445
841967881446936,good enough stress levels too high kantry,False,0.0258,neutral,0.0258,0.271,0.467,0.262,neutral,0.0258,neutral,False,0.0,,negative,negative,0.7438727617263794,0.7438727617263794,0.2318398356437683,0.0242873337119817
732427319045882,solwezi people made enough noise zoona suffering 15 hours day power hope zesco follow schedule,False,-0.0516,negative,-0.0516,0.153,0.684,0.163,negative,-0.0516,negative,False,0.0,,negative,negative,0.6925055384635925,0.6925055384635925,0.2892337739467621,0.0182606354355812
958142769405125,trudy mwansa chisanga lol boss,False,0.4215,positive,0.4215,0.412,0.588,0.0,positive,0.4215,positive,False,0.0,,neutral,neutral,0.7849375605583191,0.0440974459052085,0.7849375605583191,0.1709650009870529
918822943645810,saviour alingo chisanga mine too wala,False,0.0,neutral,0.0,0.0,1.0,0.0,neutral,0.0,neutral,False,0.0,,neutral,neutral,0.8709522485733032,0.034803956747055,0.8709522485733032,0.0942437648773193
704837744674802,ine don t like thing power cut twice day should power mu afternoon elo nishi kazuba kaliko s dark power us compounds 05 17hrs better,False,0.5106,positive,0.5106,0.196,0.727,0.076,positive,0.5106,positive,False,0.0,,negative,negative,0.6536871790885925,0.6536871790885925,0.3189319670200348,0.027380870655179
640721924815006,visit zesco malambo u lusaka beautiful lady manager help u involves guys under installation advise u see kelvin kelita lady helped alot,False,0.765,positive,0.765,0.28,0.72,0.0,positive,0.765,positive,False,0.0,,positive,positive,0.9101506471633912,0.0042710592970252,0.0855782777070999,0.9101506471633912
1160356592050838,zesco limited want apologize right thing power went 5 30 hrs,False,-0.0516,negative,-0.0516,0.233,0.603,0.164,negative,-0.0516,negative,False,0.0,,negative,negative,0.4817483425140381,0.4817483425140381,0.475507378578186,0.0427442863583564
935348788601274,apa power gone around 14 49 group ai sure come kuma 02 mxxxm mumanikola weh,False,0.3182,positive,0.3182,0.141,0.859,0.0,positive,0.3182,positive,False,0.0,,neutral,neutral,0.8604141473770142,0.0708150491118431,0.8604141473770142,0.0687707811594009
918822943645810,saviour alingo chisanga thought too meter doesn t those,False,0.0,neutral,0.0,0.0,1.0,0.0,neutral,0.0,neutral,False,0.0,,neutral,neutral,0.7513331174850464,0.2034907788038253,0.7513331174850464,0.045176088809967
873152884103138,kenny malungakenny malunga longtime indeed kenny moniter boi ku li watsup group ya class yatu,False,0.0,neutral,0.0,0.0,1.0,0.0,neutral,0.0,neutral,False,0.0,,neutral,neutral,0.8576105833053589,0.0204006750136613,0.8576105833053589,0.1219887062907219
857332325321181,patricia m nkausu s s tarrying shedding pattern,False,0.0,neutral,0.0,0.0,1.0,0.0,neutral,0.0,neutral,False,0.0,,neutral,neutral,0.8180528283119202,0.1550073474645614,0.8180528283119202,0.02693990804255
1085326269775559,manje nivi chani ivi manje 00 00 03 supposed bit better ahhhh,False,0.4404,positive,0.4404,0.209,0.791,0.0,positive,0.4404,positive,False,0.0,,positive,positive,0.693662166595459,0.0106751332059502,0.2956627011299133,0.693662166595459
2299770710224782,george muls true ifwe kuno amalait yacisa 23 hours apa ndelanda amalait yele 04 too much,False,0.4215,positive,0.4215,0.157,0.843,0.0,positive,0.4215,positive,False,0.0,,neutral,neutral,0.8476769924163818,0.0997300818562507,0.8476769924163818,0.0525929927825927
2299770710224782,astron sibbuku chiyuni znbc need listening skills reading skills coz clearly president said split,False,0.4019,positive,0.4019,0.172,0.828,0.0,positive,0.4019,positive,False,0.0,,neutral,neutral,0.698721706867218,0.2599648237228393,0.698721706867218,0.0413134470582008
1180490613114188,zesco serious lusaka group c s 12 20hrs 03 30hrs power infact update loadshedding issues going end kasi talema mwe,False,-0.0772,negative,-0.0772,0.0,0.929,0.071,negative,-0.0772,negative,False,0.0,,negative,negative,0.5763044357299805,0.5763044357299805,0.407694935798645,0.0160006489604711
847279377585164,mweene omedy keny aba beve remove even chi gown u showing ur ignorant,False,-0.2732,negative,-0.2732,0.0,0.84,0.16,negative,-0.2732,negative,False,0.0,,negative,negative,0.619472324848175,0.619472324848175,0.360292911529541,0.0202348139137029
949282917177253,gift christopher mwale 2023 lol,False,0.6908,positive,0.6908,0.655,0.345,0.0,positive,0.6908,positive,False,0.0,,neutral,neutral,0.7948757410049438,0.0312819331884384,0.7948757410049438,0.1738424003124237
420747464242930,fya fake ifi loadshedded since 13 00,False,-0.4767,negative,-0.4767,0.0,0.659,0.341,negative,-0.4767,negative,False,0.0,,negative,negative,0.5355594754219055,0.5355594754219055,0.4486441910266876,0.0157964061945676
310194011398678,okay welcome zambia,False,0.5994,positive,0.5994,0.831,0.169,0.0,positive,0.5994,positive,False,0.0,,neutral,neutral,0.5041266679763794,0.0225284062325954,0.5041266679763794,0.4733449220657348
610802407817623,precious phiri try now think restored,False,0.7269,positive,0.7269,0.604,0.396,0.0,positive,0.7269,positive,False,0.0,,neutral,neutral,0.517328679561615,0.1835808455944061,0.517328679561615,0.2990904450416565
707873887745003,anfield sinkman benefits just political leadership capwa get loans accomodation security,False,0.6124,positive,0.6124,0.357,0.643,0.0,positive,0.6124,positive,False,0.0,,neutral,neutral,0.7343886494636536,0.0231781862676143,0.7343886494636536,0.2424331158399582
8901794233171641,guys stop complaining wanted fix sorry just passing,False,-0.5106,negative,-0.5106,0.0,0.485,0.515,negative,-0.5106,negative,False,0.0,,negative,negative,0.7633644938468933,0.7633644938468933,0.2087640613317489,0.0278714708983898
1184716522154006,power went 12 got restored 18 exactly 20 hours yaya mean,False,0.34,positive,0.34,0.194,0.806,0.0,positive,0.34,positive,False,0.0,,neutral,neutral,0.7416651844978333,0.0307065993547439,0.7416651844978333,0.2276282012462616
1366446937441510,told s moses,False,0.0,neutral,0.0,0.0,1.0,0.0,neutral,0.0,neutral,False,0.0,,neutral,neutral,0.7582677006721497,0.1211861819028854,0.7582677006721497,0.1205460876226425
779141997582861,please noti ifi give us schedule today 1st october,False,0.3182,positive,0.3182,0.223,0.777,0.0,positive,0.3182,positive,False,0.0,,neutral,neutral,0.8802863955497742,0.0650605484843254,0.8802863955497742,0.0546531789004802
707873887745003,nothing good write home t just terminate contracts exporting power visited kariba nothing like low levels cause slogan should always zambians first path taken sir,False,-0.4023,negative,-0.4023,0.066,0.768,0.165,negative,-0.4023,negative,False,0.0,,negative,negative,0.8758590221405029,0.8758590221405029,0.1161988750100135,0.0079421084374189
962511389037694,serious outdated prepaids yours don t button,False,-0.0772,negative,-0.0772,0.0,0.794,0.206,negative,-0.0772,negative,False,0.0,,negative,negative,0.8274032473564148,0.8274032473564148,0.1590518802404403,0.0135448584333062
705058914532714,raining every day whats point having roadshedding,False,0.0,neutral,0.0,0.0,1.0,0.0,neutral,0.0,neutral,False,0.0,,negative,negative,0.6816775798797607,0.6816775798797607,0.2921597957611084,0.0261626634746789
656890259509193,mutinta chimz babys boi just bring phones charge ku siavonga ise don t even know loadshedding kuno,False,0.0,neutral,0.0,0.0,1.0,0.0,neutral,0.0,neutral,False,0.0,,neutral,neutral,0.6454071402549744,0.3014570772647857,0.6454071402549744,0.0531357713043689
1132178137441275,onelia bandaonelia bandaonelia banda don t know made lungu cry still working,False,-0.4767,negative,-0.4767,0.0,0.763,0.237,negative,-0.4767,negative,False,0.0,,negative,negative,0.4868683218955993,0.4868683218955993,0.4297565817832947,0.0833750888705253
283887254137746,now call using 322 s buy airtime,False,0.0,neutral,0.0,0.0,1.0,0.0,neutral,0.0,neutral,False,0.0,,neutral,neutral,0.8595105409622192,0.0722034648060798,0.8595105409622192,0.0682859197258949
876960783573740,use solar panels cooking use gas stove even complete shut down okay,False,0.2263,positive,0.2263,0.147,0.853,0.0,positive,0.2263,positive,False,0.0,,neutral,neutral,0.7391520738601685,0.1690894216299057,0.7391520738601685,0.0917585268616676
1085032883086669,chomba lesa malembeka top post important information only facebook everyone sees post matotoli yankoko ababena,False,0.3818,positive,0.3818,0.217,0.783,0.0,positive,0.3818,positive,False,0.0,,neutral,neutral,0.8434035181999207,0.058457676321268,0.8434035181999207,0.0981387495994567
402459122649633,time being restored s well over 8hrs chalala rockfield,False,0.5423,positive,0.5423,0.429,0.571,0.0,positive,0.5423,positive,False,0.0,,neutral,neutral,0.7098701596260071,0.0069827302359044,0.7098701596260071,0.2831470966339111
874958243837673,schedule hasn t followed electricity disrupted yesterday around 18hrs until now nothing awe bweshenimo umutima,False,0.0,neutral,-0.4,0.0,1.0,0.0,negative,-0.4,negative,True,-0.4,awe,negative,negative,0.667594850063324,0.667594850063324,0.3198230266571045,0.0125821167603135
618831263798949,nhamo afiya chiwila imagine ai kaya tinalakwa chani,False,0.0,neutral,0.0,0.0,1.0,0.0,neutral,0.0,neutral,False,0.0,,neutral,neutral,0.8382040858268738,0.1014249250292778,0.8382040858268738,0.0603709928691387
1486010195630081,give us technical updates now just distributor s like re longer generation re always sounding awful s like entity took over now sets conditions abide zesco limited,False,0.0258,neutral,0.0258,0.162,0.68,0.159,neutral,0.0258,neutral,False,0.0,,negative,negative,0.8511776924133301,0.8511776924133301,0.1422358900308609,0.0065864082425832
1098733607909887,mine updated though big news informed,False,0.0,neutral,0.0,0.0,1.0,0.0,neutral,0.0,neutral,False,0.0,,neutral,neutral,0.4981763958930969,0.0072258096188306,0.4981763958930969,0.4945978224277496
961733455768701,ba zesco us mtendere east don t power week sure problem people,False,-0.1027,negative,-0.1027,0.164,0.643,0.193,negative,-0.1027,negative,False,0.0,,negative,negative,0.6222472786903381,0.6222472786903381,0.3589161932468414,0.0188364926725626
404972345757790,don t see reason importing power continue power three hours total madness didn t meant saying stable supply,False,-0.1779,negative,-0.1779,0.115,0.733,0.152,negative,-0.1779,negative,False,0.0,,negative,negative,0.8090932369232178,0.8090932369232178,0.1772277951240539,0.0136790322139859
600557148585058,waiting units refund month 2 days now,False,0.0,neutral,0.0,0.0,1.0,0.0,neutral,0.0,neutral,False,0.0,,neutral,neutral,0.6569185853004456,0.2781160175800323,0.6569185853004456,0.0649653524160385
865174698928835,atase stability promised us kwena,False,0.3612,positive,0.3612,0.385,0.615,0.0,positive,0.3612,positive,False,0.0,,neutral,neutral,0.7244611382484436,0.1045787036418914,0.7244611382484436,0.1709601730108261
612476807988749,chibwe petronella kunda cpk awe mwandi,False,0.0,neutral,-0.4,0.0,1.0,0.0,negative,-0.4,negative,True,-0.4,awe,neutral,neutral,0.8344009518623352,0.0917776972055435,0.8344009518623352,0.0738213881850242
415671438096711,other genuine ideas stop loadshedding t tap water other sources eg siavonga river,False,-0.296,negative,-0.296,0.0,0.833,0.167,negative,-0.296,negative,False,0.0,,neutral,neutral,0.686295211315155,0.2620119750499725,0.686295211315155,0.0516927205026149
1472368846776985,currently zesco thinking properly tell us how expect us update without power please,False,-0.2411,negative,-0.2411,0.0,0.859,0.141,negative,-0.2411,negative,False,0.0,,negative,negative,0.629195511341095,0.629195511341095,0.3417185842990875,0.0290859285742044
1259562757957102,phiri knox lucas ndeve chaonekela boi,False,0.0,neutral,0.0,0.0,1.0,0.0,neutral,0.0,neutral,False,0.0,,neutral,neutral,0.8552320599555969,0.0502237826585769,0.8552320599555969,0.0945440977811813
536181802295761,initially proposed increment tariffs import now proposed reduction promises head toes life always doing opposite say,False,0.3818,positive,0.3818,0.148,0.852,0.0,positive,0.3818,positive,False,0.0,,negative,negative,0.5569630265235901,0.5569630265235901,0.4147401452064514,0.0282968059182167
837954824387458,eric bulaya ine 3,False,0.0,neutral,0.0,0.0,1.0,0.0,neutral,0.0,neutral,False,0.0,,neutral,neutral,0.901438295841217,0.0194240268319845,0.901438295841217,0.0791377052664756
311057938684793,nazar n hunter hahahaha,False,0.0,neutral,0.0,0.0,1.0,0.0,neutral,0.0,neutral,False,0.0,,positive,positive,0.4951120316982269,0.0154691888019442,0.4894187152385711,0.4951120316982269
722921442739592,mwalelolela ichalo chonse chilande zambians good people mufwayafye ukutonaula apapena mwalya,False,0.4404,positive,0.4404,0.225,0.775,0.0,positive,0.4404,positive,False,0.0,,neutral,neutral,0.5193424820899963,0.0698572844266891,0.5193424820899963,0.4108002185821533
2474493102700192,least bena siri charging phones na pa break time,False,0.0,neutral,0.0,0.0,1.0,0.0,neutral,0.0,neutral,False,0.0,,neutral,neutral,0.8387982249259949,0.0532705523073673,0.8387982249259949,0.107931263744831
1243604516887706,stop sneaking extra 45 mins set alarms 2 mins before don t forget restore power time thanks,True,-0.0258,neutral,-0.0258,0.239,0.469,0.291,negative,-0.0258,negative,False,0.0,,neutral,neutral,0.4934510588645935,0.4684800803661346,0.4934510588645935,0.0380689166486263
311057938684793,michael romario mwala faith died long time saying highly criticized pf government now power should kept saying d,False,-0.5563,negative,-0.5563,0.121,0.604,0.276,negative,-0.5563,negative,False,0.0,,negative,negative,0.7640660405158997,0.7640660405158997,0.2250850051641464,0.0108489003032445
3450744738582715,zesco limited learn stick own timetable imwe ba chimbwi,False,-0.2263,negative,-0.2263,0.0,0.808,0.192,negative,-0.2263,negative,False,0.0,,neutral,neutral,0.8443355560302734,0.1004136353731155,0.8443355560302734,0.0552508383989334
954848399439499,gift mwamba mwambagift938 com chingola copperbelt 0764654087 24 wens april 2024 dear sir madam re unreliable power supply chingola writing express frustration disappointment inconsistent power supply chingola ongoing several weeks now despite 8 hour load shedding schedule implemented zesco experiencing unpredictable extended power outages area specifically started 10th april 2024 power went 06 10 only restored 14 00 only go 19 00 remain off until now erratic pattern norm past few weeks causing significant inconvenience disruption daily lives customer expect reliable consistent power supply especially considering 8 hour load shedding schedule put place manage power distribution current situation unacceptable resulted food spoilage disrupted work study schedules additional expenses alternative power sources urge investigate matter take immediate action address issue please ensure team sticks scheduled load shedding times works minimize unscheduled outages appreciate prompt attention matter look forward reliable power supply near future sincerely zesco zambia kuchalo gift mwamba mwambagift938 com chingola copperbelt 0764654087 24 wens april 2024 dear sir madam re unreliable power supply chingola writing express frustration disappointment inconsistent power supply chingola ongoing several weeks now despite 8 hour load shedding schedule implemented zesco experiencing unpredictable extended power outages area specifically started 10th april 2024 power went 06 10 only restored 14 00 only go 19 00 remain off until now erratic pattern norm past few weeks causing significant inconvenience disruption daily lives customer expect reliable consistent power supply especially considering 8 hour load shedding schedule put place manage power distribution current situation unacceptable resulted food spoilage disrupted work study schedules additional expenses alternative power sources urge investigate matter take immediate action address issue please ensure team sticks scheduled load shedding times works minimize unscheduled outages appreciate prompt attention matter look forward reliable power supply near future sincerely zesco zambia kuchalo zesco limited,True,0.8176,positive,0.8176,0.135,0.773,0.092,negative,0.8176,negative,False,0.0,,negative,negative,0.5798385739326477,0.5798385739326477,0.3955608010292053,0.0246006362140178
1109366427218697,pretty sure aware most prepaid meters dont kucita shani talk people having power update limbi kubomfya solar nangu candle,False,0.6705,positive,0.6705,0.244,0.756,0.0,positive,0.6705,positive,False,0.0,,neutral,neutral,0.8202224969863892,0.1489702016115188,0.8202224969863892,0.0308073386549949
704829604692684,think children let jst continue old schedule used reduced vaboza che,False,0.0,neutral,0.0,0.0,1.0,0.0,neutral,0.0,neutral,False,0.0,,neutral,neutral,0.7576594948768616,0.2017303705215454,0.7576594948768616,0.0406101457774639
1955060858245945,petrel whales water levels s just selling electricity outside,False,0.0,neutral,0.0,0.0,1.0,0.0,neutral,0.0,neutral,False,0.0,,neutral,neutral,0.6420372128486633,0.3211629092693329,0.6420372128486633,0.0367997847497463
712789810207104,s point sharing schedule t stick,False,0.4215,positive,0.4215,0.483,0.517,0.0,positive,0.4215,positive,False,0.0,,neutral,neutral,0.7618744969367981,0.1935060769319534,0.7618744969367981,0.0446193777024745
418604890897874,mark mwandila imwe lol,False,0.4215,positive,0.4215,0.483,0.517,0.0,positive,0.4215,positive,False,0.0,,neutral,neutral,0.7596505880355835,0.0284053422510623,0.7596505880355835,0.2119441032409668
879154983427096,frank banda yes agree,False,0.6369,positive,0.6369,0.722,0.278,0.0,positive,0.6369,positive,False,0.0,,neutral,neutral,0.5102365612983704,0.0167010072618722,0.5102365612983704,0.4730624854564667
505103499003493,waiting power share later nipa 1 lelo,False,0.296,positive,0.296,0.306,0.694,0.0,positive,0.296,positive,False,0.0,,neutral,neutral,0.8842519521713257,0.0361678190529346,0.8842519521713257,0.0795802772045135
2202872113378368,how approximately 8 hours power goes 5 comes back 14,False,0.0,neutral,0.0,0.0,1.0,0.0,neutral,0.0,neutral,False,0.0,,neutral,neutral,0.9205154180526732,0.0217665210366249,0.9205154180526732,0.0577181316912174
1043311473329162,wish commend ba zambia watchdog koswe how used continue use pages control ba boss lot people fired appointed thanks don t know weak something kaya s clear time zesco md minister energy,False,0.6908,positive,0.6908,0.309,0.539,0.152,positive,0.6908,positive,False,0.0,,neutral,neutral,0.5930309891700745,0.3533767163753509,0.5930309891700745,0.053592350333929
1221012179175891,m people expect power normalize today thank advance,False,0.3612,positive,0.3612,0.294,0.706,0.0,positive,0.3612,positive,False,0.0,,positive,positive,0.6252104043960571,0.0232387222349643,0.3515508770942688,0.6252104043960571
1469870400514177,mercy mugala how boss,False,0.3612,positive,0.3612,0.455,0.545,0.0,positive,0.3612,positive,False,0.0,,neutral,neutral,0.8165649175643921,0.0503534488379955,0.8165649175643921,0.1330816447734832
997820034677347,6 weeks complaining re talking months,False,-0.2023,negative,-0.2023,0.0,0.69,0.31,negative,-0.2023,negative,False,0.0,,neutral,neutral,0.6107833385467529,0.3390434682369232,0.6107833385467529,0.0501732192933559
3408687579404634,u want us use bundle yatu na yatu download schedule,False,0.0772,positive,0.0772,0.14,0.86,0.0,positive,0.0772,positive,False,0.0,,neutral,neutral,0.919315755367279,0.0371200591325759,0.919315755367279,0.0435641929507255
807091348033010,zainab mohammed,False,0.0,neutral,0.0,0.0,1.0,0.0,neutral,0.0,neutral,False,0.0,,neutral,neutral,0.8083584308624268,0.0738300159573555,0.8083584308624268,0.1178115457296371
1149469195755648,chanda kasongo same situation,False,0.0,neutral,0.0,0.0,1.0,0.0,neutral,0.0,neutral,False,0.0,,neutral,neutral,0.7403697371482849,0.2192452698945999,0.7403697371482849,0.0403849557042121
1093095268856355,waiting u specify year said 1st october stabilize loadshedding,True,0.0,neutral,0.0,0.0,1.0,0.0,negative,0.0,negative,False,0.0,,neutral,neutral,0.8528685569763184,0.094802625477314,0.8528685569763184,0.0523287989199161
351375454585445,zesco limited update don t power since morning s now guys busy changing updates every week,False,-0.2263,negative,-0.2263,0.0,0.872,0.128,negative,-0.2263,negative,False,0.0,,negative,negative,0.769444465637207,0.769444465637207,0.2196708768606186,0.0108846724033355
971341457535187,zesco limited know used,False,-0.2263,negative,-0.2263,0.0,0.612,0.388,negative,-0.2263,negative,False,0.0,,neutral,neutral,0.8777804374694824,0.0582862421870231,0.8777804374694824,0.0639332830905914
332411952476019,us s 5 months now since paid stories stories,False,0.0,neutral,0.0,0.0,1.0,0.0,neutral,0.0,neutral,False,0.0,,neutral,neutral,0.8568388223648071,0.0634545311331749,0.8568388223648071,0.0797066912055015
518066994189067,imagine timetable s showing 24 power coming around 01 30 02 30,False,0.0,neutral,0.0,0.0,1.0,0.0,neutral,0.0,neutral,False,0.0,,neutral,neutral,0.9184241890907288,0.0201914347708225,0.9184241890907288,0.0613844282925128
1088001716249717,chirundu once power cuts even water s automatic mwebantu zesco limited please kuno heat 41 degrees shall die cry elderly babies defend themselves speak hakainde hichilema help us s far 1 month without water say s hot mean,False,-0.7269,negative,-0.7269,0.113,0.635,0.252,negative,-0.7269,negative,False,0.0,,negative,negative,0.8732133507728577,0.8732133507728577,0.1175053417682647,0.0092812851071357
919641482387207,schedule long now power kabanana site service,False,0.0,neutral,0.0,0.0,1.0,0.0,neutral,0.0,neutral,False,0.0,,neutral,neutral,0.6281856894493103,0.3393775820732116,0.6281856894493103,0.0324366502463817
1681413012651571,dennis zulu told because rains having 3hrs power,False,0.0,neutral,0.0,0.0,1.0,0.0,neutral,0.0,neutral,False,0.0,,neutral,neutral,0.8612802624702454,0.0392885133624076,0.8612802624702454,0.0994312316179275
1149469195755648,chanda kasongo 6 hrs without power 6 hrs power 6 hrs without power,False,0.0,neutral,0.0,0.0,1.0,0.0,neutral,0.0,neutral,False,0.0,,negative,negative,0.6741436719894409,0.6741436719894409,0.3109249770641327,0.0149312689900398
1133780710671114,emily m mbewe s zambia nation kaili,False,0.0,neutral,0.0,0.0,1.0,0.0,neutral,0.0,neutral,False,0.0,,neutral,neutral,0.8977108597755432,0.0257249418646097,0.8977108597755432,0.0765642076730728
508574368732227,olivia mulenga talking zesco also writing umungulu,False,0.0,neutral,0.0,0.0,1.0,0.0,neutral,0.0,neutral,False,0.0,,neutral,neutral,0.9222988486289978,0.0334459729492664,0.9222988486289978,0.0442551560699939
293254090452144,best stick schedule make sure guys responsible power cuts restoration sober cutting power early restoring late contrary schedule mano yamungulu wapakapiri,False,0.8074,positive,0.8074,0.37,0.505,0.125,positive,0.8074,positive,False,0.0,,neutral,neutral,0.6983372569084167,0.0824428275227546,0.6983372569084167,0.2192199081182479
3783186418590911,ba zesco mean chilenje south never power same area side road power other nothing many days please please please annoying,False,-0.764,negative,-0.764,0.0,0.651,0.349,negative,-0.764,negative,False,0.0,,negative,negative,0.9088018536567688,0.9088018536567688,0.0819073170423507,0.0092907659709453
1657317551537951,nancy prisháàn s mum should advise how check absence power,False,0.0,neutral,0.0,0.0,1.0,0.0,neutral,0.0,neutral,False,0.0,,neutral,neutral,0.8522515296936035,0.1046690419316291,0.8522515296936035,0.0430794097483158
1591127564804080,ndemonapofye solar inganda nefi ifima pole tumona ngatuleya ku solwezi someone explain means please,False,0.3182,positive,0.3182,0.15,0.85,0.0,positive,0.3182,positive,False,0.0,,neutral,neutral,0.7881642580032349,0.1672099381685257,0.7881642580032349,0.0446257218718528
548161767329099,kuno 11hrs yesterday till now power,False,0.0,neutral,0.0,0.0,1.0,0.0,neutral,0.0,neutral,False,0.0,,neutral,neutral,0.8875925540924072,0.0106889028102159,0.8875925540924072,0.1017186194658279
1244610026216795,technicians failed,False,-0.5106,negative,-0.5106,0.0,0.233,0.767,negative,-0.5106,negative,False,0.0,,negative,negative,0.7693186402320862,0.7693186402320862,0.2083398997783661,0.022341439500451
1213752056497264,12 00 1205 atleast bulb blinked today,False,0.0,neutral,0.0,0.0,1.0,0.0,neutral,0.0,neutral,False,0.0,,neutral,neutral,0.7278144955635071,0.0175675749778747,0.7278144955635071,0.2546179294586181
1375219489956828,dalistani goodward ngulube improvise bro look battery inverter good go s clear people wants us die hunger let s relent make succeed always improvise find better ways own charge battery power use power goes helpful ask,False,0.8176,positive,0.8176,0.304,0.571,0.125,positive,0.8176,positive,False,0.0,,neutral,neutral,0.5264472961425781,0.1087028160691261,0.5264472961425781,0.3648498952388763
575236308529715,ata fyalungula,False,0.0,neutral,0.0,0.0,1.0,0.0,neutral,0.0,neutral,False,0.0,,neutral,neutral,0.6252875924110413,0.314697116613388,0.6252875924110413,0.060015358030796
549749810428788,meaning loadsheded twice day people unacceptable while other countries enjoying malaiti aikona suspend exporting power chapwafye,False,-0.2263,negative,-0.2263,0.157,0.599,0.244,negative,-0.2263,negative,False,0.0,,negative,negative,0.8115572333335876,0.8115572333335876,0.1789971143007278,0.0094456505030393
405020849302903,gusha lawrence kasongo us just 1 hour,False,0.0,neutral,0.0,0.0,1.0,0.0,neutral,0.0,neutral,False,0.0,,neutral,neutral,0.8636357188224792,0.062879204750061,0.8636357188224792,0.0734850466251373
2708756899294372,sharon theedupreneur s true,False,0.4215,positive,0.4215,0.583,0.417,0.0,positive,0.4215,positive,False,0.0,,neutral,neutral,0.6491155028343201,0.0448277257382869,0.6491155028343201,0.306056797504425
1532390074051752,dear zesco limited understand crisis together also keep word today first october hopes s update,False,-0.1531,negative,-0.1531,0.252,0.467,0.28,negative,-0.1531,negative,False,0.0,,neutral,neutral,0.6732003092765808,0.2706031799316406,0.6732003092765808,0.0561965443193912
3296797573914788,mean now won t rotation permanent power cuts between 05 11 17 t0 23 23 05 23 just like how rotate surely cant living like sleep power wake power zambians dont forget 2026 might seem far now times best teacher,False,0.9356,positive,0.9356,0.338,0.619,0.043,positive,0.9356,positive,False,0.0,,negative,negative,0.589775800704956,0.589775800704956,0.3855087757110595,0.0247153267264366
935740177414289,schedule just total scam fail follow own schedule simple straight forward people charge department failed project clearly failed cause taking people granted level incompetence,False,-0.91,negative,-0.91,0.166,0.403,0.431,negative,-0.91,negative,False,0.0,,negative,negative,0.9350094199180604,0.9350094199180604,0.0583615079522132,0.0066291219554841
1151384696188187,power 20 hours area since yesterday resolve issue please customer service reporting channels helpful zesco limited,False,0.7003,positive,0.7003,0.356,0.556,0.088,positive,0.7003,positive,False,0.0,,neutral,neutral,0.6076305508613586,0.2786081731319427,0.6076305508613586,0.1137613281607627
1616817652057206,enock silungwe ine since 06hrs imagine,False,0.0,neutral,0.0,0.0,1.0,0.0,neutral,0.0,neutral,False,0.0,,neutral,neutral,0.894392728805542,0.0388583727180957,0.894392728805542,0.0667488276958465
618831263798949,nhamo afiya chiwila happy guys having power during day coz really want use time sleep night,False,0.6478,positive,0.6478,0.274,0.726,0.0,positive,0.6478,positive,False,0.0,,positive,positive,0.7454798817634583,0.0240314155817031,0.2304887324571609,0.7454798817634583
1077101027019576,michy susan musenge lol epomwaba sister,False,0.4215,positive,0.4215,0.359,0.641,0.0,positive,0.4215,positive,False,0.0,,neutral,neutral,0.8235966563224792,0.0443587712943553,0.8235966563224792,0.1320445835590362
1152560722344980,lucky others goes 2 years kikikiki,False,0.4215,positive,0.4215,0.412,0.588,0.0,positive,0.4215,positive,False,0.0,,positive,positive,0.7028879523277283,0.0379828885197639,0.259129136800766,0.7028879523277283
6346384415478034,jere rabecca katemba suppose nothing last month s balance,False,0.0,neutral,0.0,0.0,1.0,0.0,neutral,0.0,neutral,False,0.0,,neutral,neutral,0.7873541116714478,0.1932058781385421,0.7873541116714478,0.019439959898591
1243604516887706,zesco limited s happening group e power supposed back 14,False,-0.2263,negative,-0.2263,0.0,0.787,0.213,negative,-0.2263,negative,False,0.0,,neutral,neutral,0.7655627131462097,0.2106574326753616,0.7655627131462097,0.0237798821181058
318945434035329,problem ba bwaana too fast,False,-0.4019,negative,-0.4019,0.0,0.597,0.403,negative,-0.4019,negative,False,0.0,,negative,negative,0.6084001064300537,0.6084001064300537,0.3758149445056915,0.0157849639654159
1646550196207032,joseph kapambwe jnr ala kutiwapapa nabalaba nako,False,0.0,neutral,0.0,0.0,1.0,0.0,neutral,0.0,neutral,False,0.0,,neutral,neutral,0.8763638138771057,0.0608416236937046,0.8763638138771057,0.062794528901577
754014609808724,mwansa mulenga network use please trying airtel,False,0.3182,positive,0.3182,0.277,0.723,0.0,positive,0.3182,positive,False,0.0,,neutral,neutral,0.8434295058250427,0.0421659052371978,0.8434295058250427,0.1144046336412429
1441938329908374,ware given 48 hrs since sunday power ninchi ninchi,False,0.0,neutral,0.0,0.0,1.0,0.0,neutral,0.0,neutral,False,0.0,,neutral,neutral,0.854034423828125,0.0282299742102623,0.854034423828125,0.1177356615662574
2299770710224782,astron sibbuku chiyuni thy lieing,False,0.0,neutral,0.0,0.0,1.0,0.0,neutral,0.0,neutral,False,0.0,,neutral,neutral,0.5207274556159973,0.4474651217460632,0.5207274556159973,0.0318074189126491
613829517097670,power went 06 s still back 7 miles,False,0.0,neutral,0.0,0.0,1.0,0.0,neutral,0.0,neutral,False,0.0,,neutral,neutral,0.7966976761817932,0.0745377019047737,0.7966976761817932,0.1287646740674972
857332325321181,patricia m nkausu ussd platform fake information difficult use,False,-0.6808,negative,-0.6808,0.0,0.517,0.483,negative,-0.6808,negative,False,0.0,,negative,negative,0.7653700709342957,0.7653700709342957,0.2251477241516113,0.0094822365790605
588129303126508,think let increase 10days cause keep relish fridge nishi kubola,False,0.3182,positive,0.3182,0.204,0.796,0.0,positive,0.3182,positive,False,0.0,,neutral,neutral,0.8646105527877808,0.0371470749378204,0.8646105527877808,0.0982423648238182
1752883328798712,yabwelako lelo coz promised us month reduce hours how far project try update nation know epo tuleendela,False,0.3612,positive,0.3612,0.135,0.865,0.0,positive,0.3612,positive,False,0.0,,neutral,neutral,0.764594316482544,0.1628378331661224,0.764594316482544,0.0725678205490112
1077796063324363,marie michelle heviamoorima nanga ise free saturday suffer well,False,0.2263,positive,0.2263,0.362,0.403,0.235,positive,0.2263,positive,False,0.0,,neutral,neutral,0.8214794397354126,0.0491124354302883,0.8214794397354126,0.1294081509113311
837954824387458,mbindo bashi ronah silwembe hmmmm s bad,False,-0.5423,negative,-0.5423,0.0,0.588,0.412,negative,-0.5423,negative,False,0.0,,negative,negative,0.6619873046875,0.6619873046875,0.3193673491477966,0.0186453312635421
882125813911804,moffat nel mudenda u laughing slow motion,False,0.4939,positive,0.4939,0.39,0.61,0.0,positive,0.4939,positive,False,0.0,,neutral,neutral,0.8324854373931885,0.0644151270389556,0.8324854373931885,0.1030994653701782
428259989439534,happened man generated electricity waste products plenty pit latrines muma ghetto better start generating electricity fwebene,False,0.0258,neutral,0.0258,0.147,0.711,0.142,neutral,0.0258,neutral,False,0.0,,negative,negative,0.8232752680778503,0.8232752680778503,0.1651517152786255,0.0115730194374918
610802407817623,susan mulenga zulu units enter,False,0.0,neutral,0.0,0.0,1.0,0.0,neutral,0.0,neutral,False,0.0,,neutral,neutral,0.9107415080070496,0.0344535261392593,0.9107415080070496,0.0548048913478851
1539253826550352,abigail mkandawire yes everyone furious part saul including honest,False,0.3182,positive,0.3182,0.382,0.382,0.236,positive,0.3182,positive,False,0.0,,neutral,neutral,0.6847412586212158,0.2216036468744278,0.6847412586212158,0.0936551019549369
561240262529112,slept power understand came while sleeping now waking power work come back power till sleep won t see power today whole day power goes 5 preparing work comes back 11 work goes 17 back work comes back midnight sleeping wats point even worse new year new dawn,False,0.1531,positive,0.1531,0.074,0.863,0.062,positive,0.1531,positive,False,0.0,,neutral,neutral,0.5143766403198242,0.4444486498832702,0.5143766403198242,0.0411745980381965
1681413012651571,dennis zulu learn appreciate 3 hours power wow really dropped down standards,True,0.7579,positive,0.7579,0.419,0.581,0.0,negative,0.7579,negative,False,0.0,,negative,negative,0.5564916729927063,0.5564916729927063,0.3639663457870483,0.0795420110225677
819970216168268,ba fi,False,0.0,neutral,0.0,0.0,1.0,0.0,neutral,0.0,neutral,False,0.0,,neutral,neutral,0.6654088497161865,0.1312815546989441,0.6654088497161865,0.2033095359802246
837517727541875,philimo voice afrika awe covid twakana malasha better,True,0.4404,positive,0.0403999999999999,0.293,0.707,0.0,negative,0.0403999999999999,negative,True,-0.4,awe,neutral,neutral,0.6812878251075745,0.1487275213003158,0.6812878251075745,0.1699846535921096
1815658288870258,6 weeks complaining those us paid 2018 yet connected zesco upnd nor upnd zesco same workers pf time still tomorrow muyayaya,False,-0.2023,negative,-0.2023,0.0,0.913,0.087,negative,-0.2023,negative,False,0.0,,negative,negative,0.7571845650672913,0.7571845650672913,0.2276430279016494,0.0151724219322204
1171463883850517,dorryc c mwila exactly mwandi ba zesco really good working hard frustrate citizens,False,-0.1206,negative,-0.1206,0.189,0.534,0.277,negative,-0.1206,negative,False,0.0,,neutral,neutral,0.5512184500694275,0.1588900983333587,0.5512184500694275,0.2898914813995361
1450787622191278,pearl freeman ask,False,0.4019,positive,0.4019,0.574,0.426,0.0,positive,0.4019,positive,False,0.0,,neutral,neutral,0.8449078798294067,0.0595388635993003,0.8449078798294067,0.0955532863736152
261357600084923,job nsama even poor finishing pf same,False,-0.4767,negative,-0.4767,0.0,0.659,0.341,negative,-0.4767,negative,False,0.0,,negative,negative,0.8973557353019714,0.8973557353019714,0.0964080095291137,0.0062361638993024
949282917177253,gift christopher mwale notice 2023 check date,False,0.4404,positive,0.4404,0.326,0.674,0.0,positive,0.4404,positive,False,0.0,,neutral,neutral,0.905463695526123,0.0162614732980728,0.905463695526123,0.0782748386263847
502478876083855,vasilis marosoulis things possible those believe even felt power god,False,0.2732,positive,0.2732,0.189,0.811,0.0,positive,0.2732,positive,False,0.0,,neutral,neutral,0.5555667281150818,0.0182372983545064,0.5555667281150818,0.4261959493160248
351375454585445,hello grace franks kindly register complaint still off supply may due fault dialing 3600 follow prompts sincerely apologize inconvenience caused fp,False,0.4767,positive,0.4767,0.329,0.439,0.232,positive,0.4767,positive,False,0.0,,negative,negative,0.7400235533714294,0.7400235533714294,0.2468007057905197,0.0131757613271474
783967233759443,enock banda simple,False,0.0,neutral,0.0,0.0,1.0,0.0,neutral,0.0,neutral,False,0.0,,neutral,neutral,0.7733187675476074,0.1019896268844604,0.7733187675476074,0.1246916130185127
1380815312686577,charles ilunga shall see,False,0.0,neutral,0.0,0.0,1.0,0.0,neutral,0.0,neutral,False,0.0,,neutral,neutral,0.9023715257644652,0.031875129789114,0.9023715257644652,0.0657533258199691
202751886080546,how u guys calculate units last month k400 368 units month get 290,False,0.0,neutral,0.0,0.0,1.0,0.0,neutral,0.0,neutral,False,0.0,,neutral,neutral,0.7016732692718506,0.2691604495048523,0.7016732692718506,0.029166292399168
873152884103138,kenny malungakenny malunga order order honourable malunga floor,False,0.4767,positive,0.4767,0.307,0.693,0.0,positive,0.4767,positive,False,0.0,,neutral,neutral,0.8340985774993896,0.0582106374204158,0.8340985774993896,0.1076907739043235
1178664122855506,fred simeja imagine company respect customers,False,0.4767,positive,0.4767,0.383,0.617,0.0,positive,0.4767,positive,False,0.0,,neutral,neutral,0.6908199787139893,0.1430386155843734,0.6908199787139893,0.1661413609981537
856562380018486,2 3hrs power time now making sense,False,0.0,neutral,0.0,0.0,1.0,0.0,neutral,0.0,neutral,False,0.0,,neutral,neutral,0.7356588840484619,0.0413196086883544,0.7356588840484619,0.2230215519666671
553788063468968,feels though kamwala south paying areas cause power cuts before time today cut 05hrs know come 12 later only go 16 mwebantu ummmm wild now,False,-0.5106,negative,-0.5106,0.0,0.842,0.158,negative,-0.5106,negative,False,0.0,,negative,negative,0.5621092319488525,0.5621092319488525,0.4211190342903137,0.016771700233221
1133780710671114,emily m mbewe just mention know,False,0.0,neutral,0.0,0.0,1.0,0.0,neutral,0.0,neutral,False,0.0,,neutral,neutral,0.8746718168258667,0.0404218547046184,0.8746718168258667,0.0849063247442245
1065511448911076,noble excellent governor felix wala,False,0.7717,positive,0.7717,0.691,0.309,0.0,positive,0.7717,positive,False,0.0,,positive,positive,0.9193649888038636,0.0094477580860257,0.0711873024702072,0.9193649888038636
1327470487793289,kaya don t rotate,False,0.0,neutral,0.0,0.0,1.0,0.0,neutral,0.0,neutral,False,0.0,,neutral,neutral,0.7462544441223145,0.1748899817466735,0.7462544441223145,0.0788556411862373
3407405059524366,karen karen mwenya see,False,0.0,neutral,0.0,0.0,1.0,0.0,neutral,0.0,neutral,False,0.0,,neutral,neutral,0.9202929139137268,0.0266553722321987,0.9202929139137268,0.0530516542494297
1332848168092256,emy emelia ask mwandi,False,0.0,neutral,0.0,0.0,1.0,0.0,neutral,0.0,neutral,False,0.0,,neutral,neutral,0.8943297266960144,0.0547204986214637,0.8943297266960144,0.0509497635066509
2309913445845051,just accepted bally specialist failure doesn t make sense,False,-0.296,negative,-0.296,0.184,0.526,0.289,negative,-0.296,negative,False,0.0,,negative,negative,0.8741498589515686,0.8741498589515686,0.1190523281693458,0.0067978422157466
1349720502418165,michael ods expectations vs reality issues s safer expect possible unreasonable expect services third world country same developed country standards different example t expect internet speeds zambia same kenya shouldn t complain,False,0.0772,positive,0.0772,0.087,0.836,0.077,positive,0.0772,positive,False,0.0,,neutral,neutral,0.5268542170524597,0.4288426041603088,0.5268542170524597,0.0443032309412956
1668102877083337,u keep giving power morning work charge phones please work power too,False,0.5719,positive,0.5719,0.343,0.657,0.0,positive,0.5719,positive,False,0.0,,neutral,neutral,0.6685343980789185,0.0849810168147087,0.6685343980789185,0.2464846223592758
609610001875505,don t power two days now chili bwanji,False,0.0,neutral,0.0,0.0,1.0,0.0,neutral,0.0,neutral,False,0.0,,neutral,neutral,0.5214380621910095,0.4565444588661194,0.5214380621910095,0.0220175050199031
918822943645810,innocent chihinga prepaid letters only numbers,False,0.34,positive,0.34,0.324,0.676,0.0,positive,0.34,positive,False,0.0,,neutral,neutral,0.598375141620636,0.3767104744911194,0.598375141620636,0.0249143876135349
475797351387622,susan j stephens exactly question went 05 came 13 17 went apa still nothing vaupuba chabe ba zesco,False,0.0,neutral,0.0,0.0,1.0,0.0,neutral,0.0,neutral,False,0.0,,neutral,neutral,0.7244009375572205,0.2513028383255005,0.7244009375572205,0.0242962315678596
425161906424474,kaz lave mmmmh awe sure darkness sucks,False,-0.296,negative,-0.696,0.213,0.37,0.417,negative,-0.696,negative,True,-0.4,awe,negative,negative,0.8624948859214783,0.8624948859214783,0.1264209151268005,0.0110842157155275
565883462703544,how update meter don t electricity people think very well offices,False,0.3384,positive,0.3384,0.21,0.79,0.0,positive,0.3384,positive,False,0.0,,negative,negative,0.7091080546379089,0.7091080546379089,0.272416889667511,0.0184750221669673
412751625181361,today 1st october re waiting promise already seems only promise unfulfilled because tubukile amalaiti,False,0.2023,positive,0.2023,0.25,0.598,0.152,positive,0.2023,positive,False,0.0,,negative,negative,0.7157585024833679,0.7157585024833679,0.2530343234539032,0.0312071703374385
229675649892944,equally increased tarriffs kindly clarify,False,0.6486,positive,0.6486,0.639,0.361,0.0,positive,0.6486,positive,False,0.0,,neutral,neutral,0.5498577952384949,0.4204644858837127,0.5498577952384949,0.0296777337789535
472159101770561,saliya litana hahaha humbled,False,0.5574,positive,0.5574,0.545,0.455,0.0,positive,0.5574,positive,False,0.0,,positive,positive,0.9349047541618348,0.0037716652732342,0.0613235719501972,0.9349047541618348
450507421367067,zesco limited happening power nyumba yanga today 1st thought situation change today,False,-0.2263,negative,-0.2263,0.0,0.853,0.147,negative,-0.2263,negative,False,0.0,,neutral,neutral,0.5684211850166321,0.4175072908401489,0.5684211850166321,0.0140715707093477
586576243746346,ba zesco should serious post something 23rd go say deadline 24th guys smoke aii olo make matters worse fima power supply only comes around 01hrs mwalipena very useless mangwamus indeed,False,-0.7501,negative,-0.7501,0.032,0.752,0.217,negative,-0.7501,negative,False,0.0,,negative,negative,0.9013660550117492,0.9013660550117492,0.0915080159902572,0.0071259322576224
492310796602094,christine joanna julio good question,False,0.4404,positive,0.4404,0.42,0.58,0.0,positive,0.4404,positive,False,0.0,,neutral,neutral,0.7230029106140137,0.0248614996671676,0.7230029106140137,0.2521355748176574
489266630038074,lisa nancha banda due respect want believe know hh other president never charge electricity production projects such power production long term investments overnight investments supporter government need logical people blame president something power control simply shows us how ignorant backwards nation want believe re learned enough running business context comment such also want believe re solution finder problem solver regard advice president offer solutions matter whether like whether like water problem go away singing songs supposed failures offer solutions lobby others sit down plan long lasting solutions complaining change predicament effort,False,0.4588,positive,0.4588,0.215,0.652,0.133,positive,0.4588,positive,False,0.0,,neutral,neutral,0.5436991453170776,0.3992108702659607,0.5436991453170776,0.0570900030434131
1252220168979432,angela ngoma depends kind iphone otherwise buy iphone x above won t problems thank,False,0.7845,positive,0.7845,0.473,0.394,0.133,positive,0.7845,positive,False,0.0,,neutral,neutral,0.6954916715621948,0.0780990496277809,0.6954916715621948,0.2264093309640884
1171463883850517,zesco limited ask luapula management power outage than 10hrs mansa low density power cuts 11hrs only restored past 22hrs s,False,-0.4215,negative,-0.4215,0.102,0.636,0.263,negative,-0.4215,negative,False,0.0,,negative,negative,0.6403893232345581,0.6403893232345581,0.3471071124076843,0.0125035280361771
543396097838713,edgar shimalukwe almost wrote same replied already good,False,0.4404,positive,0.4404,0.293,0.707,0.0,positive,0.4404,positive,False,0.0,,positive,positive,0.5608162879943848,0.0304487571120262,0.4087349474430084,0.5608162879943848
853539713619064,3 hours yet saying starting today ll giving us 3hrs power doing let s just wait rains don t confuse us,False,0.128,positive,0.128,0.118,0.788,0.094,positive,0.128,positive,False,0.0,,neutral,neutral,0.7471917271614075,0.1685855090618133,0.7471917271614075,0.0842227861285209
402137349350108,elita shelenielita sheleni really rough,False,0.0,neutral,0.0,0.0,1.0,0.0,neutral,0.0,neutral,False,0.0,,negative,negative,0.6787919998168945,0.6787919998168945,0.3015922605991363,0.0196157526224851
1989644291473922,people buying units close 5 months now missed monies just bought own units 31st july 2024 update still 86 units think reach march 2025 feel pity business money cophers,False,-0.7096,negative,-0.7096,0.034,0.748,0.218,negative,-0.7096,negative,False,0.0,,negative,negative,0.843701183795929,0.843701183795929,0.1448756903409958,0.0114231053739786
559716629070332,best just make sure power cuts immediately chelsea start playing save lot energy power bp,False,0.886,positive,0.886,0.548,0.363,0.089,positive,0.886,positive,False,0.0,,neutral,neutral,0.628739058971405,0.2564006745815277,0.628739058971405,0.114860288798809
807091348033010,susan j stephens let s inbox number create,False,0.34,positive,0.34,0.459,0.541,0.0,positive,0.34,positive,False,0.0,,neutral,neutral,0.8599303960800171,0.0496427156031131,0.8599303960800171,0.0904269367456436
558946559494916,ndeleki mugande u thought aware happening interms loadshedding loadsheded full knowledge,False,0.0,neutral,0.0,0.0,1.0,0.0,neutral,0.0,neutral,False,0.0,,neutral,neutral,0.8306503891944885,0.1156437620520591,0.8306503891944885,0.0537058115005493
233194139652219,andre rich saying unavailable,False,0.5574,positive,0.5574,0.545,0.455,0.0,positive,0.5574,positive,False,0.0,,neutral,neutral,0.7089274525642395,0.2548621892929077,0.7089274525642395,0.036210436373949
1122839391729639,don t follow time table,False,0.0,neutral,0.0,0.0,1.0,0.0,neutral,0.0,neutral,False,0.0,,neutral,neutral,0.7333986759185791,0.2395122647285461,0.7333986759185791,0.0270890872925519
1592110744564752,best thing u just off until month u done wth ever doing,False,0.2023,positive,0.2023,0.269,0.513,0.218,positive,0.2023,positive,False,0.0,,positive,positive,0.8289729952812195,0.0532737746834754,0.1177533045411109,0.8289729952812195
402137349350108,elita sheleni should atleast maintain schedule next 2 weeks because suffered eish,False,-0.4939,negative,-0.4939,0.0,0.758,0.242,negative,-0.4939,negative,False,0.0,,negative,negative,0.5590669512748718,0.5590669512748718,0.4090805947780609,0.0318524688482284
1839651823183184,sure result water myself don t believe,False,0.3182,positive,0.3182,0.315,0.685,0.0,positive,0.3182,positive,False,0.0,,neutral,neutral,0.552891731262207,0.3605217933654785,0.552891731262207,0.0865865349769592
475563724778643,six hours foot nishe part mutendere electricity goes 12hrs vazii,False,0.0,neutral,0.0,0.0,1.0,0.0,neutral,0.0,neutral,False,0.0,,neutral,neutral,0.9240748286247252,0.0261546354740858,0.9240748286247252,0.0497704669833183
513885767475162,moses k kapaya respect opinion please respect mine too,False,0.8176,positive,0.8176,0.63,0.37,0.0,positive,0.8176,positive,False,0.0,,neutral,neutral,0.7701542377471924,0.0667764097452163,0.7701542377471924,0.1630693227052688
707873887745003,anfield sinkman educate please,False,0.3182,positive,0.3182,0.434,0.566,0.0,positive,0.3182,positive,False,0.0,,neutral,neutral,0.7413783073425293,0.1491405218839645,0.7413783073425293,0.1094811931252479
475515214753875,government s only president should find solutions ministers sure,False,0.4588,positive,0.4588,0.4,0.6,0.0,positive,0.4588,positive,False,0.0,,neutral,neutral,0.7252221703529358,0.0710236132144928,0.7252221703529358,0.2037541568279266
548169364026736,now mean power going twice day long 6 hours done,False,0.0,neutral,0.0,0.0,1.0,0.0,neutral,0.0,neutral,False,0.0,,neutral,neutral,0.7706260681152344,0.062500886619091,0.7706260681152344,0.1668729782104492
6877744568925424,mwansa mulenga dial same numbers s next option supposed press,False,0.0,neutral,0.0,0.0,1.0,0.0,neutral,0.0,neutral,False,0.0,,neutral,neutral,0.8353621363639832,0.1289736032485962,0.8353621363639832,0.0356642305850982
1539253826550352,kapyelele kerris feel sorry trusting politicians s sad u think loadshedding end first place loadshedding caused same politicians nampower electricity supplying company namibia stopped importing power escom south africa zesco supplying whilst guy s being told lies s loadshedding s over net just google u find unless just want ignore reality coz love president,False,-0.34,negative,-0.34,0.137,0.669,0.194,negative,-0.34,negative,False,0.0,,negative,negative,0.8969141840934753,0.8969141840934753,0.0958603918552398,0.0072253919206559
958142769405125,mashata sebby next minister energy fimo fimo,False,0.2732,positive,0.2732,0.259,0.741,0.0,positive,0.2732,positive,False,0.0,,neutral,neutral,0.8832862377166748,0.0595911964774131,0.8832862377166748,0.0571225918829441
860026851917551,remember someone telling us loadshedding,False,0.0,neutral,0.0,0.0,1.0,0.0,neutral,0.0,neutral,False,0.0,,neutral,neutral,0.7404255867004395,0.2246177047491073,0.7404255867004395,0.0349567122757434
1558742851734596,group e members power 24 00 hours 03 hours ninshii tulindoshiiiii zesco limited would created schedule such way allow everyone access power between 6 22 hours,False,0.25,positive,0.25,0.146,0.784,0.071,positive,0.25,positive,False,0.0,,neutral,neutral,0.8962892889976501,0.0123566472902894,0.8962892889976501,0.0913541242480278
774328217816405,sibeso mukelabai masiye spoken compensation ai m angry called gave list purchased tokens today,False,-0.5106,negative,-0.5106,0.0,0.784,0.216,negative,-0.5106,negative,False,0.0,,negative,negative,0.8311315178871155,0.8311315178871155,0.1599099338054657,0.0089586284011602
346474445108446,how come group d category 8th april experienced load shedding evenings,False,0.0,neutral,0.0,0.0,1.0,0.0,neutral,0.0,neutral,False,0.0,,negative,negative,0.609476625919342,0.609476625919342,0.3803192973136902,0.0102041698992252
688403376277911,louella kalima think petition over rotation s really fair otherwise power cuts just once s,False,0.101,positive,0.101,0.164,0.697,0.139,positive,0.101,positive,False,0.0,,neutral,neutral,0.6681954264640808,0.1441897302865982,0.6681954264640808,0.1876148432493209
1282455436277262,should use solar update aini ba zesco,False,0.0,neutral,0.0,0.0,1.0,0.0,neutral,0.0,neutral,False,0.0,,neutral,neutral,0.8899889588356018,0.0411110110580921,0.8899889588356018,0.0689000114798545
1220697095185978,patricia lusheto chuunka kitwe west,False,0.0,neutral,0.0,0.0,1.0,0.0,neutral,0.0,neutral,False,0.0,,neutral,neutral,0.8742715120315552,0.0473847016692161,0.8742715120315552,0.0783437490463256
1130738321308110,ba zesco sure sure ba zesco honesty wisdom education how load shed central business district lusaka surely normal load shed cbd 05hrs how people work come reasonable once,False,0.9201,positive,0.9201,0.38,0.62,0.0,positive,0.9201,positive,False,0.0,,neutral,neutral,0.7829805016517639,0.032939787954092,0.7829805016517639,0.1840796917676925
837517727541875,philimo voice afrika nakana ine atleast much better,False,0.4404,positive,0.4404,0.293,0.707,0.0,positive,0.4404,positive,False,0.0,,neutral,neutral,0.5209076404571533,0.0352184437215328,0.5209076404571533,0.4438739120960235
365520869192199,mwandu mulenga imagine mweebanthu,False,0.0,neutral,0.0,0.0,1.0,0.0,neutral,0.0,neutral,False,0.0,,neutral,neutral,0.8405678868293762,0.0867851227521896,0.8405678868293762,0.0726469010114669
474734578203279,lies power went around 05 s 13 30,False,-0.4215,negative,-0.4215,0.0,0.682,0.318,negative,-0.4215,negative,False,0.0,,neutral,neutral,0.9015784859657288,0.043702408671379,0.9015784859657288,0.0547191016376018
2154609558274184,serious okay t give nation such urgent message think everyone online come guys better phones off due load shading others travelling ll only see maybe tomorrow many reasons mention few seems like looking faults people issues please already load shading ve gotten used s enough ba zesco limited,False,0.6249,positive,0.6249,0.205,0.682,0.113,positive,0.6249,positive,False,0.0,,neutral,neutral,0.6223293542861938,0.2339137643575668,0.6223293542861938,0.1437569409608841
1640236043100245,reducing hours won t change anything bane s development,False,0.5719,positive,0.5719,0.381,0.619,0.0,positive,0.5719,positive,False,0.0,,negative,negative,0.6793724894523621,0.6793724894523621,0.3063044250011444,0.0143231386318802
1085032883086669,chomba lesa malembeka please share cpc contacts power week now despite reporting zesco,False,0.5423,positive,0.5423,0.29,0.71,0.0,positive,0.5423,positive,False,0.0,,neutral,neutral,0.8368893265724182,0.1149207949638366,0.8368893265724182,0.0481898598372936
1422039008571759,stop playing us expect us believe s because water levels october other season yes could bought those lies now rain season,False,-0.128,negative,-0.128,0.176,0.627,0.196,negative,-0.128,negative,False,0.0,,negative,negative,0.753180742263794,0.753180742263794,0.2276169210672378,0.0192022919654846
475797351387622,peace kandy true omg,False,0.743,positive,0.743,0.759,0.241,0.0,positive,0.743,positive,False,0.0,,positive,positive,0.8682947158813477,0.0083139864727854,0.1233913227915763,0.8682947158813477
1353026225472470,get manager,False,0.0,neutral,0.0,0.0,1.0,0.0,neutral,0.0,neutral,False,0.0,,neutral,neutral,0.6428159475326538,0.1172650679945945,0.6428159475326538,0.2399189472198486
688403376277911,think schedule should revised interchange times atleast areas rotation areas cutting power time every day areas power only cuts once s midnight 05 rest day zesco proper rotation like way 12hrs used,False,-0.0516,negative,-0.0516,0.073,0.819,0.108,negative,-0.0516,negative,False,0.0,,neutral,neutral,0.6777176260948181,0.295558899641037,0.6777176260948181,0.0267235040664672
1519424676126182,neighborhood power come around 01hours hoping bit stability now like promised shockingly 02 30hours ya pwimo,False,0.7269,positive,0.7269,0.363,0.558,0.079,positive,0.7269,positive,False,0.0,,neutral,neutral,0.712663471698761,0.0798698961734771,0.712663471698761,0.2074666619300842
1413194982809799,ngoza ash kumwenda kuti watukana,False,0.0,neutral,0.0,0.0,1.0,0.0,neutral,0.0,neutral,False,0.0,,neutral,neutral,0.8770262002944946,0.0704095661640167,0.8770262002944946,0.052564188838005
1220697095185978,regina chilufya mwale telling s sad,False,-0.4767,negative,-0.4767,0.0,0.563,0.437,negative,-0.4767,negative,False,0.0,,negative,negative,0.7218034267425537,0.7218034267425537,0.2661942839622497,0.0120022734627127
1681413012651571,dennis zulu osalengese insult pamozi naba zesco don t know people kuntanshi given offer other ways generate power mines other sources zambia very blessed country because poor leadership selfishness never end,False,-0.6003,negative,-0.6003,0.107,0.662,0.232,negative,-0.6003,negative,False,0.0,,negative,negative,0.7860667705535889,0.7860667705535889,0.1917858868837356,0.0221473686397075
974631150331430,james group e,False,0.0,neutral,0.0,0.0,1.0,0.0,neutral,0.0,neutral,False,0.0,,neutral,neutral,0.9122812151908876,0.0285479258745908,0.9122812151908876,0.0591708868741989
1091858975810538,carolyn bwalya okay boi,False,0.2263,positive,0.2263,0.388,0.612,0.0,positive,0.2263,positive,False,0.0,,neutral,neutral,0.7424103021621704,0.0588772967457771,0.7424103021621704,0.198712408542633
1109813473024180,bwalani muchi tenge chi transformer chanu,False,0.0,neutral,0.0,0.0,1.0,0.0,neutral,0.0,neutral,False,0.0,,neutral,neutral,0.8193585276603699,0.0852392390370369,0.8193585276603699,0.0954022631049156
958142769405125,mashata sebby ahh muli bamano elders,False,0.0,neutral,0.0,0.0,1.0,0.0,neutral,0.0,neutral,False,0.0,,neutral,neutral,0.8267977237701416,0.0334762968122959,0.8267977237701416,0.1397260129451751
1949331072069915,better because most business depends electricity,False,0.4404,positive,0.4404,0.367,0.633,0.0,positive,0.4404,positive,False,0.0,,neutral,neutral,0.5576430559158325,0.1029582917690277,0.5576430559158325,0.3393987119197845
570498601194220,pamex siamaleke mindset wanting free things should cleaned expect zesco giving cheap electricity run loss how expect run s operations isn t making profits would like run bankrupt start blaming government business,False,0.25,positive,0.25,0.257,0.532,0.211,positive,0.25,positive,False,0.0,,negative,negative,0.8176283240318298,0.8176283240318298,0.1716252416372299,0.010746388696134
814032123947125,zesco limited power restored 30 minutes ago,False,0.128,positive,0.128,0.258,0.538,0.204,positive,0.128,positive,False,0.0,,neutral,neutral,0.8460615277290344,0.1214747801423072,0.8460615277290344,0.0324637331068515
290128167014632,thank update,False,0.3612,positive,0.3612,0.714,0.286,0.0,positive,0.3612,positive,False,0.0,,positive,positive,0.6043187379837036,0.0244462974369525,0.3712348937988281,0.6043187379837036
489266630038074,maxmillian bwalya t construct power station year judge five years,False,0.0,neutral,0.0,0.0,1.0,0.0,neutral,0.0,neutral,False,0.0,,neutral,neutral,0.8769746422767639,0.0455926060676574,0.8769746422767639,0.0774327516555786
2182068691972856,muhau kabuku boss,False,0.0,neutral,0.0,0.0,1.0,0.0,neutral,0.0,neutral,False,0.0,,neutral,neutral,0.6727462410926819,0.1796743869781494,0.6727462410926819,0.1475794166326522
858763822055995,kuwayawayafye ba zesco bena,False,0.0,neutral,0.0,0.0,1.0,0.0,neutral,0.0,neutral,False,0.0,,neutral,neutral,0.8400048017501831,0.1012389883399009,0.8400048017501831,0.0587562061846256
1135886531575155,thelma bwalya should surely get awe zesco should game mwandi,False,0.4404,positive,0.0403999999999999,0.244,0.756,0.0,neutral,0.0403999999999999,neutral,True,-0.4,awe,neutral,neutral,0.816548764705658,0.0528201796114444,0.816548764705658,0.1306310147047042
1539253826550352,miles jay man s still 12 hours per day split into 2,False,0.0,neutral,0.0,0.0,1.0,0.0,neutral,0.0,neutral,False,0.0,,neutral,neutral,0.9059810638427734,0.0332706123590469,0.9059810638427734,0.0607484020292758
896093612627425,button meter box advise,False,0.0,neutral,0.0,0.0,1.0,0.0,neutral,0.0,neutral,False,0.0,,neutral,neutral,0.8805496096611023,0.0434788614511489,0.8805496096611023,0.0759715288877487
975254380666765,dear zesco wanted confirm 8 hour schedule re chelstone seeing power 6am 5pm yesterday apparently re group e m starting think special extended schedule first time week alone ve experienced extended loadshedding people m just want know manage expectations thank kindly,False,0.8519,positive,0.8519,0.272,0.684,0.044,positive,0.8519,positive,False,0.0,,neutral,neutral,0.7196096181869507,0.2131790667772293,0.7196096181869507,0.06721131503582
1220697095185978,catherine chabula sichandesad annoying,False,-0.4019,negative,-0.4019,0.0,0.526,0.474,negative,-0.4019,negative,False,0.0,,negative,negative,0.7946664690971375,0.7946664690971375,0.1924913078546524,0.0128421923145651
918822943645810,saviour alingo chisanga only applies u want check meter upto date however meter doesn t just buy power tokens come kct 1 2 enter those first before tokens signs know meter date entering power tokens refusing until u enter kct 1 2 follow process retrieving previously bought zesco tokens phone dialing 3600 select option 3 enter meter number etc,False,-0.2732,negative,-0.2732,0.049,0.901,0.051,negative,-0.2732,negative,False,0.0,,neutral,neutral,0.9209617972373962,0.0515514351427555,0.9209617972373962,0.0274867303669452
987006009760428,abraham mwale may mwandi told came cut kuma 6,False,-0.2732,negative,-0.2732,0.0,0.769,0.231,negative,-0.2732,negative,False,0.0,,neutral,neutral,0.9218810796737672,0.0385656170547008,0.9218810796737672,0.039553303271532
754014609808724,mwansa mulenga s refusing how,False,-0.4019,negative,-0.4019,0.0,0.526,0.474,negative,-0.4019,negative,False,0.0,,neutral,neutral,0.7830841541290283,0.1339944154024124,0.7830841541290283,0.0829214379191398
427194769547971,chitambo mbewe ala even this6 hours suicide things bad kariba dam only understand,False,-0.8402,negative,-0.8402,0.0,0.579,0.421,negative,-0.8402,negative,False,0.0,,negative,negative,0.8083025217056274,0.8083025217056274,0.1824652105569839,0.009232310578227
1093095268856355,mulenga adrian right explanation zambia just too many us ignorant wish could remember page someone explained zesco meant load shedding stability import power,True,0.1531,positive,0.1531,0.105,0.814,0.081,negative,0.1531,negative,False,0.0,,negative,negative,0.5904139876365662,0.5904139876365662,0.3783612251281738,0.0312247797846794
311057938684793,christian chrishinah shamah saying truth koma rains nothing president unless say import power neighboring countries apo help way situation niyokosa,False,0.6124,positive,0.6124,0.217,0.783,0.0,positive,0.6124,positive,False,0.0,,neutral,neutral,0.7032087445259094,0.2420443147420883,0.7032087445259094,0.0547469966113567
525005757197715,president hosted meeting statehouse few days ago even drunk mineral water md sitting 300pin salary making allowances public appearances swear re jokers nation,False,-0.3818,negative,-0.3818,0.0,0.854,0.146,negative,-0.3818,negative,False,0.0,,negative,negative,0.7309645414352417,0.7309645414352417,0.2505516409873962,0.0184838008135557
1604129750341354,time load shedding how energy cut off abruptly u considered possible loss electronic things abrupt disruptions other person s behind abrupt disruptions called load shedding otherwise u could use security difficult periods evil also lacks security must optimum guide,False,-0.8481,negative,-0.8481,0.138,0.54,0.322,negative,-0.8481,negative,False,0.0,,negative,negative,0.6957559585571289,0.6957559585571289,0.289982259273529,0.0142617300152778
1338452506889039,towera us s 03 00 13 30 same day 17 00 02 39 next day,False,0.0,neutral,0.0,0.0,1.0,0.0,neutral,0.0,neutral,False,0.0,,neutral,neutral,0.905784785747528,0.0179004706442356,0.905784785747528,0.0763147473335266
7647602908640872,zesco limited see saying ba zesco lusaka,False,-0.2263,negative,-0.2263,0.0,0.759,0.241,negative,-0.2263,negative,False,0.0,,neutral,neutral,0.9198935031890868,0.0414078496396541,0.9198935031890868,0.0386986322700977
816832912953800,beatrice shalom ntang lucky m surviving 3 units even funny ve trying since morning,False,0.7845,positive,0.7845,0.467,0.533,0.0,positive,0.7845,positive,False,0.0,,positive,positive,0.6704123020172119,0.0192178487777709,0.3103698194026947,0.6704123020172119
545311258019066,imwe teh pa 1 october lelo,False,0.0,neutral,0.0,0.0,1.0,0.0,neutral,0.0,neutral,False,0.0,,neutral,neutral,0.893507182598114,0.0244419928640127,0.893507182598114,0.0820508301258087
857993329821358,s good better close till further notice 3hours ati stabilize,True,0.7003,positive,0.7003,0.453,0.547,0.0,negative,0.7003,negative,False,0.0,,positive,positive,0.8312387466430664,0.0115123447030782,0.1572488993406295,0.8312387466430664
1332848168092256,how going haven t power past two days,False,0.0,neutral,0.0,0.0,1.0,0.0,neutral,0.0,neutral,False,0.0,,negative,negative,0.5384218096733093,0.5384218096733093,0.4327599704265594,0.0288181919604539
555859273554605,net metering business should giving citizens cash supply power zesco noti ifyama credit units,False,0.6124,positive,0.6124,0.294,0.706,0.0,positive,0.6124,positive,False,0.0,,neutral,neutral,0.8569836616516113,0.0447349436581134,0.8569836616516113,0.0982813537120819
722882109195958,please take electricity forever,False,0.3182,positive,0.3182,0.434,0.566,0.0,positive,0.3182,positive,False,0.0,,negative,negative,0.7771158218383789,0.7771158218383789,0.1919439435005188,0.0309402123093605
1136542194140590,zesco limited experiencing since last week think would best inform customers,False,0.5106,positive,0.5106,0.278,0.596,0.126,positive,0.5106,positive,False,0.0,,neutral,neutral,0.6621711254119873,0.3017714321613312,0.6621711254119873,0.0360574349761009
1323607518593121,shame trying buy kansi kuli problem,False,-0.7003,negative,-0.7003,0.0,0.408,0.592,negative,-0.7003,negative,False,0.0,,negative,negative,0.8035162091255188,0.8035162091255188,0.1880103051662445,0.0084734940901398
1681413012651571,believe nothing power because nonsense man 3hrs ati appreciate people fooling busy dance tune,True,0.3089,positive,0.3089,0.266,0.59,0.145,negative,0.3089,negative,False,0.0,,negative,negative,0.5807040333747864,0.5807040333747864,0.385194718837738,0.0341013111174106
1133780710671114,emily m mbewe ifwe used tropical rubbers,False,0.0,neutral,0.0,0.0,1.0,0.0,neutral,0.0,neutral,False,0.0,,neutral,neutral,0.8866724967956543,0.0324146710336208,0.8866724967956543,0.0809128135442733
199667413102327,6 weeks crying us paid may now now connection yet saying backlog cleared,False,-0.4019,negative,-0.4019,0.097,0.69,0.214,negative,-0.4019,negative,False,0.0,,negative,negative,0.5345566272735596,0.5345566272735596,0.4159589409828186,0.0494844764471054
790989579596628,chipe lukona kkkkk imagine even giving us pressure pay useless licenses,False,-0.4588,negative,-0.4588,0.152,0.443,0.405,negative,-0.4588,negative,False,0.0,,negative,negative,0.9153958559036256,0.9153958559036256,0.0794687792658805,0.0051353410817682
512424555043487,r interested pliz give us schedule s 1st october lelo,False,0.4019,positive,0.4019,0.278,0.722,0.0,positive,0.4019,positive,False,0.0,,neutral,neutral,0.6258463263511658,0.011747651733458,0.6258463263511658,0.3624060451984405
492310796602094,christine joanna julio question too,False,0.0,neutral,0.0,0.0,1.0,0.0,neutral,0.0,neutral,False,0.0,,neutral,neutral,0.9311622381210328,0.0159234199672937,0.9311622381210328,0.0529142990708351
1301433613735732,time makes sense mumbwa know know,False,0.0,neutral,0.0,0.0,1.0,0.0,neutral,0.0,neutral,False,0.0,,neutral,neutral,0.5578814744949341,0.0177286658436059,0.5578814744949341,0.4243898689746856
816837920467043,zesco limited meters don t ma how update,False,-0.2263,negative,-0.2263,0.0,0.759,0.241,negative,-0.2263,negative,False,0.0,,neutral,neutral,0.5201551914215088,0.4639870524406433,0.5201551914215088,0.0158577486872673
975721170795448,8 hours s over 10 hours people annoying,False,-0.4019,negative,-0.4019,0.0,0.649,0.351,negative,-0.4019,negative,False,0.0,,negative,negative,0.771465539932251,0.771465539932251,0.2106127887964248,0.0179216228425502
2299770710224782,s true better,False,0.6908,positive,0.6908,1.0,0.0,0.0,positive,0.6908,positive,False,0.0,,positive,positive,0.8491320610046387,0.0155187044292688,0.1353491842746734,0.8491320610046387
906324284760959,promised come 1st october power stabilize honestly stability talking awe zesco play too much taking citizens granted,True,0.836,positive,0.4359999999999999,0.432,0.568,0.0,negative,0.4359999999999999,negative,True,-0.4,awe,neutral,neutral,0.6702731251716614,0.216134712100029,0.6702731251716614,0.113592192530632
481698757452496,riddah njovu 11 17 power time work 8 11 3 hours work most clients cleaning anyway very true,False,0.4754,positive,0.4754,0.171,0.829,0.0,positive,0.4754,positive,False,0.0,,neutral,neutral,0.7816458940505981,0.0733900442719459,0.7816458940505981,0.1449641585350036
2498876370301527,people really run ideas working under pressure,False,-0.296,negative,-0.296,0.0,0.732,0.268,negative,-0.296,negative,False,0.0,,neutral,neutral,0.537102997303009,0.4151531457901001,0.537102997303009,0.0477438755333423
709666733886586,monica mutakwa yachilamo mweeeee,False,0.0,neutral,0.0,0.0,1.0,0.0,neutral,0.0,neutral,False,0.0,,neutral,neutral,0.8407752513885498,0.0245950352400541,0.8407752513885498,0.1346297711133957
230568016489685,alice lungu tried given mr key 1 key 2 same units gave now wonder should use cause refused help please,False,0.4215,positive,0.4215,0.225,0.676,0.099,positive,0.4215,positive,False,0.0,,negative,negative,0.5663862228393555,0.5663862228393555,0.413398414850235,0.020215343683958
7721292354568793,zesco limited hours accurate power goes 10hrs 20hrs instead 12hrs 20hrs,False,-0.2263,negative,-0.2263,0.0,0.84,0.16,negative,-0.2263,negative,False,0.0,,neutral,neutral,0.8101909756660461,0.1310381293296814,0.8101909756660461,0.0587709471583366
1293999082039855,updating work even household doesn t power need power update done minimal time sensitization statement wish should given information earliest monday week,False,0.4019,positive,0.4019,0.119,0.881,0.0,positive,0.4019,positive,False,0.0,,neutral,neutral,0.7782078981399536,0.166013553738594,0.7782078981399536,0.0557785965502262
1681413012651571,dennis zulu don t weak man stand rights isn t first time experiencing droughts s always solutions put place easy issue load shedding zesco works people zambia own interest people whose houses electricity 7 days without cutting because re government employees feeling pity zesco,False,0.522,positive,0.522,0.216,0.679,0.105,positive,0.522,positive,False,0.0,,negative,negative,0.6089755296707153,0.6089755296707153,0.3428063690662384,0.0482181198894977
1132178137441275,onelia banda never present without past learn past how lungu went crying bally won t learn awe cry too mark words,False,-0.3612,negative,-0.7612000000000001,0.138,0.632,0.23,negative,-0.7612000000000001,negative,True,-0.4,awe,negative,negative,0.737520694732666,0.737520694732666,0.2423077523708343,0.0201716031879186
538309055404165,waiting another lie cause today s 1 october emwe ba fika,False,0.0,neutral,0.0,0.0,1.0,0.0,neutral,0.0,neutral,False,0.0,,neutral,neutral,0.556226909160614,0.4071841239929199,0.556226909160614,0.0365889742970466
1996734767427902,stop playing us naimwe lelo nipa1 october those tuma silly steps keep self nabambi nabambi,False,-0.0772,negative,-0.0772,0.17,0.702,0.129,negative,-0.0772,negative,False,0.0,,negative,negative,0.8064122796058655,0.8064122796058655,0.1775204092264175,0.0160673279315233
467360265627956,zesco limited 14 please ma 15 nalelo,False,0.1027,positive,0.1027,0.25,0.543,0.207,positive,0.1027,positive,False,0.0,,neutral,neutral,0.8048697113990784,0.0301963482052087,0.8048697113990784,0.1649339646100998
1269584484485241,lelo nipa wanu chilibwa problem muli naboza bonse uko ku side,False,-0.4019,negative,-0.4019,0.0,0.787,0.213,negative,-0.4019,negative,False,0.0,,neutral,neutral,0.7571435570716858,0.1885503828525543,0.7571435570716858,0.054306074976921
644107217775772,mê mó ry yes just kept trying,False,0.4019,positive,0.4019,0.31,0.69,0.0,positive,0.4019,positive,False,0.0,,neutral,neutral,0.7329578995704651,0.0564040094614028,0.7329578995704651,0.2106380313634872
1973087556500148,how check powerless zone,False,-0.4939,negative,-0.4939,0.0,0.484,0.516,negative,-0.4939,negative,False,0.0,,neutral,neutral,0.7163002490997314,0.1577350944280624,0.7163002490997314,0.1259647160768509
442822361760933,ritah mwaba tembo tag president,False,0.0,neutral,0.0,0.0,1.0,0.0,neutral,0.0,neutral,False,0.0,,neutral,neutral,0.826585590839386,0.0837425664067268,0.826585590839386,0.0896717831492424
921326036600249,good news u promised us today 23rd moreover power advice updated without power,False,0.6597,positive,0.6597,0.351,0.649,0.0,positive,0.6597,positive,False,0.0,,positive,positive,0.8480456471443176,0.0100382370874285,0.1419160813093185,0.8480456471443176
2729295837245226,talking signing iwe us want power ivo,False,0.0772,positive,0.0772,0.178,0.822,0.0,positive,0.0772,positive,False,0.0,,neutral,neutral,0.7908898591995239,0.0341925658285617,0.7908898591995239,0.1749176084995269
618831263798949,nhamo afiya chiwila annoying mwe,False,-0.4019,negative,-0.4019,0.0,0.597,0.403,negative,-0.4019,negative,False,0.0,,negative,negative,0.7345778942108154,0.7345778942108154,0.2526584267616272,0.0127636669203639
1120646499625992,tell us going s first october per promise,False,0.3182,positive,0.3182,0.277,0.723,0.0,positive,0.3182,positive,False,0.0,,neutral,neutral,0.915418028831482,0.0181753691285848,0.915418028831482,0.066406637430191
1479688996132867,nothing changed s drama everytime,False,0.0,neutral,0.0,0.0,1.0,0.0,neutral,0.0,neutral,False,0.0,,negative,negative,0.6574587225914001,0.6574587225914001,0.3142272531986236,0.0283139813691377
2154609558274184,ba zesco power comes kuma zero chani time wake power gone than month now how expect us update,False,0.0,neutral,0.0,0.0,1.0,0.0,neutral,0.0,neutral,False,0.0,,neutral,neutral,0.5048593282699585,0.4616346657276153,0.5048593282699585,0.0335060283541679
1266676700937267,now load management,False,0.0,neutral,0.0,0.0,1.0,0.0,neutral,0.0,neutral,False,0.0,,neutral,neutral,0.8125219941139221,0.1335207819938659,0.8125219941139221,0.0539572276175022
954115973046444,david xavy bandathe power name jesus,False,0.0,neutral,0.0,0.0,1.0,0.0,neutral,0.0,neutral,False,0.0,,neutral,neutral,0.5401045083999634,0.0885799601674079,0.5401045083999634,0.3713155090808868
673261321259755,should rotating t 18 24 hours schedule everyday want watch tv night,False,0.0772,positive,0.0772,0.115,0.885,0.0,positive,0.0772,positive,False,0.0,,neutral,neutral,0.8579624891281128,0.0194886326789855,0.8579624891281128,0.1225489825010299
1635812790689193,eunice stephens phiri tabesha mummy,False,0.0,neutral,0.0,0.0,1.0,0.0,neutral,0.0,neutral,False,0.0,,neutral,neutral,0.8803766965866089,0.0401625782251358,0.8803766965866089,0.0794607698917388
866407191245806,change lusaka west 12hrs 18hrs 06hrs,False,0.0,neutral,0.0,0.0,1.0,0.0,neutral,0.0,neutral,False,0.0,,neutral,neutral,0.9249628186225892,0.027321171015501,0.9249628186225892,0.0477160289883613
7482547598466126,take us back 4 hour chee,False,0.0,neutral,0.0,0.0,1.0,0.0,neutral,0.0,neutral,False,0.0,,neutral,neutral,0.7865313291549683,0.0317226611077785,0.7865313291549683,0.1817460656166076
1160149984999126,zesco limited kindly share schedule ndola because kansenshi infill load shedding ninshi ni 13 hours 21 hours beyond everyday even started load shedding us twice day efinshi ifyo sure,False,0.7003,positive,0.7003,0.223,0.723,0.055,positive,0.7003,positive,False,0.0,,neutral,neutral,0.4889075458049774,0.4862130582332611,0.4889075458049774,0.0248794946819543
831000462075383,let personal challenges assumed failures big corporations like zesco now longer experience load shading score tuletasha,False,-0.0516,negative,-0.0516,0.192,0.657,0.152,negative,-0.0516,negative,False,0.0,,negative,negative,0.5980958938598633,0.5980958938598633,0.3795921802520752,0.0223119836300611
1681413012651571,dennis zulu saying,False,0.0,neutral,0.0,0.0,1.0,0.0,neutral,0.0,neutral,False,0.0,,neutral,neutral,0.888139009475708,0.0423454344272613,0.888139009475708,0.0695155411958694
699972375059996,power cut 16hrs restored 12 ninshi chalabela ifi,False,0.0772,positive,0.0772,0.229,0.571,0.2,positive,0.0772,positive,False,0.0,,neutral,neutral,0.7348734140396118,0.2357503920793533,0.7348734140396118,0.0293761454522609
837954824387458,selina banda too only 9 managed purchase refusing entering token,False,-0.4019,negative,-0.4019,0.0,0.748,0.252,negative,-0.4019,negative,False,0.0,,negative,negative,0.7117971181869507,0.7117971181869507,0.27813321352005,0.0100696263834834
1261000141932510,address critical questions ba zesco limited 1 infrastructure upgrades need accomplish bidirectional supply 2 special meters required implementation 2 yes procurement manufacturing same started 2 b expect market 2 c price,False,0.6124,positive,0.6124,0.261,0.605,0.134,positive,0.6124,positive,False,0.0,,neutral,neutral,0.8603526949882507,0.0702116638422012,0.8603526949882507,0.0694355815649032
501129308798021,kumba kuku diallo ok boo,False,0.296,positive,0.296,0.355,0.645,0.0,positive,0.296,positive,False,0.0,,neutral,neutral,0.7847316861152649,0.0885959640145301,0.7847316861152649,0.1266724169254303
130765013432625,people complaining 6 weeks great improvement zesco cause people used complain waited years years connected,False,0.5859,positive,0.5859,0.332,0.467,0.201,positive,0.5859,positive,False,0.0,,negative,negative,0.4064610004425049,0.4064610004425049,0.3596234917640686,0.2339155226945877
2688712201265424,now introduced half time kutushako 6 hrs boom nakabili yaya,False,0.0,neutral,0.0,0.0,1.0,0.0,neutral,0.0,neutral,False,0.0,,neutral,neutral,0.7562724351882935,0.0200286675244569,0.7562724351882935,0.2236988693475723
2299770710224782,george muls just same,False,0.0,neutral,0.0,0.0,1.0,0.0,neutral,0.0,neutral,False,0.0,,neutral,neutral,0.8277921676635742,0.0942542478442192,0.8277921676635742,0.0779535472393035
7359122830872795,francesca f kabaso true,False,0.4215,positive,0.4215,0.583,0.417,0.0,positive,0.4215,positive,False,0.0,,neutral,neutral,0.8483911752700806,0.0431404039263725,0.8483911752700806,0.1084683537483215
6107112926000769,how come places still experiencing 12 hours load shedding matero shardricks area,False,0.0,neutral,0.0,0.0,1.0,0.0,neutral,0.0,neutral,False,0.0,,negative,negative,0.786418616771698,0.786418616771698,0.2060137838125229,0.0075675556436181
847279377585164,gloriouse nuttip political comment talk tribe must foolish,False,-0.2732,negative,-0.2732,0.0,0.769,0.231,negative,-0.2732,negative,False,0.0,,negative,negative,0.6473411321640015,0.6473411321640015,0.3284341990947723,0.0242246855050325
851116133455292,feli lex let guy since god should comment make mad,False,-0.2732,negative,-0.2732,0.158,0.602,0.241,negative,-0.2732,negative,False,0.0,,negative,negative,0.7734911441802979,0.7734911441802979,0.2127691507339477,0.0137397050857543
461680426175485,ackim c sikaundi boi tefintu us everyday 16 04 kuwayawayafye boi,False,0.0,neutral,0.0,0.0,1.0,0.0,neutral,0.0,neutral,False,0.0,,neutral,neutral,0.8623970150947571,0.0775739029049873,0.8623970150947571,0.0600290708243846
860155021917554,awe ba zesco chamba valley 10 upto now 6hours ya bwanji,False,0.0,neutral,-0.4,0.0,1.0,0.0,negative,-0.4,negative,True,-0.4,awe,neutral,neutral,0.8900249600410461,0.0403328165411949,0.8900249600410461,0.0696422159671783
1366446937441510,nsama patrick kwena ati moses instead spiritual son seer 1,False,0.0,neutral,0.0,0.0,1.0,0.0,neutral,0.0,neutral,False,0.0,,neutral,neutral,0.8542534112930298,0.1073700413107872,0.8542534112930298,0.038376547396183
554645493697970,bachishitishefye ku machinese nangu ba mwenye,False,0.0,neutral,0.0,0.0,1.0,0.0,neutral,0.0,neutral,False,0.0,,neutral,neutral,0.7259846925735474,0.1887194216251373,0.7259846925735474,0.0852959230542182
425161906424474,alinjavwa selwa ati just split short having 2 hour break something sort yet understand s practical mmmm okay darkness something else,False,-0.0258,neutral,-0.0258,0.091,0.813,0.096,neutral,-0.0258,neutral,False,0.0,,neutral,neutral,0.8087883591651917,0.1161312386393547,0.8087883591651917,0.0750804543495178
647858186946473,mwila milambo uve told system down working restoring wat else u want,False,0.3612,positive,0.3612,0.28,0.72,0.0,positive,0.3612,positive,False,0.0,,neutral,neutral,0.7487072944641113,0.2191281020641327,0.7487072944641113,0.0321646220982074
2182068691972856,titus masumbuku ivunda still smoking kkkkkkkkkkk,False,0.0,neutral,0.0,0.0,1.0,0.0,neutral,0.0,neutral,False,0.0,,neutral,neutral,0.8039050102233887,0.1498012244701385,0.8039050102233887,0.0462937764823436
512295627663520,govt should construct hydro power generations luapula north western provinces receive rainfall failure lyashi lyakwakaleya,False,-0.5106,negative,-0.5106,0.0,0.809,0.191,negative,-0.5106,negative,False,0.0,,negative,negative,0.6178712248802185,0.6178712248802185,0.3638644218444824,0.018264316022396
501129308798021,suwi siwale mokola boo yesterday power upto now visit mali tomorrow,False,0.0,neutral,0.0,0.0,1.0,0.0,neutral,0.0,neutral,False,0.0,,neutral,neutral,0.9077472686767578,0.0162054784595966,0.9077472686767578,0.076047196984291
6602224119805409,thanks try manage situation wait permanent solution crisis sympathize,False,0.0258,neutral,0.0258,0.34,0.392,0.268,neutral,0.0258,neutral,False,0.0,,positive,positive,0.4892621040344238,0.0633095502853393,0.4474283158779144,0.4892621040344238
1487148675357714,please hurry buy power start month,False,0.3182,positive,0.3182,0.315,0.685,0.0,positive,0.3182,positive,False,0.0,,neutral,neutral,0.5300272107124329,0.1172898933291435,0.5300272107124329,0.3526828289031982
1052945053170961,collins chanda s total mess bru,False,-0.3612,negative,-0.3612,0.0,0.615,0.385,negative,-0.3612,negative,False,0.0,,negative,negative,0.7893099188804626,0.7893099188804626,0.1965191811323166,0.0141709335148334
405020849302903,ba zesco limited nibopusa maningi,False,-0.2263,negative,-0.2263,0.0,0.678,0.322,negative,-0.2263,negative,False,0.0,,neutral,neutral,0.8474411368370056,0.0310976263135671,0.8474411368370056,0.1214612424373626
925697462310474,mercy nams yes m sure ve updated phone than once s periodic,False,0.7579,positive,0.7579,0.517,0.483,0.0,positive,0.7579,positive,False,0.0,,neutral,neutral,0.5582671165466309,0.0135781150311231,0.5582671165466309,0.4281547665596008
856102363268876,zesco limited re serious company aside people having power exercise people business traveled different places country houses locked how supposed deal deadline tomorrow should come back update meter travel back continue businesses put month notice iyo 24hrs live same house same programs just because always go back house doesn t mean everyone just because leave people home doesn t mean everyone mwabako na logical s even load shedding keeps worsening,False,-0.6597,negative,-0.6597,0.0,0.895,0.105,negative,-0.6597,negative,False,0.0,,neutral,neutral,0.7619333267211914,0.2059571146965026,0.7619333267211914,0.0321094952523708
742621214041225,imwe ninshi don t know how calculate time restore power 7 hours ati 6hrs,False,0.296,positive,0.296,0.167,0.833,0.0,positive,0.296,positive,False,0.0,,negative,negative,0.5820274353027344,0.5820274353027344,0.3998382985591888,0.0181343108415603
2469974976477174,paul lupupa s better kaili pa 18 00hrs yayenda 24 00hrs nishi tilimutulo yambwela 06 00 tikauka tipeza yayenda,True,0.4404,positive,0.4404,0.146,0.854,0.0,negative,0.4404,negative,False,0.0,,neutral,neutral,0.8122864365577698,0.0414910688996315,0.8122864365577698,0.1462224274873733
1662549880917318,kikiki minister energy should come install power place really,False,0.2732,positive,0.2732,0.208,0.792,0.0,positive,0.2732,positive,False,0.0,,neutral,neutral,0.733408510684967,0.1928796917200088,0.733408510684967,0.0737117007374763
489266630038074,ackim katebe break necessary 6 hours us make money using power might well take employees employ mweh pantu don t see how increased production also pay people end month,False,0.4215,positive,0.4215,0.142,0.811,0.047,positive,0.4215,positive,False,0.0,,neutral,neutral,0.6649338006973267,0.287112146615982,0.6649338006973267,0.0479540526866912
555614637082664,pietro castiliogne guys unprofessional,False,-0.5106,negative,-0.5106,0.0,0.476,0.524,negative,-0.5106,negative,False,0.0,,negative,negative,0.8063913583755493,0.8063913583755493,0.1814013570547104,0.0122072407975792
569865021722572,comes isn t means affected load shedding bcoz district therizno mwaculenipo mukwai ifwe na beans tuleipika pa stove,False,-0.1531,negative,-0.1531,0.0,0.909,0.091,negative,-0.1531,negative,False,0.0,,neutral,neutral,0.6861356496810913,0.2736885249614715,0.6861356496810913,0.0401758179068565
821071209837952,problem don t plan smartly many water body zambia zesco s like just like money instead investing many energy strategies shame now puting life danger because reckless thinking,False,-0.5106,negative,-0.5106,0.243,0.456,0.301,negative,-0.5106,negative,False,0.0,,negative,negative,0.8961892127990723,0.8961892127990723,0.0971387401223182,0.0066719749011099
266131246065467,imwe naba mtn same same ma bad manners,False,-0.5423,negative,-0.5423,0.0,0.667,0.333,negative,-0.5423,negative,False,0.0,,negative,negative,0.8031024932861328,0.8031024932861328,0.1864477545022964,0.0104497615247964
1349720502418165,michael ods comfortable just content fact improved said goal takes time achieve goal fact people now complain just 6 weeks indicator things improving t expect cover backlog 60 000 connections overnight take time things take time,False,0.7717,positive,0.7717,0.221,0.719,0.06,positive,0.7717,positive,False,0.0,,neutral,neutral,0.6449663043022156,0.0543491207063198,0.6449663043022156,0.3006845414638519
1128616484489374,hopefully maintain 6hours,False,0.4019,positive,0.4019,0.574,0.426,0.0,positive,0.4019,positive,False,0.0,,positive,positive,0.503856360912323,0.0286287739872932,0.4675149023532867,0.503856360912323
847777384145634,ck mable s power 48 hours now today 1 october,False,0.0,neutral,0.0,0.0,1.0,0.0,neutral,0.0,neutral,False,0.0,,neutral,neutral,0.8931573629379272,0.0162688065320253,0.8931573629379272,0.0905738845467567
722010902931852,ba zesco professional god sakes chalala rockfield power night come today 06 00 11hrs power gone should ashamed taking advantage customers customers pay power respect us respect schedules respect president hakainde hichilema also because agreed going reduce hours load shedding only happened president came talk give orders other words actions causing doubts raising questions leadership mr president s behavior various people professionals pull socks failing zambian people failed company disappointment country cause load shedding being long time topic believe company could come plan b cause dnt care water levels kariba dam only care solutions give problem doesn t happen wrong people field unqualified cause suppose see indicators situation long before happened s common sense ise tifuna malaiti kwatu uku ku chalala rockfield,False,0.0516,positive,0.0516,0.161,0.687,0.152,positive,0.0516,positive,False,0.0,,negative,negative,0.7664547562599182,0.7664547562599182,0.217569500207901,0.0159758180379867
1171984817015612,jacqueline favour mulenga atleast 6hours x2 manje ise 17hours daily without power honestly,False,0.1078,positive,0.1078,0.177,0.672,0.151,positive,0.1078,positive,False,0.0,,neutral,neutral,0.7038078904151917,0.2544365525245666,0.7038078904151917,0.0417555458843708
837954824387458,don t enough units inconveniences sort things,False,0.0,neutral,0.0,0.0,1.0,0.0,neutral,0.0,neutral,False,0.0,,negative,negative,0.741653561592102,0.741653561592102,0.2463424205780029,0.0120040159672498
311057938684793,ashley prudney daev come help,False,0.4019,positive,0.4019,0.403,0.597,0.0,positive,0.4019,positive,False,0.0,,neutral,neutral,0.8291930556297302,0.0869909301400184,0.8291930556297302,0.0838160216808319
1255580588504842,madalitso kabwata believe kabwata slip 2 part unfortunately side only power 23 05 12 17 please start alternating times load shading 2 areas also want watch 19 hrs news just t having power sleeping work doesn t make sense please look into matter,False,0.3818,positive,0.3818,0.161,0.783,0.055,positive,0.3818,positive,False,0.0,,negative,negative,0.7265841364860535,0.7265841364860535,0.2599614262580871,0.0134544428437948
2097613640630766,solwezi doing well terms connections quick connect even congratulated solwezi zesco continue connect us fast fast keep,False,0.2732,positive,0.2732,0.116,0.884,0.0,positive,0.2732,positive,False,0.0,,positive,positive,0.929960548877716,0.003249417990446,0.0667899623513221,0.929960548877716
616436273798267,increased tariff,False,0.2732,positive,0.2732,0.677,0.323,0.0,positive,0.2732,positive,False,0.0,,neutral,neutral,0.4971749484539032,0.4573221504688263,0.4971749484539032,0.0455028750002384
511739577605415,kuwena 05 sure us got children awe zambia change sure sure employees heart broken s s changing ama timetable mwe ni fuel just done weekly,False,0.4215,positive,0.0214999999999999,0.238,0.655,0.107,neutral,0.0214999999999999,neutral,True,-0.4,awe,negative,negative,0.7994574308395386,0.7994574308395386,0.1895192861557006,0.0110233193263411
610802407817623,zesco limited time able purchase units give clear picture leaving us suspense,False,0.1779,positive,0.1779,0.179,0.69,0.131,positive,0.1779,positive,False,0.0,,neutral,neutral,0.7280898094177246,0.2277296483516693,0.7280898094177246,0.0441805683076381
1547993305840267,don t play us just restore power uko,False,0.5574,positive,0.5574,0.479,0.521,0.0,positive,0.5574,positive,False,0.0,,neutral,neutral,0.6524803638458252,0.2759880721569061,0.6524803638458252,0.0715315863490104
1366446937441510,2026 someone going back ku ma yard,False,0.0,neutral,0.0,0.0,1.0,0.0,neutral,0.0,neutral,False,0.0,,neutral,neutral,0.8744387626647949,0.0586543940007686,0.8744387626647949,0.0669068694114685
724267959031762,haven t power since 2100 last night called several times received complaint number s nothing update progress happening,False,-0.4993,negative,-0.4993,0.069,0.69,0.241,negative,-0.4993,negative,False,0.0,,negative,negative,0.8396438360214233,0.8396438360214233,0.1516759544610977,0.0086802328005433
1676940039539889,stability power hearing zesco management wow joke thought move 7 hours 3 hours kanshi s same wish just kept quiet than raising hopes,False,0.8885,positive,0.8885,0.418,0.582,0.0,positive,0.8885,positive,False,0.0,,negative,negative,0.6575217843055725,0.6575217843055725,0.3086981475353241,0.0337800830602645
707182370784437,elma chisanga also experience same,False,0.0,neutral,0.0,0.0,1.0,0.0,neutral,0.0,neutral,False,0.0,,neutral,neutral,0.8472460508346558,0.1224642470479011,0.8472460508346558,0.0302896853536367
6474828242565344,u r told go iwe u go ku watchdog follow instructions,False,0.0,neutral,0.0,0.0,1.0,0.0,neutral,0.0,neutral,False,0.0,,neutral,neutral,0.8090320229530334,0.1509703248739242,0.8090320229530334,0.0399976000189781
579156810706802,ben jones mainga mweetwa wanyema mulombwana,False,0.0,neutral,0.0,0.0,1.0,0.0,neutral,0.0,neutral,False,0.0,,neutral,neutral,0.8657082319259644,0.0488016307353973,0.8657082319259644,0.0854901149868965
371394469394103,imwe zesco limited ever read whatever typed olo just post how give us 24hrs update prepaid meters don t electricity,False,-0.2263,negative,-0.2263,0.0,0.905,0.095,negative,-0.2263,negative,False,0.0,,negative,negative,0.718638002872467,0.718638002872467,0.2674259841442108,0.0139359971508383
353891757674580,mwila b tembo imagine,False,0.0,neutral,0.0,0.0,1.0,0.0,neutral,0.0,neutral,False,0.0,,neutral,neutral,0.8628810048103333,0.0590322837233543,0.8628810048103333,0.0780867263674736
1262764498302089,key meter zesco early april fool joke craziness issue statement deadline next day,False,-0.5106,negative,-0.5106,0.124,0.565,0.311,negative,-0.5106,negative,False,0.0,,negative,negative,0.7319645285606384,0.7319645285606384,0.2504723072052002,0.017563072964549
650892396948035,don t know need bake two cakes clients collected 18 hrs,False,0.0,neutral,0.0,0.0,1.0,0.0,neutral,0.0,neutral,False,0.0,,neutral,neutral,0.7741725444793701,0.1650429219007492,0.7741725444793701,0.0607844740152359
494225406114471,makumba peter chimpolonge hope solution improves especially mamba coal 150 mw come anytime soon hope water levels should start improving dear expected unit kafue lower hope,False,0.9432,positive,0.9432,0.487,0.457,0.056,positive,0.9432,positive,False,0.0,,positive,positive,0.5764147639274597,0.0331089235842227,0.3904763162136078,0.5764147639274597
747720883709729,power currently please work faster,False,0.3182,positive,0.3182,0.365,0.635,0.0,positive,0.3182,positive,False,0.0,,negative,negative,0.5731995105743408,0.5731995105743408,0.3595182597637176,0.0672822222113609
1133780710671114,emily m mbewe vayolensi,False,0.0,neutral,0.0,0.0,1.0,0.0,neutral,0.0,neutral,False,0.0,,neutral,neutral,0.8995106816291809,0.0239001102745533,0.8995106816291809,0.076589286327362
1213069430480148,mutinta sodamutinta soda ah now gotten hand,False,0.4939,positive,0.4939,0.348,0.652,0.0,positive,0.4939,positive,False,0.0,,neutral,neutral,0.8312705755233765,0.0645564645528793,0.8312705755233765,0.1041730195283889
503148379258598,nanga behavior iyo ba zesco limited lelo nipa chani kanshi stop boza walk talk,False,-0.4767,negative,-0.4767,0.0,0.745,0.255,negative,-0.4767,negative,False,0.0,,negative,negative,0.5128438472747803,0.5128438472747803,0.4609108865261078,0.0262452829629182
1969815846775559,guyz needs fired bring people board open minded zealous find solutions people capable find solutions need avoid same situation next year,False,-0.0772,negative,-0.0772,0.265,0.53,0.205,negative,-0.0772,negative,False,0.0,,negative,negative,0.5341664552688599,0.5341664552688599,0.4349379539489746,0.0308956336230039
3907429466155481,nipa 1 lelo weh,False,0.0,neutral,0.0,0.0,1.0,0.0,neutral,0.0,neutral,False,0.0,,neutral,neutral,0.8012360334396362,0.071665920317173,0.8012360334396362,0.1270980685949325
783967233759443,phillimon junior musachi exactly kuchila kunama bantu time,False,0.0,neutral,0.0,0.0,1.0,0.0,neutral,0.0,neutral,False,0.0,,neutral,neutral,0.8459317088127136,0.0277131740003824,0.8459317088127136,0.1263551712036132
846486149778987,elo imwe people busy supporting upnd mulenya mulelapila especially fi youth government meant said ll create jobs youths kkkkkkkk sorry fimbeni elo mupoke yaba,False,0.5719,positive,0.5719,0.183,0.769,0.048,positive,0.5719,positive,False,0.0,,negative,negative,0.709708571434021,0.709708571434021,0.2701179385185241,0.0201734453439712
1005670357251191,samson banda how fair comment should,False,0.3182,positive,0.3182,0.315,0.685,0.0,positive,0.3182,positive,False,0.0,,neutral,neutral,0.8005894422531128,0.1032854691147804,0.8005894422531128,0.0961251407861709
1077796063324363,zesco limited read comment,False,-0.2263,negative,-0.2263,0.0,0.612,0.388,negative,-0.2263,negative,False,0.0,,neutral,neutral,0.8536080121994019,0.1005337163805961,0.8536080121994019,0.0458583012223243
700699698437908,fair manager tamulemona mukote,False,0.3182,positive,0.3182,0.434,0.566,0.0,positive,0.3182,positive,False,0.0,,neutral,neutral,0.7756901383399963,0.0770611241459846,0.7756901383399963,0.1472487598657608
1290223178817006,how update power,False,0.0,neutral,0.0,0.0,1.0,0.0,neutral,0.0,neutral,False,0.0,,neutral,neutral,0.7787785530090332,0.1131319105625152,0.7787785530090332,0.1080894693732261
864843354738021,alo kindly share new schedule kabwe app 3600 showing scheduled load management yet power goes every day,False,0.6597,positive,0.6597,0.265,0.735,0.0,positive,0.6597,positive,False,0.0,,neutral,neutral,0.6235613226890564,0.3345986604690552,0.6235613226890564,0.0418401360511779
711538893892824,michelle milimo hibeenzu us well better comes back 12 00,False,0.6124,positive,0.6124,0.385,0.615,0.0,positive,0.6124,positive,False,0.0,,neutral,neutral,0.7187461853027344,0.0132724670693278,0.7187461853027344,0.2679813802242279
874509763853596,physics teacher would say work done equals zero,False,0.0,neutral,0.0,0.0,1.0,0.0,neutral,0.0,neutral,False,0.0,,neutral,neutral,0.6759986281394958,0.2322653383016586,0.6759986281394958,0.0917360857129097
8338747846207300,hold lelo ni pa 1st s story pantu useless things re quick update us,False,-0.4215,negative,-0.4215,0.0,0.811,0.189,negative,-0.4215,negative,False,0.0,,negative,negative,0.8374718427658081,0.8374718427658081,0.1548434197902679,0.0076847658492624
8207205366024150,kennedy muzyamba us barastone power comes day only lasts hour,False,0.0,neutral,0.0,0.0,1.0,0.0,neutral,0.0,neutral,False,0.0,,neutral,neutral,0.8443660736083984,0.0322801694273948,0.8443660736083984,0.1233538165688514
1134579711021493,zesco limited restored 07 40,False,0.128,positive,0.128,0.329,0.411,0.26,positive,0.128,positive,False,0.0,,neutral,neutral,0.9111982583999634,0.0303858630359172,0.9111982583999634,0.0584158711135387
949062929693052,kwateni order ba zesco,False,0.0,neutral,0.0,0.0,1.0,0.0,neutral,0.0,neutral,False,0.0,,neutral,neutral,0.8506572842597961,0.0698832273483276,0.8506572842597961,0.0794595032930374
442822361760933,ritah yess right behind,False,0.0,neutral,0.0,0.0,1.0,0.0,neutral,0.0,neutral,False,0.0,,positive,positive,0.7852908372879028,0.0116387642920017,0.2030704021453857,0.7852908372879028
1075077654215790,dumbest institution zambia right now want citizens give govt expensive solar power power entire power utility company failed provide people use brains nicely,False,-0.5267,negative,-0.5267,0.141,0.638,0.221,negative,-0.5267,negative,False,0.0,,negative,negative,0.9340532422065736,0.9340532422065736,0.0598775558173656,0.0060692392289638
496420029268773,electricity went 23hrs now theriz,False,0.0,neutral,0.0,0.0,1.0,0.0,neutral,0.0,neutral,False,0.0,,neutral,neutral,0.8338019847869873,0.0843186378479003,0.8338019847869873,0.0818793773651123
1252220168979432,misheck cheleka charge phone once nd doesn t drain easily,False,0.34,positive,0.34,0.231,0.769,0.0,positive,0.34,positive,False,0.0,,neutral,neutral,0.6961050629615784,0.1985035687685012,0.6961050629615784,0.1053914576768875
1121394315191437,ba zesco kwateni order muleshimya bwangu amalaiti stick time table please,False,0.3182,positive,0.3182,0.187,0.813,0.0,positive,0.3182,positive,False,0.0,,neutral,neutral,0.8335736989974976,0.0744169428944587,0.8335736989974976,0.0920093953609466
837714051859880,somebody please hack page,False,0.3182,positive,0.3182,0.434,0.566,0.0,positive,0.3182,positive,False,0.0,,negative,negative,0.5674139857292175,0.5674139857292175,0.3846213519573211,0.0479646958410739
8713786182007378,musonda chipampata swear,False,-0.0516,negative,-0.0516,0.0,0.625,0.375,negative,-0.0516,negative,False,0.0,,neutral,neutral,0.6270805597305298,0.2578720450401306,0.6270805597305298,0.1150474399328231
867710671317165,charles mpande don t compromise issue loadshedding condemn s necessary wrong things done just because re upnd cadre tuchulilemo awe,False,-0.6908,negative,-1.0,0.0,0.737,0.263,negative,-1.0,negative,True,-0.4,awe,neutral,neutral,0.499384731054306,0.4722021520137787,0.499384731054306,0.0284130964428186
897569784932137,rotate schedule please unacceptable waking 05 00hrs power leaving home 06hrs coming back 17hrs power totally unacceptable,False,-0.5719,negative,-0.5719,0.103,0.628,0.269,negative,-0.5719,negative,False,0.0,,negative,negative,0.9057188630104064,0.9057188630104064,0.0876094549894332,0.0066717215813696
402137349350108,namwaka nana wasilota group d 12 21 group e 14 22 last week 4 hours schedule group e 17 21,False,0.0,neutral,0.0,0.0,1.0,0.0,neutral,0.0,neutral,False,0.0,,neutral,neutral,0.9377840757369996,0.017838979139924,0.9377840757369996,0.0443770140409469
1781796899224303,imwe said pa 1 te tiyeni give us kaili,False,0.0,neutral,0.0,0.0,1.0,0.0,neutral,0.0,neutral,False,0.0,,neutral,neutral,0.8356627225875854,0.0958338528871536,0.8356627225875854,0.0685034543275833
2017595225100451,need concrete proper solution load shedding zambia developing country without power 6hrs urge setback small businesses depends electricity operate beginning every year experience load shedding making proper plan proactive,False,0.6249,positive,0.6249,0.159,0.841,0.0,positive,0.6249,positive,False,0.0,,negative,negative,0.8017834424972534,0.8017834424972534,0.1837133765220642,0.0145031288266181
595499463037314,power especially us power comes night nayo 01 how update ba zesco sure,False,0.3182,positive,0.3182,0.161,0.839,0.0,positive,0.3182,positive,False,0.0,,neutral,neutral,0.8323939442634583,0.0584970377385616,0.8323939442634583,0.1091090068221092
1539253826550352,heza lawrence mambwe ok definitely,False,0.5994,positive,0.5994,0.62,0.38,0.0,positive,0.5994,positive,False,0.0,,neutral,neutral,0.7361478805541992,0.0192729346454143,0.7361478805541992,0.2445793002843856
1085032883086669,chomba lesa malembeka exactly,False,0.0,neutral,0.0,0.0,1.0,0.0,neutral,0.0,neutral,False,0.0,,neutral,neutral,0.7709560394287109,0.1684521436691284,0.7709560394287109,0.060591772198677
1220697095185978,patricia lusheto chuunka abena chilizi ekwafumine big number remove pf also complaining thought people u re comfortable than us kitwe,False,0.4215,positive,0.4215,0.205,0.714,0.08,positive,0.4215,positive,False,0.0,,neutral,neutral,0.5036496520042419,0.4649762809276581,0.5036496520042419,0.031374130398035
1015605939609843,jæý æňğëļ s serious,False,-0.0772,negative,-0.0772,0.0,0.606,0.394,negative,-0.0772,negative,False,0.0,,neutral,neutral,0.7058086395263672,0.199775144457817,0.7058086395263672,0.0944161489605903
1840818453024242,hi janet massino mwanza regret inconvenience caused please note timetable rotational next week monday 06 14hrs regards cj,False,-0.4588,negative,-0.4588,0.102,0.664,0.235,negative,-0.4588,negative,False,0.0,,neutral,neutral,0.512291669845581,0.466311514377594,0.512291669845581,0.0213968101888895
1794074577659321,how possible coh mtutendere b power came around 18 hrs 23 went until now meaning meaning only seeing power 3 s gone re structure time table well eeh,False,0.2732,positive,0.2732,0.08,0.92,0.0,positive,0.2732,positive,False,0.0,,neutral,neutral,0.8185034990310669,0.1345895677804947,0.8185034990310669,0.0469069182872772
8564364463676203,wiyu said pa 1st october loadshedding stabilize s worse power restored kuma midnight 01 gone 03 back 04 gone gone gone awe mwandi,True,-0.1779,negative,-0.5779000000000001,0.094,0.784,0.122,negative,-0.5779000000000001,negative,True,-0.4,awe,negative,negative,0.5019342303276062,0.5019342303276062,0.4758125841617584,0.0222532022744417
847279377585164,mweene omedy keny expect update today promised zesco md imwe busy talking lungu lungu president 7 years yet didn t sale enjoy embarrassing yourself public,False,0.4767,positive,0.4767,0.201,0.707,0.092,positive,0.4767,positive,False,0.0,,negative,negative,0.5815106630325317,0.5815106630325317,0.3677178919315338,0.0507714636623859
1181750455807621,previous 12 hour arrangement actually better 666 pattern isn t favorable power only comes work goes before return home comes midnight asleep,False,0.7184,positive,0.7184,0.24,0.76,0.0,positive,0.7184,positive,False,0.0,,neutral,neutral,0.6332435607910156,0.2943063676357269,0.6332435607910156,0.0724501013755798
1283679469436607,work even without power,False,0.0,neutral,0.0,0.0,1.0,0.0,neutral,0.0,neutral,False,0.0,,neutral,neutral,0.7770267128944397,0.0804265812039375,0.7770267128944397,0.1425466537475586
1743981886415173,lelo nipa 1 october ba zesco,False,0.0,neutral,0.0,0.0,1.0,0.0,neutral,0.0,neutral,False,0.0,,neutral,neutral,0.8689591288566589,0.030550830066204,0.8689591288566589,0.1004901006817817
1023555565703316,kelvin ngoma s still 12 hours just split,False,0.0,neutral,0.0,0.0,1.0,0.0,neutral,0.0,neutral,False,0.0,,neutral,neutral,0.8960267901420593,0.0435051433742046,0.8960267901420593,0.0604681372642517
1112572957094230,time supposed cos just seeing today 23rd,False,0.0,neutral,0.0,0.0,1.0,0.0,neutral,0.0,neutral,False,0.0,,neutral,neutral,0.8935206532478333,0.0298126935958862,0.8935206532478333,0.0766666382551193
547271547324936,george siamalambo s over 7 hours yet restored,False,0.34,positive,0.34,0.324,0.676,0.0,positive,0.34,positive,False,0.0,,neutral,neutral,0.7946363687515259,0.0638743489980697,0.7946363687515259,0.1414892971515655
1220697095185978,magret alexanders nakabaghe god,False,0.2732,positive,0.2732,0.412,0.588,0.0,positive,0.2732,positive,False,0.0,,neutral,neutral,0.65467369556427,0.1116968244314193,0.65467369556427,0.2336294203996658
835011318684288,s like pipo just making time tables muma office finding permanent solution need plan b t go like please bring back 4 hours twice day schedule small businesses unable run effectively,False,0.8885,positive,0.8885,0.362,0.638,0.0,positive,0.8885,positive,False,0.0,,negative,negative,0.800047755241394,0.800047755241394,0.1888662427663803,0.0110860159620642
420600777720942,mathews tonga jr also wondering,False,0.0,neutral,0.0,0.0,1.0,0.0,neutral,0.0,neutral,False,0.0,,neutral,neutral,0.9277212619781494,0.0349549874663353,0.9277212619781494,0.0373236835002899
767359114506134,only could stick time table power went 11 00hrs mongu restored now,False,0.34,positive,0.34,0.179,0.821,0.0,positive,0.34,positive,False,0.0,,neutral,neutral,0.8544732332229614,0.0332978777587413,0.8544732332229614,0.1122288703918457
548223958057240,how check without power,False,0.0,neutral,0.0,0.0,1.0,0.0,neutral,0.0,neutral,False,0.0,,neutral,neutral,0.5464828014373779,0.4023416638374328,0.5464828014373779,0.0511755459010601
1205335293411995,power went kuma 05 tilll now tafilaisa,False,0.0,neutral,0.0,0.0,1.0,0.0,neutral,0.0,neutral,False,0.0,,neutral,neutral,0.7406740188598633,0.2161344140768051,0.7406740188598633,0.0431915558874607
1252220168979432,eating phone,False,0.0,neutral,0.0,0.0,1.0,0.0,neutral,0.0,neutral,False,0.0,,neutral,neutral,0.6941755414009094,0.1372089833021164,0.6941755414009094,0.1686154901981353
1035849027994152,maybe meant next year 1st october zesco limited,False,-0.2263,negative,-0.2263,0.0,0.787,0.213,negative,-0.2263,negative,False,0.0,,neutral,neutral,0.9262062907218932,0.0121720749884843,0.9262062907218932,0.0616215914487838
506363162192492,nayunda wamunyima majesty bweshenimo umutima,False,0.0,neutral,0.0,0.0,1.0,0.0,neutral,0.0,neutral,False,0.0,,neutral,neutral,0.804241955280304,0.0415022782981395,0.804241955280304,0.1542557328939438
442381161642601,lelo nipa 1 october don t power home problem learn speak truth,False,-0.1027,negative,-0.1027,0.177,0.615,0.208,negative,-0.1027,negative,False,0.0,,neutral,neutral,0.5304359793663025,0.4452848434448242,0.5304359793663025,0.0242791827768087
901209128559441,need power 24 00 03 00,False,0.0,neutral,0.0,0.0,1.0,0.0,neutral,0.0,neutral,False,0.0,,neutral,neutral,0.6914047598838806,0.2227652817964553,0.6914047598838806,0.0858298912644386
891631489062518,muchinga zesco limited,False,-0.2263,negative,-0.2263,0.0,0.513,0.487,negative,-0.2263,negative,False,0.0,,neutral,neutral,0.807585597038269,0.0451576560735702,0.807585597038269,0.1472567468881607
1252220168979432,misheck cheleka things just thought iphone,False,0.0,neutral,0.0,0.0,1.0,0.0,neutral,0.0,neutral,False,0.0,,neutral,neutral,0.4856840074062347,0.4805424213409424,0.4856840074062347,0.0337735190987587
862608649273728,maclean sandra phiri didn t say year zesco kuwayawaya fye,False,0.0,neutral,0.0,0.0,1.0,0.0,neutral,0.0,neutral,False,0.0,,neutral,neutral,0.7993764877319336,0.1235976219177246,0.7993764877319336,0.0770258679986
202751886080546,michael mwango mokha s problem having too given less units too,False,-0.4019,negative,-0.4019,0.0,0.769,0.231,negative,-0.4019,negative,False,0.0,,neutral,neutral,0.5444748401641846,0.4386748075485229,0.5444748401641846,0.0168503541499376
1350227855844217,kelvin musonda new dawn 2 years old,False,0.0,neutral,0.0,0.0,1.0,0.0,neutral,0.0,neutral,False,0.0,,neutral,neutral,0.8375158905982971,0.0081729991361498,0.8375158905982971,0.1543110460042953
559356870364711,how supposed without electricity aware meters work electricity didn t electricity whole day yesterday 05 00hrs power came midnight just say hi went back previous experience sundays most likely going power whole day advice please,False,0.3182,positive,0.3182,0.065,0.935,0.0,positive,0.3182,positive,False,0.0,,neutral,neutral,0.5735117793083191,0.3754041194915771,0.5735117793083191,0.0510841868817806
565495791785843,prophecy especially against 17hrs 23hrs schedule succeed making darkness portion john 1 5 isaiah 9 2 micah 7 8 repent repacations previous iniquities,False,0.296,positive,0.296,0.158,0.743,0.099,positive,0.296,positive,False,0.0,,neutral,neutral,0.7790695428848267,0.1509850323200225,0.7790695428848267,0.0699454173445701
489189780815451,how check don t power comes fast asleep please postpone deadline until next year power give us people don t seem understand going through,False,0.1027,positive,0.1027,0.095,0.826,0.079,positive,0.1027,positive,False,0.0,,negative,negative,0.8713610768318176,0.8713610768318176,0.1191731393337249,0.0094657810404896
1558742851734596,petr besa ba besa already sacrificed 21 hours having power between 01 05 tantamount sacrificing 24 hours cause power time understand s called load management mean already cutting power 21 hours manage load think splicing three hours just ensure people access power time could find useful would great,False,0.8442,positive,0.8442,0.177,0.795,0.028,positive,0.8442,positive,False,0.0,,neutral,neutral,0.65887051820755,0.2568236291408539,0.65887051820755,0.0843057930469513
1244223689492224,people understanding word staggering think loadshedding reduced 6 hours lol,False,0.4215,positive,0.4215,0.259,0.741,0.0,positive,0.4215,positive,False,0.0,,neutral,neutral,0.6942200660705566,0.1367357224225998,0.6942200660705566,0.1690442264080047
1349720502418165,henry nchena u missing zesco adjusted payments people pay cost reflective fees benefit prompt service provision s failure said would done attacking don t comfortable mediocrity,False,-0.4404,negative,-0.4404,0.188,0.478,0.334,negative,-0.4404,negative,False,0.0,,negative,negative,0.829864501953125,0.829864501953125,0.1612268835306167,0.0089086284860968
963209262309928,mmmmmh consumer access internet,False,0.0,neutral,0.0,0.0,1.0,0.0,neutral,0.0,neutral,False,0.0,,neutral,neutral,0.8845221400260925,0.0425544492900371,0.8845221400260925,0.0729234218597412
894707085907298,moise sichilima just forget boi nimbushi last futi,False,-0.2263,negative,-0.2263,0.0,0.787,0.213,negative,-0.2263,negative,False,0.0,,neutral,neutral,0.7502057552337646,0.192389503121376,0.7502057552337646,0.0574047230184078
843687560662741,experience zesco field staff harassing family insisting separate power supply kantemba main house applied separation xmas week 2016 zesco s contractor only came put poles 2019 since story zesco conductors yet statement pr department sometime last year backlog connections cleared end march 2023 ntemba remains unseparated,False,-0.4767,negative,-0.4767,0.029,0.898,0.073,negative,-0.4767,negative,False,0.0,,negative,negative,0.7135710716247559,0.7135710716247559,0.277059406042099,0.0093695763498544
1097325081324274,hi ndalela nyambe sincerely apologize inconvenience caused kindly inbox meter number nearest landmark premises active contact number complaint registration alternatively dial 3600 use zesco whatsapp number 260762626977 following prompts register fault follow ups kind regards pm,False,0.8225,positive,0.8225,0.377,0.476,0.147,positive,0.8225,positive,False,0.0,,neutral,neutral,0.6430193781852722,0.3316603600978851,0.6430193781852722,0.0253203436732292
384445361400659,t buy solar mweimwe add grid citizens lot problems mailiti should issue plus tiziba imwe uko mufola bwino vima salary monga pension yama civil servants 4,False,-0.4019,negative,0.0981,0.0,0.895,0.105,positive,0.0981,positive,True,0.5,bwino,negative,negative,0.595054566860199,0.595054566860199,0.388371467590332,0.0165739096701145
1728395714667226,gabriel sean sumaili jr yalipita 1000mw apa nomba,False,0.0,neutral,0.0,0.0,1.0,0.0,neutral,0.0,neutral,False,0.0,,neutral,neutral,0.8763465881347656,0.0424817875027656,0.8763465881347656,0.0811716467142105
922530655410557,those brains ministry energy zesco ltd maamba collieries could figure purpose existence really take head state tell purpose existence ie meet needs businesses population general exactly officials ministry energy zesco ltd maamba collieries think organisations existed very disappointing indeed s high time heads started rolling,False,-0.0754,negative,-0.0754,0.086,0.842,0.072,negative,-0.0754,negative,False,0.0,,negative,negative,0.604693591594696,0.604693591594696,0.3692091107368469,0.0260973274707794
2182068691972856,m expert viewing analyzing post beginning end line line word word letter letter came conclusion say t say anything because said beginning m expert,False,0.0,neutral,0.0,0.0,1.0,0.0,neutral,0.0,neutral,False,0.0,,neutral,neutral,0.826066255569458,0.120445542037487,0.826066255569458,0.0534881167113781
1644602329812779,felistus mulabanya let s try said maybe work otherwise maria zesco limited call centre very unprofessional human being,False,-0.6697,negative,-0.6697,0.0,0.732,0.268,negative,-0.6697,negative,False,0.0,,negative,negative,0.8625601530075073,0.8625601530075073,0.1256099641323089,0.0118298316374421
563994755593886,mean 6 6 hour loadshedding per day minimum 6 hrs day could easily still 12 hours actually 6 hrs loadshedding day much lack promise release,False,0.34,positive,0.34,0.188,0.72,0.092,positive,0.34,positive,False,0.0,,neutral,neutral,0.5567207336425781,0.3977446854114532,0.5567207336425781,0.0455345660448074
8497039393670777,nonsense only those limited reasoning celebrate otherwise work done equal negative 0,False,-0.5574,negative,-0.5574,0.195,0.368,0.437,negative,-0.5574,negative,False,0.0,,negative,negative,0.7685762643814087,0.7685762643814087,0.2065321803092956,0.0248915534466505
3073901196085728,1st october lelo give us update need vama metering uko,False,0.0,neutral,0.0,0.0,1.0,0.0,neutral,0.0,neutral,False,0.0,,neutral,neutral,0.8797204494476318,0.0359223559498786,0.8797204494476318,0.0843571498990058
565876345064568,good solution find better solution help everyone benefit,False,0.9337,positive,0.9337,0.89,0.11,0.0,positive,0.9337,positive,False,0.0,,positive,positive,0.6638874411582947,0.0450989194214344,0.2910136580467224,0.6638874411582947
641820527855894,kaoma silavwe niza zulu,False,0.0,neutral,0.0,0.0,1.0,0.0,neutral,0.0,neutral,False,0.0,,neutral,neutral,0.8140708208084106,0.0859818831086158,0.8140708208084106,0.0999472811818122
1109530670544606,zesco limited jokers sometimes wait think scared disconnected mean only power 3 4 hours s than being disconnected don t think,False,-0.5859,negative,-0.5859,0.0,0.758,0.242,negative,-0.5859,negative,False,0.0,,neutral,neutral,0.5588033199310303,0.4140800833702087,0.5588033199310303,0.0271165501326322
1479913309593876,hi enock mangowa good morning cases may installations feeders switched off early delayed restoration may arise given time however mean schedule changed only due system constraints published schedules remain same network may constrained times making impossible us stick times schedule regards cj,False,0.1531,positive,0.1531,0.064,0.863,0.073,positive,0.1531,positive,False,0.0,,neutral,neutral,0.6609833836555481,0.3208436071872711,0.6609833836555481,0.018173012882471
1064385481806396,feli lex please ba ma motoka osa ngenela nkani ya ise ba ma ganda bu pee brain uko,False,0.3182,positive,0.3182,0.119,0.881,0.0,positive,0.3182,positive,False,0.0,,neutral,neutral,0.8263852596282959,0.0867899656295776,0.8263852596282959,0.0868247151374816
5642840952511209,nkani yamu kachasu power restored 14 goes 16 idea restored ba call center nabo sibaziba timetable,False,0.5859,positive,0.5859,0.255,0.745,0.0,positive,0.5859,positive,False,0.0,,neutral,neutral,0.890872061252594,0.0144296986982226,0.890872061252594,0.0946982651948928
843687560662741,irene banda werent given receipt reference number,False,0.0772,positive,0.0772,0.178,0.822,0.0,positive,0.0772,positive,False,0.0,,neutral,neutral,0.5313525199890137,0.4546062648296356,0.5313525199890137,0.0140412412583827
610802407817623,evelyn kapanga same 3600 option report faults google ka number kaba zesco,False,-0.4215,negative,-0.4215,0.09,0.694,0.215,negative,-0.4215,negative,False,0.0,,neutral,neutral,0.8508288860321045,0.1238501742482185,0.8508288860321045,0.0253210198134183
459654403759915,lelo nipa 1st october just remind,False,0.0,neutral,0.0,0.0,1.0,0.0,neutral,0.0,neutral,False,0.0,,neutral,neutral,0.8645740747451782,0.0395864732563495,0.8645740747451782,0.0958394035696983
1048814180244579,thought october won t arrive ka october give us schedule boss,False,0.5719,positive,0.5719,0.291,0.709,0.0,positive,0.5719,positive,False,0.0,,negative,negative,0.6395196914672852,0.6395196914672852,0.3448103964328766,0.0156699102371931
1144498916255701,chikondi rose shawa imagine ai,False,0.0,neutral,0.0,0.0,1.0,0.0,neutral,0.0,neutral,False,0.0,,neutral,neutral,0.884645938873291,0.0321061536669731,0.884645938873291,0.0832479670643806
382025698309470,phoebe nachandeh exactly too peaceful tolerant otherwise enough stories,False,0.6486,positive,0.6486,0.431,0.569,0.0,positive,0.6486,positive,False,0.0,,neutral,neutral,0.566288411617279,0.2969233691692352,0.566288411617279,0.1367882043123245
284603217538391,six weeks iyo iyachepa ifyo still waiting almost year right months imwe mulande pali ka sixe changed people attitude attitude culture remain same waste under mwebebe ati new dawn yapakanwafye,False,-0.4215,negative,-0.4215,0.0,0.912,0.088,negative,-0.4215,negative,False,0.0,,neutral,neutral,0.5335316061973572,0.4332819879055023,0.5335316061973572,0.0331863053143024
1630171607491768,luck ayi still power,False,0.4588,positive,0.4588,0.5,0.5,0.0,positive,0.4588,positive,False,0.0,,positive,positive,0.7915483117103577,0.0257209483534097,0.1827307939529419,0.7915483117103577
2790708381106235,s first october today yet power only came like 30 minutes kabwata site service last night,False,0.3612,positive,0.3612,0.152,0.848,0.0,positive,0.3612,positive,False,0.0,,negative,negative,0.5546452403068542,0.5546452403068542,0.4134017825126648,0.0319529883563518
2498876370301527,brown chikwanda imagine,False,0.0,neutral,0.0,0.0,1.0,0.0,neutral,0.0,neutral,False,0.0,,neutral,neutral,0.8290278911590576,0.0647886842489242,0.8290278911590576,0.1061834320425987
565328749437260,gift meamui ilishebo drama series continues,False,0.4404,positive,0.4404,0.367,0.633,0.0,positive,0.4404,positive,False,0.0,,neutral,neutral,0.8765371441841125,0.0407016575336456,0.8765371441841125,0.0827611461281776
1076213584157956,s everyone went school read just update automatically system think frustration having power someone time start pressing those rubbish instructions,False,-0.4767,negative,-0.4767,0.0,0.853,0.147,negative,-0.4767,negative,False,0.0,,negative,negative,0.836258590221405,0.836258590221405,0.1533316671848297,0.0104097332805395
548584151289469,zesco limited meter work without power otherwise s never power supply,False,-0.2263,negative,-0.2263,0.0,0.826,0.174,negative,-0.2263,negative,False,0.0,,negative,negative,0.6414269804954529,0.6414269804954529,0.3372665047645569,0.0213065221905708
1023555565703316,thank very much ba zesco big problem 12 too much appreciate concert,False,0.3612,positive,0.3612,0.308,0.533,0.16,positive,0.3612,positive,False,0.0,,positive,positive,0.973160684108734,0.0054139858111739,0.0214253477752208,0.973160684108734
1358542278236308,posting something don t follow,False,0.0,neutral,0.0,0.0,1.0,0.0,neutral,0.0,neutral,False,0.0,,negative,negative,0.580675482749939,0.580675482749939,0.4056679606437683,0.0136565882712602
509975758482056,people don t money buy solar system many poor today 1 october said power stabilize,True,-0.4767,negative,-0.4767,0.0,0.795,0.205,negative,-0.4767,negative,False,0.0,,negative,negative,0.7459360361099243,0.7459360361099243,0.2395052909851074,0.0145586840808391
499284339694859,give us updates power today s 1st october kutumpa uku,False,0.0,neutral,0.0,0.0,1.0,0.0,neutral,0.0,neutral,False,0.0,,neutral,neutral,0.8705097436904907,0.0231418870389461,0.8705097436904907,0.1063484102487564
323450626698924,concentrating cdf,False,0.0,neutral,0.0,0.0,1.0,0.0,neutral,0.0,neutral,False,0.0,,neutral,neutral,0.8734261393547058,0.0603054650127887,0.8734261393547058,0.0662683919072151
889008990008391,how update metre off 3 days ba zesco limited ve power supply 3 days customer care service report faults working properly faults being lodged manje tizachita bwanji,False,-0.5994,negative,-0.5994,0.099,0.65,0.251,negative,-0.5994,negative,False,0.0,,negative,negative,0.7611175775527954,0.7611175775527954,0.2286970019340515,0.010185451246798
881221193942363,kabiyeni uko mweee tired people,False,-0.4404,negative,-0.4404,0.0,0.58,0.42,negative,-0.4404,negative,False,0.0,,negative,negative,0.6445719003677368,0.6445719003677368,0.3317239284515381,0.0237041935324668
1331690454041080,moses mbanje hello sir long time rural awaits lol,False,0.4767,positive,0.4767,0.369,0.631,0.0,positive,0.4767,positive,False,0.0,,positive,positive,0.6518340706825256,0.0197918228805065,0.3283741474151611,0.6518340706825256
1366211197495682,ba zesco try change workers isoka because just play around electricity switch off because day find self court law,False,0.34,positive,0.34,0.118,0.882,0.0,positive,0.34,positive,False,0.0,,neutral,neutral,0.4847074449062347,0.4830948114395141,0.4847074449062347,0.0321976654231548
1128801438953530,rose zulu ba zesco tired please,False,-0.1531,negative,-0.1531,0.25,0.435,0.315,negative,-0.1531,negative,False,0.0,,neutral,neutral,0.8428188562393188,0.090824969112873,0.8428188562393188,0.0663562417030334
472159101770561,peter gondwe help partly unlike having power entire day achieve half way wouldn t achieved without power consistent 12hrs,False,0.4019,positive,0.4019,0.137,0.863,0.0,positive,0.4019,positive,False,0.0,,neutral,neutral,0.648074209690094,0.0567296594381332,0.648074209690094,0.2951960861682892
311057938684793,mirriam chilwashi talk always cheap s easy criticise others while haven t situation apa seen s easier said than done,False,0.4215,positive,0.4215,0.252,0.619,0.128,positive,0.4215,positive,False,0.0,,negative,negative,0.7202765941619873,0.7202765941619873,0.2633523046970367,0.0163710843771696
2218258545230469,mulibachabe imwe muleshitisha amalaiti kuchalo kumbi mu zambia tulechula nichofye ubuteko nabo bulifye ndwi,False,0.0,neutral,0.0,0.0,1.0,0.0,neutral,0.0,neutral,False,0.0,,neutral,neutral,0.7595134973526001,0.0922127515077591,0.7595134973526001,0.1482737809419632
1539253826550352,franklyn mbale yes goes against tide s goes popular opinions,False,0.6705,positive,0.6705,0.44,0.56,0.0,positive,0.6705,positive,False,0.0,,neutral,neutral,0.8163840174674988,0.1453243941068649,0.8163840174674988,0.0382915288209915
1085032883086669,chomba lesa malembeka guys niba fwaka,False,0.0,neutral,0.0,0.0,1.0,0.0,neutral,0.0,neutral,False,0.0,,neutral,neutral,0.7785439491271973,0.1534654945135116,0.7785439491271973,0.0679905340075492
1064385481806396,kony kumz imagine sis ayi grown ups degrees phds blame president too soft,False,-0.34,negative,-0.34,0.0,0.833,0.167,negative,-0.34,negative,False,0.0,,negative,negative,0.540050745010376,0.540050745010376,0.4368165135383606,0.0231327340006828
230568016489685,titus mpembamoto too bad,False,-0.5423,negative,-0.5423,0.0,0.462,0.538,negative,-0.5423,negative,False,0.0,,negative,negative,0.8897086977958679,0.8897086977958679,0.1029437035322189,0.0073475623503327
1177718989955439,24 00 03 00 s using practice witchcraft,False,0.0,neutral,0.0,0.0,1.0,0.0,neutral,0.0,neutral,False,0.0,,neutral,neutral,0.8527013659477234,0.1012571156024932,0.8527013659477234,0.0460415259003639
543396097838713,power went 08 00 came 18 00 went 20 00,False,0.0,neutral,0.0,0.0,1.0,0.0,neutral,0.0,neutral,False,0.0,,neutral,neutral,0.8386867642402649,0.0375530272722244,0.8386867642402649,0.1237601786851883
1800858807049840,zesco limited same efficiency cutting power should same time restore,False,0.3182,positive,0.3182,0.333,0.426,0.241,positive,0.3182,positive,False,0.0,,negative,negative,0.793700635433197,0.793700635433197,0.1981870979070663,0.0081122731789946
506474755550925,sibongile bongani munthali least switch fan whilst mosquitoes attack charge phone work lol,False,0.25,positive,0.25,0.28,0.549,0.17,positive,0.25,positive,False,0.0,,negative,negative,0.5073304176330566,0.5073304176330566,0.4487364292144775,0.0439331792294979
1133189314375206,trevor musonda chabala current schedule ok better planning homes businesses,False,0.6249,positive,0.6249,0.389,0.611,0.0,positive,0.6249,positive,False,0.0,,neutral,neutral,0.7508508563041687,0.017272500321269,0.7508508563041687,0.2318766564130783
1218991585697288,better kuno yabwelele 11 something yachiya 05,False,0.4404,positive,0.4404,0.326,0.674,0.0,positive,0.4404,positive,False,0.0,,neutral,neutral,0.7358375191688538,0.0412617363035678,0.7358375191688538,0.2229007929563522
1609197929976842,awe bane stop ichibeleshi lelo nipa wanu,False,-0.296,negative,-0.696,0.0,0.732,0.268,negative,-0.696,negative,True,-0.4,awe,negative,negative,0.5829002857208252,0.5829002857208252,0.3728574514389038,0.0442422777414321
1198378554560973,exam give during less than 24hrs think s everyone see within 24hrs,False,0.0,neutral,0.0,0.0,1.0,0.0,neutral,0.0,neutral,False,0.0,,neutral,neutral,0.8776705861091614,0.031879287213087,0.8776705861091614,0.0904501155018806
472159101770561,russell hibajene muvwende playing minds,False,0.2023,positive,0.2023,0.31,0.69,0.0,positive,0.2023,positive,False,0.0,,neutral,neutral,0.8997164368629456,0.0505916774272918,0.8997164368629456,0.0496918559074401
839509707158205,power went around 23 00 came back 06 12 00 gone pa power awe suffering mwe,False,-0.4767,negative,-0.8767,0.0,0.829,0.171,negative,-0.8767,negative,True,-0.4,awe,negative,negative,0.7470537424087524,0.7470537424087524,0.2349929809570312,0.017953323200345
504392969145135,today 1st october counting hours tag minister,False,0.0,neutral,0.0,0.0,1.0,0.0,neutral,0.0,neutral,False,0.0,,neutral,neutral,0.943051278591156,0.00934898853302,0.943051278591156,0.0475997775793075
1144315603777218,haven t electricity 3 days straight how meter updated,False,0.2263,positive,0.2263,0.241,0.759,0.0,positive,0.2263,positive,False,0.0,,negative,negative,0.7055225968360901,0.7055225968360901,0.2798544764518738,0.0146229080855846
583801633560811,doesn t change anything especially us works private sector depend electricity kitwe town centre suffered still suffering,False,-0.743,negative,-0.743,0.0,0.69,0.31,negative,-0.743,negative,False,0.0,,negative,negative,0.8889569640159607,0.8889569640159607,0.104691170156002,0.0063518225215375
570360627883510,imwe ba kembo asha malaiti,False,0.0,neutral,0.0,0.0,1.0,0.0,neutral,0.0,neutral,False,0.0,,neutral,neutral,0.8915522694587708,0.0351181142032146,0.8915522694587708,0.073329672217369
730265781636519,kamwala south s now 14hrs since yesterday 16hrs really fair other day 2 days power how make programmes time like work getting affected,False,0.5413,positive,0.5413,0.206,0.729,0.065,positive,0.5413,positive,False,0.0,,negative,negative,0.6748890280723572,0.6748890280723572,0.3082091808319092,0.0169018488377332
1252138892051380,just 2weeks re making noise sure,False,0.3182,positive,0.3182,0.315,0.685,0.0,positive,0.3182,positive,False,0.0,,neutral,neutral,0.7364024519920349,0.2153916805982589,0.7364024519920349,0.0482058525085449
724725065639374,went shop asked chelsea jersey salesman said should come back m serious,False,-0.0772,negative,-0.0772,0.0,0.885,0.115,negative,-0.0772,negative,False,0.0,,neutral,neutral,0.7264183163642883,0.1940754354000091,0.7264183163642883,0.0795062631368637
958142769405125,mashata sebby given mines power taxes 5 years zambia kuchalo,False,0.0,neutral,0.0,0.0,1.0,0.0,neutral,0.0,neutral,False,0.0,,neutral,neutral,0.8765219449996948,0.0511451996862888,0.8765219449996948,0.0723328217864036
586949507054810,ba zesco limited iyo deadline without electricity how us going,False,-0.2263,negative,-0.2263,0.0,0.826,0.174,negative,-0.2263,negative,False,0.0,,neutral,neutral,0.7194128036499023,0.2477810531854629,0.7194128036499023,0.0328060798346996
1103012624588457,now considering zesco part papa s zambia now end year papa lied say things better also zesco papa lied say pa 1 electricity stable,False,-0.0258,neutral,-0.0258,0.18,0.636,0.184,neutral,-0.0258,neutral,False,0.0,,negative,negative,0.5569233298301697,0.5569233298301697,0.3980053663253784,0.0450713112950325
752092206314556,mubanga ndakasha mujajati same kuno,False,0.0,neutral,0.0,0.0,1.0,0.0,neutral,0.0,neutral,False,0.0,,neutral,neutral,0.892791211605072,0.060941781848669,0.892791211605072,0.0462670139968395
858763822055995,zesco limited thank ykm,False,0.1531,positive,0.1531,0.391,0.312,0.297,positive,0.1531,positive,False,0.0,,neutral,neutral,0.6769927144050598,0.0252165347337722,0.6769927144050598,0.2977907061576843
1152546408730967,having power outage twice day how frustrating,False,-0.4404,negative,-0.4404,0.0,0.674,0.326,negative,-0.4404,negative,False,0.0,,negative,negative,0.9228313565254213,0.9228313565254213,0.0694959014654159,0.0076727527193725
656575589595075,today whole day power 23 30 s going happening don t know 12 hours power only 6 hours power management s good how s load schedule too bad time cut power,False,-0.4019,negative,-0.4019,0.092,0.73,0.178,negative,-0.4019,negative,False,0.0,,negative,negative,0.7872723340988159,0.7872723340988159,0.1912134736776352,0.0215141773223876
841343713607499,thank changing schedules today mukuba natwange kitwe 12 00 18 00 now don t power 18 00 00 00 s beautiful bars noises vagabond noises nothing,False,0.7506,positive,0.7506,0.225,0.775,0.0,positive,0.7506,positive,False,0.0,,neutral,neutral,0.6316639184951782,0.1363520175218582,0.6316639184951782,0.2319840043783188
546528057386376,people live livingston mean heavy rainfall experiencing past 2 weeks now apa uko tayiloka let government hire 40 10 thousands litres water bowsers s just day nishi karimba dam s full water than s really pathetic mu rain season ati 12 hours loadshedding,True,-0.6115,negative,-0.6115,0.0,0.905,0.095,negative,-0.6115,negative,False,0.0,,negative,negative,0.8152557015419006,0.8152557015419006,0.1701591610908508,0.0145850572735071
867710671317165,still doesn t change fact pf worst political party ruled country s history,False,-0.34,negative,-0.34,0.171,0.57,0.259,negative,-0.34,negative,False,0.0,,negative,negative,0.8827206492424011,0.8827206492424011,0.1094878539443016,0.0077915457077324
8613545648714263,cable stolen s week now how update meter please zesco,False,-0.2263,negative,-0.2263,0.184,0.56,0.256,negative,-0.2263,negative,False,0.0,,negative,negative,0.6887477040290833,0.6887477040290833,0.2965985536575317,0.0146538354456424
1045021707103658,pantu celebrated erb rejected proposal increase electrical tariffs now want make kwati ni mwala chimona awe bane heart people china malawi mammba lacuna 1 october 3 hours already awe bane watching,False,0.4588,positive,-0.3412,0.205,0.702,0.093,negative,-0.3412,negative,True,-0.8,awe,neutral,neutral,0.6044538617134094,0.2759073078632355,0.6044538617134094,0.1196389272809028
1524074918143120,even following own program,False,0.0,neutral,0.0,0.0,1.0,0.0,neutral,0.0,neutral,False,0.0,,neutral,neutral,0.865053653717041,0.0609986595809459,0.865053653717041,0.0739476904273033
1064385481806396,kony kumz ba tota tota na sitting allowance na transport allowance yah ngena chongesa ticket ya salary lol come month end fully paid,False,0.4215,positive,0.4215,0.113,0.887,0.0,positive,0.4215,positive,False,0.0,,neutral,neutral,0.8200035095214844,0.0208301357924938,0.8200035095214844,0.1591663211584091
1366446937441510,nsama patrick s old testament don t compare moses please,False,0.3182,positive,0.3182,0.247,0.753,0.0,positive,0.3182,positive,False,0.0,,neutral,neutral,0.6017622351646423,0.3585567474365234,0.6017622351646423,0.0396810583770275
559218576126862,5 days power s really frustrating relish gone bad hakainde hichilema please something,False,-0.659,negative,-0.659,0.135,0.471,0.394,negative,-0.659,negative,False,0.0,,negative,negative,0.9256290793418884,0.9256290793418884,0.0664373189210891,0.0079335672780871
2503679246506239,get 2 45 check metre update noted,False,0.0,neutral,0.0,0.0,1.0,0.0,neutral,0.0,neutral,False,0.0,,neutral,neutral,0.8781378865242004,0.0229631066322326,0.8781378865242004,0.098899058997631
1307712497246378,happens us dnt smart phones n haven t seen message n top power access tv listen radio n put deadline tomorrow,False,0.5423,positive,0.5423,0.231,0.769,0.0,positive,0.5423,positive,False,0.0,,negative,negative,0.6801789999008179,0.6801789999008179,0.3079341650009155,0.0118868332356214
1223473925247107,anyone electricity 12am 6am guys normal should power 6pm 12pm switch off common sense,False,0.0,neutral,0.0,0.0,1.0,0.0,neutral,0.0,neutral,False,0.0,,neutral,neutral,0.7835183143615723,0.1587424874305725,0.7835183143615723,0.0577391535043716
958142769405125,blessed adan mangonja sure boss s responsibility govt subsidize behalf citizens certain costs especially faced challenges let industries provide own power produce mealie meal e g let government subsidize us mealie meal,False,0.835,positive,0.835,0.283,0.717,0.0,positive,0.835,positive,False,0.0,,positive,positive,0.6238897442817688,0.023369250819087,0.352741003036499,0.6238897442817688
293758669717165,leah simvula 3600 go pali token id number should,False,0.0772,positive,0.0772,0.14,0.86,0.0,positive,0.0772,positive,False,0.0,,neutral,neutral,0.8885821104049683,0.0455583333969116,0.8885821104049683,0.0658595189452171
1864348144093796,y funny af because ain t way re seriously telling people right now giving till tomorrow,False,0.5574,positive,0.5574,0.294,0.611,0.094,positive,0.5574,positive,False,0.0,,negative,negative,0.5591540932655334,0.5591540932655334,0.3827126920223236,0.0581331923604011
3649741675303523,melinda siphiwe phiri suffered mwandi,False,-0.4939,negative,-0.4939,0.0,0.556,0.444,negative,-0.4939,negative,False,0.0,,neutral,neutral,0.6009529829025269,0.3488802313804626,0.6009529829025269,0.0501667708158493
559218576126862,s just selected houses happens time roma hakainde hichilema something barely surviving,False,0.228,positive,0.228,0.16,0.84,0.0,positive,0.228,positive,False,0.0,,neutral,neutral,0.627594530582428,0.3003977239131927,0.627594530582428,0.072007767856121
1201653761087990,paul bwalya awe chafina,False,0.0,neutral,-0.4,0.0,1.0,0.0,negative,-0.4,negative,True,-0.4,awe,neutral,neutral,0.8348154425621033,0.0713248625397682,0.8348154425621033,0.0938596799969673
952058353483448,way checking without power don t now s unlikely ll 24th ubupuba ubutabupwa,False,0.0,neutral,0.0,0.0,1.0,0.0,neutral,0.0,neutral,False,0.0,,neutral,neutral,0.5897746682167053,0.3842393457889557,0.5897746682167053,0.0259860325604677
2309913445845051,zollywood tv sir agree,False,0.3612,positive,0.3612,0.455,0.545,0.0,positive,0.3612,positive,False,0.0,,neutral,neutral,0.5434533357620239,0.0163209848105907,0.5434533357620239,0.4402255713939667
538649818991659,best thing ba zesco update us since know time give us power get back control system s easy update everyone,False,0.7964,positive,0.7964,0.295,0.705,0.0,positive,0.7964,positive,False,0.0,,positive,positive,0.964208722114563,0.0038353879936039,0.03195596113801,0.964208722114563
997044898104015,talking 3 weeks us waiting 3 months,False,0.0,neutral,0.0,0.0,1.0,0.0,neutral,0.0,neutral,False,0.0,,neutral,neutral,0.8305032253265381,0.0838520377874374,0.8305032253265381,0.0856446921825409
3457293421231217,whole press conference called just customers receive 3 hours power awkward hours stand comedy,False,0.2263,positive,0.2263,0.166,0.728,0.106,positive,0.2263,positive,False,0.0,,negative,negative,0.6602043509483337,0.6602043509483337,0.318157434463501,0.0216382090002298
918822943645810,saviour alingo chisanga just imagine ba zesco limited stop jokes give us answers meters,False,-0.2732,negative,-0.2732,0.117,0.643,0.24,negative,-0.2732,negative,False,0.0,,neutral,neutral,0.4961877167224884,0.4692389369010925,0.4961877167224884,0.0345733948051929
311057938684793,priscilla banda faith funny,False,0.6908,positive,0.6908,0.74,0.26,0.0,positive,0.6908,positive,False,0.0,,neutral,neutral,0.6468252539634705,0.1930818110704422,0.6468252539634705,0.1600929498672485
448299428257849,penelope kamungwa never trust guys,False,-0.4023,negative,-0.4023,0.0,0.597,0.403,negative,-0.4023,negative,False,0.0,,negative,negative,0.5178386569023132,0.5178386569023132,0.4499425292015075,0.0322188809514045
516120604508207,doesn t energy bills,False,0.2732,positive,0.2732,0.512,0.488,0.0,positive,0.2732,positive,False,0.0,,neutral,neutral,0.6444056034088135,0.2452229559421539,0.6444056034088135,0.1103713884949684
304672865444199,chongwe worst wonder work like may need man power,False,-0.3818,negative,-0.3818,0.184,0.515,0.301,negative,-0.3818,negative,False,0.0,,negative,negative,0.9198470711708068,0.9198470711708068,0.0718983188271522,0.0082545271143317
561240262529112,ethal stephenson lol keep missing each other power mulepusanafye,False,0.1531,positive,0.1531,0.233,0.583,0.183,positive,0.1531,positive,False,0.0,,neutral,neutral,0.5857634544372559,0.2210838794708252,0.5857634544372559,0.1931527256965637
427194769547971,chitambo mbewe pipo dull u imagine failed understand simple loadshedding schedule,False,-0.7184,negative,-0.7184,0.0,0.571,0.429,negative,-0.7184,negative,False,0.0,,negative,negative,0.6425507664680481,0.6425507664680481,0.3298112452030182,0.0276380106806755
2864588043685007,vian suwilanji simbaya difference same areas end experiencing load shedding even 3 times day 12 hours straight even better purposes planning day,False,0.5859,positive,0.5859,0.202,0.798,0.0,positive,0.5859,positive,False,0.0,,negative,negative,0.643865168094635,0.643865168094635,0.3262768983840942,0.0298579782247543
962024962124923,obey silavwe maliwanda waiting next year s rains,False,0.0,neutral,0.0,0.0,1.0,0.0,neutral,0.0,neutral,False,0.0,,neutral,neutral,0.8320287466049194,0.0475192591547966,0.8320287466049194,0.1204519271850586
936973861600142,still waiting new schedule kindly update us,False,0.4939,positive,0.4939,0.348,0.652,0.0,positive,0.4939,positive,False,0.0,,neutral,neutral,0.7086405754089355,0.2240410596132278,0.7086405754089355,0.0673183426260948
1695281181201338,how update day 4 electricity tomorrow sunday deadline,False,0.0,neutral,0.0,0.0,1.0,0.0,neutral,0.0,neutral,False,0.0,,neutral,neutral,0.9316909313201904,0.01713677495718,0.9316909313201904,0.0511722862720489
416841741112021,chanda victoria mulundu s reduced loadshedding end,False,0.0,neutral,0.0,0.0,1.0,0.0,neutral,0.0,neutral,False,0.0,,neutral,neutral,0.8375520706176758,0.1036165580153465,0.8375520706176758,0.0588313266634941
1391164684756543,truth shall set free because chongwe substation area waste hit chongwe s now 7 hours power hasn t restored,False,0.6369,positive,0.6369,0.351,0.526,0.123,positive,0.6369,positive,False,0.0,,negative,negative,0.7425156235694885,0.7425156235694885,0.2425040602684021,0.0149803142994642
583637210656528,alo ma workers ba bashi promise lelo nipa 1 weh,False,0.3182,positive,0.3182,0.223,0.777,0.0,positive,0.3182,positive,False,0.0,,neutral,neutral,0.8057281374931335,0.1345602422952652,0.8057281374931335,0.0597115717828273
255480177328518,well previous regime took years drink water,False,0.2732,positive,0.2732,0.259,0.741,0.0,positive,0.2732,positive,False,0.0,,neutral,neutral,0.7267199754714966,0.1813530772924423,0.7267199754714966,0.091926984488964
542578991983583,power zesco arrives like thief night before know s already gone truly insensitive such large institution deliver information manner well aware how erratic power supply kind reasoning highlights cannot well planned schedule,False,0.7717,positive,0.7717,0.307,0.567,0.125,positive,0.7717,positive,False,0.0,,negative,negative,0.8587718605995178,0.8587718605995178,0.1316568702459335,0.009571355767548
1099465205216878,good news waiting,False,0.4404,positive,0.4404,0.592,0.408,0.0,positive,0.4404,positive,False,0.0,,positive,positive,0.9745826125144958,0.0055286651477217,0.0198887269943952,0.9745826125144958
807091348033010,susan j stephens people sent numbers please let s create group,False,0.5267,positive,0.5267,0.386,0.614,0.0,positive,0.5267,positive,False,0.0,,neutral,neutral,0.8747838735580444,0.0548600852489471,0.8747838735580444,0.0703560784459114
1653764831741282,let night coz s disturbing business like way shikoswe power went yesterday 11 22 came back today 15 20 now how going working example us stationary saloons butcheries etc,False,-0.2023,negative,-0.2023,0.079,0.818,0.104,negative,-0.2023,negative,False,0.0,,negative,negative,0.5812708735466003,0.5812708735466003,0.4001294374465942,0.0185996852815151
1681413012651571,dennis zulu learn appreciate quick sell than buy neighboring countries excess power buying those countries mind still exporting power,False,0.4019,positive,0.4019,0.13,0.87,0.0,positive,0.4019,positive,False,0.0,,neutral,neutral,0.7390792369842529,0.2041805833578109,0.7390792369842529,0.0567401200532913
534250465132209,useless instead reducing 14hour just split two halves doesn t change anything see reason creating board consisting zesco erb rest first place,False,-0.1531,negative,-0.1531,0.092,0.792,0.117,negative,-0.1531,negative,False,0.0,,negative,negative,0.8967674970626831,0.8967674970626831,0.0969543382525444,0.0062781488522887
1220697095185978,us copperbelt chililabombwe mine area since yesterday 11hrs upto today without power pain seen products getting rotten us runs butcheries,False,-0.1526,negative,-0.1526,0.113,0.75,0.137,negative,-0.1526,negative,False,0.0,,negative,negative,0.8688790798187256,0.8688790798187256,0.1226773709058761,0.0084435315802693
414546447498017,right,False,0.0,neutral,0.0,0.0,1.0,0.0,neutral,0.0,neutral,False,0.0,,neutral,neutral,0.5905367136001587,0.1261017173528671,0.5905367136001587,0.283361554145813
801496608143150,really don t know hours load shedding since 11hrs now mmmmm awe sure,False,0.3182,positive,-0.0818,0.173,0.827,0.0,negative,-0.0818,negative,True,-0.4,awe,negative,negative,0.7129504084587097,0.7129504084587097,0.2717046737670898,0.0153449289500713
704829604692684,ayi boyi va zee,False,0.0,neutral,0.0,0.0,1.0,0.0,neutral,0.0,neutral,False,0.0,,neutral,neutral,0.8284127116203308,0.0415795892477035,0.8284127116203308,0.1300077736377716
710471757268317,hope stick time table,False,0.4404,positive,0.4404,0.492,0.508,0.0,positive,0.4404,positive,False,0.0,,neutral,neutral,0.7085797190666199,0.0397475399076938,0.7085797190666199,0.2516728043556213
655338662751790,please notify us soon possible once rectify problem because airtel keeps deducting charges each time attempt purchase units,False,-0.3612,negative,-0.3612,0.104,0.679,0.217,negative,-0.3612,negative,False,0.0,,negative,negative,0.6544022560119629,0.6544022560119629,0.3249019086360931,0.0206958018243312
749469816152433,ba zesco stick schedule came hours us respect us following time power cuts time feels like comes back feels like,False,0.7096,positive,0.7096,0.308,0.608,0.084,positive,0.7096,positive,False,0.0,,neutral,neutral,0.8279045820236206,0.0605082474648952,0.8279045820236206,0.111587181687355
1395764864481313,u think u only paid paid before,False,0.0,neutral,0.0,0.0,1.0,0.0,neutral,0.0,neutral,False,0.0,,neutral,neutral,0.7867140769958496,0.1664309650659561,0.7867140769958496,0.0468549281358718
1550415722277796,how going power comes midnight,False,0.0,neutral,0.0,0.0,1.0,0.0,neutral,0.0,neutral,False,0.0,,neutral,neutral,0.913217544555664,0.0258020684123039,0.913217544555664,0.0609804429113864
610802407817623,purchased electricity k160 only receive 125 units,False,0.0,neutral,0.0,0.0,1.0,0.0,neutral,0.0,neutral,False,0.0,,neutral,neutral,0.7258374094963074,0.2517627775669098,0.7258374094963074,0.02239984087646
427194769547971,busiku lweendo s 6 hrs 12 still,False,0.0,neutral,0.0,0.0,1.0,0.0,neutral,0.0,neutral,False,0.0,,neutral,neutral,0.8968751430511475,0.0305432882159948,0.8968751430511475,0.0725815370678901
1012280840655231,total madness how expect people update don t power supply ai,False,-0.4404,negative,-0.4404,0.0,0.756,0.244,negative,-0.4404,negative,False,0.0,,negative,negative,0.8725770711898804,0.8725770711898804,0.1173841431736946,0.0100387949496507
860691078549411,kuno s 7hrs now power isn t back yet kind management stop playing minds,False,0.4588,positive,0.4588,0.317,0.549,0.134,positive,0.4588,positive,False,0.0,,negative,negative,0.7480725049972534,0.7480725049972534,0.2380324900150299,0.013895028270781
451194920685373,improvement promised zambia people,False,0.6705,positive,0.6705,0.733,0.267,0.0,positive,0.6705,positive,False,0.0,,neutral,neutral,0.6321977972984314,0.0478458553552627,0.6321977972984314,0.3199563324451446
862608649273728,maclean sandra phiri question too give wrong information,False,-0.4767,negative,-0.4767,0.0,0.693,0.307,negative,-0.4767,negative,False,0.0,,negative,negative,0.6466317176818848,0.6466317176818848,0.342932790517807,0.010435439646244
962024962124923,bright mpofu sinkozi imagine praying miracle water rains whilest water everywhere water underground water other rivers t think use,False,0.8481,positive,0.8481,0.38,0.62,0.0,positive,0.8481,positive,False,0.0,,neutral,neutral,0.6428858041763306,0.0459568947553634,0.6428858041763306,0.3111573159694671
1213069430480148,belinda thole exactly suffering,False,-0.4767,negative,-0.4767,0.0,0.492,0.508,negative,-0.4767,negative,False,0.0,,negative,negative,0.7068443894386292,0.7068443894386292,0.2768761217594147,0.016279462724924
256135200573350,six weeks just starting wait,False,0.0,neutral,0.0,0.0,1.0,0.0,neutral,0.0,neutral,False,0.0,,neutral,neutral,0.7112549543380737,0.2121261209249496,0.7112549543380737,0.0766188353300094
540973198303459,lamecky lj melchizedek tuja tuja tunthu mwanipanga,False,0.0,neutral,0.0,0.0,1.0,0.0,neutral,0.0,neutral,False,0.0,,neutral,neutral,0.7624960541725159,0.1620774269104004,0.7624960541725159,0.0754265561699867
1865856943823296,u provide equipment ayi,False,0.0,neutral,0.0,0.0,1.0,0.0,neutral,0.0,neutral,False,0.0,,neutral,neutral,0.838738203048706,0.0617603175342083,0.838738203048706,0.0995016023516655
489266630038074,reuben mwense stayed near lake before dry rain season water starts coming back kuma march april mahn october talking time ninshi s wen starts getting dry,False,0.0,neutral,0.0,0.0,1.0,0.0,neutral,0.0,neutral,False,0.0,,neutral,neutral,0.9079101085662842,0.0545271523296833,0.9079101085662842,0.0375627130270004
153482964459194,how s government minister involved sure those same people asking olo zati also trying tell ka extra something t get signal,False,0.3182,positive,0.3182,0.113,0.887,0.0,positive,0.3182,positive,False,0.0,,neutral,neutral,0.7448268532752991,0.2294881641864776,0.7448268532752991,0.0256849471479654
1139232760450889,s problem problem name george many letters reason mean joj just fine,False,-0.5574,negative,-0.5574,0.118,0.526,0.355,negative,-0.5574,negative,False,0.0,,neutral,neutral,0.6438851952552795,0.2374052554368972,0.6438851952552795,0.1187095120549202
1251971946038674,ba zesco limited nabaja bane tumeni ama nrc number impiya shabalanda nashifuma ni same same bones ndimwe ma scammer,False,-0.1531,negative,-0.1531,0.064,0.842,0.094,negative,-0.1531,negative,False,0.0,,neutral,neutral,0.531342625617981,0.423105388879776,0.531342625617981,0.0455519556999206
425161906424474,caesar alibaba ali same difference,False,0.0,neutral,0.0,0.0,1.0,0.0,neutral,0.0,neutral,False,0.0,,neutral,neutral,0.8768110871315002,0.0456058122217655,0.8768110871315002,0.0775830745697021
1056556399810818,o neil mweemba hospitality redefined dial 3600 show group area,False,0.0,neutral,0.0,0.0,1.0,0.0,neutral,0.0,neutral,False,0.0,,neutral,neutral,0.9402509927749634,0.0183062981814146,0.9402509927749634,0.041442647576332
1032171577953568,oscar sinkolongo inee ukupapai thought 6 months,False,0.0,neutral,0.0,0.0,1.0,0.0,neutral,0.0,neutral,False,0.0,,neutral,neutral,0.8428931832313538,0.0897552073001861,0.8428931832313538,0.067351646721363
3811914502470546,how update power weeks now ati meter vandalised,False,0.0,neutral,0.0,0.0,1.0,0.0,neutral,0.0,neutral,False,0.0,,negative,negative,0.8473685383796692,0.8473685383796692,0.1473290175199508,0.0053024664521217
844750029934598,mmmmm eya mayo ati done apapene anyway guys kuno ku tee s m even selling charcoal now need malasha m available,False,0.0,neutral,0.0,0.0,1.0,0.0,neutral,0.0,neutral,False,0.0,,neutral,neutral,0.8313432931900024,0.0246301311999559,0.8313432931900024,0.1440265476703643
647858186946473,mean time because need purchase electricity units,False,0.0,neutral,0.0,0.0,1.0,0.0,neutral,0.0,neutral,False,0.0,,neutral,neutral,0.6656200885772705,0.3005126416683197,0.6656200885772705,0.033867210149765
1132178137441275,ras zulus kkkkkkk let s move forget past let us face reality now,False,-0.2263,negative,-0.2263,0.0,0.853,0.147,negative,-0.2263,negative,False,0.0,,neutral,neutral,0.777209460735321,0.1012506037950515,0.777209460735321,0.1215399578213691
1045021707103658,susan j stephens s folks,False,0.0,neutral,0.0,0.0,1.0,0.0,neutral,0.0,neutral,False,0.0,,neutral,neutral,0.8459340929985046,0.0770110189914703,0.8459340929985046,0.0770549103617668
1196199424340136,means experiencing loadshedding every 6hrs still gives us 12hrs loadshedding 24hrs awe naikosa,False,0.0,neutral,-0.4,0.0,1.0,0.0,negative,-0.4,negative,True,-0.4,awe,neutral,neutral,0.8245016932487488,0.1212361380457878,0.8245016932487488,0.0542622283101081
1360522354808794,s cheka uyende behind,False,0.0,neutral,0.0,0.0,1.0,0.0,neutral,0.0,neutral,False,0.0,,neutral,neutral,0.7671970129013062,0.1673223972320556,0.7671970129013062,0.065480537712574
1097377485110635,agalu imwe just 1 30 minutes power six days pole line fault come check reduced supplying hours telling thing isn t making sense,False,-0.4019,negative,-0.4019,0.0,0.881,0.119,negative,-0.4019,negative,False,0.0,,negative,negative,0.7934859991073608,0.7934859991073608,0.1964103579521179,0.0101036299020051
1248234216619932,give us power nipa wanu lelo,False,0.0,neutral,0.0,0.0,1.0,0.0,neutral,0.0,neutral,False,0.0,,neutral,neutral,0.688858687877655,0.1303703039884567,0.688858687877655,0.1807710081338882
8617337251665022,zesco limited please suffered phi four days power coming low voltage water pumps cannot pump water fridges cannot get cold ve brought complaints nothing please help us get sick ve completely run water twafweni nangufye 1hr pumps just pump complaint number 30178863 nearest landmark phi mall,False,-0.8875,negative,-0.8875,0.12,0.585,0.295,negative,-0.8875,negative,False,0.0,,negative,negative,0.8903268575668335,0.8903268575668335,0.1011536046862602,0.0085196141153573
808712503884193,someone please assist check units managed buy using mtn received messages yet,False,0.3182,positive,0.3182,0.173,0.827,0.0,positive,0.3182,positive,False,0.0,,neutral,neutral,0.7957474589347839,0.1486749798059463,0.7957474589347839,0.055577665567398
873152884103138,problems having monopoly system wish could start u electrical company compete zesco otherwise beginning hunger many homes,False,-0.25,negative,-0.25,0.132,0.637,0.23,negative,-0.25,negative,False,0.0,,negative,negative,0.6956204175949097,0.6956204175949097,0.2763092815876007,0.0280703399330377
1220697095185978,magret alexanders nakabaghe iyeee feel kwisa,False,0.0,neutral,0.0,0.0,1.0,0.0,neutral,0.0,neutral,False,0.0,,neutral,neutral,0.7708166241645813,0.1067214757204055,0.7708166241645813,0.1224618256092071
2026827234327779,frackson kasuko used airtel fine now,False,0.2023,positive,0.2023,0.265,0.735,0.0,positive,0.2023,positive,False,0.0,,neutral,neutral,0.8368535041809082,0.0148473307490348,0.8368535041809082,0.1482992172241211
1366446937441510,nsama patrick let take us won t enter promised land,False,0.7351,positive,0.7351,0.47,0.53,0.0,positive,0.7351,positive,False,0.0,,negative,negative,0.5500426292419434,0.5500426292419434,0.4281231164932251,0.0218341909348964
587133169913768,diversification hydro solar dust nuclear power etc urgently needed zambia blame game natural disaster due climate change,False,-0.6124,negative,-0.6124,0.109,0.609,0.283,negative,-0.6124,negative,False,0.0,,neutral,neutral,0.5305927991867065,0.4368647634983063,0.5305927991867065,0.0325424410402774
617372807215580,leading half time,False,0.0,neutral,0.0,0.0,1.0,0.0,neutral,0.0,neutral,False,0.0,,neutral,neutral,0.8344573974609375,0.039119217544794,0.8344573974609375,0.126423493027687
311057938684793,mirriam chilwashi question too,False,0.0,neutral,0.0,0.0,1.0,0.0,neutral,0.0,neutral,False,0.0,,neutral,neutral,0.9238374829292296,0.0341201312839984,0.9238374829292296,0.0420423187315464
1337037643724222,night theft come back lusaka how possible lusaka night load shedding made way power goes around 18hours come 23hours issue power going midnight given room thieves,False,-0.5106,negative,-0.5106,0.0,0.883,0.117,negative,-0.5106,negative,False,0.0,,negative,negative,0.8755406737327576,0.8755406737327576,0.1185106039047241,0.0059487437829375
1198520671491711,christine none,False,0.0,neutral,0.0,0.0,1.0,0.0,neutral,0.0,neutral,False,0.0,,neutral,neutral,0.813998281955719,0.0731287896633148,0.813998281955719,0.1128729432821273
1096573222127959,bridget tembo true seen buying k20 units 3 months pama meters,False,0.4215,positive,0.4215,0.237,0.763,0.0,positive,0.4215,positive,False,0.0,,neutral,neutral,0.9000876545906067,0.0219310298562049,0.9000876545906067,0.0779813304543495
9184598344883772,emely kajokoto s annoying,False,-0.4019,negative,-0.4019,0.0,0.426,0.574,negative,-0.4019,negative,False,0.0,,negative,negative,0.8789762258529663,0.8789762258529663,0.1129427477717399,0.0080809686332941
418526810978140,pa wanu lelo received great shock life power only blinked,False,0.3612,positive,0.3612,0.279,0.544,0.177,positive,0.3612,positive,False,0.0,,neutral,neutral,0.5205581784248352,0.1785937398672104,0.5205581784248352,0.3008480966091156
1526210814682432,ba zesiko area thieves stolen chitambo chamalaiti coz faki pulomisezi since friday haven t seen amalait elo today nipa wanu october wee tizachita bwanji apa loomba,False,-0.7579,negative,-0.7579,0.0,0.78,0.22,negative,-0.7579,negative,False,0.0,,negative,negative,0.7031391263008118,0.7031391263008118,0.2818953096866607,0.0149656068533658
1594917784453736,bob kakumbi kulumbwa zesco make misss heaven,False,0.5106,positive,0.5106,0.355,0.645,0.0,positive,0.5106,positive,False,0.0,,neutral,neutral,0.7553821802139282,0.0706012099981308,0.7553821802139282,0.1740166544914245
1251041295755993,brian silwamba people want trick us think dull,False,-0.3818,negative,-0.3818,0.127,0.49,0.382,negative,-0.3818,negative,False,0.0,,negative,negative,0.5356940627098083,0.5356940627098083,0.4385046064853668,0.0258013345301151
925697462310474,didn t already,False,0.0,neutral,0.0,0.0,1.0,0.0,neutral,0.0,neutral,False,0.0,,neutral,neutral,0.7597092986106873,0.1453608572483062,0.7597092986106873,0.0949298441410064
494351242820167,mwamba m katongo wanted look post tag let go chawama seen yourself,False,0.0,neutral,0.0,0.0,1.0,0.0,neutral,0.0,neutral,False,0.0,,neutral,neutral,0.8699806332588196,0.0738123953342437,0.8699806332588196,0.0562069565057754
988050969240493,power cuts inadequate power cuts time restore power time hybrid lusaka area power cut 10hrs restored 18hrs immediately 23hrs yaya nafuti hmmmm guys,False,-0.5574,negative,-0.5574,0.149,0.552,0.299,negative,-0.5574,negative,False,0.0,,negative,negative,0.6100068688392639,0.6100068688392639,0.3750805556774139,0.0149125158786773
385043538016882,improvement need getting 400megawatt because nothing changed stop even posting schedule difference used,False,0.5978,positive,0.5978,0.308,0.692,0.0,positive,0.5978,positive,False,0.0,,negative,negative,0.8557892441749573,0.8557892441749573,0.1339889913797378,0.0102218268439173
1443662106542694,zesco limited t split well 8 hrs during day business other important things affected cut 6 hrs night during atleast 2 hrs,False,-0.1779,negative,-0.1779,0.173,0.578,0.249,negative,-0.1779,negative,False,0.0,,negative,negative,0.6014708280563354,0.6014708280563354,0.3807317912578583,0.0177974086254835
1109953940123493,morning zesco limited hope revised schedule change midweek hope rotate schedule real area changed mid week complained gave ussd 3600 please don t send number try hear resolve complaint,False,0.6369,positive,0.6369,0.309,0.515,0.175,positive,0.6369,positive,False,0.0,,negative,negative,0.6950089335441589,0.6950089335441589,0.2910796999931335,0.0139113776385784
6877744568925424,mwansa mulenga hv bought t enter units how u,False,0.0,neutral,0.0,0.0,1.0,0.0,neutral,0.0,neutral,False,0.0,,neutral,neutral,0.8618745803833008,0.0891312882304191,0.8618745803833008,0.0489941202104091
1539253826550352,aimed kahama omar try find otherwise among people got upset over same even went over prophet s page started ranting u know us zambian wen comes ka language otherwise rightnow feel guilty having done,False,-0.6597,negative,-0.6597,0.0,0.847,0.153,negative,-0.6597,negative,False,0.0,,negative,negative,0.7526100277900696,0.7526100277900696,0.2363591641187667,0.0110308025032281
2498876370301527,pêzõ phyllis sinta kuwaya waya fye,False,0.0,neutral,0.0,0.0,1.0,0.0,neutral,0.0,neutral,False,0.0,,neutral,neutral,0.7615136504173279,0.0486664250493049,0.7615136504173279,0.1898199319839477
1393778251401137,tinnah shenky shugah thought jocking ai,False,0.0,neutral,0.0,0.0,1.0,0.0,neutral,0.0,neutral,False,0.0,,neutral,neutral,0.8468676209449768,0.0969112366437912,0.8468676209449768,0.0562211610376834
1120296419426094,people need serious honestly how put deadline power cases s comes dreaming,False,0.4019,positive,0.4019,0.226,0.677,0.098,positive,0.4019,positive,False,0.0,,negative,negative,0.8497284650802612,0.8497284650802612,0.1386763453483581,0.0115952417254447
711341783832512,loretta wood yes manigy che needs power whilst asleep,False,0.4019,positive,0.4019,0.252,0.748,0.0,positive,0.4019,positive,False,0.0,,neutral,neutral,0.7521950602531433,0.1215123608708381,0.7521950602531433,0.1262925565242767
829943544862310,sandra simatanga kama short sweetie,False,0.4939,positive,0.4939,0.444,0.556,0.0,positive,0.4939,positive,False,0.0,,neutral,neutral,0.7512627840042114,0.0864880010485649,0.7512627840042114,0.162249207496643
890179399251123,noble excellent governor felix wanjipaya ine like,False,0.8481,positive,0.8481,0.697,0.303,0.0,positive,0.8481,positive,False,0.0,,positive,positive,0.6864992380142212,0.0201318841427564,0.2933689057826996,0.6864992380142212
706493494433279,us being load shedded twice day,False,0.0,neutral,0.0,0.0,1.0,0.0,neutral,0.0,neutral,False,0.0,,neutral,neutral,0.7171428203582764,0.2099631130695343,0.7171428203582764,0.0728940293192863
493404562903338,friends kabwata mocking us sos hear load shaded long time please best,False,0.7845,positive,0.7845,0.473,0.394,0.133,positive,0.7845,positive,False,0.0,,negative,negative,0.7421779036521912,0.7421779036521912,0.23936727643013,0.0184548795223236
783967233759443,enock banda ati 10 13 power goes 6 comes other day 18hrs,False,0.0,neutral,0.0,0.0,1.0,0.0,neutral,0.0,neutral,False,0.0,,neutral,neutral,0.9000475406646729,0.0154166063293814,0.9000475406646729,0.0845357403159141
1172944700752848,zesco limited mansa power 6 now children god,False,0.0516,positive,0.0516,0.233,0.556,0.211,positive,0.0516,positive,False,0.0,,neutral,neutral,0.6527327299118042,0.3040644824504852,0.6527327299118042,0.0432027727365493
958142769405125,mashata sebby well spoken,False,0.2732,positive,0.2732,0.412,0.588,0.0,positive,0.2732,positive,False,0.0,,neutral,neutral,0.633871853351593,0.0258814375847578,0.633871853351593,0.340246707201004
841908887534142,re talking 6 weeks us taken over year even buying own transformer spending over k600 000 trust day power shall feel cost because spend fuel genset everyday gas every week keep hoping ll come s office haven t,False,0.7269,positive,0.7269,0.156,0.844,0.0,positive,0.7269,positive,False,0.0,,negative,negative,0.6332352757453918,0.6332352757453918,0.3367035388946533,0.0300612524151802
311057938684793,fridah chibesa thank,False,0.3612,positive,0.3612,0.556,0.444,0.0,positive,0.3612,positive,False,0.0,,neutral,neutral,0.6802334785461426,0.0202168356627225,0.6802334785461426,0.2995496988296509
1196126074773508,need schedule kitwe residents lusaka,False,0.0,neutral,0.0,0.0,1.0,0.0,neutral,0.0,neutral,False,0.0,,neutral,neutral,0.8604071140289307,0.0531399473547935,0.8604071140289307,0.0864529088139534
481698757452496,frank curtis brown sonny ama fridge bushe yali safe,False,0.4404,positive,0.4404,0.266,0.734,0.0,positive,0.4404,positive,False,0.0,,neutral,neutral,0.8601399660110474,0.018692435696721,0.8601399660110474,0.1211676374077797
196193166417697,poseniko amano business yaiminina,False,0.0,neutral,0.0,0.0,1.0,0.0,neutral,0.0,neutral,False,0.0,,neutral,neutral,0.8093137145042419,0.107475496828556,0.8093137145042419,0.083210788667202
1282388192637821,how long now,False,0.0,neutral,0.0,0.0,1.0,0.0,neutral,0.0,neutral,False,0.0,,neutral,neutral,0.8831186294555664,0.0616452507674694,0.8831186294555664,0.0552360638976097
7499396103448309,john kasoma restored less than minute,False,0.34,positive,0.34,0.324,0.676,0.0,positive,0.34,positive,False,0.0,,neutral,neutral,0.8181685209274292,0.0844534263014793,0.8181685209274292,0.0973781645298004
570498601194220,pamex siamaleke support u,False,0.4019,positive,0.4019,0.574,0.426,0.0,positive,0.4019,positive,False,0.0,,neutral,neutral,0.6180079579353333,0.0255204495042562,0.6180079579353333,0.3564715385437011
565328749437260,want interrupt good sleep just update prepaid meter nevertheless how update meter without power,False,0.2023,positive,0.2023,0.239,0.625,0.136,positive,0.2023,positive,False,0.0,,neutral,neutral,0.6442550420761108,0.2816669344902038,0.6442550420761108,0.0740779861807823
868608854365775,wat causes load shedding someone clarify nevertheless area please let 23 05 while r aslip,False,0.3182,positive,0.3182,0.15,0.85,0.0,positive,0.3182,positive,False,0.0,,neutral,neutral,0.7700244188308716,0.206311360001564,0.7700244188308716,0.0236642751842737
837517727541875,covid yawamapo pali ba zesco,False,0.0,neutral,0.0,0.0,1.0,0.0,neutral,0.0,neutral,False,0.0,,neutral,neutral,0.7628095149993896,0.1710622906684875,0.7628095149993896,0.0661281645298004
1329032821280592,stella nyirenda twice coming batches 6hrs,False,0.0,neutral,0.0,0.0,1.0,0.0,neutral,0.0,neutral,False,0.0,,neutral,neutral,0.8842275142669678,0.0046521206386387,0.8842275142669678,0.1111204624176025
970070727972858,understand how zesco big make schedule fail follow themselves just stop making,False,-0.6908,negative,-0.6908,0.0,0.637,0.363,negative,-0.6908,negative,False,0.0,,negative,negative,0.8756988048553467,0.8756988048553467,0.117593839764595,0.0067073674872517
1550477338905911,how done power sure,False,0.3182,positive,0.3182,0.434,0.566,0.0,positive,0.3182,positive,False,0.0,,neutral,neutral,0.766289234161377,0.0866305753588676,0.766289234161377,0.1470802873373031
1614059872382424,honestly too much imagine yesterday 14hrs until morning today power power restored 07hrs 11hrs untill now power kaya won t tomorrow,False,0.8442,positive,0.8442,0.349,0.651,0.0,positive,0.8442,positive,False,0.0,,neutral,neutral,0.5449916124343872,0.3717100918292999,0.5449916124343872,0.0832983329892158
552697647224346,cynthia muloto imagine upto now awe suffered,False,-0.4939,negative,-0.8939,0.0,0.652,0.348,negative,-0.8939,negative,True,-0.4,awe,neutral,neutral,0.5281162858009338,0.434704840183258,0.5281162858009338,0.0371788367629051
1220697095185978,david chewe awe brother ba yufi balituletelela ku chiliz,False,0.0,neutral,-0.4,0.0,1.0,0.0,negative,-0.4,negative,True,-0.4,awe,neutral,neutral,0.8633897304534912,0.0469444952905178,0.8633897304534912,0.0896658301353454
8568999953161611,carol mulenga same rubbish won t follow adult engineers gather make timetable know won t follow,False,0.8126,positive,0.8126,0.381,0.619,0.0,positive,0.8126,positive,False,0.0,,negative,negative,0.8541288375854492,0.8541288375854492,0.1379017680883407,0.0079693850129842
1045021707103658,andrew mwansa hahaha insulting,False,0.1027,positive,0.1027,0.409,0.227,0.364,positive,0.1027,positive,False,0.0,,neutral,neutral,0.5897979736328125,0.3254449963569641,0.5897979736328125,0.0847569555044174
1802524433906405,how check power nightmare comes midnight,False,0.0,neutral,0.0,0.0,1.0,0.0,neutral,0.0,neutral,False,0.0,,negative,negative,0.4929350614547729,0.4929350614547729,0.4814787805080414,0.0255861431360244
1998224180681414,update meters loadshedding power comes sleeping goes while still sleeping please advise cause seems like mission impossible,False,0.5859,positive,0.5859,0.242,0.758,0.0,positive,0.5859,positive,False,0.0,,negative,negative,0.6109194755554199,0.6109194755554199,0.3601506948471069,0.0289298202842474
606226228096281,too much incompetence company hence need overhaul top management,False,-0.3612,negative,-0.3612,0.149,0.579,0.273,negative,-0.3612,negative,False,0.0,,negative,negative,0.8834248781204224,0.8834248781204224,0.1058020591735839,0.0107730329036712
937514670872468,purchased units enter prepared rejecting could problem,False,-0.5859,negative,-0.5859,0.164,0.345,0.491,negative,-0.5859,negative,False,0.0,,neutral,neutral,0.7320888042449951,0.2413269728422165,0.7320888042449951,0.0265842415392398
888207445939331,alot homes risk being broken thieves 23 05 schedule time bomb,False,-0.8934,negative,-0.8934,0.0,0.374,0.626,negative,-0.8934,negative,False,0.0,,negative,negative,0.7514938116073608,0.7514938116073608,0.2355080097913742,0.0129982149228453
890603003152694,zesco limited ba cj peak hours fall night peak hours during day demand higher lies short legs caught,False,-0.6369,negative,-0.6369,0.0,0.708,0.292,negative,-0.6369,negative,False,0.0,,neutral,neutral,0.8880408406257629,0.0822017788887023,0.8880408406257629,0.0297573953866958
1405411140257009,zesco limited bought units didnt receive zesco token numbers,False,-0.2263,negative,-0.2263,0.0,0.808,0.192,negative,-0.2263,negative,False,0.0,,neutral,neutral,0.6357848048210144,0.3437514901161194,0.6357848048210144,0.0204637087881565
1616817652057206,enock silungwe entering token id like 30 mins s just saying error thinking must entered wrong prepaid number,False,-0.4588,negative,-0.4588,0.168,0.575,0.257,negative,-0.4588,negative,False,0.0,,negative,negative,0.6314778923988342,0.6314778923988342,0.3546921014785766,0.0138299837708473
1220697095185978,patricia lusheto chuunka s sad mwandi how u develop like,False,-0.1531,negative,-0.1531,0.216,0.517,0.267,negative,-0.1531,negative,False,0.0,,negative,negative,0.6788368821144104,0.6788368821144104,0.3080083727836609,0.0131547329947352
577374840868329,chizapu simatimbe mmmmmm yebo musololi,False,0.0,neutral,0.0,0.0,1.0,0.0,neutral,0.0,neutral,False,0.0,,neutral,neutral,0.7988414764404297,0.0571668595075607,0.7988414764404297,0.1439917087554931
1529471604224151,lies though,False,-0.4215,negative,-0.4215,0.0,0.263,0.737,negative,-0.4215,negative,False,0.0,,neutral,neutral,0.5836750268936157,0.3674820363521576,0.5836750268936157,0.0488430000841617
1592074491745426,mean fili hawazi ine day awe lesa wabonse ba zesco limited naifwe kakasanika,False,-0.2263,negative,-0.6263000000000001,0.0,0.863,0.137,negative,-0.6263000000000001,negative,True,-0.4,awe,neutral,neutral,0.6677365899085999,0.2933931052684784,0.6677365899085999,0.0388703010976314
2999504900355579,waiting power 12 27 06 20,False,0.0,neutral,0.0,0.0,1.0,0.0,neutral,0.0,neutral,False,0.0,,neutral,neutral,0.768602728843689,0.0151142384856939,0.768602728843689,0.2162830382585525
1174704796512339,iyee kwaba na break time nomba,False,0.0,neutral,0.0,0.0,1.0,0.0,neutral,0.0,neutral,False,0.0,,neutral,neutral,0.8283194303512573,0.066329538822174,0.8283194303512573,0.1053510308265686
899944854800892,guess reserving power 2026 politics like ramaposa south africans even give us hope anyways just say t failed think something other than depending ba zesco limited,False,0.0516,positive,0.0516,0.171,0.665,0.165,positive,0.0516,positive,False,0.0,,negative,negative,0.5857454538345337,0.5857454538345337,0.3936275839805603,0.020626962184906
1134179511233052,hello nandu kalopa sincere apologies delayed restoration back supply fp,False,0.2023,positive,0.2023,0.214,0.635,0.151,positive,0.2023,positive,False,0.0,,neutral,neutral,0.577907383441925,0.3562483489513397,0.577907383441925,0.065844215452671
515630007337027,time table never works s like just switch off whenever feel like t even bake peace now,False,0.0721,positive,0.0721,0.177,0.609,0.214,positive,0.0721,positive,False,0.0,,negative,negative,0.9183204770088196,0.9183204770088196,0.0760598182678222,0.0056196758523583
8207205366024150,mercy neta mwambushi 3 weeks 3 hours,False,0.3612,positive,0.3612,0.385,0.615,0.0,positive,0.3612,positive,False,0.0,,neutral,neutral,0.9058998227119446,0.0167231410741806,0.9058998227119446,0.07737697660923
876756294258369,sometimes guys think meters like mobile meter those symbols supposed insert without power also guys hope should think twice guys before coming such decisions,False,0.6597,positive,0.6597,0.197,0.803,0.0,positive,0.6597,positive,False,0.0,,neutral,neutral,0.5497446060180664,0.4265041351318359,0.5497446060180664,0.0237511955201625
829943544862310,sandra simatanga ok boss,False,0.296,positive,0.296,0.423,0.577,0.0,positive,0.296,positive,False,0.0,,neutral,neutral,0.7527126669883728,0.0603701770305633,0.7527126669883728,0.1869171410799026
1579421839458706,said monday 11th today don t power 14hrs maybe s calendar okay,False,0.2263,positive,0.2263,0.174,0.826,0.0,positive,0.2263,positive,False,0.0,,neutral,neutral,0.842807948589325,0.1114536374807357,0.842807948589325,0.0457384511828422
217759364548969,pa 1 epo muchite ifi ba zesco sure,False,0.3182,positive,0.3182,0.277,0.723,0.0,positive,0.3182,positive,False,0.0,,neutral,neutral,0.8699267506599426,0.0251837074756622,0.8699267506599426,0.1048895195126533
2097613640630766,cecilia swana chibwe maybe pole near house,False,0.0,neutral,0.0,0.0,1.0,0.0,neutral,0.0,neutral,False,0.0,,neutral,neutral,0.932953417301178,0.012514017522335,0.932953417301178,0.0545325838029384
1091858975810538,tell feed back,False,0.0,neutral,0.0,0.0,1.0,0.0,neutral,0.0,neutral,False,0.0,,neutral,neutral,0.8004175424575806,0.0864870846271514,0.8004175424575806,0.1130953803658485
1077996387191257,supposed go outside midnight turn pump longer safe us electric fences don t work anymore awe ba zesco umumgulu wa muleke,False,0.4404,positive,0.0403999999999999,0.132,0.868,0.0,neutral,0.0403999999999999,neutral,True,-0.4,awe,negative,negative,0.6496800780296326,0.6496800780296326,0.3296076655387878,0.0207122508436441
2864588043685007,kindly explain means us because difference sounds same,False,0.4939,positive,0.4939,0.314,0.686,0.0,positive,0.4939,positive,False,0.0,,neutral,neutral,0.8410729765892029,0.0843943580985069,0.8410729765892029,0.0745326653122901
958142769405125,natalia phiri well noted hope understand coming too,False,0.6124,positive,0.6124,0.455,0.545,0.0,positive,0.6124,positive,False,0.0,,positive,positive,0.7890622615814209,0.0089432932436466,0.2019943743944168,0.7890622615814209
989869996242943,guys believed people balelolela fye mfula,False,0.0,neutral,0.0,0.0,1.0,0.0,neutral,0.0,neutral,False,0.0,,neutral,neutral,0.6201267242431641,0.3445621728897095,0.6201267242431641,0.0353111177682876
1083479376500628,today 1 october country still experiencing loadsheding,False,0.0,neutral,0.0,0.0,1.0,0.0,neutral,0.0,neutral,False,0.0,,neutral,neutral,0.6413031816482544,0.3336001634597778,0.6413031816482544,0.0250966753810644
618831263798949,niza nsana gondwe guys nabampesha ine,False,0.0,neutral,0.0,0.0,1.0,0.0,neutral,0.0,neutral,False,0.0,,neutral,neutral,0.8217735290527344,0.0750094279646873,0.8217735290527344,0.1032170504331588
1045021707103658,siven rowland bwembya minister even laughing asking us clap kwati fya mano,False,0.4939,positive,0.4939,0.225,0.775,0.0,positive,0.4939,positive,False,0.0,,neutral,neutral,0.6578191518783569,0.2767349481582641,0.6578191518783569,0.0654458627104759
278041545273125,u very good comes switching off now s time switch awe sure don t know happens clock check time guys charge switching coz those hours say don t experience power hour please add hour ku last,True,0.7778,positive,0.3778,0.212,0.788,0.0,negative,0.3778,negative,True,-0.4,awe,neutral,neutral,0.5297662615776062,0.1085827350616455,0.5297662615776062,0.361651062965393
530793942990369,t just make solar plant since s company telling people started making own power using thought toilets know soon s bye bye zesco,False,0.0,neutral,0.0,0.0,1.0,0.0,neutral,0.0,neutral,False,0.0,,negative,negative,0.4980060458183288,0.4980060458183288,0.459393560886383,0.0426004528999328
724725065639374,shy gibbs international graphics,False,-0.25,negative,-0.25,0.0,0.6,0.4,negative,-0.25,negative,False,0.0,,negative,negative,0.6502158045768738,0.6502158045768738,0.3174612820148468,0.0323229245841503
567908948173003,muja mwenangu power use go 15hrs chiwamila galu kuluma mbuzi those complaining load shedding go visit lake kariba see happening side water level very low,False,-0.4927,negative,-0.4927,0.0,0.846,0.154,negative,-0.4927,negative,False,0.0,,negative,negative,0.5386571288108826,0.5386571288108826,0.438501626253128,0.0228412430733442
2100908430257390,kabwe paid match now nothing doing,False,0.0,neutral,0.0,0.0,1.0,0.0,neutral,0.0,neutral,False,0.0,,negative,negative,0.6569780707359314,0.6569780707359314,0.3285651206970215,0.0144567564129829
879154983427096,elizabeth mwanza insult ai,False,-0.5106,negative,-0.5106,0.0,0.476,0.524,negative,-0.5106,negative,False,0.0,,neutral,neutral,0.793099045753479,0.1832634508609771,0.793099045753479,0.0236375499516725
977132530247360,taken long trying purchase electricity token able s happening usersco even stop sending sms customers only send facebook those people don t usually use facebook people please should know how communicate clients question because people yourself government s public institution s thing should remember,False,0.0258,neutral,0.0258,0.054,0.894,0.052,neutral,0.0258,neutral,False,0.0,,negative,negative,0.6017332673072815,0.6017332673072815,0.3762393891811371,0.0220273900777101
1077288923765680,u said 1 october s happening still power since sunday,False,0.0,neutral,0.0,0.0,1.0,0.0,neutral,0.0,neutral,False,0.0,,neutral,neutral,0.874673068523407,0.0638887658715248,0.874673068523407,0.061438150703907
1004081113972030,paid 3 years ago nothing done,False,0.0,neutral,0.0,0.0,1.0,0.0,neutral,0.0,neutral,False,0.0,,negative,negative,0.7755258083343506,0.7755258083343506,0.2054448276758194,0.0190294068306684
903100007535654,angel bernadette ck yes bro u point u know better than south zim terms power pf ok only thing blame s caderlism men uniform respected matter education point less,False,0.8225,positive,0.8225,0.349,0.581,0.07,positive,0.8225,positive,False,0.0,,neutral,neutral,0.6002547144889832,0.1276827603578567,0.6002547144889832,0.2720624506473541
880439590817413,give us electricity 00 00 03 00 use find missing candle just distribute other 3 residential areas give 4hrs instead,False,-0.296,negative,-0.296,0.0,0.891,0.109,negative,-0.296,negative,False,0.0,,neutral,neutral,0.553033709526062,0.4096774160861969,0.553033709526062,0.0372888669371604
1681413012651571,dennis zulu comments kwati nindoshi,False,0.0,neutral,0.0,0.0,1.0,0.0,neutral,0.0,neutral,False,0.0,,neutral,neutral,0.8631401658058167,0.0882120355963707,0.8631401658058167,0.0486477836966514
1760098067721506,account even verified facebook,False,0.0,neutral,0.0,0.0,1.0,0.0,neutral,0.0,neutral,False,0.0,,neutral,neutral,0.807060182094574,0.0523520149290561,0.807060182094574,0.1405878365039825
343011835031898,9 hours bazesco communicate truth truth call professionalism leave lies politicians,False,0.1531,positive,0.1531,0.315,0.411,0.274,positive,0.1531,positive,False,0.0,,neutral,neutral,0.8062111735343933,0.0644641742110252,0.8062111735343933,0.1293247044086456
2688712201265424,levy musonda jr ala mwandi,False,0.0,neutral,0.0,0.0,1.0,0.0,neutral,0.0,neutral,False,0.0,,neutral,neutral,0.8974606990814209,0.0456153154373168,0.8974606990814209,0.0569239817559719
880439590817413,whole zesco management sat deliberate hours came midnight 03 bafolelapo na sitting allowance,False,0.0,neutral,0.0,0.0,1.0,0.0,neutral,0.0,neutral,False,0.0,,neutral,neutral,0.745495080947876,0.2002367079257965,0.745495080947876,0.054268255829811
1354677755466141,psalms chingaipe guys care,False,0.4939,positive,0.4939,0.516,0.484,0.0,positive,0.4939,positive,False,0.0,,neutral,neutral,0.7323841452598572,0.0393935889005661,0.7323841452598572,0.2282222509384155
1829617797408490,document signed anyone binding statement could just hoax something,False,-0.2732,negative,-0.2732,0.0,0.792,0.208,negative,-0.2732,negative,False,0.0,,neutral,neutral,0.7728865146636963,0.1877500414848327,0.7728865146636963,0.039363395422697
1076213584157956,wise chansa sure let just automatically,False,0.6597,positive,0.6597,0.574,0.426,0.0,positive,0.6597,positive,False,0.0,,neutral,neutral,0.6860443949699402,0.0832971036434173,0.6860443949699402,0.23065847158432
901209128559441,daniel mwanza imagine ayi,False,0.0,neutral,0.0,0.0,1.0,0.0,neutral,0.0,neutral,False,0.0,,neutral,neutral,0.8851456642150879,0.024120969697833,0.8851456642150879,0.0907332822680473
1681413012651571,dennis zulu responsible formulating time table really understand how many businesses crippled zesco three hour electrical during day would greatly lessen burden having worked however needs electricity people sleeping really poor planning zesco limited better considerate,False,-0.0954,negative,-0.0954,0.174,0.644,0.182,negative,-0.0954,negative,False,0.0,,negative,negative,0.6746786236763,0.6746786236763,0.2942181229591369,0.0311032887548208
707873887745003,mwelwa phillip s easy think obligation honour part contract,False,0.765,positive,0.765,0.524,0.476,0.0,positive,0.765,positive,False,0.0,,neutral,neutral,0.7583652138710022,0.0342611446976661,0.7583652138710022,0.2073737531900406
1681413012651571,re serious,False,-0.0772,negative,-0.0772,0.0,0.435,0.565,negative,-0.0772,negative,False,0.0,,neutral,neutral,0.7618058323860168,0.1017511487007141,0.7618058323860168,0.1364431083202362
1118211136318311,hon evans kabwita,False,0.0,neutral,0.0,0.0,1.0,0.0,neutral,0.0,neutral,False,0.0,,neutral,neutral,0.8743396401405334,0.0492770746350288,0.8743396401405334,0.0763832852244377
646741773873357,16 become 18 power cut 06 came back 12 apa cut 16 isn t madness elo should appliances get burnt awe sure should ready person like,False,0.0516,positive,-0.3484,0.219,0.569,0.213,negative,-0.3484,negative,True,-0.4,awe,negative,negative,0.6466014385223389,0.6466014385223389,0.3337705433368683,0.0196280144155025
1800858807049840,zesco limited power cut 4 came back 04 43 pm today avondale kindly give clearly explanation happened way today,False,0.4404,positive,0.4404,0.247,0.586,0.167,positive,0.4404,positive,False,0.0,,neutral,neutral,0.5150200128555298,0.4672771394252777,0.5150200128555298,0.0177028719335794
1064385481806396,kony kumz imagine aiii midnight,False,0.0,neutral,0.0,0.0,1.0,0.0,neutral,0.0,neutral,False,0.0,,neutral,neutral,0.9062178134918212,0.0280860643833875,0.9062178134918212,0.0656961128115654
517656467553542,lelo nipa 1 wee,False,0.0,neutral,0.0,0.0,1.0,0.0,neutral,0.0,neutral,False,0.0,,neutral,neutral,0.8060919642448425,0.0699328705668449,0.8060919642448425,0.1239752620458602
1356712481811022,now public utility company zambia first,False,0.0,neutral,0.0,0.0,1.0,0.0,neutral,0.0,neutral,False,0.0,,neutral,neutral,0.9031621813774108,0.0263405740261077,0.9031621813774108,0.0704972818493843
703536127845341,kuno yele kuma 11 47 t even keep time ba kolwe,False,0.0,neutral,0.0,0.0,1.0,0.0,neutral,0.0,neutral,False,0.0,,neutral,neutral,0.8513736724853516,0.0855102017521858,0.8513736724853516,0.0631161108613014
1539253826550352,moses chewe filled,False,0.0,neutral,0.0,0.0,1.0,0.0,neutral,0.0,neutral,False,0.0,,neutral,neutral,0.8193245530128479,0.0586585514247417,0.8193245530128479,0.1220168769359588
314727804258352,eng situmbeko nyumbu s sad state affairs,False,-0.4767,negative,-0.4767,0.0,0.617,0.383,negative,-0.4767,negative,False,0.0,,negative,negative,0.8261505365371704,0.8261505365371704,0.1611013710498809,0.0127481175586581
1366446937441510,nsama patrick people very impatient zambia wonder how manage wait blessings,False,0.2516,positive,0.2516,0.233,0.6,0.166,positive,0.2516,positive,False,0.0,,negative,negative,0.7833523154258728,0.7833523154258728,0.1995859742164611,0.0170616786926984
807091348033010,susan j stephens count,False,0.0,neutral,0.0,0.0,1.0,0.0,neutral,0.0,neutral,False,0.0,,neutral,neutral,0.8815357685089111,0.0544076114892959,0.8815357685089111,0.0640565901994705
380870341599348,stephen sata re own don t say,False,0.0,neutral,0.0,0.0,1.0,0.0,neutral,0.0,neutral,False,0.0,,neutral,neutral,0.8161258697509766,0.145494669675827,0.8161258697509766,0.0383794717490673
1232796554698276,namufilwafye ba zesco total failure,False,-0.5106,negative,-0.5106,0.0,0.548,0.452,negative,-0.5106,negative,False,0.0,,negative,negative,0.7242060303688049,0.7242060303688049,0.2553199529647827,0.0204739868640899
556562440150002,gutta beats august almost,False,0.0,neutral,0.0,0.0,1.0,0.0,neutral,0.0,neutral,False,0.0,,positive,positive,0.5513282418251038,0.0132252760231494,0.4354465305805206,0.5513282418251038
2202786226779292,same situation paid april now,False,0.0,neutral,0.0,0.0,1.0,0.0,neutral,0.0,neutral,False,0.0,,neutral,neutral,0.764654815196991,0.1992716640233993,0.764654815196991,0.0360735803842544
513652114864664,jolie dai kaps somehow knew s strategy ll use,False,0.0,neutral,0.0,0.0,1.0,0.0,neutral,0.0,neutral,False,0.0,,neutral,neutral,0.807157576084137,0.0934626311063766,0.807157576084137,0.0993797853589057
864783155274402,don t know work,False,0.0,neutral,0.0,0.0,1.0,0.0,neutral,0.0,neutral,False,0.0,,neutral,neutral,0.7304293513298035,0.2114170640707016,0.7304293513298035,0.0581535808742046
559218576126862,kkatongo kapekele hakainde hichilema,False,0.0,neutral,0.0,0.0,1.0,0.0,neutral,0.0,neutral,False,0.0,,neutral,neutral,0.7890848517417908,0.1446460932493209,0.7890848517417908,0.0662690624594688
1681413012651571,dennis zulu fool just like,False,-0.1027,negative,-0.1027,0.298,0.357,0.345,negative,-0.1027,negative,False,0.0,,negative,negative,0.623648464679718,0.623648464679718,0.3501866459846496,0.0261648800224065
689072199387114,knew already don t called bally zambia wait,False,0.0,neutral,0.0,0.0,1.0,0.0,neutral,0.0,neutral,False,0.0,,neutral,neutral,0.7450137138366699,0.220337837934494,0.7450137138366699,0.0346484184265136
428259989439534,ian bugar yaunfwika bwino,False,0.0,neutral,0.5,0.0,1.0,0.0,positive,0.5,positive,True,0.5,bwino,neutral,neutral,0.8097434043884277,0.1192374750971794,0.8097434043884277,0.0710191875696182
980538046288038,hello josephine k mwalwembe thank contacting us currently due prevailing weather patterns unable announce load management end however once factors fully considered analyzed official date announced public bz,False,0.4404,positive,0.4404,0.135,0.865,0.0,positive,0.4404,positive,False,0.0,,neutral,neutral,0.7919732928276062,0.1530397087335586,0.7919732928276062,0.0549870245158672
408819144761920,felix kumwamwasa bakamba finshi mulelanda namutupela indalama sha genset,False,0.0,neutral,0.0,0.0,1.0,0.0,neutral,0.0,neutral,False,0.0,,neutral,neutral,0.8678659200668335,0.0525175221264362,0.8678659200668335,0.0796165764331817
1513757022445297,12 hrs having 5 hrs using power,False,0.0,neutral,0.0,0.0,1.0,0.0,neutral,0.0,neutral,False,0.0,,neutral,neutral,0.9126896262168884,0.0175474770367145,0.9126896262168884,0.0697629749774932
492310796602094,zed roasters inc ours doesn t just brings words,False,0.0,neutral,0.0,0.0,1.0,0.0,neutral,0.0,neutral,False,0.0,,neutral,neutral,0.6434326767921448,0.2818029820919037,0.6434326767921448,0.0747643262147903
532525116031949,lelo nipa 1 october buti us ku off shantumbu tradition us dirty 48 hours thank much zesco limited ndimwe muliko,False,-0.3182,negative,-0.3182,0.107,0.687,0.206,negative,-0.3182,negative,False,0.0,,neutral,neutral,0.6947522163391113,0.1292904019355774,0.6947522163391113,0.1759573817253112
2518494965028155,waiting stable power lelo nipa 1,False,0.296,positive,0.296,0.355,0.645,0.0,positive,0.296,positive,False,0.0,,neutral,neutral,0.8190411329269409,0.0371728725731372,0.8190411329269409,0.1437859535217285
812018876864684,finally ve spoken,False,0.0,neutral,0.0,0.0,1.0,0.0,neutral,0.0,neutral,False,0.0,,neutral,neutral,0.5159321427345276,0.0460935235023498,0.5159321427345276,0.4379742443561554
8681389835237254,imwe ba zesco limited muliso ai,False,-0.2263,negative,-0.2263,0.0,0.725,0.275,negative,-0.2263,negative,False,0.0,,neutral,neutral,0.8819856643676758,0.028397899121046,0.8819856643676758,0.089616373181343
879154983427096,habasimbi h abbigail people thought easy claiming end load shedding,False,0.4404,positive,0.4404,0.266,0.734,0.0,positive,0.4404,positive,False,0.0,,neutral,neutral,0.6012279987335205,0.3614963889122009,0.6012279987335205,0.0372756160795688
862608649273728,maclean sandra phiri ndiye change yamene iyi,False,0.0,neutral,0.0,0.0,1.0,0.0,neutral,0.0,neutral,False,0.0,,neutral,neutral,0.8590620756149292,0.0839710682630539,0.8590620756149292,0.0569669231772422
918822943645810,saviour alingo chisanga question too,False,0.0,neutral,0.0,0.0,1.0,0.0,neutral,0.0,neutral,False,0.0,,neutral,neutral,0.9224382042884828,0.0338359028100967,0.9224382042884828,0.0437258966267108
1469870400514177,mercy mugala,False,0.3612,positive,0.3612,0.714,0.286,0.0,positive,0.3612,positive,False,0.0,,neutral,neutral,0.7496132850646973,0.0370906069874763,0.7496132850646973,0.2132961452007293
1091858975810538,carolyn bwalya boi serious,False,-0.0772,negative,-0.0772,0.0,0.698,0.302,negative,-0.0772,negative,False,0.0,,neutral,neutral,0.6961407661437988,0.1936163008213043,0.6961407661437988,0.110242947936058
140270599079498,eurry eugenes tell bosses improve invest 1000 chicks without power s loss guys salaries nothing loose,False,0.7026,positive,0.7026,0.363,0.637,0.0,positive,0.7026,positive,False,0.0,,neutral,neutral,0.5200182795524597,0.3850709795951843,0.5200182795524597,0.0949107483029365
1464374354271951,gracious t kalyondo awe mwandi laugh supposed get upset,False,0.6808,positive,0.2807999999999999,0.486,0.338,0.176,positive,0.2807999999999999,positive,True,-0.4,awe,negative,negative,0.4834981560707092,0.4834981560707092,0.4704442918300628,0.0460575185716152
890603003152694,ungachimwe na zesco because time table adherence pathetic,False,-0.5719,negative,-0.5719,0.0,0.654,0.346,negative,-0.5719,negative,False,0.0,,negative,negative,0.8332656025886536,0.8332656025886536,0.1520185470581054,0.0147159108892083
450575424402275,power t check,False,0.0,neutral,0.0,0.0,1.0,0.0,neutral,0.0,neutral,False,0.0,,neutral,neutral,0.8127533197402954,0.0639828294515609,0.8127533197402954,0.1232638731598854
841991163531334,grace nonde kombe line tripping while rest power,False,0.4215,positive,0.4215,0.286,0.714,0.0,positive,0.4215,positive,False,0.0,,neutral,neutral,0.8066347241401672,0.1402745246887207,0.8066347241401672,0.053090713918209
873152884103138,joseph mu long time brother man,False,0.0,neutral,0.0,0.0,1.0,0.0,neutral,0.0,neutral,False,0.0,,neutral,neutral,0.7463797926902771,0.0450389310717582,0.7463797926902771,0.2085813283920288
618831263798949,zesco limited saying schedule group d 14 22hrs switching off today 12hrs switch 22hrs s fair nhamo afiya chiwila saying s true ba group d power always goes night even 4hrs schedule same thing,False,0.4939,positive,0.4939,0.15,0.794,0.056,positive,0.4939,positive,False,0.0,,neutral,neutral,0.8248153328895569,0.1397347897291183,0.8248153328895569,0.0354497879743576
489266630038074,ackim katebe see sometimes ubukopo chisendo mwe,False,0.0,neutral,0.0,0.0,1.0,0.0,neutral,0.0,neutral,False,0.0,,neutral,neutral,0.877447247505188,0.0561078898608684,0.877447247505188,0.0664448142051696
475992531387462,lifestyle 101 don t care every time just say zesco price increasing,False,0.4939,positive,0.4939,0.242,0.758,0.0,positive,0.4939,positive,False,0.0,,neutral,neutral,0.5382551550865173,0.4122121930122375,0.5382551550865173,0.0495325997471809
633867655175490,just sell zesco chinese might something sensible mwe,False,0.0,neutral,0.0,0.0,1.0,0.0,neutral,0.0,neutral,False,0.0,,neutral,neutral,0.6894989609718323,0.2431756407022476,0.6894989609718323,0.0673253983259201
1214925962764712,regina gumbo meanwood mutumbi worse 14hrs power sometimes,False,-0.4767,negative,-0.4767,0.0,0.693,0.307,negative,-0.4767,negative,False,0.0,,negative,negative,0.7562741637229919,0.7562741637229919,0.2277792245149612,0.0159465633332729
607515918232984,think zambia zesco waste comes customer sevice gross corruption customers panicking hence being charged staff poles delivered work done time,False,-0.8625,negative,-0.8625,0.0,0.602,0.398,negative,-0.8625,negative,False,0.0,,negative,negative,0.8369497060775757,0.8369497060775757,0.1520513892173767,0.0109988627955317
1681413012651571,dennis zulu stop smoking ll stop talking nonsense,False,-0.7269,negative,-0.7269,0.0,0.413,0.587,negative,-0.7269,negative,False,0.0,,negative,negative,0.797111988067627,0.797111988067627,0.188596710562706,0.014291314408183
1359686844867765,zesco please serious power less than 6 hrs,False,0.25,positive,0.25,0.267,0.581,0.151,positive,0.25,positive,False,0.0,,neutral,neutral,0.5397584438323975,0.0961556360125541,0.5397584438323975,0.3640859723091125
570647161581047,worst company ever exist earth,False,-0.6249,negative,-0.6249,0.0,0.494,0.506,negative,-0.6249,negative,False,0.0,,negative,negative,0.923692524433136,0.923692524433136,0.0646188110113143,0.0116887325420975
1041242257441372,very useless company indeed may ask how many hours being supplied previous month september coz thought already 3 hours now stability being talked,False,-0.4754,negative,-0.4754,0.0,0.872,0.128,negative,-0.4754,negative,False,0.0,,negative,negative,0.8472686409950256,0.8472686409950256,0.1414661407470703,0.0112651772797107
1731139997724597,sometimes people act like bunch primary children,False,0.3612,positive,0.3612,0.294,0.706,0.0,positive,0.3612,positive,False,0.0,,negative,negative,0.8132286667823792,0.8132286667823792,0.1762991845607757,0.0104720899835228
1184716522154006,gome s chulu yes instead continuous 12 hours having basically move 6 hours post loadshedding pakati pa 12 hours eg 06 12 power 12 18 power 18 00 power hope zanveka,False,0.6808,positive,0.6808,0.172,0.828,0.0,positive,0.6808,positive,False,0.0,,neutral,neutral,0.8632173538208008,0.0297805164009332,0.8632173538208008,0.107002168893814
618831263798949,gracious nkumbu nanyinza exactly,False,0.5574,positive,0.5574,0.545,0.455,0.0,positive,0.5574,positive,False,0.0,,neutral,neutral,0.720450222492218,0.0979486852884292,0.720450222492218,0.1816010624170303
686616486282373,well noted please note greater percentage nation s subjects depend power supply fend households hence need anticipatingly state last know how long should endure r s v p regards,False,0.7096,positive,0.7096,0.247,0.753,0.0,positive,0.7096,positive,False,0.0,,neutral,neutral,0.8388282656669617,0.0819166749715805,0.8388282656669617,0.0792551413178443
1044451394146728,how expect us s never power should given us power over weekend allow us those upgrades,False,0.2263,positive,0.2263,0.119,0.881,0.0,positive,0.2263,positive,False,0.0,,negative,negative,0.5550153255462646,0.5550153255462646,0.4118677377700805,0.0331168659031391
780603110184852,awe three days now today forth day,False,0.0,neutral,-0.4,0.0,1.0,0.0,negative,-0.4,negative,True,-0.4,awe,neutral,neutral,0.6326112747192383,0.0184283852577209,0.6326112747192383,0.3489602506160736
842848230280313,let just sleep doesn t change fact s still 12hrs,False,0.0,neutral,0.0,0.0,1.0,0.0,neutral,0.0,neutral,False,0.0,,neutral,neutral,0.6988516449928284,0.266689270734787,0.6988516449928284,0.0344590879976749
481698757452496,febby k munchini yalifye safe mammy,False,0.4404,positive,0.4404,0.42,0.58,0.0,positive,0.4404,positive,False,0.0,,neutral,neutral,0.6918897032737732,0.0469935499131679,0.6918897032737732,0.2611167132854461
5720330321376222,anyone lord shaded before raise hand lord management currently effect,False,0.4939,positive,0.4939,0.262,0.738,0.0,positive,0.4939,positive,False,0.0,,neutral,neutral,0.8905848264694214,0.0935044959187507,0.8905848264694214,0.0159106291830539
711538893892824,power cut 05 11 38 nothing,False,-0.2732,negative,-0.2732,0.0,0.704,0.296,negative,-0.2732,negative,False,0.0,,negative,negative,0.7009606957435608,0.7009606957435608,0.2839798033237457,0.0150595745071768
869672600961795,zesco limited keep times religiously already frustrated zesco 24 00hrs 23 32 like tonight switch us stick times please monga muzungu eskom says 1600hrs check watch 16 00 hrs time keeping pathetic very anti govt,False,-0.7778,negative,-0.7778,0.106,0.639,0.255,negative,-0.7778,negative,False,0.0,,negative,negative,0.9240428805351256,0.9240428805351256,0.0703880712389946,0.0055691236630082
838013541725501,imwe tinvela ati october vichinja futi mwayamba ku poster ma solar ndiye chani mwanje,False,0.0,neutral,0.0,0.0,1.0,0.0,neutral,0.0,neutral,False,0.0,,neutral,neutral,0.8837864995002747,0.0320703312754631,0.8837864995002747,0.0841431468725204
1037256991273637,elton pc hambaba failed project bro failed ma sweet talkers aba,False,-0.5574,negative,-0.5574,0.17,0.455,0.375,negative,-0.5574,negative,False,0.0,,negative,negative,0.9173446893692015,0.9173446893692015,0.0765946805477142,0.0060606328770518
938598631081785,time table doesn t work chelstone power went 2minutes 6am now power shame,False,-0.4767,negative,-0.4767,0.0,0.78,0.22,negative,-0.4767,negative,False,0.0,,negative,negative,0.9223232865333556,0.9223232865333556,0.072633184492588,0.0050435382872819
489266630038074,don t waste ur time write article just go work coz made solution already yours won t work,False,0.4939,positive,0.4939,0.275,0.596,0.128,positive,0.4939,positive,False,0.0,,negative,negative,0.781069815158844,0.781069815158844,0.203131154179573,0.015799032524228
5825080234266811,good move 12 hours straight too much going easy plan,False,0.7717,positive,0.7717,0.524,0.476,0.0,positive,0.7717,positive,False,0.0,,positive,positive,0.8212612271308899,0.03157889097929,0.1471598297357559,0.8212612271308899
1149469195755648,reeves ray chibamba s going 12 hours six hours,False,0.0,neutral,0.0,0.0,1.0,0.0,neutral,0.0,neutral,False,0.0,,neutral,neutral,0.9129317998886108,0.0120011018589138,0.9129317998886108,0.0750670656561851
890179399251123,gabriel chishimba mmmmm consider even poorest zambian citizen afford those other power sources ebuntu,False,-0.5423,negative,-0.5423,0.0,0.788,0.212,negative,-0.5423,negative,False,0.0,,neutral,neutral,0.7504194974899292,0.1259825527667999,0.7504194974899292,0.1235980093479156
918822943645810,saviour alingo chisanga call 322 check using meter number,False,0.0772,positive,0.0772,0.14,0.86,0.0,positive,0.0772,positive,False,0.0,,neutral,neutral,0.9141205549240112,0.0479209087789058,0.9141205549240112,0.0379585288465023
494506302817197,still 12 hours straight areas nothing excited,False,-0.0351,neutral,-0.0351,0.213,0.56,0.228,neutral,-0.0351,neutral,False,0.0,,neutral,neutral,0.4980464279651642,0.4077368080615997,0.4980464279651642,0.0942167490720748
1625424375051588,metre works electricity s electricity,False,0.0,neutral,0.0,0.0,1.0,0.0,neutral,0.0,neutral,False,0.0,,neutral,neutral,0.8253229260444641,0.0540472194552421,0.8253229260444641,0.1206297576427459
402137349350108,elita sheleni ala mwandi,False,0.0,neutral,0.0,0.0,1.0,0.0,neutral,0.0,neutral,False,0.0,,neutral,neutral,0.8772009015083313,0.0474044606089592,0.8772009015083313,0.0753946900367736
962024962124923,fuma apa how long going depend rains sure haven t learned rain won t always,False,0.7184,positive,0.7184,0.353,0.647,0.0,positive,0.7184,positive,False,0.0,,negative,negative,0.6770032048225403,0.6770032048225403,0.3015289604663849,0.0214677564799785
3502869939982267,andrew nsama ala tefintu mune,False,0.0,neutral,0.0,0.0,1.0,0.0,neutral,0.0,neutral,False,0.0,,neutral,neutral,0.9036901593208312,0.0316571071743965,0.9036901593208312,0.0646526888012886
963209262309928,moira chikombola imagine ai only saw 2 days ago power coming awkward times sure how get done today,False,0.1779,positive,0.1779,0.122,0.794,0.085,positive,0.1779,positive,False,0.0,,negative,negative,0.54618239402771,0.54618239402771,0.425450712442398,0.0283668991178274
1462108041154175,able mwambela sediments too jus wondering,False,0.0,neutral,0.0,0.0,1.0,0.0,neutral,0.0,neutral,False,0.0,,neutral,neutral,0.8616297841072083,0.0645634084939956,0.8616297841072083,0.0738067477941513
774328217816405,prince eddie milimo let s wait see wt,False,0.0,neutral,0.0,0.0,1.0,0.0,neutral,0.0,neutral,False,0.0,,neutral,neutral,0.9119536876678468,0.0118693523108959,0.9119536876678468,0.0761769637465477
546622177758220,moses jj ngulube imagine,False,0.25,positive,0.25,0.4,0.6,0.0,positive,0.25,positive,False,0.0,,neutral,neutral,0.8527451753616333,0.0719511657953262,0.8527451753616333,0.0753035843372345
1381059105941140,hi chanda francina apologize inconvenience caused please may confirm power restored appreciate patience regards cj,False,0.6486,positive,0.6486,0.413,0.469,0.117,positive,0.6486,positive,False,0.0,,neutral,neutral,0.7352036833763123,0.044225487858057,0.7352036833763123,0.2205707728862762
1149469195755648,per day twice day because electricity went 05 came back 11 gone 17 s going kanshi,False,0.0,neutral,0.0,0.0,1.0,0.0,neutral,0.0,neutral,False,0.0,,neutral,neutral,0.9123700857162476,0.043006420135498,0.9123700857162476,0.0446235015988349
1045021707103658,politicians make heaven,False,0.5106,positive,0.5106,0.623,0.377,0.0,positive,0.5106,positive,False,0.0,,neutral,neutral,0.4414637088775635,0.2107138931751251,0.4414637088775635,0.347822368144989
488913716721297,joshua ngwisha short day loadsheding ummmm just bril those stocks fridge,False,0.0,neutral,0.0,0.0,1.0,0.0,neutral,0.0,neutral,False,0.0,,neutral,neutral,0.8400982022285461,0.1039958745241165,0.8400982022285461,0.0559059530496597
1275352909817448,theoson kafwimbi mwanaumbi same situation,False,0.0,neutral,0.0,0.0,1.0,0.0,neutral,0.0,neutral,False,0.0,,neutral,neutral,0.8483967185020447,0.0754362344741821,0.8483967185020447,0.0761671215295791
962024962124923,obey silavwe maliwanda good question now don t think doing something because just week loadsheding going wake curtail s going higher higher each month change,False,0.4404,positive,0.4404,0.116,0.884,0.0,positive,0.4404,positive,False,0.0,,negative,negative,0.5376095771789551,0.5376095771789551,0.4342067539691925,0.0281836055219173
1391164684756543,cp chazwe tembo re even lucky s 14 hours,False,0.4215,positive,0.4215,0.286,0.714,0.0,positive,0.4215,positive,False,0.0,,neutral,neutral,0.7059250473976135,0.1280223429203033,0.7059250473976135,0.1660526394844055
428259989439534,prudence dakaprudence daka pungamo,False,0.0,neutral,0.0,0.0,1.0,0.0,neutral,0.0,neutral,False,0.0,,neutral,neutral,0.830014169216156,0.0838661789894104,0.830014169216156,0.0861196517944336
747337933896198,time table iyabupuba eyo tamukonka nokukonka,False,0.0,neutral,0.0,0.0,1.0,0.0,neutral,0.0,neutral,False,0.0,,neutral,neutral,0.8572603464126587,0.046572133898735,0.8572603464126587,0.0961675718426704
951841213661230,how u check without power,False,0.0,neutral,0.0,0.0,1.0,0.0,neutral,0.0,neutral,False,0.0,,neutral,neutral,0.7072150111198425,0.2644404470920563,0.7072150111198425,0.0283445101231336
1227401631787100,mutale mark chakonta even happen just talk usual pa zed sadly,False,-0.4215,negative,-0.4215,0.0,0.781,0.219,negative,-0.4215,negative,False,0.0,,negative,negative,0.7120908498764038,0.7120908498764038,0.2746654152870178,0.0132437823340296
1538782876633468,ok disturbing retrogressive t anything makes sense could just let 12 hours even call load management managing being loadsheded twice call managing killed,False,-0.765,negative,-0.765,0.076,0.655,0.269,negative,-0.765,negative,False,0.0,,negative,negative,0.8730344176292419,0.8730344176292419,0.1191147938370704,0.0078508416190743
790341336551434,how supposed update power since yesterday furthermore short notice should notified people least week advance given current situation power outages country,False,0.0,neutral,0.0,0.0,1.0,0.0,neutral,0.0,neutral,False,0.0,,negative,negative,0.7605970501899719,0.7605970501899719,0.2291688174009323,0.0102341752499341
1281787743172394,seemani haggai jokers ones,False,0.0,neutral,0.0,0.0,1.0,0.0,neutral,0.0,neutral,False,0.0,,neutral,neutral,0.8765869736671448,0.0577982664108276,0.8765869736671448,0.065614677965641
380111615196118,ranting guy s lies lies sometimes s better keep quiet than busy make false hopes,False,0.0258,neutral,0.0258,0.281,0.443,0.276,neutral,0.0258,neutral,False,0.0,,negative,negative,0.7045996189117432,0.7045996189117432,0.2786966264247894,0.0167037304490804
1329470227842184,kwamwena down cheers road opposite police road street power two whole days food even gone bad s disaster zesco even bothered come check problem could even numerous complaints please kindly attend fault load shedding enough punishment already,False,-0.9118,negative,-0.9118,0.154,0.466,0.38,negative,-0.9118,negative,False,0.0,,negative,negative,0.9174797534942628,0.9174797534942628,0.0758806318044662,0.0066396472975611
1236419614249700,question power comes midnight how expect people zesco limited now becoming nuisance,False,-0.2263,negative,-0.2263,0.0,0.853,0.147,negative,-0.2263,negative,False,0.0,,negative,negative,0.8747764229774475,0.8747764229774475,0.1189533323049545,0.0062702186405658
6877744568925424,m just purchasing s now working,False,0.0,neutral,0.0,0.0,1.0,0.0,neutral,0.0,neutral,False,0.0,,neutral,neutral,0.8329590559005737,0.0381042510271072,0.8329590559005737,0.1289367824792862
1681413012651571,dennis zulu appreciate nonsense real things say mwe,True,0.0,neutral,0.0,0.237,0.526,0.237,negative,0.0,negative,False,0.0,,neutral,neutral,0.6479936242103577,0.2748965919017792,0.6479936242103577,0.0771097689867019
1133189314375206,alexis kabamba opinion madam 8 hrs weekly rotations better convenient us,False,0.4404,positive,0.4404,0.244,0.756,0.0,positive,0.4404,positive,False,0.0,,neutral,neutral,0.8467583656311035,0.0542564466595649,0.8467583656311035,0.098985269665718
899401224750301,memory juliet tinta hanamaila chipakula thankyou,False,0.0,neutral,0.0,0.0,1.0,0.0,neutral,0.0,neutral,False,0.0,,positive,positive,0.5412338972091675,0.0181549079716205,0.4406112432479858,0.5412338972091675
431150710039796,now us black how going even though prepaid off mean even don t power still press digits prepaid,False,0.0,neutral,0.0,0.0,1.0,0.0,neutral,0.0,neutral,False,0.0,,neutral,neutral,0.8198498487472534,0.1399700939655304,0.8198498487472534,0.0401799641549587
363766932724317,ise kuno ma light ni rumour che,False,0.0,neutral,0.0,0.0,1.0,0.0,neutral,0.0,neutral,False,0.0,,neutral,neutral,0.8568904399871826,0.0963494405150413,0.8568904399871826,0.0467600300908088
1391164684756543,salome siulapwa sikananu last schedule power only came back midnight s gone,False,0.0,neutral,0.0,0.0,1.0,0.0,neutral,0.0,neutral,False,0.0,,neutral,neutral,0.5713499784469604,0.3969258964061737,0.5713499784469604,0.0317241735756397
719550152874845,alleen amukusana hawe tired hiring firing siyani soche,False,-0.6486,negative,-0.6486,0.0,0.531,0.469,negative,-0.6486,negative,False,0.0,,negative,negative,0.4865801036357879,0.4865801036357879,0.4787505567073822,0.0346693247556686
412656197693674,s than 6hrs power yet back went 05hrs 12hrs sure doing guys,False,0.3182,positive,0.3182,0.187,0.813,0.0,positive,0.3182,positive,False,0.0,,neutral,neutral,0.6521132588386536,0.0696723908185958,0.6521132588386536,0.2782143652439117
530953963101547,okay ba zesco since tomorrow deadline just inbox meter number update kili apa don t even ten coins buy units,False,0.296,positive,0.296,0.158,0.842,0.0,positive,0.296,positive,False,0.0,,neutral,neutral,0.8203295469284058,0.10091432929039,0.8203295469284058,0.0787561386823654
853539713619064,vuuse mungaga lied,False,-0.3818,negative,-0.3818,0.0,0.435,0.565,negative,-0.3818,negative,False,0.0,,negative,negative,0.5032884478569031,0.5032884478569031,0.4678476750850677,0.0288638658821582
1307930793383241,nkwapu happy know right,False,0.5719,positive,0.5719,0.552,0.448,0.0,positive,0.5719,positive,False,0.0,,positive,positive,0.4838492274284363,0.0501229241490364,0.4660279452800751,0.4838492274284363
1638398146614982,bit fair mwe,False,0.3182,positive,0.3182,0.535,0.465,0.0,positive,0.3182,positive,False,0.0,,neutral,neutral,0.731419563293457,0.0769559890031814,0.731419563293457,0.1916244179010391
944683267676775,tell us something want hear noses,False,0.0772,positive,0.0772,0.206,0.794,0.0,positive,0.0772,positive,False,0.0,,neutral,neutral,0.8144232034683228,0.0652720183134079,0.8144232034683228,0.1203047111630439
1464374354271951,gracious t kalyondo elo just announce things already ground,False,0.5574,positive,0.5574,0.34,0.66,0.0,positive,0.5574,positive,False,0.0,,neutral,neutral,0.6713556051254272,0.1091964244842529,0.6713556051254272,0.2194479703903198
909479697986926,zesco never short surprises s taken informing people such important exercise itself looks complicated load shedding included days before deadline really way testing people s patience,False,0.0346,neutral,0.0346,0.071,0.864,0.065,neutral,0.0346,neutral,False,0.0,,negative,negative,0.7304409742355347,0.7304409742355347,0.2469309717416763,0.0226280372589826
890179399251123,kudos zesco re doing well s just us people don t understand efforts re putting address disastrous power crisis please possible give us power just 1hr 24hrs ll see how best work those don t want well explore other power sources corresponding financial muscle vizimyeeeeeeee iweeee,False,0.6486,positive,0.6486,0.262,0.6,0.137,positive,0.6486,positive,False,0.0,,positive,positive,0.4915076792240143,0.1590121388435363,0.3494801223278045,0.4915076792240143
1681413012651571,dennis zulu panyo pako,False,0.0,neutral,0.0,0.0,1.0,0.0,neutral,0.0,neutral,False,0.0,,neutral,neutral,0.8539409637451172,0.0509639270603656,0.8539409637451172,0.0950951352715492
556562440150002,24 03 imwe finshi ifi,False,0.0,neutral,0.0,0.0,1.0,0.0,neutral,0.0,neutral,False,0.0,,neutral,neutral,0.8673118352890015,0.0632329210639,0.8673118352890015,0.0694553032517433
488612390860147,wake around 01 process restore power trusted schedule,False,0.6486,positive,0.6486,0.469,0.531,0.0,positive,0.6486,positive,False,0.0,,neutral,neutral,0.8852431178092957,0.0214806478470563,0.8852431178092957,0.0932761579751968
1213964482806850,didn t bargain remember load shedding,False,0.2023,positive,0.2023,0.31,0.69,0.0,positive,0.2023,positive,False,0.0,,neutral,neutral,0.6481502056121826,0.3117437362670898,0.6481502056121826,0.0401060730218887
667471854997744,owen haafwa too much nichekeleko nichekeleko,False,0.0,neutral,0.0,0.0,1.0,0.0,neutral,0.0,neutral,False,0.0,,neutral,neutral,0.5120717883110046,0.4393268525600433,0.5120717883110046,0.0486013554036617
1596646810862520,s 9 years still giving stories zesco complete sham full corruption,False,0.34,positive,0.34,0.231,0.769,0.0,positive,0.34,positive,False,0.0,,negative,negative,0.8695972561836243,0.8695972561836243,0.1189564168453216,0.0114463372156023
1366583860557111,elo really inconvenienced us,False,0.0,neutral,0.0,0.0,1.0,0.0,neutral,0.0,neutral,False,0.0,,negative,negative,0.7395175695419312,0.7395175695419312,0.241847276687622,0.0186351258307695
481698757452496,frank curtis brown very true,False,0.4754,positive,0.4754,0.436,0.564,0.0,positive,0.4754,positive,False,0.0,,neutral,neutral,0.7857770919799805,0.0419125445187091,0.7857770919799805,0.1723103374242782
3799239766956172,chi sanga least even know group,False,0.0,neutral,0.0,0.0,1.0,0.0,neutral,0.0,neutral,False,0.0,,neutral,neutral,0.4928479492664337,0.4438574910163879,0.4928479492664337,0.0632946342229843
573302567561012,hope s going rotational leaving home returning without power draining,False,0.4404,positive,0.4404,0.266,0.734,0.0,positive,0.4404,positive,False,0.0,,neutral,neutral,0.718030571937561,0.137508288025856,0.718030571937561,0.1444611847400665
1285478359500648,alice mwenya s everywhere other areas having power,False,0.0,neutral,0.0,0.0,1.0,0.0,neutral,0.0,neutral,False,0.0,,neutral,neutral,0.908312976360321,0.0182246975600719,0.908312976360321,0.0734623447060585
8541775629214624,awe kulima update update problem think shang ombo district,False,-0.4019,negative,-0.8019000000000001,0.0,0.748,0.252,negative,-0.8019000000000001,negative,True,-0.4,awe,negative,negative,0.5197463035583496,0.5197463035583496,0.4642119407653808,0.0160417314618825
556298766557238,those guys switching off power should set time correctly re way power going 30mins before actual stated time unacceptable infact should testing alcohol before going switch off someone straight drinking black label ati nayamukushimya ama light alaaah,False,-0.2732,negative,-0.2732,0.048,0.877,0.075,negative,-0.2732,negative,False,0.0,,negative,negative,0.7016430497169495,0.7016430497169495,0.2843290269374847,0.0140279261395335
908148150549989,zesco limited schedule working riverside kitwe power went around 05am 2pm still power s better don t communicate schedules because s really inconveniencing following,False,0.25,positive,0.25,0.122,0.798,0.08,positive,0.25,positive,False,0.0,,negative,negative,0.6095091104507446,0.6095091104507446,0.3717978000640869,0.0186931248754262
1344317732910127,ba zesco limited block coz m comment rubbish every time come page hoping post ati load shedding naipwaa busy stupid rotations,True,-0.6597,negative,-0.6597,0.104,0.593,0.304,negative,-0.6597,negative,False,0.0,,negative,negative,0.9172568321228028,0.9172568321228028,0.0770819336175918,0.0056613041087985
1515264039363082,ninshi schedules last upto 6 days power aweh let s serious please zesco limited,False,0.0258,neutral,0.0258,0.159,0.621,0.221,neutral,0.0258,neutral,False,0.0,,neutral,neutral,0.688892662525177,0.2070816606283188,0.688892662525177,0.1040256693959236
1133189314375206,trevor musonda chabala daily mean 16 hrs loadshedding weekly better easy plan,False,0.7003,positive,0.7003,0.367,0.633,0.0,positive,0.7003,positive,False,0.0,,neutral,neutral,0.7350538372993469,0.1225653067231178,0.7350538372993469,0.142380878329277
958142769405125,mashata sebby re right because called industries farmers consume even power,False,0.0,neutral,0.0,0.0,1.0,0.0,neutral,0.0,neutral,False,0.0,,neutral,neutral,0.7046129107475281,0.221694529056549,0.7046129107475281,0.0736924782395362
1249165352331515,george k nawa yes better than 12 hours straight opinion,False,0.7579,positive,0.7579,0.556,0.444,0.0,positive,0.7579,positive,False,0.0,,positive,positive,0.8089789748191833,0.0136015601456165,0.1774194687604904,0.8089789748191833
904043811583053,let s talk stability first,False,0.0,neutral,0.0,0.0,1.0,0.0,neutral,0.0,neutral,False,0.0,,neutral,neutral,0.7833775877952576,0.1148745119571685,0.7833775877952576,0.1017478480935096
863148371401018,ba zesco suggestion kwati ebo mwa bika ku planning bwino bwino schedule ya load shedding make sense group 01 30 07 30 group b 07 30 13 30 group 13 30 19 30 grouo b 19 30 01 30 far much better following both groups time morning lunch night please adopt asap just complaining giving better options course solution just better option,True,0.9274,positive,1.0,0.244,0.73,0.025,negative,1.0,negative,True,1.0,bwino,neutral,neutral,0.5257617831230164,0.0513158775866031,0.5257617831230164,0.4229223430156708
293758669717165,ismaeel moosa even want insult buy t,False,-0.4588,negative,-0.4588,0.151,0.465,0.384,negative,-0.4588,negative,False,0.0,,neutral,neutral,0.5670713186264038,0.3727365732192993,0.5670713186264038,0.0601921007037162
262879899686442,zesco working since morning kuma 7hrs haven t able buy every time try airtel charging service haven t even received,False,0.0,neutral,0.0,0.0,1.0,0.0,neutral,0.0,neutral,False,0.0,,negative,negative,0.8357187509536743,0.8357187509536743,0.1553511321544647,0.0089301206171512
2576349285890892,zewelanji nachiweza bamani nyansa ba chule aba sweetie,False,0.4939,positive,0.4939,0.314,0.686,0.0,positive,0.4939,positive,False,0.0,,neutral,neutral,0.6947336196899414,0.0767791792750358,0.6947336196899414,0.2284872978925705
923478758715789,made buy power four times without sending units until checked app make matters worse even enter those units because meter aint accepting now wondering meter system zesco limited sure awe lesa amipale power 800 elo ninshi only use 200 per month nomba going since even those tokens ain t entering,False,-0.5837,negative,-0.9837,0.062,0.806,0.132,negative,-0.9837,negative,True,-0.4,awe,negative,negative,0.859319806098938,0.859319806098938,0.1327821463346481,0.0078980699181556
605885541641526,morning like seriously,False,0.2023,positive,0.2023,0.481,0.192,0.327,positive,0.2023,positive,False,0.0,,neutral,neutral,0.4904298186302185,0.3362482488155365,0.4904298186302185,0.1733219623565673
3639412646329935,early just same thing also started behaving like omcs anyway fall under ministry may same anointing,False,0.3612,positive,0.3612,0.143,0.857,0.0,positive,0.3612,positive,False,0.0,,neutral,neutral,0.7625730037689209,0.2165570855140686,0.7625730037689209,0.0208699442446231
1259963127890453,loadshading done twice day koz us experience twice ba zesco kabwe chindwin barracks 18hrs 22 06hrs 12hrs s problem thought only six hours tricking us give us proper schedule,False,-0.3818,negative,-0.3818,0.037,0.872,0.091,negative,-0.3818,negative,False,0.0,,negative,negative,0.6270194053649902,0.6270194053649902,0.3520210683345794,0.0209595039486885
987006009760428,abraham mwale imagine ai ba zesco irritating,False,-0.4588,negative,-0.4588,0.0,0.667,0.333,negative,-0.4588,negative,False,0.0,,neutral,neutral,0.6190329194068909,0.353396862745285,0.6190329194068909,0.0275702197104692
558304969953346,net metering t never better leave everything kaili yandi solar free sunlight,True,0.2598,positive,0.2598,0.299,0.539,0.162,negative,0.2598,negative,False,0.0,,neutral,neutral,0.5923157334327698,0.3437895178794861,0.5923157334327698,0.0638947710394859
895802559169859,ba zesco limited just give us power ivo,False,-0.2263,negative,-0.2263,0.0,0.787,0.213,negative,-0.2263,negative,False,0.0,,neutral,neutral,0.7946395874023438,0.1004050001502037,0.7946395874023438,0.1049553826451301
1120296419426094,moses martins siame dreaming,False,0.0,neutral,0.0,0.0,1.0,0.0,neutral,0.0,neutral,False,0.0,,neutral,neutral,0.849467396736145,0.0699948668479919,0.849467396736145,0.0805376917123794
1212182749711840,muziba like know hakainde hichilema people ain t obeying following time put selvs,False,0.3612,positive,0.3612,0.185,0.815,0.0,positive,0.3612,positive,False,0.0,,negative,negative,0.6942068338394165,0.6942068338394165,0.296417236328125,0.0093758814036846
893013686272681,use check meters updated supply power 3 3 30,False,0.0,neutral,0.0,0.0,1.0,0.0,neutral,0.0,neutral,False,0.0,,neutral,neutral,0.9337610602378844,0.0179951526224613,0.9337610602378844,0.0482436902821064
1332848168092256,salome thandiwe msoni imagine aii elo even putting deadline monga bawamizana power comes ni 01 05hrs past month,False,0.0,neutral,0.0,0.0,1.0,0.0,neutral,0.0,neutral,False,0.0,,neutral,neutral,0.8166566491127014,0.08688635379076,0.8166566491127014,0.0964570119976997
1230387797514829,people telling responsible drying kariba dam,False,0.3182,positive,0.3182,0.315,0.685,0.0,positive,0.3182,positive,False,0.0,,neutral,neutral,0.7100237011909485,0.2593768239021301,0.7100237011909485,0.0305993873625993
552120073626239,true only us nkana kitwe being loadsheded 24 7,False,0.4215,positive,0.4215,0.286,0.714,0.0,positive,0.4215,positive,False,0.0,,neutral,neutral,0.7752700448036194,0.1052922084927558,0.7752700448036194,0.1194377169013023
412250048574132,mwamba konsolo njelesani honest aba bantu,False,0.5106,positive,0.5106,0.398,0.602,0.0,positive,0.5106,positive,False,0.0,,neutral,neutral,0.7813409566879272,0.1468888521194458,0.7813409566879272,0.0717702060937881
860149895255069,still disappointing zesco still failing follow own schedule checking area using 3600 saying area under loadshedding today yet power went off 0600hrs still under power zesco become bad apart unnecessary loadshedding zesco t even follow own schedule,False,-0.875,negative,-0.875,0.0,0.767,0.233,negative,-0.875,negative,False,0.0,,negative,negative,0.9267938733100892,0.9267938733100892,0.067680224776268,0.0055259326472878
1353740031979829,asah those major economic harbors,False,0.0,neutral,0.0,0.0,1.0,0.0,neutral,0.0,neutral,False,0.0,,neutral,neutral,0.7550528645515442,0.1046638637781143,0.7550528645515442,0.1402831971645355
950199157151460,mentioned power came went twice during night within given 3 hours dont even power now stability woke smell burning cable,False,0.0,neutral,0.0,0.0,1.0,0.0,neutral,0.0,neutral,False,0.0,,negative,negative,0.8038620352745056,0.8038620352745056,0.1834578812122345,0.0126801040023565
8343158965790190,belinda thole smoke lot,False,0.0,neutral,0.0,0.0,1.0,0.0,neutral,0.0,neutral,False,0.0,,neutral,neutral,0.7137082815170288,0.2198400646448135,0.7137082815170288,0.0664516240358352
1380815312686577,kukonka che time table apa kwati,False,0.0,neutral,0.0,0.0,1.0,0.0,neutral,0.0,neutral,False,0.0,,neutral,neutral,0.8188591599464417,0.130269780755043,0.8188591599464417,0.0508710145950317
3506538596235608,places rarely experiencing load shedding while t even benefit new 6 hour plan power comes 3 hours goes 12 hours know tricks playing s just matter time until loose jobs because corrupt incompetent,False,-0.25,negative,-0.25,0.165,0.642,0.193,negative,-0.25,negative,False,0.0,,negative,negative,0.8641942143440247,0.8641942143440247,0.1261978447437286,0.0096079604700207
879154983427096,frank banda imwe first time load shedded country remember load shedded under pf than six months load shedding less than week complaining already buy solar genset stop complaining,False,-0.5061,negative,-0.5061,0.0,0.826,0.174,negative,-0.5061,negative,False,0.0,,negative,negative,0.8452624678611755,0.8452624678611755,0.1407758444547653,0.0139616429805755
858547698962419,talking 6weeks ise ni 3yrs,False,0.0,neutral,0.0,0.0,1.0,0.0,neutral,0.0,neutral,False,0.0,,neutral,neutral,0.9072684049606324,0.0273112598806619,0.9072684049606324,0.065420389175415
314467591038766,think people country expect too much company 20million population looks zesco services s possible zesco work speed people s expectations yet proposals dismantling zesco being shot down people same company generates electricity same company transmits electricity same company distributes electricity same company services homes electricity impossible efficient effective scenarios let zesco concentrate generating electricity transmission distribution should handled others case cec shall witness good customer services status dont expect much just patience dont want private sectors participate sector create three state companies participate generation transmission distribution electricity,False,0.865,positive,0.865,0.118,0.868,0.013,positive,0.865,positive,False,0.0,,negative,negative,0.4815071225166321,0.4815071225166321,0.4743196368217468,0.0441732555627822
1595004077634111,kwena 12hours just divided into 2 include atleast day loadshedding day off kwaliba sure everyday amalaiti 05 thing very bad especially schools opened considerate,False,0.1706,positive,0.1706,0.187,0.684,0.13,positive,0.1706,positive,False,0.0,,negative,negative,0.8412208557128906,0.8412208557128906,0.1503553092479705,0.0084237847477197
261357600084923,too much politics belly,False,0.0,neutral,0.0,0.0,1.0,0.0,neutral,0.0,neutral,False,0.0,,negative,negative,0.5438968539237976,0.5438968539237976,0.4060241281986236,0.0500789806246757
618831263798949,nhamo afiya chiwila 3 weeks now s too much mwe,False,0.0,neutral,0.0,0.0,1.0,0.0,neutral,0.0,neutral,False,0.0,,neutral,neutral,0.5828859806060791,0.3577383160591125,0.5828859806060791,0.0593756325542926
544026224972081,lelo nipa wanu tayakile na lelo,False,0.0,neutral,0.0,0.0,1.0,0.0,neutral,0.0,neutral,False,0.0,,neutral,neutral,0.8264842629432678,0.1102539300918579,0.8264842629432678,0.0632617473602294
2028947943966918,9th power goes twice kitwe,False,0.0,neutral,0.0,0.0,1.0,0.0,neutral,0.0,neutral,False,0.0,,neutral,neutral,0.8604270815849304,0.0186620745807886,0.8604270815849304,0.1209108382463455
1214282973156766,zesco just apply cdf,False,0.0,neutral,0.0,0.0,1.0,0.0,neutral,0.0,neutral,False,0.0,,neutral,neutral,0.8239938020706177,0.1015824005007743,0.8239938020706177,0.0744237825274467
914497929570223,whatever ef s still 12 hours call relief,False,0.4767,positive,0.4767,0.341,0.659,0.0,positive,0.4767,positive,False,0.0,,neutral,neutral,0.6677625179290771,0.2173828780651092,0.6677625179290771,0.1148545518517494
580266384281967,reverse money plz,False,0.0772,positive,0.0772,0.394,0.606,0.0,positive,0.0772,positive,False,0.0,,neutral,neutral,0.6712888479232788,0.1800943166017532,0.6712888479232788,0.1486168354749679
1510070676128222,manure also used feedstock power plants manure incinerated heat combustion creates steam turning electricity generating turbines start submerging batteries pittratrems generating power how many manure pits zambia every household got sewer,False,0.2732,positive,0.2732,0.065,0.935,0.0,positive,0.2732,positive,False,0.0,,neutral,neutral,0.6207687854766846,0.3561128675937652,0.6207687854766846,0.0231184307485818
856642012112606,literally difference still load shaded 12 hours 2 six hourly segments day even makes worse,False,-0.4767,negative,-0.4767,0.0,0.807,0.193,negative,-0.4767,negative,False,0.0,,negative,negative,0.8520976901054382,0.8520976901054382,0.136466234922409,0.0114360097795724
1036372294614865,3 hours power only mu country sure ati iyo tuleteka 2026 voter s card isebenze please,False,0.5574,positive,0.5574,0.277,0.723,0.0,positive,0.5574,positive,False,0.0,,neutral,neutral,0.8225987553596497,0.0907256007194519,0.8225987553596497,0.0866755992174148
858763822055995,yvonne yasini chilonge very true,False,0.4754,positive,0.4754,0.436,0.564,0.0,positive,0.4754,positive,False,0.0,,neutral,neutral,0.6174705028533936,0.0186407752335071,0.6174705028533936,0.3638887107372284
732690135708333,schedule followed ndola northrise kansenshi loadshedding always 13 hours 21 hours past 21hrs everyday t reschedule also want time table 05 hrs 13hours please,False,0.3818,positive,0.3818,0.146,0.854,0.0,positive,0.3818,positive,False,0.0,,neutral,neutral,0.609562873840332,0.3576797246932983,0.609562873840332,0.0327574349939823
1126291694701077,karin louise neethling monge yes still 12hours load sheading broken 2 x 6 12 stead just straight 12 hours once power,False,0.128,positive,0.128,0.203,0.661,0.137,positive,0.128,positive,False,0.0,,neutral,neutral,0.866365909576416,0.081414446234703,0.866365909576416,0.0522196553647518
1077714713966584,today 1st october update us new load shading respectively,False,0.34,positive,0.34,0.231,0.769,0.0,positive,0.34,positive,False,0.0,,neutral,neutral,0.9267188310623168,0.007228993345052,0.9267188310623168,0.0660522431135177
841218527168887,christina keila kunda coz mwandi would power whole day since came morning,False,0.0,neutral,0.0,0.0,1.0,0.0,neutral,0.0,neutral,False,0.0,,neutral,neutral,0.8308472037315369,0.0297848545014858,0.8308472037315369,0.1393679976463318
442822361760933,ritah mwaba tembo load shedding spokes person tiye nabo,False,0.0,neutral,0.0,0.0,1.0,0.0,neutral,0.0,neutral,False,0.0,,neutral,neutral,0.7449726462364197,0.2158411294221878,0.7449726462364197,0.0391861908137798
565883462703544,victor n goma junior,False,0.0,neutral,0.0,0.0,1.0,0.0,neutral,0.0,neutral,False,0.0,,neutral,neutral,0.8652509450912476,0.0240049678832292,0.8652509450912476,0.1107441335916519
1644257936040124,john gomani s first purchase month purchase done 1st,False,0.0,neutral,0.0,0.0,1.0,0.0,neutral,0.0,neutral,False,0.0,,neutral,neutral,0.8318734169006348,0.0170319397002458,0.8318734169006348,0.1510946899652481
850255429376696,bias power left 12hrs nyumba yanga came 11hrs hour left,False,-0.1027,negative,-0.1027,0.0,0.865,0.135,negative,-0.1027,negative,False,0.0,,neutral,neutral,0.8478350639343262,0.0999135300517082,0.8478350639343262,0.0522513650357723
1201900610904461,power right now happens don t restore power area before deadline,False,0.296,positive,0.296,0.196,0.804,0.0,positive,0.296,positive,False,0.0,,negative,negative,0.8011272549629211,0.8011272549629211,0.1885361969470977,0.0103365499526262
489266630038074,people asking already answered please follow thread top don t just criticize offer workable solutions too work those implement act propose respond already answered,False,0.296,positive,0.296,0.212,0.693,0.095,positive,0.296,positive,False,0.0,,neutral,neutral,0.7843726277351379,0.0868147835135459,0.7843726277351379,0.1288125813007354
1681413012651571,nothing appreciate dennis zulu people need electricity everyday appreciate mungulu uyo,False,-0.5448,negative,-0.5448,0.0,0.666,0.334,negative,-0.5448,negative,False,0.0,,negative,negative,0.7795324325561523,0.7795324325561523,0.1981823146343231,0.0222852658480405
1293999082039855,rose zulu s don t care type arrangements shows regards customers,False,0.4939,positive,0.4939,0.286,0.714,0.0,positive,0.4939,positive,False,0.0,,negative,negative,0.5610967874526978,0.5610967874526978,0.4135053157806396,0.0253978855907917
897215618497398,group e time sleeping still wakeup dark chalo ichi,False,0.0,neutral,0.0,0.0,1.0,0.0,neutral,0.0,neutral,False,0.0,,neutral,neutral,0.9159610867500304,0.0324733294546604,0.9159610867500304,0.0515655875205993
2942741362688052,isaac seke ba seke,False,0.0,neutral,0.0,0.0,1.0,0.0,neutral,0.0,neutral,False,0.0,,neutral,neutral,0.8895442485809326,0.0430180095136165,0.8895442485809326,0.0674376860260963
2545808025751656,ma bwana nanga pawa stability kuli imwe mean said pa 1st october malaiti lelo ndiye peyayenda elo fast,False,0.0,neutral,0.0,0.0,1.0,0.0,neutral,0.0,neutral,False,0.0,,neutral,neutral,0.7947853207588196,0.1354835480451584,0.7947853207588196,0.0697311162948608
1091675505563821,ba zesco na boma yesu chipate patefye ni try error today say tomorrow thy ll say very inconsistent planning policy direction,False,-0.4019,negative,-0.4019,0.0,0.881,0.119,negative,-0.4019,negative,False,0.0,,negative,negative,0.8129884004592896,0.8129884004592896,0.1753941029310226,0.0116175170987844
311057938684793,jason joshua former callled names,False,0.0,neutral,0.0,0.0,1.0,0.0,neutral,0.0,neutral,False,0.0,,neutral,neutral,0.9329172372817992,0.0410301573574543,0.9329172372817992,0.0260525867342948
714443850629043,hi womba kampeu siingwa apologize inconvenience caused please may confirm power restored appreciate patience regards cj,False,0.6486,positive,0.6486,0.395,0.493,0.112,positive,0.6486,positive,False,0.0,,neutral,neutral,0.8095145225524902,0.0952618718147277,0.8095145225524902,0.0952235832810401
1073826027545472,most realistic way doing things,False,0.0,neutral,0.0,0.0,1.0,0.0,neutral,0.0,neutral,False,0.0,,neutral,neutral,0.6899682879447937,0.1077649518847465,0.6899682879447937,0.2022668272256851
542578991983583,katongo chileshe s things,False,0.0,neutral,0.0,0.0,1.0,0.0,neutral,0.0,neutral,False,0.0,,neutral,neutral,0.8399187326431274,0.0912404581904411,0.8399187326431274,0.0688408091664314
1311564579667002,salome lubasika how using facebook,False,0.0,neutral,0.0,0.0,1.0,0.0,neutral,0.0,neutral,False,0.0,,neutral,neutral,0.9269351959228516,0.0372553393244743,0.9269351959228516,0.0358093716204166
719550152874845,alleen amukusana true boi basiyeni,False,0.4215,positive,0.4215,0.412,0.588,0.0,positive,0.4215,positive,False,0.0,,neutral,neutral,0.6649797558784485,0.0924523994326591,0.6649797558784485,0.2425677478313446
890124622628496,chilenje south kalomo road power since sunday only came today 16 hrs less than 10minutes went zesco saying stops fooling people,False,-0.5106,negative,-0.5106,0.0,0.815,0.185,negative,-0.5106,negative,False,0.0,,negative,negative,0.8467159271240234,0.8467159271240234,0.1414531618356704,0.0118308328092098
1228378974692366,fake bcoz implemented bcoz power went 23 now s almost 6 hrs power,False,-0.4767,negative,-0.4767,0.0,0.763,0.237,negative,-0.4767,negative,False,0.0,,negative,negative,0.5568622350692749,0.5568622350692749,0.4116408228874206,0.0314968936145305
721345389615444,humphrey bwalya bwalya yeah s known story,False,0.296,positive,0.296,0.306,0.694,0.0,positive,0.296,positive,False,0.0,,neutral,neutral,0.8427144289016724,0.0448225289583206,0.8427144289016724,0.1124629527330398
513652114864664,natasha mwaba last 2 hrs daily ise ni 3 days comes s only 30 minutes ndipo bativutisa bana ba nfwiti aba,False,0.0,neutral,0.0,0.0,1.0,0.0,neutral,0.0,neutral,False,0.0,,neutral,neutral,0.8590055108070374,0.0648164674639701,0.8590055108070374,0.076178029179573
437263488525332,won t matter heaven,False,0.7964,positive,0.7964,1.0,0.0,0.0,positive,0.7964,positive,False,0.0,,neutral,neutral,0.6047422885894775,0.2837262749671936,0.6047422885894775,0.1115313991904258
997714644745974,favour katundu see thought airtel problem,False,0.0516,positive,0.0516,0.302,0.417,0.281,positive,0.0516,positive,False,0.0,,neutral,neutral,0.7639362812042236,0.17001873254776,0.7639362812042236,0.0660450235009193
2591175591054010,zesco limited essence mean should trust schedule thing re consistent following own schedule change ll create predictable environment everyone plan accordingly fully understand situation necessitated load management being inefficient making whole situation unbearable everyone countrywide please put act together,False,0.7003,positive,0.7003,0.173,0.785,0.043,positive,0.7003,positive,False,0.0,,negative,negative,0.5442618727684021,0.5442618727684021,0.4251165986061096,0.0306214615702629
956324979489132,hi jacob israel malinuchi apologize inconvenience caused please may confirm power restored appreciate patience regards cj,False,0.6486,positive,0.6486,0.395,0.493,0.112,positive,0.6486,positive,False,0.0,,neutral,neutral,0.8138926029205322,0.084513783454895,0.8138926029205322,0.1015935391187667
282495681581362,tapali nefyo chililabombwe power cut even 8 hours experiencing 10 12 hours loadshedding how expect people work aini imwe,False,-0.2732,negative,-0.2732,0.0,0.89,0.11,negative,-0.2732,negative,False,0.0,,negative,negative,0.682205319404602,0.682205319404602,0.3027707636356354,0.0150239411741495
5952979198073758,power cult around 16hrs yesterday now 08 31 still don t malati worse loading shedding ever history country,False,-0.4767,negative,-0.4767,0.0,0.838,0.162,negative,-0.4767,negative,False,0.0,,negative,negative,0.9011611342430116,0.9011611342430116,0.0922943353652954,0.0065445732325315
423658663610885,ba zesco nothing than keep posting schedule please stop load shedding ok destroyed business hateless people very hateless,False,-0.2263,negative,-0.2263,0.188,0.586,0.226,negative,-0.2263,negative,False,0.0,,negative,negative,0.9468036890029908,0.9468036890029908,0.047649897634983,0.0055463868193328
716269310133566,reported fault monday 16 january 2023 now action taken spent money going levy park kariba house forgetting airtime every 1 hr call monday,False,-0.4019,negative,-0.4019,0.0,0.886,0.114,negative,-0.4019,negative,False,0.0,,negative,negative,0.7732120752334595,0.7732120752334595,0.2150658518075943,0.0117220226675271
1109366427218697,chisala s lasachi even mine doesn t kaya press now,False,0.0,neutral,0.0,0.0,1.0,0.0,neutral,0.0,neutral,False,0.0,,neutral,neutral,0.6508249640464783,0.3227103948593139,0.6508249640464783,0.0264646783471107
460000529681418,how improvement now 24hrs places indicated schedule break authentic issue zesco,False,0.4588,positive,0.4588,0.231,0.769,0.0,positive,0.4588,positive,False,0.0,,neutral,neutral,0.4956774413585663,0.4742104113101959,0.4956774413585663,0.030112175270915
508574368732227,ala thought zesco limited director said power stable wahala now,False,0.0772,positive,0.0772,0.182,0.661,0.157,positive,0.0772,positive,False,0.0,,neutral,neutral,0.8109803795814514,0.1392403841018676,0.8109803795814514,0.0497792288661003
6877744568925424,benson kanyembo m just getting through airtel,False,0.0,neutral,0.0,0.0,1.0,0.0,neutral,0.0,neutral,False,0.0,,neutral,neutral,0.91280859708786,0.0393722839653492,0.91280859708786,0.0478190593421459
1106402974283188,how without power kindly help us,False,-0.5975,negative,-0.5975,0.0,0.45,0.55,negative,-0.5975,negative,False,0.0,,negative,negative,0.6578642129898071,0.6578642129898071,0.3068091869354248,0.0353266224265098
884425186806485,meter off connect battery make update,False,0.0,neutral,0.0,0.0,1.0,0.0,neutral,0.0,neutral,False,0.0,,neutral,neutral,0.5717929601669312,0.3998022973537445,0.5717929601669312,0.0284047629684209
1926100151245016,don t remember last saw malaiti yaba zesco kuno kumyesu kalisanguka fye kashimi nomba tufwafye kofye ati amalaiti yachisa pa 01 59 exactly pa 02 00 hrs yapyamo nayaya ba zesco should upgrade meters themselves pantu ifwe teti tukwanishe mukwai,False,0.0,neutral,0.0,0.0,1.0,0.0,neutral,0.0,neutral,False,0.0,,neutral,neutral,0.7805687785148621,0.17289599776268,0.7805687785148621,0.0465352050960063
737502624769151,problem cant even stick own schedule people rejoicing electricity still go 12 hours day just split into different times still solution cut down 6 hours 4 hours day businesses wont survive,False,0.3182,positive,0.3182,0.17,0.696,0.134,positive,0.3182,positive,False,0.0,,negative,negative,0.8961893320083618,0.8961893320083618,0.0969288200139999,0.0068818139843642
879154983427096,felix kumwamwasa foolish,False,-0.2732,negative,-0.2732,0.0,0.488,0.512,negative,-0.2732,negative,False,0.0,,neutral,neutral,0.5747637152671814,0.3824993968009949,0.5747637152671814,0.0427369102835655
8895988010418731,emma ntongama ahhhhh mommy emma twalema mukwabo ahhh,False,0.0,neutral,0.0,0.0,1.0,0.0,neutral,0.0,neutral,False,0.0,,positive,positive,0.5665439367294312,0.0179015547037124,0.4155545234680176,0.5665439367294312
1539253826550352,brenda kash s true,False,0.4215,positive,0.4215,0.583,0.417,0.0,positive,0.4215,positive,False,0.0,,neutral,neutral,0.8377115726470947,0.0371650718152523,0.8377115726470947,0.1251233667135238
460121943730295,s 3 days now power area,False,0.0,neutral,0.0,0.0,1.0,0.0,neutral,0.0,neutral,False,0.0,,neutral,neutral,0.8375799655914307,0.0649468228220939,0.8375799655914307,0.0974732488393783
1036704091281880,imwe ba zesco limited s ben 4 days don t power ju zingalume stable talked,False,0.0772,positive,0.0772,0.156,0.709,0.135,positive,0.0772,positive,False,0.0,,neutral,neutral,0.8047745823860168,0.1587632298469543,0.8047745823860168,0.0364622436463832
3344874239087782,how sure even dam dry wen pf mentioned other party politicised how different situation now like always say people shouldn t talk things don t know now ur turn waiting see how u solve let s factual people voted ain t fools,False,0.6249,positive,0.6249,0.209,0.719,0.072,positive,0.6249,positive,False,0.0,,negative,negative,0.6748679280281067,0.6748679280281067,0.3124338090419769,0.0126982266083359
1206656877068767,henry mutale chimanga see talking ka meters,False,0.0,neutral,0.0,0.0,1.0,0.0,neutral,0.0,neutral,False,0.0,,neutral,neutral,0.8771432638168335,0.0658090859651565,0.8771432638168335,0.0570475868880748
317607634018456,jimmy mukwanya u dnt v number,False,0.0772,positive,0.0772,0.302,0.698,0.0,positive,0.0772,positive,False,0.0,,neutral,neutral,0.7842258214950562,0.17224982380867,0.7842258214950562,0.0435243286192417
714443850629043,nkisu kampewu bachilamo taken us granted aba bantu,False,0.25,positive,0.25,0.222,0.778,0.0,positive,0.25,positive,False,0.0,,negative,negative,0.4927374124526977,0.4927374124526977,0.4751224815845489,0.0321401990950107
472159101770561,russell hibajene muvwende people just don t get even straight foward things,False,0.2263,positive,0.2263,0.16,0.84,0.0,positive,0.2263,positive,False,0.0,,negative,negative,0.7077054381370544,0.7077054381370544,0.2821986973285675,0.0100959111005067
1359855841497739,zesco really dialling 3600 comes area scheduled load shedding today joke off 19 hours now,False,0.296,positive,0.296,0.136,0.864,0.0,positive,0.296,positive,False,0.0,,negative,negative,0.7219250798225403,0.7219250798225403,0.2633474171161651,0.0147274807095527
1275352909817448,even better paid 8th may now just tell material surprising thing payment making cost reflective like said increasing means paid materials too,False,0.7579,positive,0.7579,0.283,0.717,0.0,positive,0.7579,positive,False,0.0,,neutral,neutral,0.5510953664779663,0.0252247303724288,0.5510953664779663,0.4236798882484436
583999740808276,zesco limited deadline sunday midnight saturday 23 11 24 midnight ok ba media communication awe late whose charge public relations extremely poor poor communication supposed start communicating month ago,False,-0.7569,negative,-1.0,0.061,0.697,0.242,negative,-1.0,negative,True,-0.4,awe,negative,negative,0.8446159362792969,0.8446159362792969,0.1462101340293884,0.0091738989576697
1307930793383241,joseph mwiinga jay m fine brother how,False,0.2023,positive,0.2023,0.265,0.735,0.0,positive,0.2023,positive,False,0.0,,neutral,neutral,0.7802127003669739,0.0191462039947509,0.7802127003669739,0.2006411552429199
505147292410440,kwena mula sebanya ubuteko apa even power used 22 01 walah,False,0.0,neutral,0.0,0.0,1.0,0.0,neutral,0.0,neutral,False,0.0,,neutral,neutral,0.7587661743164062,0.1939288526773452,0.7587661743164062,0.0473049469292163
754014609808724,s still refusing,False,-0.4019,negative,-0.4019,0.0,0.27,0.73,negative,-0.4019,negative,False,0.0,,negative,negative,0.5980761647224426,0.5980761647224426,0.3747322857379913,0.0271915141493082
707873887745003,mwelwa phillip signed same contract aai,False,0.0,neutral,0.0,0.0,1.0,0.0,neutral,0.0,neutral,False,0.0,,neutral,neutral,0.8836399912834167,0.0383359380066394,0.8836399912834167,0.0780241787433624
858200875455085,imagine how dull someone describing everything leaving contact number how useless call customer service,False,-0.6369,negative,-0.6369,0.073,0.618,0.309,negative,-0.6369,negative,False,0.0,,negative,negative,0.9344576001167296,0.9344576001167296,0.0586774945259094,0.0068649370223283
1082442872837798,s only lusaka 8 hours load shedding still working coz solwezi last 4 weeks using 11 12hrs schedule 8hrs schedule only applied first 2 weeks use different timetables zambia acceptable,False,0.3182,positive,0.3182,0.084,0.916,0.0,positive,0.3182,positive,False,0.0,,neutral,neutral,0.6247972846031189,0.3472952246665954,0.6247972846031189,0.027907520532608
1539253826550352,isaac zulu also remember prophecy,False,0.0,neutral,0.0,0.0,1.0,0.0,neutral,0.0,neutral,False,0.0,,neutral,neutral,0.8664408922195435,0.0186515972018241,0.8664408922195435,0.1149074584245681
474565918207339,problem zesco let us look broader perspective way seem just concentrate word generation power let us comb areas operations even caliber engineers departments operations planning maintenance generation distributions etc maybe also highly qualified persons areas most highly qualified engineers left country maybe second grade engineers areas need proper experts areas other countries bury heads sand provision engage experts imagine feed family 4 meals per day 10days rest 20 days 1 meal per day plans,False,-0.0772,negative,-0.0772,0.032,0.932,0.036,negative,-0.0772,negative,False,0.0,,neutral,neutral,0.696409285068512,0.2369749397039413,0.696409285068512,0.0666157305240631
530851722153204,ryan sikananu sikananu infact worse 6hrs power next 6hrs don t let 12 hrs stand than mockery,False,-0.6597,negative,-0.6597,0.0,0.722,0.278,negative,-0.6597,negative,False,0.0,,negative,negative,0.936360478401184,0.936360478401184,0.0573674291372299,0.0062721264548599
1077101027019576,jimmy ashtag still going strong che,False,0.5106,positive,0.5106,0.398,0.602,0.0,positive,0.5106,positive,False,0.0,,neutral,neutral,0.5276907682418823,0.0254053231328725,0.5276907682418823,0.4469039440155029
409833535482657,ali ce re even top fan,False,0.4767,positive,0.4767,0.506,0.494,0.0,positive,0.4767,positive,False,0.0,,neutral,neutral,0.71476811170578,0.1004858389496803,0.71476811170578,0.184746041893959
1308233376575145,fuel electricity headless chicken drama,False,0.0,neutral,0.0,0.0,1.0,0.0,neutral,0.0,neutral,False,0.0,,negative,negative,0.5869400501251221,0.5869400501251221,0.3763504326343536,0.0367094241082668
1747469492315179,s way go excellency quick response means lot s how leader must keep pushing musankwaa,False,0.5423,positive,0.5423,0.226,0.774,0.0,positive,0.5423,positive,False,0.0,,positive,positive,0.88392573595047,0.0148343006148934,0.1012399867177009,0.88392573595047
1167766793866490,ba zesco muleke ukutwangasha mwaumfwa nachi new time table cant follow,False,0.0,neutral,0.0,0.0,1.0,0.0,neutral,0.0,neutral,False,0.0,,neutral,neutral,0.6992206573486328,0.2761445045471191,0.6992206573486328,0.0246349107474088
754014609808724,diana kakula kauseni s now working ma,False,0.0,neutral,0.0,0.0,1.0,0.0,neutral,0.0,neutral,False,0.0,,neutral,neutral,0.9204052090644836,0.0349786952137947,0.9204052090644836,0.0446161478757858
1561655581093868,lelo nipa 1st october,False,0.0,neutral,0.0,0.0,1.0,0.0,neutral,0.0,neutral,False,0.0,,neutral,neutral,0.8318161368370056,0.0430127717554569,0.8318161368370056,0.1251710802316665
962024962124923,jeffrey katawola literally makes zero sense sell people suffer awe mwandi,False,-0.5423,negative,-0.9423,0.0,0.741,0.259,negative,-0.9423,negative,True,-0.4,awe,negative,negative,0.9268621206283568,0.9268621206283568,0.0681609064340591,0.0049770767800509
1879945789176597,t understand anything apa,False,0.0,neutral,0.0,0.0,1.0,0.0,neutral,0.0,neutral,False,0.0,,negative,negative,0.5878684520721436,0.5878684520721436,0.3819665014743805,0.0301650483161211
502609179262350,day ll moment don t capacity,False,0.0,neutral,0.0,0.0,1.0,0.0,neutral,0.0,neutral,False,0.0,,neutral,neutral,0.5782065391540527,0.3687084317207336,0.5782065391540527,0.0530850477516651
1840818453024242,group d worst,False,-0.6249,negative,-0.6249,0.0,0.196,0.804,negative,-0.6249,negative,False,0.0,,negative,negative,0.8402349948883057,0.8402349948883057,0.1383151710033416,0.0214497577399015
1227401631787100,kinyala petros thats impossible boi,False,0.0,neutral,0.0,0.0,1.0,0.0,neutral,0.0,neutral,False,0.0,,negative,negative,0.5848866701126099,0.5848866701126099,0.3569231033325195,0.0581902004778385
539697025131841,today first october post schedule,False,0.0,neutral,0.0,0.0,1.0,0.0,neutral,0.0,neutral,False,0.0,,neutral,neutral,0.9105237722396852,0.0078673604875803,0.9105237722396852,0.0816088020801544
1104749081073997,royd mulenga still hire genset mid morning pump water,False,0.0,neutral,0.0,0.0,1.0,0.0,neutral,0.0,neutral,False,0.0,,neutral,neutral,0.8113879561424255,0.150319829583168,0.8113879561424255,0.0382922329008579
427194769547971,mwansa tamina take easy,False,0.4404,positive,0.4404,0.492,0.508,0.0,positive,0.4404,positive,False,0.0,,neutral,neutral,0.7503823637962341,0.1548556685447693,0.7503823637962341,0.0947619378566742
552697647224346,cynthia muloto s unfair weh,False,-0.4767,negative,-0.4767,0.0,0.492,0.508,negative,-0.4767,negative,False,0.0,,neutral,neutral,0.5586608648300171,0.4069349765777588,0.5586608648300171,0.0344041809439659
855597545667651,garden house power goes 18 n comes following day 06 s fixed school awe ba zesco tilanganilepo,False,0.0,neutral,-0.4,0.0,1.0,0.0,negative,-0.4,negative,True,-0.4,awe,neutral,neutral,0.8801316022872925,0.0600564181804657,0.8801316022872925,0.0598120279610157
1539253826550352,isaac zulu s true those issues must addressed once speak something praise singers condemn want pretend s god,False,0.7003,positive,0.7003,0.412,0.42,0.168,positive,0.7003,positive,False,0.0,,negative,negative,0.6199814081192017,0.6199814081192017,0.3525489568710327,0.027469664812088
637927768087719,zesco management rotten completely giving us break power went 05 hrs came back 14 hrs how many hours 10 hours 17 hours power went coming back 23hours 7 hours totals 17 hours,False,-0.1548,negative,-0.1548,0.077,0.829,0.094,negative,-0.1548,negative,False,0.0,,negative,negative,0.5518285632133484,0.5518285632133484,0.4198607802391052,0.0283106099814176
729177385497794,cutting electricity 12 hours surely witchcraft ninshi put us insoni ba zesco ebuntu mistreating own zambian customers somethings don t even need told,False,0.34,positive,0.34,0.119,0.82,0.061,positive,0.34,positive,False,0.0,,negative,negative,0.7678110003471375,0.7678110003471375,0.2224415093660354,0.0097475228831171
2708694619260732,everywhere power supposed go once unless otherwise understanding instead having power 12hrs way s ll now having power 6hrs calm down bakazi banga,False,0.3182,positive,0.3182,0.099,0.901,0.0,positive,0.3182,positive,False,0.0,,neutral,neutral,0.7392409443855286,0.1865376979112625,0.7392409443855286,0.0742214247584343
517019694618676,s 1 october loadshedding worse,False,-0.4767,negative,-0.4767,0.0,0.392,0.608,negative,-0.4767,negative,False,0.0,,negative,negative,0.8311919569969177,0.8311919569969177,0.1580353379249572,0.010772755369544
837954824387458,chichi babz chilala same,False,0.0,neutral,0.0,0.0,1.0,0.0,neutral,0.0,neutral,False,0.0,,neutral,neutral,0.8821210861206055,0.0363071374595165,0.8821210861206055,0.0815718322992324
405020849302903,power cut came 3hrs only mwimweneshamo ba minister imwe fi kembo restore shaaaaa,False,0.0258,neutral,0.0258,0.144,0.719,0.137,neutral,0.0258,neutral,False,0.0,,neutral,neutral,0.5514947175979614,0.4173389673233032,0.5514947175979614,0.0311663169413805
1096573222127959,mangani ng wane phone got key t find meter should now,False,0.0,neutral,0.0,0.0,1.0,0.0,neutral,0.0,neutral,False,0.0,,neutral,neutral,0.8677243590354919,0.0763508379459381,0.8677243590354919,0.0559248588979244
798953401736314,mellan likowa mbewe kwwf,False,0.0,neutral,0.0,0.0,1.0,0.0,neutral,0.0,neutral,False,0.0,,neutral,neutral,0.8214232325553894,0.1248491406440734,0.8214232325553894,0.0537276789546012
725527018935582,kwatu malaiti went two days ago how things survive mu fridge,False,0.0,neutral,0.0,0.0,1.0,0.0,neutral,0.0,neutral,False,0.0,,neutral,neutral,0.8362434506416321,0.087062731385231,0.8362434506416321,0.0766938179731369
688737036293807,good solution starters keep coming,False,0.6369,positive,0.6369,0.634,0.366,0.0,positive,0.6369,positive,False,0.0,,positive,positive,0.9214500188827516,0.0114879012107849,0.067062109708786,0.9214500188827516
260428126832806,rika naliz kasmo nduluz,False,0.0,neutral,0.0,0.0,1.0,0.0,neutral,0.0,neutral,False,0.0,,neutral,neutral,0.8357691168785095,0.0510483384132385,0.8357691168785095,0.1131825149059295
1681413012651571,dennis zulu s ppl like u crisis u take down anything u would stress deal ppl like u,False,-0.4404,negative,-0.4404,0.239,0.431,0.33,negative,-0.4404,negative,False,0.0,,negative,negative,0.8177810907363892,0.8177810907363892,0.1698535531759262,0.0123653886839747
940333384787564,trend saying 3 hours per day,False,0.0,neutral,0.0,0.0,1.0,0.0,neutral,0.0,neutral,False,0.0,,neutral,neutral,0.9491997957229614,0.0203796196728944,0.9491997957229614,0.0304205939173698
663513762353764,saying 6 weeks mmmmma 2020 paid group same currency amount surprise group three paid scheme connected just 50 mts away transformer farm start wondering zesco doing very disappointed zesco chongwe too selective pains most even passing through farm going connect other farm raises alot dust such arrangements,False,-0.624,negative,-0.624,0.041,0.838,0.121,negative,-0.624,negative,False,0.0,,negative,negative,0.7923954725265503,0.7923954725265503,0.1982137560844421,0.0093908598646521
489266630038074,rodney mwiinga meantime government needs identify priority areas economic activities instance lusaka business district go town make money power should going during productivity hours town crippling already crippled economy order reduce hours load shedding load shedding itself must accross board places power go even same line hospitals fair purported maintainance mamba collieries much overdue supposed happen now challenges kariba would waited bit just don t famous bally s 12 desciples having daily,False,0.3818,positive,0.3818,0.05,0.95,0.0,positive,0.3818,positive,False,0.0,,neutral,neutral,0.5130643844604492,0.4352842271327972,0.5130643844604492,0.051651369780302
3405577213095566,mambwe paul chibichabo serious,False,-0.0772,negative,-0.0772,0.0,0.698,0.302,negative,-0.0772,negative,False,0.0,,neutral,neutral,0.8090676069259644,0.0757935121655464,0.8090676069259644,0.1151389256119728
1329032821280592,stella nyirenda too much balemona kwati naba chenjela,False,0.0,neutral,0.0,0.0,1.0,0.0,neutral,0.0,neutral,False,0.0,,neutral,neutral,0.7655448913574219,0.1542785763740539,0.7655448913574219,0.0801765546202659
985522129245800,zesco limited also give us back charges ba airtel zambia bacilalya time trying buy,False,-0.4588,negative,-0.4588,0.0,0.75,0.25,negative,-0.4588,negative,False,0.0,,negative,negative,0.5526701211929321,0.5526701211929321,0.4286870062351227,0.0186428520828485
816832912953800,baked four cakes faith yesterday mwila grace kambita call haloshi could come bake place tried buy units avail elo ninshi ka nti nti started wednesday ba zesco muleba serious manged buy now isn t loading,False,0.6486,positive,0.6486,0.148,0.818,0.034,positive,0.6486,positive,False,0.0,,neutral,neutral,0.8419303297996521,0.0986778289079666,0.8419303297996521,0.0593918524682521
689707672762391,should rotating mweh coz tired darkness,False,-0.5994,negative,-0.5994,0.0,0.449,0.551,negative,-0.5994,negative,False,0.0,,neutral,neutral,0.6638146638870239,0.2614473104476928,0.6638146638870239,0.0747381076216697
1681413012651571,dennis zulu stop commenting rubbish,False,-0.296,negative,-0.296,0.0,0.645,0.355,negative,-0.296,negative,False,0.0,,negative,negative,0.8632127046585083,0.8632127046585083,0.127255767583847,0.0095315305516123
1526632871149066,problem area now loadsheding problem o faulty kwacha corner bar kazembe road kitwe don t power today makes 2 days day night without power alone entire neighborhood affected 04285215861 kindly assist,False,-0.5204,negative,-0.5204,0.136,0.607,0.257,negative,-0.5204,negative,False,0.0,,negative,negative,0.8470274806022644,0.8470274806022644,0.1442418247461319,0.0087306862697005
1674547056660858,libala south hasn t power since sunday imwe ba mbuli,False,0.0,neutral,0.0,0.0,1.0,0.0,neutral,0.0,neutral,False,0.0,,negative,negative,0.6773637533187866,0.6773637533187866,0.309391051530838,0.0132452193647623
863257598281875,first time ever ba zesco exactly 11 00hrs power restored,False,0.34,positive,0.34,0.211,0.789,0.0,positive,0.34,positive,False,0.0,,positive,positive,0.5320245623588562,0.005051365122199,0.4629240334033966,0.5320245623588562
986267512335131,chichi love could true lets see kuno ku booth power went 6 came back 12,False,0.7906,positive,0.7906,0.368,0.632,0.0,positive,0.7906,positive,False,0.0,,neutral,neutral,0.5556620955467224,0.0068893083371222,0.5556620955467224,0.4374486804008484
1663711887818549,vaupuba che 400mw re importing much talked mamba 3000mw useless minister just saying things opposite happening,False,-0.4215,negative,-0.4215,0.0,0.843,0.157,negative,-0.4215,negative,False,0.0,,negative,negative,0.7761272192001343,0.7761272192001343,0.2091812193393707,0.0146916350349783
169622309440601,first account debited units 4 hrs recieve units try enter units get error dddddddd finshi ifi poseni ko amano bane,False,-0.4019,negative,-0.4019,0.0,0.87,0.13,negative,-0.4019,negative,False,0.0,,negative,negative,0.6466425061225891,0.6466425061225891,0.3403218984603882,0.0130355982109904
3558389497766642,affected because get water hand pump use solar power need biogas bio energy solar,False,0.5719,positive,0.5719,0.296,0.615,0.089,positive,0.5719,positive,False,0.0,,neutral,neutral,0.5677796602249146,0.4048059582710266,0.5677796602249146,0.0274144038558006
1278345019712675,previous government took 3 4 years come connection place developed place like avondale complaining 6 weeks,False,0.1779,positive,0.1779,0.163,0.719,0.118,positive,0.1779,positive,False,0.0,,neutral,neutral,0.8030292987823486,0.132306158542633,0.8030292987823486,0.0646645873785018
773368317819924,zesco token 17737940798854127783 units kwh 819 6 meter 30733602666 amount k trxid mp230701 1301 m14142 working now,False,0.0,neutral,0.0,0.0,1.0,0.0,neutral,0.0,neutral,False,0.0,,neutral,neutral,0.8557626008987427,0.0204215049743652,0.8557626008987427,0.1238158568739891
1135886531575155,ifwe each time power restored prepaid shows power power output calling zesco 1 week now help whatsoever,False,0.6249,positive,0.6249,0.267,0.733,0.0,positive,0.6249,positive,False,0.0,,negative,negative,0.5837995409965515,0.5837995409965515,0.3772112429141998,0.0389892049133777
867405641174083,lily mununga ni same fye mwe kaili saw ma wow wow most pages nati maybe fyampita,False,0.8225,positive,0.8225,0.352,0.648,0.0,positive,0.8225,positive,False,0.0,,neutral,neutral,0.5604870319366455,0.0325304865837097,0.5604870319366455,0.4069825112819671
475797351387622,susan j stephens next ni 3 times,False,0.0,neutral,0.0,0.0,1.0,0.0,neutral,0.0,neutral,False,0.0,,neutral,neutral,0.8959656357765198,0.0167991034686565,0.8959656357765198,0.0872352793812751
514317037868664,today october 1st zesco limited s story s over 24hrs zanimuone filter lane without power atishani,False,-0.2263,negative,-0.2263,0.0,0.872,0.128,negative,-0.2263,negative,False,0.0,,negative,negative,0.5082476139068604,0.5082476139068604,0.4734848141670227,0.0182674694806337
1220521216023322,hi kalwila nyambing ching embuwe regret inconvenience please register complaint outage beyond load shedding schedule especially still off supply dialing 3600 call 322 speak agent use whatsapp number 260762626977 following prompts register fault follow ups cj,False,-0.765,negative,-0.765,0.082,0.685,0.233,negative,-0.765,negative,False,0.0,,negative,negative,0.5839571356773376,0.5839571356773376,0.4024255573749542,0.0136172845959663
489266630038074,terry kumwenda never offers solutions balya bantu,False,-0.1326,negative,-0.1326,0.0,0.798,0.202,negative,-0.1326,negative,False,0.0,,negative,negative,0.8415815234184265,0.8415815234184265,0.1495600640773773,0.0088583342730999
1085032883086669,chomba lesa malembeka exactly ooh,False,0.0,neutral,0.0,0.0,1.0,0.0,neutral,0.0,neutral,False,0.0,,neutral,neutral,0.7490097284317017,0.1810888350009918,0.7490097284317017,0.0699014589190483
858763822055995,zesco limited done thanks,False,0.25,positive,0.25,0.426,0.294,0.279,positive,0.25,positive,False,0.0,,neutral,neutral,0.5806146860122681,0.0227135363966226,0.5806146860122681,0.3966718316078186
1197230877868149,well done indeed capable hands thanks mr president visit maamba sisvonga meaningful,False,0.836,positive,0.836,0.553,0.447,0.0,positive,0.836,positive,False,0.0,,positive,positive,0.9590703845024108,0.0071907467208802,0.0337388291954994,0.9590703845024108
1057941779045556,just pay us cash need power credits anymore,False,0.2732,positive,0.2732,0.253,0.606,0.141,positive,0.2732,positive,False,0.0,,neutral,neutral,0.525851845741272,0.4267291724681854,0.525851845741272,0.0474189519882202
871308617518422,meaning going twice day,False,0.0,neutral,0.0,0.0,1.0,0.0,neutral,0.0,neutral,False,0.0,,neutral,neutral,0.8584636449813843,0.0261002779006958,0.8584636449813843,0.1154360324144363
1539253826550352,isaac zulu saul,False,0.0,neutral,0.0,0.0,1.0,0.0,neutral,0.0,neutral,False,0.0,,neutral,neutral,0.8762903213500977,0.0306968260556459,0.8762903213500977,0.0930128321051597
6482777268508624,workers still same ones,False,0.0,neutral,0.0,0.0,1.0,0.0,neutral,0.0,neutral,False,0.0,,neutral,neutral,0.7064396739006042,0.2379384189844131,0.7064396739006042,0.0556219555437564
489266630038074,ackim katebe s solution,False,0.3182,positive,0.3182,0.535,0.465,0.0,positive,0.3182,positive,False,0.0,,neutral,neutral,0.7345498204231262,0.1636503189802169,0.7345498204231262,0.1017998233437538
448299428257849,chisebuka oliver only power 30 minutes,False,0.0,neutral,0.0,0.0,1.0,0.0,neutral,0.0,neutral,False,0.0,,neutral,neutral,0.8979966640472412,0.0407274886965751,0.8979966640472412,0.0612757615745067
664331705475734,paul tembo eeeh kanshi,False,0.0,neutral,0.0,0.0,1.0,0.0,neutral,0.0,neutral,False,0.0,,neutral,neutral,0.88477623462677,0.0269018989056348,0.88477623462677,0.0883219093084335
1132178137441275,ras zulusras zulus please get fake history even bible encourage us forget former things ati old gone new come,False,0.1531,positive,0.1531,0.219,0.586,0.195,positive,0.1531,positive,False,0.0,,negative,negative,0.7515930533409119,0.7515930533409119,0.2312453836202621,0.0171615220606327
957257449022006,uncle ticky right,False,0.0,neutral,0.0,0.0,1.0,0.0,neutral,0.0,neutral,False,0.0,,neutral,neutral,0.8253549933433533,0.0473433285951614,0.8253549933433533,0.1273016631603241
955135689986216,please give us feedback today october 1st tells maamba station fully active how many hours loadsheeding reduced zesco limited,False,0.5256,positive,0.5256,0.228,0.69,0.082,positive,0.5256,positive,False,0.0,,neutral,neutral,0.8841485977172852,0.0284650828689336,0.8841485977172852,0.0873864218592643
701421754867686,elo nomba fyapena shall keep missing electricity home god help us wait until come frenzy,False,0.0772,positive,0.0772,0.236,0.542,0.222,positive,0.0772,positive,False,0.0,,negative,negative,0.7347738146781921,0.7347738146781921,0.2413090169429779,0.0239171013236045
714690887405115,dont u ask garry nkombo solution imwe,False,0.3182,positive,0.3182,0.315,0.685,0.0,positive,0.3182,positive,False,0.0,,neutral,neutral,0.6859924793243408,0.296063095331192,0.6859924793243408,0.0179443843662738
745179790271095,very unprofessional time kwati tabasambilila,False,-0.5563,negative,-0.5563,0.0,0.527,0.473,negative,-0.5563,negative,False,0.0,,negative,negative,0.8829529285430908,0.8829529285430908,0.107571505010128,0.0094756111502647
1096573222127959,mangani ng wane phone,False,0.0,neutral,0.0,0.0,1.0,0.0,neutral,0.0,neutral,False,0.0,,neutral,neutral,0.8107784986495972,0.0977442860603332,0.8107784986495972,0.0914771482348442
1669206313485845,zesco limited least power should going morning night m buy electricity bulbs che,False,-0.2263,negative,-0.2263,0.0,0.853,0.147,negative,-0.2263,negative,False,0.0,,negative,negative,0.4973855912685394,0.4973855912685394,0.4752563238143921,0.0273580476641654
418604890897874,jay praise nkhata mwenzo chetekela nochetekela apa bachinja na goalpost,False,0.5574,positive,0.5574,0.286,0.714,0.0,positive,0.5574,positive,False,0.0,,neutral,neutral,0.8150138854980469,0.0656747967004776,0.8150138854980469,0.1193113327026367
1118211136318311,mukuka tinah mutale alot pipo haven t updated auto update clients fault,False,-0.4019,negative,-0.4019,0.0,0.787,0.213,negative,-0.4019,negative,False,0.0,,negative,negative,0.7332759499549866,0.7332759499549866,0.2564807534217834,0.0102432547137141
472159101770561,russell hibajene muvwende atleast s relief because sometimes 24 hours only power 9hours calculate wasn t good even following schedule,False,0.7184,positive,0.7184,0.273,0.727,0.0,positive,0.7184,positive,False,0.0,,negative,negative,0.7049525380134583,0.7049525380134583,0.2789346575736999,0.0161128193140029
949338863486489,need raise man zesco limited,False,-0.2263,negative,-0.2263,0.0,0.678,0.322,negative,-0.2263,negative,False,0.0,,neutral,neutral,0.6773006319999695,0.2114931643009185,0.6773006319999695,0.1112061887979507
1361288177782693,even sticking time table,False,0.0,neutral,0.0,0.0,1.0,0.0,neutral,0.0,neutral,False,0.0,,neutral,neutral,0.7912958264350891,0.113405056297779,0.7912958264350891,0.0952991023659706
950177713652456,mean page computerized don t think human being set 24 11 2024 deadline looking going through,False,0.0,neutral,0.0,0.0,1.0,0.0,neutral,0.0,neutral,False,0.0,,negative,negative,0.5090673565864563,0.5090673565864563,0.4725058376789093,0.0184268355369567
2469974976477174,difference same,False,0.0,neutral,0.0,0.0,1.0,0.0,neutral,0.0,neutral,False,0.0,,neutral,neutral,0.8090372085571289,0.1290877312421798,0.8090372085571289,0.061875082552433
1516799665459834,çēphãs kãümbã çhïhäñdë bad anyway,False,-0.5423,negative,-0.5423,0.0,0.533,0.467,negative,-0.5423,negative,False,0.0,,negative,negative,0.6423723101615906,0.6423723101615906,0.3308671116828918,0.0267605483531951
566289968419797,ba zesco give us real schedule because giving us exactly time re showing us deal entire people duty because re doing duties properly instead give us different times find yourself exactly really going thank trying behalf neighbors entire surroundings areas check people duty giving people exact time opposite take notes,False,0.7635,positive,0.7635,0.139,0.861,0.0,positive,0.7635,positive,False,0.0,,neutral,neutral,0.7823733687400818,0.1264214664697647,0.7823733687400818,0.0912052169442176
1252220168979432,misheck cheleka change,False,0.0,neutral,0.0,0.0,1.0,0.0,neutral,0.0,neutral,False,0.0,,neutral,neutral,0.6466042399406433,0.3140373528003692,0.6466042399406433,0.0393584631383419
293147676407354,ifwe twachishala na 00 00 managed buy,False,0.0,neutral,0.0,0.0,1.0,0.0,neutral,0.0,neutral,False,0.0,,neutral,neutral,0.8700078725814819,0.0428519435226917,0.8700078725814819,0.0871402248740196
1121022023058539,chileshe tobias bepushe boi zoona,False,0.0,neutral,0.0,0.0,1.0,0.0,neutral,0.0,neutral,False,0.0,,neutral,neutral,0.7390834093093872,0.0383435599505901,0.7390834093093872,0.2225729823112487
556304406417908,tired nonsense ba zesco mweh fridge just gone damaged today because failure nonsense apologizing kamanga area cut off power twice day same people working against presidential direction wake right imwe,False,-0.9423,negative,-0.9423,0.0,0.562,0.438,negative,-0.9423,negative,False,0.0,,negative,negative,0.9282391667366028,0.9282391667366028,0.0658852532505989,0.0058755460195243
472159101770561,since iam four eyes person t see anything changing alternating still 12hrs,False,0.0,neutral,0.0,0.0,1.0,0.0,neutral,0.0,neutral,False,0.0,,neutral,neutral,0.7874317169189453,0.1405268907546997,0.7874317169189453,0.0720414295792579
8343158965790190,ati ensure uninterrupted power supply,False,0.3818,positive,0.3818,0.394,0.606,0.0,positive,0.3818,positive,False,0.0,,neutral,neutral,0.6877472400665283,0.0593727007508277,0.6877472400665283,0.2528800666332245
690303226021072,sarjestion zesco conects kafuwe lake kariba other rivers,False,0.0,neutral,0.0,0.0,1.0,0.0,neutral,0.0,neutral,False,0.0,,neutral,neutral,0.9231176376342772,0.0372281856834888,0.9231176376342772,0.0396542064845562
489266630038074,ackim katebe 6 hours give serious reasonable person two things than staying whole day without power completely 12 hours,False,-0.0772,negative,-0.0772,0.0,0.929,0.071,negative,-0.0772,negative,False,0.0,,negative,negative,0.4820890128612518,0.4820890128612518,0.4808206856250763,0.0370903573930263
1579421839458706,greetings chileshe m m njovu thank contacting zesco area fault reported es,False,0.3818,positive,0.3818,0.353,0.467,0.18,positive,0.3818,positive,False,0.0,,neutral,neutral,0.6894619464874268,0.0402713194489479,0.6894619464874268,0.2702667713165283
877511147806307,imwe ba zesco mwlilenga batutafya mu nga nda umulandu wamalaite causes tapali abengesa ku saluni ku ma 22 05 hours,False,0.0,neutral,0.0,0.0,1.0,0.0,neutral,0.0,neutral,False,0.0,,neutral,neutral,0.8162657618522644,0.1382467746734619,0.8162657618522644,0.0454874485731124
451590690574355,tilolele mwanza honestly frustrating inconveniencing having wait till actual day know schedule like,False,0.3818,positive,0.3818,0.299,0.543,0.158,positive,0.3818,positive,False,0.0,,negative,negative,0.8503517508506775,0.8503517508506775,0.1394415646791458,0.0102066341787576
1157680775112726,electricity went 11 59 means 17 59 must back still now still waiting stick time,False,0.0,neutral,0.0,0.0,1.0,0.0,neutral,0.0,neutral,False,0.0,,neutral,neutral,0.8251897096633911,0.1048481836915016,0.8251897096633911,0.0699620768427848
890179399251123,gabriel chishimba doing well poor plan,False,-0.25,negative,-0.25,0.228,0.435,0.337,negative,-0.25,negative,False,0.0,,negative,negative,0.5275397896766663,0.5275397896766663,0.4286326766014099,0.0438275262713432
1122021676311355,zesco don t give full information metre number starts 070 code 0057 symbol metre number starts 450 code 005 stress us enough without adding mix better off just telling us buy additional k10 units checking update stressing,False,-0.7274,negative,-0.7274,0.063,0.75,0.187,negative,-0.7274,negative,False,0.0,,negative,negative,0.8222396373748779,0.8222396373748779,0.1708604395389557,0.0068999645300209
805818411407145,jenny kays awe s frustrating getting home thinking power nothing last week load shedding wrong hours,True,-0.7184,negative,-1.0,0.0,0.684,0.316,negative,-1.0,negative,True,-0.4,awe,negative,negative,0.9089572429656982,0.9089572429656982,0.084670640528202,0.0063720624893903
530851722153204,martha george people window pressing issues need power intervening time,False,0.0,neutral,0.0,0.0,1.0,0.0,neutral,0.0,neutral,False,0.0,,neutral,neutral,0.8591110110282898,0.0736535117030143,0.8591110110282898,0.0672355443239212
798953401736314,grem cephas mbewe jr,False,0.0,neutral,0.0,0.0,1.0,0.0,neutral,0.0,neutral,False,0.0,,neutral,neutral,0.8637571334838867,0.0557724833488464,0.8637571334838867,0.0804704129695892
3776966142524873,lelo ni pa 1 manje bakamba chani futi,False,0.0,neutral,0.0,0.0,1.0,0.0,neutral,0.0,neutral,False,0.0,,neutral,neutral,0.8014078140258789,0.1444866806268692,0.8014078140258789,0.0541055798530578
667111548500682,thinks ifwee tatwakwata mano batinii aiii 6hrs power 6hrs bashimya yabwela bashimya tebupubo obo nomba,False,0.0,neutral,0.0,0.0,1.0,0.0,neutral,0.0,neutral,False,0.0,,neutral,neutral,0.8573422431945801,0.0503588356077671,0.8573422431945801,0.0922988504171371
618831263798949,nhamo afiya chiwila good question schedule affecting businesses,False,0.4404,positive,0.4404,0.293,0.707,0.0,positive,0.4404,positive,False,0.0,,neutral,neutral,0.7574307322502136,0.0909609198570251,0.7574307322502136,0.1516083627939224
1354102469308281,imagine waking iron time elo re supposed productive work following day,False,0.0,neutral,0.0,0.0,1.0,0.0,neutral,0.0,neutral,False,0.0,,neutral,neutral,0.7931416034698486,0.1174321621656417,0.7931416034698486,0.0894262418150901
628477762380851,just lie naimwe us power 05 00 upto now,False,0.0,neutral,0.0,0.0,1.0,0.0,neutral,0.0,neutral,False,0.0,,neutral,neutral,0.600755512714386,0.3679234385490417,0.600755512714386,0.0313210561871528
726411752036852,savenda electric bulbs last 8 hours let s go buy should staying dark during night,False,0.0,neutral,0.0,0.0,1.0,0.0,neutral,0.0,neutral,False,0.0,,neutral,neutral,0.6106335520744324,0.2916669547557831,0.6106335520744324,0.0976995304226875
297723079506654,get u making noise nivanu ivo,False,0.0,neutral,0.0,0.0,1.0,0.0,neutral,0.0,neutral,False,0.0,,neutral,neutral,0.7796304821968079,0.1368642300367355,0.7796304821968079,0.0835053324699401
1045319783999017,want announcement ati power stopped going,False,-0.1531,negative,-0.1531,0.181,0.556,0.264,negative,-0.1531,negative,False,0.0,,negative,negative,0.5569127202033997,0.5569127202033997,0.4215945601463318,0.0214927196502685
691617299082811,ba zesco start kabulonga got power 01hrs upto signal,False,0.0,neutral,0.0,0.0,1.0,0.0,neutral,0.0,neutral,False,0.0,,neutral,neutral,0.8275420069694519,0.0137228360399603,0.8275420069694519,0.1587351411581039
689335182889377,t 24 00 06 00 hrs people s businesses keep rolling,False,0.0,neutral,0.0,0.0,1.0,0.0,neutral,0.0,neutral,False,0.0,,neutral,neutral,0.8180561065673828,0.0320093259215354,0.8180561065673828,0.1499345898628235
1171984817015612,ise kuno ku kamwala south s 05 11 nafuti 17 23 awe bane stopping heart mutima ozilesa very important,False,0.1263,positive,-0.2737,0.106,0.812,0.081,negative,-0.2737,negative,True,-0.4,awe,neutral,neutral,0.8170189261436462,0.0392983444035053,0.8170189261436462,0.1436827927827835
317082224093086,sit down drink water friend just 6 weeks complaining paid 2017 only connected 2019 during pf,False,0.34,positive,0.34,0.178,0.722,0.1,positive,0.34,positive,False,0.0,,neutral,neutral,0.6771504878997803,0.2411297857761383,0.6771504878997803,0.081719733774662
846945916381966,company also change ma years nama years change same story very embarrassing,False,-0.4391,negative,-0.4391,0.0,0.792,0.208,negative,-0.4391,negative,False,0.0,,negative,negative,0.8748297691345215,0.8748297691345215,0.117620825767517,0.0075493897311389
1371532063594197,aaron abdul ala mwandi,False,0.0,neutral,0.0,0.0,1.0,0.0,neutral,0.0,neutral,False,0.0,,neutral,neutral,0.8620683550834656,0.0447316505014896,0.8620683550834656,0.0932000130414962
1508207213391561,lelo nipa ba zesco kwateni order ka update,False,0.0,neutral,0.0,0.0,1.0,0.0,neutral,0.0,neutral,False,0.0,,neutral,neutral,0.8643021583557129,0.0647200271487236,0.8643021583557129,0.0709777399897575
513652114864664,natasha mwaba well,False,0.2732,positive,0.2732,0.512,0.488,0.0,positive,0.2732,positive,False,0.0,,neutral,neutral,0.7819936275482178,0.0563701316714286,0.7819936275482178,0.1616363078355789
1077796063324363,sequence rotation made known us planning purposes also kindly consider sunday rest day power recover previous week prepare next week important people ad transitions into next schedule quite unfair transition effective less stressful power whole day sunday move into next schedule monday saturday,False,0.2415,positive,0.2415,0.159,0.72,0.121,positive,0.2415,positive,False,0.0,,neutral,neutral,0.7944748401641846,0.1538210362195968,0.7944748401641846,0.0517040565609931
862471064955757,only could stick timetable help alot,False,0.4019,positive,0.4019,0.351,0.649,0.0,positive,0.4019,positive,False,0.0,,positive,positive,0.6832679510116577,0.024448312819004,0.2922836542129516,0.6832679510116577
934647091876657,ba zesco limited like playing lot isn t enough suffering already only having power 30 mins 01am announce 24 hours before deadline part power rationing plan blame us ati didn t update meter s don t power,False,-0.4767,negative,-0.4767,0.108,0.705,0.186,negative,-0.4767,negative,False,0.0,,negative,negative,0.9089869856834412,0.9089869856834412,0.0856953486800193,0.0053176581859588
1535642810471865,think ba zesco limited need deliverance doesn t hashtag how update especially notice due tomorrow officers closed,False,-0.2263,negative,-0.2263,0.0,0.888,0.112,negative,-0.2263,negative,False,0.0,,negative,negative,0.5819792151451111,0.5819792151451111,0.4034115672111511,0.0146091999486088
857332325321181,elizabeth b mukuka just trying keeps taking back main menu meaning kulibe kaya now mwe,False,0.0,neutral,0.0,0.0,1.0,0.0,neutral,0.0,neutral,False,0.0,,neutral,neutral,0.8157616257667542,0.1534758508205413,0.8157616257667542,0.0307624824345111
6800755473319792,eviness mayuya thats sad,False,-0.4767,negative,-0.4767,0.0,0.492,0.508,negative,-0.4767,negative,False,0.0,,negative,negative,0.8963232636451721,0.8963232636451721,0.0945262312889099,0.0091505823656916
812172198006811,us giving 3hrs imagine,False,0.34,positive,0.34,0.444,0.556,0.0,positive,0.34,positive,False,0.0,,neutral,neutral,0.8539574146270752,0.0383126139640808,0.8539574146270752,0.1077300310134887
1261072094609802,zesco needs proper restructuring,False,0.0,neutral,0.0,0.0,1.0,0.0,neutral,0.0,neutral,False,0.0,,negative,negative,0.6491038203239441,0.6491038203239441,0.3219636678695678,0.028932549059391
648482160674176,never help bought midmorning deducted money didn t receive unit s money people ai,False,-0.3089,negative,-0.3089,0.0,0.83,0.17,negative,-0.3089,negative,False,0.0,,negative,negative,0.9113726019859314,0.9113726019859314,0.0825558677315712,0.006071594543755
1354102469308281,prester nkonde question well time only switch geyser,False,0.2732,positive,0.2732,0.231,0.769,0.0,positive,0.2732,positive,False,0.0,,neutral,neutral,0.8648076057434082,0.070199117064476,0.8648076057434082,0.0649932920932769
1495100374531875,zesco should now only employee witch off power since s much work,False,-0.3612,negative,-0.3612,0.0,0.8,0.2,negative,-0.3612,negative,False,0.0,,neutral,neutral,0.5749764442443848,0.3797016441822052,0.5749764442443848,0.0453218854963779
450975834030417,kanshi don t even give money awe mwe,False,0.0,neutral,-0.4,0.0,1.0,0.0,negative,-0.4,negative,True,-0.4,awe,negative,negative,0.6329225897789001,0.6329225897789001,0.3470445573329925,0.0200328100472688
539670581926451,go ku farm kansi tumalaiti tunkhalako kuma farmers,False,0.0,neutral,0.0,0.0,1.0,0.0,neutral,0.0,neutral,False,0.0,,neutral,neutral,0.7492966055870056,0.2043891102075576,0.7492966055870056,0.0463141836225986
1180490613114188,florence chikanji aunty flo too tired lol,False,-0.0258,neutral,-0.0258,0.262,0.467,0.271,neutral,-0.0258,neutral,False,0.0,,neutral,neutral,0.7204328179359436,0.21847003698349,0.7204328179359436,0.0610971339046955
1955060858245945,bwalya chungu true very true selling electricity other countries whilst barely electricity,False,0.6808,positive,0.6808,0.359,0.641,0.0,positive,0.6808,positive,False,0.0,,neutral,neutral,0.6941999197006226,0.1438790410757064,0.6941999197006226,0.1619209945201873
258561533537345,technical problems pa serious just want give us little units,False,-0.4019,negative,-0.4019,0.106,0.569,0.325,negative,-0.4019,negative,False,0.0,,negative,negative,0.8304120302200317,0.8304120302200317,0.1560550481081009,0.0135329104959964
6346384415478034,gideon k katemba would darkness,False,-0.25,negative,-0.25,0.0,0.6,0.4,negative,-0.25,negative,False,0.0,,neutral,neutral,0.8158184885978699,0.1250733435153961,0.8158184885978699,0.059108130633831
2797518267080973,let new schedule released people plan u implement yet schedule ready vama dongo dongo che,False,0.3612,positive,0.3612,0.161,0.839,0.0,positive,0.3612,positive,False,0.0,,neutral,neutral,0.8475826978683472,0.0389016680419445,0.8475826978683472,0.1135155856609344
1469870400514177,took only two days connected paid friday monday connected,False,0.0,neutral,0.0,0.0,1.0,0.0,neutral,0.0,neutral,False,0.0,,neutral,neutral,0.8635087013244629,0.0215557739138603,0.8635087013244629,0.1149354800581932
1103365944000251,zesco limited please advise how comply update meter power expected wait until midnight meters mean receiving messages asking update information done continue receive message how comply trying contact someone zesco assistance none numbers given work,False,0.1027,positive,0.1027,0.062,0.887,0.051,positive,0.1027,positive,False,0.0,,negative,negative,0.6762155890464783,0.6762155890464783,0.3083950877189636,0.0153892915695905
1199230334693940,same old story just different day thought reducing number load shedding hours,False,0.0772,positive,0.0772,0.106,0.894,0.0,positive,0.0772,positive,False,0.0,,negative,negative,0.695490837097168,0.695490837097168,0.2918590903282165,0.0126500325277447
754014609808724,emma lubansa ve also tried mtn s still going through,False,0.0,neutral,0.0,0.0,1.0,0.0,neutral,0.0,neutral,False,0.0,,neutral,neutral,0.8846045136451721,0.0705264657735824,0.8846045136451721,0.0448690503835678
1357394061953182,now,False,0.0,neutral,0.0,0.0,1.0,0.0,neutral,0.0,neutral,False,0.0,,neutral,neutral,0.5660134553909302,0.0869554802775383,0.5660134553909302,0.3470311164855957
518678517458127,ba zesco limited serious let down mwandi haaaaaaa hope want give us ai 3 hrs residential supposed us ai elo same ones won t even following theses stupid schedules ai mxxxzzm,False,0.3182,positive,0.3182,0.211,0.613,0.176,positive,0.3182,positive,False,0.0,,negative,negative,0.8917242884635925,0.8917242884635925,0.0978805124759674,0.0103953042998909
1228470591529386,nation mean just lusaka olo bwanji,False,0.0,neutral,0.0,0.0,1.0,0.0,neutral,0.0,neutral,False,0.0,,neutral,neutral,0.8216700553894043,0.1200776174664497,0.8216700553894043,0.0582523345947265
1588010745485401,checking calender ba zesco today 1st october,False,0.0,neutral,0.0,0.0,1.0,0.0,neutral,0.0,neutral,False,0.0,,neutral,neutral,0.9136458039283752,0.010317844338715,0.9136458039283752,0.0760363042354583
1160356592050838,group e lusaka s happening now 15hrs,False,0.0,neutral,0.0,0.0,1.0,0.0,neutral,0.0,neutral,False,0.0,,neutral,neutral,0.9441545009613036,0.0099327787756919,0.9441545009613036,0.0459126308560371
1847628699057100,zesco limited honestly group d should given morning schedule loadshedding week because last week 12 20 honestly unfair,False,0.25,positive,0.25,0.25,0.542,0.208,positive,0.25,positive,False,0.0,,negative,negative,0.7810975909233093,0.7810975909233093,0.2084141224622726,0.010488286614418
967128108506107,s october s power vama net metering apa,False,0.0,neutral,0.0,0.0,1.0,0.0,neutral,0.0,neutral,False,0.0,,neutral,neutral,0.8944311141967773,0.0396302007138729,0.8944311141967773,0.0659386962652206
8755673427817629,ba zesco babufi areas only experiencing 12 hours loadshedding while area fima 21 hours fair,False,0.3182,positive,0.3182,0.141,0.859,0.0,positive,0.3182,positive,False,0.0,,neutral,neutral,0.7947695851325989,0.159255176782608,0.7947695851325989,0.0459752157330513
1539253826550352,know saul,False,0.0,neutral,0.0,0.0,1.0,0.0,neutral,0.0,neutral,False,0.0,,neutral,neutral,0.7350814342498779,0.0971593186259269,0.7350814342498779,0.1677592247724533
890179399251123,gabriel chishimba wafyalwa na gold spoon mouth u t understand pain people use put meal selling freezits barbing soloons nd welding,False,-0.5106,negative,-0.5106,0.0,0.845,0.155,negative,-0.5106,negative,False,0.0,,negative,negative,0.8309645652770996,0.8309645652770996,0.1613402962684631,0.0076951836235821
8966443923383710,zesco luangwa ericka street power goes morning everyday business choose switch off power business place gives power three streets luangwa least should given us power also business place morning than night suffering family feed please please please look into,False,0.4215,positive,0.4215,0.153,0.778,0.069,positive,0.4215,positive,False,0.0,,neutral,neutral,0.6024352312088013,0.3668505847454071,0.6024352312088013,0.0307142473757267
1133189314375206,could better rotations rotating daily basis could better than weekly basis gives inconveniences too much,False,0.7003,positive,0.7003,0.309,0.691,0.0,positive,0.7003,positive,False,0.0,,negative,negative,0.743739902973175,0.743739902973175,0.2344575226306915,0.0218025166541337
2591175591054010,hi natalie natalie regret inconvenience caused please note cases may installations feeders switched off early delayed restoration may arise given time however mean schedule changed only due system constraints published schedules remain same regards cj,False,-0.5994,negative,-0.5994,0.057,0.765,0.178,negative,-0.5994,negative,False,0.0,,neutral,neutral,0.6144067645072937,0.3680711984634399,0.6144067645072937,0.0175219681113958
1260580134572878,thanks information,False,0.4404,positive,0.4404,0.744,0.256,0.0,positive,0.4404,positive,False,0.0,,positive,positive,0.594020664691925,0.0357407554984092,0.3702386021614074,0.594020664691925
264937716314722,luanshya doing well mwee took us fortnight apply get connected nikwisa mwikala eko tabalechinjia mwebo,False,0.2732,positive,0.2732,0.13,0.87,0.0,positive,0.2732,positive,False,0.0,,positive,positive,0.6288381814956665,0.0151869989931583,0.3559748232364654,0.6288381814956665
1539253826550352,ignla always prophesy apposite,False,0.0,neutral,0.0,0.0,1.0,0.0,neutral,0.0,neutral,False,0.0,,negative,negative,0.545582115650177,0.545582115650177,0.4276224672794342,0.0267954096198081
1096573222127959,yamezjr effect meters don t keys idea how sunday t call zesco obviously,False,0.0,neutral,0.0,0.0,1.0,0.0,neutral,0.0,neutral,False,0.0,,neutral,neutral,0.6831250190734863,0.2899554371833801,0.6831250190734863,0.026919474825263
230568016489685,alice lungu tried told didn t work use first key requested 2nd key entered credit token worked,False,0.3818,positive,0.3818,0.148,0.852,0.0,positive,0.3818,positive,False,0.0,,neutral,neutral,0.7745370268821716,0.1258793026208877,0.7745370268821716,0.0995836853981018
203300832501898,lodge connection problems paid 2017,False,-0.4019,negative,-0.4019,0.0,0.597,0.403,negative,-0.4019,negative,False,0.0,,negative,negative,0.652800977230072,0.652800977230072,0.3333931267261505,0.0138059481978416
530851722153204,martha george d rather small businesses run expense cooking cooker watching tv,False,0.0,neutral,0.0,0.0,1.0,0.0,neutral,0.0,neutral,False,0.0,,neutral,neutral,0.70882648229599,0.2405348718166351,0.70882648229599,0.0506386309862136
1149469195755648,chanda kasongo think s meaning six hourly come back 23 go 5 kukosa dear,False,0.3818,positive,0.3818,0.191,0.809,0.0,positive,0.3818,positive,False,0.0,,neutral,neutral,0.8977578282356262,0.0458236932754516,0.8977578282356262,0.0564185008406639
2717078595167447,happens welder needs feed family 24hrs 03 hrs,False,0.0,neutral,0.0,0.0,1.0,0.0,neutral,0.0,neutral,False,0.0,,neutral,neutral,0.8942039608955383,0.0362218543887138,0.8942039608955383,0.0695742219686508
2640596836083446,linda chikumbi already bought ine,False,0.0,neutral,0.0,0.0,1.0,0.0,neutral,0.0,neutral,False,0.0,,neutral,neutral,0.8849710822105408,0.0303440708667039,0.8849710822105408,0.0846849009394645
248629344184476,idiot call minister connect power useless house follow procedure only need power rushing take time stop bragging,False,-0.8074,negative,-0.8074,0.0,0.628,0.372,negative,-0.8074,negative,False,0.0,,negative,negative,0.8959623575210571,0.8959623575210571,0.095205932855606,0.0088316882029175
958142769405125,s common sense industries manage buy own gen sets other alternative sources power than mere komboni resident living k20 per day busy taunting consider buying solar gen set allocate hours residential areas markets reduce industries mines inclusive encourage consider alternative sources power,False,0.5106,positive,0.5106,0.076,0.924,0.0,positive,0.5106,positive,False,0.0,,neutral,neutral,0.7551658153533936,0.1871979236602783,0.7551658153533936,0.0576362088322639
624553022955708,diana kakula kauseni awesome,False,0.6249,positive,0.6249,0.577,0.423,0.0,positive,0.6249,positive,False,0.0,,positive,positive,0.8472914099693298,0.0079919835552573,0.1447166204452514,0.8472914099693298
520533447253136,tafikwete nchito ifyo just give us promised us stop provoking us,False,-0.128,negative,-0.128,0.172,0.552,0.276,negative,-0.128,negative,False,0.0,,negative,negative,0.5550659894943237,0.5550659894943237,0.4169160425662994,0.028017945587635
1500295667147485,doesn t change anything kuwayawayafye,False,0.0,neutral,0.0,0.0,1.0,0.0,neutral,0.0,neutral,False,0.0,,negative,negative,0.5451419949531555,0.5451419949531555,0.4331979751586914,0.0216600056737661
697357255385247,ifwe kuno goes midnight back kuma 6 off 12 yabwela 18 u dividing th 12 uv reduced 6hrs please mwebantu chili shani ukoooo,False,0.3182,positive,0.3182,0.103,0.897,0.0,positive,0.3182,positive,False,0.0,,neutral,neutral,0.8612105250358582,0.0517690852284431,0.8612105250358582,0.0870204120874404
1090654236363564,david kunda mupanga exactly,False,0.0,neutral,0.0,0.0,1.0,0.0,neutral,0.0,neutral,False,0.0,,neutral,neutral,0.8547887802124023,0.0879778861999511,0.8547887802124023,0.0572333894670009
724725065639374,shy gibbs international graphics tell ati arrest together harry potter,False,-0.5267,negative,-0.5267,0.0,0.645,0.355,negative,-0.5267,negative,False,0.0,,neutral,neutral,0.6404815316200256,0.3120787739753723,0.6404815316200256,0.0474396795034408
869819651007946,schedule being followed s problem,False,-0.4019,negative,-0.4019,0.0,0.526,0.474,negative,-0.4019,negative,False,0.0,,negative,negative,0.682776689529419,0.682776689529419,0.3073954880237579,0.009827802889049
164833296506994,makumba l kabwela ching ambu yessssss back ting,False,0.0,neutral,0.0,0.0,1.0,0.0,neutral,0.0,neutral,False,0.0,,positive,positive,0.5750573873519897,0.0139395678415894,0.4110029935836792,0.5750573873519897
1668706820210764,useless schedule chingola town centre 14 hrs now,False,-0.4215,negative,-0.4215,0.0,0.714,0.286,negative,-0.4215,negative,False,0.0,,negative,negative,0.9409744143486024,0.9409744143486024,0.0534626431763172,0.0055629899725317
958142769405125,mashata sebby point,False,0.0,neutral,0.0,0.0,1.0,0.0,neutral,0.0,neutral,False,0.0,,neutral,neutral,0.8881015777587891,0.0353891663253307,0.8881015777587891,0.0765092670917511
518066994189067,mu zo exactly give power ridiculous hours because know people asleep using s like mocking people giving something cannot use,False,-0.0772,negative,-0.0772,0.195,0.598,0.207,negative,-0.0772,negative,False,0.0,,negative,negative,0.8553839921951294,0.8553839921951294,0.1359215825796127,0.0086944364011287
1134179511233052,s 21 39 group chingola still power s indicated 21hrs s suppose back person charge flipping switch probably,False,0.0,neutral,0.0,0.0,1.0,0.0,neutral,0.0,neutral,False,0.0,,neutral,neutral,0.8278549909591675,0.1264801919460296,0.8278549909591675,0.0456648096442222
829943544862310,s unfortunately others allowed bitterness jealous control brains still criticize understanding leader good hope things improve load management,False,-0.25,negative,-0.25,0.296,0.34,0.364,negative,-0.25,negative,False,0.0,,negative,negative,0.7967274785041809,0.7967274785041809,0.1746995598077774,0.0285730231553316
2130419434012575,28 hours load shedding kafue green field follow timetable made please,False,0.3182,positive,0.3182,0.187,0.813,0.0,positive,0.3182,positive,False,0.0,,negative,negative,0.7859327793121338,0.7859327793121338,0.2027556747198104,0.0113115664571523
3415997808707920,thought signed memorandum power going october ba zesco how come yesterday afternoon 12hrs now s power area twaingila mu october without power zoona awe lesa amipale na boss wenu hakaivotela heka,False,0.0,neutral,-0.4,0.0,1.0,0.0,negative,-0.4,negative,True,-0.4,awe,neutral,neutral,0.616729736328125,0.340090662240982,0.616729736328125,0.043179664760828
1132178137441275,onelia bandaonelia banda ask bowman knows very well how someone cry stadium mmmmmmmmmm sister power good,False,0.2944,positive,0.2944,0.247,0.608,0.145,positive,0.2944,positive,False,0.0,,positive,positive,0.776335597038269,0.0142523441463708,0.209412083029747,0.776335597038269
1707347403023039,re talking 6 weeks stay s almost two years keep promising,False,0.4019,positive,0.4019,0.252,0.748,0.0,positive,0.4019,positive,False,0.0,,neutral,neutral,0.7402694821357727,0.026063872501254,0.7402694821357727,0.233666718006134
890179399251123,gabriel chishimba ba ba chisimba nzelu mulibe,False,0.0,neutral,0.0,0.0,1.0,0.0,neutral,0.0,neutral,False,0.0,,neutral,neutral,0.8844339847564697,0.0403005816042423,0.8844339847564697,0.0752653703093528
2708694619260732,mulenga trudy iwe nichani kansi,False,0.0,neutral,0.0,0.0,1.0,0.0,neutral,0.0,neutral,False,0.0,,neutral,neutral,0.8062466979026794,0.0907609686255455,0.8062466979026794,0.1029923632740974
561908562619454,calculations loadshedding hours increased promax way kaili good terms math teacher used very calculative method only literate understand good morning,True,0.7845,positive,0.7845,0.317,0.683,0.0,negative,0.7845,negative,False,0.0,,positive,positive,0.7352297306060791,0.0166233871132135,0.2481468468904495,0.7352297306060791
858763822055995,yesterday power came 7 minutes riverside extension kitwe never came back until today today 11 15 hrs electricity finally came before could run switch appliances gone less than 3 minutes s happening,True,0.0,neutral,0.0,0.0,1.0,0.0,negative,0.0,negative,False,0.0,,neutral,neutral,0.4685781598091125,0.460078626871109,0.4685781598091125,0.0713432282209396
841908887534142,bina hugh area reason give,False,0.0,neutral,0.0,0.0,1.0,0.0,neutral,0.0,neutral,False,0.0,,neutral,neutral,0.8110632300376892,0.0955456420779228,0.8110632300376892,0.0933911353349685
512339080995496,woodlands yesterday sure power,False,0.3182,positive,0.3182,0.434,0.566,0.0,positive,0.3182,positive,False,0.0,,neutral,neutral,0.7319903373718262,0.0321457125246524,0.7319903373718262,0.2358638644218444
1180490613114188,hello florence chikanji apologize inconvenience caused kindly note power goes outside loadshedding hours report dialing 3600 following prompts assisted mmm,False,0.2732,positive,0.2732,0.191,0.705,0.104,positive,0.2732,positive,False,0.0,,neutral,neutral,0.6210471987724304,0.3497196137905121,0.6210471987724304,0.0292332209646701
629662045626549,six hours put table should now time won t power particular areas planning purposes,False,0.5719,positive,0.5719,0.236,0.764,0.0,positive,0.5719,positive,False,0.0,,neutral,neutral,0.6802569031715393,0.2980043292045593,0.6802569031715393,0.0217387806624174
975812750560377,point don t even know group fall under,False,0.0,neutral,0.0,0.0,1.0,0.0,neutral,0.0,neutral,False,0.0,,negative,negative,0.4798730015754699,0.4798730015754699,0.4790525436401367,0.0410744063556194
1338452506889039,power went 05 00 came back around 16 00 went 22 00 came back around 04 00 apa m just working kuma 07 00 yaya ll damage properties,False,-0.4939,negative,-0.4939,0.0,0.89,0.11,negative,-0.4939,negative,False,0.0,,neutral,neutral,0.6192135810852051,0.3583350777626037,0.6192135810852051,0.0224513709545135
940333384787564,hour power called told challenge system,False,0.0772,positive,0.0772,0.206,0.794,0.0,positive,0.0772,positive,False,0.0,,neutral,neutral,0.8944118022918701,0.0409386530518531,0.8944118022918701,0.0646495670080185
727259681946279,everything already planned dont see difference between 12 6hrs day time charcoal night candles s,False,0.0,neutral,0.0,0.0,1.0,0.0,neutral,0.0,neutral,False,0.0,,neutral,neutral,0.5969063639640808,0.3662109076976776,0.5969063639640808,0.0368826948106288
464771859963167,ve just notified s power obviously restore 25th how even check upgrade,False,0.296,positive,0.296,0.18,0.82,0.0,positive,0.296,positive,False,0.0,,neutral,neutral,0.746752142906189,0.1917358785867691,0.746752142906189,0.0615119636058807
867405641174083,read than 5 times still t understand trying say need bally s calculator,False,0.0,neutral,0.0,0.0,1.0,0.0,neutral,0.0,neutral,False,0.0,,negative,negative,0.6898676753044128,0.6898676753044128,0.2878209054470062,0.0223114602267742
1257524862250122,patricia mbazima mmm 13 days way way too much unfair mwe,False,-0.4767,negative,-0.4767,0.0,0.763,0.237,negative,-0.4767,negative,False,0.0,,negative,negative,0.8304309248924255,0.8304309248924255,0.1581573635339737,0.011411789804697
1356117571869792,mwape banda sure answered now,False,0.3182,positive,0.3182,0.365,0.635,0.0,positive,0.3182,positive,False,0.0,,neutral,neutral,0.7433916330337524,0.037285104393959,0.7433916330337524,0.2193232327699661
1414681275772581,managed buy using airtel,False,0.0,neutral,0.0,0.0,1.0,0.0,neutral,0.0,neutral,False,0.0,,neutral,neutral,0.8344234228134155,0.0531750135123729,0.8344234228134155,0.112401582300663
1096573222127959,bridget tembo s worry trying 250 units disappear awe ba zesco sivintu,False,-0.5859,negative,-0.9859,0.0,0.652,0.348,negative,-0.9859,negative,True,-0.4,awe,neutral,neutral,0.7364209890365601,0.2170148193836212,0.7364209890365601,0.0465642437338829
548223958057240,norin sichone calm down,False,0.3182,positive,0.3182,0.434,0.566,0.0,positive,0.3182,positive,False,0.0,,neutral,neutral,0.5756697058677673,0.2770510911941528,0.5756697058677673,0.1472791582345962
1221935542342664,1 october 1 october 1 october 1 october,False,0.0,neutral,0.0,0.0,1.0,0.0,neutral,0.0,neutral,False,0.0,,neutral,neutral,0.8756868243217468,0.0331732742488384,0.8756868243217468,0.0911398753523826
962024962124923,obey silavwe maliwanda seems like nothing stopped mentioning maamba coal plant solar projects,False,0.4881,positive,0.4881,0.275,0.725,0.0,positive,0.4881,positive,False,0.0,,neutral,neutral,0.5436767935752869,0.434707373380661,0.5436767935752869,0.0216157920658588
844607890106660,great republic appreciate efforts far keep pushing behind,False,0.7783,positive,0.7783,0.531,0.469,0.0,positive,0.7783,positive,False,0.0,,positive,positive,0.9495181441307068,0.0109182922169566,0.0395635589957237,0.9495181441307068
1730481487806792,how restored power ku group e,False,0.34,positive,0.34,0.375,0.625,0.0,positive,0.34,positive,False,0.0,,neutral,neutral,0.8572474122047424,0.0659756585955619,0.8572474122047424,0.0767769590020179
1633600697097916,solution definitely indirectly relief those run businesses completely depend electricity like welders barbermen salons problem huge government needs find way cushioning impact masses,False,0.8578,positive,0.8578,0.401,0.517,0.082,positive,0.8578,positive,False,0.0,,neutral,neutral,0.4786276817321777,0.461589366197586,0.4786276817321777,0.0597828887403011
3350829441893428,imwe inform us repairs maamba coal doing 15 days naipwa muli ndwi,False,0.0,neutral,0.0,0.0,1.0,0.0,neutral,0.0,neutral,False,0.0,,neutral,neutral,0.8648746013641357,0.076132521033287,0.8648746013641357,0.0589928515255451
489266630038074,bullet waters check page now,False,0.0,neutral,0.0,0.0,1.0,0.0,neutral,0.0,neutral,False,0.0,,neutral,neutral,0.93808251619339,0.0210377965122461,0.93808251619339,0.0408796556293964
667471854997744,kkkkk two weeks ago crying friends don t remember,False,0.0,neutral,0.0,0.254,0.492,0.254,neutral,0.0,neutral,False,0.0,,negative,negative,0.8070173263549805,0.8070173263549805,0.1797487288713455,0.0132338888943195
704722434394583,useless time table creates such time tables agrees people having electricity every night whole week rotate schedule per day two days whole week same schedule zesco limited,False,-0.2023,negative,-0.2023,0.123,0.728,0.149,negative,-0.2023,negative,False,0.0,,negative,negative,0.8155149817466736,0.8155149817466736,0.1758490055799484,0.0086360592395067
707336194302751,zesco limited us depends electricity 100 killed us jokes aside,False,-0.6597,negative,-0.6597,0.13,0.455,0.416,negative,-0.6597,negative,False,0.0,,negative,negative,0.915236234664917,0.915236234664917,0.0790023431181907,0.0057613886892795
509915288589240,lase mwachisakulo formula zesco using syllabus found earth suspect astronauts came jupter,False,-0.296,negative,-0.296,0.0,0.833,0.167,negative,-0.296,negative,False,0.0,,neutral,neutral,0.877143919467926,0.0854038521647453,0.877143919467926,0.0374521687626838
380111615196118,right circus act,False,0.0,neutral,0.0,0.0,1.0,0.0,neutral,0.0,neutral,False,0.0,,negative,negative,0.813369631767273,0.813369631767273,0.1638000905513763,0.0228302907198667
688403376277911,lesina nomazala zulu exactly should only ones see power asleep wake power return work power honestly equalizer,False,0.4588,positive,0.4588,0.158,0.842,0.0,positive,0.4588,positive,False,0.0,,neutral,neutral,0.8459962010383606,0.0902846083045005,0.8459962010383606,0.0637192502617836
837517727541875,guuya blessings mainsa mum,False,0.5423,positive,0.5423,0.538,0.462,0.0,positive,0.5423,positive,False,0.0,,positive,positive,0.7350214719772339,0.01382493134588,0.2511536180973053,0.7350214719772339
1128801438953530,power gone two days how gonna update information gunpoint should delivered like week two prepare ourselves know fully well electricity isn t stable goes comes wish whoever pr should seriously pull socks,False,0.796,positive,0.796,0.261,0.693,0.045,positive,0.796,positive,False,0.0,,negative,negative,0.8680617809295654,0.8680617809295654,0.1230080500245094,0.0089301140978932
351375454585445,zesco limited please look into,False,0.1027,positive,0.1027,0.319,0.417,0.264,positive,0.1027,positive,False,0.0,,negative,negative,0.5706963539123535,0.5706963539123535,0.4153007566928863,0.0140029108151793
1539253826550352,miles jay man iwe lekaifyo ve split 12 hours two s re experiencing double black outs day like off 05to 11hrs same day 18 24 hrs,False,0.3612,positive,0.3612,0.094,0.906,0.0,positive,0.3612,positive,False,0.0,,neutral,neutral,0.8102501630783081,0.1688243746757507,0.8102501630783081,0.0209254715591669
702753057925751,far ba 2 8m now 2 5m continue exporting power make us suffer ba kambwanga imwe,False,-0.5423,negative,-0.5423,0.0,0.788,0.212,negative,-0.5423,negative,False,0.0,,negative,negative,0.6986952424049377,0.6986952424049377,0.2870849668979645,0.0142197785899043
1261667831139909,only chinese company trade king run company tired guys since yesterday power vintu vika ola tizavi leta ku head office kwanu,False,-0.4404,negative,-0.4404,0.0,0.873,0.127,negative,-0.4404,negative,False,0.0,,negative,negative,0.7562720775604248,0.7562720775604248,0.2276928871870041,0.0160350110381841
1338452506889039,miche warren s now fridges survive,False,0.0,neutral,0.0,0.0,1.0,0.0,neutral,0.0,neutral,False,0.0,,neutral,neutral,0.7083690166473389,0.0257058292627334,0.7083690166473389,0.2659251093864441
402137349350108,elita sheleni traumatizing experience,False,-0.5106,negative,-0.5106,0.0,0.476,0.524,negative,-0.5106,negative,False,0.0,,negative,negative,0.7465558052062988,0.7465558052062988,0.2411864995956421,0.0122576849535107
618831263798949,zesco limited us favor sundays least power shouldn t going just sundays,False,0.2023,positive,0.2023,0.199,0.662,0.14,positive,0.2023,positive,False,0.0,,negative,negative,0.6620305180549622,0.6620305180549622,0.3261562287807464,0.0118132410570979
697907062011250,kwena s still 12 hours relief getting,False,0.4767,positive,0.4767,0.383,0.617,0.0,positive,0.4767,positive,False,0.0,,neutral,neutral,0.7790011763572693,0.1421336829662323,0.7790011763572693,0.0788651630282402
837954824387458,just center managed,False,0.0,neutral,0.0,0.0,1.0,0.0,neutral,0.0,neutral,False,0.0,,neutral,neutral,0.7506508231163025,0.0987235605716705,0.7506508231163025,0.1506256163120269
909596051135756,given defending zesco now agree jokers,False,0.3612,positive,0.3612,0.333,0.667,0.0,positive,0.3612,positive,False,0.0,,neutral,neutral,0.5086598992347717,0.3929574489593506,0.5086598992347717,0.0983827337622642
1329032821280592,stella nyirenda s twice day,False,0.0,neutral,0.0,0.0,1.0,0.0,neutral,0.0,neutral,False,0.0,,neutral,neutral,0.8657227754592896,0.0114876702427864,0.8657227754592896,0.1227895244956016
1307712497246378,luisa yamba mu injury week namo nempiya yama unit theriz,False,-0.4215,negative,-0.4215,0.0,0.763,0.237,negative,-0.4215,negative,False,0.0,,neutral,neutral,0.7452213764190674,0.2248062342405319,0.7452213764190674,0.0299724340438842
506443998939798,lelo nipa 1 power even yesterday dint rationing yanu ilibwa olo ni story usual,False,0.0,neutral,0.0,0.0,1.0,0.0,neutral,0.0,neutral,False,0.0,,neutral,neutral,0.7593978643417358,0.1560869216918945,0.7593978643417358,0.0845152288675308
1032891124985265,jasmine lungu chewe swear how start waking midnight charge utu ma light nama phone awe eku chula uku,False,-0.0516,negative,-0.4516,0.0,0.934,0.066,negative,-0.4516,negative,True,-0.4,awe,neutral,neutral,0.7705972790718079,0.1488509327173233,0.7705972790718079,0.0805517584085464
3804098406537834,ba swine lied today electricity back normal kanshi ni abnormal yabufi,False,-0.3818,negative,-0.3818,0.0,0.794,0.206,negative,-0.3818,negative,False,0.0,,negative,negative,0.5179357528686523,0.5179357528686523,0.4504863321781158,0.0315778516232967
279768711383433,just wondering thought mobile network thanks,False,0.4404,positive,0.4404,0.367,0.633,0.0,positive,0.4404,positive,False,0.0,,neutral,neutral,0.767221987247467,0.0539094246923923,0.767221987247467,0.1788685917854309
987006009760428,abraham mwale oh see us went kuma 03,False,0.0,neutral,0.0,0.0,1.0,0.0,neutral,0.0,neutral,False,0.0,,neutral,neutral,0.8970306515693665,0.0304003059864044,0.8970306515693665,0.0725691244006156
1329032821280592,say,False,0.0,neutral,0.0,0.0,1.0,0.0,neutral,0.0,neutral,False,0.0,,neutral,neutral,0.5528005361557007,0.1423905789852142,0.5528005361557007,0.3048088252544403
504908138411919,switch off power 14 hours restore 05 m following day tell s 6 hours s even than 12 hours promised,False,0.5719,positive,0.5719,0.251,0.749,0.0,positive,0.5719,positive,False,0.0,,neutral,neutral,0.6555737257003784,0.312191754579544,0.6555737257003784,0.0322345122694969
2260599904134637,took president pump sense into ahhhh,False,0.0,neutral,0.0,0.0,1.0,0.0,neutral,0.0,neutral,False,0.0,,neutral,neutral,0.7520720362663269,0.1163431107997894,0.7520720362663269,0.131584882736206
418103374308192,foolish updates heard today october said end loadsheding awe imbwa ndise keeping hope s dead project please go industry break close officers va zee ala,False,-0.296,negative,-0.696,0.165,0.633,0.203,negative,-0.696,negative,True,-0.4,awe,negative,negative,0.9032196402549744,0.9032196402549744,0.0895734876394271,0.0072069820016622
1201392767782115,ishi shena nimbwa awe mulibwa imwe mwefipuba imwe muletwangasha ati pa 1 october ninshi amaliti yaba stable instead posting ifyo abantu balefwaya ukumfwa start posting ati net metering company ful dogs tails kwati fipuba nga nicho chi managing director chenu last week chilekwata nama seminar kwati fyamano chilechita chileslan ga noku slan ga nechisungu chaku swatila rabid dogs,True,0.296,positive,-0.104,0.038,0.962,0.0,negative,-0.104,negative,True,-0.4,awe,neutral,neutral,0.8439041972160339,0.0913210064172744,0.8439041972160339,0.0647747963666915
946618299664694,stick 12hours please tactics aren t helping us,False,0.5423,positive,0.5423,0.474,0.526,0.0,positive,0.5423,positive,False,0.0,,negative,negative,0.8290722966194153,0.8290722966194153,0.160811960697174,0.0101157883182168
2498876370301527,doris chuwa chela could better able follow schedules otherwise s very disturbing,False,-0.1761,negative,-0.1761,0.187,0.581,0.232,negative,-0.1761,negative,False,0.0,,negative,negative,0.6685386896133423,0.6685386896133423,0.3112808167934418,0.0201805010437965
1630364274545237,manje ilya maintenance fee yanshi coz ifyapala ama updates should automatic anyway ine tapaba kaya,False,0.0,neutral,0.0,0.0,1.0,0.0,neutral,0.0,neutral,False,0.0,,neutral,neutral,0.8076162934303284,0.1198187619447708,0.8076162934303284,0.072564922273159
1222158615368774,awe mwandi tell,False,0.0,neutral,-0.4,0.0,1.0,0.0,negative,-0.4,negative,True,-0.4,awe,neutral,neutral,0.7581308484077454,0.109690636396408,0.7581308484077454,0.1321785300970077
563949529398985,zambian citizen nothing say 3hrs phone pc charged even cook soya pieces pa last,False,-0.2023,negative,-0.2023,0.0,0.878,0.122,negative,-0.2023,negative,False,0.0,,neutral,neutral,0.4958356618881225,0.4510507583618164,0.4958356618881225,0.0531135573983192
2295622980609739,take head state reason,False,0.0,neutral,0.0,0.0,1.0,0.0,neutral,0.0,neutral,False,0.0,,neutral,neutral,0.7478495240211487,0.1315466314554214,0.7478495240211487,0.1206038072705268
844195164551003,haven t seen power two days,False,0.0,neutral,0.0,0.0,1.0,0.0,neutral,0.0,neutral,False,0.0,,negative,negative,0.7624356150627136,0.7624356150627136,0.2247720509767532,0.0127923432737588
752216810383734,timetable wrong don t power 10am isn t part loadshedding starting 10am story problem villa forever lights water nonsense,False,-0.8176,negative,-0.8176,0.0,0.622,0.378,negative,-0.8176,negative,False,0.0,,negative,negative,0.9187352657318116,0.9187352657318116,0.076208621263504,0.0050560301169753
843687560662741,alphet dokowe hazppened us too applied zesco kantehemba electrification paid k2500 never saw actual work connecting line woman till took money transfered somewhere else never recovered money,False,0.0,neutral,0.0,0.0,1.0,0.0,neutral,0.0,neutral,False,0.0,,negative,negative,0.7750422954559326,0.7750422954559326,0.2140422016382217,0.0109155820682644
602465905870103,electricity how expect us update sure,False,0.3182,positive,0.3182,0.315,0.685,0.0,positive,0.3182,positive,False,0.0,,neutral,neutral,0.8934968709945679,0.0233078189194202,0.8934968709945679,0.0831953063607215
882125813911804,bring power 24 switch 03 witches stay awake during time serious,False,-0.0772,negative,-0.0772,0.0,0.885,0.115,negative,-0.0772,negative,False,0.0,,neutral,neutral,0.7622387409210205,0.0610354728996753,0.7622387409210205,0.1767258197069168
921314262582264,john mulenga zero until 2055,False,0.0,neutral,0.0,0.0,1.0,0.0,neutral,0.0,neutral,False,0.0,,neutral,neutral,0.8219090104103088,0.115229956805706,0.8219090104103088,0.0628609880805015
890179399251123,gabriel chishimba praise singers choire master loudest voice,False,0.5574,positive,0.5574,0.34,0.66,0.0,positive,0.5574,positive,False,0.0,,positive,positive,0.7469339966773987,0.0080285007134079,0.2450375407934188,0.7469339966773987
644107217775772,nangwabale l nalishiwa even buy next s first payment right,False,0.0,neutral,0.0,0.0,1.0,0.0,neutral,0.0,neutral,False,0.0,,neutral,neutral,0.8372833728790283,0.1008171886205673,0.8372833728790283,0.0618994385004043
1356117571869792,d jin marshal experienced brainer,False,0.0,neutral,0.0,0.0,1.0,0.0,neutral,0.0,neutral,False,0.0,,neutral,neutral,0.7692986726760864,0.1203019767999649,0.7692986726760864,0.110399417579174
3677915165765533,network back thank,False,0.3612,positive,0.3612,0.556,0.444,0.0,positive,0.3612,positive,False,0.0,,positive,positive,0.785205066204071,0.0124083776026964,0.2023865431547165,0.785205066204071
1539253826550352,isaac zulu s true,False,0.4215,positive,0.4215,0.583,0.417,0.0,positive,0.4215,positive,False,0.0,,neutral,neutral,0.7885115742683411,0.0499952174723148,0.7885115742683411,0.1614931970834732
307803085108554,paid february still waiting,False,0.0,neutral,0.0,0.0,1.0,0.0,neutral,0.0,neutral,False,0.0,,neutral,neutral,0.7582382559776306,0.1498737633228302,0.7582382559776306,0.0918880254030227
550496243841279,charles mabuku ever re gee congratulations,False,0.5994,positive,0.5994,0.438,0.562,0.0,positive,0.5994,positive,False,0.0,,positive,positive,0.9149370789527892,0.0035948900040239,0.0814679712057113,0.9149370789527892
3412229999049832,mean 24 hours having 6hrs loadsheding,False,0.0,neutral,0.0,0.0,1.0,0.0,neutral,0.0,neutral,False,0.0,,neutral,neutral,0.8113775253295898,0.0930268168449401,0.8113775253295898,0.0955956801772117
610802407817623,precious phiri try airtel money worked,False,0.5719,positive,0.5719,0.425,0.575,0.0,positive,0.5719,positive,False,0.0,,positive,positive,0.8627768754959106,0.0121076656505465,0.1251154541969299,0.8627768754959106
6528614153822656,don t see sense look how hours split business uses power still risk,False,-0.2732,negative,-0.2732,0.0,0.84,0.16,negative,-0.2732,negative,False,0.0,,negative,negative,0.659493625164032,0.659493625164032,0.3295128345489502,0.0109934881329536
311057938684793,jason joshua president blaming pf anything rains,False,-0.4939,negative,-0.4939,0.0,0.652,0.348,negative,-0.4939,negative,False,0.0,,negative,negative,0.5783178806304932,0.5783178806304932,0.4070211350917816,0.0146610038354992
1357331375102374,martin akende apa yayenda second session,False,0.0,neutral,0.0,0.0,1.0,0.0,neutral,0.0,neutral,False,0.0,,neutral,neutral,0.8903999924659729,0.0164447370916605,0.8903999924659729,0.0931552648544311
1045021707103658,andrew mwansa don t even know insult sir forgiven,False,-0.1779,negative,-0.1779,0.218,0.504,0.277,negative,-0.1779,negative,False,0.0,,negative,negative,0.5996862649917603,0.5996862649917603,0.3663918375968933,0.0339219123125076
412250048574132,today 1st october yaya kuno director sir smeared us butter,False,0.0,neutral,0.0,0.0,1.0,0.0,neutral,0.0,neutral,False,0.0,,neutral,neutral,0.6713963150978088,0.2795585989952087,0.6713963150978088,0.0490450747311115
2216673018696203,maclan siambilu boi zesco done,False,0.0,neutral,0.0,0.0,1.0,0.0,neutral,0.0,neutral,False,0.0,,neutral,neutral,0.8658849596977234,0.0627736821770668,0.8658849596977234,0.0713413208723068
1175176329792316,hazel zimba ati shani boss,False,0.0,neutral,0.0,0.0,1.0,0.0,neutral,0.0,neutral,False,0.0,,neutral,neutral,0.7614840865135193,0.0409769676625728,0.7614840865135193,0.1975388526916504
882125813911804,moffat nel mudenda totally ridiculous,False,-0.4201,negative,-0.4201,0.0,0.589,0.411,negative,-0.4201,negative,False,0.0,,negative,negative,0.8341611623764038,0.8341611623764038,0.1531285345554351,0.0127103561535477
1223615948250143,day before yesterday never power 13hrs straight yesterday power came 11 power goes midnight relief providing exactly problem don t even stick own schedule ridiculous,False,-0.4149,negative,-0.4149,0.103,0.667,0.229,negative,-0.4149,negative,False,0.0,,negative,negative,0.8249817490577698,0.8249817490577698,0.1615657955408096,0.0134524768218398
1147323056698749,schedule unknown now power cuts anyhow time table following,False,-0.296,negative,-0.296,0.0,0.784,0.216,negative,-0.296,negative,False,0.0,,negative,negative,0.7708646655082703,0.7708646655082703,0.2226754277944564,0.0064598722383379
465755943090502,today 1st october true words once chabe fi zesco limited,False,0.2263,positive,0.2263,0.22,0.63,0.15,positive,0.2263,positive,False,0.0,,neutral,neutral,0.8463775515556335,0.0285355634987354,0.8463775515556335,0.1250868886709213
1464374354271951,mutinta tintili batipesha aba bantu should just keep power ah ma excuse deileee,False,0.0772,positive,0.0772,0.098,0.902,0.0,positive,0.0772,positive,False,0.0,,neutral,neutral,0.506984531879425,0.4572503566741943,0.506984531879425,0.0357651375234127
425161906424474,eish pressure getting worser regardless now schools open need power 5 morning 7 morning just prepare bundros joy please wish put into consideration because uku kosha inkuni kuma zero 4 warming water bath awe mu 2023,False,0.6369,positive,0.2369,0.244,0.634,0.122,positive,0.2369,positive,True,-0.4,awe,neutral,neutral,0.5886529088020325,0.2913306653499603,0.5886529088020325,0.1200164929032325
425161906424474,alinjavwa selwa s extremely crucial inkuni s wet during rainy,False,-0.0772,negative,-0.0772,0.0,0.843,0.157,negative,-0.0772,negative,False,0.0,,neutral,neutral,0.7977393269538879,0.1402178108692169,0.7977393269538879,0.0620428398251533
1895932464076398,libala goes 05hrs 11hrs 17hrs 23 other areas s goes 6hrs only re fair,False,0.3182,positive,0.3182,0.161,0.839,0.0,positive,0.3182,positive,False,0.0,,neutral,neutral,0.8989368677139282,0.0320556163787841,0.8989368677139282,0.0690075755119323
1681413012651571,another dull chap earstern power busy supporting va zee s ife vaku chipata batinena ati ndife vopwalala koma tu chawa,False,0.0516,positive,0.0516,0.128,0.752,0.119,positive,0.0516,positive,False,0.0,,neutral,neutral,0.5120720267295837,0.4299385845661163,0.5120720267295837,0.0579893365502357
1364848944053230,reducing order increase veep,False,0.3182,positive,0.3182,0.434,0.566,0.0,positive,0.3182,positive,False,0.0,,neutral,neutral,0.8601484298706055,0.0474204309284687,0.8601484298706055,0.0924311801791191
1702769020295336,kind office bearers s costing nation see zambia take time develop imagine how tell people update prepaid meters don t even supply power whoever wrote should delete t report zesco consumer protection unit cpu abusing us now,False,0.1027,positive,0.1027,0.089,0.833,0.078,positive,0.1027,positive,False,0.0,,negative,negative,0.8375839591026306,0.8375839591026306,0.1534253060817718,0.0089907040819525
1955060858245945,petrel whales zesco planners incompetent having same problem water levels every year failed find permanent solutions should stop relying hydro power much re other ways generating electricity even need rain,False,-0.8625,negative,-0.8625,0.045,0.658,0.297,negative,-0.8625,negative,False,0.0,,negative,negative,0.9093162417411804,0.9093162417411804,0.0834001302719116,0.0072836712934076
311057938684793,mirriam chilwashi opposition used experience loadsheding now president always power residence 24 7,False,0.0,neutral,0.0,0.0,1.0,0.0,neutral,0.0,neutral,False,0.0,,neutral,neutral,0.8851717710494995,0.0740876346826553,0.8851717710494995,0.0407406017184257
489266630038074,mwila daka thank much,False,0.3612,positive,0.3612,0.455,0.545,0.0,positive,0.3612,positive,False,0.0,,positive,positive,0.8142103552818298,0.0135509092360734,0.1722387224435806,0.8142103552818298
6535135543212181,increased tariff bought k500 given 422 4 units 01 07 2023 zesco explain,False,0.2732,positive,0.2732,0.16,0.84,0.0,positive,0.2732,positive,False,0.0,,neutral,neutral,0.6965208053588867,0.2814685702323913,0.6965208053588867,0.0220106244087219
494225406114471,arnold peter kachabe true same applies ndola lubuto power went around 05 came back 11 now 17 gone crazy better come disconnect thing ve installed house,False,0.5106,positive,0.5106,0.183,0.74,0.077,positive,0.5106,positive,False,0.0,,neutral,neutral,0.7858214378356934,0.1336831301450729,0.7858214378356934,0.0804954469203949
1375219489956828,serious fi zesco fyama dongo dongo really playing us now sad us barbershop owners,False,-0.3197,negative,-0.3197,0.12,0.629,0.252,negative,-0.3197,negative,False,0.0,,negative,negative,0.8200258612632751,0.8200258612632751,0.1642788201570511,0.0156952962279319
1134579711021493,hello maggie jambila sincere apologies delayed restoration please note may occur due system overloads back supply fp,False,0.4767,positive,0.4767,0.239,0.67,0.091,positive,0.4767,positive,False,0.0,,negative,negative,0.4886430203914642,0.4886430203914642,0.4846159219741821,0.0267411228269338
837517727541875,philimo voice afrika really,False,0.0,neutral,0.0,0.0,1.0,0.0,neutral,0.0,neutral,False,0.0,,neutral,neutral,0.8387801647186279,0.0469170808792114,0.8387801647186279,0.1143027245998382
618831263798949,ninshi group d always power night because week week schedule afternoon kuseni kunalakwa chani,False,0.0,neutral,0.0,0.0,1.0,0.0,neutral,0.0,neutral,False,0.0,,neutral,neutral,0.8655325174331665,0.0715682134032249,0.8655325174331665,0.0628992542624473
6592922150775643,inabmul maz yaba s rough,False,0.0,neutral,0.0,0.0,1.0,0.0,neutral,0.0,neutral,False,0.0,,neutral,neutral,0.6323103308677673,0.3068316876888275,0.6323103308677673,0.0608580596745014
1188692592189237,convert into cash many us subscribe short need extra units barely power basically off grid make attractive,False,0.4404,positive,0.4404,0.153,0.847,0.0,positive,0.4404,positive,False,0.0,,neutral,neutral,0.6884845495223999,0.2554337978363037,0.6884845495223999,0.056081648916006
2498876370301527,brown chikwanda s similar story everywhere remember 14 hours story people chronic liers,False,0.0,neutral,0.0,0.0,1.0,0.0,neutral,0.0,neutral,False,0.0,,negative,negative,0.8048285245895386,0.8048285245895386,0.1854302287101745,0.0097412392497062
863763611340652,chililabombwe power come back 00 20 cut around 05 20hrs zesco limited please once stick schedule power hasn t restored s frustrating honestly ku kamenza east kwena mule tufwenge especially fwebakwete same line namu pp zambia eminani shabola elo ni january eno teti tuchite manager ukuchita ama generator nangu inventor awe,False,0.2023,positive,-0.1977,0.134,0.747,0.12,negative,-0.1977,negative,True,-0.4,awe,negative,negative,0.7309941649436951,0.7309941649436951,0.2533394396305084,0.0156664326786994
311675154864243,luapula s worse wish someone intervene,False,-0.1027,negative,-0.1027,0.307,0.341,0.352,negative,-0.1027,negative,False,0.0,,negative,negative,0.9300705790519714,0.9300705790519714,0.0618037432432174,0.0081256683915853
707182370784437,bamake ndindi chota alright noted,False,0.25,positive,0.25,0.333,0.667,0.0,positive,0.25,positive,False,0.0,,neutral,neutral,0.8365725874900818,0.0659258067607879,0.8365725874900818,0.0975015684962272
862608649273728,maclean sandra phiri good question,False,0.4404,positive,0.4404,0.42,0.58,0.0,positive,0.4404,positive,False,0.0,,neutral,neutral,0.615391731262207,0.0326544195413589,0.615391731262207,0.3519538938999176
1492804684761161,vitengeni che vimalaiti vanu imwe,False,0.0,neutral,0.0,0.0,1.0,0.0,neutral,0.0,neutral,False,0.0,,neutral,neutral,0.8554005026817322,0.0489949621260166,0.8554005026817322,0.0956046283245086
2978703459090877,58years independence still mubusha,False,0.0,neutral,0.0,0.0,1.0,0.0,neutral,0.0,neutral,False,0.0,,neutral,neutral,0.7489660978317261,0.1120576038956642,0.7489660978317261,0.1389763802289962
901209128559441,donald tembo see chemba placed,False,0.0,neutral,0.0,0.0,1.0,0.0,neutral,0.0,neutral,False,0.0,,neutral,neutral,0.888773500919342,0.031284362077713,0.888773500919342,0.0799420997500419
1571689290350502,pelly mandah imagine zoona,False,0.0,neutral,0.0,0.0,1.0,0.0,neutral,0.0,neutral,False,0.0,,neutral,neutral,0.8581317067146301,0.0345969162881374,0.8581317067146301,0.1072713211178779
547623657410795,huge problem,False,-0.1027,negative,-0.1027,0.46,0.0,0.54,negative,-0.1027,negative,False,0.0,,negative,negative,0.6469125151634216,0.6469125151634216,0.2937759459018707,0.0593116283416748
612476807988749,zesco limited ndeke village s too much,False,-0.2263,negative,-0.2263,0.0,0.725,0.275,negative,-0.2263,negative,False,0.0,,negative,negative,0.6052640080451965,0.6052640080451965,0.3718289732933044,0.0229069851338863
813050617570452,congrat loadshedind completing finish yesterday afternoon even now still power children isreal could said god saved us,False,0.5994,positive,0.5994,0.246,0.754,0.0,positive,0.5994,positive,False,0.0,,positive,positive,0.8796095252037048,0.0131744397804141,0.1072160229086875,0.8796095252037048
733724661505910,ninshi memo never reached kembo switches off power mufulira power went off monday 15 hours elo yabwela lelo tuesday 05hrs make sure employees know whats going before inform masses ninshi mupoka ama degree nama masters without learning communication skills,False,0.2509,positive,0.2509,0.057,0.911,0.032,positive,0.2509,positive,False,0.0,,neutral,neutral,0.7211282253265381,0.2485517561435699,0.7211282253265381,0.0303200352936983
1366446937441510,nsama patrick moses didn t enter promised land someone else took over choose point reference wisely read bible,False,0.6486,positive,0.6486,0.261,0.739,0.0,positive,0.6486,positive,False,0.0,,neutral,neutral,0.6708046197891235,0.3030067682266235,0.6708046197891235,0.0261885672807693
484235327119582,remember 1997 german anchor name nebuzburzimbeletbagker since jumped name tell whole story,False,0.0,neutral,0.0,0.0,1.0,0.0,neutral,0.0,neutral,False,0.0,,neutral,neutral,0.840649425983429,0.0825421512126922,0.840649425983429,0.0768084228038787
940333384787564,trish k charisma hopefully situation change tomorrow onwards,False,0.4019,positive,0.4019,0.31,0.69,0.0,positive,0.4019,positive,False,0.0,,neutral,neutral,0.5649340152740479,0.0108109638094902,0.5649340152740479,0.4242550730705261
882125813911804,moffat nel mudenda imagine 24hrs,False,0.0,neutral,0.0,0.0,1.0,0.0,neutral,0.0,neutral,False,0.0,,neutral,neutral,0.8484835624694824,0.088846780359745,0.8484835624694824,0.0626696646213531
1911774525859132,complaint lodge should power 23 00 sleeping having power 05 00 suppose working delivering service general public,False,-0.296,negative,-0.296,0.0,0.879,0.121,negative,-0.296,negative,False,0.0,,neutral,neutral,0.8835444450378418,0.0677646324038505,0.8835444450378418,0.0486908294260501
353641967739469,1st october net metering want hear right now,False,0.0772,positive,0.0772,0.157,0.843,0.0,positive,0.0772,positive,False,0.0,,neutral,neutral,0.9001035690307617,0.0349235832691192,0.9001035690307617,0.0649728700518608
695343998961984,don t surprised zesco starts losing machines s point people start stealing too many hours given thieves steal transformers cable s keep pros cons actions deliver best country,False,-0.7717,negative,-0.7717,0.161,0.501,0.338,negative,-0.7717,negative,False,0.0,,negative,negative,0.7852975130081177,0.7852975130081177,0.1960031390190124,0.0186994075775146
987006009760428,meah chulu came back cut 06hrs,False,-0.2732,negative,-0.2732,0.0,0.704,0.296,negative,-0.2732,negative,False,0.0,,neutral,neutral,0.7900400161743164,0.037392009049654,0.7900400161743164,0.1725679039955139
2926457894154388,wonder received message tokens nomba dnt enough units please sort issue fast,False,0.3182,positive,0.3182,0.173,0.827,0.0,positive,0.3182,positive,False,0.0,,negative,negative,0.7815279960632324,0.7815279960632324,0.2086524963378906,0.0098195429891347
3762070777372623,suwilanji khane kaoma re group,False,0.0,neutral,0.0,0.0,1.0,0.0,neutral,0.0,neutral,False,0.0,,neutral,neutral,0.8172630667686462,0.1290377378463745,0.8172630667686462,0.0536991544067859
1212784172667362,naomi phiri already playing us dear ba praise celebrating still remains 12hours power day most zambians sleep 8hours,True,0.8934,positive,0.8934,0.455,0.545,0.0,negative,0.8934,negative,False,0.0,,neutral,neutral,0.7608028650283813,0.0801818370819091,0.7608028650283813,0.1590153723955154
1136542194140590,zesco limited s just sad electricity being restored 21 9,False,-0.3818,negative,-0.3818,0.194,0.403,0.403,negative,-0.3818,negative,False,0.0,,negative,negative,0.8219246864318848,0.8219246864318848,0.1631261855363845,0.0149490805342793
1865887573811568,dear customer transaction failed txn id mp230701 1008 n98812 receiver barred please try later thank,False,0.4767,positive,0.4767,0.341,0.507,0.152,positive,0.4767,positive,False,0.0,,negative,negative,0.8248910307884216,0.8248910307884216,0.1671674400568008,0.0079415282234549
538915271621679,immersions ve power cut since 5pm yesterday until now makeni bonaventure teku sakes uku nomba awe poseniko amano ala guys forget powercut area,False,-0.4588,negative,-0.8588,0.0,0.84,0.16,negative,-0.8588,negative,True,-0.4,awe,negative,negative,0.5283894538879395,0.5283894538879395,0.4463409781455993,0.0252696089446544
858763822055995,yvonne yasini chilonge t said better than,False,0.4404,positive,0.4404,0.367,0.633,0.0,positive,0.4404,positive,False,0.0,,neutral,neutral,0.7892985939979553,0.0912194103002548,0.7892985939979553,0.1194819882512092
1201653761087990,marvelous ilunga mpola lelo naimwe mwalila,False,0.5994,positive,0.5994,0.438,0.562,0.0,positive,0.5994,positive,False,0.0,,neutral,neutral,0.765188455581665,0.1308565735816955,0.765188455581665,0.1039550453424453
3448759512094857,isn t loadshedding supposed thing past month don t need solar,False,0.0,neutral,0.0,0.0,1.0,0.0,neutral,0.0,neutral,False,0.0,,negative,negative,0.5443994998931885,0.5443994998931885,0.4367586076259613,0.0188419315963983
1616817652057206,enock silungwe same since 05 00hrs,False,0.0,neutral,0.0,0.0,1.0,0.0,neutral,0.0,neutral,False,0.0,,neutral,neutral,0.9023982882499696,0.0529861450195312,0.9023982882499696,0.0446155294775962
700435511655738,read comments living,False,0.0,neutral,0.0,0.0,1.0,0.0,neutral,0.0,neutral,False,0.0,,neutral,neutral,0.7852497100830078,0.1336214989423751,0.7852497100830078,0.0811288580298423
1469553703616764,imwe na bashi promise same whatsapp group,False,0.3182,positive,0.3182,0.277,0.723,0.0,positive,0.3182,positive,False,0.0,,neutral,neutral,0.8647347092628479,0.02396778203547,0.8647347092628479,0.111297532916069
1354201588746983,problem must put sticker each substation zesco know power off time aaaah epwa,False,-0.4019,negative,-0.4019,0.0,0.816,0.184,negative,-0.4019,negative,False,0.0,,neutral,neutral,0.5899513363838196,0.3639700710773468,0.5899513363838196,0.0460785888135433
1535623010258606,doesn t change anything power gone 12hrs per day,False,0.0,neutral,0.0,0.0,1.0,0.0,neutral,0.0,neutral,False,0.0,,negative,negative,0.7044214010238647,0.7044214010238647,0.2827233672142029,0.0128551395609974
1935125996964359,micah m mbewe awe mwandi ask mwa,False,0.0,neutral,-0.4,0.0,1.0,0.0,negative,-0.4,negative,True,-0.4,awe,neutral,neutral,0.8516180515289307,0.0326991975307464,0.8516180515289307,0.1156827807426452
5946382015423168,still unacceptable considering fact s rain season should consider stopping power exports other countries let explain people still load shedding january expect end infact should come apologize mwee akakena apusa bally,False,-0.4939,negative,-0.4939,0.042,0.818,0.139,negative,-0.4939,negative,False,0.0,,negative,negative,0.8919991254806519,0.8919991254806519,0.1019755601882934,0.0060252789407968
1539253826550352,dalitso phiri yes everyone furious part prophecy including honest zambians went official page argue,False,-0.0258,neutral,-0.0258,0.271,0.452,0.276,neutral,-0.0258,neutral,False,0.0,,negative,negative,0.5406537055969238,0.5406537055969238,0.4204176366329193,0.0389286689460277
3589795364583913,bought units k400 given 191 units could problem,False,-0.4019,negative,-0.4019,0.0,0.722,0.278,negative,-0.4019,negative,False,0.0,,neutral,neutral,0.6661796569824219,0.314815878868103,0.6661796569824219,0.0190045498311519
1231153124161242,mmmmm finally something sensible now let s wait follow least know felt pressure people,False,-0.296,negative,-0.296,0.0,0.845,0.155,negative,-0.296,negative,False,0.0,,neutral,neutral,0.522026777267456,0.3230851292610168,0.522026777267456,0.1548881083726883
6877744568925424,mwansa mulenga ve tried s still refusing,False,-0.4019,negative,-0.4019,0.0,0.649,0.351,negative,-0.4019,negative,False,0.0,,neutral,neutral,0.5864959955215454,0.381935179233551,0.5864959955215454,0.0315688885748386
2248608598832483,promised 1st octomber,False,0.3612,positive,0.3612,0.556,0.444,0.0,positive,0.3612,positive,False,0.0,,neutral,neutral,0.7202991247177124,0.0117229651659727,0.7202991247177124,0.2679778635501861
516808784438740,01 10 24 how come mindolo police camp kitwe power 24 7,False,0.0,neutral,0.0,0.0,1.0,0.0,neutral,0.0,neutral,False,0.0,,neutral,neutral,0.9162643551826476,0.0507420301437377,0.9162643551826476,0.0329935997724533
3320933161503894,people stupid s point giving us schedule t stick,False,-0.25,negative,-0.25,0.222,0.463,0.315,negative,-0.25,negative,False,0.0,,negative,negative,0.9214654564857484,0.9214654564857484,0.0726910009980201,0.0058435462415218
752216810383734,hi ayesha seedat apologize inconvenienced caused kindly report outage outside load shedding schedule calling 322 speak agent use ussd code 3600 follow prompts download zesco app whatsapp number 260762626977 register fault assistance kind regards cj,False,0.6808,positive,0.6808,0.221,0.714,0.064,positive,0.6808,positive,False,0.0,,neutral,neutral,0.6425347328186035,0.3266631364822387,0.6425347328186035,0.0308021437376737
618831263798949,zesco limited power cut 11 00 group d schedule clearly states 14 00 22 00,False,-0.0772,negative,-0.0772,0.153,0.621,0.226,negative,-0.0772,negative,False,0.0,,neutral,neutral,0.54872727394104,0.4386115670204162,0.54872727394104,0.0126612046733498
1503149840177852,oh spoke too soon ve done job,False,0.0,neutral,0.0,0.0,1.0,0.0,neutral,0.0,neutral,False,0.0,,negative,negative,0.5702688694000244,0.5702688694000244,0.4017915725708008,0.0279396120458841
1499872127502187,hire qualified personel taking care such problems relatives morning surely unacceptable,False,0.1027,positive,0.1027,0.324,0.372,0.303,positive,0.1027,positive,False,0.0,,negative,negative,0.7821410298347473,0.7821410298347473,0.2016975283622741,0.0161614324897527
752952299080304,don t regret,False,-0.4215,negative,-0.4215,0.0,0.263,0.737,negative,-0.4215,negative,False,0.0,,neutral,neutral,0.6115853190422058,0.1906549781560897,0.6115853190422058,0.1977597624063491
1077796063324363,marie michelle heviamoorima pama weekends just going fair power go,False,0.3182,positive,0.3182,0.204,0.796,0.0,positive,0.3182,positive,False,0.0,,neutral,neutral,0.7344263195991516,0.0141295250505208,0.7344263195991516,0.2514441907405853
1195076778383619,grade 3 school drop asking apply ndola s just lusaka,False,-0.2732,negative,-0.2732,0.0,0.769,0.231,negative,-0.2732,negative,False,0.0,,neutral,neutral,0.8691863417625427,0.0649772956967353,0.8691863417625427,0.0658362656831741
548100504477085,power just came 20mins cut te pa 1 lelo,False,-0.2732,negative,-0.2732,0.0,0.769,0.231,negative,-0.2732,negative,False,0.0,,neutral,neutral,0.6003296375274658,0.360734611749649,0.6003296375274658,0.0389358215034008
1322434861928316,umungulufye first how suddenly start load shedding middle rain season tell people water october past ten years story same without solution,False,-0.2411,negative,-0.2411,0.0,0.911,0.089,negative,-0.2411,negative,False,0.0,,negative,negative,0.8092648386955261,0.8092648386955261,0.1825844496488571,0.0081506809219717
832210558868472,nonsense like nothing day please rethink stupid schedules waiting power around time t switching power ku 01 kwati ndise fwiti futi know useless reasonable timing switching power between 22 05 08 16 go work crying loud,False,-0.8876,negative,-0.8876,0.055,0.638,0.307,negative,-0.8876,negative,False,0.0,,negative,negative,0.8842893242835999,0.8842893242835999,0.1043864786624908,0.0113242948427796
3947884352135993,how check without power t just automatically update fima meters imwe s just inconvenience most competent,False,0.024,neutral,0.024,0.152,0.702,0.146,neutral,0.024,neutral,False,0.0,,negative,negative,0.7557022571563721,0.7557022571563721,0.2320072948932647,0.0122904498130083
1268172254402121,use solar check,False,0.0,neutral,0.0,0.0,1.0,0.0,neutral,0.0,neutral,False,0.0,,neutral,neutral,0.854735791683197,0.063732273876667,0.854735791683197,0.0815318897366523
564369692691968,icemeni needful,False,0.0,neutral,0.0,0.0,1.0,0.0,neutral,0.0,neutral,False,0.0,,neutral,neutral,0.7469554543495178,0.1315130293369293,0.7469554543495178,0.1215315014123916
502478876083855,moses miracle snr whatever,False,0.5859,positive,0.5859,0.559,0.441,0.0,positive,0.5859,positive,False,0.0,,neutral,neutral,0.817847490310669,0.0507938601076602,0.817847490310669,0.1313586235046386
1431917760926940,even refusing refund own units replacement faulty meter going since last year december need stop giving excuses those front desks even tuma attitudes inquiring zesco limited kawayawayafye ati doing systems upgrade come two go come another excuse employee go other department cause us favour pay service,False,-0.4404,negative,-0.4404,0.12,0.69,0.191,negative,-0.4404,negative,False,0.0,,negative,negative,0.778899610042572,0.778899610042572,0.2095133364200592,0.0115870237350463
1237943817078450,nothing happy still stand 12 hours loadsheading work done equal zero,False,-0.4585,negative,-0.4585,0.0,0.769,0.231,negative,-0.4585,negative,False,0.0,,negative,negative,0.8639224171638489,0.8639224171638489,0.1112566143274307,0.024820938706398
576871908619504,how update without power kindly advise,False,-0.3875,negative,-0.3875,0.0,0.655,0.345,negative,-0.3875,negative,False,0.0,,neutral,neutral,0.5412423014640808,0.4261276125907898,0.5412423014640808,0.032630082219839
1354677755466141,two teachers houses matunga day secondary school katete district eastern province haven t connected since 2019 busy complaining 6 weeks,False,-0.2023,negative,-0.2023,0.0,0.904,0.096,negative,-0.2023,negative,False,0.0,,negative,negative,0.7961337566375732,0.7961337566375732,0.1949518024921417,0.0089144892990589
707873887745003,mwelwa phillip yes s yours takes money run same people criticizing zesco government goes bankrupt,False,-0.5267,negative,-0.5267,0.136,0.556,0.308,negative,-0.5267,negative,False,0.0,,neutral,neutral,0.516296923160553,0.3949484229087829,0.516296923160553,0.0887546241283416
493540736030616,please load shedding pa weekend loadshed s time cook watch 19 hrs news morning make breakfast iron clothes,False,0.3182,positive,0.3182,0.126,0.874,0.0,positive,0.3182,positive,False,0.0,,neutral,neutral,0.7707566618919373,0.1512593179941177,0.7707566618919373,0.077983982861042
1366446937441510,nsama patrick let spiritual eyes open please,False,0.3182,positive,0.3182,0.277,0.723,0.0,positive,0.3182,positive,False,0.0,,neutral,neutral,0.7029328346252441,0.1824616193771362,0.7029328346252441,0.1146054863929748
9496256920444196,reverse unsuccessful transactions don t make us follow tokens offices,False,-0.3612,negative,-0.3612,0.0,0.762,0.238,negative,-0.3612,negative,False,0.0,,negative,negative,0.659114420413971,0.659114420413971,0.3265877664089203,0.0142977768555283
724725065639374,means seller also serious,False,-0.0772,negative,-0.0772,0.0,0.698,0.302,negative,-0.0772,negative,False,0.0,,neutral,neutral,0.7862228751182556,0.0784269422292709,0.7862228751182556,0.1353501379489898
824159145317028,6 hours kuti power 10hrs till now atase vama dongolilo,False,0.0,neutral,0.0,0.0,1.0,0.0,neutral,0.0,neutral,False,0.0,,neutral,neutral,0.9063872694969176,0.0256117582321167,0.9063872694969176,0.0680008828639984
1093095268856355,chanda chanda should next year since happened year,False,0.0,neutral,0.0,0.0,1.0,0.0,neutral,0.0,neutral,False,0.0,,neutral,neutral,0.786439836025238,0.0761924907565116,0.786439836025238,0.1373676061630249
1176666836760199,ve become foolish extent failing fulfill promised us call 3hrs stable,False,0.296,positive,0.296,0.4,0.316,0.284,positive,0.296,positive,False,0.0,,negative,negative,0.6730596423149109,0.6730596423149109,0.2899817824363708,0.0369585677981376
580034170149216,aweee imwee naimwe kafue ku nha hvnt power 2days now,False,0.0,neutral,0.0,0.0,1.0,0.0,neutral,0.0,neutral,False,0.0,,negative,negative,0.5234800577163696,0.5234800577163696,0.4157667756080627,0.0607531331479549
1539253826550352,moses chewe umutwe kwati ni zambia electric learn understand things naumonapo 12 hours apa,False,0.0,neutral,0.0,0.0,1.0,0.0,neutral,0.0,neutral,False,0.0,,neutral,neutral,0.8479010462760925,0.0834145322442054,0.8479010462760925,0.0686843693256378
1380815312686577,charles ilunga read also s making sense na time table yabo,False,0.0,neutral,0.0,0.0,1.0,0.0,neutral,0.0,neutral,False,0.0,,neutral,neutral,0.8413615226745605,0.0157641097903251,0.8413615226745605,0.1428743451833725
749123199973444,think should revise timetable loadshedding long hours criminals taking advantage long power cuts split hours into two hours avoid vandalism,False,-0.7269,negative,-0.7269,0.077,0.613,0.31,negative,-0.7269,negative,False,0.0,,negative,negative,0.8228940367698669,0.8228940367698669,0.1697894036769867,0.0073165628127753
6877744568925424,fred snr m just using airtel money,False,0.0,neutral,0.0,0.0,1.0,0.0,neutral,0.0,neutral,False,0.0,,neutral,neutral,0.7499490976333618,0.1811160743236541,0.7499490976333618,0.0689349323511123
944697196493811,economy crisis s world wide even better people south africans used load shedding,False,-0.296,negative,-0.296,0.171,0.588,0.241,negative,-0.296,negative,False,0.0,,negative,negative,0.7914334535598755,0.7914334535598755,0.1912422925233841,0.0173243209719657
428268609869139,ba zesco asking power ku kamwala south drink cold water,False,0.0,neutral,0.0,0.0,1.0,0.0,neutral,0.0,neutral,False,0.0,,neutral,neutral,0.855823278427124,0.0877483189105987,0.855823278427124,0.0564284101128578
3430242507299630,3 hours could ve better considering people home s mainly use fridges tv s don t consume lot power,False,0.4404,positive,0.4404,0.172,0.828,0.0,positive,0.4404,positive,False,0.0,,neutral,neutral,0.6669044494628906,0.0819145962595939,0.6669044494628906,0.2511809170246124
2182068691972856,titus masumbuku ivunda day made,False,0.0,neutral,0.0,0.0,1.0,0.0,neutral,0.0,neutral,False,0.0,,positive,positive,0.6125577092170715,0.0165285095572471,0.3709137737751007,0.6125577092170715
953911596108315,kindly update us ba section c time table showing power off 12 20hra just 06 power gone us prepared work u time table kindly needful zesco limited,False,0.7506,positive,0.7506,0.266,0.673,0.061,positive,0.7506,positive,False,0.0,,neutral,neutral,0.5991958975791931,0.3662683665752411,0.5991958975791931,0.0345357917249202
1262764498302089,call number meter number advisor inform meter upgraded,False,0.1531,positive,0.1531,0.302,0.698,0.0,positive,0.1531,positive,False,0.0,,neutral,neutral,0.9096202254295348,0.0539216436445713,0.9096202254295348,0.0364580415189266
1222158615368774,imwe ba zesco ninshi ifyabupuba u saying ati 18hrs now power gone 16 50 ninshi ifyabupuba awe twapapata just give us accurate timetable,False,0.0,neutral,-0.4,0.0,1.0,0.0,negative,-0.4,negative,True,-0.4,awe,neutral,neutral,0.5753987431526184,0.3947077095508575,0.5753987431526184,0.0298935826867818
1380815312686577,lingson mwanza balengamo futi muchizungu key word ni splits reduce,False,0.0,neutral,0.0,0.0,1.0,0.0,neutral,0.0,neutral,False,0.0,,neutral,neutral,0.8489034175872803,0.0945317894220352,0.8489034175872803,0.056564774364233
311057938684793,jason joshua always praise singer,False,0.5574,positive,0.5574,0.474,0.526,0.0,positive,0.5574,positive,False,0.0,,neutral,neutral,0.5391270518302917,0.0141431605443358,0.5391270518302917,0.4467297196388244
964210588218573,good morning consistently inconsistent group b solwezi power went off around 06 00 morning thought says 20 21 hours,False,0.4404,positive,0.4404,0.146,0.854,0.0,positive,0.4404,positive,False,0.0,,negative,negative,0.773705005645752,0.773705005645752,0.2119469046592712,0.0143481446430087
7499396103448309,chichi carter go day loadshedding trap,False,-0.3182,negative,-0.3182,0.0,0.685,0.315,negative,-0.3182,negative,False,0.0,,neutral,neutral,0.6533387899398804,0.3051690459251404,0.6533387899398804,0.0414921790361404
734501617841965,switching off very punctual switching back don t stick time,False,0.0,neutral,0.0,0.0,1.0,0.0,neutral,0.0,neutral,False,0.0,,neutral,neutral,0.8168327212333679,0.1348524242639541,0.8168327212333679,0.0483148470520973
1032543051998819,tika deluca lusaka residents,False,0.0,neutral,0.0,0.0,1.0,0.0,neutral,0.0,neutral,False,0.0,,neutral,neutral,0.916670262813568,0.0167318098247051,0.916670262813568,0.0665979236364364
847279377585164,gloriouse nuttip seems love sex,False,0.6369,positive,0.6369,0.512,0.488,0.0,positive,0.6369,positive,False,0.0,,neutral,neutral,0.4677744805812835,0.1081089451909065,0.4677744805812835,0.4241166114807129
1052945053170961,paul ngonde lukama before increasing tariff made understand how much zesco makes how much spend administrative costs plan truelly zesco loss making company zesco employs among most well renumeration workers idea thinking money solves management problems help country keep talking cost reflective tariff ask how much electricity north africa desert way cheaper need good management remove political hand zesco zesco always cash cow politicians recently starting pf government napsa also becoming cash cow deal real problems imaginary ones,False,0.6801,positive,0.6801,0.146,0.769,0.085,positive,0.6801,positive,False,0.0,,neutral,neutral,0.651497483253479,0.267143189907074,0.651497483253479,0.081359289586544
1132178137441275,ras zulus nkhalani chabe new body already kkkkk,False,0.0,neutral,0.0,0.0,1.0,0.0,neutral,0.0,neutral,False,0.0,,neutral,neutral,0.8409472107887268,0.0684246718883514,0.8409472107887268,0.0906281396746635
1567925287179979,rubbish telling writing even zambian citizen get paid better keep guys brought harm country than good,False,0.3182,positive,0.3182,0.26,0.583,0.157,positive,0.3182,positive,False,0.0,,negative,negative,0.8417580723762512,0.8417580723762512,0.1448690444231033,0.0133728990331292
1085244139231643,hi wìl lìámś apologize inconvenience caused please may confirm power restored appreciate patience regards cj,False,0.6486,positive,0.6486,0.413,0.469,0.117,positive,0.6486,positive,False,0.0,,neutral,neutral,0.7927995920181274,0.0749702900648117,0.7927995920181274,0.1322301477193832
579156810706802,lia exasperate people mwata kkkkk,False,0.0,neutral,0.0,0.0,1.0,0.0,neutral,0.0,neutral,False,0.0,,neutral,neutral,0.4967338740825653,0.4803446233272552,0.4967338740825653,0.0229215063154697
475797351387622,peace kandy bring even confusion let s see how unfolds smh,False,0.0,neutral,0.0,0.233,0.467,0.3,neutral,0.0,neutral,False,0.0,,negative,negative,0.4877488315105438,0.4877488315105438,0.4812496304512024,0.0310015231370925
610802407817623,joseph zulu working,False,0.0,neutral,0.0,0.0,1.0,0.0,neutral,0.0,neutral,False,0.0,,neutral,neutral,0.8753017783164978,0.0397618450224399,0.8753017783164978,0.0849362835288047
311057938684793,mirriam chilwashi m also surprised mwandi think,False,0.2263,positive,0.2263,0.275,0.725,0.0,positive,0.2263,positive,False,0.0,,neutral,neutral,0.8480241298675537,0.0941964164376258,0.8480241298675537,0.0577794723212718
577374840868329,chizapu simatimbe totally agree know people date never zesco go area wondering lives around those area s,False,0.4201,positive,0.4201,0.157,0.843,0.0,positive,0.4201,positive,False,0.0,,neutral,neutral,0.7689151763916016,0.0843078643083572,0.7689151763916016,0.146776869893074
921114285716864,thought 6 hours day kanshi fyabupuba every 6 hours until further notice kennedy simfukwe abraham breezy mwamba,False,0.0,neutral,-1.0,0.0,1.0,0.0,negative,-1.0,negative,True,-1.0,fyabupuba,neutral,neutral,0.9190735816955566,0.0274671614170074,0.9190735816955566,0.0534592680633068
837517727541875,philimo voice afrika hear sir,False,0.0,neutral,0.0,0.0,1.0,0.0,neutral,0.0,neutral,False,0.0,,neutral,neutral,0.8349042534828186,0.02475306391716,0.8349042534828186,0.1403426080942154
982520906125603,6 weeks already complaining na 1 year ilafika,False,-0.2023,negative,-0.2023,0.0,0.735,0.265,negative,-0.2023,negative,False,0.0,,negative,negative,0.6280184984207153,0.6280184984207153,0.3473699390888214,0.0246114581823349
516071323986339,david mukamba mukelabai also managed enter units,False,0.0,neutral,0.0,0.0,1.0,0.0,neutral,0.0,neutral,False,0.0,,neutral,neutral,0.9334802031517028,0.0233648139983415,0.9334802031517028,0.0431549996137619
489266630038074,load shedding options most follow socials now understand stand politically allow apolitical look issue because issue greens reds blues s issue affecting us directly personally celebrated president assured nation load shedding issue past quick highlight done two occasions president still affirmed position really shock us load shedding now want believe president hh shocked us challenge befallen us nation something done interim save few jobs around 1 begin 12 hours load shedding too way much 24 hours sleep 8 hours load shedded 12 hours now 4 hours work day now split into breaks 2 hours alone killed productivity many ways than imagine proposal load shedding must done equally places load shedding yet hospital nearby hours reduce must done equally 2 1 alternative sources energy looking foregoing best government look fuel pump prices quarterly opposed monthly case people able forecast longer t plan properly business becomes difficult 2 2 solar energy interactions socials chat president solar industry zambia regarding solar prices government efforts make costs affordable came interaction solar much good expensive alternative everyone afford ni mutengo wa mutima pwapwa naka nondo mbashela how many people afford proposal few solar energy able generate excess energy let allowed channel back into grid zesco should pay should also able encourage people companies go solar way 3 need 24 hour economy like now done repealing labor act mean tailoring business 6 employees instead firing half advent load shedding just split into night day whether power available night day production still goes won t sued going against labor laws business owner very important extremely important because load need shed happens mostly between 7am 5pm because those working hours currently spread hours literally shed load thereby increase productivity save jobs 4 let us change law power generation let private sector come invest power generation let people big money make solar farms sale electricity zesco let people set wind equipment energy generation sale zesco infrastructure distribute power concluding fellow zambians allow point crisis such requires concerted effort overcome president peaceful sleep knowing befallen nation let us unite common good country think things expensive now worse coming load shedding work together save ailing economy ackim katebe patriotic zambian,True,0.9862,positive,0.9862,0.161,0.777,0.063,negative,0.9862,negative,False,0.0,,neutral,neutral,0.5176475048065186,0.4298122227191925,0.5176475048065186,0.052540224045515
1338452506889039,towera same went 6hrs came back 13 30hrs s gone 20 30hrs don t know 6hrs talking,False,0.0,neutral,0.0,0.0,1.0,0.0,neutral,0.0,neutral,False,0.0,,neutral,neutral,0.545764684677124,0.4192309379577636,0.545764684677124,0.0350043810904026
656890259509193,speak power gone hope back 11 hrs watching,False,0.4404,positive,0.4404,0.293,0.707,0.0,positive,0.4404,positive,False,0.0,,neutral,neutral,0.7725298404693604,0.0328672118484973,0.7725298404693604,0.1946028769016266
2070074933423687,how think people small phones know same upgrade please order,False,0.3182,positive,0.3182,0.204,0.796,0.0,positive,0.3182,positive,False,0.0,,neutral,neutral,0.7379696369171143,0.1416853070259094,0.7379696369171143,0.1203450784087181
3411382362461599,strategy 6 first okay made x2 reduce 6 people say 6 better people very smart uluse,False,0.7778,positive,0.7778,0.438,0.562,0.0,positive,0.7778,positive,False,0.0,,positive,positive,0.9333564043045044,0.0064463214948773,0.0601972974836826,0.9333564043045044
1800858807049840,hi zindaba regret inconvenience caused please note cases may installations feeders switched off early delayed restoration may arise given time however mean schedule changed regards cj,False,-0.5994,negative,-0.5994,0.073,0.698,0.229,negative,-0.5994,negative,False,0.0,,neutral,neutral,0.5268493890762329,0.456460952758789,0.5268493890762329,0.0166897289454936
837954824387458,selina banda imagine only 9 units left,False,0.0,neutral,0.0,0.0,1.0,0.0,neutral,0.0,neutral,False,0.0,,neutral,neutral,0.8113054037094116,0.1183604970574379,0.8113054037094116,0.0703341364860534
475797351387622,susan j stephens plus zesco don t things time 6 hour periods ll running into 7 each ka 14 day,False,0.0,neutral,0.0,0.0,1.0,0.0,neutral,0.0,neutral,False,0.0,,neutral,neutral,0.873694121837616,0.0895982682704925,0.873694121837616,0.0367076396942138
168906859513905,please bwangu bwangu urgently need power very urgent,False,0.5256,positive,0.5256,0.423,0.577,0.0,positive,0.5256,positive,False,0.0,,neutral,neutral,0.5588845610618591,0.1214452385902404,0.5588845610618591,0.3196702003479004
6877744568925424,violet zimba u buying tokens thelis option saying zesco review tokens show u last three,False,0.0,neutral,0.0,0.0,1.0,0.0,neutral,0.0,neutral,False,0.0,,neutral,neutral,0.9270731210708618,0.0268780086189508,0.9270731210708618,0.0460488647222518
901209128559441,donald tembo awe ask,False,0.0,neutral,-0.4,0.0,1.0,0.0,negative,-0.4,negative,True,-0.4,awe,neutral,neutral,0.8388820886611938,0.0651425495743751,0.8388820886611938,0.0959753021597862
880439590817413,daniel kapandula mweene aaaah,False,0.0,neutral,0.0,0.0,1.0,0.0,neutral,0.0,neutral,False,0.0,,neutral,neutral,0.5624973773956299,0.0121369175612926,0.5624973773956299,0.4253656566143036
311438738223605,s clocking 6 months,False,0.0,neutral,0.0,0.0,1.0,0.0,neutral,0.0,neutral,False,0.0,,neutral,neutral,0.8473328351974487,0.0318736359477043,0.8473328351974487,0.1207935661077499
1491689211709555,today 1st useless post,False,-0.4215,negative,-0.4215,0.0,0.517,0.483,negative,-0.4215,negative,False,0.0,,negative,negative,0.9214441180229188,0.9214441180229188,0.0689285397529602,0.0096273496747016
1711668552902047,m sure now ve already drafted next excuse ll stable supply t trusted,False,0.7845,positive,0.7845,0.56,0.44,0.0,positive,0.7845,positive,False,0.0,,neutral,neutral,0.7552358508110046,0.043001540005207,0.7552358508110046,0.2017625272274017
1301232927887051,kaili switch power update,False,0.0,neutral,0.0,0.0,1.0,0.0,neutral,0.0,neutral,False,0.0,,neutral,neutral,0.9146434664726256,0.0319619663059711,0.9146434664726256,0.0533945262432098
915468582944674,m drunk m very alert crossing road look left right cars bikes look aeroplanes down bombs look back kidnappers hold beer tight start walking zigzag avoid bullets,False,-0.2748,negative,-0.2748,0.086,0.756,0.158,negative,-0.2748,negative,False,0.0,,negative,negative,0.5090976357460022,0.5090976357460022,0.4429536163806915,0.0479487963020801
646895960732188,thought m just alone,False,-0.25,negative,-0.25,0.0,0.5,0.5,negative,-0.25,negative,False,0.0,,negative,negative,0.4978893995285034,0.4978893995285034,0.4672609865665436,0.0348496511578559
1366446937441510,nsama patrick,False,0.0,neutral,0.0,0.0,1.0,0.0,neutral,0.0,neutral,False,0.0,,neutral,neutral,0.8206782341003418,0.0715115517377853,0.8206782341003418,0.1078102439641952
128374143619540,nibwezeleni k10 kept trying trying,False,0.0,neutral,0.0,0.0,1.0,0.0,neutral,0.0,neutral,False,0.0,,neutral,neutral,0.8178995251655579,0.0873284935951232,0.8178995251655579,0.0947719886898994
293758669717165,bought units didn t receive token numbers,False,0.0,neutral,0.0,0.0,1.0,0.0,neutral,0.0,neutral,False,0.0,,neutral,neutral,0.6025300025939941,0.3823956549167633,0.6025300025939941,0.0150743685662746
1725700918274479,ba zesco limited bring power dead night witching hour how expect us check power,False,-0.7351,negative,-0.7351,0.0,0.659,0.341,negative,-0.7351,negative,False,0.0,,negative,negative,0.6325131058692932,0.6325131058692932,0.3505952358245849,0.0168916638940572
543396097838713,thawila simataa schedule effective monday 9 january 2023,False,0.4767,positive,0.4767,0.341,0.659,0.0,positive,0.4767,positive,False,0.0,,neutral,neutral,0.9372428059577942,0.0153413070365786,0.9372428059577942,0.0474158786237239
7441442685951742,hey shibeleka shakalima caesar apologise inconvenience caused kindly share meter number assistance es,False,0.7003,positive,0.7003,0.47,0.404,0.126,positive,0.7003,positive,False,0.0,,neutral,neutral,0.5995504856109619,0.375264048576355,0.5995504856109619,0.0251854266971349
988561902286469,erica chayi oho s kanshi finally managed,False,0.0,neutral,0.0,0.0,1.0,0.0,neutral,0.0,neutral,False,0.0,,neutral,neutral,0.839730441570282,0.0223769582808017,0.839730441570282,0.1378926485776901
956196666351546,bright mwape mainsa mwape zesco guys serious,False,0.3818,positive,0.3818,0.315,0.543,0.141,positive,0.3818,positive,False,0.0,,neutral,neutral,0.7025741338729858,0.0199918206781148,0.7025741338729858,0.2774339914321899
1638398146614982,mwewa kennedy praise inbox,False,0.5574,positive,0.5574,0.545,0.455,0.0,positive,0.5574,positive,False,0.0,,neutral,neutral,0.8083126544952393,0.0279849544167518,0.8083126544952393,0.1637023985385894
475797351387622,susan j stephens imagine absolutely difference fuckery highest order,False,0.0,neutral,0.0,0.0,1.0,0.0,neutral,0.0,neutral,False,0.0,,negative,negative,0.8958184719085693,0.8958184719085693,0.0940696895122528,0.0101117780432105
492494133024925,u already switched off 11hours meaning 7 hours lelo aweh shuwa,False,0.0,neutral,0.0,0.0,1.0,0.0,neutral,0.0,neutral,False,0.0,,neutral,neutral,0.7853534817695618,0.1708252876996994,0.7853534817695618,0.0438211932778358
618831263798949,nhamo afiya chiwila stay,False,0.0,neutral,0.0,0.0,1.0,0.0,neutral,0.0,neutral,False,0.0,,neutral,neutral,0.8529719710350037,0.0532256811857223,0.8529719710350037,0.0938024073839187
823574169989210,john mapoma jr whole senior management must resign failed institution,False,-0.6908,negative,-0.6908,0.0,0.584,0.416,negative,-0.6908,negative,False,0.0,,negative,negative,0.9153473377227784,0.9153473377227784,0.0774573758244514,0.0071953497827053
2299770710224782,lameck jalika pipo won t understand go through comment without leading above bwafya zambia,False,0.5719,positive,0.5719,0.236,0.764,0.0,positive,0.5719,positive,False,0.0,,negative,negative,0.8592195510864258,0.8592195510864258,0.1321135312318802,0.0086668590083718
3877960815826928,mwikatupenya meters looks like updated sure,False,0.5859,positive,0.5859,0.545,0.455,0.0,positive,0.5859,positive,False,0.0,,neutral,neutral,0.8626124262809753,0.0408544279634952,0.8626124262809753,0.0965332239866256
492310796602094,christine joanna julio exactly,False,0.0,neutral,0.0,0.0,1.0,0.0,neutral,0.0,neutral,False,0.0,,neutral,neutral,0.9102658033370972,0.0417705662548542,0.9102658033370972,0.0479636341333389
594218649408376,please ba zesco thing technical challenges 1st every month should addressed seriously many us buy units 1st every month surprising get experince challenges could please ensure efficiency online platforms submit,False,0.8658,positive,0.8658,0.378,0.577,0.045,positive,0.8658,positive,False,0.0,,neutral,neutral,0.5553191900253296,0.3795084357261657,0.5553191900253296,0.0651724264025688
592076799855818,how going check update because siyambwela malaiti kuno kwatu,False,0.0,neutral,0.0,0.0,1.0,0.0,neutral,0.0,neutral,False,0.0,,neutral,neutral,0.7073644995689392,0.2608798742294311,0.7073644995689392,0.0317556448280811
3042702465872753,kuno ku mansa noticed kuti s october let s hope maintain stability,False,0.4404,positive,0.4404,0.244,0.756,0.0,positive,0.4404,positive,False,0.0,,neutral,neutral,0.8750132918357849,0.0183635894209146,0.8750132918357849,0.1066231131553649
530851722153204,incompetence zesco che kaya take president pump sense into stagger outages something commoner think,False,-0.5106,negative,-0.5106,0.0,0.798,0.202,negative,-0.5106,negative,False,0.0,,negative,negative,0.7170171737670898,0.7170171737670898,0.2663660049438476,0.0166169013828039
564043215736577,load shedding way fuel prices being increased reduced hard make solid decision once,False,0.3182,positive,0.3182,0.245,0.662,0.093,positive,0.3182,positive,False,0.0,,negative,negative,0.5293803811073303,0.5293803811073303,0.4287845194339752,0.0418350994586944
2410661519273097,zesco should unbundled into three generation distinction marketing let generation done private companies distribution should monopolized zesco let zesco distribute peri urban areas rea rural areas private companies town way forget loadsheding zesco,False,-0.4215,negative,-0.4215,0.0,0.891,0.109,negative,-0.4215,negative,False,0.0,,neutral,neutral,0.787788987159729,0.1320132911205291,0.787788987159729,0.0801977589726448
667471854997744,doc george nkhoma kkkkk guys u need really push push,False,0.0,neutral,0.0,0.0,1.0,0.0,neutral,0.0,neutral,False,0.0,,neutral,neutral,0.6405247449874878,0.0396997965872287,0.6405247449874878,0.3197754621505737
5860234267355942,manje tizachita bwanji apa previous load shading schedule going use electricity 23 00hrs 05 00hrs s better give us power 05 17 hrs zesco failing nation,False,-0.1027,negative,-0.1027,0.099,0.788,0.113,negative,-0.1027,negative,False,0.0,,negative,negative,0.6993409395217896,0.6993409395217896,0.2849598526954651,0.0156992096453905
1090654236363564,kay besa must jokers,False,0.0,neutral,0.0,0.0,1.0,0.0,neutral,0.0,neutral,False,0.0,,neutral,neutral,0.8241803646087646,0.0858807042241096,0.8241803646087646,0.0899390280246734
217759364548969,makasa martin should buy power pa 1 same buy other day,False,0.0,neutral,0.0,0.0,1.0,0.0,neutral,0.0,neutral,False,0.0,,neutral,neutral,0.8730969429016113,0.055363330990076,0.8730969429016113,0.0715397521853447
5702244013221636,rita goma ni beans sweetie pipo kaya mwandi,False,0.4939,positive,0.4939,0.314,0.686,0.0,positive,0.4939,positive,False,0.0,,neutral,neutral,0.6441071033477783,0.0539349243044853,0.6441071033477783,0.3019580245018005
8556098244482014,imwe bafikala stable power supply promised sipa 1 october lelo,False,0.5719,positive,0.5719,0.402,0.598,0.0,positive,0.5719,positive,False,0.0,,neutral,neutral,0.7490548491477966,0.0729820802807807,0.7490548491477966,0.1779630482196808
624553022955708,eric bulaya received token d,False,0.0,neutral,0.0,0.0,1.0,0.0,neutral,0.0,neutral,False,0.0,,neutral,neutral,0.9030841588974,0.0267183445394039,0.9030841588974,0.0701974853873252
610802407817623,evelyn kapanga network back bane try,False,0.0,neutral,0.0,0.0,1.0,0.0,neutral,0.0,neutral,False,0.0,,neutral,neutral,0.8506921529769897,0.0797722414135932,0.8506921529769897,0.0695356354117393
1525885331255257,lie area experiencing 18 20 hour s load shedding every single day s pathetic,False,-0.5719,negative,-0.5719,0.0,0.748,0.252,negative,-0.5719,negative,False,0.0,,negative,negative,0.9323129653930664,0.9323129653930664,0.0614025928080081,0.0062844338826835
534011082795785,ven dar kkkkk chakikamisha brother,False,0.0,neutral,0.0,0.0,1.0,0.0,neutral,0.0,neutral,False,0.0,,neutral,neutral,0.8232404589653015,0.0536452494561672,0.8232404589653015,0.1231142655014991
918822943645810,saviour alingo chisanga answers,False,0.0,neutral,0.0,0.0,1.0,0.0,neutral,0.0,neutral,False,0.0,,neutral,neutral,0.9122102856636048,0.042033564299345,0.9122102856636048,0.0457562208175659
1121216469314009,livingstone zesco best far,False,0.6369,positive,0.6369,0.583,0.417,0.0,positive,0.6369,positive,False,0.0,,positive,positive,0.7379228472709656,0.0073699690401554,0.2547072172164917,0.7379228472709656
513652114864664,natasha mwaba way tired eating eggs kapenta soya chunks awe ba zesco make sin,False,-0.7579,negative,-1.0,0.0,0.649,0.351,negative,-1.0,negative,True,-0.4,awe,negative,negative,0.7879511713981628,0.7879511713981628,0.2011415213346481,0.0109073240309953
686154626334892,ikalenifye mwilatwangasha rain season manje mu october,False,0.0,neutral,0.0,0.0,1.0,0.0,neutral,0.0,neutral,False,0.0,,neutral,neutral,0.8565493226051331,0.0870045199990272,0.8565493226051331,0.0564461648464202
569264788736735,hope system normalize before day breaks otherwise units done hungry bored plus work stand now,False,0.2023,positive,0.2023,0.161,0.722,0.117,positive,0.2023,positive,False,0.0,,negative,negative,0.6962754726409912,0.6962754726409912,0.2773963212966919,0.0263281688094139
547271547324936,george siamalambo s restored kabwata area,False,0.34,positive,0.34,0.375,0.625,0.0,positive,0.34,positive,False,0.0,,neutral,neutral,0.8813799023628235,0.0628146380186081,0.8813799023628235,0.0558054447174072
836797997402076,ba zesco ni problem yabwanji yamene muli nayo how working like aini 05 13 17 20 malaiti yayenda s problem ninshi mwakulatufwaila ifyakulya provide other needs aini imwe wow just wow ve failed totally unacceptable such disgrace,False,-0.6549,negative,-0.6549,0.189,0.523,0.289,negative,-0.6549,negative,False,0.0,,negative,negative,0.7345165014266968,0.7345165014266968,0.2492114007472992,0.0162721052765846
541130431730854,zesco talk too much people need action today first october,False,0.0,neutral,0.0,0.0,1.0,0.0,neutral,0.0,neutral,False,0.0,,negative,negative,0.8244462013244629,0.8244462013244629,0.1623942553997039,0.0131595442071557
915708749422175,great s better than 12 hours straight,False,0.836,positive,0.836,0.748,0.252,0.0,positive,0.836,positive,False,0.0,,positive,positive,0.9709323644638062,0.0064466502517461,0.0226210262626409,0.9709323644638062
1281787743172394,updated even without power cos short notice don t even supply power according schedule also should 40 secs only entering 20 digit token huh wait minute count down ve singing mwankalako serious once weh,False,-0.0772,negative,-0.0772,0.0,0.961,0.039,negative,-0.0772,negative,False,0.0,,negative,negative,0.7621798515319824,0.7621798515319824,0.2251988053321838,0.0126213487237691
942246410094802,good switching off than switching,False,0.4404,positive,0.4404,0.42,0.58,0.0,positive,0.4404,positive,False,0.0,,positive,positive,0.5206276774406433,0.0960437059402465,0.3833286464214325,0.5206276774406433
859834229600014,definition toxic relationship,False,0.0,neutral,0.0,0.0,1.0,0.0,neutral,0.0,neutral,False,0.0,,negative,negative,0.6632788181304932,0.6632788181304932,0.306065022945404,0.0306561924517154
1212784172667362,people want play us ve seen,False,0.4019,positive,0.4019,0.481,0.519,0.0,positive,0.4019,positive,False,0.0,,neutral,neutral,0.6494201421737671,0.3109780251979828,0.6494201421737671,0.0396018698811531
1479688996132867,jackson kay kalonda exactly,False,0.0,neutral,0.0,0.0,1.0,0.0,neutral,0.0,neutral,False,0.0,,neutral,neutral,0.8761628270149231,0.0677716508507728,0.8761628270149231,0.0560655668377876
1032171577953568,imagine 42 days sure,False,0.3182,positive,0.3182,0.434,0.566,0.0,positive,0.3182,positive,False,0.0,,neutral,neutral,0.7869658470153809,0.0490923449397087,0.7869658470153809,0.1639418452978134
862925762541040,zesco limited may please circulating schedule day before changes quite inconveniencing knowing new week s schedule possible make monthly advance thank please,False,0.6369,positive,0.6369,0.273,0.654,0.073,positive,0.6369,positive,False,0.0,,neutral,neutral,0.6405534744262695,0.3022851943969726,0.6405534744262695,0.0571613311767578
552549073451291,nanga ija inangu taimu tebo,False,0.0,neutral,0.0,0.0,1.0,0.0,neutral,0.0,neutral,False,0.0,,neutral,neutral,0.8506830930709839,0.0955203026533126,0.8506830930709839,0.0537966452538967
492310796602094,christine joanna julio meter works without power just press,False,0.0,neutral,0.0,0.0,1.0,0.0,neutral,0.0,neutral,False,0.0,,neutral,neutral,0.8838276267051697,0.0495594665408134,0.8838276267051697,0.0666129291057586
847971889809116,power went kuma 11 came back kuma 18 hours now 19 58 yaya switch wrong place nagu nishi switch power ku chimwemwe ala,False,-0.4767,negative,-0.4767,0.0,0.876,0.124,negative,-0.4767,negative,False,0.0,,neutral,neutral,0.6796686053276062,0.2978861927986145,0.6796686053276062,0.0224452186375856
1569780666806418,don t care how u interpret think wise person better n encouraging having power 18 hours 24 hours 75 24 hours looking forward further deductions hours,False,0.9118,positive,0.9118,0.399,0.601,0.0,positive,0.9118,positive,False,0.0,,positive,positive,0.5719980597496033,0.0396179445087909,0.3883839249610901,0.5719980597496033
1231244388148338,bashi kabunda mingalato bamudala zambia forward imwe,False,0.0,neutral,0.0,0.0,1.0,0.0,neutral,0.0,neutral,False,0.0,,neutral,neutral,0.8315856456756592,0.0809270218014717,0.8315856456756592,0.0874873101711273
254334127508667,new dawn found useless creatures,False,-0.4215,negative,-0.4215,0.0,0.588,0.412,negative,-0.4215,negative,False,0.0,,negative,negative,0.8522140383720398,0.8522140383720398,0.1337813735008239,0.0140044940635561
2041725376176828,tax payer s money busy,False,0.0,neutral,0.0,0.0,1.0,0.0,neutral,0.0,neutral,False,0.0,,neutral,neutral,0.6503027081489563,0.2544510662555694,0.6503027081489563,0.0952461808919906
1439060506976290,please remember end 2026 start laying off workers work zesco now time settle ensure whatever salary get put good use ukwali insoke takwafwile umuntu necisosa naco cipa amano forewarned forearmed uli achuulu uukwiila,False,0.7783,positive,0.7783,0.206,0.794,0.0,positive,0.7783,positive,False,0.0,,neutral,neutral,0.6309607028961182,0.296785831451416,0.6309607028961182,0.0722534358501434
1539253826550352,bally vote,False,0.0,neutral,0.0,0.0,1.0,0.0,neutral,0.0,neutral,False,0.0,,neutral,neutral,0.7551591396331787,0.0802829563617706,0.7551591396331787,0.1645579040050506
1161742034820147,s longer 8hours zesco limited s getting hand luanshya cut power around 05 coming back 17hours 14 even 15 timetable changed supposed cut power around 13 today cut 11 30 coming back around 21 15 ninshi want alarms nangushani because re very fast comes cutting power,False,-0.6771,negative,-0.6771,0.086,0.685,0.23,negative,-0.6771,negative,False,0.0,,negative,negative,0.5120362639427185,0.5120362639427185,0.4733969569206238,0.0145667381584644
2498876370301527,carter bay say,False,0.0,neutral,0.0,0.0,1.0,0.0,neutral,0.0,neutral,False,0.0,,neutral,neutral,0.8577271103858948,0.0698533430695533,0.8577271103858948,0.0724195390939712
648295807070819,problem zambia always like politicking president move comfort zone fault finding mission med energy experts told reduction number loadshedding usual other people seeing positive move different lenses,False,0.6808,positive,0.6808,0.321,0.535,0.144,positive,0.6808,positive,False,0.0,,negative,negative,0.6048191785812378,0.6048191785812378,0.3711906671524048,0.0239901412278413
1331690454041080,monica malama silwamba sister awe awe imwe should thousand reasons lol,False,0.4215,positive,-0.3785,0.219,0.781,0.0,negative,-0.3785,negative,True,-0.8,awe,positive,positive,0.5734983682632446,0.0270515605807304,0.3994500041007995,0.5734983682632446
951348460234781,how place 005 without power,False,0.0,neutral,0.0,0.0,1.0,0.0,neutral,0.0,neutral,False,0.0,,negative,negative,0.5845780968666077,0.5845780968666077,0.3930135369300842,0.0224083438515663
610802407817623,ruth bwanga bout 200 given 82,False,0.0,neutral,0.0,0.0,1.0,0.0,neutral,0.0,neutral,False,0.0,,neutral,neutral,0.8924910426139832,0.035851277410984,0.8924910426139832,0.0716576129198074
668791911656365,reconsider alternating load shedding hours tired just having power 11hrs 17hrs every day dark every night,True,-0.4404,negative,-0.4404,0.0,0.838,0.162,negative,-0.4404,negative,False,0.0,,negative,negative,0.7309775352478027,0.7309775352478027,0.2536790370941162,0.0153434770181775
1064695111311518,lelo nipa wanu okutoba shani ka thing promised,False,0.3612,positive,0.3612,0.263,0.737,0.0,positive,0.3612,positive,False,0.0,,neutral,neutral,0.7623302936553955,0.0857229903340339,0.7623302936553955,0.1519467234611511
549020607150674,zesco just needs unbundled also need competition monopoly yours means treat customers way like because else go,False,0.6369,positive,0.6369,0.257,0.743,0.0,positive,0.6369,positive,False,0.0,,neutral,neutral,0.4943502843379974,0.4562576711177826,0.4943502843379974,0.0493920370936393
1681413012651571,meé burñà thank,False,0.3612,positive,0.3612,0.556,0.444,0.0,positive,0.3612,positive,False,0.0,,neutral,neutral,0.6636664867401123,0.0571466535329818,0.6636664867401123,0.2791869044303894
847279377585164,mweene omedy keny know tonga let s politicize even something affect lot zambia just because certain ethnic group,False,0.2732,positive,0.2732,0.116,0.884,0.0,positive,0.2732,positive,False,0.0,,negative,negative,0.5845238566398621,0.5845238566398621,0.3940082788467407,0.0214678235352039
890603003152694,hi ephron soko thank reaching kindly note adjustment power rationing schedule entailing supply between 2hrs 7hrs per day especially peak hours night temporary adjustment due unavailability 330 megawatts power imports arising import route constraints sincerely apologize inconvenience caused regards cj,False,0.8176,positive,0.8176,0.247,0.701,0.052,positive,0.8176,positive,False,0.0,,neutral,neutral,0.7898977398872375,0.1690322458744049,0.7898977398872375,0.0410700216889381
489266630038074,ackim katebe money come u written how u stabilise economy featuring same time u expect u written done 1year 4 months,False,0.0,neutral,0.0,0.0,1.0,0.0,neutral,0.0,neutral,False,0.0,,neutral,neutral,0.7800505757331848,0.1587566286325454,0.7800505757331848,0.0611927881836891
1064385481806396,mitshelle mitchy k katewile chani baba lelo,False,0.0,neutral,0.0,0.0,1.0,0.0,neutral,0.0,neutral,False,0.0,,neutral,neutral,0.8255425095558167,0.1221443265676498,0.8255425095558167,0.0523132421076297
1539253826550352,isaac zulu too didn t sit well reality now us see,False,0.2732,positive,0.2732,0.189,0.811,0.0,positive,0.2732,positive,False,0.0,,negative,negative,0.7651389837265015,0.7651389837265015,0.2273013889789581,0.0075595979578793
1017811669249469,beatrice shalom ntang replacement below par,False,0.0,neutral,0.0,0.0,1.0,0.0,neutral,0.0,neutral,False,0.0,,neutral,neutral,0.7447206377983093,0.2056224197149276,0.7447206377983093,0.0496568717062473
678087460627687,tutu kasuli eeeeh ba kapata kuno ma us still enjoying 24 7 supply,False,0.5267,positive,0.5267,0.236,0.764,0.0,positive,0.5267,positive,False,0.0,,neutral,neutral,0.7817086577415466,0.0294273532927036,0.7817086577415466,0.1888640522956848
3431772370424891,get imwe ba zesco kutumpoku yesterday power went 12 came 23 woke 05 went came 13 30 17 s gone awe too much,False,0.0,neutral,-0.4,0.0,1.0,0.0,negative,-0.4,negative,True,-0.4,awe,neutral,neutral,0.6514208912849426,0.2399909347295761,0.6514208912849426,0.1085881367325782
1090654236363564,david kunda mupanga yakosa k10,False,0.0,neutral,0.0,0.0,1.0,0.0,neutral,0.0,neutral,False,0.0,,neutral,neutral,0.8915683627128601,0.0476397946476936,0.8915683627128601,0.0607919357717037
579463417922799,awe want just cut completely pantu use power doesn t come while awake kwaliba amaliti ayesa na 02hrs 03hrs yaya elo re busy asking us buy k10 units now used charge kuma dollar nama genset mwe,False,-0.2023,negative,-0.6023000000000001,0.036,0.907,0.058,negative,-0.6023000000000001,negative,True,-0.4,awe,negative,negative,0.5840014815330505,0.5840014815330505,0.3956107497215271,0.0203878432512283
644107217775772,namakau lubasi bought got less units,False,0.0,neutral,0.0,0.0,1.0,0.0,neutral,0.0,neutral,False,0.0,,neutral,neutral,0.5755787491798401,0.3847502768039703,0.5755787491798401,0.0396709479391574
8568999953161611,al kabiye uko just leave us,False,-0.0516,negative,-0.0516,0.0,0.806,0.194,negative,-0.0516,negative,False,0.0,,negative,negative,0.6649704575538635,0.6649704575538635,0.3152257204055786,0.0198038220405578
1163113941452762,lol trading excess anyone better fye leave appliances,True,0.6705,positive,0.6705,0.479,0.42,0.101,negative,0.6705,negative,False,0.0,,negative,negative,0.5978785753250122,0.5978785753250122,0.3600105345249176,0.0421107932925224
1359240402134655,zesco limited kindly sharing day before planning purposes system helping either check using ussd response load shedding scheduled area,False,0.743,positive,0.743,0.327,0.598,0.076,positive,0.743,positive,False,0.0,,neutral,neutral,0.6408776640892029,0.3352578580379486,0.6408776640892029,0.0238644406199455
1356239715051294,zesco limited meanwood ndeke lusaka power now started going 06hrs 20hrs s excuse part group c,False,-0.1531,negative,-0.1531,0.086,0.789,0.125,negative,-0.1531,negative,False,0.0,,neutral,neutral,0.665808379650116,0.3124097883701324,0.665808379650116,0.0217818468809127
618831263798949,zesco limited complete bullsh t re following stated time group d e only paper,False,-0.2263,negative,-0.2263,0.0,0.84,0.16,negative,-0.2263,negative,False,0.0,,neutral,neutral,0.861350953578949,0.1010959967970848,0.861350953578949,0.0375530049204826
841449014595749,chilufya chinombwe zambia electrometer,False,0.0,neutral,0.0,0.0,1.0,0.0,neutral,0.0,neutral,False,0.0,,neutral,neutral,0.8381962180137634,0.084250122308731,0.8381962180137634,0.0775537490844726
543684474353285,chilala junior muhyila thanks need give update also,False,0.4404,positive,0.4404,0.293,0.707,0.0,positive,0.4404,positive,False,0.0,,neutral,neutral,0.7763904929161072,0.0179185140877962,0.7763904929161072,0.2056910097599029
1043768537239482,foolishness blaming hh while lungu administration used loot mukula tree lungu messed climate deforestation comes idiot blaming hh current situation,False,-0.9313,negative,-0.9313,0.0,0.502,0.498,negative,-0.9313,negative,False,0.0,,negative,negative,0.9288473725318908,0.9288473725318908,0.0659089311957359,0.0052437027916312
1592824934504453,shadre garcia mwanza iweh,False,0.0,neutral,0.0,0.0,1.0,0.0,neutral,0.0,neutral,False,0.0,,neutral,neutral,0.8519623875617981,0.0426104515790939,0.8519623875617981,0.1054272055625915
311057938684793,mambwe kalwila adrian ambulance,False,0.0,neutral,0.0,0.0,1.0,0.0,neutral,0.0,neutral,False,0.0,,neutral,neutral,0.8214913606643677,0.0726386085152626,0.8214913606643677,0.1058700084686279
441254438285010,even follow timetable coz kuno don t belong group apo kaya,False,0.0,neutral,0.0,0.0,1.0,0.0,neutral,0.0,neutral,False,0.0,,negative,negative,0.6782641410827637,0.6782641410827637,0.3100697100162506,0.011666128411889
1898771650503518,hurry sorting problem don t enough units wait too long,False,-0.4019,negative,-0.4019,0.0,0.748,0.252,negative,-0.4019,negative,False,0.0,,negative,negative,0.8318915367126465,0.8318915367126465,0.1560386419296264,0.012069777585566
1149469195755648,chanda kasongo kaunda square stage 2 got double load shedding kind,False,0.5267,positive,0.5267,0.274,0.726,0.0,positive,0.5267,positive,False,0.0,,neutral,neutral,0.4924128353595733,0.4847320020198822,0.4924128353595733,0.0228551216423511
1005670357251191,scoring many other fronts hope resolve issue soon,False,0.6705,positive,0.6705,0.478,0.522,0.0,positive,0.6705,positive,False,0.0,,positive,positive,0.4966856837272644,0.0467000640928745,0.4566141664981842,0.4966856837272644
697366508700436,like breaking girl twice day yaba way 2026 zesco vote alone,False,0.128,positive,0.128,0.185,0.667,0.148,positive,0.128,positive,False,0.0,,neutral,neutral,0.8157110810279846,0.1233888119459152,0.8157110810279846,0.0609000362455844
1312096596869539,struggle translate into mean loadsheding over,False,-0.3182,negative,-0.3182,0.0,0.685,0.315,negative,-0.3182,negative,False,0.0,,negative,negative,0.725318431854248,0.725318431854248,0.2571922838687897,0.0174893345683813
418604890897874,mark mwandila pray come pa zesco page sin ndipo ve suffered,False,-0.6705,negative,-0.6705,0.135,0.468,0.398,negative,-0.6705,negative,False,0.0,,neutral,neutral,0.5515267252922058,0.4090632498264313,0.5515267252922058,0.0394100360572338
1128801438953530,bebetty yenesha dear esteemed customer informed zesco limited currently updating customer information residential customers exercise running 1 september 2024 30 november 2024 kindly update information sending meter number phone number residential address nearest landmark geographical location whatsapp number 260 762 626977 dial 3600 select option 11 information call call centre line 260 211 363636 322 visit nearest zesco walk centre thank cooperation,False,0.8885,positive,0.8885,0.233,0.74,0.027,positive,0.8885,positive,False,0.0,,neutral,neutral,0.8967384696006775,0.0268482323735952,0.8967384696006775,0.0764133259654045
1350116349095015,ba zesco mulebombesha introduced half time kuli load shedding,False,0.0,neutral,0.0,0.0,1.0,0.0,neutral,0.0,neutral,False,0.0,,neutral,neutral,0.8005192875862122,0.1604994535446167,0.8005192875862122,0.0389812216162681
1361256761308377,oh remember tactics using call reverse reduction meaning increase 200 reduce 100,False,0.3182,positive,0.3182,0.173,0.827,0.0,positive,0.3182,positive,False,0.0,,neutral,neutral,0.7986676692962646,0.1440532654523849,0.7986676692962646,0.0572790615260601
724725065639374,protasio mwelwa jr sales man understands assignment,False,0.0,neutral,0.0,0.0,1.0,0.0,neutral,0.0,neutral,False,0.0,,neutral,neutral,0.7051385045051575,0.0275045689195394,0.7051385045051575,0.2673569321632385
901209128559441,tolopa m jurat imagine,False,0.0,neutral,0.0,0.0,1.0,0.0,neutral,0.0,neutral,False,0.0,,neutral,neutral,0.734159529209137,0.1249141469597816,0.734159529209137,0.1409263759851455
318945434035329,csm csm could point,False,0.0,neutral,0.0,0.0,1.0,0.0,neutral,0.0,neutral,False,0.0,,neutral,neutral,0.8694737553596497,0.0527942180633544,0.8694737553596497,0.0777319967746734
6877744568925424,mwansa mulenga 3600 working,False,0.0,neutral,0.0,0.0,1.0,0.0,neutral,0.0,neutral,False,0.0,,neutral,neutral,0.8744050860404968,0.0331527851521968,0.8744050860404968,0.0924421548843383
969682887335614,don t think working power since 6hrs today 12 45hrs,False,0.0,neutral,0.0,0.0,1.0,0.0,neutral,0.0,neutral,False,0.0,,negative,negative,0.5085346102714539,0.5085346102714539,0.4708836078643799,0.0205818098038434
920255582684080,power went 5 30 comes 13 43 feedback iyo,False,0.0,neutral,0.0,0.0,1.0,0.0,neutral,0.0,neutral,False,0.0,,neutral,neutral,0.8208125829696655,0.0754822418093681,0.8208125829696655,0.1037051603198051
2640596836083446,linda chikumbi how elo things mu fridge,False,0.0,neutral,0.0,0.0,1.0,0.0,neutral,0.0,neutral,False,0.0,,neutral,neutral,0.9335219860076904,0.0228294767439365,0.9335219860076904,0.0436485596001148
1248977712870266,wants bet group e next schedule 22 00 01 00 hours,False,0.0,neutral,0.0,0.0,1.0,0.0,neutral,0.0,neutral,False,0.0,,neutral,neutral,0.908454179763794,0.0330470986664295,0.908454179763794,0.0584987252950668
427194769547971,chitambo mbewe re thinking people given 12hrs during day hours work 6hrs means people work 6hrs during day bad small scale businesses,False,-0.5423,negative,-0.5423,0.0,0.857,0.143,negative,-0.5423,negative,False,0.0,,neutral,neutral,0.488998681306839,0.4784621894359588,0.488998681306839,0.0325390845537185
450507421367067,tony muzo awe s too much,False,0.0,neutral,-0.4,0.0,1.0,0.0,negative,-0.4,negative,True,-0.4,awe,neutral,neutral,0.5788304209709167,0.2883391678333282,0.5788304209709167,0.1328303515911102
935348788601274,hi namwaka nana wasilota regret inconvenience caused please note cases may installations feeders switched off early delayed restoration may arise given time however mean schedule changed only due system constraints published schedules remain same regards cj,False,-0.5994,negative,-0.5994,0.055,0.771,0.173,negative,-0.5994,negative,False,0.0,,neutral,neutral,0.5802673101425171,0.401241660118103,0.5802673101425171,0.0184910539537668
501129308798021,kumba kuku diallo aish,False,0.0,neutral,0.0,0.0,1.0,0.0,neutral,0.0,neutral,False,0.0,,neutral,neutral,0.8189321160316467,0.1306621581315994,0.8189321160316467,0.0504057854413986
1350227855844217,least 6 weeks ifwe ma 3 years,False,0.0,neutral,0.0,0.0,1.0,0.0,neutral,0.0,neutral,False,0.0,,neutral,neutral,0.8189976215362549,0.0415509156882762,0.8189976215362549,0.1394513249397277
1076544780741227,goodmorning today first,False,0.0,neutral,0.0,0.0,1.0,0.0,neutral,0.0,neutral,False,0.0,,positive,positive,0.8620344996452332,0.0049814968369901,0.1329839825630188,0.8620344996452332
709666733886586,mwansa mukuka m thinking limbi nachilalisha napusa ayakusundilako awe tukose,False,0.0,neutral,-0.4,0.0,1.0,0.0,negative,-0.4,negative,True,-0.4,awe,neutral,neutral,0.8726546168327332,0.0701639354228973,0.8726546168327332,0.0571814626455307
3690441941208138,si 1st october lelo kansi,False,0.0,neutral,0.0,0.0,1.0,0.0,neutral,0.0,neutral,False,0.0,,neutral,neutral,0.8990918397903442,0.0446833483874797,0.8990918397903442,0.0562247037887573
1371532063594197,haddasa esther too bad bally fixing us sure,False,-0.296,negative,-0.296,0.195,0.508,0.297,negative,-0.296,negative,False,0.0,,negative,negative,0.7092871069908142,0.7092871069908142,0.2686321139335632,0.0220808517187833
904205397420066,chandah chandah mwaiche ewee,False,0.0,neutral,0.0,0.0,1.0,0.0,neutral,0.0,neutral,False,0.0,,neutral,neutral,0.5478126406669617,0.0172724910080432,0.5478126406669617,0.4349148273468017
3377351919165072,today power went than 6times giving us list,False,0.34,positive,0.34,0.255,0.745,0.0,positive,0.34,positive,False,0.0,,neutral,neutral,0.6547868251800537,0.2924821078777313,0.6547868251800537,0.052731093019247
1093095268856355,mulenga adrian u explain simply saying having power 3 hours per day,False,0.0,neutral,0.0,0.0,1.0,0.0,neutral,0.0,neutral,False,0.0,,neutral,neutral,0.8734408617019653,0.0729008391499519,0.8734408617019653,0.053658403456211
750017720575912,area ndola 17 01 almost month now s really unfair thought s supposed change weekly,False,-0.5256,negative,-0.5256,0.0,0.78,0.22,negative,-0.5256,negative,False,0.0,,negative,negative,0.8525219559669495,0.8525219559669495,0.1404418051242828,0.0070362510159611
779466737124065,teachers loans government workers loans private workers loans zamcash loans new teachers loans zamcash loans 30 seconds zamcash 2 minutes,False,0.0,neutral,0.0,0.0,1.0,0.0,neutral,0.0,neutral,False,0.0,,neutral,neutral,0.8714971542358398,0.06052066385746,0.8714971542358398,0.0679822564125061
1220697095185978,david chewe nothing removal piiyeeffu problem started 2014 mistaken,False,-0.0624,negative,-0.0624,0.192,0.595,0.213,negative,-0.0624,negative,False,0.0,,negative,negative,0.6856568455696106,0.6856568455696106,0.2991965115070343,0.0151466485112905
1322610832456208,mukuka lushomo gonna feed families,False,0.0,neutral,0.0,0.0,1.0,0.0,neutral,0.0,neutral,False,0.0,,neutral,neutral,0.709334135055542,0.0676129087805748,0.709334135055542,0.2230530530214309
573241117525191,imwe ba zesco limited silverest area past 2 days power comes 01am cuts 05am 4hours opposed standard 6hours supposed s going henry kapata,False,-0.4767,negative,-0.4767,0.0,0.823,0.177,negative,-0.4767,negative,False,0.0,,negative,negative,0.5052245259284973,0.5052245259284973,0.4738116860389709,0.0209637377411127
518066994189067,mu zo part hired represent,False,0.0,neutral,0.0,0.0,1.0,0.0,neutral,0.0,neutral,False,0.0,,neutral,neutral,0.8410955667495728,0.0598137974739074,0.8410955667495728,0.0990905985236167
1271945307451767,how low sink ba zesco surely proudly giving deadline knowing vry well failed deliver same power talking how bad situation reached how expect pipo take serious because clearly thr logic sense,False,0.5994,positive,0.5994,0.326,0.454,0.22,positive,0.5994,positive,False,0.0,,negative,negative,0.8357596397399902,0.8357596397399902,0.1524580419063568,0.0117822336032986
656955689226492,susan mulenga zulu m still failing,False,-0.5106,negative,-0.5106,0.0,0.548,0.452,negative,-0.5106,negative,False,0.0,,negative,negative,0.6558204293251038,0.6558204293251038,0.3238463103771209,0.0203333497047424
921314262582264,john mulenga loadshedding new compared passed through muli adada,False,0.0,neutral,0.0,0.0,1.0,0.0,neutral,0.0,neutral,False,0.0,,neutral,neutral,0.90813547372818,0.0572091937065124,0.90813547372818,0.0346554107964038
292846056448213,s back online,False,0.0,neutral,0.0,0.0,1.0,0.0,neutral,0.0,neutral,False,0.0,,neutral,neutral,0.6538816094398499,0.0114498194307088,0.6538816094398499,0.3346685767173767
2503679246506239,tumba le vivré masters comply,False,0.0,neutral,0.0,0.0,1.0,0.0,neutral,0.0,neutral,False,0.0,,neutral,neutral,0.8164423704147339,0.0476582907140255,0.8164423704147339,0.1358994096517563
3988612268023542,1st october power since yesterday 11 hours ba zesiko mwema samba mbata,False,0.0,neutral,0.0,0.0,1.0,0.0,neutral,0.0,neutral,False,0.0,,neutral,neutral,0.8991948962211609,0.0173255503177642,0.8991948962211609,0.0834795832633972
558946559494916,sound dull man,False,-0.4019,negative,-0.4019,0.0,0.426,0.574,negative,-0.4019,negative,False,0.0,,negative,negative,0.7734563946723938,0.7734563946723938,0.1956434547901153,0.0309001859277486
686040593192313,end well zesco over run 6 hrs 7 8 hrs twice day loadshedding end into 14 to16 hrs loadshedding per day,False,0.2732,positive,0.2732,0.11,0.89,0.0,positive,0.2732,positive,False,0.0,,neutral,neutral,0.8166791200637817,0.0273113213479518,0.8166791200637817,0.1560095995664596
1513088685989791,imwe bafikile nipa 1 ifyo mwayamba,False,0.0,neutral,0.0,0.0,1.0,0.0,neutral,0.0,neutral,False,0.0,,neutral,neutral,0.7999828457832336,0.1090419143438339,0.7999828457832336,0.0909752175211906
930146739044579,don t power please tell us another way check prepaid without power,False,0.3182,positive,0.3182,0.187,0.813,0.0,positive,0.3182,positive,False,0.0,,negative,negative,0.6522651314735413,0.6522651314735413,0.3310999870300293,0.0166349988430738
543743174876584,want power stability zeo,False,0.0772,positive,0.0772,0.302,0.698,0.0,positive,0.0772,positive,False,0.0,,neutral,neutral,0.7511689066886902,0.103137731552124,0.7511689066886902,0.1456933766603469
491322200621450,zesco limited how haven t supplying us power silverest forget prepaid meters only active power available trying mock us behavior giving us power 30 mins things gotten bad only supply us power 30 mins tell us s happening,False,-0.6124,negative,-0.6124,0.113,0.664,0.223,negative,-0.6124,negative,False,0.0,,negative,negative,0.9097766280174256,0.9097766280174256,0.0841382518410682,0.0060850754380226
1064385481806396,erica mwewa pain good straight heart,False,0.128,positive,0.128,0.432,0.27,0.297,positive,0.128,positive,False,0.0,,neutral,neutral,0.6241973638534546,0.0793025270104408,0.6241973638534546,0.2965002059936523
932327372058526,net metering vaupuba just restore power atase,False,0.296,positive,0.296,0.268,0.732,0.0,positive,0.296,positive,False,0.0,,neutral,neutral,0.713833749294281,0.2058861404657364,0.713833749294281,0.080280102789402
957257449022006,uncle ticky real tho,False,0.0,neutral,0.0,0.0,1.0,0.0,neutral,0.0,neutral,False,0.0,,neutral,neutral,0.7866422533988953,0.0733371376991272,0.7866422533988953,0.1400206238031387
186078374484005,country too big people too many don t expect everything happen time,False,0.0,neutral,0.0,0.0,1.0,0.0,neutral,0.0,neutral,False,0.0,,neutral,neutral,0.4855494201183319,0.4807479679584503,0.4855494201183319,0.0337025709450244
5952209791544982,zesco limited everyone complaining failures stick times always cutting early connecting late embarrasing govt hakainde hichilema w k mutale nalumango energy regulation board erb,False,-0.6249,negative,-0.6249,0.077,0.623,0.3,negative,-0.6249,negative,False,0.0,,negative,negative,0.8966850638389587,0.8966850638389587,0.0966446176171302,0.0066703176125884
1077101027019576,woke 02 morning stand line vote stayed till 15hrs s time life il never recover,False,0.0,neutral,0.0,0.0,1.0,0.0,neutral,0.0,neutral,False,0.0,,negative,negative,0.8761500716209412,0.8761500716209412,0.116133838891983,0.0077161262743175
3921559501407227,how upgrade without power ayi,False,0.0,neutral,0.0,0.0,1.0,0.0,neutral,0.0,neutral,False,0.0,,neutral,neutral,0.6301199793815613,0.3198675811290741,0.6301199793815613,0.0500124171376228
8363272740435473,even people trust zesco country,False,0.5106,positive,0.5106,0.452,0.548,0.0,positive,0.5106,positive,False,0.0,,neutral,neutral,0.7016714215278625,0.1390282362699508,0.7016714215278625,0.1593003422021865
1594917784453736,bob kakumbi kulumbwa ask,False,0.0,neutral,0.0,0.0,1.0,0.0,neutral,0.0,neutral,False,0.0,,neutral,neutral,0.9115791916847228,0.0410005301237106,0.9115791916847228,0.0474203415215015
8207205366024150,kennedy muzyamba t believe played like three year old,False,0.5994,positive,0.5994,0.45,0.55,0.0,positive,0.5994,positive,False,0.0,,neutral,neutral,0.8380326628684998,0.077492244541645,0.8380326628684998,0.0844751223921775
714946996642118,paipa zesco limited yankala na first second half nika bola manje,False,-0.2263,negative,-0.2263,0.0,0.84,0.16,negative,-0.2263,negative,False,0.0,,neutral,neutral,0.8586072325706482,0.0783327519893646,0.8586072325706482,0.0630600750446319
594664932833537,actually during pf k780 connection fee now paying k5600 while other than connected please fire director,False,-0.0258,neutral,-0.0258,0.123,0.749,0.128,neutral,-0.0258,neutral,False,0.0,,negative,negative,0.8053237199783325,0.8053237199783325,0.1852890700101852,0.0093871336430311
1539253826550352,isaac zulu true increase volume,False,0.6249,positive,0.6249,0.63,0.37,0.0,positive,0.6249,positive,False,0.0,,neutral,neutral,0.8797587752342224,0.0185788348317146,0.8797587752342224,0.1016624942421913
2758961437568042,imwe ba zesco load shedding only applies areas places ma plot,False,0.0,neutral,0.0,0.0,1.0,0.0,neutral,0.0,neutral,False,0.0,,neutral,neutral,0.7672281861305237,0.2038697749376297,0.7672281861305237,0.0289020705968141
445278351308826,kaya ise group week cause 6 14 awe ba zesco mwandi,False,0.0,neutral,-0.4,0.0,1.0,0.0,negative,-0.4,negative,True,-0.4,awe,neutral,neutral,0.8473386168479919,0.0783570259809494,0.8473386168479919,0.074304461479187
1259562757957102,saidi masili banda since ni champions league kuli ma group stages na ma knock outs,False,0.5267,positive,0.5267,0.195,0.805,0.0,positive,0.5267,positive,False,0.0,,neutral,neutral,0.8668422698974609,0.0384042859077453,0.8668422698974609,0.0947533920407295
1681413012651571,ninshi ndiwe ka activist kuma 24,False,0.0,neutral,0.0,0.0,1.0,0.0,neutral,0.0,neutral,False,0.0,,neutral,neutral,0.9000787734985352,0.0339064598083496,0.9000787734985352,0.0660148188471794
2216626628706016,ka promise kalya ati shani ni pa wanu lelo,False,0.3182,positive,0.3182,0.223,0.777,0.0,positive,0.3182,positive,False,0.0,,neutral,neutral,0.8098297715187073,0.1141798421740531,0.8098297715187073,0.0759904012084007
890179399251123,micah m mbewe naiwe nzelu ulibe mbuya,False,0.0,neutral,0.0,0.0,1.0,0.0,neutral,0.0,neutral,False,0.0,,neutral,neutral,0.8478061556816101,0.0510971173644065,0.8478061556816101,0.1010967269539833
1536375690209571,means power cut twice restored twice 12 hours still stands,False,0.0772,positive,0.0772,0.192,0.64,0.168,positive,0.0772,positive,False,0.0,,neutral,neutral,0.8350729942321777,0.1262779682874679,0.8350729942321777,0.0386489704251289
967967008188073,zesco limited power gone 05 55 till now nothing s over 8 hours s going,False,-0.2263,negative,-0.2263,0.0,0.853,0.147,negative,-0.2263,negative,False,0.0,,negative,negative,0.8544766306877136,0.8544766306877136,0.1364746987819671,0.0090486891567707
851116133455292,feli lex wouldn t bitter 3 hours electricity okay ba feli,False,-0.2263,negative,-0.2263,0.162,0.598,0.239,negative,-0.2263,negative,False,0.0,,neutral,neutral,0.7819344997406006,0.1285413652658462,0.7819344997406006,0.0895241722464561
891803565355681,y changing time giving power us chalala family trust every night power s really bad change time,False,0.228,positive,0.228,0.265,0.558,0.176,positive,0.228,positive,False,0.0,,negative,negative,0.8874965906143188,0.8874965906143188,0.1046811863780021,0.0078222835436463
1112572957094230,belinda thole s power power restored ninshi tuli kuma bar,False,0.34,positive,0.34,0.231,0.769,0.0,positive,0.34,positive,False,0.0,,neutral,neutral,0.8640074133872986,0.0193630829453468,0.8640074133872986,0.1166296005249023
2555169691314009,zesco limited s fine since don t money buy units,False,-0.0258,neutral,-0.0258,0.186,0.619,0.196,neutral,-0.0258,neutral,False,0.0,,neutral,neutral,0.6867993474006653,0.1465524584054947,0.6867993474006653,0.1666482239961624
441218815638092,isn t same schedule having,False,0.0,neutral,0.0,0.0,1.0,0.0,neutral,0.0,neutral,False,0.0,,neutral,neutral,0.8368615508079529,0.120965376496315,0.8368615508079529,0.0421730130910873
1663660647510775,ati 123 kwati tupuba,False,0.0,neutral,0.0,0.0,1.0,0.0,neutral,0.0,neutral,False,0.0,,neutral,neutral,0.8670951724052429,0.0829218253493309,0.8670951724052429,0.0499830842018127
488157330134602,little know zesco time introduce break time like schools meanwhile time learning remains 12 00,False,0.3612,positive,0.3612,0.152,0.848,0.0,positive,0.3612,positive,False,0.0,,neutral,neutral,0.7746028900146484,0.1719155758619308,0.7746028900146484,0.0534814931452274
688893926352354,year year nima regret chabe polotishans sing same song fixed loadshedding mulungu naye avala pompi yamvula zambia needs long term alternate energy solutions actual solutions pakanwafye,False,0.1779,positive,0.1779,0.182,0.726,0.092,positive,0.1779,positive,False,0.0,,negative,negative,0.6083498597145081,0.6083498597145081,0.3668125569820404,0.0248375423252582
534155958660120,even option just please re s driving us,False,0.3182,positive,0.3182,0.277,0.723,0.0,positive,0.3182,positive,False,0.0,,negative,negative,0.5727552175521851,0.5727552175521851,0.3839609324932098,0.0432837903499603
797443682087152,mwila m milambo managed buy lusaka,False,0.0,neutral,0.0,0.0,1.0,0.0,neutral,0.0,neutral,False,0.0,,neutral,neutral,0.8865909576416016,0.0539104267954826,0.8865909576416016,0.0594986379146575
987006009760428,meah chulu yes maybe,False,0.4019,positive,0.4019,0.474,0.526,0.0,positive,0.4019,positive,False,0.0,,neutral,neutral,0.697138249874115,0.031972836703062,0.697138249874115,0.2708888947963714
489266630038074,ackim katebe beyond president look guys honesty president innocent power cuts hight time people man behind,False,0.5267,positive,0.5267,0.269,0.625,0.106,positive,0.5267,positive,False,0.0,,negative,negative,0.4726468026638031,0.4726468026638031,0.4693549275398254,0.057998239994049
888458732606058,how come s loadshedding area even near clinic anything,False,0.0,neutral,0.0,0.0,1.0,0.0,neutral,0.0,neutral,False,0.0,,negative,negative,0.8043695688247681,0.8043695688247681,0.1824424415826797,0.0131879663094878
899680144399564,nothing good still comes same before l left work power l come back 17hrs power yayenda come 23hrs efinshi ifi,False,-0.3412,negative,-0.3412,0.0,0.876,0.124,negative,-0.3412,negative,False,0.0,,negative,negative,0.7165828943252563,0.7165828943252563,0.2367935925722122,0.0466235131025314
3036557793303467,quote zesco limited default structured load shedding exercise staggering each outage minimum 6 hour period end quote case didn t see masebela bhati,False,-0.2263,negative,-0.2263,0.0,0.913,0.087,negative,-0.2263,negative,False,0.0,,neutral,neutral,0.5845475196838379,0.3974713683128357,0.5845475196838379,0.0179811380803585
5702244013221636,power yet back new schedule effective today also dialed 3600 option 7 gave meter number today s schedule given wondering power yet t even stick timetable make yourselves,False,0.5267,positive,0.5267,0.161,0.839,0.0,positive,0.5267,positive,False,0.0,,negative,negative,0.6667147874832153,0.6667147874832153,0.3142068982124328,0.0190783720463514
565328749437260,bule kaira sleep wake power won t just wait till s back,False,0.5719,positive,0.5719,0.291,0.709,0.0,positive,0.5719,positive,False,0.0,,neutral,neutral,0.7970994710922241,0.1015480458736419,0.7970994710922241,0.1013524904847145
1513984719324060,s 1 october s plan,False,0.0,neutral,0.0,0.0,1.0,0.0,neutral,0.0,neutral,False,0.0,,neutral,neutral,0.8789493441581726,0.0300630033016204,0.8789493441581726,0.0909876972436904
531528582802053,don t need know net metering coz today load shedding thing past thank zesco limited,False,0.1531,positive,0.1531,0.152,0.732,0.116,positive,0.1531,positive,False,0.0,,neutral,neutral,0.5827882289886475,0.3490089178085327,0.5827882289886475,0.0682029128074646
723374332470540,possible zesco limited show load management schedule next day strongly feel would helpful than current day quite obvious anyone figure know outage times following day adequate time plan,False,0.5994,positive,0.5994,0.208,0.734,0.058,positive,0.5994,positive,False,0.0,,neutral,neutral,0.7770896553993225,0.0722615718841552,0.7770896553993225,0.1506488025188446
1112572957094230,katongo chitebakatongo chiteba 05 gone,False,0.0,neutral,0.0,0.0,1.0,0.0,neutral,0.0,neutral,False,0.0,,neutral,neutral,0.7281168699264526,0.2173778414726257,0.7281168699264526,0.0545053035020828
1149469195755648,chanda kasongo 6 hrs plus 6 hrs 12 hrs sprit into 2 6 hrs ll go,False,0.0,neutral,0.0,0.0,1.0,0.0,neutral,0.0,neutral,False,0.0,,neutral,neutral,0.8863336443901062,0.0319066680967807,0.8863336443901062,0.0817597284913063
1085032883086669,mwaba patrick musonda cpc acc well,False,0.2732,positive,0.2732,0.296,0.704,0.0,positive,0.2732,positive,False,0.0,,neutral,neutral,0.897368311882019,0.0215380191802978,0.897368311882019,0.0810936316847801
1546921865941095,stability boasting parliament 2 weeks ago hmmmmm,False,0.0,neutral,0.0,0.0,1.0,0.0,neutral,0.0,neutral,False,0.0,,neutral,neutral,0.9167109131813048,0.048594556748867,0.9167109131813048,0.0346945933997631
853539713619064,chabo ta thanks lol,True,0.6908,positive,0.6908,0.74,0.26,0.0,negative,0.6908,negative,False,0.0,,neutral,neutral,0.5320228338241577,0.0276777297258377,0.5320228338241577,0.4402994215488434
492310796602094,christine joanna julio imagine power expect us update,False,0.0,neutral,0.0,0.0,1.0,0.0,neutral,0.0,neutral,False,0.0,,neutral,neutral,0.8858015537261963,0.0187567733228206,0.8858015537261963,0.0954416394233703
899401224750301,nda bile call pressure,False,-0.296,negative,-0.296,0.0,0.577,0.423,negative,-0.296,negative,False,0.0,,negative,negative,0.6087864637374878,0.6087864637374878,0.3502975106239319,0.0409159995615482
1215579079549987,chipemubanga tembo need show us how update without electricity,False,0.0,neutral,0.0,0.0,1.0,0.0,neutral,0.0,neutral,False,0.0,,neutral,neutral,0.8155234456062317,0.1288775503635406,0.8155234456062317,0.0555989891290664
632722258658619,6 months ago fare apapene walipile paid 2016,False,0.0,neutral,0.0,0.0,1.0,0.0,neutral,0.0,neutral,False,0.0,,neutral,neutral,0.8597204685211182,0.0633808970451355,0.8597204685211182,0.0768985897302627
618831263798949,nhamo afiya chiwila imagine now ridiculous,False,-0.3612,negative,-0.3612,0.0,0.667,0.333,negative,-0.3612,negative,False,0.0,,negative,negative,0.5437102913856506,0.5437102913856506,0.4166346788406372,0.0396550819277763
918822943645810,saviour alingo chisanga imagine,False,0.0,neutral,0.0,0.0,1.0,0.0,neutral,0.0,neutral,False,0.0,,neutral,neutral,0.8610138893127441,0.0656239688396453,0.8610138893127441,0.0733621343970298
987006009760428,meah chulu must fault 03 schedule,False,-0.4019,negative,-0.4019,0.0,0.649,0.351,negative,-0.4019,negative,False,0.0,,neutral,neutral,0.6309797763824463,0.3178455829620361,0.6309797763824463,0.0511746406555175
964197191290443,ine everything s happening blame bally,False,-0.34,negative,-0.34,0.0,0.625,0.375,negative,-0.34,negative,False,0.0,,negative,negative,0.6739535927772522,0.6739535927772522,0.3095945417881012,0.0164518430829048
1042546530442790,even better us s 6 years now,False,0.4404,positive,0.4404,0.42,0.58,0.0,positive,0.4404,positive,False,0.0,,positive,positive,0.9277074337005616,0.0048773349262773,0.0674152597784996,0.9277074337005616
754014609808724,diana kakula kauseni same,False,0.0,neutral,0.0,0.0,1.0,0.0,neutral,0.0,neutral,False,0.0,,neutral,neutral,0.8646075129508972,0.0796732380986213,0.8646075129508972,0.0557192228734493
644107217775772,nangwabale l nalishiwa eh too bad think try calling,False,-0.5423,negative,-0.5423,0.0,0.667,0.333,negative,-0.5423,negative,False,0.0,,negative,negative,0.7527981996536255,0.7527981996536255,0.2360250651836395,0.0111766923218965
595452543049190,zesco ine m confused because prepaid meter letters how enter kct 1 kct 2 please,False,0.0,neutral,0.0,0.158,0.685,0.158,neutral,0.0,neutral,False,0.0,,neutral,neutral,0.6966341137886047,0.2794649302959442,0.6966341137886047,0.0239009726792573
1681413012651571,dennis zulu iwe dubai rains power 24 7,False,0.0,neutral,0.0,0.0,1.0,0.0,neutral,0.0,neutral,False,0.0,,neutral,neutral,0.8807384967803955,0.0159054398536682,0.8807384967803955,0.1033559739589691
922482935421191,us power went monday around 23 upto now,False,0.0,neutral,0.0,0.0,1.0,0.0,neutral,0.0,neutral,False,0.0,,neutral,neutral,0.9281160235404968,0.0155066838487982,0.9281160235404968,0.0563772693276405
2251977241829025,melinda k banda always say t wait voted tired want,False,-0.3818,negative,-0.3818,0.127,0.588,0.284,negative,-0.3818,negative,False,0.0,,neutral,neutral,0.5824874639511108,0.365658164024353,0.5824874639511108,0.0518543422222137
887467009989212,point time doubt even true possible whole minister lied tv unless speaking matters lacks competence,False,-0.296,negative,-0.296,0.195,0.55,0.255,negative,-0.296,negative,False,0.0,,negative,negative,0.8390169143676758,0.8390169143676758,0.1507108807563781,0.0102721853181719
918822943645810,saviour alingo chisanga mashilu imwe aya please,False,0.3182,positive,0.3182,0.277,0.723,0.0,positive,0.3182,positive,False,0.0,,neutral,neutral,0.836222767829895,0.0628371313214302,0.836222767829895,0.1009400561451911
8207205366024150,kennedy muzyamba lucky 3hrs us lusaka 3hrs every 2 3days,False,0.4215,positive,0.4215,0.259,0.741,0.0,positive,0.4215,positive,False,0.0,,neutral,neutral,0.8095716238021851,0.0155394785106182,0.8095716238021851,0.1748888492584228
973737307890749,uhmmmm ba zesco limited sure nipa 1 lelo ili bwanji sichu,False,0.1027,positive,0.1027,0.189,0.656,0.156,positive,0.1027,positive,False,0.0,,neutral,neutral,0.8891550302505493,0.0351105779409408,0.8891550302505493,0.0757343396544456
1357331375102374,kuno power went 06hours 12 20 yet back aah kaya mwe,False,0.0,neutral,0.0,0.0,1.0,0.0,neutral,0.0,neutral,False,0.0,,neutral,neutral,0.7535421252250671,0.1486618816852569,0.7535421252250671,0.0977960154414177
489266630038074,ackim katebe check brother note comment lighter note,False,0.0,neutral,0.0,0.0,1.0,0.0,neutral,0.0,neutral,False,0.0,,neutral,neutral,0.8918927311897278,0.0596422739326953,0.8918927311897278,0.0484650246798992
1406178173351497,hi mirriam mwewa regret inconvenience caused please note cases may installations feeders switched off early delayed restoration may arise given time however mean schedule changed only due system constraints published schedules remain same regards cj,False,-0.5994,negative,-0.5994,0.057,0.765,0.178,negative,-0.5994,negative,False,0.0,,neutral,neutral,0.5737249851226807,0.4093385636806488,0.5737249851226807,0.0169364791363477
702399248085203,six miles s now 8hrs without power please let s serious us depend same power feed children,False,-0.3098,negative,-0.3098,0.0,0.799,0.201,negative,-0.3098,negative,False,0.0,,negative,negative,0.6103085279464722,0.6103085279464722,0.3576911687850952,0.0320003144443035
826269962437006,rebecca becky banda rangton,False,0.0,neutral,0.0,0.0,1.0,0.0,neutral,0.0,neutral,False,0.0,,neutral,neutral,0.8891628980636597,0.0233414769172668,0.8891628980636597,0.0874956771731376
894857098201135,disturbing frustrating ba zesco just completely shutdown power until kariba dam gets full starts overflowing just exporting power neighbouring countries public expense otherwise tiring,False,-0.7351,negative,-0.7351,0.0,0.78,0.22,negative,-0.7351,negative,False,0.0,,negative,negative,0.8935194611549377,0.8935194611549377,0.1000830754637718,0.0063974717631936
1628658844662216,angela baker exactly waiting,False,0.0,neutral,0.0,0.0,1.0,0.0,neutral,0.0,neutral,False,0.0,,neutral,neutral,0.7196596264839172,0.0139710968360304,0.7196596264839172,0.2663692831993103
1366446937441510,nsama patrick mose chosen god unlike hh chosen human being always compare god humans earthly issues please let god alone just pray forgiven hh also should just sincere thank,False,0.9287,positive,0.9287,0.459,0.491,0.049,positive,0.9287,positive,False,0.0,,neutral,neutral,0.5214399695396423,0.4087185859680176,0.5214399695396423,0.0698413997888565
518066994189067,wont see heaven,False,-0.4023,negative,-0.4023,0.0,0.425,0.575,negative,-0.4023,negative,False,0.0,,negative,negative,0.656108021736145,0.656108021736145,0.2864136695861816,0.057478342205286
3024817774331054,work done equals zero,False,0.0,neutral,0.0,0.0,1.0,0.0,neutral,0.0,neutral,False,0.0,,neutral,neutral,0.5978876352310181,0.2691399157047272,0.5978876352310181,0.1329724937677383
1681413012651571,dennis zulu presindent once said dubai rain power 24 7 t dubai power,False,0.0,neutral,0.0,0.0,1.0,0.0,neutral,0.0,neutral,False,0.0,,neutral,neutral,0.9088006615638732,0.0370458178222179,0.9088006615638732,0.0541536137461662
807091348033010,group e let s create whatsapp group wake each other 24 charge phones iron cook beans just celebrate watch electricity,False,0.7003,positive,0.7003,0.266,0.734,0.0,positive,0.7003,positive,False,0.0,,neutral,neutral,0.6094695329666138,0.0108278905972838,0.6094695329666138,0.379702627658844
570498601194220,zambians deserves better management resources than how wish people leadership would feel pain anguish general public undergoing through such petty decisions being implemented first thing first stop exporting power those called neighboring countries until stable measures attained country secondly rearrange top management removing cadres offices high importance,False,-0.0258,neutral,-0.0258,0.197,0.62,0.183,neutral,-0.0258,neutral,False,0.0,,negative,negative,0.8096346259117126,0.8096346259117126,0.1763191372156143,0.0140462601557374
1085032883086669,chomba lesa malembeka imagine people,False,0.0,neutral,0.0,0.0,1.0,0.0,neutral,0.0,neutral,False,0.0,,neutral,neutral,0.6094476580619812,0.3454802334308624,0.6094476580619812,0.0450721904635429
546850294398405,highest mediocrity ever experienced country s sad painful see kind nonsense being accepted tolerated deserve better knew ready stabilize power should just kept quiet,False,0.2263,positive,0.2263,0.304,0.418,0.279,positive,0.2263,positive,False,0.0,,negative,negative,0.9094891548156738,0.9094891548156738,0.0822211056947708,0.0082897711545228
1450787622191278,patience kalipa ask page wise opposition,False,0.4767,positive,0.4767,0.383,0.617,0.0,positive,0.4767,positive,False,0.0,,neutral,neutral,0.8212480545043945,0.0738687291741371,0.8212480545043945,0.1048832386732101
6164825023528034,beverly kunda moore kkkkk asking let sleep now,False,0.0,neutral,0.0,0.0,1.0,0.0,neutral,0.0,neutral,False,0.0,,neutral,neutral,0.8863298892974854,0.0519752725958824,0.8863298892974854,0.0616949349641799
552697647224346,lulu nkowani nguni s too much two lines mu yard kwinangu power group c awe sure,False,0.3182,positive,-0.0818,0.15,0.85,0.0,negative,-0.0818,negative,True,-0.4,awe,neutral,neutral,0.745140552520752,0.186412051320076,0.745140552520752,0.0684474110603332
1311207946549485,sure only targeted customers following facebook,False,0.3182,positive,0.3182,0.315,0.685,0.0,positive,0.3182,positive,False,0.0,,neutral,neutral,0.6418257355690002,0.3049748241901397,0.6418257355690002,0.0531994551420211
1581010249505049,nanga 06 09hrs 19 22hrs ina lakwa chani because timetable residential areas giving us nothing wonder planned smh,False,0.5207,positive,0.5207,0.214,0.786,0.0,positive,0.5207,positive,False,0.0,,negative,negative,0.7331973910331726,0.7331973910331726,0.2538838982582092,0.0129187041893601
1334967317338464,17 23 awe s easy thieves break elo s rain season,False,-0.1027,negative,-0.5027,0.22,0.53,0.25,negative,-0.5027,negative,True,-0.4,awe,neutral,neutral,0.6344080567359924,0.0316570438444614,0.6344080567359924,0.3339348435401916
5843493245732642,zesco lie humble how power go 23hrs come back 05hrs go 8hr trying lie 6hrs load shedding,False,0.0,neutral,0.0,0.0,1.0,0.0,neutral,0.0,neutral,False,0.0,,negative,negative,0.8625606894493103,0.8625606894493103,0.1290854215621948,0.008353903889656
1116756016627970,work even don t power,False,0.0,neutral,0.0,0.0,1.0,0.0,neutral,0.0,neutral,False,0.0,,neutral,neutral,0.513453483581543,0.4066691100597381,0.513453483581543,0.0798773616552352
1157102772410348,hi thandi anna letwaba apologize inconvenience caused please note timetable changed reason extended load management area due system overload currently being addressed technical teams ground regards cj,False,-0.3182,negative,-0.3182,0.117,0.726,0.158,negative,-0.3182,negative,False,0.0,,neutral,neutral,0.5567197799682617,0.4194186329841614,0.5567197799682617,0.0238615740090608
496921279841379,even energy type schedule ya 3 hours kwena joke ati went work made schedule ya 3 hrs power rationing,False,0.5106,positive,0.5106,0.223,0.777,0.0,positive,0.5106,positive,False,0.0,,neutral,neutral,0.5480105876922607,0.4237741231918335,0.5480105876922607,0.0282153002917766
962024962124923,chimuka j samboko seems haven t,False,0.0,neutral,0.0,0.0,1.0,0.0,neutral,0.0,neutral,False,0.0,,neutral,neutral,0.7904796004295349,0.1613710969686508,0.7904796004295349,0.048149362206459
1056458468853307,pa zambia u waiting normal process u won t connected dear zambia country open ur eyes,False,0.743,positive,0.743,0.364,0.636,0.0,positive,0.743,positive,False,0.0,,negative,negative,0.721024751663208,0.721024751663208,0.2649666965007782,0.0140086086466908
707715117637880,unacceptable just like said,False,-0.128,negative,-0.128,0.333,0.267,0.4,negative,-0.128,negative,False,0.0,,negative,negative,0.8585191965103149,0.8585191965103149,0.1318317055702209,0.0096491752192378
785673903046538,petronella takondwa s mum yalikaba,False,0.0,neutral,0.0,0.0,1.0,0.0,neutral,0.0,neutral,False,0.0,,neutral,neutral,0.8193677663803101,0.1195780262351036,0.8193677663803101,0.0610541589558124
563994755593886,ongani dumisani banda s just 6hrs everyday,False,0.0,neutral,0.0,0.0,1.0,0.0,neutral,0.0,neutral,False,0.0,,neutral,neutral,0.8415358066558838,0.089174710214138,0.8415358066558838,0.0692895203828811
1032171577953568,cry babies 42 days making noise during ichipani days would just tell long list stop checking just wait now hope refer office office,False,-0.34,negative,-0.34,0.103,0.709,0.188,negative,-0.34,negative,False,0.0,,negative,negative,0.7971662878990173,0.7971662878990173,0.1890522092580795,0.0137814963236451
492310796602094,christine joanna julio exactly point,False,0.0,neutral,0.0,0.0,1.0,0.0,neutral,0.0,neutral,False,0.0,,neutral,neutral,0.906584858894348,0.0243483707308769,0.906584858894348,0.0690667852759361
4020407858281027,now zesco started making time tables us s teacher pupils feel like seated desks teacher addressing us class,False,0.3612,positive,0.3612,0.135,0.865,0.0,positive,0.3612,positive,False,0.0,,negative,negative,0.568202555179596,0.568202555179596,0.4039102494716644,0.0278871543705463
733694565224311,really inconvenienced us thought airtel money kanshi nimwe,False,0.0,neutral,0.0,0.0,1.0,0.0,neutral,0.0,neutral,False,0.0,,negative,negative,0.8050430417060852,0.8050430417060852,0.1845077127218246,0.0104492595419287
298626419517833,bane 6 weeks honestly,False,0.4588,positive,0.4588,0.6,0.4,0.0,positive,0.4588,positive,False,0.0,,neutral,neutral,0.7230333089828491,0.1000236570835113,0.7230333089828491,0.1769430339336395
1133780710671114,pipo complaining ninshi stay nama light takwaba,False,-0.2023,negative,-0.2023,0.0,0.769,0.231,negative,-0.2023,negative,False,0.0,,neutral,neutral,0.6320841312408447,0.3273324072360992,0.6320841312408447,0.0405834466218948
570498601194220,pamex siamaleke know power being exported while locals being loadshedded s because locals t afford pay right amount money power ask yourself farmers prefer sell maize congo than zambia,False,-0.1027,negative,-0.1027,0.0,0.949,0.051,negative,-0.1027,negative,False,0.0,,negative,negative,0.5789516568183899,0.5789516568183899,0.4001254737377167,0.0209229700267314
976300290676028,hi patel ayaj apologize inconvenience caused please may confirm power restored appreciate patience regards cj,False,0.6486,positive,0.6486,0.413,0.469,0.117,positive,0.6486,positive,False,0.0,,neutral,neutral,0.7481366991996765,0.0702250972390174,0.7481366991996765,0.1816381365060806
896520882399751,fake promise obama 2days malaiti,False,-0.2023,negative,-0.2023,0.274,0.357,0.369,negative,-0.2023,negative,False,0.0,,neutral,neutral,0.4904845952987671,0.4809649884700775,0.4904845952987671,0.028550362214446
1091858975810538,temwa kainga yes boi stuck now dont know now,False,0.1779,positive,0.1779,0.231,0.598,0.171,positive,0.1779,positive,False,0.0,,neutral,neutral,0.8037561178207397,0.1411605179309845,0.8037561178207397,0.0550833642482757
2299770710224782,power doesn t go same time compounds imply other areas time going,False,0.0,neutral,0.0,0.0,1.0,0.0,neutral,0.0,neutral,False,0.0,,neutral,neutral,0.7182177901268005,0.2543385326862335,0.7182177901268005,0.0274436399340629
1545406125960538,ni course ya coartem nomba,False,0.0,neutral,0.0,0.0,1.0,0.0,neutral,0.0,neutral,False,0.0,,neutral,neutral,0.7675104737281799,0.0736054182052612,0.7675104737281799,0.1588840782642364
1209363163291449,fyabufi ifi s just paper ukutalalika abana place power went 23hrs came back 11hrs 6hrs mumbling ba zezikolokolo imwe,False,0.0,neutral,0.0,0.0,1.0,0.0,neutral,0.0,neutral,False,0.0,,neutral,neutral,0.7674247026443481,0.1663722097873687,0.7674247026443481,0.0662031322717666
1256885915323255,saw post iwas very happy thinking s new schedule since promised 1 october interested,False,0.8479,positive,0.8479,0.505,0.495,0.0,positive,0.8479,positive,False,0.0,,positive,positive,0.9691597819328308,0.0025049028918147,0.0283353514969348,0.9691597819328308
1275352909817448,theoson kafwimbi mwanaumbi too bad,False,-0.5423,negative,-0.5423,0.0,0.533,0.467,negative,-0.5423,negative,False,0.0,,negative,negative,0.8103219270706177,0.8103219270706177,0.176563486456871,0.0131146581843495
707873887745003,mwelwa phillip whole country benefits terms foreign exchange helps zesco stay afloat like said zesco makes like 4 times amount money exporting than selling locally,False,0.8481,positive,0.8481,0.338,0.662,0.0,positive,0.8481,positive,False,0.0,,positive,positive,0.7484360933303833,0.0151470592245459,0.2364168018102646,0.7484360933303833
739437660630695,like beyond 12 hours,False,0.3612,positive,0.3612,0.455,0.545,0.0,positive,0.3612,positive,False,0.0,,neutral,neutral,0.8023582100868225,0.0384478345513343,0.8023582100868225,0.1591939181089401
956324979489132,emily mwale reliable,False,0.0,neutral,0.0,0.0,1.0,0.0,neutral,0.0,neutral,False,0.0,,neutral,neutral,0.784661054611206,0.0192496981471776,0.784661054611206,0.1960892230272293
1237187366867666,bufi ise kwatu power went 15 00it came back kuma 24 00then went off 05 00o clock,False,0.0,neutral,0.0,0.0,1.0,0.0,neutral,0.0,neutral,False,0.0,,neutral,neutral,0.826259195804596,0.1351333409547805,0.826259195804596,0.0386075265705585
140270599079498,frackson kasuko say,False,0.0,neutral,0.0,0.0,1.0,0.0,neutral,0.0,neutral,False,0.0,,neutral,neutral,0.8291247487068176,0.1081740483641624,0.8291247487068176,0.0627012476325035
494225406114471,admin us understand situation since need protect generating units accept current situation problem implementation said schedule load management example area power went off around 0530 restored 1400 within hour power off see complaining anyway s fine because won t able pay dstv subscription,False,0.802,positive,0.802,0.252,0.635,0.113,positive,0.802,positive,False,0.0,,negative,negative,0.5303220748901367,0.5303220748901367,0.4390086531639099,0.0306692998856306
1354102469308281,prester nkonde muli nobuloshi,False,0.0,neutral,0.0,0.0,1.0,0.0,neutral,0.0,neutral,False,0.0,,neutral,neutral,0.852604329586029,0.0615968666970729,0.852604329586029,0.085798755288124
470970355979460,yesterday group c power came 10 minutes kuno even saying 3 hours stable supply ba zesco limited restored 22 17 cuts 22 27,False,0.128,positive,0.128,0.179,0.661,0.16,positive,0.128,positive,False,0.0,,neutral,neutral,0.8455394506454468,0.0761681944131851,0.8455394506454468,0.0782922953367233
925463345846730,power outages today hill crest ndola destroyed phone know don t accept faults gave fake schedule since morning power flip loping,False,-0.7783,negative,-0.7783,0.093,0.571,0.336,negative,-0.7783,negative,False,0.0,,negative,negative,0.889277994632721,0.889277994632721,0.1033468097448349,0.0073751998133957
1072713587703648,zesco limited kindly reproduce spreadsheet groups lost track groups sir madam groups lost meaning present,False,-0.3182,negative,-0.3182,0.155,0.531,0.314,negative,-0.3182,negative,False,0.0,,negative,negative,0.864739179611206,0.864739179611206,0.1296015679836273,0.0056592496111989
1204525363815936,wonder zesco going say judgement day simple instruction let light t obey iyo 6hrs chimo kwati ni 2 days,False,0.0,neutral,0.0,0.0,1.0,0.0,neutral,0.0,neutral,False,0.0,,neutral,neutral,0.869819700717926,0.0847140252590179,0.869819700717926,0.0454662479460239
593399519335549,bought units money deducted message units,False,0.0,neutral,0.0,0.0,1.0,0.0,neutral,0.0,neutral,False,0.0,,neutral,neutral,0.6813744902610779,0.3005947768688202,0.6813744902610779,0.0180306732654571
858763822055995,yvonne yasini chilonge true,False,0.4215,positive,0.4215,0.483,0.517,0.0,positive,0.4215,positive,False,0.0,,neutral,neutral,0.8282639384269714,0.0239450447261333,0.8282639384269714,0.1477910727262497
543052894427696,aaah let just continue sleep without power wake without s continuous thing failed understand now,False,0.4023,positive,0.4023,0.172,0.828,0.0,positive,0.4023,positive,False,0.0,,neutral,neutral,0.572746217250824,0.3704783022403717,0.572746217250824,0.0567755326628685
828909211632389,relief just 6 hours loadshed per day off,False,0.4767,positive,0.4767,0.341,0.659,0.0,positive,0.4767,positive,False,0.0,,neutral,neutral,0.8658460974693298,0.0439409799873828,0.8658460974693298,0.0902128592133522
545624321378045,u gave 3 hrs bcoz mamba maintainance now mamba bn restored full capacity guys playing people s mind fishimyenifye twanaka u think everyone afford buy solar worth k50 000 u jokers us b reporting anything muleshimyafye capwa,False,0.6249,positive,0.6249,0.179,0.821,0.0,positive,0.6249,positive,False,0.0,,neutral,neutral,0.6097813844680786,0.3233191668987274,0.6097813844680786,0.0668994709849357
1104749081073997,voice chilolo better naiwe 24 hrs finshi wingabomfya amalaiti,False,0.4404,positive,0.4404,0.266,0.734,0.0,positive,0.4404,positive,False,0.0,,neutral,neutral,0.7233968377113342,0.0379735268652439,0.7233968377113342,0.2386296242475509
586992656597136,problem don t stick time table,False,-0.4019,negative,-0.4019,0.0,0.597,0.403,negative,-0.4019,negative,False,0.0,,neutral,neutral,0.5258173942565918,0.4399760365486145,0.5258173942565918,0.0342065840959548
1235114530763821,bet pf sympathisers cant get thing zesco tried manipulate wud maybe free education jst maybe cud catch shall tell submissions,False,0.5106,positive,0.5106,0.148,0.852,0.0,positive,0.5106,positive,False,0.0,,negative,negative,0.7751596570014954,0.7751596570014954,0.2157280147075653,0.009112374857068
1255518535354515,continuous power cuts platform failures still dununa reverse,False,-0.6369,negative,-0.6369,0.0,0.536,0.464,negative,-0.6369,negative,False,0.0,,negative,negative,0.837760329246521,0.837760329246521,0.1520056575536728,0.0102340746670961
1539253826550352,isaac zulu remember hero s stadium,False,0.5574,positive,0.5574,0.474,0.526,0.0,positive,0.5574,positive,False,0.0,,neutral,neutral,0.8364632725715637,0.036247469484806,0.8364632725715637,0.1272892206907272
1112572957094230,belinda thole imagine aii yet power only comes 01hrs,False,0.0,neutral,0.0,0.0,1.0,0.0,neutral,0.0,neutral,False,0.0,,neutral,neutral,0.7871348857879639,0.1437052637338638,0.7871348857879639,0.0691598951816558
1243604516887706,immanuel m mulife s too much,False,0.0,neutral,0.0,0.0,1.0,0.0,neutral,0.0,neutral,False,0.0,,neutral,neutral,0.558184802532196,0.3563770353794098,0.558184802532196,0.0854381024837493
472159101770561,russell hibajene muvwende simple ad straight forward ad think everyone child t analyse issues understand english awee sure,False,0.4939,positive,0.4939,0.219,0.781,0.0,positive,0.4939,positive,False,0.0,,neutral,neutral,0.6711296439170837,0.0253558084368705,0.6711296439170837,0.3035145103931427
876960783573740,martin jnr s others,False,0.0,neutral,0.0,0.0,1.0,0.0,neutral,0.0,neutral,False,0.0,,neutral,neutral,0.8912875652313232,0.0239645726978778,0.8912875652313232,0.0847478881478309
2299770710224782,george muls dad s like power go same time part lusaka answer part time like s 00 11hrs knowing,False,0.6124,positive,0.6124,0.25,0.75,0.0,positive,0.6124,positive,False,0.0,,neutral,neutral,0.931458055973053,0.0190878603607416,0.931458055973053,0.0494540780782699
8207205366024150,got played fooled even changed still 3 hours,False,-0.0516,negative,-0.0516,0.24,0.5,0.26,negative,-0.0516,negative,False,0.0,,negative,negative,0.8643715381622314,0.8643715381622314,0.1225785464048385,0.0130500020459294
1214925962764712,regina gumbo say think want us protest,False,-0.1779,negative,-0.1779,0.157,0.602,0.241,negative,-0.1779,negative,False,0.0,,neutral,neutral,0.8438941240310669,0.1118770763278007,0.8438941240310669,0.0442288219928741
1985322245319642,avoid reconnecting power 02 disturb sleeping schedules elo lilayi power 1 hour still waiting 2 hours left zesco limited,False,-0.7003,negative,-0.7003,0.0,0.673,0.327,negative,-0.7003,negative,False,0.0,,negative,negative,0.7271835207939148,0.7271835207939148,0.2609266936779022,0.0118897464126348
526037213706414,ifyo labeniko first lelo ni pa 1,False,0.0,neutral,0.0,0.0,1.0,0.0,neutral,0.0,neutral,False,0.0,,neutral,neutral,0.8641339540481567,0.0434720963239669,0.8641339540481567,0.0923939272761344
1366446937441510,nsama patrick repeat,False,0.0,neutral,0.0,0.0,1.0,0.0,neutral,0.0,neutral,False,0.0,,neutral,neutral,0.8095970749855042,0.0818713158369064,0.8095970749855042,0.1085316389799118
8088184044640951,iwe lelo nipa 1 october,False,0.0,neutral,0.0,0.0,1.0,0.0,neutral,0.0,neutral,False,0.0,,neutral,neutral,0.8131958246231079,0.0615042261779308,0.8131958246231079,0.1253000050783157
3419786188278599,few minutes clocking 24hours without power area schedules make sense,False,0.0,neutral,0.0,0.0,1.0,0.0,neutral,0.0,neutral,False,0.0,,neutral,neutral,0.7218788266181946,0.2397632598876953,0.7218788266181946,0.0383578911423683
484840467176643,vee bana daniel don t stick time table,False,0.0,neutral,0.0,0.0,1.0,0.0,neutral,0.0,neutral,False,0.0,,neutral,neutral,0.8350620269775391,0.1100514680147171,0.8350620269775391,0.0548865534365177
2403852459810762,lelo nipa power already gone,False,0.0,neutral,0.0,0.0,1.0,0.0,neutral,0.0,neutral,False,0.0,,neutral,neutral,0.65134197473526,0.2803072035312652,0.65134197473526,0.0683507546782493
1353704408648041,happy new week zesco limited only electricity company went private school,False,0.4215,positive,0.4215,0.253,0.616,0.13,positive,0.4215,positive,False,0.0,,positive,positive,0.9481911063194276,0.0033455467782914,0.0484633259475231,0.9481911063194276
673698251155345,ooh okay 3 years remaining 2026,False,0.2263,positive,0.2263,0.322,0.678,0.0,positive,0.2263,positive,False,0.0,,neutral,neutral,0.7331982851028442,0.0206561293452978,0.7331982851028442,0.2461456209421157
1074584167487830,how update without electricity don t understand,False,0.0,neutral,0.0,0.0,1.0,0.0,neutral,0.0,neutral,False,0.0,,negative,negative,0.6639165282249451,0.6639165282249451,0.3097783029079437,0.0263051372021436
492310796602094,christine joanna julio imagine someone should wake 02am just update prepaid metre,False,0.0,neutral,0.0,0.0,1.0,0.0,neutral,0.0,neutral,False,0.0,,neutral,neutral,0.8282041549682617,0.1263990551233291,0.8282041549682617,0.045396838337183
588280453129937,angela chikontwe ntembula awe kusamwa,False,0.0,neutral,-0.4,0.0,1.0,0.0,negative,-0.4,negative,True,-0.4,awe,neutral,neutral,0.8599265217781067,0.0740083009004592,0.8599265217781067,0.0660652220249176
1150839149469817,m tired being zambian,False,-0.4404,negative,-0.4404,0.0,0.408,0.592,negative,-0.4404,negative,False,0.0,,negative,negative,0.7816145420074463,0.7816145420074463,0.1999366134405136,0.0184487849473953
962024962124923,obey silavwe maliwanda good question think working loadsheding think re happy black while business suffer alot,False,0.4767,positive,0.4767,0.286,0.563,0.152,positive,0.4767,positive,False,0.0,,neutral,neutral,0.5672319531440735,0.2983665764331817,0.5672319531440735,0.1344015449285507
418604890897874,precious chanda nabaya sana abantu aba into 3 days power nerve post bs,False,0.5719,positive,0.5719,0.252,0.748,0.0,positive,0.5719,positive,False,0.0,,negative,negative,0.5001159310340881,0.5001159310340881,0.4312931597232818,0.068590834736824
1208188187127504,today 1 october issue net metering boss waiting hear news load shedding over,False,0.0,neutral,0.0,0.0,1.0,0.0,neutral,0.0,neutral,False,0.0,,neutral,neutral,0.8031807541847229,0.1413011401891708,0.8031807541847229,0.0555180460214614
1169936133657627,please m asking center number zesco us power now s 4days,False,0.3818,positive,0.3818,0.34,0.66,0.0,positive,0.3818,positive,False,0.0,,neutral,neutral,0.7812864184379578,0.1002721413969993,0.7812864184379578,0.1184414252638816
825896758504711,now waiting schedule each town,False,0.0,neutral,0.0,0.0,1.0,0.0,neutral,0.0,neutral,False,0.0,,neutral,neutral,0.9047067165374756,0.0243493970483541,0.9047067165374756,0.0709439218044281
644107217775772,finally managed buy using airtel money,False,0.0,neutral,0.0,0.0,1.0,0.0,neutral,0.0,neutral,False,0.0,,positive,positive,0.6878393292427063,0.0118685839697718,0.3002920746803283,0.6878393292427063
3458034251121189,thanks much otherwise affected us conducts online discussions lectures nursing students across board,False,0.3182,positive,0.3182,0.187,0.71,0.103,positive,0.3182,positive,False,0.0,,neutral,neutral,0.6973227858543396,0.0454671755433082,0.6973227858543396,0.2572100758552551
904205397420066,still doesn t change fact 49 million kangaroos australia 3 4 million people uruguay means kangaroos invade uruguay each person fight 14 kangaroos,False,-0.3818,negative,-0.3818,0.0,0.88,0.12,negative,-0.3818,negative,False,0.0,,negative,negative,0.7174434661865234,0.7174434661865234,0.2702483832836151,0.0123080909252166
1943142506191343,told 01 october 2024 power come s normal function tell us minister energy meant otherwise uko kutwangasha,False,0.2732,positive,0.2732,0.123,0.877,0.0,positive,0.2732,positive,False,0.0,,neutral,neutral,0.8390757441520691,0.0996313989162445,0.8390757441520691,0.0612927936017513
1539253826550352,predious chiinga doesn t matter prophecy s u see similarities saul such moral decay arresting someone protesting against homosexuality,False,-0.6597,negative,-0.6597,0.056,0.663,0.281,negative,-0.6597,negative,False,0.0,,negative,negative,0.7835732698440552,0.7835732698440552,0.2081032991409301,0.0083233742043375
956324979489132,jacob israel malinuchi imwe mwandi,False,0.0,neutral,0.0,0.0,1.0,0.0,neutral,0.0,neutral,False,0.0,,neutral,neutral,0.8712490200996399,0.0727088525891304,0.8712490200996399,0.0560421608388423
1412640559380275,schedule being kept rockfield chalala power supposed go 14 00 now went 11 00 s 20 45 now still now power just keep schedule maybe give us whole month s schedule advance,False,0.0,neutral,0.0,0.0,1.0,0.0,neutral,0.0,neutral,False,0.0,,neutral,neutral,0.8232324719429016,0.1228644177317619,0.8232324719429016,0.0539030991494655
1220697095185978,patricia lusheto chuunka bwalya tukose,False,0.0,neutral,0.0,0.0,1.0,0.0,neutral,0.0,neutral,False,0.0,,neutral,neutral,0.8193569779396057,0.103088766336441,0.8193569779396057,0.0775541886687278
1344270486113025,live remember load shedding till further notice,False,0.0,neutral,0.0,0.0,1.0,0.0,neutral,0.0,neutral,False,0.0,,neutral,neutral,0.5546078681945801,0.4268269538879394,0.5546078681945801,0.018565135076642
506363162192492,serious problem zesco level incompetence continued far too long how end 3 hours power per day same before availability 300 mw maamba importation 400 mw max etc zesco limited should serious,False,-0.8176,negative,-0.8176,0.0,0.704,0.296,negative,-0.8176,negative,False,0.0,,negative,negative,0.9140254259109496,0.9140254259109496,0.079781100153923,0.0061935144476592
2299770710224782,means power cut twice restored twice 12 hours still stands need calculator understand language used notice,False,0.0772,positive,0.0772,0.13,0.757,0.114,positive,0.0772,positive,False,0.0,,negative,negative,0.6330294609069824,0.6330294609069824,0.3547378182411194,0.0122327003628015
847279377585164,gloriouse nuttip most dull person seeing read understand told u ruling party check yourself should keep quite affected loadshedding even read comment ego mislead take poverty frustration side,False,-0.8218,negative,-0.8218,0.075,0.611,0.314,negative,-0.8218,negative,False,0.0,,negative,negative,0.8875254392623901,0.8875254392623901,0.1024079397320747,0.0100666424259543
461854086198653,rustine mj chilongo kwati mashilu,False,0.0,neutral,0.0,0.0,1.0,0.0,neutral,0.0,neutral,False,0.0,,neutral,neutral,0.858841598033905,0.0599886626005172,0.858841598033905,0.0811698362231254
230568016489685,alice lungu very frustrating,False,-0.4927,negative,-0.4927,0.0,0.484,0.516,negative,-0.4927,negative,False,0.0,,negative,negative,0.92330002784729,0.92330002784729,0.070159263908863,0.0065408023074269
739902527469091,power restored 13 30 05 00 today exactly 18 power cut honestly six hour interval,False,0.5106,positive,0.5106,0.277,0.615,0.108,positive,0.5106,positive,False,0.0,,neutral,neutral,0.7985600829124451,0.1471791416406631,0.7985600829124451,0.0542607195675373
8310575085636217,irritating mwe s changing schedule s kanshi,False,-0.4588,negative,-0.4588,0.0,0.571,0.429,negative,-0.4588,negative,False,0.0,,negative,negative,0.5104173421859741,0.5104173421859741,0.4686731398105621,0.0209095329046249
4523293367795418,meaning every 6 hours having power switch off loadshedding twice day even confusing,False,-0.2263,negative,-0.2263,0.0,0.853,0.147,negative,-0.2263,negative,False,0.0,,neutral,neutral,0.617912232875824,0.3481891453266144,0.617912232875824,0.0338985845446586
5832684493491852,just switch off machines,False,0.0,neutral,0.0,0.0,1.0,0.0,neutral,0.0,neutral,False,0.0,,neutral,neutral,0.6543638110160828,0.2859205901622772,0.6543638110160828,0.0597155764698982
1674580923397339,s 1st october promised,False,0.3612,positive,0.3612,0.556,0.444,0.0,positive,0.3612,positive,False,0.0,,neutral,neutral,0.7830905318260193,0.0175389405339956,0.7830905318260193,0.1993706226348877
1681413012651571,bruce mwanza even import power tanzania also make sense than telling people appreciate anyhow import power adjust tariffs blame know drought giving people fake solutions 3hours per day,False,0.0772,positive,0.0772,0.193,0.652,0.156,positive,0.0772,positive,False,0.0,,negative,negative,0.6635453104972839,0.6635453104972839,0.308367371559143,0.0280873607844114
842048671057065,guys jokers aiii today 1st october play 18million zambians really muntu ninsoni,False,0.34,positive,0.34,0.179,0.821,0.0,positive,0.34,positive,False,0.0,,neutral,neutral,0.7930126190185547,0.0438568629324436,0.7930126190185547,0.1631304770708084
925009902989799,alex chama bachilamo kuti shinka butter manje ba zesco mwe need real solutions just stories time,False,0.1779,positive,0.1779,0.102,0.898,0.0,positive,0.1779,positive,False,0.0,,neutral,neutral,0.6335914134979248,0.3284529149532318,0.6335914134979248,0.0379557386040687
1093095268856355,chanda chanda s october 2025 dear elections following year,False,0.3818,positive,0.3818,0.271,0.729,0.0,positive,0.3818,positive,False,0.0,,neutral,neutral,0.8983699679374695,0.0341005362570285,0.8983699679374695,0.0675294026732444
317607634018456,six weeks paid zesco limited 7 months ago even frustrated intending take court,False,-0.6486,negative,-0.6486,0.0,0.654,0.346,negative,-0.6486,negative,False,0.0,,negative,negative,0.8549764156341553,0.8549764156341553,0.1362767368555069,0.0087469080463051
618831263798949,nhamo afiya chiwila zesco limited valid point,False,-0.2263,negative,-0.2263,0.0,0.759,0.241,negative,-0.2263,negative,False,0.0,,neutral,neutral,0.8577200770378113,0.0758684575557708,0.8577200770378113,0.0664114505052566
233194139652219,malita chola mutanya dial 3600,False,0.0,neutral,0.0,0.0,1.0,0.0,neutral,0.0,neutral,False,0.0,,neutral,neutral,0.873353123664856,0.066675879061222,0.873353123664856,0.0599709972739219
3612386102338418,sit down naimwe just 6 weeks u complaining,False,-0.2023,negative,-0.2023,0.0,0.735,0.265,negative,-0.2023,negative,False,0.0,,negative,negative,0.6587222218513489,0.6587222218513489,0.3180260360240936,0.0232517514377832
1929059257593982,tulelola update nipa 1 october lelo,False,0.0,neutral,0.0,0.0,1.0,0.0,neutral,0.0,neutral,False,0.0,,neutral,neutral,0.8914336562156677,0.0381470918655395,0.8914336562156677,0.0704193636775016
2164323483968986,today 1 october still stability promised ck mable s village,False,0.3612,positive,0.3612,0.263,0.737,0.0,positive,0.3612,positive,False,0.0,,neutral,neutral,0.7594749331474304,0.0260737519711256,0.7594749331474304,0.2144512832164764
725459902190932,t understand mathematics because most business depends electricity difference make,False,0.0,neutral,0.0,0.0,1.0,0.0,neutral,0.0,neutral,False,0.0,,neutral,neutral,0.678357720375061,0.256964772939682,0.678357720375061,0.0646775066852569
1149469195755648,chanda kasongo same chelston,False,0.0,neutral,0.0,0.0,1.0,0.0,neutral,0.0,neutral,False,0.0,,neutral,neutral,0.8442879915237427,0.0975036695599556,0.8442879915237427,0.0582083314657211
1332443117593026,bally someone should lost job serve lesson others how lie president now excess power yet s lie,False,-0.3182,negative,-0.3182,0.0,0.867,0.133,negative,-0.3182,negative,False,0.0,,negative,negative,0.8653092384338379,0.8653092384338379,0.1257581859827041,0.0089325308799743
576534834289958,reliefoooo kwati fipuba amalaiti yachisa 12 hrs 17 hrs yaya yabwela 23hrs 05 hrs yaya claim ati relief,False,0.4767,positive,0.4767,0.154,0.846,0.0,positive,0.4767,positive,False,0.0,,neutral,neutral,0.8054044842720032,0.0933395847678184,0.8054044842720032,0.1012559905648231
1149469195755648,other places went same 5 never came 11 instead came 16 now don t even know go come,False,0.0,neutral,0.0,0.0,1.0,0.0,neutral,0.0,neutral,False,0.0,,negative,negative,0.7174018621444702,0.7174018621444702,0.2723447978496551,0.0102533800527453
534011082795785,ichibeleshi ukutikama bamambala imwe just should wake 01 check nonsense date mungulu state,False,-0.4019,negative,-0.4019,0.0,0.816,0.184,negative,-0.4019,negative,False,0.0,,negative,negative,0.5331137180328369,0.5331137180328369,0.4316197633743286,0.0352665334939956
1065276868545722,tracy lwando think need remind guys kuti lelo nipa 1 ka,False,0.0,neutral,0.0,0.0,1.0,0.0,neutral,0.0,neutral,False,0.0,,neutral,neutral,0.9055800437927246,0.0287844184786081,0.9055800437927246,0.0656355917453765
1121022023058539,moses muleba mumba people likes play mind,False,0.6369,positive,0.6369,0.51,0.49,0.0,positive,0.6369,positive,False,0.0,,neutral,neutral,0.8298157453536987,0.0613621547818183,0.8298157453536987,0.1088221669197082
1291622671386112,17hrs instead 18hrs god punish ba zesco,False,-0.3182,negative,-0.3182,0.2,0.476,0.324,negative,-0.3182,negative,False,0.0,,negative,negative,0.738587498664856,0.738587498664856,0.2419662028551101,0.0194462612271308
1091858975810538,carolyn bwalya call call center sure assist,False,0.3182,positive,0.3182,0.277,0.723,0.0,positive,0.3182,positive,False,0.0,,neutral,neutral,0.8582310080528259,0.0441858321428298,0.8582310080528259,0.0975831374526023
664331705475734,don t zesco went yesterday kuma 23 came kuma 05 11 gone oya wats happening ba zesco,False,0.0,neutral,0.0,0.0,1.0,0.0,neutral,0.0,neutral,False,0.0,,neutral,neutral,0.828923761844635,0.1382237523794174,0.828923761844635,0.0328525081276893
652305977019970,timetable joke wake control room 14 hours power today because process automated,False,0.296,positive,0.296,0.167,0.833,0.0,positive,0.296,positive,False,0.0,,neutral,neutral,0.8103976249694824,0.0311373155564069,0.8103976249694824,0.1584651321172714
1453290252004950,awe lelo ni pa 1 just promised,False,0.3612,positive,-0.0388,0.333,0.667,0.0,neutral,-0.0388,neutral,True,-0.4,awe,neutral,neutral,0.7842362523078918,0.0868691056966781,0.7842362523078918,0.1288946717977523
472159101770561,russell hibajene muvwende those double cuts power cause harm than good people need alert take precautions order safeguard appliances like,False,0.5423,positive,0.5423,0.341,0.468,0.191,positive,0.5423,positive,False,0.0,,negative,negative,0.8162618279457092,0.8162618279457092,0.1713380962610244,0.0123999742791056
1132178137441275,onelia banda ba banda history important,False,0.2023,positive,0.2023,0.265,0.735,0.0,positive,0.2023,positive,False,0.0,,neutral,neutral,0.8020658493041992,0.0280611366033554,0.8020658493041992,0.1698730140924453
408819144761920,felix kumwamwasa support sir load shedding even before upnd came into power especially lusaka,False,0.4019,positive,0.4019,0.172,0.828,0.0,positive,0.4019,positive,False,0.0,,neutral,neutral,0.6985318660736084,0.2436864525079727,0.6985318660736084,0.0577816776931285
899401224750301,silverest 04 49am till now prompt switching power past 6hrs,False,0.0,neutral,0.0,0.0,1.0,0.0,neutral,0.0,neutral,False,0.0,,neutral,neutral,0.9050207138061525,0.0390043668448925,0.9050207138061525,0.0559749454259872
681191376765667,chilubi still experiencing minimum 7 hours load shedding almost daily single thing changed,False,0.0,neutral,0.0,0.0,1.0,0.0,neutral,0.0,neutral,False,0.0,,negative,negative,0.7756614685058594,0.7756614685058594,0.2159653007984161,0.0083732297644019
509915288589240,mamba under going maintenance september subjected 3 hrs loadshedding daily know mamba full operations plus imports form sa still 3 hrs power things don t add s incompetence s highest level,False,-0.5106,negative,-0.5106,0.0,0.883,0.117,negative,-0.5106,negative,False,0.0,,negative,negative,0.8462169766426086,0.8462169766426086,0.1452603489160537,0.0085226567462086
830250864942876,least tell us times allocated each area like re just doing ma dongo dongo how meant prepare accordingly like,False,0.6124,positive,0.6124,0.227,0.773,0.0,positive,0.6124,positive,False,0.0,,neutral,neutral,0.7912688851356506,0.1646931618452072,0.7912688851356506,0.0440379492938518
546503710737176,should loadshedding president called unacceptable opposition though should solution now kanshi s stop paper just amplifying pf used explain situation kariba garry nkombo record giving simple solution parliament end loadshedding committee supply ministry energy changed,True,0.4404,positive,0.4404,0.215,0.662,0.123,negative,0.4404,negative,False,0.0,,negative,negative,0.668659508228302,0.668659508228302,0.3198307752609253,0.0115097295492887
1091675505563821,kelvin zalawi sichone bwafya try go,False,0.0,neutral,0.0,0.0,1.0,0.0,neutral,0.0,neutral,False,0.0,,neutral,neutral,0.8528662323951721,0.0888881012797355,0.8528662323951721,0.0582456812262535
1170309507311276,emma lubansa thoughts too,False,0.0,neutral,0.0,0.0,1.0,0.0,neutral,0.0,neutral,False,0.0,,neutral,neutral,0.9074066877365112,0.0584415160119533,0.9074066877365112,0.0341517925262451
8207205366024150,kennedy muzyamba said,False,0.0,neutral,0.0,0.0,1.0,0.0,neutral,0.0,neutral,False,0.0,,neutral,neutral,0.8245952725410461,0.0595487542450428,0.8245952725410461,0.1158558875322341
2243515476024552,zesco limited order how issue ultimatum provided alternative know most residential homes don t power,False,-0.2263,negative,-0.2263,0.0,0.872,0.128,negative,-0.2263,negative,False,0.0,,negative,negative,0.520098090171814,0.520098090171814,0.4657455682754516,0.0141563396900892
1810080229730690,lied us just like ex s used lie us,False,-0.0258,neutral,-0.0258,0.225,0.541,0.234,neutral,-0.0258,neutral,False,0.0,,negative,negative,0.7069494128227234,0.7069494128227234,0.2810840010643005,0.0119665758684277
1082442872837798,jonas m chabu just 8hrs paper even lusaka 11 12 hrs,False,0.0,neutral,0.0,0.0,1.0,0.0,neutral,0.0,neutral,False,0.0,,neutral,neutral,0.8987815976142883,0.0258079282939434,0.8987815976142883,0.0754105523228645
987006009760428,anson honestly pali na va liking apa,False,0.6908,positive,0.6908,0.533,0.467,0.0,positive,0.6908,positive,False,0.0,,neutral,neutral,0.8154329061508179,0.0829160064458847,0.8154329061508179,0.1016510874032974
690677495877839,other words zesco split number hours power available day into two 6 separate hours difference kaya,False,0.0772,positive,0.0772,0.085,0.915,0.0,positive,0.0772,positive,False,0.0,,neutral,neutral,0.8462874889373779,0.1106644868850708,0.8462874889373779,0.0430480651557445
402137349350108,should now rest ba group e 14 22 nightmare,False,0.0,neutral,0.0,0.0,1.0,0.0,neutral,0.0,neutral,False,0.0,,neutral,neutral,0.6129263639450073,0.3490039408206939,0.6129263639450073,0.038069624453783
1681413012651571,ve never school understand cause disability too much,False,0.0,neutral,0.0,0.0,1.0,0.0,neutral,0.0,neutral,False,0.0,,negative,negative,0.7983952760696411,0.7983952760696411,0.1828232407569885,0.018781516700983
1243604516887706,chantel simmons power supposed back around 14 s now 16 still waiting power,False,0.0,neutral,0.0,0.0,1.0,0.0,neutral,0.0,neutral,False,0.0,,neutral,neutral,0.8403747081756592,0.0875706374645233,0.8403747081756592,0.0720546469092369
962024962124923,apart rotating schedule anything being done completely resolve loadshedding issue unable run businesses effectively,True,0.6997,positive,0.6997,0.326,0.674,0.0,negative,0.6997,negative,False,0.0,,negative,negative,0.7994450330734253,0.7994450330734253,0.188123419880867,0.0124315274879336
456336917448513,tepa october lelo ba zesco limited expect positive results promised,False,0.6369,positive,0.6369,0.407,0.467,0.127,positive,0.6369,positive,False,0.0,,positive,positive,0.7805485725402832,0.0061842207796871,0.2132671773433685,0.7805485725402832
1681413012651571,compare zambia dubai ninshi ulicikopo mumutwe pompweiwe,False,0.0,neutral,0.0,0.0,1.0,0.0,neutral,0.0,neutral,False,0.0,,neutral,neutral,0.8444586992263794,0.0689413100481033,0.8444586992263794,0.0865999460220336
805818411407145,nyumba re group e re being load shedded 13 00 until now power check 3600 says 06 00 14 00 group e zesco limited,False,-0.2263,negative,-0.2263,0.0,0.917,0.083,negative,-0.2263,negative,False,0.0,,neutral,neutral,0.9109018445014954,0.0519650168716907,0.9109018445014954,0.037133190780878
3396926853935962,zesco teach how insult seems enemy ex group e,False,-0.7783,negative,-0.7783,0.0,0.469,0.531,negative,-0.7783,negative,False,0.0,,negative,negative,0.5821606516838074,0.5821606516838074,0.3988558650016784,0.018983494490385
530236952214385,tell people switching off power stick schedule switch power 07 10hrs switches off 11 00hrs poseniko amano,False,0.0,neutral,0.0,0.0,1.0,0.0,neutral,0.0,neutral,False,0.0,,neutral,neutral,0.8336873650550842,0.1440300345420837,0.8336873650550842,0.0222825817763805
883781467228647,marc kandeke m also wondering marc zesco limited just infuriating,False,-0.6486,negative,-0.6486,0.0,0.569,0.431,negative,-0.6486,negative,False,0.0,,negative,negative,0.8465364575386047,0.8465364575386047,0.1460373550653457,0.0074261943809688
774328217816405,wendy anne sis s agony zanaco reversal now s zesco give us difference cz supposed get 422 units k500,False,-0.4215,negative,-0.4215,0.0,0.851,0.149,negative,-0.4215,negative,False,0.0,,neutral,neutral,0.8522796034812927,0.1159327253699302,0.8522796034812927,0.031787734478712
1140285630023705,re going kill children kabwata flats danger cholera order day because water depend pump now through day night split good enough lives danger please look into issues scary,False,-0.8885,negative,-0.8885,0.124,0.525,0.351,negative,-0.8885,negative,False,0.0,,negative,negative,0.926681399345398,0.926681399345398,0.0678485557436943,0.0054700514301657
512809911557124,zesco limited erb waiting entire month september just 3 hours power day should learn keep quiet let work speak self energy minister even bringing talking shame,False,-0.4404,negative,-0.4404,0.072,0.756,0.172,negative,-0.4404,negative,False,0.0,,negative,negative,0.8463160991668701,0.8463160991668701,0.1455021947622299,0.0081818075850605
885299577115913,ba zesco limited kindly learn give people full information ba people thing s every prepaid meter need updated already updated ba people thing ve managing buy power recharge without challenges past 6 months date means prepaid meter updated unless given wrong information thanks ba people,False,0.2211,positive,0.2211,0.121,0.755,0.124,positive,0.2211,positive,False,0.0,,neutral,neutral,0.7946380972862244,0.0836893916130065,0.7946380972862244,0.1216725334525108
894707085907298,imwe lelo nipa 1 tell us wat going hear efyo,False,0.0,neutral,0.0,0.0,1.0,0.0,neutral,0.0,neutral,False,0.0,,neutral,neutral,0.8569755554199219,0.0561862960457801,0.8569755554199219,0.0868382304906845
459736713082726,consumer already generating energy,False,0.2732,positive,0.2732,0.412,0.588,0.0,positive,0.2732,positive,False,0.0,,neutral,neutral,0.7863404750823975,0.1317976117134094,0.7863404750823975,0.0818618312478065
749034703219609,chota m kalenga u right especially kuno,False,0.0,neutral,0.0,0.0,1.0,0.0,neutral,0.0,neutral,False,0.0,,neutral,neutral,0.6694095730781555,0.11972426623106,0.6694095730781555,0.210866242647171
1847628699057100,chanda kay fair group d,False,0.3182,positive,0.3182,0.434,0.566,0.0,positive,0.3182,positive,False,0.0,,neutral,neutral,0.8142390847206116,0.0642175823450088,0.8142390847206116,0.1215433254837989
1114355119540208,myself l paid march 2023 show,False,0.0,neutral,0.0,0.0,1.0,0.0,neutral,0.0,neutral,False,0.0,,neutral,neutral,0.8222249746322632,0.0234546158462762,0.8222249746322632,0.1543203890323639
610802407817623,ireen mbola how many set numbers receive currently network down zesco posted just patient restore,False,0.296,positive,0.296,0.136,0.864,0.0,positive,0.296,positive,False,0.0,,neutral,neutral,0.6845512390136719,0.2932659089565277,0.6845512390136719,0.0221828948706388
1289225959190705,phany stephens mba gander,False,0.0,neutral,0.0,0.0,1.0,0.0,neutral,0.0,neutral,False,0.0,,neutral,neutral,0.7629391551017761,0.0458578579127788,0.7629391551017761,0.1912029683589935
428711543157509,1st october 1st october ivo vama 1 2 3 make sure promised ba zesco,False,0.5859,positive,0.5859,0.348,0.652,0.0,positive,0.5859,positive,False,0.0,,neutral,neutral,0.8441138863563538,0.0108835790306329,0.8441138863563538,0.1450026184320449
420600777720942,ati schedules take effect wednesday ati 3 october ukamba chani iweh,False,0.0,neutral,0.0,0.0,1.0,0.0,neutral,0.0,neutral,False,0.0,,neutral,neutral,0.938312530517578,0.0279876552522182,0.938312530517578,0.0336999036371707
1690749871393570,talking 6 weeks father waiting eight months now,False,0.0,neutral,0.0,0.0,1.0,0.0,neutral,0.0,neutral,False,0.0,,neutral,neutral,0.8333880305290222,0.0672589540481567,0.8333880305290222,0.0993531048297882
869799674134773,s same 12 hours par day,False,0.0,neutral,0.0,0.0,1.0,0.0,neutral,0.0,neutral,False,0.0,,neutral,neutral,0.7509380578994751,0.0995478481054306,0.7509380578994751,0.1495141088962555
880439590817413,wiza simuchimba ala mwandi kuti wapapa elo whoever suggested midnight 03 serious,False,-0.0772,negative,-0.0772,0.0,0.894,0.106,negative,-0.0772,negative,False,0.0,,neutral,neutral,0.6212402582168579,0.3318056762218475,0.6212402582168579,0.0469540767371654
1571689290350502,ba zesco stick time twapapata power goes early 6hrs coming back 15hrs,False,0.0,neutral,0.0,0.0,1.0,0.0,neutral,0.0,neutral,False,0.0,,neutral,neutral,0.9153661131858826,0.0270259846001863,0.9153661131858826,0.0576078742742538
1307930793383241,still doesn t change anything samsung phone user,False,0.0,neutral,0.0,0.0,1.0,0.0,neutral,0.0,neutral,False,0.0,,neutral,neutral,0.543398916721344,0.4145247340202331,0.543398916721344,0.0420763455331325
1353740031979829,showing only 3 cities someone educate please,False,0.3182,positive,0.3182,0.315,0.685,0.0,positive,0.3182,positive,False,0.0,,negative,negative,0.4935687780380249,0.4935687780380249,0.4834339916706085,0.0229972191154956
6357088101027140,complain 90 working days elapse,False,-0.3612,negative,-0.3612,0.0,0.615,0.385,negative,-0.3612,negative,False,0.0,,neutral,neutral,0.8711689114570618,0.0742968022823333,0.8711689114570618,0.0545343719422817
1539253826550352,judy mulenga changed mean dividing 12 hours loadshedding into 2 first time experience such zambia,False,0.0,neutral,0.0,0.0,1.0,0.0,neutral,0.0,neutral,False,0.0,,neutral,neutral,0.8116621375083923,0.1469758301973343,0.8116621375083923,0.0413619317114353
1251050899466961,killian marcus imagine bakamba,False,0.0,neutral,0.0,0.0,1.0,0.0,neutral,0.0,neutral,False,0.0,,neutral,neutral,0.676952600479126,0.2715293765068054,0.676952600479126,0.0515180230140686
843687560662741,alphet dokowe yes re given oh dram,False,0.4019,positive,0.4019,0.31,0.69,0.0,positive,0.4019,positive,False,0.0,,neutral,neutral,0.7950400710105896,0.043026465922594,0.7950400710105896,0.1619333773851394
6116084025109522,dumbest shit ever seen,False,-0.7845,negative,-0.7845,0.0,0.225,0.775,negative,-0.7845,negative,False,0.0,,negative,negative,0.9200409054756165,0.9200409054756165,0.0669066980481147,0.0130523825064301
1073389894142647,mwewa gift know freedom don t closs line,False,0.7964,positive,0.7964,0.587,0.413,0.0,positive,0.7964,positive,False,0.0,,neutral,neutral,0.7483782172203064,0.1591966152191162,0.7483782172203064,0.0924251526594162
1285634082469975,expect us update yet over 2 weeks now without power call centre keep giving us complaint number working,False,0.128,positive,0.128,0.186,0.704,0.111,positive,0.128,positive,False,0.0,,negative,negative,0.8180854320526123,0.8180854320526123,0.171132430434227,0.0107820564880967
888351559872858,mention year yes s first october didn t mention year first october ba sir politicain friend,False,0.7096,positive,0.7096,0.33,0.67,0.0,positive,0.7096,positive,False,0.0,,neutral,neutral,0.8390750885009766,0.117574967443943,0.8390750885009766,0.0433499738574028
610802407817623,richard chilawo sikaleya numbers dear,False,0.3818,positive,0.3818,0.394,0.606,0.0,positive,0.3818,positive,False,0.0,,neutral,neutral,0.8610517382621765,0.0499873533844947,0.8610517382621765,0.0889609083533287
1085032883086669,chomba lesa malembeka exactly well said mama honestly how power only midnight whole month,False,0.6249,positive,0.6249,0.298,0.702,0.0,positive,0.6249,positive,False,0.0,,neutral,neutral,0.5350795984268188,0.0969092920422554,0.5350795984268188,0.3680110573768616
924167659166907,tukuz anamela mututwa please say loudly,False,0.3182,positive,0.3182,0.315,0.685,0.0,positive,0.3182,positive,False,0.0,,neutral,neutral,0.8003928065299988,0.0868951976299285,0.8003928065299988,0.1127120032906532
1619844888456733,kikikikikik uku ndiye kusila manje staggering 12hrs into 6 hr period apa peve work done equal zero,False,0.0,neutral,0.0,0.0,1.0,0.0,neutral,0.0,neutral,False,0.0,,neutral,neutral,0.7340134382247925,0.214575245976448,0.7340134382247925,0.0514113679528236
451590690574355,least post schedule sundays don t wake surprises mondays too much ask,False,0.2263,positive,0.2263,0.16,0.84,0.0,positive,0.2263,positive,False,0.0,,neutral,neutral,0.77378910779953,0.1568832993507385,0.77378910779953,0.0693275704979896
199961242674660,bought power received token units took money please pay back,False,0.2263,positive,0.2263,0.197,0.684,0.12,positive,0.2263,positive,False,0.0,,neutral,neutral,0.7521166205406189,0.1983364820480346,0.7521166205406189,0.0495468750596046
1609116960021869,promised us today pa 1 give us power kaili hakainde hichilemaa said pa 1 things better still power areas feedback communication sir please depending little little electricity qualified still being left us just being sidelined please ba hh suffering n saloons t work selling ice blocks same go streets being chased council people connections phones telling us shouldn t tiktok facebook should like zombies now only rich n well happy youth alila please,True,0.9531,positive,0.9531,0.284,0.657,0.059,negative,0.9531,negative,False,0.0,,neutral,neutral,0.5686790347099304,0.1667723804712295,0.5686790347099304,0.2645485699176788
3348816668587167,information day dream,False,0.25,positive,0.25,0.5,0.5,0.0,positive,0.25,positive,False,0.0,,neutral,neutral,0.6826006770133972,0.063783198595047,0.6826006770133972,0.253616064786911
324876200093203,s better than happening pf,False,0.4404,positive,0.4404,0.492,0.508,0.0,positive,0.4404,positive,False,0.0,,positive,positive,0.6659627556800842,0.0421982854604721,0.2918390035629272,0.6659627556800842
406400082182640,chilengi derrick understand meaning word schedule,False,0.0,neutral,0.0,0.0,1.0,0.0,neutral,0.0,neutral,False,0.0,,neutral,neutral,0.9037506580352784,0.0364282019436359,0.9037506580352784,0.0598211511969566
1289225959190705,margret hannah sakala bandapulike khutu ndo doloka,False,0.0,neutral,0.0,0.0,1.0,0.0,neutral,0.0,neutral,False,0.0,,neutral,neutral,0.7958272099494934,0.1482449769973755,0.7958272099494934,0.0559277646243572
5745284188881794,us different schedule went around 05 00 s 11 43,False,0.0,neutral,0.0,0.0,1.0,0.0,neutral,0.0,neutral,False,0.0,,neutral,neutral,0.9379986524581908,0.0219372045248746,0.9379986524581908,0.0400642342865467
1090654236363564,david kunda mupanga yes comment looking,False,0.4019,positive,0.4019,0.351,0.649,0.0,positive,0.4019,positive,False,0.0,,neutral,neutral,0.8840000629425049,0.0301428735256195,0.8840000629425049,0.0858571007847786
1265359951098590,hosea mbewe thanks bro,False,0.4404,positive,0.4404,0.492,0.508,0.0,positive,0.4404,positive,False,0.0,,positive,positive,0.5595157146453857,0.0123055754229426,0.428178608417511,0.5595157146453857
379837271849114,give incompetent power service provider own risk don t stable power think happen offload power into grid just saying,False,-0.4588,negative,-0.4588,0.098,0.67,0.232,negative,-0.4588,negative,False,0.0,,negative,negative,0.8184067010879517,0.8184067010879517,0.1718938499689102,0.0096995225176215
416841741112021,emmanuel musonda well won t say much logically sounds like fault l hear,False,0.6808,positive,0.6808,0.461,0.389,0.15,positive,0.6808,positive,False,0.0,,negative,negative,0.674299955368042,0.674299955368042,0.3155729472637176,0.0101271383464336
520241180203543,mu zambia kuti twalikala kanshi twaba muma celz tatwaishba how electricity going whole day mu chalo,False,0.0,neutral,0.0,0.0,1.0,0.0,neutral,0.0,neutral,False,0.0,,neutral,neutral,0.8890068531036377,0.0653257444500923,0.8890068531036377,0.0456674136221408
1257524862250122,mirriam singh switch off care haven t power 13days sure how should update meter s off,False,0.6705,positive,0.6705,0.314,0.686,0.0,positive,0.6705,positive,False,0.0,,negative,negative,0.7915170788764954,0.7915170788764954,0.2010544240474701,0.0074284276925027
553110000038032,r sticking schedules power went before 16 n only came back midnight only go 0500 god knows time ll back,False,0.2732,positive,0.2732,0.11,0.89,0.0,positive,0.2732,positive,False,0.0,,neutral,neutral,0.6816443204879761,0.2816987037658691,0.6816443204879761,0.0366570129990577
512977621524991,new ba zesco least ka 6 hrs would made sense,False,0.0,neutral,0.0,0.0,1.0,0.0,neutral,0.0,neutral,False,0.0,,neutral,neutral,0.7731125354766846,0.0234526414424181,0.7731125354766846,0.2034349143505096
618831263798949,zesco limited s extra 1 load shedding 15 hours power work catch affected extra hour,False,-0.3612,negative,-0.3612,0.0,0.759,0.241,negative,-0.3612,negative,False,0.0,,negative,negative,0.6702435612678528,0.6702435612678528,0.3203510344028473,0.0094054155051708
987006009760428,anson true like today power outage 03 22 till now,False,0.6486,positive,0.6486,0.398,0.602,0.0,positive,0.6486,positive,False,0.0,,neutral,neutral,0.796380341053009,0.167485237121582,0.796380341053009,0.0361344516277313
820122623123701,very useless how wish wasn t monopoly n competitor like mobile providers wouldn t customer,False,0.3336,positive,0.3336,0.311,0.513,0.176,positive,0.3336,positive,False,0.0,,negative,negative,0.8402613401412964,0.8402613401412964,0.1471015661954879,0.0126370294019579
2097613640630766,cecilia swana chibwe see manager tomorrow,False,0.0,neutral,0.0,0.0,1.0,0.0,neutral,0.0,neutral,False,0.0,,neutral,neutral,0.9203020930290222,0.0186937227845191,0.9203020930290222,0.061004165560007
244472967979410,us within week connected,False,0.0,neutral,0.0,0.0,1.0,0.0,neutral,0.0,neutral,False,0.0,,neutral,neutral,0.840233325958252,0.0090705007314682,0.840233325958252,0.1506961584091186
1265359951098590,shaks james check whatsapp,False,0.0,neutral,0.0,0.0,1.0,0.0,neutral,0.0,neutral,False,0.0,,neutral,neutral,0.8956204652786255,0.0333899110555648,0.8956204652786255,0.0709896460175514
842561720147197,s plans mushitala area solwezi fade since 09 00hrs upto now don t electricity stick plan,False,0.0,neutral,0.0,0.0,1.0,0.0,neutral,0.0,neutral,False,0.0,,negative,negative,0.7246233820915222,0.7246233820915222,0.266189306974411,0.0091873230412602
1160356592050838,hi krid banda apologize inconvenience caused please may confirm power restored appreciate patience regards cj,False,0.6486,positive,0.6486,0.413,0.469,0.117,positive,0.6486,positive,False,0.0,,neutral,neutral,0.7722094655036926,0.0740483030676841,0.7722094655036926,0.153742253780365
1032891124985265,finally stable schedule 3hrs nonsense awe 2024 year own,True,-0.128,negative,-0.528,0.185,0.588,0.227,negative,-0.528,negative,True,-0.4,awe,neutral,neutral,0.5185569524765015,0.2741650342941284,0.5185569524765015,0.2072778940200805
2469974976477174,mazuba hamusonde nimavuto yekayeka,False,0.0,neutral,0.0,0.0,1.0,0.0,neutral,0.0,neutral,False,0.0,,neutral,neutral,0.803153395652771,0.1005254238843917,0.803153395652771,0.0963211134076118
1358952314987936,meter work without power,False,0.0,neutral,0.0,0.0,1.0,0.0,neutral,0.0,neutral,False,0.0,,neutral,neutral,0.6491156220436096,0.3047975301742553,0.6491156220436096,0.0460868626832962
541796478261332,instead schedule mutiuza va net metering,False,0.0,neutral,0.0,0.0,1.0,0.0,neutral,0.0,neutral,False,0.0,,neutral,neutral,0.8421178460121155,0.101565234363079,0.8421178460121155,0.0563169158995151
409864024658433,load shedding problem decades shut let people resolve,False,-0.0258,neutral,-0.0258,0.23,0.531,0.239,neutral,-0.0258,neutral,False,0.0,,negative,negative,0.8397703766822815,0.8397703766822815,0.1520547121763229,0.0081749549135565
1638398146614982,finidy george sims offer s,False,0.0,neutral,0.0,0.0,1.0,0.0,neutral,0.0,neutral,False,0.0,,neutral,neutral,0.8320272564888,0.0522650331258773,0.8320272564888,0.1157077178359031
311057938684793,jumma mugala right,False,0.0,neutral,0.0,0.0,1.0,0.0,neutral,0.0,neutral,False,0.0,,neutral,neutral,0.8203526735305786,0.0738293081521987,0.8203526735305786,0.1058180183172226
903100007535654,someone today known people power ati pf people power see laughing matter,False,0.5106,positive,0.5106,0.301,0.699,0.0,positive,0.5106,positive,False,0.0,,neutral,neutral,0.7394320368766785,0.117249496281147,0.7394320368766785,0.1433184891939163
494351242820167,susan bwalya katongo washuka,False,0.0,neutral,0.0,0.0,1.0,0.0,neutral,0.0,neutral,False,0.0,,neutral,neutral,0.8756624460220337,0.073941595852375,0.8756624460220337,0.0503960326313972
962024962124923,obey silavwe maliwanda agree need lasting solution,False,0.5859,positive,0.5859,0.49,0.51,0.0,positive,0.5859,positive,False,0.0,,neutral,neutral,0.807280957698822,0.0706704556941986,0.807280957698822,0.1220485866069793
230568016489685,chuma clare mashebe use same units 3rd forget key 1 2,False,-0.2263,negative,-0.2263,0.0,0.808,0.192,negative,-0.2263,negative,False,0.0,,neutral,neutral,0.8606076836585999,0.1035244166851043,0.8606076836585999,0.0358679480850696
507152648185346,loadshedding reduced 6hours means also reduced 3hrs fibweshenifye twapapata,False,0.0,neutral,0.0,0.0,1.0,0.0,neutral,0.0,neutral,False,0.0,,neutral,neutral,0.83897465467453,0.0809080824255943,0.83897465467453,0.0801173076033592
1201200271113616,hurst mwale progress,False,0.4215,positive,0.4215,0.583,0.417,0.0,positive,0.4215,positive,False,0.0,,neutral,neutral,0.7409073710441589,0.0425091125071048,0.7409073710441589,0.2165835350751876
707182370784437,kamwala south load sheded twice 05 11hrs 17 23hrs areas load shedding twice day,False,0.0,neutral,0.0,0.0,1.0,0.0,neutral,0.0,neutral,False,0.0,,neutral,neutral,0.5265057682991028,0.4593004882335663,0.5265057682991028,0.014193769544363
2163186534066582,bushe ni october yalelo nangula tuli nokulolela naimb,False,0.0,neutral,0.0,0.0,1.0,0.0,neutral,0.0,neutral,False,0.0,,neutral,neutral,0.8285701274871826,0.0748611614108085,0.8285701274871826,0.0965687558054924
2299770710224782,george muls imagine boss,False,0.0,neutral,0.0,0.0,1.0,0.0,neutral,0.0,neutral,False,0.0,,neutral,neutral,0.8044586181640625,0.0496335290372371,0.8044586181640625,0.1459077894687652
2182068691972856,titus masumbuku ivunda omg man kkkkk,False,0.0,neutral,0.0,0.0,1.0,0.0,neutral,0.0,neutral,False,0.0,,neutral,neutral,0.5605277419090271,0.1027274578809738,0.5605277419090271,0.336744874715805
855500669035982,soon very soon properties those zesco get damaged frequency turning power off ukubipa kwena napabiipa,False,-0.4404,negative,-0.4404,0.0,0.828,0.172,negative,-0.4404,negative,False,0.0,,negative,negative,0.5986438989639282,0.5986438989639282,0.3770399987697601,0.0243162009865045
1516799665459834,same timetable ve written yourselves t stick area power went 00 00hrs came 06hrs gone 11hrs,False,0.0,neutral,0.0,0.0,1.0,0.0,neutral,0.0,neutral,False,0.0,,neutral,neutral,0.8881081938743591,0.0653270781040191,0.8881081938743591,0.0465647242963314
311057938684793,mõñíçá møsé lwândõ during previous government power go 06 s06 sure now government tell power go 12 hours power leave people 10hours coming back 21hours necessary,False,0.2732,positive,0.2732,0.084,0.873,0.044,positive,0.2732,positive,False,0.0,,neutral,neutral,0.8676745295524597,0.0806493237614631,0.8676745295524597,0.0516762100160121
2046338615703217,need serious disaster recovery audit,False,-0.6597,negative,-0.6597,0.0,0.357,0.643,negative,-0.6597,negative,False,0.0,,negative,negative,0.6951221227645874,0.6951221227645874,0.2699809372425079,0.0348969213664531
492310796602094,christine joanna julio like truly let advise,False,0.6597,positive,0.6597,0.519,0.481,0.0,positive,0.6597,positive,False,0.0,,neutral,neutral,0.7903756499290466,0.1156478747725486,0.7903756499290466,0.0939764678478241
1391164684756543,faith phiri chirwa s ridiculous,False,0.0772,positive,0.0772,0.384,0.274,0.342,positive,0.0772,positive,False,0.0,,negative,negative,0.8460464477539062,0.8460464477539062,0.1424188464879989,0.0115347849205136
1568167390452068,nipa wanu lelo pulizi,False,0.0,neutral,0.0,0.0,1.0,0.0,neutral,0.0,neutral,False,0.0,,neutral,neutral,0.7689394950866699,0.1288131177425384,0.7689394950866699,0.1022472977638244
610802407817623,joseph zulu okay thank,False,0.5267,positive,0.5267,0.688,0.312,0.0,positive,0.5267,positive,False,0.0,,neutral,neutral,0.5638043880462646,0.0162246786057949,0.5638043880462646,0.4199708998203277
1547545499239088,imwe si 1st october lelo don t power since sunday,False,0.0,neutral,0.0,0.0,1.0,0.0,neutral,0.0,neutral,False,0.0,,neutral,neutral,0.8525523543357849,0.100431814789772,0.8525523543357849,0.047015868127346
892982335172530,aware people depend electricity small businesses,False,0.0,neutral,0.0,0.0,1.0,0.0,neutral,0.0,neutral,False,0.0,,neutral,neutral,0.8266664147377014,0.0738180056214332,0.8266664147377014,0.0995155945420265
856938265539057,schedule following another timetable another schedule kamwala south group e power goes 05 11 18 24,False,0.0,neutral,0.0,0.0,1.0,0.0,neutral,0.0,neutral,False,0.0,,neutral,neutral,0.9543629884719848,0.0125151872634887,0.9543629884719848,0.033121932297945
6346384415478034,gideon k katemba reason refused,False,-0.296,negative,-0.296,0.0,0.577,0.423,negative,-0.296,negative,False,0.0,,neutral,neutral,0.6368095874786377,0.3444557785987854,0.6368095874786377,0.0187346432358026
707873887745003,mwelwa phillip keep calm bro misunderstand,False,-0.0516,negative,-0.0516,0.261,0.455,0.284,negative,-0.0516,negative,False,0.0,,neutral,neutral,0.65651935338974,0.0606267638504505,0.65651935338974,0.2828538417816162
1338452506889039,towera same s went 13 18 same day 23 05,False,0.0,neutral,0.0,0.0,1.0,0.0,neutral,0.0,neutral,False,0.0,,neutral,neutral,0.8578245639801025,0.029496693983674,0.8578245639801025,0.1126787140965461
784279843648678,own memory problem since 2015 9 whole years surely other way generate electricity other than kariba dam failing zambians must geniune repentance,False,-0.4767,negative,-0.4767,0.108,0.669,0.223,negative,-0.4767,negative,False,0.0,,negative,negative,0.8200593590736389,0.8200593590736389,0.171735942363739,0.0082047311589121
585587983923656,ve power 2 days now chamba valley,False,0.0,neutral,0.0,0.0,1.0,0.0,neutral,0.0,neutral,False,0.0,,neutral,neutral,0.8657546639442444,0.0391753762960433,0.8657546639442444,0.095069944858551
1073009573776254,zesco limited charge load shedding time without prior notice also don t bring power time unacceptable power went 06 hrs 5 2 30 haven t water since because pump water electricity toilets full fecal matter urine shall get sick now,False,-0.7964,negative,-0.7964,0.027,0.775,0.199,negative,-0.7964,negative,False,0.0,,negative,negative,0.9360774755477904,0.9360774755477904,0.0594307519495487,0.004491695202887
975369947454687,05 54 til now 16 00 don t power ati 8 hrs awe failing zesco,False,-0.5106,negative,-0.9106,0.0,0.784,0.216,negative,-0.9106,negative,True,-0.4,awe,negative,negative,0.7412837147712708,0.7412837147712708,0.241533875465393,0.0171824358403682
416899997778816,stop raising people s hopes last month busy announcing how loadsheding going reduce october today saying something different now just keep quiet,False,0.1531,positive,0.1531,0.117,0.792,0.092,positive,0.1531,positive,False,0.0,,negative,negative,0.7981831431388855,0.7981831431388855,0.1896010786294937,0.0122157242149114
8713786182007378,lelo nipa wanu kuno power cut kuma 05 lesa akaya myocha pa zesco kubufi elo carry fire extinguisher pantu going hell,False,-0.8442,negative,-0.8442,0.0,0.664,0.336,negative,-0.8442,negative,False,0.0,,negative,negative,0.6806080341339111,0.6806080341339111,0.2937185168266296,0.0256734192371368
1106530991072117,ati deadline sunday posted 4hours ago power jokers,False,0.0,neutral,0.0,0.0,1.0,0.0,neutral,0.0,neutral,False,0.0,,neutral,neutral,0.7128115892410278,0.2344209402799606,0.7128115892410278,0.0527674444019794
913719530000031,11 36 hrs power off waiting 17 36 hrs ll come oohhooo fi zesco,False,0.0,neutral,0.0,0.0,1.0,0.0,neutral,0.0,neutral,False,0.0,,neutral,neutral,0.7485736608505249,0.0310407076030969,0.7485736608505249,0.2203855961561203
1017511726800745,kindly show us how update without electricity thank zesco,False,0.2709,positive,0.2709,0.26,0.569,0.171,positive,0.2709,positive,False,0.0,,neutral,neutral,0.7237879037857056,0.0485528670251369,0.7237879037857056,0.2276591956615448
3792415490984887,m sure know how express yourself say correctly how many times expect power cut n put times groups eg power goes 05 00 11 00hrs expect cut 17 00 23 00hrs guess work inconveniencing,False,-0.2263,negative,-0.2263,0.065,0.817,0.118,negative,-0.2263,negative,False,0.0,,neutral,neutral,0.599541962146759,0.3680571913719177,0.599541962146759,0.0324008390307426
837954824387458,lubona karmilah chibabula too only 9 trying since 24hrs thinking phone issues,False,0.0,neutral,0.0,0.0,1.0,0.0,neutral,0.0,neutral,False,0.0,,negative,negative,0.7331035137176514,0.7331035137176514,0.2536177635192871,0.0132787013426423
610802407817623,yes ve managed,False,0.4019,positive,0.4019,0.574,0.426,0.0,positive,0.4019,positive,False,0.0,,positive,positive,0.5942071080207825,0.020192090421915,0.3856008350849151,0.5942071080207825
1296987521300263,how even check don t power ikaleni fye,False,0.0,neutral,0.0,0.0,1.0,0.0,neutral,0.0,neutral,False,0.0,,negative,negative,0.5188121795654297,0.5188121795654297,0.4557825028896332,0.0254053771495819
472159101770561,mwebantu better than 12hrs continuously,False,0.4404,positive,0.4404,0.42,0.58,0.0,positive,0.4404,positive,False,0.0,,neutral,neutral,0.5534852147102356,0.0814125761389732,0.5534852147102356,0.3651022017002105
710247887346944,6 hours s too much just end load shedding s promised zambian pipo,False,0.3612,positive,0.3612,0.217,0.783,0.0,positive,0.3612,positive,False,0.0,,negative,negative,0.8364244699478149,0.8364244699478149,0.152023360133171,0.0115521606057882
741150644445509,petauke district s even worse paid way back 2020 till now s story story even tired visiting zesco office certain officer once told petauke 60000 applicants paid far back 2016 surprise those money just within two days pobo house electrified wanagula weka ma poles,False,-0.4215,negative,-0.4215,0.087,0.788,0.124,negative,-0.4215,negative,False,0.0,,negative,negative,0.8758727312088013,0.8758727312088013,0.1151612177491188,0.0089660827070474
8207205366024150,kennedy muzyamba exactly point 1 month wait 3 hour day schedule,False,0.0,neutral,0.0,0.0,1.0,0.0,neutral,0.0,neutral,False,0.0,,neutral,neutral,0.8744782209396362,0.0838730633258819,0.8744782209396362,0.0416487157344818
478868854645444,ifwe kuno s just showing plc con kaya problem,False,-0.4019,negative,-0.4019,0.0,0.722,0.278,negative,-0.4019,negative,False,0.0,,neutral,neutral,0.7458169460296631,0.2233911752700805,0.7458169460296631,0.0307918954640626
501367885418814,surprise same loaddsheding only happening few area s lusaka within lusaka places never experienced power shortage s nice go through still only few places lusaka looking other provinces even getting surprised say thing load shedding happening places s too much mwandi otherwise run businesses family help power supply s making sense u just interested few places lusaka,False,0.8988,positive,0.8988,0.233,0.767,0.0,positive,0.8988,positive,False,0.0,,neutral,neutral,0.4809758365154266,0.3386502265930176,0.4809758365154266,0.1803739815950393
534011082795785,ven dar ukutumpa kweka kweka peacefully sleeping backup system elo njime zesco wants let switch off ll actually favour kale naleka ukucibomfya,False,0.743,positive,0.743,0.24,0.76,0.0,positive,0.743,positive,False,0.0,,neutral,neutral,0.7821841835975647,0.0469303764402866,0.7821841835975647,0.1708853989839553
407599322250521,hi mumu adams sincere apologies inconvenience caused kindly note due unplanned outages technical team doing everything possible serve better always register fault us experience loss supply beyond load management schedule use self service platforms such 3600 use zesco whatsapp number 260762626977 following prompts pm,False,0.3818,positive,0.3818,0.185,0.678,0.137,positive,0.3818,positive,False,0.0,,negative,negative,0.4959589540958404,0.4959589540958404,0.4589230120182037,0.0451180040836334
2738688156304007,actually brilliant glad zesco finally caught system s how most european countries those laughing needs exposure proper education,False,0.875,positive,0.875,0.417,0.583,0.0,positive,0.875,positive,False,0.0,,positive,positive,0.9013198018074036,0.0236919894814491,0.0749881267547607,0.9013198018074036
489266630038074,reuben mwense friend leader see problems solutions now leading give us solutions kaili just busy blaming past,False,-0.0772,negative,-0.0772,0.269,0.49,0.241,negative,-0.0772,negative,False,0.0,,neutral,neutral,0.5709099173545837,0.3753530383110046,0.5709099173545837,0.0537370294332504
1191499471964636,entire md minister energy giving speeches like significant improvements going happen should ve just kept quiet joke say list those headlines press giving people hope only told going enjoy 3 hours electricity,False,0.9571,positive,0.9571,0.498,0.502,0.0,positive,0.9571,positive,False,0.0,,negative,negative,0.4973845183849334,0.4973845183849334,0.4163980782032013,0.0862174332141876
517308877910726,net metering iyo won t pay bills just restore power chalala already over 36hrs,False,0.6705,positive,0.6705,0.341,0.578,0.081,positive,0.6705,positive,False,0.0,,negative,negative,0.8736925721168518,0.8736925721168518,0.1178782358765602,0.0084291053935885
3995061740769962,zesco limited how update electricity,False,-0.2263,negative,-0.2263,0.0,0.678,0.322,negative,-0.2263,negative,False,0.0,,negative,negative,0.6765534281730652,0.6765534281730652,0.3104538917541504,0.0129927042871713
5126549930780929,6 miles electricity goes 05 comes back 12 14 electricity goes comes back 21 very reasons other party power lik enough,False,0.4522,positive,0.4522,0.135,0.865,0.0,positive,0.4522,positive,False,0.0,,neutral,neutral,0.8243485689163208,0.1183702647686004,0.8243485689163208,0.0572812110185623
797443682087152,ni 00 units kuno chiteniko fast,False,0.0,neutral,0.0,0.0,1.0,0.0,neutral,0.0,neutral,False,0.0,,neutral,neutral,0.8263460993766785,0.0754246115684509,0.8263460993766785,0.0982292890548706
1978437159337183,solochi levison house,False,0.0,neutral,0.0,0.0,1.0,0.0,neutral,0.0,neutral,False,0.0,,neutral,neutral,0.864119827747345,0.0418651513755321,0.864119827747345,0.0940150618553161
2026827234327779,uncalled failing buy power boarding house imagine inconvenience caused,False,-0.7003,negative,-0.7003,0.0,0.547,0.453,negative,-0.7003,negative,False,0.0,,negative,negative,0.7712880969047546,0.7712880969047546,0.2187339514493942,0.0099779404699802
418618254232008,zesco limited adhering schedule s 14 37 power still hasn t restored schedule clearly indicates power should cut 6am 2pm,False,0.2732,positive,0.2732,0.221,0.606,0.173,positive,0.2732,positive,False,0.0,,negative,negative,0.8114111423492432,0.8114111423492432,0.1823833286762237,0.006205519195646
842607610163169,should reduce further least 3 hours,False,0.0,neutral,0.0,0.0,1.0,0.0,neutral,0.0,neutral,False,0.0,,neutral,neutral,0.7599611878395081,0.0506915785372257,0.7599611878395081,0.1893472373485565
1093095268856355,manfred kazia simusokwe like said having 3hrs power till going power solutions start working water comes recently 1 maamba plant being serviced couldn t follow schedule coz pressure too much even 3 hours now s done able schedule loadshedding,True,0.25,positive,0.25,0.109,0.833,0.057,negative,0.25,negative,False,0.0,,neutral,neutral,0.5301110744476318,0.430844783782959,0.5301110744476318,0.0390441231429576
1253617688994665,honorable nipa first october lelo mwachita shani,False,0.5423,positive,0.5423,0.368,0.632,0.0,positive,0.5423,positive,False,0.0,,neutral,neutral,0.6209481954574585,0.0334189794957637,0.6209481954574585,0.3456328213214874
2827202157439681,just reduce load shedding,False,0.0,neutral,0.0,0.0,1.0,0.0,neutral,0.0,neutral,False,0.0,,negative,negative,0.6238794922828674,0.6238794922828674,0.345715194940567,0.0304053481668233
1118211136318311,hon evans kabwita mine updated kaya tried entering units telling expired meter,False,0.0,neutral,0.0,0.0,1.0,0.0,neutral,0.0,neutral,False,0.0,,neutral,neutral,0.8210709095001221,0.1555017381906509,0.8210709095001221,0.023427290841937
127467017046268,please ve bought power 300 ve given 163 units explain customer service pathetic,False,-0.34,negative,-0.34,0.135,0.647,0.218,negative,-0.34,negative,False,0.0,,negative,negative,0.8221546411514282,0.8221546411514282,0.164145290851593,0.0137001136317849
940333384787564,yesterday today seen stabilization electricity restored 10hours 13hours said nayenda trend like possible plan,False,0.5994,positive,0.5994,0.29,0.71,0.0,positive,0.5994,positive,False,0.0,,neutral,neutral,0.6457339525222778,0.0048305755481123,0.6457339525222778,0.3494355678558349
905527851552707,zesco limited how update power such short notice,False,-0.2263,negative,-0.2263,0.0,0.787,0.213,negative,-0.2263,negative,False,0.0,,negative,negative,0.5657348036766052,0.5657348036766052,0.4108037650585174,0.0234613958746194
526037213706414,shamba kanguya ayi balefwaya ukutuchita distract,False,-0.296,negative,-0.296,0.0,0.694,0.306,negative,-0.296,negative,False,0.0,,neutral,neutral,0.7777974009513855,0.1561439633369445,0.7777974009513855,0.0660587027668953
389235414084415,wisdom mulenga imagine feel offended using word keep coz solwezi s hell mwebantu,False,-0.4939,negative,-0.4939,0.179,0.474,0.347,negative,-0.4939,negative,False,0.0,,negative,negative,0.7605307698249817,0.7605307698249817,0.2259309589862823,0.0135382749140262
882136727197131,nilelo pa 1 october ifyo ifya net metering,False,0.0,neutral,0.0,0.0,1.0,0.0,neutral,0.0,neutral,False,0.0,,neutral,neutral,0.9029725790023804,0.0391804762184619,0.9029725790023804,0.0578469336032867
3629844403917784,6 weeks s too early start complaining,False,-0.2023,negative,-0.2023,0.0,0.69,0.31,negative,-0.2023,negative,False,0.0,,negative,negative,0.86336350440979,0.86336350440979,0.1280872523784637,0.0085492590442299
389235414084415,wisdom mulenga yes kukosa,False,0.7269,positive,0.7269,0.753,0.247,0.0,positive,0.7269,positive,False,0.0,,neutral,neutral,0.6431511640548706,0.0221554264426231,0.6431511640548706,0.3346934020519256
1358972131485358,apart changing rotating schedules doing end loadsheeding pour water kariba dam fill hope know,False,0.4404,positive,0.4404,0.182,0.818,0.0,positive,0.4404,positive,False,0.0,,neutral,neutral,0.9013723134994508,0.0463460870087146,0.9013723134994508,0.0522815659642219
975369947454687,hi ruth kay apologize inconvenience caused please note timetable changed reason extended load management area due system overload currently being addressed technical teams ground regards cj,False,-0.3182,negative,-0.3182,0.121,0.717,0.163,negative,-0.3182,negative,False,0.0,,neutral,neutral,0.6392194032669067,0.3346377313137054,0.6392194032669067,0.0261428132653236
1681413012651571,s just ur area us staying upto week without power kaya,False,0.0,neutral,0.0,0.0,1.0,0.0,neutral,0.0,neutral,False,0.0,,neutral,neutral,0.6744166016578674,0.2872854769229889,0.6744166016578674,0.0382979325950145
441831339024765,point should updated load shedding 24hrs everyday mulabuta imwe aii,False,0.0,neutral,0.0,0.0,1.0,0.0,neutral,0.0,neutral,False,0.0,,neutral,neutral,0.6938996911048889,0.2782601714134216,0.6938996911048889,0.0278401691466569
2498876370301527,people well trained lying long ago promised 3 hours power supply per day 3 days power supply s annoying,False,-0.3612,negative,-0.3612,0.203,0.529,0.269,negative,-0.3612,negative,False,0.0,,negative,negative,0.8957451581954956,0.8957451581954956,0.0955154672265052,0.0087393149733543
1577641209755812,good morning zesco limited regards ceo,False,0.25,positive,0.25,0.33,0.455,0.216,positive,0.25,positive,False,0.0,,positive,positive,0.918195366859436,0.0035464563407003,0.07825817912817,0.918195366859436
847279377585164,need ka feed back today 1st october,False,0.0,neutral,0.0,0.0,1.0,0.0,neutral,0.0,neutral,False,0.0,,neutral,neutral,0.8887648582458496,0.0249773897230625,0.8887648582458496,0.0862578079104423
1133189314375206,trevor musonda chabala good point,False,0.4404,positive,0.4404,0.42,0.58,0.0,positive,0.4404,positive,False,0.0,,positive,positive,0.5412667393684387,0.0176671724766492,0.4410661458969116,0.5412667393684387
285285353906261,just deliberate move choose technical difficulties first day month,False,-0.296,negative,-0.296,0.0,0.784,0.216,negative,-0.296,negative,False,0.0,,negative,negative,0.6567238569259644,0.6567238569259644,0.3251420855522156,0.0181339792907238
918822943645810,saviour alingo chisanga ine just laughed because how possible,False,0.4588,positive,0.4588,0.273,0.727,0.0,positive,0.4588,positive,False,0.0,,neutral,neutral,0.5778348445892334,0.0468120090663433,0.5778348445892334,0.3753531277179718
456754636736710,today 1st october don t power mulungushi university,False,0.0,neutral,0.0,0.0,1.0,0.0,neutral,0.0,neutral,False,0.0,,neutral,neutral,0.5867154598236084,0.396340012550354,0.5867154598236084,0.0169444642961025
2182068691972856,titus masumbuku ivunda just likes,False,0.4215,positive,0.4215,0.412,0.588,0.0,positive,0.4215,positive,False,0.0,,neutral,neutral,0.8356144428253174,0.0738490223884582,0.8356144428253174,0.0905365645885467
408819144761920,phenia chikakaila exactly understand too shall pass,False,0.0,neutral,0.0,0.0,1.0,0.0,neutral,0.0,neutral,False,0.0,,neutral,neutral,0.69496089220047,0.0695964694023132,0.69496089220047,0.2354427129030227
592616692693736,good evening selected houses chamber valley tachai valley area don t power since 21 hours yesterday loadshelding continued neighbors yet us remain dark,False,0.4404,positive,0.4404,0.121,0.879,0.0,positive,0.4404,positive,False,0.0,,negative,negative,0.6988140344619751,0.6988140344619751,0.2887521684169769,0.0124336713925004
847279377585164,mweene omedy keny just keep quiet sometimes,False,0.0,neutral,0.0,0.0,1.0,0.0,neutral,0.0,neutral,False,0.0,,neutral,neutral,0.7600294351577759,0.1739003509283065,0.7600294351577759,0.0660701692104339
1220697095185978,patricia lusheto chuunka leadership capability heart small scale entrepreneurs,False,0.0,neutral,0.0,0.0,1.0,0.0,neutral,0.0,neutral,False,0.0,,neutral,neutral,0.6302940249443054,0.0294161215424537,0.6302940249443054,0.3402899503707886
837517727541875,philimo voice afrika thank please,False,0.5859,positive,0.5859,0.615,0.385,0.0,positive,0.5859,positive,False,0.0,,neutral,neutral,0.557903528213501,0.025373451411724,0.557903528213501,0.4167229831218719
233194139652219,malita chola even,False,0.0,neutral,0.0,0.0,1.0,0.0,neutral,0.0,neutral,False,0.0,,neutral,neutral,0.7464450597763062,0.1607351303100586,0.7464450597763062,0.0928198099136352
416841741112021,chansa joe kapema s just loadshedding coz off us even made phone calls customer care line ve confirmed themselves,False,0.4939,positive,0.4939,0.158,0.842,0.0,positive,0.4939,positive,False,0.0,,neutral,neutral,0.5578550696372986,0.4207239151000976,0.5578550696372986,0.0214210208505392
1539253826550352,ann hamatu mulenga argue want guys truth truth prophecy being fulfilled before very eyes,False,0.6486,positive,0.6486,0.433,0.448,0.119,positive,0.6486,positive,False,0.0,,neutral,neutral,0.7675459384918213,0.1080723330378532,0.7675459384918213,0.1243817657232284
918822943645810,saviour alingo chisanga same question sir how,False,0.0,neutral,0.0,0.0,1.0,0.0,neutral,0.0,neutral,False,0.0,,neutral,neutral,0.8927942514419556,0.0725838094949722,0.8927942514419556,0.0346220508217811
925974862884776,fault coz whole zesco fault want us report fault fault,False,-0.8591,negative,-0.8591,0.076,0.292,0.632,negative,-0.8591,negative,False,0.0,,negative,negative,0.7410048246383667,0.7410048246383667,0.2493033111095428,0.0096919136121869
481698757452496,frank curtis brown still praising,False,0.5423,positive,0.5423,0.467,0.533,0.0,positive,0.5423,positive,False,0.0,,neutral,neutral,0.8455497026443481,0.084241084754467,0.8455497026443481,0.070209190249443
2447755438739129,ok year u bloody murdered us honestly texting hour s ain t even followed truthfully just hope new dawn civil servants helps avoid inconveniences power very important effective us,False,0.8211,positive,0.8211,0.428,0.359,0.213,positive,0.8211,positive,False,0.0,,negative,negative,0.876825213432312,0.876825213432312,0.1071532443165779,0.0160215087234973
553686270397537,s agony today power came yesterday around 22 00 went 07 30 09 30 power restored till now still power,False,-0.1027,negative,-0.1027,0.108,0.766,0.126,negative,-0.1027,negative,False,0.0,,neutral,neutral,0.6502856612205505,0.2161668837070465,0.6502856612205505,0.1335475146770477
1356239715051294,good morning shaque shaluvuna system dictates otherwise technical teams may other options put measures preserve network collapsing entails effecting emergency load management switching off early delayed restoration switching late inevitable wellbeing grid however dedicated engineers working round clock ameliorate situation regret inconvenience caused regards cj,False,-0.6249,negative,-0.6249,0.106,0.68,0.215,negative,-0.6249,negative,False,0.0,,neutral,neutral,0.5619144439697266,0.4015974998474121,0.5619144439697266,0.0364881157875061
1462887677749584,matimba kanenga iwe waala fifite kwangu number suntwe yebo,False,0.0772,positive,0.0772,0.14,0.86,0.0,positive,0.0772,positive,False,0.0,,neutral,neutral,0.8599753379821777,0.0730395019054412,0.8599753379821777,0.0669851675629615
311057938684793,mirriam chilwashi bally bring rains,False,0.0,neutral,0.0,0.0,1.0,0.0,neutral,0.0,neutral,False,0.0,,neutral,neutral,0.8247826099395752,0.0532817617058754,0.8247826099395752,0.1219356581568718
404972345757790,dargly chibwe even hospital doctor say situation stable just know situation na same same nimu new dawn boi,False,0.296,positive,0.296,0.115,0.885,0.0,positive,0.296,positive,False,0.0,,neutral,neutral,0.6906581521034241,0.1986727565526962,0.6906581521034241,0.1106691136956214
816832912953800,beatrice shalom ntang managed buy using neighbours phone almost heart attack lol,False,-0.0735,negative,-0.0735,0.165,0.651,0.184,negative,-0.0735,negative,False,0.0,,neutral,neutral,0.564392626285553,0.1950693428516388,0.564392626285553,0.2405380457639694
3458402971080101,three months now connection,False,0.0,neutral,0.0,0.0,1.0,0.0,neutral,0.0,neutral,False,0.0,,neutral,neutral,0.8129788041114807,0.0209280420094728,0.8129788041114807,0.1660932004451751
489266630038074,ackim katebe note group ds pupils ones end businesses employee ba group lol,False,0.4215,positive,0.4215,0.189,0.811,0.0,positive,0.4215,positive,False,0.0,,neutral,neutral,0.8864602446556091,0.048631589859724,0.8864602446556091,0.0649080723524093
1185924779266258,people ridiculus sure enough didn t know schedule before already making effect sure none prepare advance,False,0.5574,positive,0.5574,0.261,0.739,0.0,positive,0.5574,positive,False,0.0,,negative,negative,0.6693767309188843,0.6693767309188843,0.3137845993041992,0.0168386753648519
499261102909445,1st october today haven t forgotten,False,-0.2263,negative,-0.2263,0.0,0.678,0.322,negative,-0.2263,negative,False,0.0,,neutral,neutral,0.6497591733932495,0.0722636207938194,0.6497591733932495,0.2779771089553833
508771307786753,ba zesco serious schedule place yesterday monday 05 55 12 00 hours 18 00hrs 24 00 hrs today tuesday morning 05 25 meaning area preparing school going children ourselves work watching tv wasted units tv levys electricity area available 06 00 12 00 hrs most people work 00 00 06 00 hrs even followed like today preparing porridge boom electricity off 05 25 instead 06 00,False,-0.25,negative,-0.25,0.036,0.9,0.064,negative,-0.25,negative,False,0.0,,neutral,neutral,0.8086354732513428,0.1519561260938644,0.8086354732513428,0.0394084267318248
617507847178403,backlog than 60 000 dating far back 2018 equalising,False,0.0,neutral,0.0,0.0,1.0,0.0,neutral,0.0,neutral,False,0.0,,neutral,neutral,0.8716498017311096,0.0207710340619087,0.8716498017311096,0.107579119503498
6877744568925424,mwila milambo firstly u report issue request ur prepaid number u wait minutes,False,0.0772,positive,0.0772,0.115,0.885,0.0,positive,0.0772,positive,False,0.0,,negative,negative,0.7841237783432007,0.7841237783432007,0.2081782966852188,0.0076979459263384
934647091876657,clarency hantembe imagine such information communicated apart sms updating account details meter bla bla bla awe sure,False,0.3182,positive,-0.0818,0.126,0.874,0.0,negative,-0.0818,negative,True,-0.4,awe,neutral,neutral,0.7904564142227173,0.1412955820560455,0.7904564142227173,0.0682479664683342
1691605448079726,lusaka almost 3 weeks never seen power home patiently waiting 2026,False,0.0,neutral,0.0,0.0,1.0,0.0,neutral,0.0,neutral,False,0.0,,neutral,neutral,0.5322614312171936,0.3591889441013336,0.5322614312171936,0.1085495874285698
372554349145393,solar waste next 25 35 years how true solar waste 300 times toxic per energy consumed nuclear energy measures would taken waste management solar equipment prevent environmental impact disaster solar panels catch fire net metering done other alternatives too like bio energy something much talked energy soruce s electricity generation gas production fuel liquid manure fertilizer production cheaper solar bio energy long run efficient ratio toxicity between two,False,0.2023,positive,0.2023,0.225,0.605,0.17,positive,0.2023,positive,False,0.0,,negative,negative,0.64406418800354,0.64406418800354,0.3341398537158966,0.0217959433794021
1761330254239982,really think people hospitals depending power because oxygen only visit hospitals see people dying decision s right,False,0.0,neutral,0.0,0.0,1.0,0.0,neutral,0.0,neutral,False,0.0,,negative,negative,0.7235966324806213,0.7235966324806213,0.2614045441150665,0.0149988159537315
867405641174083,thando kay still same thing 12hours,False,0.0,neutral,0.0,0.0,1.0,0.0,neutral,0.0,neutral,False,0.0,,neutral,neutral,0.8256262540817261,0.1284375637769699,0.8256262540817261,0.0459361374378204
1681413012651571,dennis zulu muli ulichipuba kaah nagu mulelwishiya ichito ku zesco mwila supportah ifya mugulu ichilubeyo,False,0.0,neutral,0.0,0.0,1.0,0.0,neutral,0.0,neutral,False,0.0,,neutral,neutral,0.8254942297935486,0.0613115355372428,0.8254942297935486,0.1131942123174667
621697599931064,working via airtel now,False,0.0,neutral,0.0,0.0,1.0,0.0,neutral,0.0,neutral,False,0.0,,neutral,neutral,0.901640772819519,0.0158847216516733,0.901640772819519,0.0824744254350662
720944359321104,6 miles yesterday load shredded us 05 23 today 04 40 power gone time expect us iron uniforms mukela pamo na upnd,False,0.0,neutral,0.0,0.0,1.0,0.0,neutral,0.0,neutral,False,0.0,,negative,negative,0.6045404076576233,0.6045404076576233,0.3764918446540832,0.0189678072929382
785876140160178,ehe 12 22 hrs follow time table ai,False,0.0,neutral,0.0,0.0,1.0,0.0,neutral,0.0,neutral,False,0.0,,neutral,neutral,0.8921830058097839,0.0133320838212966,0.8921830058097839,0.094484843313694
2004237213425905,savatir sure,False,0.3182,positive,0.3182,0.697,0.303,0.0,positive,0.3182,positive,False,0.0,,neutral,neutral,0.7497472167015076,0.1037166565656662,0.7497472167015076,0.146536186337471
4020407858281027,maseka geofrey point mwandi useless leadership,False,-0.4215,negative,-0.4215,0.0,0.641,0.359,negative,-0.4215,negative,False,0.0,,negative,negative,0.8572837710380554,0.8572837710380554,0.1335992366075515,0.0091170221567153
816832912953800,mwila grace kambita ine re black,False,0.4215,positive,0.4215,0.359,0.641,0.0,positive,0.4215,positive,False,0.0,,neutral,neutral,0.9237461686134338,0.0350712537765502,0.9237461686134338,0.0411825850605964
233194139652219,malita chola mutanya same,False,0.0,neutral,0.0,0.0,1.0,0.0,neutral,0.0,neutral,False,0.0,,neutral,neutral,0.7984484434127808,0.1356939077377319,0.7984484434127808,0.0658575817942619
6170660102944681,elizabeth alicia bwalya how far,False,0.0,neutral,0.0,0.0,1.0,0.0,neutral,0.0,neutral,False,0.0,,neutral,neutral,0.9318620562553406,0.0168083924800157,0.9318620562553406,0.0513295531272888
1539253826550352,isaac phiri 1 introduced taxes 2 jealous other peoples success didn t want others better than nearly killed david coz woman praised david over 3 turned israel away living god u moral country name order human rights u see first time police arresting someone 4 protesting against homosexuality,False,0.2263,positive,0.2263,0.234,0.584,0.182,positive,0.2263,positive,False,0.0,,negative,negative,0.898306667804718,0.898306667804718,0.0943955183029174,0.0072978334501385
249105044498398,thanks much update least know re problem zesco,False,0.0516,positive,0.0516,0.25,0.517,0.233,positive,0.0516,positive,False,0.0,,positive,positive,0.701102614402771,0.037636674940586,0.2612607181072235,0.701102614402771
8713786182007378,ato twe may ment wanu october 2025,False,0.0,neutral,0.0,0.0,1.0,0.0,neutral,0.0,neutral,False,0.0,,neutral,neutral,0.9133089780807496,0.0288888290524482,0.9133089780807496,0.0578021667897701
1547545499239088,maiwase lungu imagine sure since sunday nothing,False,0.3182,positive,0.3182,0.277,0.723,0.0,positive,0.3182,positive,False,0.0,,neutral,neutral,0.6182530522346497,0.3335603177547455,0.6182530522346497,0.0481865294277668
2498876370301527,manje wednesday 3 october 2024 otherwise doesn t exist calendar too much drama,False,0.0,neutral,0.0,0.0,1.0,0.0,neutral,0.0,neutral,False,0.0,,neutral,neutral,0.7961758375167847,0.1452562808990478,0.7961758375167847,0.0585678927600383
514597724685937,energy bills would offset self sustained solar power,False,0.2732,positive,0.2732,0.231,0.769,0.0,positive,0.2732,positive,False,0.0,,neutral,neutral,0.6250413656234741,0.3306527733802795,0.6250413656234741,0.0443059466779232
455966740271427,hello chanda catherine chisanga regret inconvenience caused outage experiencing may due fault kindly register complaint dialing 3600 follow prompts fp,False,-0.7184,negative,-0.7184,0.113,0.528,0.359,negative,-0.7184,negative,False,0.0,,negative,negative,0.674549400806427,0.674549400806427,0.3111210763454437,0.0143295535817742
408819144761920,nickter shartel chanda ask,False,0.0,neutral,0.0,0.0,1.0,0.0,neutral,0.0,neutral,False,0.0,,neutral,neutral,0.8502485752105713,0.0483725145459175,0.8502485752105713,0.1013789325952529
418604890897874,s 1st october imwe mbuzi za bantu s now 2 days shame,False,-0.4767,negative,-0.4767,0.0,0.721,0.279,negative,-0.4767,negative,False,0.0,,negative,negative,0.5520352125167847,0.5520352125167847,0.4181903898715973,0.0297743920236825
554390029948965,disappointed how managing load shedding power goes 18hours comes 24 00hours goes 05 00hours how expect us prepare,False,-0.4767,negative,-0.4767,0.0,0.846,0.154,negative,-0.4767,negative,False,0.0,,negative,negative,0.9238321185112,0.9238321185112,0.0708537399768829,0.0053141904063522
1217856575972373,how update meters s power alternatives,False,0.0,neutral,0.0,0.0,1.0,0.0,neutral,0.0,neutral,False,0.0,,neutral,neutral,0.8738328814506531,0.0802307799458503,0.8738328814506531,0.0459363050758838
1681413012651571,dennis zulu zesco should invested other sources energy other than hydro should harnessed wind solar bio matter lot garbage turned into thermo energy later electricity problem curriculum based proving other people s theories other than teaching people innovative theory engineers cannot invent,False,0.5423,positive,0.5423,0.175,0.768,0.058,positive,0.5423,positive,False,0.0,,negative,negative,0.6623631715774536,0.6623631715774536,0.3189454078674316,0.0186914280056953
264621713006251,s pathetic us s getting six months need bribed,False,-0.5719,negative,-0.5719,0.0,0.619,0.381,negative,-0.5719,negative,False,0.0,,negative,negative,0.8983260989189148,0.8983260989189148,0.0906450152397155,0.0110289119184017
1286577086123323,how suppose check power aii admin pa menso kwati load shedding,True,0.0,neutral,0.0,0.0,1.0,0.0,negative,0.0,negative,False,0.0,,neutral,neutral,0.6489255428314209,0.3298358917236328,0.6489255428314209,0.021238574758172
311057938684793,jason joshua nanga edgar enze na nvula,False,0.0,neutral,0.0,0.0,1.0,0.0,neutral,0.0,neutral,False,0.0,,neutral,neutral,0.9409326314926147,0.0217140950262546,0.9409326314926147,0.0373532213270664
1332443117593026,sir kenneth ngulube thoughts too,False,0.0,neutral,0.0,0.0,1.0,0.0,neutral,0.0,neutral,False,0.0,,neutral,neutral,0.887775719165802,0.0571868456900119,0.887775719165802,0.0550373494625091
991351619361086,group c d chingola even necessary mwe uh,False,0.0,neutral,0.0,0.0,1.0,0.0,neutral,0.0,neutral,False,0.0,,neutral,neutral,0.7620148658752441,0.1665854901075363,0.7620148658752441,0.0713996589183807
1132178137441275,bally guys made lungu go back chawama remain working whilst lungu went crying careful guy just fire bring another board,False,-0.5994,negative,-0.5994,0.066,0.705,0.228,negative,-0.5994,negative,False,0.0,,negative,negative,0.7352538108825684,0.7352538108825684,0.2497584819793701,0.0149876084178686
1571689290350502,hi pelly mandah apologize inconvenience caused please note timetable changed reason extended load management area due system overload currently being addressed technical teams ground regards cj,False,-0.3182,negative,-0.3182,0.121,0.717,0.163,negative,-0.3182,negative,False,0.0,,neutral,neutral,0.5891398191452026,0.3834297955036163,0.5891398191452026,0.0274304263293743
988406119065527,should wait 3months mune paid november 2019 connected april 2020,False,0.0,neutral,0.0,0.0,1.0,0.0,neutral,0.0,neutral,False,0.0,,neutral,neutral,0.9026267528533936,0.0238704271614551,0.9026267528533936,0.0735028013586998
1106402974283188,samson kamoto likando exactly,False,0.0,neutral,0.0,0.0,1.0,0.0,neutral,0.0,neutral,False,0.0,,neutral,neutral,0.8707349896430969,0.0673972144722938,0.8707349896430969,0.061867780983448
1694491787993458,sammy rose chanda ala mwandi,False,0.0,neutral,0.0,0.0,1.0,0.0,neutral,0.0,neutral,False,0.0,,neutral,neutral,0.8742708563804626,0.0409136191010475,0.8742708563804626,0.084815576672554
1096573222127959,bridget tembo get kct 1 2 dial 3600 choose prepaid token option 3 enter meter number boom,False,0.0772,positive,0.0772,0.091,0.909,0.0,positive,0.0772,positive,False,0.0,,neutral,neutral,0.8924075961112976,0.0108906403183937,0.8924075961112976,0.0967017039656639
1077796063324363,hi marie michelle heviamoorima regret inconvenience caused taken note suggestion however please follow schedule lusaka being implemented every monday 12 20 hrs c residential 14 22 hrs d residential 06 14 hrs e residential 10 18 hrs g level 1 clinics avondale 2 chelston lwsc chaz lines 16 24 hrs industrial 05 13 hrs b industrial regards cj,False,-0.4588,negative,-0.4588,0.041,0.863,0.095,negative,-0.4588,negative,False,0.0,,neutral,neutral,0.8437616229057312,0.1161858662962913,0.8437616229057312,0.040052518248558
701761344765771,fixing,False,0.0,neutral,0.0,0.0,1.0,0.0,neutral,0.0,neutral,False,0.0,,neutral,neutral,0.6608597636222839,0.2043858468532562,0.6608597636222839,0.1347544342279434
425161906424474,kaz lave morning crucial preparing school kids bakuma nchito,False,0.0,neutral,0.0,0.0,1.0,0.0,neutral,0.0,neutral,False,0.0,,neutral,neutral,0.8195490837097168,0.087187685072422,0.8195490837097168,0.0932632088661193
311057938684793,mirriam chilwashi power went giving speech arrival same zesco apologized like s apologize shouldn t know how feels though,False,0.765,positive,0.765,0.398,0.602,0.0,positive,0.765,positive,False,0.0,,neutral,neutral,0.7140132784843445,0.2438551485538482,0.7140132784843445,0.0421315841376781
1622017188210739,imwe ba zesco how come other areas don t get load shedding yamene iyi elo ise permanent schedule ya ma light going 05 don t like alternate pela,False,0.3612,positive,0.3612,0.091,0.909,0.0,positive,0.3612,positive,False,0.0,,negative,negative,0.7341146469116211,0.7341146469116211,0.252469390630722,0.0134159987792372
1048360353168082,1st october ifi,False,0.0,neutral,0.0,0.0,1.0,0.0,neutral,0.0,neutral,False,0.0,,neutral,neutral,0.8681941032409668,0.0393318235874176,0.8681941032409668,0.0924740582704544
941838613408160,just today power gone twice mutendere,False,0.0,neutral,0.0,0.0,1.0,0.0,neutral,0.0,neutral,False,0.0,,neutral,neutral,0.7920933365821838,0.1656008511781692,0.7920933365821838,0.0423058345913887
311057938684793,mirriam chilwashi opposition possible solutions now implement,False,0.1779,positive,0.1779,0.221,0.779,0.0,positive,0.1779,positive,False,0.0,,neutral,neutral,0.8419488072395325,0.0705719366669654,0.8419488072395325,0.087479256093502
1191499471964636,francis musamba nkhoma vazee che,False,0.0,neutral,0.0,0.0,1.0,0.0,neutral,0.0,neutral,False,0.0,,neutral,neutral,0.8620262145996094,0.0495173223316669,0.8620262145996094,0.0884564742445945
1418254931913129,guys think re bembas doesn t end loadshedding,False,0.0,neutral,0.0,0.0,1.0,0.0,neutral,0.0,neutral,False,0.0,,negative,negative,0.6755997538566589,0.6755997538566589,0.3138935267925262,0.010506740771234
2392680880883194,zesco needs go under hammer zanaco use useless until sold s now most happening bank zambia,False,-0.4215,negative,-0.4215,0.0,0.833,0.167,negative,-0.4215,negative,False,0.0,,negative,negative,0.8775250911712646,0.8775250911712646,0.1138408333063125,0.0086341621354222
963612048411874,question how many hours should power 6hrs off because kitwe went off 23 came back 05 11 went off don t know 6hrs per day,False,0.0,neutral,0.0,0.0,1.0,0.0,neutral,0.0,neutral,False,0.0,,neutral,neutral,0.7679110169410706,0.2120561301708221,0.7679110169410706,0.0200328007340431
1462887677749584,activist hon munsanje kkkkkk,False,0.0,neutral,0.0,0.0,1.0,0.0,neutral,0.0,neutral,False,0.0,,neutral,neutral,0.8509798645973206,0.0710819736123085,0.8509798645973206,0.0779380947351455
1045021707103658,becky mukako talk becky let share views,False,0.296,positive,0.296,0.268,0.732,0.0,positive,0.296,positive,False,0.0,,neutral,neutral,0.9043442606925964,0.0448989793658256,0.9043442606925964,0.0507567934691906
2498876370301527,lovemore simapuka just confusing themselves,False,-0.2263,negative,-0.2263,0.0,0.678,0.322,negative,-0.2263,negative,False,0.0,,neutral,neutral,0.478568285703659,0.4661283493041992,0.478568285703659,0.0553033612668514
1542363739729921,wants us upgrade know very well us see electricity s miracle give us power whole wish cause don t expect us wake midnight s only time see electricity,False,0.8357,positive,0.8357,0.288,0.712,0.0,positive,0.8357,positive,False,0.0,,positive,positive,0.5887982249259949,0.0405445545911788,0.370657205581665,0.5887982249259949
2378563272492038,hello tione kindly note net metering applications should done line see guide below click application link net metering management system zesco co zm create new application following items handy o must existing customer o must service meter number o attach copy nrc passport o attach certificate incorporation applying business o tpin o rented property tenancy agreement landmark gps coordinates property wish connect ensure installer fully certified ensure none refundable administrative fee k1 738 00 service categories paid zesco account provided left pane proof payment required uploaded during application process thank contacting zesco regards fc,False,0.9552,positive,0.9552,0.214,0.786,0.0,positive,0.9552,positive,False,0.0,,neutral,neutral,0.8547289371490479,0.0306138787418603,0.8547289371490479,0.1146571859717369
1133431977339120,isn t still good minimum 6 hours even 12 hours 6 hours should maximum rephrase statement,False,0.4404,positive,0.4404,0.195,0.805,0.0,positive,0.4404,positive,False,0.0,,negative,negative,0.6547929644584656,0.6547929644584656,0.3266441524028778,0.0185628905892372
1149469195755648,chanda kasongo ll going 6 hrs,False,0.0,neutral,0.0,0.0,1.0,0.0,neutral,0.0,neutral,False,0.0,,neutral,neutral,0.8765680193901062,0.0508492290973663,0.8765680193901062,0.072582721710205
703561894546160,stick schedule false times employees follow complete utter rubbish,False,0.0,neutral,0.0,0.0,1.0,0.0,neutral,0.0,neutral,False,0.0,,negative,negative,0.9226399064064026,0.9226399064064026,0.0697523951530456,0.0076076965779066
391629953185764,power exports reduced announced minister loadshedding hours still same,False,0.0,neutral,0.0,0.0,1.0,0.0,neutral,0.0,neutral,False,0.0,,negative,negative,0.5105096101760864,0.5105096101760864,0.4701624512672424,0.0193279422819614
6877744568925424,mwansa mulenga platform,False,0.0,neutral,0.0,0.0,1.0,0.0,neutral,0.0,neutral,False,0.0,,neutral,neutral,0.8741621971130371,0.0480199120938777,0.8741621971130371,0.0778178945183754
1180544229774643,ba zesco limited power chalala kasama road s going went 6hrs suppose come 14 awe pela mwativutisa wea,False,-0.2263,negative,-0.6263000000000001,0.0,0.894,0.106,negative,-0.6263000000000001,negative,True,-0.4,awe,neutral,neutral,0.6756761074066162,0.2930653095245361,0.6756761074066162,0.0312586575746536
867710671317165,charles mpande bu cader won t put food ur table sir learn realistic accept things bad,False,0.4215,positive,0.4215,0.289,0.55,0.161,positive,0.4215,positive,False,0.0,,negative,negative,0.814835786819458,0.814835786819458,0.1772472858428955,0.0079170018434524
918822943645810,saviour alingo chisanga exactly,False,0.0,neutral,0.0,0.0,1.0,0.0,neutral,0.0,neutral,False,0.0,,neutral,neutral,0.8611644506454468,0.0884214416146278,0.8611644506454468,0.0504141449928283
545625908323364,muli necibeleshi plus familiarity reason being re only provider announcing deadline two days t provide adequate hours power clients stop kidding business,False,0.0258,neutral,0.0258,0.14,0.766,0.094,neutral,0.0258,neutral,False,0.0,,negative,negative,0.8006728887557983,0.8006728887557983,0.1863099932670593,0.0130171040073037
853492429266225,won t even follow schedule ise ku chalala being loadshedded 11 hours per day,False,0.5719,positive,0.5719,0.236,0.764,0.0,positive,0.5719,positive,False,0.0,,negative,negative,0.6061591506004333,0.6061591506004333,0.3788452446460724,0.0149955367669463
629974652427334,increased tariffs,False,0.2732,positive,0.2732,0.677,0.323,0.0,positive,0.2732,positive,False,0.0,,negative,negative,0.6764747500419617,0.6764747500419617,0.2952850461006164,0.028240218758583
546622177758220,moses jj ngulube imagine just twisting words,False,0.25,positive,0.25,0.25,0.75,0.0,positive,0.25,positive,False,0.0,,neutral,neutral,0.5157391428947449,0.4653568267822265,0.5157391428947449,0.0189039707183837
737064145299611,zesco limited please consider going back 4 hour split shifts also starting shedding schedules early morning hours 03 hrs suffer dark hours too hard people changing image zambia world,False,-0.5423,negative,-0.5423,0.069,0.725,0.205,negative,-0.5423,negative,False,0.0,,negative,negative,0.8224825263023376,0.8224825263023376,0.1693636327981948,0.0081537943333387
1366446937441510,nsama patrick unless maybe canaan,False,0.0,neutral,0.0,0.0,1.0,0.0,neutral,0.0,neutral,False,0.0,,neutral,neutral,0.8386105298995972,0.13331900537014,0.8386105298995972,0.0280703976750373
8388516171255825,today 1st october think forgotten promised aini,False,0.1531,positive,0.1531,0.266,0.532,0.202,positive,0.1531,positive,False,0.0,,neutral,neutral,0.9214710593223572,0.0190898776054382,0.9214710593223572,0.0594390630722045
925697462310474,arthur mwakanandi actually don t meter update doesn t don t see how work,False,0.0,neutral,0.0,0.0,1.0,0.0,neutral,0.0,neutral,False,0.0,,negative,negative,0.7843776345252991,0.7843776345252991,0.1997986137866974,0.0158237554132938
1184716522154006,monica hara yea kale kale,False,0.0,neutral,0.0,0.0,1.0,0.0,neutral,0.0,neutral,False,0.0,,neutral,neutral,0.7963777780532837,0.0268491730093956,0.7963777780532837,0.1767730712890625
455708920855129,instead power ve supplying lies,False,-0.4215,negative,-0.4215,0.0,0.588,0.412,negative,-0.4215,negative,False,0.0,,negative,negative,0.6491986513137817,0.6491986513137817,0.3276318311691284,0.0231695845723152
203300832501898,victor nyambe call hq people lusaka explain situation,False,0.0,neutral,0.0,0.0,1.0,0.0,neutral,0.0,neutral,False,0.0,,neutral,neutral,0.8259763717651367,0.1409832090139389,0.8259763717651367,0.033040415495634
1322610832456208,mukuka lushomo best advice ever,False,0.6369,positive,0.6369,0.512,0.488,0.0,positive,0.6369,positive,False,0.0,,positive,positive,0.9123408198356628,0.0111945439130067,0.0764646679162979,0.9123408198356628
1550477338905911,judith nyachikanda sweta imagine awe zesco make miss heaven,False,0.4019,positive,0.0018999999999999,0.277,0.588,0.134,neutral,0.0018999999999999,neutral,True,-0.4,awe,neutral,neutral,0.7501330375671387,0.1295525878667831,0.7501330375671387,0.1203143522143364
900978594666497,ended load shedding first year thing past gone finished 0 pa humbled learning hard way man idea while kariba blank,False,-0.1027,negative,-0.1027,0.0,0.928,0.072,negative,-0.1027,negative,False,0.0,,negative,negative,0.6951040029525757,0.6951040029525757,0.2842550277709961,0.0206409618258476
1329032821280592,kebby kayawe straight mind games,False,0.2263,positive,0.2263,0.322,0.678,0.0,positive,0.2263,positive,False,0.0,,negative,negative,0.4868169724941253,0.4868169724941253,0.4794604778289795,0.033722523599863
5084471844989149,guys awe ine salama sunflower street power went yesterday 24 january 2023 around 16hrs restored 25 january 2023 around 13 hrs now exactly 16hrs power gone whats wrong u ba zesco now only 2 hrs honestly,False,0.3182,positive,-0.0818,0.137,0.785,0.078,negative,-0.0818,negative,True,-0.4,awe,negative,negative,0.6049462556838989,0.6049462556838989,0.3591156601905823,0.0359380729496479
528561336436034,listened briefing realised country leadership president minister speech together everyone panel must resign moral grounds everyone sat clapped must slap themselves really docile people,False,-0.2023,negative,-0.2023,0.062,0.846,0.092,negative,-0.2023,negative,False,0.0,,negative,negative,0.8925163745880127,0.8925163745880127,0.098796933889389,0.0086867325007915
382025698309470,lilmah kayz see serious well let please,False,0.4767,positive,0.4767,0.454,0.412,0.134,positive,0.4767,positive,False,0.0,,neutral,neutral,0.729251503944397,0.0775195211172103,0.729251503944397,0.1932289004325866
577018038065385,k10 10 000 000 customers prepaid equal k100 000 000 ba zesco limited want make hundred million kwacha saturday sunday alone forcing customers purchase electricity worth k10 each use same money pay workers since haven t made enough sales connections due loadshedding wont succeed plan,False,-0.5759,negative,-0.5759,0.065,0.773,0.161,negative,-0.5759,negative,False,0.0,,negative,negative,0.5223233699798584,0.5223233699798584,0.451137512922287,0.026539146900177
687109739544246,sensible sensitive president helm nation happens ba mwankole notusaka twandalama shakwiba mulikwi come tape wisdom bally,False,0.5267,positive,0.5267,0.185,0.815,0.0,positive,0.5267,positive,False,0.0,,neutral,neutral,0.770664632320404,0.0602336451411247,0.770664632320404,0.169101744890213
529585439141995,priority very important parent t feed others well own children starving think s making sense rules regulations supposed reviewed revisited revised favor country first,False,0.4754,positive,0.4754,0.249,0.65,0.101,positive,0.4754,positive,False,0.0,,neutral,neutral,0.6546106934547424,0.2427076697349548,0.6546106934547424,0.1026816815137863
1202959720304622,even used 12 hours ise,False,0.0,neutral,0.0,0.0,1.0,0.0,neutral,0.0,neutral,False,0.0,,neutral,neutral,0.7842502593994141,0.0918962210416793,0.7842502593994141,0.1238535717129707
6413669045319490,taking people zambia granted unip mmd pf voted now upnd could only term government unip 27 yrs mmd 20 yrs pf 10 yrs end,False,0.25,positive,0.25,0.08,0.92,0.0,positive,0.25,positive,False,0.0,,neutral,neutral,0.7171211838722229,0.2571844756603241,0.7171211838722229,0.0256943739950656
534213329304365,o1 10 2024 eclipse ya angoni waiting,False,0.0,neutral,0.0,0.0,1.0,0.0,neutral,0.0,neutral,False,0.0,,neutral,neutral,0.7739776372909546,0.028497215360403,0.7739776372909546,0.1975251287221908
927068532778482,s 1st october today power only come hour group e,False,0.0,neutral,0.0,0.0,1.0,0.0,neutral,0.0,neutral,False,0.0,,neutral,neutral,0.9130421876907348,0.0299651622772216,0.9130421876907348,0.0569926090538501
963842635565289,button meter box kind joke,False,0.6808,positive,0.6808,0.651,0.349,0.0,positive,0.6808,positive,False,0.0,,neutral,neutral,0.6460877060890198,0.2788009643554687,0.6460877060890198,0.075111374258995
557991783348504,todays s first,False,0.0,neutral,0.0,0.0,1.0,0.0,neutral,0.0,neutral,False,0.0,,neutral,neutral,0.8913987874984741,0.013309228233993,0.8913987874984741,0.0952919572591781
412250048574132,silvia flaviour kanyanta ifwe takuli,False,0.0,neutral,0.0,0.0,1.0,0.0,neutral,0.0,neutral,False,0.0,,neutral,neutral,0.8555383086204529,0.0917234271764755,0.8555383086204529,0.0527383014559745
1329032821280592,improvement long s once day,False,0.4588,positive,0.4588,0.5,0.5,0.0,positive,0.4588,positive,False,0.0,,positive,positive,0.7140712738037109,0.0212242100387811,0.2647044658660888,0.7140712738037109
442265938341101,forgotten today first october just update us net metering every afford put solar,False,-0.2263,negative,-0.2263,0.0,0.863,0.137,negative,-0.2263,negative,False,0.0,,neutral,neutral,0.6057331562042236,0.3385525345802307,0.6057331562042236,0.0557143501937389
901202714847821,ba zesco forget today first week october,False,-0.2263,negative,-0.2263,0.0,0.759,0.241,negative,-0.2263,negative,False,0.0,,neutral,neutral,0.8293513059616089,0.0637296140193939,0.8293513059616089,0.1069190204143524
522640114029936,nipa wanu lelo don t forget,False,-0.2263,negative,-0.2263,0.0,0.678,0.322,negative,-0.2263,negative,False,0.0,,neutral,neutral,0.7778403162956238,0.1218061298131942,0.7778403162956238,0.1003536209464073
1322481728721964,honestly speaking minister zesco limited md bragging time kikikikiki,False,0.2732,positive,0.2732,0.252,0.588,0.16,positive,0.2732,positive,False,0.0,,neutral,neutral,0.7849525809288025,0.1414828598499298,0.7849525809288025,0.0735644996166229
1085032883086669,chomba lesa malembeka t even purchase units top,False,0.2023,positive,0.2023,0.231,0.769,0.0,positive,0.2023,positive,False,0.0,,neutral,neutral,0.5975061655044556,0.3701722919940948,0.5975061655044556,0.0323216281831264
868318260882424,6 hrs intervals without power t still trust process zesco,False,-0.4023,negative,-0.4023,0.0,0.722,0.278,negative,-0.4023,negative,False,0.0,,negative,negative,0.5990197062492371,0.5990197062492371,0.372749924659729,0.0282303504645824
979475779753264,hi greenwell westwood njobvu regret inconvenience caused please register complaint dialing 3600 call 322 speak agent use whatsapp number 260762626977 following prompts register fault follow ups cj,False,-0.765,negative,-0.765,0.103,0.603,0.293,negative,-0.765,negative,False,0.0,,neutral,neutral,0.5519947409629822,0.4324846565723419,0.5519947409629822,0.0155205521732568
1077796063324363,marie michelle heviamoorima valid statement let zesco put into consideration,False,0.0,neutral,0.0,0.0,1.0,0.0,neutral,0.0,neutral,False,0.0,,neutral,neutral,0.7397746443748474,0.0211979802697896,0.7397746443748474,0.2390273362398147
438116302138250,trade kings should introduce another electricity company aba beve awe re rich don t even care bout customers cuz ve got mullah,False,0.7783,positive,0.3782999999999999,0.264,0.736,0.0,positive,0.3782999999999999,positive,True,-0.4,awe,negative,negative,0.5450946688652039,0.5450946688652039,0.4239085614681244,0.030996823683381
1464374354271951,mutinta tintili exactly same story everyday,False,0.0,neutral,0.0,0.0,1.0,0.0,neutral,0.0,neutral,False,0.0,,neutral,neutral,0.704620361328125,0.2545552551746368,0.704620361328125,0.0408244207501411
431168510063344,zesco limited day shall judged gives deadline ya day something huge fwebali kumabala,False,0.1027,positive,0.1027,0.151,0.724,0.125,positive,0.1027,positive,False,0.0,,neutral,neutral,0.7717260122299194,0.094842180609703,0.7717260122299194,0.1334317475557327
2269644953433951,good part like zesco stabilizing power,False,0.6597,positive,0.6597,0.574,0.426,0.0,positive,0.6597,positive,False,0.0,,positive,positive,0.903351902961731,0.0058114128187298,0.0908367037773132,0.903351902961731
1281782283189242,shame posted coz don t feel people,False,-0.4767,negative,-0.4767,0.0,0.617,0.383,negative,-0.4767,negative,False,0.0,,negative,negative,0.9049117565155028,0.9049117565155028,0.0888522267341613,0.0062359967269003
918822943645810,saviour alingo chisanga exactly question too,False,0.0,neutral,0.0,0.0,1.0,0.0,neutral,0.0,neutral,False,0.0,,neutral,neutral,0.8823018074035645,0.0651346147060394,0.8823018074035645,0.0525635704398155
517690330984872,1 nyumba yanga 2 ma solar panels yanga 3 inverter yanga 4 ma lithium batteries yanga 5 definitely nimalaiti yanga m against net metering s brilliant idea could better attractive consumers join band wagon given money equivalent excess power supply into national grid unlike sending units likely use because loadshedding,True,0.926,positive,0.926,0.276,0.724,0.0,negative,0.926,negative,False,0.0,,neutral,neutral,0.6629102230072021,0.0812961608171463,0.6629102230072021,0.2557936012744903
1060003232145889,zesco limited how get system free installation,False,0.34,positive,0.34,0.324,0.49,0.186,positive,0.34,positive,False,0.0,,neutral,neutral,0.5053855776786804,0.4684108197689056,0.5053855776786804,0.0262035597115755
1339228173576001,good morning bernard c m chipampe thank reaching us kindly note 3 schedules residentials 06 00 14 00 12 00 20 hrs 14 00 22 00hrs rotations done way last week group d going off 12 00 20 00hrs hence week schedule 14 00 22 00hrs next week 06 00 14 00hrs respectively kind regards pm,False,0.9349,positive,0.9349,0.26,0.74,0.0,positive,0.9349,positive,False,0.0,,neutral,neutral,0.6426696181297302,0.0099149225279688,0.6426696181297302,0.3474154472351074
918822943645810,saviour alingo chisanga s 005,False,0.0,neutral,0.0,0.0,1.0,0.0,neutral,0.0,neutral,False,0.0,,neutral,neutral,0.8985412120819092,0.051485676318407,0.8985412120819092,0.0499731376767158
7647602908640872,hello melody banda daka thank reaching us please note value customers strive serve better kindly advise how may assist pm,False,0.9201,positive,0.9201,0.519,0.481,0.0,positive,0.9201,positive,False,0.0,,positive,positive,0.7096930146217346,0.0131541742011904,0.2771528661251068,0.7096930146217346
2228270187371587,just say planning increase tariffs telling us since morning,False,0.3182,positive,0.3182,0.223,0.777,0.0,positive,0.3182,positive,False,0.0,,negative,negative,0.5198785662651062,0.5198785662651062,0.4585877060890198,0.0215337760746479
1133189314375206,jane chiwila yes support narrative,False,0.6597,positive,0.6597,0.643,0.357,0.0,positive,0.6597,positive,False,0.0,,neutral,neutral,0.8092110753059387,0.0460750833153724,0.8092110753059387,0.1447138637304306
457632340301493,exercise shouldn t even deadline power goes kaya how many hours days comes back whenever befits,False,0.0,neutral,0.0,0.0,1.0,0.0,neutral,0.0,neutral,False,0.0,,neutral,neutral,0.7910863757133484,0.1575071215629577,0.7910863757133484,0.0514065362513065
879154983427096,upnd time remember 2026 home ground begging mercy watching,False,0.3612,positive,0.3612,0.238,0.762,0.0,positive,0.3612,positive,False,0.0,,neutral,neutral,0.5892655849456787,0.2523276507854461,0.5892655849456787,0.1584067195653915
2498876370301527,brown chikwanda s next year maybe,False,0.0,neutral,0.0,0.0,1.0,0.0,neutral,0.0,neutral,False,0.0,,neutral,neutral,0.8872217535972595,0.0222420450299978,0.8872217535972595,0.0905361250042915
841218527168887,ba zesco honestly ai power na midnight come kuma 06 na 11 gone awe serious work,False,0.4019,positive,0.0018999999999999,0.164,0.765,0.071,neutral,0.0018999999999999,neutral,True,-0.4,awe,neutral,neutral,0.7201917767524719,0.1473612189292907,0.7201917767524719,0.1324469894170761
478577728012542,mean now electricity how dare give us deadline want us wake 02 start updating meters,False,0.0772,positive,0.0772,0.085,0.915,0.0,positive,0.0772,positive,False,0.0,,negative,negative,0.8866268396377563,0.8866268396377563,0.1058287695050239,0.0075443629175424
1065511448911076,chanda phiri never happen zambia know politician assumes office president always sale power corrupt agendas means stealing forget load shedding end zambia,False,-0.6808,negative,-0.6808,0.0,0.781,0.219,negative,-0.6808,negative,False,0.0,,negative,negative,0.8414945006370544,0.8414945006370544,0.1457715779542923,0.0127338450402021
1968490243632701,chabwela mwanza same,False,0.0,neutral,0.0,0.0,1.0,0.0,neutral,0.0,neutral,False,0.0,,neutral,neutral,0.7745073437690735,0.1314227133989334,0.7745073437690735,0.0940698459744453
1284761466245257,group c power went 6,False,0.0,neutral,0.0,0.0,1.0,0.0,neutral,0.0,neutral,False,0.0,,neutral,neutral,0.8474617600440979,0.0219144411385059,0.8474617600440979,0.1306238025426864
574783971566588,said customers received power 24hrs should report excessive hours power should report also,False,0.0,neutral,0.0,0.0,1.0,0.0,neutral,0.0,neutral,False,0.0,,negative,negative,0.5169944167137146,0.5169944167137146,0.4608399868011474,0.0221655145287513
928730689070139,mwewa kashell mwaba ayamu tayadi too literally ran away rented apartment mudima everyday nayo ma nyumba yavuta kupeza,False,0.0,neutral,0.0,0.0,1.0,0.0,neutral,0.0,neutral,False,0.0,,neutral,neutral,0.6492266654968262,0.320497065782547,0.6492266654968262,0.0302762221544981
848821520593006,zesco don t follow sechdule stipulated power gone before time upto now hasn t restored resolved question point having stipulated sechdule don t follow,False,0.4767,positive,0.4767,0.177,0.823,0.0,positive,0.4767,positive,False,0.0,,negative,negative,0.7934398651123047,0.7934398651123047,0.201017290353775,0.0055429232306778
1460422461374000,zesco please update us latest developments t go into long weekend without electricity tried pay shoprite tried buy through airtel money impossible,False,0.381,positive,0.381,0.159,0.841,0.0,positive,0.381,positive,False,0.0,,negative,negative,0.7608286142349243,0.7608286142349243,0.221730887889862,0.0174404457211494
1479913309593876,stop even decieving us 08hrs talking 06hrs 17hrs 08hrs please should stick time,False,0.0258,neutral,0.0258,0.148,0.71,0.142,neutral,0.0258,neutral,False,0.0,,negative,negative,0.8280135989189148,0.8280135989189148,0.1628593355417251,0.0091270869597792
1539253826550352,pickrell knowels true speaks mind god says s david s just saul really mean,False,0.5994,positive,0.5994,0.329,0.671,0.0,positive,0.5994,positive,False,0.0,,neutral,neutral,0.7098065614700317,0.165952056646347,0.7098065614700317,0.1242413967847824
1331690454041080,ukutemwa ukwikala ku town us rural areas already power restored before scheduled time sometimes loadshedding therez lol,False,0.6369,positive,0.6369,0.257,0.743,0.0,positive,0.6369,positive,False,0.0,,neutral,neutral,0.7914314866065979,0.0816822573542594,0.7914314866065979,0.1268862187862396
1322610832456208,mukuka lushomo need rest maybe tired,False,-0.4404,negative,-0.4404,0.0,0.633,0.367,negative,-0.4404,negative,False,0.0,,neutral,neutral,0.7654982805252075,0.1916545778512954,0.7654982805252075,0.0428472086787223
1307930793383241,charles chabatama kano ise bama tecno awe sure 4 days charging how brother,False,0.3182,positive,-0.0818,0.173,0.827,0.0,negative,-0.0818,negative,True,-0.4,awe,neutral,neutral,0.8444480895996094,0.0498567782342433,0.8444480895996094,0.1056950911879539
1697546660718686,zesco limited how come meters still counting try pause just want notice something,False,-0.1531,negative,-0.1531,0.092,0.775,0.134,negative,-0.1531,negative,False,0.0,,negative,negative,0.6924498677253723,0.6924498677253723,0.2953900098800659,0.0121600488200783
1017811669249469,pumulo divinefavour mumba s sad,False,-0.4767,negative,-0.4767,0.0,0.492,0.508,negative,-0.4767,negative,False,0.0,,negative,negative,0.8263339996337891,0.8263339996337891,0.1624752283096313,0.011190709657967
326213627155585,kang wa slightly beyond just too beyond,False,0.0,neutral,0.0,0.0,1.0,0.0,neutral,0.0,neutral,False,0.0,,neutral,neutral,0.7721492648124695,0.1012027189135551,0.7721492648124695,0.12664794921875
536054232162266,zesco limited don t power libala since sunday till today awe mwandi,False,-0.2263,negative,-0.6263000000000001,0.0,0.84,0.16,negative,-0.6263000000000001,negative,True,-0.4,awe,negative,negative,0.565106213092804,0.565106213092804,0.4186435639858246,0.0162502694875001
1269660250728104,lelo mukwai tepalichili chitatu nipa 1 mukwai nga ifi ifyama metering ninshi muletweba ukuti amaiti yalakonkanyapo ukuya,False,0.0,neutral,0.0,0.0,1.0,0.0,neutral,0.0,neutral,False,0.0,,neutral,neutral,0.827459990978241,0.081564761698246,0.827459990978241,0.09097521007061
878212423369353,such schedule apply area stop playing around people s feelings,False,-0.1027,negative,-0.1027,0.164,0.636,0.2,negative,-0.1027,negative,False,0.0,,negative,negative,0.495509386062622,0.495509386062622,0.4784157872200012,0.0260748043656349
879084503133919,gud president leader should always show concern people crisis showed care even s difficulty don t regret vote,False,-0.7269,negative,-0.7269,0.131,0.49,0.38,negative,-0.7269,negative,False,0.0,,positive,positive,0.7969312071800232,0.0428819432854652,0.1601868122816085,0.7969312071800232
1135886531575155,felistus mulabanya same day called mostly used come same day number thrs using call,False,0.0772,positive,0.0772,0.091,0.909,0.0,positive,0.0772,positive,False,0.0,,neutral,neutral,0.8761178851127625,0.0368504598736763,0.8761178851127625,0.0870315954089164
1118211136318311,how put deadline power three days now how possible without power muleibwelamo ba zesco,False,0.0,neutral,0.0,0.0,1.0,0.0,neutral,0.0,neutral,False,0.0,,neutral,neutral,0.6228777766227722,0.3335570693016052,0.6228777766227722,0.0435652248561382
894189272588192,installed 5 5kv load 2kv need apply net metering form please monze,False,0.3182,positive,0.3182,0.187,0.813,0.0,positive,0.3182,positive,False,0.0,,neutral,neutral,0.8578521609306335,0.0536429435014724,0.8578521609306335,0.0885048061609268
1214925962764712,haven t power since 01 00of schedule say ba zesco woodlands really suffered most outage,False,-0.5413,negative,-0.5413,0.0,0.788,0.212,negative,-0.5413,negative,False,0.0,,negative,negative,0.8105252385139465,0.8105252385139465,0.1815038919448852,0.0079708527773618
554138996371475,people playing minds certain calling us puppets right now,False,0.4404,positive,0.4404,0.358,0.642,0.0,positive,0.4404,positive,False,0.0,,negative,negative,0.8506983518600464,0.8506983518600464,0.143013060092926,0.0062886364758014
1259562757957102,bafakako half time manje monga bola,False,0.0,neutral,0.0,0.0,1.0,0.0,neutral,0.0,neutral,False,0.0,,neutral,neutral,0.7860174179077148,0.1580646336078643,0.7860174179077148,0.0559179857373237
1539253826550352,isaac zulu u lying stop misleading people joshua ignla never said th prophet only said hh destined th president zambia,False,-0.8074,negative,-0.8074,0.0,0.658,0.342,negative,-0.8074,negative,False,0.0,,negative,negative,0.7618265748023987,0.7618265748023987,0.2265071719884872,0.0116662485525012
510100265225826,pa 1 nipa 1 ba ze ka hint atishani,False,0.0,neutral,0.0,0.0,1.0,0.0,neutral,0.0,neutral,False,0.0,,neutral,neutral,0.8964428305625916,0.0261366888880729,0.8964428305625916,0.0774205327033996
1636472860633097,us means wake between 01 04 hours just because s only time power how much punish us kanshi,False,-0.5267,negative,-0.5267,0.0,0.825,0.175,negative,-0.5267,negative,False,0.0,,negative,negative,0.5323007106781006,0.5323007106781006,0.4361980259418487,0.0315013416111469
506474755550925,sibongile bongani munthali think ba group e just hated lot group very upset,False,-0.796,negative,-0.796,0.0,0.585,0.415,negative,-0.796,negative,False,0.0,,negative,negative,0.89130699634552,0.89130699634552,0.1005499064922332,0.0081430841237306
690068096131577,chuma favor chilekwa better than 12hrs straight load shedding,False,0.7579,positive,0.7579,0.556,0.444,0.0,positive,0.7579,positive,False,0.0,,neutral,neutral,0.45206418633461,0.4277568161487579,0.45206418633461,0.1201789602637291
1076213584157956,wise chansa support,False,0.7003,positive,0.7003,0.853,0.147,0.0,positive,0.7003,positive,False,0.0,,neutral,neutral,0.6168297529220581,0.0307153444737195,0.6168297529220581,0.3524549007415771
547271547324936,george siamalambo same 10 miles,False,0.0,neutral,0.0,0.0,1.0,0.0,neutral,0.0,neutral,False,0.0,,neutral,neutral,0.8480532765388489,0.042163960635662,0.8480532765388489,0.1097828298807144
1947229325798355,m sure whether laugh cry kind irresponsibility zesco surely failed project customer service team highly irrelevant,False,0.7003,positive,0.7003,0.442,0.326,0.232,positive,0.7003,positive,False,0.0,,negative,negative,0.9250799417495728,0.9250799417495728,0.068524956703186,0.006395109463483
2054844194718605,make sure same hours rubbish experiencing kamwala south want just away zesco sun tuchule,False,0.3818,positive,0.3818,0.231,0.769,0.0,positive,0.3818,positive,False,0.0,,neutral,neutral,0.8168496489524841,0.1231336072087287,0.8168496489524841,0.0600167289376258
509595481969680,s first week october power,False,0.0,neutral,0.0,0.0,1.0,0.0,neutral,0.0,neutral,False,0.0,,neutral,neutral,0.7363276481628418,0.0111051853746175,0.7363276481628418,0.2525672316551208
1540969093038226,own different load shedding 23 05 30 11 00 17 30,False,0.0,neutral,0.0,0.0,1.0,0.0,neutral,0.0,neutral,False,0.0,,neutral,neutral,0.7746602892875671,0.2042440772056579,0.7746602892875671,0.021095547825098
905418728156204,lelo ni pa 1 october still don t power explaining things yourself don t understand,False,0.0,neutral,0.0,0.0,1.0,0.0,neutral,0.0,neutral,False,0.0,,negative,negative,0.6269868612289429,0.6269868612289429,0.3547266721725464,0.0182864554226398
442822361760933,hakainde hichilema twafweni bally,False,0.0,neutral,0.0,0.0,1.0,0.0,neutral,0.0,neutral,False,0.0,,neutral,neutral,0.8131742477416992,0.1010777577757835,0.8131742477416992,0.0857480391860008
5648817075215103,don t stick own timetable schedule people go whole day without power,False,0.0,neutral,0.0,0.0,1.0,0.0,neutral,0.0,neutral,False,0.0,,negative,negative,0.7157882452011108,0.7157882452011108,0.2737194895744324,0.010492255911231
2942741362688052,bally ni munthu watu t destroy expensive machinery because forcing issue make situation worse t stop exporting power because need income policy free education zesco business needs money run zambians implore s just january starting february expect everything start normalizing bare us just supported us during election don t loose heart still need support ala naifwe bene sleepless nights over issue ground right now trying see how best fix matter put smile back every zambians face give little time exercise patience bally fix worry suffering endure night joy comes morning zambia forward hon seke,False,0.4215,positive,0.4215,0.175,0.675,0.15,positive,0.4215,positive,False,0.0,,neutral,neutral,0.5993450880050659,0.3037478327751159,0.5993450880050659,0.0969070568680763
703159451369461,s making u affecting those running during day well those business night,False,0.2732,positive,0.2732,0.189,0.811,0.0,positive,0.2732,positive,False,0.0,,neutral,neutral,0.6648229360580444,0.3090420067310333,0.6648229360580444,0.0261350963264703
1243604516887706,zesco limited iwe cj iwe same way take power 06hrs time restore back exact 14hrs time yesterday power went 06hrs came back 17hrs iwe cj iwe,False,0.0772,positive,0.0772,0.078,0.854,0.068,positive,0.0772,positive,False,0.0,,neutral,neutral,0.8689053654670715,0.0878258198499679,0.8689053654670715,0.043268833309412
824418318637408,started yesterday us way go posting hours later far worst possible company zambia forget gives money yet industrial companies power 24 7 nice,False,-0.4939,negative,-0.4939,0.101,0.683,0.216,negative,-0.4939,negative,False,0.0,,negative,negative,0.9169183373451232,0.9169183373451232,0.0728591531515121,0.010222565382719
807091348033010,susan j stephens m,False,0.0,neutral,0.0,0.0,1.0,0.0,neutral,0.0,neutral,False,0.0,,neutral,neutral,0.8901091814041138,0.0478405989706516,0.8901091814041138,0.0620501078665256
1391164684756543,veronica oputa imagine online students businesses depend power re killing us slowly without even realizing,False,-0.6597,negative,-0.6597,0.0,0.761,0.239,negative,-0.6597,negative,False,0.0,,negative,negative,0.769291877746582,0.769291877746582,0.2156087309122085,0.015099330805242
1045021707103658,jack jones chandalala because even before bragging 400megawatts having tuma 3hrs lights moment additional 400megawatts could having least ma 6hrs power ifii additional same results yaba,False,0.0,neutral,0.0,0.0,1.0,0.0,neutral,0.0,neutral,False,0.0,,neutral,neutral,0.7997977137565613,0.1262362897396087,0.7997977137565613,0.0739660263061523
893053705214196,y ba solwezi zesco following schedule 6hrs power 6 hours power off ifili simple want complicate sure apa 10 hours yaya,False,0.3818,positive,0.3818,0.175,0.825,0.0,positive,0.3818,positive,False,0.0,,neutral,neutral,0.839455246925354,0.1231721863150596,0.839455246925354,0.0373725779354572
703402968046208,think let s go ku zesco everyone beat lying us kumenya including manager,False,-0.5267,negative,-0.5267,0.0,0.764,0.236,negative,-0.5267,negative,False,0.0,,neutral,neutral,0.6438600420951843,0.3009592592716217,0.6438600420951843,0.0551806837320327
6164825023528034,deedyianna mumu ati ba pf balinwina zigolo amenshi awe military kuti yabafye bwino,False,0.0,neutral,0.0999999999999999,0.0,1.0,0.0,positive,0.0999999999999999,positive,True,0.0999999999999999,"awe,bwino",neutral,neutral,0.8000351786613464,0.1415288001298904,0.8000351786613464,0.0584360025823116
513885767475162,thandi chibale lunguthandi chibale lungu yes,False,0.4019,positive,0.4019,0.351,0.649,0.0,positive,0.4019,positive,False,0.0,,neutral,neutral,0.6189070343971252,0.0683457553386688,0.6189070343971252,0.3127471506595611
1539253826550352,isaac zulu joshua iginla confused first said recently also said president zambia going deliver,False,-0.3182,negative,-0.3182,0.0,0.85,0.15,negative,-0.3182,negative,False,0.0,,neutral,neutral,0.8119663596153259,0.1624988317489624,0.8119663596153259,0.0255348086357116
1205087440430798,6hrs power cut day 6hrs twice day,False,-0.2732,negative,-0.2732,0.0,0.741,0.259,negative,-0.2732,negative,False,0.0,,negative,negative,0.7314881682395935,0.7314881682395935,0.2566936314105987,0.0118182823061943
1220697095185978,muliko nabwino ifwa kuno 3days without power,False,0.0,neutral,0.0,0.0,1.0,0.0,neutral,0.0,neutral,False,0.0,,neutral,neutral,0.7001419067382812,0.2722663879394531,0.7001419067382812,0.0275917276740074
685408256413529,system loadshedding areas while others enjoying same power good let s part take misfortune period,False,0.743,positive,0.743,0.344,0.656,0.0,positive,0.743,positive,False,0.0,,neutral,neutral,0.603068470954895,0.2979982495307922,0.603068470954895,0.0989332124590873
6394524170577597,same introducing half time game anyways businesses two things during 6 hours day unlike experiencing power cut 05 hours 17 hours,False,-0.2732,negative,-0.2732,0.0,0.9,0.1,negative,-0.2732,negative,False,0.0,,neutral,neutral,0.6487922072410583,0.2890675365924835,0.6487922072410583,0.0621402449905872
3768551740030995,miracle year zesco turned 8hours 12 hours,False,0.5859,positive,0.5859,0.388,0.612,0.0,positive,0.5859,positive,False,0.0,,positive,positive,0.668979287147522,0.0053387605585157,0.3256820142269134,0.668979287147522
293880816577855,better s 6weeks try zesco mumbwa 3years now connection get surprised criteria use connect other houses,False,0.5859,positive,0.5859,0.27,0.73,0.0,positive,0.5859,positive,False,0.0,,neutral,neutral,0.524581789970398,0.1131947711110115,0.524581789970398,0.3622235059738159
1118211136318311,mukuka tinah mutale even s updated because power came kuma 01,False,0.0,neutral,0.0,0.0,1.0,0.0,neutral,0.0,neutral,False,0.0,,neutral,neutral,0.8682733774185181,0.0633711367845535,0.8682733774185181,0.0683555677533149
475515214753875,bawishi sophie solutions,False,0.1779,positive,0.1779,0.459,0.541,0.0,positive,0.1779,positive,False,0.0,,neutral,neutral,0.8596281409263611,0.0390355102717876,0.8596281409263611,0.1013363078236579
475797351387622,susan j stephens still 12 hours,False,0.0,neutral,0.0,0.0,1.0,0.0,neutral,0.0,neutral,False,0.0,,neutral,neutral,0.887046754360199,0.0453629828989505,0.887046754360199,0.0675902292132377
863524105753795,least 10 16hrs,False,0.0,neutral,0.0,0.0,1.0,0.0,neutral,0.0,neutral,False,0.0,,neutral,neutral,0.8491119742393494,0.0197668224573135,0.8491119742393494,0.1311212331056594
230568016489685,chuma clare mashebe great managed s frustrating today,False,0.296,positive,0.296,0.342,0.417,0.242,positive,0.296,positive,False,0.0,,negative,negative,0.6438809037208557,0.6438809037208557,0.3090700507164001,0.0470490083098411
1342913303784146,pay cash cause need service,False,-0.1027,negative,-0.1027,0.0,0.741,0.259,negative,-0.1027,negative,False,0.0,,neutral,neutral,0.7040227651596069,0.1633717715740203,0.7040227651596069,0.1326054036617279
3510128809208407,how system maintenance first day month,False,0.0,neutral,0.0,0.0,1.0,0.0,neutral,0.0,neutral,False,0.0,,neutral,neutral,0.7769827246665955,0.1499158889055252,0.7769827246665955,0.0731013938784599
1567383927241606,chila cn chirwa such questions don t answer,False,0.0,neutral,0.0,0.0,1.0,0.0,neutral,0.0,neutral,False,0.0,,neutral,neutral,0.5681074857711792,0.41311115026474,0.5681074857711792,0.0187813881784677
306493691934195,alone mwandi even uncle paid everything date nothing even holes,False,-0.25,negative,-0.25,0.0,0.818,0.182,negative,-0.25,negative,False,0.0,,neutral,neutral,0.6082066893577576,0.3378074169158935,0.6082066893577576,0.0539859123528003
987006009760428,m sure won t like group coming week,False,0.8176,positive,0.8176,0.739,0.261,0.0,positive,0.8176,positive,False,0.0,,negative,negative,0.7049422264099121,0.7049422264099121,0.2765492498874664,0.0185085330158472
8207205366024150,kennedy muzyamba nothing changed just playing minds,False,-0.1511,negative,-0.1511,0.0,0.79,0.21,negative,-0.1511,negative,False,0.0,,neutral,neutral,0.7114881277084351,0.2582725882530212,0.7114881277084351,0.030239287763834
2942741362688052,hellen zimba s hon seke,False,0.0,neutral,0.0,0.0,1.0,0.0,neutral,0.0,neutral,False,0.0,,neutral,neutral,0.7957527041435242,0.1331536322832107,0.7957527041435242,0.071093626320362
733709384648942,exactly vp meant said re increasing order reduce,False,0.0,neutral,0.0,0.0,1.0,0.0,neutral,0.0,neutral,False,0.0,,neutral,neutral,0.8378764390945435,0.0995803624391555,0.8378764390945435,0.0625431090593338
1622974748123377,stop dangote invest power plant guys afraid competition anyway best,False,0.4588,positive,0.4588,0.292,0.556,0.153,positive,0.4588,positive,False,0.0,,negative,negative,0.6458418965339661,0.6458418965339661,0.3233406245708465,0.0308175031095743
3618110708447498,zesco undergoing restructuring soon ok especially those need poles,False,0.296,positive,0.296,0.216,0.784,0.0,positive,0.296,positive,False,0.0,,neutral,neutral,0.6756719946861267,0.0310728698968887,0.6756719946861267,0.2932551205158233
1644257936040124,ilya tushita pa 1 should effective work system,False,0.4767,positive,0.4767,0.341,0.659,0.0,positive,0.4767,positive,False,0.0,,neutral,neutral,0.5314845442771912,0.0293030682951211,0.5314845442771912,0.4392123520374298
707289360857677,ussd code don t work re still experiencing 12hrs power 00 00 06 00 11 00 18 00,False,0.0,neutral,0.0,0.0,1.0,0.0,neutral,0.0,neutral,False,0.0,,negative,negative,0.8189260959625244,0.8189260959625244,0.1734860241413116,0.0075878710485994
1781667235550337,y still going twice day,False,0.0,neutral,0.0,0.0,1.0,0.0,neutral,0.0,neutral,False,0.0,,neutral,neutral,0.7545785903930664,0.1574297994375229,0.7545785903930664,0.0879916176199913
518066994189067,cynthia kabwe mubanga kkkkk,False,0.0,neutral,0.0,0.0,1.0,0.0,neutral,0.0,neutral,False,0.0,,neutral,neutral,0.9071139693260192,0.0397411249577999,0.9071139693260192,0.0531449504196643
942319534430038,screw how supposed those updates without power isn t way zesco updates automatically because don t see how people going pull off given deadline,False,-0.1027,negative,-0.1027,0.0,0.938,0.062,negative,-0.1027,negative,False,0.0,,negative,negative,0.8779630064964294,0.8779630064964294,0.1134311556816101,0.0086058834567666
1539253826550352,isaac zulu david saul prophecy,False,0.0,neutral,0.0,0.0,1.0,0.0,neutral,0.0,neutral,False,0.0,,neutral,neutral,0.8699286580085754,0.0237043593078851,0.8699286580085754,0.1063669845461845
991351619361086,kunda changwe mahata image 05 making sense,False,0.0,neutral,0.0,0.0,1.0,0.0,neutral,0.0,neutral,False,0.0,,neutral,neutral,0.8078280687332153,0.0997154712677002,0.8078280687332153,0.092456504702568
774328217816405,wendy anne managed talk someone same given list tokens purchased showed system,False,0.0,neutral,0.0,0.0,1.0,0.0,neutral,0.0,neutral,False,0.0,,neutral,neutral,0.9430958032608032,0.0175833161920309,0.9430958032608032,0.0393208898603916
678087460627687,tutu kasuli ala mwandi just hearing pipo complaining,False,-0.2023,negative,-0.2023,0.0,0.795,0.205,negative,-0.2023,negative,False,0.0,,negative,negative,0.5585005283355713,0.5585005283355713,0.4174129962921142,0.0240865070372819
698635551799988,difference make s still load shedding heavily criticized previously,False,-0.3612,negative,-0.3612,0.0,0.737,0.263,negative,-0.3612,negative,False,0.0,,neutral,neutral,0.534606397151947,0.4471264481544494,0.534606397151947,0.0182671304792165
1045021707103658,siven rowland bwembya totally agree punishing defenceless citizens while shacking rich kids afford solar other industries import make alternative power solutions,False,0.4964,positive,0.4964,0.279,0.587,0.134,positive,0.4964,positive,False,0.0,,negative,negative,0.5064855813980103,0.5064855813980103,0.4259625077247619,0.0675519034266471
624553022955708,eric bulaya ve managed now,False,0.0,neutral,0.0,0.0,1.0,0.0,neutral,0.0,neutral,False,0.0,,neutral,neutral,0.8981611728668213,0.0394295901060104,0.8981611728668213,0.0624092258512973
1413194982809799,ifwe power went kuma 10hrs fall schedule,False,0.0,neutral,0.0,0.0,1.0,0.0,neutral,0.0,neutral,False,0.0,,neutral,neutral,0.8712894916534424,0.0547306239604949,0.8712894916534424,0.0739799216389656
1109366427218697,chisanga kayula ala ba zesco limited likes playing games us kwati fyamano,False,0.4019,positive,0.4019,0.297,0.581,0.123,positive,0.4019,positive,False,0.0,,neutral,neutral,0.8574929237365723,0.0938715785741806,0.8574929237365723,0.0486354790627956
1077796063324363,zesco limited take notice,False,-0.2263,negative,-0.2263,0.0,0.612,0.388,negative,-0.2263,negative,False,0.0,,neutral,neutral,0.8395093083381653,0.0919578075408935,0.8395093083381653,0.0685328841209411
548275573885493,now realized most praise singers dull just support blindly without knowing supporting changed mubikuba hahulu bati let work completely coz said rubbish someone busy praising naka phone ku power bank,False,0.693,positive,0.693,0.249,0.618,0.133,positive,0.693,positive,False,0.0,,negative,negative,0.6388530135154724,0.6388530135154724,0.3245281279087066,0.0366187952458858
467048809284648,kind smoke guys zesco limited smoke htf expect people us only seeing stupid message just now mulebako na seriousness job take people s silence granted sure just pathetic entire network,False,-0.3612,negative,-0.3612,0.193,0.551,0.256,negative,-0.3612,negative,False,0.0,,negative,negative,0.9399571418762208,0.9399571418762208,0.0551391541957855,0.0049036866985261
1090654236363564,chipo mutale think,False,0.0,neutral,0.0,0.0,1.0,0.0,neutral,0.0,neutral,False,0.0,,neutral,neutral,0.8488049507141113,0.0455099456012249,0.8488049507141113,0.1056850850582122
1373227593487046,power cuts time seems time table even followed,False,-0.296,negative,-0.296,0.0,0.761,0.239,negative,-0.296,negative,False,0.0,,negative,negative,0.8125195503234863,0.8125195503234863,0.1783953011035919,0.0090851755812764
489266630038074,ackim katebe surely go through sir,False,0.4404,positive,0.4404,0.367,0.633,0.0,positive,0.4404,positive,False,0.0,,neutral,neutral,0.8561538457870483,0.0431886799633502,0.8561538457870483,0.1006575599312782
2708694619260732,total rubish yestaday power went 5 came bk 17 today 6 gone nish vuto ilipati ayi,False,0.0,neutral,0.0,0.0,1.0,0.0,neutral,0.0,neutral,False,0.0,,neutral,neutral,0.8922052979469299,0.0338744185864925,0.8922052979469299,0.0739202424883842
696804132160570,yes s loadshedding us re very fortunate power don t go even bit s previllage living village less populated areas re powered every time thank zesco,False,0.8122,positive,0.8122,0.296,0.704,0.0,positive,0.8122,positive,False,0.0,,positive,positive,0.9366416931152344,0.0086021590977907,0.0547561533749103,0.9366416931152344
917793930254235,zesco stop playing games us need power umungulu mungulu fye stop playing games us today s 1st october,False,-0.2023,negative,-0.2023,0.171,0.619,0.21,negative,-0.2023,negative,False,0.0,,negative,negative,0.6618470549583435,0.6618470549583435,0.3125492036342621,0.0256037171930074
7499396103448309,group e 8 hours 10 11 hours because stunt pulled yesterday s 2pm power better restored soon,False,0.6486,positive,0.6486,0.306,0.694,0.0,positive,0.6486,positive,False,0.0,,neutral,neutral,0.7481575608253479,0.0481689497828483,0.7481575608253479,0.2036735415458679
1079348606501008,8 hour naimwe s taking 10 hours power restored mporokoso,False,0.34,positive,0.34,0.255,0.745,0.0,positive,0.34,positive,False,0.0,,neutral,neutral,0.8572573661804199,0.0211095456033945,0.8572573661804199,0.1216330677270889
1337454703686572,lucky trade kings t produce electricity,False,0.4215,positive,0.4215,0.412,0.588,0.0,positive,0.4215,positive,False,0.0,,positive,positive,0.5269509553909302,0.1037078574299812,0.3693412244319916,0.5269509553909302
1911614532536475,chilinda maxwell should still walk,False,0.0,neutral,0.0,0.0,1.0,0.0,neutral,0.0,neutral,False,0.0,,neutral,neutral,0.756067156791687,0.165019541978836,0.756067156791687,0.0789133757352829
308336305627892,jose ph would point load shedding during time people aren t using electricity,False,0.0,neutral,0.0,0.0,1.0,0.0,neutral,0.0,neutral,False,0.0,,neutral,neutral,0.5627975463867188,0.4184452593326568,0.5627975463867188,0.0187571700662374
2326982624319969,prince levy boi hijotiiii just lying,False,-0.5267,negative,-0.5267,0.0,0.595,0.405,negative,-0.5267,negative,False,0.0,,neutral,neutral,0.5367223620414734,0.4042596817016601,0.5367223620414734,0.0590179562568664
741211864091012,following timetable muliko nakamungulu,False,0.0,neutral,0.0,0.0,1.0,0.0,neutral,0.0,neutral,False,0.0,,neutral,neutral,0.8878924250602722,0.0450495667755603,0.8878924250602722,0.0670580118894577
2418646351616728,now recommended zesco loadsheds level economic significance productivity areas economic activity such markets accommodate those rely electricity such wielders internet cafes butcheries barbershop etc may consider leaving such areas longer periods day time switch night further relief may each zone least full day without loadshedding,False,0.7184,positive,0.7184,0.143,0.857,0.0,positive,0.7184,positive,False,0.0,,neutral,neutral,0.8190425634384155,0.0326763428747653,0.8190425634384155,0.148281067609787
1350165329680177,how check meter s off due loadshedding nkalanikoni serious,False,-0.0772,negative,-0.0772,0.0,0.843,0.157,negative,-0.0772,negative,False,0.0,,negative,negative,0.6713325381278992,0.6713325381278992,0.3156927227973938,0.0129747614264488
402137349350108,essa group d unlucky,False,0.0,neutral,0.0,0.0,1.0,0.0,neutral,0.0,neutral,False,0.0,,neutral,neutral,0.6880990862846375,0.2126046866178512,0.6880990862846375,0.0992962419986724
963697571683180,also lying t even keep schedule promise,False,-0.2732,negative,-0.2732,0.237,0.412,0.351,negative,-0.2732,negative,False,0.0,,negative,negative,0.8513307571411133,0.8513307571411133,0.1398229151964187,0.0088463919237256
489662936581792,zambia circus show,False,0.0,neutral,0.0,0.0,1.0,0.0,neutral,0.0,neutral,False,0.0,,neutral,neutral,0.6083778142929077,0.3466437458992004,0.6083778142929077,0.044978491961956
678087460627687,ba zesco load shedding starting kwatu,False,0.0,neutral,0.0,0.0,1.0,0.0,neutral,0.0,neutral,False,0.0,,neutral,neutral,0.502995491027832,0.474968284368515,0.502995491027832,0.0220361538231372
548275573885493,ilishebo chris mukelabai wapila wena,False,0.0,neutral,0.0,0.0,1.0,0.0,neutral,0.0,neutral,False,0.0,,neutral,neutral,0.8690603971481323,0.0564403012394905,0.8690603971481323,0.0744993239641189
1045021707103658,think invest solar system,False,0.0,neutral,0.0,0.0,1.0,0.0,neutral,0.0,neutral,False,0.0,,neutral,neutral,0.8062860369682312,0.0880456492304802,0.8062860369682312,0.105668306350708
8441020179344485,thought 1st october far,False,0.0,neutral,0.0,0.0,1.0,0.0,neutral,0.0,neutral,False,0.0,,neutral,neutral,0.8716689348220825,0.0608603470027446,0.8716689348220825,0.0674706920981407
1109511169692816,rubbish switch off power around 8in morning restored back 18hrs switched off 23hrs back 5 morning sort nonsense ba kapala imwe,False,-0.0772,negative,-0.0772,0.104,0.779,0.117,negative,-0.0772,negative,False,0.0,,negative,negative,0.8260724544525146,0.8260724544525146,0.164600670337677,0.0093269385397434
380870341599348,stephen sata same bally promised end loadsheading bring down dollar rate s bothered besides don t loadshead how feel impact poor people kaili ba bally benu listen campaign preaching yoooo lies,False,-0.6908,negative,-0.6908,0.07,0.7,0.23,negative,-0.6908,negative,False,0.0,,negative,negative,0.790349543094635,0.790349543094635,0.1967906951904297,0.0128597943112254
1085032883086669,chomba lesa malembeka exactly thought because s seems everything beyond,False,0.0,neutral,0.0,0.0,1.0,0.0,neutral,0.0,neutral,False,0.0,,neutral,neutral,0.7201458215713501,0.2253359109163284,0.7201458215713501,0.0545182302594184
1162550751042225,still comes back 12 hours,False,0.0,neutral,0.0,0.0,1.0,0.0,neutral,0.0,neutral,False,0.0,,neutral,neutral,0.7840746641159058,0.0724538043141365,0.7840746641159058,0.1434715688228607
1550493912137739,mwani paila na tv imwe ba mbuzi,False,0.0,neutral,0.0,0.0,1.0,0.0,neutral,0.0,neutral,False,0.0,,neutral,neutral,0.8779987096786499,0.0600580647587776,0.8779987096786499,0.0619432292878627
841354144073352,mmmm welcome mu new down new dawn,False,0.4588,positive,0.4588,0.333,0.667,0.0,positive,0.4588,positive,False,0.0,,positive,positive,0.7566881775856018,0.0156605616211891,0.2276512384414672,0.7566881775856018
1755477978180396,s like break giving us time charge phones only very pathetic,False,-0.024,neutral,-0.024,0.308,0.44,0.251,neutral,-0.024,neutral,False,0.0,,negative,negative,0.9262982606887816,0.9262982606887816,0.06752759963274,0.0061741201207041
1233562421097987,happened things getting back normal pa 1st october pa sunday power 05 11 suffering weeks 2 3 hrs day even power pa monday decide give us power 1st october power gets restored 03 20 exactly 1 20hr cut rubbish,False,-0.4215,negative,-0.4215,0.059,0.813,0.128,negative,-0.4215,negative,False,0.0,,neutral,neutral,0.6713575720787048,0.1012946441769599,0.6713575720787048,0.2273477911949157
425161906424474,kaz lave ahhhhh ll going twice day,False,0.0,neutral,0.0,0.0,1.0,0.0,neutral,0.0,neutral,False,0.0,,neutral,neutral,0.5716217756271362,0.0129496222361922,0.5716217756271362,0.4154286086559295
844438917810234,today 1st october story,False,0.0,neutral,0.0,0.0,1.0,0.0,neutral,0.0,neutral,False,0.0,,neutral,neutral,0.9078996777534484,0.009016933850944,0.9078996777534484,0.0830833613872528
3221256778091552,splitting gonna darkness twice day mayo let even charge phone,False,-0.25,negative,-0.25,0.0,0.818,0.182,negative,-0.25,negative,False,0.0,,negative,negative,0.673483669757843,0.673483669757843,0.2791028916835785,0.0474134944379329
958142769405125,good few months things would go sideways bad worse cus economy cost living would raised higher than re facing now,False,-0.5719,negative,-0.5719,0.109,0.642,0.249,negative,-0.5719,negative,False,0.0,,negative,negative,0.9300694465637208,0.9300694465637208,0.0643979012966156,0.0055327056907117
3812597232319896,ar u telling pipo wat u don t solution u ar confused nation kumo nabakateka loadsheding mmm,False,0.0,neutral,0.0,0.147,0.705,0.147,neutral,0.0,neutral,False,0.0,,negative,negative,0.742053210735321,0.742053210735321,0.2500412464141845,0.0079055316746234
513836767949976,told us stabilized power increase supply 3 told us maamba corries megga watts promised us starting today power question press briefing mocking us worst management ever,False,-0.4588,negative,-0.4588,0.147,0.644,0.209,negative,-0.4588,negative,False,0.0,,negative,negative,0.8655393123626709,0.8655393123626709,0.1245224699378013,0.0099382642656564
1978437159337183,davies c likwasi go inbox,False,0.0,neutral,0.0,0.0,1.0,0.0,neutral,0.0,neutral,False,0.0,,neutral,neutral,0.9037742018699646,0.0361455455422401,0.9037742018699646,0.0600802786648273
2520746544780980,net metering futi na lelo nipa 1 think zesco limited must competitor mwee mwatikola papaka enough enough fake unfulfilled promises,False,-0.6369,negative,-0.6369,0.102,0.591,0.307,negative,-0.6369,negative,False,0.0,,negative,negative,0.5738193988800049,0.5738193988800049,0.3959417045116424,0.0302388481795787
481598340820357,power area went 11 hrs now 17 38 power back,False,0.0,neutral,0.0,0.0,1.0,0.0,neutral,0.0,neutral,False,0.0,,neutral,neutral,0.7504295706748962,0.0335176885128021,0.7504295706748962,0.2160527855157852
1085032883086669,levis b sinks thought exactly besides everyone facebook liked page bazesco limited,False,0.2263,positive,0.2263,0.204,0.657,0.139,positive,0.2263,positive,False,0.0,,neutral,neutral,0.8333489298820496,0.1119695454835891,0.8333489298820496,0.0546815618872642
1462887677749584,least power 10 14hrs battery full first time many months lol,False,0.4215,positive,0.4215,0.219,0.781,0.0,positive,0.4215,positive,False,0.0,,positive,positive,0.520352840423584,0.0151433758437633,0.4645037353038788,0.520352840423584
1172944700752848,lied s 6 14 6 15,False,-0.3818,negative,-0.3818,0.0,0.435,0.565,negative,-0.3818,negative,False,0.0,,neutral,neutral,0.8834615349769592,0.0366569906473159,0.8834615349769592,0.0798814296722412
770507935235942,norah mumba trick get buying units,False,-0.0516,negative,-0.0516,0.0,0.806,0.194,negative,-0.0516,negative,False,0.0,,neutral,neutral,0.7635437250137329,0.149214968085289,0.7635437250137329,0.0872412696480751
1776648382722259,m loadsheded yet fridge tv house electricity definitely m using touch finger batteries loadsheding probably equalizing neighbors electricity tulibamo bene apa,False,0.4019,positive,0.4019,0.13,0.87,0.0,positive,0.4019,positive,False,0.0,,neutral,neutral,0.8595771193504333,0.0210592132061719,0.8595771193504333,0.1193636059761047
1662190940907929,zesco limited lusaka west power since yesterday power cuts almost every day load shedding,False,-0.4767,negative,-0.4767,0.0,0.745,0.255,negative,-0.4767,negative,False,0.0,,negative,negative,0.834241509437561,0.834241509437561,0.1580366343259811,0.0077218245714902
380111615196118,ranting guy people should resign moral grounds,False,-0.34,negative,-0.34,0.0,0.714,0.286,negative,-0.34,negative,False,0.0,,negative,negative,0.8689711689949036,0.8689711689949036,0.1220141500234603,0.0090146185830235
448299428257849,post apology today month please,False,0.3612,positive,0.3612,0.538,0.462,0.0,positive,0.3612,positive,False,0.0,,neutral,neutral,0.6207104325294495,0.3079877197742462,0.6207104325294495,0.0713018402457237
590600889794941,please ever fast,False,0.3182,positive,0.3182,0.535,0.465,0.0,positive,0.3182,positive,False,0.0,,neutral,neutral,0.5437509417533875,0.0835792124271392,0.5437509417533875,0.3726697862148285
785673903046538,giving little units sure life naikosa naimwe mushupeko,False,0.5302,positive,0.5302,0.424,0.576,0.0,positive,0.5302,positive,False,0.0,,neutral,neutral,0.759314775466919,0.0808173418045044,0.759314775466919,0.1598678976297378
903746417307421,experiment job training costly dangerous someone under,False,-0.5423,negative,-0.5423,0.0,0.526,0.474,negative,-0.5423,negative,False,0.0,,negative,negative,0.7069124579429626,0.7069124579429626,0.2792346179485321,0.0138529008254408
204430029280862,s failed project zambia zesco bwino bwino,False,-0.5106,negative,0.4893999999999999,0.0,0.602,0.398,positive,0.4893999999999999,positive,True,1.0,bwino,negative,negative,0.8548856973648071,0.8548856973648071,0.1310714781284332,0.0140428580343723
2817367398431657,ba zesco how update power comes three days area serious,False,-0.0772,negative,-0.0772,0.0,0.874,0.126,negative,-0.0772,negative,False,0.0,,negative,negative,0.6909344792366028,0.6909344792366028,0.2827027440071106,0.0263627413660287
717133766425327,direction zigizigizag clear very inconsistent,False,0.3818,positive,0.3818,0.394,0.606,0.0,positive,0.3818,positive,False,0.0,,negative,negative,0.6204570531845093,0.6204570531845093,0.3560425341129303,0.0235003661364316
1595205558092251,zesco limited chipata overspil along chipata road lines separated those national housing side us left other side power doesn t come only see power other side us nothing,False,-0.2263,negative,-0.2263,0.0,0.932,0.068,negative,-0.2263,negative,False,0.0,,neutral,neutral,0.5469815731048584,0.4276425242424011,0.5469815731048584,0.025375934317708
1289225959190705,how update without power onani ba zesco magicians mwapulika ka,False,0.0,neutral,0.0,0.0,1.0,0.0,neutral,0.0,neutral,False,0.0,,neutral,neutral,0.8360211849212646,0.1281680464744568,0.8360211849212646,0.0358107797801494
467360265627956,hi john kasoma apologize inconvenience caused please may confirm power restored appreciate patience regards cj,False,0.6486,positive,0.6486,0.413,0.469,0.117,positive,0.6486,positive,False,0.0,,neutral,neutral,0.7688894271850586,0.0498451367020607,0.7688894271850586,0.1812654286623001
1107824777667206,how people check without power mad s like upnd government came free weed give cause too much thinking backwards lies taking everything granted,False,0.4621,positive,0.4621,0.266,0.57,0.165,positive,0.4621,positive,False,0.0,,negative,negative,0.7036880850791931,0.7036880850791931,0.2760532796382904,0.0202586986124515
586968070681059,everyone online read also loadshedding extended period time people given reasonable notice like,False,0.3612,positive,0.3612,0.172,0.828,0.0,positive,0.3612,positive,False,0.0,,neutral,neutral,0.8397806286811829,0.0567517913877964,0.8397806286811829,0.103467658162117
311057938684793,mõñíçá møsé lwândõ boss forget maintenance construction happening improve power generation country wide,False,0.25,positive,0.25,0.184,0.696,0.12,positive,0.25,positive,False,0.0,,neutral,neutral,0.7530685067176819,0.1048497706651687,0.7530685067176819,0.1420817375183105
2198700187183517,thought zesco going update us current situation manchester united coach,False,0.4215,positive,0.4215,0.237,0.763,0.0,positive,0.4215,positive,False,0.0,,neutral,neutral,0.9345630407333374,0.0300907548516988,0.9345630407333374,0.0353462062776088
492310796602094,nyangu nzali felistus update,False,0.0,neutral,0.0,0.0,1.0,0.0,neutral,0.0,neutral,False,0.0,,neutral,neutral,0.850162923336029,0.0529857017099857,0.850162923336029,0.0968513637781143
1322610832456208,mukuka lushomo very true,False,0.4754,positive,0.4754,0.508,0.492,0.0,positive,0.4754,positive,False,0.0,,neutral,neutral,0.5465310215950012,0.037446342408657,0.5465310215950012,0.4160226583480835
442822361760933,liers loose power 5 s restored 22 call normal areas lusaka power week want capitalize solwezi elo don t follow schedule time dealing tired nonsense think speak solwezi fear people lusaka copperbelt atah professional operations failed find someone eligible,False,-0.8934,negative,-0.8934,0.079,0.616,0.306,negative,-0.8934,negative,False,0.0,,negative,negative,0.882883608341217,0.882883608341217,0.109605573117733,0.0075108422897756
1978437159337183,zesco limited supply than month filled complaint promised called engineers come work date s nothing hearing guys,False,-0.1531,negative,-0.1531,0.128,0.663,0.209,negative,-0.1531,negative,False,0.0,,negative,negative,0.9009507298469543,0.9009507298469543,0.091462142765522,0.007587166968733
749034703219609,samathar j funilo need company beat services,False,0.0,neutral,0.0,0.0,1.0,0.0,neutral,0.0,neutral,False,0.0,,neutral,neutral,0.7605887651443481,0.1420079916715622,0.7605887651443481,0.0974032506346702
1128801438953530,bebetty yenesha gone two days straight didn t time update kaya happen now lol,False,0.5719,positive,0.5719,0.299,0.701,0.0,positive,0.5719,positive,False,0.0,,neutral,neutral,0.5261292457580566,0.4510667324066162,0.5261292457580566,0.0228040404617786
1093095268856355,chanda chanda randomly coming pakati apa now stabilized schedule meaning now knowing time s coming going s message english said,True,0.0,neutral,0.0,0.0,1.0,0.0,negative,0.0,negative,False,0.0,,neutral,neutral,0.9265173077583312,0.0163817387074232,0.9265173077583312,0.0571008920669555
588280453129937,mumu adams mumu taumfwa ati kutumpa last futi kkkkkkk,False,0.0,neutral,0.0,0.0,1.0,0.0,neutral,0.0,neutral,False,0.0,,neutral,neutral,0.8729763627052307,0.0525925755500793,0.8729763627052307,0.0744310244917869
552697647224346,give us power kamwala south yesterday 04 sure,False,0.3182,positive,0.3182,0.247,0.753,0.0,positive,0.3182,positive,False,0.0,,neutral,neutral,0.7717028260231018,0.056586816906929,0.7717028260231018,0.1717103570699691
1234339967847834,hon evans kabwita s annoying now,False,-0.4019,negative,-0.4019,0.0,0.597,0.403,negative,-0.4019,negative,False,0.0,,negative,negative,0.8684225082397461,0.8684225082397461,0.1255316585302353,0.0060457931831479
1085244139231643,zesco limited yes power restored please let s try means stick proposed time thank advance,False,0.7906,positive,0.7906,0.476,0.433,0.091,positive,0.7906,positive,False,0.0,,neutral,neutral,0.5450520515441895,0.0237960554659366,0.5450520515441895,0.4311518967151642
1594589981168933,now how going check without power show us another way,False,0.0,neutral,0.0,0.0,1.0,0.0,neutral,0.0,neutral,False,0.0,,neutral,neutral,0.56946861743927,0.4038342535495758,0.56946861743927,0.0266971699893474
1366446937441510,people zambia ladies gentlemen remember journey israelites let hh take caenane moses today,False,0.0,neutral,0.0,0.0,1.0,0.0,neutral,0.0,neutral,False,0.0,,neutral,neutral,0.8149545192718506,0.0516241565346717,0.8149545192718506,0.133421316742897
536735799161745,just tell customers long time since purchased units zesco making enough profit projected help zesco sustain itself kindly buy units low k10 during time load shedding iyo izamveka ati updating r2 t2 kkkkk,False,0.7717,positive,0.7717,0.221,0.727,0.053,positive,0.7717,positive,False,0.0,,neutral,neutral,0.6755632758140564,0.0646528154611587,0.6755632758140564,0.2597838938236236
828589662036570,different names same whatsapp group,False,0.0,neutral,0.0,0.0,1.0,0.0,neutral,0.0,neutral,False,0.0,,neutral,neutral,0.8895139694213867,0.0626942589879036,0.8895139694213867,0.047791738063097
851116133455292,estella chetulo last time came around 0340,False,0.0,neutral,0.0,0.0,1.0,0.0,neutral,0.0,neutral,False,0.0,,neutral,neutral,0.9038819074630736,0.0255061741918325,0.9038819074630736,0.0706119239330291
1107970484246496,prepaid meter works power how going update without power teach us how update without power come update zesco isn t serious nid plan b go solar generator remain without customers,False,-0.0772,negative,-0.0772,0.0,0.954,0.046,negative,-0.0772,negative,False,0.0,,negative,negative,0.819903552532196,0.819903552532196,0.1714256703853607,0.0086708152666687
2120091688460696,hell four days without power company quite help complete number 32723604 other house lower power,False,-0.5012,negative,-0.5012,0.204,0.492,0.304,negative,-0.5012,negative,False,0.0,,negative,negative,0.922308087348938,0.922308087348938,0.0693213790655136,0.008370516821742
1366446937441510,naimwe u see promised land u won t enter kosenipo,False,0.7351,positive,0.7351,0.554,0.446,0.0,positive,0.7351,positive,False,0.0,,neutral,neutral,0.5353061556816101,0.4347495436668396,0.5353061556816101,0.0299442633986473
1349720502418165,henry nchena true brother s just africa don t value time hence t appreciate need urgency suggesting move england u simply saying should get used mediocre ways doing things instead pointing wrong things change remember pay services repeat minor addition normal society service must provided within reasonable time paid africa backward race copy civilization without appreciation reasons behind certain concepts same practice hospitals patient condition requires alleviation give month appointment normal,False,0.4211,positive,0.4211,0.13,0.777,0.093,positive,0.4211,positive,False,0.0,,negative,negative,0.6243438124656677,0.6243438124656677,0.3528465032577514,0.0228096544742584
1502869543919002,groups rotational,False,0.0,neutral,0.0,0.0,1.0,0.0,neutral,0.0,neutral,False,0.0,,neutral,neutral,0.814458966255188,0.0563332848250865,0.814458966255188,0.1292076855897903
2591175591054010,natalie natalie 15h00 group e still nothing 1 hour over zesco limited,False,-0.2263,negative,-0.2263,0.0,0.826,0.174,negative,-0.2263,negative,False,0.0,,neutral,neutral,0.7077967524528503,0.2592758536338806,0.7077967524528503,0.0329274870455265
670213151452255,zesco training centre graduates s now 7 years since completed ztc update employment sure,False,0.3182,positive,0.3182,0.173,0.827,0.0,positive,0.3182,positive,False,0.0,,neutral,neutral,0.8122654557228088,0.0291997250169515,0.8122654557228088,0.1585347950458526
1116756016627970,josephine chomba mubanga s working just tried,False,0.0,neutral,0.0,0.0,1.0,0.0,neutral,0.0,neutral,False,0.0,,neutral,neutral,0.7477136254310608,0.0296578835695981,0.7477136254310608,0.2226284742355346
862952321491126,awe don t even follow time table power goes time,False,0.0,neutral,-0.4,0.0,1.0,0.0,negative,-0.4,negative,True,-0.4,awe,negative,negative,0.6021808385848999,0.6021808385848999,0.379094511270523,0.018724650144577
601958428357758,s still 12 hours day difference just conceal contracts,False,0.0,neutral,0.0,0.0,1.0,0.0,neutral,0.0,neutral,False,0.0,,neutral,neutral,0.676263689994812,0.2861022055149078,0.676263689994812,0.0376341603696346
1579421839458706,chileshe m m njovu sorry sis,False,-0.0772,negative,-0.0772,0.0,0.698,0.302,negative,-0.0772,negative,False,0.0,,negative,negative,0.6358152031898499,0.6358152031898499,0.3436210453510284,0.020563730970025
807091348033010,susan j stephens,False,0.0,neutral,0.0,0.0,1.0,0.0,neutral,0.0,neutral,False,0.0,,neutral,neutral,0.8520070910453796,0.0627541989088058,0.8520070910453796,0.0852386802434921
1681413012651571,dennis zulu dull,False,-0.4019,negative,-0.4019,0.0,0.426,0.574,negative,-0.4019,negative,False,0.0,,neutral,neutral,0.4992581307888031,0.4556961059570312,0.4992581307888031,0.0450458005070686
1220521216023322,lusaka way avondale area,False,0.0,neutral,0.0,0.0,1.0,0.0,neutral,0.0,neutral,False,0.0,,neutral,neutral,0.8377057909965515,0.0910960882902145,0.8377057909965515,0.0711980983614921
829943544862310,nchimunya goldens class otherwise punished,False,-0.4588,negative,-0.4588,0.0,0.571,0.429,negative,-0.4588,negative,False,0.0,,neutral,neutral,0.5619292259216309,0.4134148955345154,0.5619292259216309,0.0246559064835309
1776953126445489,basically ll still power because bringing power ungodly hours anyway even used now,False,0.0,neutral,0.0,0.0,1.0,0.0,neutral,0.0,neutral,False,0.0,,negative,negative,0.5957186818122864,0.5957186818122864,0.3744931221008301,0.0297882128506898
484524730301589,want another schedule fast fast,False,0.0772,positive,0.0772,0.245,0.755,0.0,positive,0.0772,positive,False,0.0,,neutral,neutral,0.758087694644928,0.0827742889523506,0.758087694644928,0.1591379642486572
453751753759877,even consider student like how study kind schedule zesco limited s student fours hours schedule nice sanafyeee,False,0.7783,positive,0.7783,0.385,0.531,0.084,positive,0.7783,positive,False,0.0,,positive,positive,0.5960807204246521,0.0219237115234136,0.3819955885410309,0.5960807204246521
566088905874675,still 3 hours power residentials dispite coming back maamba coaliers much talked importation power just come open tell nation whole truth nothing truth,False,0.5574,positive,0.5574,0.187,0.813,0.0,positive,0.5574,positive,False,0.0,,negative,negative,0.7281153202056885,0.7281153202056885,0.258526086807251,0.0133585995063185
595738239344117,ba zesco serious hungry,False,-0.0772,negative,-0.0772,0.0,0.698,0.302,negative,-0.0772,negative,False,0.0,,neutral,neutral,0.7016441822052002,0.1310149878263473,0.7016441822052002,0.1673408448696136
1065511448911076,chanda phiri mark words see load shedding ever end zambia load shedding us since time memorial able something end,False,0.0,neutral,0.0,0.0,1.0,0.0,neutral,0.0,neutral,False,0.0,,negative,negative,0.704716145992279,0.704716145992279,0.2647991180419922,0.0304846428334712
1366446937441510,nsama patrick awe sure chipante pante government,False,0.3182,positive,-0.0818,0.277,0.723,0.0,negative,-0.0818,negative,True,-0.4,awe,neutral,neutral,0.7936102747917175,0.0970513597130775,0.7936102747917175,0.1093383729457855
1091858975810538,temwa kainga boi trying buy power today refused,False,-0.296,negative,-0.296,0.0,0.761,0.239,negative,-0.296,negative,False,0.0,,neutral,neutral,0.5827429294586182,0.3933210968971252,0.5827429294586182,0.0239360108971595
311057938684793,mirriam chilwashi re right mama,False,0.0,neutral,0.0,0.0,1.0,0.0,neutral,0.0,neutral,False,0.0,,neutral,neutral,0.8328120112419128,0.0815295204520225,0.8328120112419128,0.0856584310531616
688737036293807,ta sha see,False,0.0,neutral,0.0,0.0,1.0,0.0,neutral,0.0,neutral,False,0.0,,neutral,neutral,0.8002700805664062,0.0663568675518035,0.8002700805664062,0.1333730965852737
872217564661938,ba zesco imwe ndimwe ma big boys invest solar plants per district electricity cardinal cater 8hrs,False,0.0,neutral,0.0,0.0,1.0,0.0,neutral,0.0,neutral,False,0.0,,neutral,neutral,0.830064594745636,0.0508491434156894,0.830064594745636,0.1190862506628036
1366446937441510,nsama patrick stop comparing moses hh naiwe let s just get used na loadshedding,False,-0.296,negative,-0.296,0.0,0.845,0.155,negative,-0.296,negative,False,0.0,,negative,negative,0.5397799611091614,0.5397799611091614,0.4307371377944946,0.0294828321784734
719550152874845,don t worry fire boss sooner than think hire someone find competitor just like zamtel airtel mtm,False,-0.4215,negative,-0.4215,0.12,0.625,0.255,negative,-0.4215,negative,False,0.0,,negative,negative,0.581583559513092,0.581583559513092,0.3950569629669189,0.0233594588935375
472159101770561,russell hibajene muvwende mmmmi understand now awe iliko bad,False,-0.5423,negative,-0.9423,0.0,0.696,0.304,negative,-0.9423,negative,True,-0.4,awe,neutral,neutral,0.5101815462112427,0.4460363388061523,0.5101815462112427,0.0437821000814437
317082224093086,mathews muhau mweetwa kkkkk let sit down drink vatra boss kkkkk,False,0.0,neutral,0.0,0.0,1.0,0.0,neutral,0.0,neutral,False,0.0,,neutral,neutral,0.8690166473388672,0.0571387410163879,0.8690166473388672,0.0738445594906807
940744006802774,schedule same area meaning having power just period 5hrs between guess,False,0.0,neutral,0.0,0.0,1.0,0.0,neutral,0.0,neutral,False,0.0,,neutral,neutral,0.9077640175819396,0.0158402547240257,0.9077640175819396,0.0763957574963569
1968490243632701,lelo pa 1st october power came 03 30 yayenda 05 30 almost 2 days power supply area ndiye stable power supply iyi,False,0.296,positive,0.296,0.099,0.901,0.0,positive,0.296,positive,False,0.0,,neutral,neutral,0.7807446718215942,0.012453238479793,0.7807446718215942,0.2068021446466446
8207205366024150,kennedy muzyamba 3 days 3 hours think s meant,False,0.0,neutral,0.0,0.0,1.0,0.0,neutral,0.0,neutral,False,0.0,,neutral,neutral,0.9172266125679016,0.0277308952063322,0.9172266125679016,0.055042490363121
7647602908640872,zesco limited think need change page zesco limited zesco lusaka say because seems only reply concerns raised people based lusaka leave others seen once comment page wrong ask should fail reply comments non lusaka residents learn consider everyone,False,-0.8625,negative,-0.8625,0.0,0.74,0.26,negative,-0.8625,negative,False,0.0,,negative,negative,0.8058037757873535,0.8058037757873535,0.1869846880435943,0.0072115422226488
1819090721817416,remove 18 24 please,False,0.3182,positive,0.3182,0.434,0.566,0.0,positive,0.3182,positive,False,0.0,,neutral,neutral,0.7671558260917664,0.1409087181091308,0.7671558260917664,0.0919355601072311
1135886531575155,felistus mulabanya ummmh s sad just go office shout,False,-0.4767,negative,-0.4767,0.0,0.693,0.307,negative,-0.4767,negative,False,0.0,,negative,negative,0.8968656659126282,0.8968656659126282,0.0950682237744331,0.0080660544335842
546495607523825,bring new investors build power plants load shading should thing past digital world 70 businesses rely electricity,False,0.0,neutral,0.0,0.0,1.0,0.0,neutral,0.0,neutral,False,0.0,,neutral,neutral,0.7505807876586914,0.0684474632143974,0.7505807876586914,0.1809716969728469
910267914083968,poor way operating area power just comes night sleeping time updates,False,-0.4767,negative,-0.4767,0.0,0.763,0.237,negative,-0.4767,negative,False,0.0,,negative,negative,0.9059043526649476,0.9059043526649476,0.0885451510548591,0.0055504506453871
1204375977535861,tikangiwa ku recorder nyimbo because excuses vizimyeni chabe azawizi,False,0.0,neutral,0.0,0.0,1.0,0.0,neutral,0.0,neutral,False,0.0,,neutral,neutral,0.7436231970787048,0.1666005700826645,0.7436231970787048,0.0897762104868888
918822943645810,saviour alingo chisanga imagine updated meters sure,False,0.3182,positive,0.3182,0.277,0.723,0.0,positive,0.3182,positive,False,0.0,,neutral,neutral,0.8669596314430237,0.0387282818555831,0.8669596314430237,0.0943119972944259
683917853232648,reduction hours s better,False,0.4404,positive,0.4404,0.592,0.408,0.0,positive,0.4404,positive,False,0.0,,positive,positive,0.5755059719085693,0.0343082323670387,0.3901857733726501,0.5755059719085693
1539253826550352,isaac zulu yes remember very well prophecy joshua ignla indeed s david saul,False,0.624,positive,0.624,0.337,0.663,0.0,positive,0.624,positive,False,0.0,,neutral,neutral,0.7384607195854187,0.0102033838629722,0.7384607195854187,0.2513359785079956
618831263798949,nhamo afiya chiwila next week 06 14,False,0.0,neutral,0.0,0.0,1.0,0.0,neutral,0.0,neutral,False,0.0,,neutral,neutral,0.921553671360016,0.0310868695378303,0.921553671360016,0.0473594292998313
318945434035329,csm csm wamona ka,False,0.0,neutral,0.0,0.0,1.0,0.0,neutral,0.0,neutral,False,0.0,,neutral,neutral,0.8823851346969604,0.0617191046476364,0.8823851346969604,0.055895697325468
1579095093030596,supposed depend water electricity beginning knowing fully well s landlocked country,False,0.3384,positive,0.3384,0.21,0.79,0.0,positive,0.3384,positive,False,0.0,,neutral,neutral,0.6828817129135132,0.2811761498451233,0.6828817129135132,0.035942118614912
1322610832456208,mukuka lushomo looking promise 01 10 2024 should liars tolerated big company like zesco limited,False,-0.128,negative,-0.128,0.227,0.521,0.251,negative,-0.128,negative,False,0.0,,negative,negative,0.5608623027801514,0.5608623027801514,0.3852032124996185,0.0539345368742942
450507421367067,chiteta machile very much bro,False,0.0,neutral,0.0,0.0,1.0,0.0,neutral,0.0,neutral,False,0.0,,neutral,neutral,0.5932871103286743,0.089865393936634,0.5932871103286743,0.3168475329875946
1657317551537951,nancy prisháàn s mum true power since tuesday,False,0.4215,positive,0.4215,0.318,0.682,0.0,positive,0.4215,positive,False,0.0,,neutral,neutral,0.7852658033370972,0.0421945452690124,0.7852658033370972,0.1725396066904068
3405577213095566,okay taking zambians granted sure,False,0.6369,positive,0.6369,0.756,0.244,0.0,positive,0.6369,positive,False,0.0,,neutral,neutral,0.7123892903327942,0.2432305514812469,0.7123892903327942,0.0443802364170551
1628508394577742,how ndola ve craziest load shedding schedule kansenshi today rhyme reason,False,-0.0516,negative,-0.0516,0.0,0.893,0.107,negative,-0.0516,negative,False,0.0,,negative,negative,0.8111801147460938,0.8111801147460938,0.1780727803707122,0.0107471635565161
1479688996132867,jackson kay kalonda imagine,False,0.0,neutral,0.0,0.0,1.0,0.0,neutral,0.0,neutral,False,0.0,,neutral,neutral,0.8824489116668701,0.039844024926424,0.8824489116668701,0.0777070075273513
1351274098961732,power yesterday 05 14 17 23 today 5 gone ninshi ine ndipa schedule yisa bawesu total 15 hours loadsheding cumulated,False,0.0,neutral,0.0,0.0,1.0,0.0,neutral,0.0,neutral,False,0.0,,neutral,neutral,0.867556631565094,0.0739935338497161,0.867556631565094,0.0584498606622219
3539041749710529,6weeks nothing applied early 2021upto date zero connection like sean tembo,False,0.3612,positive,0.3612,0.2,0.8,0.0,positive,0.3612,positive,False,0.0,,negative,negative,0.8077171444892883,0.8077171444892883,0.1793562769889831,0.0129265608265995
1220697095185978,magret alexanders nakabaghe awe sure,False,0.3182,positive,-0.0818,0.365,0.635,0.0,negative,-0.0818,negative,True,-0.4,awe,neutral,neutral,0.7834793925285339,0.0410016328096389,0.7834793925285339,0.1755189746618271
1366217900792542,power went 05 00 came back 10 50hrs,False,0.0,neutral,0.0,0.0,1.0,0.0,neutral,0.0,neutral,False,0.0,,neutral,neutral,0.8469218015670776,0.0602105855941772,0.8469218015670776,0.0928675606846809
1503149840177852,wondering ve power exactly 24 hours everything ok,False,0.296,positive,0.296,0.239,0.761,0.0,positive,0.296,positive,False,0.0,,neutral,neutral,0.7822108864784241,0.0289826542139053,0.7822108864784241,0.1888063549995422
521413643944406,ba zesco limited today 1st october want know power rationing schedule noti ifi muletulanga only interested seeing schedule table chapwafye,False,0.2732,positive,0.2732,0.175,0.742,0.083,positive,0.2732,positive,False,0.0,,neutral,neutral,0.7932676076889038,0.1762738674879074,0.7932676076889038,0.0304585956037044
2591175591054010,needs schedule renot following,False,0.0,neutral,0.0,0.0,1.0,0.0,neutral,0.0,neutral,False,0.0,,negative,negative,0.6906325221061707,0.6906325221061707,0.2965774536132812,0.0127898948267102
475797351387622,susan j stephens kaili give breather given snorkel since technically still under water,False,0.0,neutral,0.0,0.0,1.0,0.0,neutral,0.0,neutral,False,0.0,,neutral,neutral,0.8876452445983887,0.064785212278366,0.8876452445983887,0.0475694872438907
569865021722572,hope dave rose s sister hangatwayoya,False,0.4404,positive,0.4404,0.42,0.58,0.0,positive,0.4404,positive,False,0.0,,neutral,neutral,0.804171085357666,0.0340042263269424,0.804171085357666,0.1618245989084243
664331705475734,tatianah phiri 6hrs 6hrs 12hrs split into two,False,0.0,neutral,0.0,0.0,1.0,0.0,neutral,0.0,neutral,False,0.0,,neutral,neutral,0.8909044861793518,0.0227432083338499,0.8909044861793518,0.0863523259758949
492310796602094,zesco limited seen advise,False,-0.2263,negative,-0.2263,0.0,0.612,0.388,negative,-0.2263,negative,False,0.0,,neutral,neutral,0.7178986072540283,0.2583314478397369,0.7178986072540283,0.0237699169665575
327985466330498,connected within 24 hours making payment kudos zesco choma,False,0.5106,positive,0.5106,0.292,0.708,0.0,positive,0.5106,positive,False,0.0,,positive,positive,0.8011566996574402,0.0059665362350642,0.1928768008947372,0.8011566996574402
579465021066443,continue without electricity upto decide ai,False,0.0,neutral,0.0,0.0,1.0,0.0,neutral,0.0,neutral,False,0.0,,neutral,neutral,0.6306800246238708,0.3533780872821808,0.6306800246238708,0.0159419141709804
624553022955708,just purchasing using mtn mobile money secret immediately goes through take screenshot purchasing displayed message because text won t come,False,0.5719,positive,0.5719,0.171,0.829,0.0,positive,0.5719,positive,False,0.0,,neutral,neutral,0.6502883434295654,0.3128911852836609,0.6502883434295654,0.0368204675614833
903706750632464,don t understand schedule according s time loadshedding thing promise should anything get damaged switching off time supposed take each other far way said 6 hour particular time yet power only blinks goes comes back next 6 hours kind schedule,True,0.4215,positive,0.4215,0.137,0.793,0.07,negative,0.4215,negative,False,0.0,,negative,negative,0.8002579808235168,0.8002579808235168,0.1898235529661178,0.0099185369908809
561852836192549,indeed tables turn key life lesson drawn situation anyway even saying today 1 october expect 3 hrs load shading articulated minister last month,False,0.0,neutral,0.0,0.0,1.0,0.0,neutral,0.0,neutral,False,0.0,,neutral,neutral,0.8393711447715759,0.116370752453804,0.8393711447715759,0.0442580990493297
1236182667430092,zoona giving us hope october things stabilise kanshi u giving us same 3 hours u failed maintain follow part thought would 12 hours plenty power 12 hours black nuh ishhh,False,0.5267,positive,0.5267,0.226,0.676,0.097,positive,0.5267,positive,False,0.0,,negative,negative,0.7095392942428589,0.7095392942428589,0.2592554688453674,0.0312052182853221
308336305627892,s power last week going 12 20 week 14 22 s time people most business schedule cut 4 12,False,-0.3321,negative,-0.3321,0.0,0.864,0.136,negative,-0.3321,negative,False,0.0,,neutral,neutral,0.7317790985107422,0.2262047231197357,0.7317790985107422,0.0420161671936512
1056556399810818,zesco limited also re share schedule shows area group honestly don t expect us memorize something didn t work maamba collieries back grid power imports being made would made sense least upto 6 hours power per day even 6 hours rationed 2 x 3 hours per day,False,0.5106,positive,0.5106,0.118,0.839,0.043,positive,0.5106,positive,False,0.0,,negative,negative,0.6828873753547668,0.6828873753547668,0.3044775724411011,0.0126350680366158
6104072066312185,difference same,False,0.0,neutral,0.0,0.0,1.0,0.0,neutral,0.0,neutral,False,0.0,,neutral,neutral,0.8090372085571289,0.1290877312421798,0.8090372085571289,0.061875082552433
511570027736052,mwèzïmûpyá g mùlwâñdà muntu wanga ine attacked oooh careful,False,-0.34,negative,-0.34,0.151,0.566,0.283,negative,-0.34,negative,False,0.0,,neutral,neutral,0.5424883365631104,0.4298922717571258,0.5424883365631104,0.0276193581521511
1567403450514218,s 1st october today time should expecting power come,False,0.0,neutral,0.0,0.0,1.0,0.0,neutral,0.0,neutral,False,0.0,,neutral,neutral,0.9218273758888244,0.0115393968299031,0.9218273758888244,0.06663329154253
8500947319944440,zambia repost iwe stop tagging rubbish,False,-0.296,negative,-0.296,0.0,0.694,0.306,negative,-0.296,negative,False,0.0,,negative,negative,0.7774782180786133,0.7774782180786133,0.2121666818857193,0.0103551317006349
140270599079498,pa long weekend sure poor customer service eddie kalombo silwizya,False,-0.2023,negative,-0.2023,0.172,0.597,0.231,negative,-0.2023,negative,False,0.0,,negative,negative,0.86530601978302,0.86530601978302,0.1237106472253799,0.0109833879396319
1403967293500559,na 6 weeks yawamako,False,0.0,neutral,0.0,0.0,1.0,0.0,neutral,0.0,neutral,False,0.0,,neutral,neutral,0.8598048090934753,0.0438178218901157,0.8598048090934753,0.096377357840538
707485110743912,stupid selfish fools give chance other utility companies than punishing people like,False,-0.8689,negative,-0.8689,0.189,0.252,0.559,negative,-0.8689,negative,False,0.0,,negative,negative,0.9175521731376648,0.9175521731376648,0.0759685933589935,0.0064791804179549
1011208566969150,ha ha ha 6 weeks ago,False,0.7351,positive,0.7351,0.783,0.217,0.0,positive,0.7351,positive,False,0.0,,neutral,neutral,0.6445857286453247,0.1095389872789383,0.6445857286453247,0.2458752691745758
1040263964437101,don t pretend lelo nipa viyasheni vima laiti,False,-0.1027,negative,-0.1027,0.0,0.811,0.189,negative,-0.1027,negative,False,0.0,,neutral,neutral,0.7033532857894897,0.2075606286525726,0.7033532857894897,0.0890860259532928
519800004002125,need update calender today 1st october,False,0.0,neutral,0.0,0.0,1.0,0.0,neutral,0.0,neutral,False,0.0,,neutral,neutral,0.8814631700515747,0.0495890155434608,0.8814631700515747,0.0689478367567062
1366446937441510,nsama patrick mmmmm s,False,0.0,neutral,0.0,0.0,1.0,0.0,neutral,0.0,neutral,False,0.0,,neutral,neutral,0.8342612385749817,0.0581345781683921,0.8342612385749817,0.1076041832566261
1052945053170961,increase tarrif import electricity let people electricity unacceptable s affecting people s lives very negatively,False,-0.1779,negative,-0.1779,0.141,0.675,0.184,negative,-0.1779,negative,False,0.0,,negative,negative,0.8865444660186768,0.8865444660186768,0.1076074764132499,0.0058480631560087
1112510446981905,threatening disconnection already disconnected polite nama customers benu ba zesco limited whatever updates make mukatusanga bondi,False,-0.6486,negative,-0.6486,0.0,0.725,0.275,negative,-0.6486,negative,False,0.0,,negative,negative,0.78959721326828,0.78959721326828,0.201216921210289,0.0091858794912695
814245433569634,zesco mansa awe sure 6 months still counting,False,0.3182,positive,-0.0818,0.277,0.723,0.0,negative,-0.0818,negative,True,-0.4,awe,neutral,neutral,0.7708702087402344,0.047949444502592,0.7708702087402344,0.1811803728342056
928730689070139,flavia mwenzi phiri know mean,False,0.0,neutral,0.0,0.0,1.0,0.0,neutral,0.0,neutral,False,0.0,,neutral,neutral,0.7236616015434265,0.2309767603874206,0.7236616015434265,0.0453616380691528
518066994189067,people need electricity day sleeping time make time table give us electricity 7 23 turn off s difficult sure how bring electricity around 24 people sleeping s crazy l president l would failed zesco minister too much,False,-0.7096,negative,-0.7096,0.06,0.727,0.213,negative,-0.7096,negative,False,0.0,,negative,negative,0.8032246232032776,0.8032246232032776,0.1818866729736328,0.0148887429386377
823262035437849,suppose selected areas otherwise matero salima road still experiencing 12hrs blackout,False,0.0,neutral,0.0,0.0,1.0,0.0,neutral,0.0,neutral,False,0.0,,neutral,neutral,0.5143746733665466,0.4711602330207824,0.5143746733665466,0.0144650628790259
857332325321181,boza kulibe pa 3600,False,0.0,neutral,0.0,0.0,1.0,0.0,neutral,0.0,neutral,False,0.0,,neutral,neutral,0.8618453741073608,0.0647045820951461,0.8618453741073608,0.0734500661492347
286754987298856,yes same applies lwsc,False,0.4019,positive,0.4019,0.474,0.526,0.0,positive,0.4019,positive,False,0.0,,neutral,neutral,0.6874880194664001,0.016549652442336,0.6874880194664001,0.2959623038768768
558946559494916,ndeleki mugande read understand,False,0.0,neutral,0.0,0.0,1.0,0.0,neutral,0.0,neutral,False,0.0,,neutral,neutral,0.7855029702186584,0.0986009389162063,0.7855029702186584,0.1158960834145546
437924385477912,nothing follow today s 1st october bamakaka imwe,False,0.0,neutral,0.0,0.0,1.0,0.0,neutral,0.0,neutral,False,0.0,,neutral,neutral,0.6973716020584106,0.2734071314334869,0.6973716020584106,0.0292211882770061
752092206314556,now happens earlier schedule power supposed go 16 hours area 11 hours already switched off,False,0.0,neutral,0.0,0.0,1.0,0.0,neutral,0.0,neutral,False,0.0,,neutral,neutral,0.618785560131073,0.3507694005966186,0.618785560131073,0.0304450131952762
1214931469120717,sydney ngulube s wild butah,False,0.0,neutral,0.0,0.0,1.0,0.0,neutral,0.0,neutral,False,0.0,,neutral,neutral,0.7214327454566956,0.1584835201501846,0.7214327454566956,0.1200836822390556
466955342309155,power goes 05 comes back 12 15 hrs goes nd comes back kuma 23hrs very disheartening zambia,False,-0.4754,negative,-0.4754,0.0,0.838,0.162,negative,-0.4754,negative,False,0.0,,negative,negative,0.8534038066864014,0.8534038066864014,0.1368201076984405,0.0097761144861578
923010329773979,how update without power,False,0.0,neutral,0.0,0.0,1.0,0.0,neutral,0.0,neutral,False,0.0,,neutral,neutral,0.527154266834259,0.4295615553855896,0.527154266834259,0.0432841405272483
724725065639374,shy gibbs international graphics let potter ball continue,False,-0.25,negative,-0.25,0.0,0.778,0.222,negative,-0.25,negative,False,0.0,,negative,negative,0.7040362358093262,0.7040362358093262,0.2652119994163513,0.0307517256587743
1064385481806396,kony kumz imagine ba chita na approve lol seriously zambian must work,False,0.2732,positive,0.2732,0.193,0.69,0.117,positive,0.2732,positive,False,0.0,,neutral,neutral,0.6630038619041443,0.0712039396166801,0.6630038619041443,0.2657921612262726
818590762763605,mable cheuka see failing,False,-0.5106,negative,-0.5106,0.0,0.476,0.524,negative,-0.5106,negative,False,0.0,,neutral,neutral,0.5420743227005005,0.3815540969371795,0.5420743227005005,0.0763715505599975
1616014412679372,bushe ukuba stable efinshi elo stability ikengila mufumu bwaka lesa,False,0.296,positive,0.296,0.196,0.804,0.0,positive,0.296,positive,False,0.0,,neutral,neutral,0.7956362962722778,0.071052961051464,0.7956362962722778,0.1333107948303222
1080839880079636,kabungo edward ed part board,False,0.0,neutral,0.0,0.0,1.0,0.0,neutral,0.0,neutral,False,0.0,,neutral,neutral,0.8841485977172852,0.0397782362997531,0.8841485977172852,0.0760731697082519
980538046288038,load shedding end business gone down mwebantu,False,0.0,neutral,0.0,0.0,1.0,0.0,neutral,0.0,neutral,False,0.0,,negative,negative,0.7561959624290466,0.7561959624290466,0.2295450717210769,0.0142589258030056
633645125228896,problem those people switch off dont even follow time very quick switch off take forever switch lights order,False,-0.4019,negative,-0.4019,0.0,0.863,0.137,negative,-0.4019,negative,False,0.0,,negative,negative,0.8657565712928772,0.8657565712928772,0.1266811639070511,0.0075621912255883
595962146042598,hates mostly behave connect free zesco needs improve management just busy workshops every now useless,False,0.128,positive,0.128,0.271,0.48,0.249,positive,0.128,positive,False,0.0,,negative,negative,0.9290146827697754,0.9290146827697754,0.0635756179690361,0.0074096820317208
547690607655414,people complain comments like someone normal zesco limited see complains person runs page simple kawayawaya human call zesco even won t also anything don t complain just giving page comment traffic,False,0.0258,neutral,0.0258,0.214,0.549,0.237,neutral,0.0258,neutral,False,0.0,,negative,negative,0.6526467204093933,0.6526467204093933,0.325551301240921,0.0218019541352987
472159101770561,russell hibajene muvwende uliwano iwe nintalikana nefikopo uku,False,0.0,neutral,0.0,0.0,1.0,0.0,neutral,0.0,neutral,False,0.0,,neutral,neutral,0.8232132196426392,0.0712706819176673,0.8232132196426392,0.105516031384468
393642039647090,ndipo issue 05 11 17 23 really done us bad kuno ku kamwala south cooking supper 16 hrs waking kuma 04 u mean orogrames cant alternating sure should power come kuma 23 goes kuma 05 nishi u want kill us hunger nayo malasha yadula kindly revisit schedule mweee,False,-0.8371,negative,-0.8371,0.079,0.703,0.218,negative,-0.8371,negative,False,0.0,,negative,negative,0.8730986714363098,0.8730986714363098,0.1205555498600006,0.0063457214273512
416841741112021,chanda victoria mulundu sounds like fault loadshedding similar experience until l reported fault know loadshedding comes lot faults system report,False,-0.7184,negative,-0.7184,0.096,0.577,0.327,negative,-0.7184,negative,False,0.0,,negative,negative,0.6802570223808289,0.6802570223808289,0.3071706593036651,0.0125722438097
2093442904369924,solwezi suffering too much 06 19 hrs,False,-0.4767,negative,-0.4767,0.0,0.659,0.341,negative,-0.4767,negative,False,0.0,,negative,negative,0.8763425946235657,0.8763425946235657,0.1159808337688446,0.007676662877202
724159483123342,only towns,False,0.0,neutral,0.0,0.0,1.0,0.0,neutral,0.0,neutral,False,0.0,,neutral,neutral,0.7851204872131348,0.130991593003273,0.7851204872131348,0.083887867629528
841449014595749,how meter doesn t ma,False,0.0,neutral,0.0,0.0,1.0,0.0,neutral,0.0,neutral,False,0.0,,neutral,neutral,0.6133049130439758,0.3183448612689972,0.6133049130439758,0.0683501884341239
8604366572989515,waiting weeks schedule,False,0.0,neutral,0.0,0.0,1.0,0.0,neutral,0.0,neutral,False,0.0,,neutral,neutral,0.8520383238792419,0.0190639421343803,0.8520383238792419,0.1288977563381195
1371224124283415,teli lelo nipa 1 nge iyo behavior,False,0.0,neutral,0.0,0.0,1.0,0.0,neutral,0.0,neutral,False,0.0,,neutral,neutral,0.8025684952735901,0.1348198056221008,0.8025684952735901,0.0626116916537284
558946559494916,ndeleki mugande thats said cant say much coz camera sure upset,False,-0.0772,negative,-0.0772,0.165,0.647,0.187,negative,-0.0772,negative,False,0.0,,neutral,neutral,0.5777997374534607,0.3961053490638733,0.5777997374534607,0.0260949190706014
842823977934327,mumatisobelesa bafikala zoona ai,False,0.0,neutral,0.0,0.0,1.0,0.0,neutral,0.0,neutral,False,0.0,,neutral,neutral,0.799537181854248,0.1312904506921768,0.799537181854248,0.0691723674535751
866372702125480,said imwee last time said pa 1 october nishi stop fooling us m shenu,False,-0.5994,negative,-0.5994,0.0,0.671,0.329,negative,-0.5994,negative,False,0.0,,neutral,neutral,0.572776734828949,0.3918924331665039,0.572776734828949,0.0353308245539665
1354102469308281,prester nkonde s hurting n traumatising,False,-0.6808,negative,-0.6808,0.0,0.263,0.737,negative,-0.6808,negative,False,0.0,,negative,negative,0.7993673086166382,0.7993673086166382,0.190454751253128,0.0101778525859117
844511016783014,how power come 00 go 04 normal now ghosts,False,0.0,neutral,0.0,0.0,1.0,0.0,neutral,0.0,neutral,False,0.0,,neutral,neutral,0.9021235704421996,0.0475279651582241,0.9021235704421996,0.050348475575447
1072248834287133,imwe lelo nipa wanu power,False,0.0,neutral,0.0,0.0,1.0,0.0,neutral,0.0,neutral,False,0.0,,neutral,neutral,0.7879883646965027,0.0778097584843635,0.7879883646965027,0.1342019140720367
1539253826550352,remember prophecy joshua ignla said s gonna win s david saul,False,0.5859,positive,0.5859,0.322,0.678,0.0,positive,0.5859,positive,False,0.0,,neutral,neutral,0.7955908179283142,0.0311219897121191,0.7955908179283142,0.1732871681451797
683770073413810,took whole president reason behalf whole group educated kambwangazi zesco let company taken state house,False,0.0,neutral,0.0,0.0,1.0,0.0,neutral,0.0,neutral,False,0.0,,neutral,neutral,0.8416756987571716,0.1016141921281814,0.8416756987571716,0.0567100420594215
2708694619260732,jabes shawa shall kul temper,False,-0.4215,negative,-0.4215,0.0,0.588,0.412,negative,-0.4215,negative,False,0.0,,neutral,neutral,0.836801290512085,0.0898532345890998,0.836801290512085,0.0733454748988151
1539253826550352,isaac zulu stabilize afterwards,False,0.0,neutral,0.0,0.0,1.0,0.0,neutral,0.0,neutral,False,0.0,,neutral,neutral,0.9323474764823914,0.0184597671031951,0.9323474764823914,0.0491927340626716
1539253826550352,siwimoji siwi could meaning prophecy sir,False,0.0,neutral,0.0,0.0,1.0,0.0,neutral,0.0,neutral,False,0.0,,neutral,neutral,0.90717613697052,0.0431838557124137,0.90717613697052,0.0496399626135826
320640177058229,believe come knocking door 2028 applied 2021,False,0.0,neutral,0.0,0.0,1.0,0.0,neutral,0.0,neutral,False,0.0,,neutral,neutral,0.8017668724060059,0.0154004348441958,0.8017668724060059,0.1828326731920242
1251050899466961,tulebuka 02 hrs mukuchita updated,False,0.0,neutral,0.0,0.0,1.0,0.0,neutral,0.0,neutral,False,0.0,,neutral,neutral,0.9305562376976012,0.0128566371276974,0.9305562376976012,0.0565871447324752
1018856230036237,twalakosa hh mpaka 2090,False,0.0,neutral,0.0,0.0,1.0,0.0,neutral,0.0,neutral,False,0.0,,neutral,neutral,0.8463068008422852,0.0587456151843071,0.8463068008422852,0.0949475988745689
1209250903302028,kwatu cut 10 40 kubwela 18 hrs cnt see such,False,-0.2732,negative,-0.2732,0.0,0.811,0.189,negative,-0.2732,negative,False,0.0,,neutral,neutral,0.6867303252220154,0.2891125977039337,0.6867303252220154,0.024157028645277
726437592027274,imwe mambala charge switching power area forgot turn talk people stick timetable,False,0.0,neutral,0.0,0.0,1.0,0.0,neutral,0.0,neutral,False,0.0,,neutral,neutral,0.6626004576683044,0.3066678941249847,0.6626004576683044,0.0307316854596138
1220697095185978,patricia lusheto chuunka s heart breaking,False,0.0,neutral,0.0,0.0,1.0,0.0,neutral,0.0,neutral,False,0.0,,negative,negative,0.7827670574188232,0.7827670574188232,0.2026840150356292,0.0145489582791924
1322610832456208,company us group e going use power 00 00 03 00 like honestly let s serious considerate,False,0.7964,positive,0.7964,0.406,0.531,0.063,positive,0.7964,positive,False,0.0,,neutral,neutral,0.7687547206878662,0.1527435034513473,0.7687547206878662,0.0785017907619476
8185849108095006,plz provide loadshedding schedule least saturday sunday people prepared advance knowing starts monday seems really ridiculous problematic,False,-0.5819,negative,-0.5819,0.144,0.586,0.269,negative,-0.5819,negative,False,0.0,,negative,negative,0.7567397952079773,0.7567397952079773,0.2284727990627288,0.0147873954847455
664619908679381,good reducing 6 hours s sti going twice day still 12 hours,False,0.4404,positive,0.4404,0.244,0.756,0.0,positive,0.4404,positive,False,0.0,,neutral,neutral,0.5459496974945068,0.0220068618655204,0.5459496974945068,0.4320434033870697
554598666988182,today first october yesterday didn t power only restore today hour cut promised stability power mean minister lied us too much don t play us,False,0.34,positive,0.34,0.238,0.604,0.158,positive,0.34,positive,False,0.0,,negative,negative,0.9094606637954712,0.9094606637954712,0.0845084711909294,0.006030851509422
521371969972672,board along engineers sat down discussed thought very good idea,False,0.4927,positive,0.4927,0.262,0.738,0.0,positive,0.4927,positive,False,0.0,,positive,positive,0.9109708070755004,0.0074920337647199,0.0815372020006179,0.9109708070755004
754014609808724,mwansa mulenga s still refusing,False,-0.4019,negative,-0.4019,0.0,0.526,0.474,negative,-0.4019,negative,False,0.0,,neutral,neutral,0.5799503922462463,0.3946537673473358,0.5799503922462463,0.0253957975655794
489266630038074,andy c p andrews u r right 100,False,0.0,neutral,0.0,0.0,1.0,0.0,neutral,0.0,neutral,False,0.0,,positive,positive,0.584561824798584,0.0114876860752701,0.403950572013855,0.584561824798584
492310796602094,christine joanna julio good funso just how,False,0.4404,positive,0.4404,0.326,0.674,0.0,positive,0.4404,positive,False,0.0,,positive,positive,0.8358203172683716,0.0082730622962117,0.1559066027402877,0.8358203172683716
713523457015118,kudos zesco management much better schedule,False,0.7351,positive,0.7351,0.608,0.392,0.0,positive,0.7351,positive,False,0.0,,positive,positive,0.9323025941848756,0.0083309253677725,0.0593665093183517,0.9323025941848756
1117533922273509,nothing changed power cutting twice day totally nonsense,False,-0.3865,negative,-0.3865,0.132,0.579,0.289,negative,-0.3865,negative,False,0.0,,negative,negative,0.8623705506324768,0.8623705506324768,0.1264576017856598,0.0111718298867344
6170660102944681,better gives opportunity work 6hours,False,0.6908,positive,0.6908,0.655,0.345,0.0,positive,0.6908,positive,False,0.0,,positive,positive,0.8223031759262085,0.0142753822728991,0.1634214669466018,0.8223031759262085
849475069643719,schedule apply certain areas individuals lilayi power since morning now,False,0.2732,positive,0.2732,0.189,0.811,0.0,positive,0.2732,positive,False,0.0,,neutral,neutral,0.937667191028595,0.031416542828083,0.937667191028595,0.0309162493795156
724725065639374,shy gibbs international graphics think s funny,False,0.2263,positive,0.2263,0.326,0.449,0.225,positive,0.2263,positive,False,0.0,,negative,negative,0.5388787984848022,0.5388787984848022,0.3739373981952667,0.0871837809681892
610802407817623,precious phiri saying purchasing via mobile money,False,0.5719,positive,0.5719,0.381,0.619,0.0,positive,0.5719,positive,False,0.0,,positive,positive,0.6790527701377869,0.0175958070904016,0.3033513724803924,0.6790527701377869
5810165552431427,zesco limited chipata overspil power went yesterday around 23hrs upto now nothing,False,-0.2263,negative,-0.2263,0.0,0.853,0.147,negative,-0.2263,negative,False,0.0,,negative,negative,0.6106662154197693,0.6106662154197693,0.3736563622951507,0.0156773272901773
875110533683969,jonathan mulenga 05 hours goes,False,0.0,neutral,0.0,0.0,1.0,0.0,neutral,0.0,neutral,False,0.0,,neutral,neutral,0.9074088335037231,0.0255823787301778,0.9074088335037231,0.0670088604092598
2206170783118435,purity sibajene mweemba imagine people very setting bama setting saana,False,0.0,neutral,0.0,0.0,1.0,0.0,neutral,0.0,neutral,False,0.0,,neutral,neutral,0.7682853937149048,0.1911708861589431,0.7682853937149048,0.0405437499284744
738600634264950,isn t even true guys just reliable really need another source zambia don t even know saying minute s like next ati like us power cut yesterday 17hours till now s power n say 6hours t even stick own time table,True,0.6908,positive,0.6908,0.191,0.758,0.051,negative,0.6908,negative,False,0.0,,negative,negative,0.7807756662368774,0.7807756662368774,0.2043836712837219,0.0148406289517879
1045021707103658,feli lex broke think worth seen post nothing being bitter electricity crisis even affecting supporting let s learn honest say truth,False,0.5903,positive,0.5903,0.39,0.398,0.211,positive,0.5903,positive,False,0.0,,negative,negative,0.7233544588088989,0.7233544588088989,0.2625296115875244,0.0141158448532223
918822943645810,manje how suppose update meters doesn t,False,0.0,neutral,0.0,0.0,1.0,0.0,neutral,0.0,neutral,False,0.0,,neutral,neutral,0.6319985389709473,0.3262121379375458,0.6319985389709473,0.0417892448604106
1604015197209519,imwe bakembo nipa 1 lelo don t start tuma stories kwayamba ukukaba,False,0.0,neutral,0.0,0.0,1.0,0.0,neutral,0.0,neutral,False,0.0,,neutral,neutral,0.7843869924545288,0.1534236371517181,0.7843869924545288,0.0621893778443336
530434982500420,only 1 unit don t even charcoal,False,0.0,neutral,0.0,0.0,1.0,0.0,neutral,0.0,neutral,False,0.0,,negative,negative,0.5228598117828369,0.5228598117828369,0.4242792427539825,0.0528610087931156
6164825023528034,mwangala monde siyobo conversation need regard facebook agree pf lost way much going facebook chat baby sis,False,0.0516,positive,0.0516,0.126,0.758,0.116,positive,0.0516,positive,False,0.0,,negative,negative,0.6319384574890137,0.6319384574890137,0.3455152511596679,0.0225462205708026
492310796602094,zed roasters inc doesn t work without power bwana,False,0.0,neutral,0.0,0.0,1.0,0.0,neutral,0.0,neutral,False,0.0,,negative,negative,0.7387600541114807,0.7387600541114807,0.2488614618778228,0.012378416955471
326213627155585,prince delle mumba re clever statement above mentioned word approximately 8hrs don t complain goes slightly before beyond,False,0.128,positive,0.128,0.146,0.732,0.122,positive,0.128,positive,False,0.0,,positive,positive,0.5655210614204407,0.0129179786890745,0.4215610027313232,0.5655210614204407
1170309507311276,didn t know 06 14 slot caught unawares morning thinking 10 18 oops,False,0.0,neutral,0.0,0.0,1.0,0.0,neutral,0.0,neutral,False,0.0,,neutral,neutral,0.5103917717933655,0.4650216698646545,0.5103917717933655,0.0245865453034639
1098598597477050,hate company,False,-0.5719,negative,-0.5719,0.0,0.213,0.787,negative,-0.5719,negative,False,0.0,,negative,negative,0.8924118280410767,0.8924118280410767,0.0905483737587928,0.0170397702604532
921114285716864,justine chisanga baleke kaili ni time yao,False,0.0,neutral,0.0,0.0,1.0,0.0,neutral,0.0,neutral,False,0.0,,neutral,neutral,0.8612149357795715,0.0928245037794113,0.8612149357795715,0.0459605455398559
5833959256691128,least president s shy facing problem,False,-0.5719,negative,-0.5719,0.0,0.39,0.61,negative,-0.5719,negative,False,0.0,,neutral,neutral,0.5054619312286377,0.4615681767463684,0.5054619312286377,0.0329699851572513
489266630038074,robert musowoya lol nice brother go page check latest update,False,0.6808,positive,0.6808,0.412,0.588,0.0,positive,0.6808,positive,False,0.0,,positive,positive,0.8942885398864746,0.0063666692003607,0.0993447601795196,0.8942885398864746
1864348144093796,joshua kosamu soooo outrageous,False,-0.4588,negative,-0.4588,0.0,0.5,0.5,negative,-0.4588,negative,False,0.0,,neutral,neutral,0.6511537432670593,0.2521789371967315,0.6511537432670593,0.0966672673821449
962024962124923,jeffrey katawola exactly zesco exporting electricity while zambians suffering daily power cuts put money before citizens,False,-0.6486,negative,-0.6486,0.0,0.725,0.275,negative,-0.6486,negative,False,0.0,,negative,negative,0.7021054625511169,0.7021054625511169,0.2842292785644531,0.0136652160435915
1067016445144046,company ever reliable,False,0.0,neutral,0.0,0.0,1.0,0.0,neutral,0.0,neutral,False,0.0,,neutral,neutral,0.5953994393348694,0.2439844161272049,0.5953994393348694,0.1606161445379257
867405641174083,milton mwansa need calculator,False,0.0,neutral,0.0,0.0,1.0,0.0,neutral,0.0,neutral,False,0.0,,neutral,neutral,0.8279207944869995,0.0776959285140037,0.8279207944869995,0.0943832024931907
311057938684793,jason joshua,False,0.0,neutral,0.0,0.0,1.0,0.0,neutral,0.0,neutral,False,0.0,,neutral,neutral,0.896304726600647,0.0268985982984304,0.896304726600647,0.0767966657876968
467360265627956,john kasoma s whole lot last week power cuts 6 15 30 time keeping kosani,False,-0.296,negative,-0.296,0.0,0.845,0.155,negative,-0.296,negative,False,0.0,,neutral,neutral,0.6478774547576904,0.3291024565696716,0.6478774547576904,0.0230200421065092
904817483868968,chipawa louie luwi volume,False,0.0,neutral,0.0,0.0,1.0,0.0,neutral,0.0,neutral,False,0.0,,neutral,neutral,0.8732868432998657,0.0257488097995519,0.8732868432998657,0.1009643897414207
841991163531334,told power would come 6am go 12pm according new 6 hourly schedule over past 2 days taking power away 10am instead 12pm meaning re only having 4 hours instead 6 t just stick say rather just take us back 12 hourly schedule plan better s extremely frustrating kabitaka solwezi area,False,-0.0754,negative,-0.0754,0.06,0.873,0.066,negative,-0.0754,negative,False,0.0,,negative,negative,0.8417845964431763,0.8417845964431763,0.1485886424779892,0.0096267703920602
558946559494916,difficult own take whole president come pump sense into brains 12 hrs load shedding small economy like dependent sme s president good man maybe needs bring back white gloves shake things little bit bakateka bring back white gloves urgently,False,0.296,positive,0.296,0.124,0.78,0.096,positive,0.296,positive,False,0.0,,neutral,neutral,0.4867348372936249,0.3650273382663727,0.4867348372936249,0.1482378840446472
774328217816405,sibeso mukelabai masiye similar thing happened,False,0.0,neutral,0.0,0.0,1.0,0.0,neutral,0.0,neutral,False,0.0,,neutral,neutral,0.8984695672988892,0.0672840476036071,0.8984695672988892,0.0342463888227939
1794540987673306,re waiting official apology mtn now,False,0.0516,positive,0.0516,0.194,0.806,0.0,positive,0.0516,positive,False,0.0,,neutral,neutral,0.9032780528068542,0.0481571853160858,0.9032780528068542,0.0485646352171897
1307712497246378,mwenya sikaundi imagine wariz vis na phone pa 2,False,0.0,neutral,0.0,0.0,1.0,0.0,neutral,0.0,neutral,False,0.0,,neutral,neutral,0.8369585871696472,0.0985785126686096,0.8369585871696472,0.0644628405570983
484840467176643,vee bana daniel very irritating ala tulelapila,False,-0.5095,negative,-0.5095,0.0,0.646,0.354,negative,-0.5095,negative,False,0.0,,negative,negative,0.8273741006851196,0.8273741006851196,0.1606876701116562,0.0119381276890635
524354203575480,approach october darkness,False,-0.25,negative,-0.25,0.0,0.5,0.5,negative,-0.25,negative,False,0.0,,neutral,neutral,0.8581798672676086,0.0899762138724327,0.8581798672676086,0.0518438816070556
1220697095185978,iyeee sorry dear just imagine,False,0.3182,positive,0.3182,0.377,0.435,0.188,positive,0.3182,positive,False,0.0,,negative,negative,0.6494048237800598,0.6494048237800598,0.3199798464775085,0.030615322291851
2942741362688052,isaac seke napapata ine,False,0.0,neutral,0.0,0.0,1.0,0.0,neutral,0.0,neutral,False,0.0,,neutral,neutral,0.8748195767402649,0.0507176108658313,0.8748195767402649,0.0744628757238388
925009902989799,net metering lectures come later lelo nipa october muchitika bwanji nkani yamalaiti,False,0.0,neutral,0.0,0.0,1.0,0.0,neutral,0.0,neutral,False,0.0,,neutral,neutral,0.8815421462059021,0.0720694810152053,0.8815421462059021,0.0463883727788925
1354677755466141,mulenda lukhere think both need complain sir,False,-0.3612,negative,-0.3612,0.0,0.706,0.294,negative,-0.3612,negative,False,0.0,,neutral,neutral,0.5589441657066345,0.4217536449432373,0.5589441657066345,0.0193021558225154
993046348748518,tv fridge nafipoka tomorrow im bringing pa zesco hq paka mushitile fimbi,False,0.0,neutral,0.0,0.0,1.0,0.0,neutral,0.0,neutral,False,0.0,,neutral,neutral,0.8650950789451599,0.0183339044451713,0.8650950789451599,0.1165710762143135
3787618521464825,please s time rotated now how long going having power evenings sure only power afternoon aikona man while others power mornings evenings awe guys isansa kucinjana,False,0.5574,positive,0.1573999999999999,0.167,0.833,0.0,positive,0.1573999999999999,positive,True,-0.4,awe,neutral,neutral,0.7452018857002258,0.1291277855634689,0.7452018857002258,0.1256703436374664
887879462227738,zesco limited question isn t power cut schedule supposed affect every area areas like woodlands power cuts completely missing something,False,-0.6361,negative,-0.6361,0.099,0.556,0.345,negative,-0.6361,negative,False,0.0,,negative,negative,0.6279887557029724,0.6279887557029724,0.3610669076442718,0.0109443413093686
502478876083855,moses miracle snr,False,0.5859,positive,0.5859,0.655,0.345,0.0,positive,0.5859,positive,False,0.0,,neutral,neutral,0.6705041527748108,0.0414938665926456,0.6705041527748108,0.2880020141601562
725527018935582,sandra mwanangombi people don t know doing period,False,0.0,neutral,0.0,0.0,1.0,0.0,neutral,0.0,neutral,False,0.0,,negative,negative,0.61827152967453,0.61827152967453,0.3636822700500488,0.0180462058633565
1073389894142647,mrgarry zambia get,False,0.0,neutral,0.0,0.0,1.0,0.0,neutral,0.0,neutral,False,0.0,,neutral,neutral,0.8605672121047974,0.0381228514015674,0.8605672121047974,0.1013099178671836
2866434620199461,thank ba zesco slept electricity woke electricity even ironed boxer today use black label brush teeth,False,0.3612,positive,0.3612,0.143,0.857,0.0,positive,0.3612,positive,False,0.0,,positive,positive,0.818906843662262,0.0097155440598726,0.1713776290416717,0.818906843662262
958142769405125,mashata sebby kkkkk subsidizing mealmeal cant suistanable solution atleast let goverment goverment farms producing enough maize too feed nation maize farmers left oh targeted export only things subsidize fuel using cdf money 30million per constiuency too much let reduced 10 million 10million multiply total number constituency 156 money used lower price things market,False,-0.4333,negative,-0.4333,0.023,0.902,0.075,negative,-0.4333,negative,False,0.0,,negative,negative,0.7611531019210815,0.7611531019210815,0.2292631566524505,0.0095837283879518
841991163531334,lorna blue kanema imagine m frustrated,False,-0.5267,negative,-0.5267,0.0,0.541,0.459,negative,-0.5267,negative,False,0.0,,negative,negative,0.7777820229530334,0.7777820229530334,0.2076115161180496,0.0146064478904008
723374332470540,okwonkuo ahmadinejad mwanawina don t think,False,0.0,neutral,0.0,0.0,1.0,0.0,neutral,0.0,neutral,False,0.0,,neutral,neutral,0.824291467666626,0.1347458511590957,0.824291467666626,0.0409626923501491
268812879062615,adrian mwenya yakosa kwena,False,0.0,neutral,0.0,0.0,1.0,0.0,neutral,0.0,neutral,False,0.0,,neutral,neutral,0.8945805430412292,0.0451099425554275,0.8945805430412292,0.0603095144033432
314479391095587,mmmmm want minister intervain go see head customer care,False,0.5423,positive,0.5423,0.391,0.609,0.0,positive,0.5423,positive,False,0.0,,neutral,neutral,0.7971895337104797,0.1493659764528274,0.7971895337104797,0.0534444451332092
489266630038074,ackim katebe failed let resign promised end loadsheding now,False,-0.4939,negative,-0.4939,0.176,0.423,0.401,negative,-0.4939,negative,False,0.0,,negative,negative,0.818282961845398,0.818282961845398,0.1726284921169281,0.0090885087847709
218829087478751,serious h h must fire ministers letting down,False,-0.4019,negative,-0.4019,0.0,0.519,0.481,negative,-0.4019,negative,False,0.0,,negative,negative,0.7246074080467224,0.7246074080467224,0.2555388510227203,0.0198537968099117
748433546894335,feel pipo compounds own butcheries salons barbershops how survive lord,False,0.0,neutral,0.0,0.0,1.0,0.0,neutral,0.0,neutral,False,0.0,,negative,negative,0.4722314476966858,0.4722314476966858,0.4511409997940063,0.0766275376081466
987006009760428,love group e only problem don t follow timetable,False,0.3612,positive,0.3612,0.353,0.42,0.227,positive,0.3612,positive,False,0.0,,negative,negative,0.434819221496582,0.434819221496582,0.4241639971733093,0.141016811132431
530851722153204,ryan sikananu sikananuryan sikananu sikananu indeed,False,0.0,neutral,0.0,0.0,1.0,0.0,neutral,0.0,neutral,False,0.0,,neutral,neutral,0.7287140488624573,0.0584421306848526,0.7287140488624573,0.2128437906503677
1356117571869792,better than before doubt,False,0.1027,positive,0.1027,0.392,0.27,0.338,positive,0.1027,positive,False,0.0,,positive,positive,0.8294047713279724,0.0141483033075928,0.1564469784498214,0.8294047713279724
1587349058462447,s taken 3 years because being quite,False,0.0,neutral,0.0,0.0,1.0,0.0,neutral,0.0,neutral,False,0.0,,neutral,neutral,0.5785400867462158,0.3403279185295105,0.5785400867462158,0.0811319798231124
475992531387462,failed unacceptable citizens paying price know businesses run families feed yet system seems care,False,-0.4767,negative,-0.4767,0.156,0.537,0.307,negative,-0.4767,negative,False,0.0,,negative,negative,0.890562117099762,0.890562117099762,0.1012532114982605,0.008184665814042
739499391127080,water worsted victoria falls thought bally hero superman matter confidence speaking made adade look idiotic government workers safe side naka salary increment prevent sectors production affected due loadshading self employed won t coin end day yet government workers theirs fully good eyes seeing people don t forget ka,False,0.8955,positive,0.8955,0.305,0.581,0.115,positive,0.8955,positive,False,0.0,,negative,negative,0.6585467457771301,0.6585467457771301,0.2935647368431091,0.0478885732591152
1136542194140590,schedule group e changed power cuts time goes beyond known hours load shedding s really inconveniencing,False,-0.296,negative,-0.296,0.0,0.855,0.145,negative,-0.296,negative,False,0.0,,negative,negative,0.8687583208084106,0.8687583208084106,0.1243186518549919,0.0069230529479682
8207205366024150,nkululeko matulula sorry also lsk never experienced 24hrs without power,False,-0.0772,negative,-0.0772,0.0,0.874,0.126,negative,-0.0772,negative,False,0.0,,negative,negative,0.5831508636474609,0.5831508636474609,0.3914334177970886,0.025415675714612
1134579711021493,follow schedule ba zesco solwezi group b power never restored 05 00 06 20 weekends 07 20,False,-0.2584,negative,-0.2584,0.0,0.88,0.12,negative,-0.2584,negative,False,0.0,,neutral,neutral,0.512890636920929,0.4676088094711303,0.512890636920929,0.0195006150752306
411834361599433,zesco limited doing mitigate problem loadsheding awe talema mwe zambia develop should proactive change weather rather waiting rains,False,-0.2023,negative,-0.6023000000000001,0.125,0.67,0.205,negative,-0.6023000000000001,negative,True,-0.4,awe,neutral,neutral,0.6872366070747375,0.2844395935535431,0.6872366070747375,0.0283237975090742
709666733886586,vamadongodongo past 48hrs power ku kamwala south zipas area,False,0.0,neutral,0.0,0.0,1.0,0.0,neutral,0.0,neutral,False,0.0,,neutral,neutral,0.8604511618614197,0.0729896277189254,0.8604511618614197,0.0665592178702354
3818434161746095,lelo nipa 1 october still don t power since sunday misula shenu,False,0.0,neutral,0.0,0.0,1.0,0.0,neutral,0.0,neutral,False,0.0,,neutral,neutral,0.5931525826454163,0.3736757338047027,0.5931525826454163,0.0331716947257518
406400082182640,kind schedules time people depend electricity jobs work problem schedules just made without thinking people just because people zesco salary don t think people rely hands income pay kutumpa uku,False,0.0772,positive,0.0772,0.101,0.776,0.122,positive,0.0772,positive,False,0.0,,negative,negative,0.5950372219085693,0.5950372219085693,0.3879394829273224,0.01702331751585
1258295001705182,kindly ensure rotate schedules place load shedded same times every day through shedding exercise,False,0.7003,positive,0.7003,0.326,0.674,0.0,positive,0.7003,positive,False,0.0,,neutral,neutral,0.8872694373130798,0.0415971390902996,0.8872694373130798,0.0711334496736526
6488274294522569,power goes 11 18,False,0.0,neutral,0.0,0.0,1.0,0.0,neutral,0.0,neutral,False,0.0,,neutral,neutral,0.8184641003608704,0.0245594903826713,0.8184641003608704,0.1569764763116836
691055962549616,kuno power went yestrday around 11hrs came back today around 15hrs,False,0.0,neutral,0.0,0.0,1.0,0.0,neutral,0.0,neutral,False,0.0,,neutral,neutral,0.907421886920929,0.014937981031835,0.907421886920929,0.0776401460170745
1065276868545722,nonde sinkala michili tikali mu september,False,0.0,neutral,0.0,0.0,1.0,0.0,neutral,0.0,neutral,False,0.0,,neutral,neutral,0.888707160949707,0.0499013476073741,0.888707160949707,0.061391606926918
599315079330733,how update electricity,False,0.0,neutral,0.0,0.0,1.0,0.0,neutral,0.0,neutral,False,0.0,,neutral,neutral,0.8177536725997925,0.111933521926403,0.8177536725997925,0.0703128650784492
727653782116850,power went 10 hrs,False,0.0,neutral,0.0,0.0,1.0,0.0,neutral,0.0,neutral,False,0.0,,neutral,neutral,0.7353881597518921,0.1344282776117324,0.7353881597518921,0.1301835477352142
588280453129937,tell people chililabombwe should loadshedd same area 18 00hrs past 1 week kutupa believe should rotation basis also want power evening bringing power sleeping exactly 06 00 s gone elo kutupa last,False,0.0772,positive,0.0772,0.043,0.957,0.0,positive,0.0772,positive,False,0.0,,neutral,neutral,0.8464418649673462,0.0926706790924072,0.8464418649673462,0.0608874000608921
6453639328086763,same whatsapp group,False,0.0,neutral,0.0,0.0,1.0,0.0,neutral,0.0,neutral,False,0.0,,neutral,neutral,0.8324869275093079,0.0767157152295112,0.8324869275093079,0.0907973051071167
260428126832806,area committed kudos zesco coz week came connect electricity,False,0.6597,positive,0.6597,0.435,0.565,0.0,positive,0.6597,positive,False,0.0,,positive,positive,0.7711378335952759,0.0125553868710994,0.2163067311048507,0.7711378335952759
1775418393314477,nadi n polela exactly t remember last time thing,False,0.0,neutral,0.0,0.0,1.0,0.0,neutral,0.0,neutral,False,0.0,,neutral,neutral,0.628751814365387,0.3298834562301636,0.628751814365387,0.0413647405803203
987006009760428,meah chulu sleeping dark three weeks straight,False,0.2263,positive,0.2263,0.241,0.759,0.0,positive,0.2263,positive,False,0.0,,neutral,neutral,0.7050563097000122,0.1678706258535385,0.7050563097000122,0.127073049545288
2197084240647204,people being honest,False,0.5106,positive,0.5106,0.623,0.377,0.0,positive,0.5106,positive,False,0.0,,neutral,neutral,0.6703839302062988,0.0460419543087482,0.6703839302062988,0.283574104309082
546402790759342,accepted inconvenience caused try means fix starts 16hrs need reach home find electricity else reaching home early fault,False,-0.296,negative,-0.296,0.216,0.56,0.224,negative,-0.296,negative,False,0.0,,negative,negative,0.5981898903846741,0.5981898903846741,0.3769087493419647,0.0249013900756835
707838147519713,even 6 hours working lusaka west mungwi rd,False,0.0,neutral,0.0,0.0,1.0,0.0,neutral,0.0,neutral,False,0.0,,neutral,neutral,0.881073534488678,0.0588474012911319,0.881073534488678,0.0600790530443191
1167439817688661,lelo nipa 1 imwe ba kariba dam,False,0.0,neutral,0.0,0.0,1.0,0.0,neutral,0.0,neutral,False,0.0,,neutral,neutral,0.8726804852485657,0.0571578592061996,0.8726804852485657,0.0701615810394287
1064385481806396,chawezi mwale ati approved immediate action,False,0.4215,positive,0.4215,0.359,0.641,0.0,positive,0.4215,positive,False,0.0,,neutral,neutral,0.8583313822746277,0.0670453310012817,0.8583313822746277,0.0746232792735099
8844975338875874,good idea left home power iam back power 05 11 power 11 17 power 17 23 power 23 05 power 05 11,False,0.4404,positive,0.4404,0.121,0.879,0.0,positive,0.4404,positive,False,0.0,,positive,positive,0.5126984715461731,0.0106043089181184,0.4766972064971924,0.5126984715461731
749886946759897,according schedule us never power between 18 midnight everyday,False,0.0,neutral,0.0,0.0,1.0,0.0,neutral,0.0,neutral,False,0.0,,neutral,neutral,0.7718523144721985,0.1713748574256897,0.7718523144721985,0.0567728504538536
1332914251207497,ba zesco sure serious even give deadline meanwhile only done s power having power now nightmare give us predictable uninterrupted supply power otherwise majority won t manage,False,0.6908,positive,0.6908,0.205,0.751,0.044,positive,0.6908,positive,False,0.0,,neutral,neutral,0.5394868850708008,0.369962215423584,0.5394868850708008,0.0905508548021316
425161906424474,kaz lave mulenya mulelapila schedule revised listening govt indeed,False,0.0,neutral,0.0,0.0,1.0,0.0,neutral,0.0,neutral,False,0.0,,neutral,neutral,0.8378385305404663,0.0771884322166442,0.8378385305404663,0.0849730297923088
690068096131577,failed project just trying confuse people cheap rotation stop exporting power period government should serious times re dealing toddlers,False,-0.7717,negative,-0.7717,0.0,0.633,0.367,negative,-0.7717,negative,False,0.0,,negative,negative,0.8918502330780029,0.8918502330780029,0.099725417792797,0.0084243789315223
489266630038074,rodney mwiinga s job find solutions such problems s wants right person find solution even solution power change anything just common citizen like instead attacking each other let s ask questions powers,False,0.2732,positive,0.2732,0.235,0.613,0.152,positive,0.2732,positive,False,0.0,,neutral,neutral,0.6339095234870911,0.2796385884284973,0.6339095234870911,0.0864518955349922
2108774816242587,mwaba jerry mwesa ask mwandi,False,0.0,neutral,0.0,0.0,1.0,0.0,neutral,0.0,neutral,False,0.0,,neutral,neutral,0.9251688718795776,0.0314114019274711,0.9251688718795776,0.04341971129179
7359122830872795,zesco would great release schedule friday every week people plan mondays well imagine waking power because schedule wait monday better guys,False,0.8442,positive,0.8442,0.336,0.664,0.0,positive,0.8442,positive,False,0.0,,positive,positive,0.9276300668716432,0.0072604576125741,0.0651094689965248,0.9276300668716432
461881846183654,group lusaka,False,0.0,neutral,0.0,0.0,1.0,0.0,neutral,0.0,neutral,False,0.0,,neutral,neutral,0.8475672006607056,0.0533628538250923,0.8475672006607056,0.0990699976682663
1002841158277667,lelo nipa wanu okutoba bwanji ma gesi,False,0.0,neutral,0.0,0.0,1.0,0.0,neutral,0.0,neutral,False,0.0,,neutral,neutral,0.7566477060317993,0.151540458202362,0.7566477060317993,0.0918118730187416
1051169236545872,ba zesco mulibafufi saana imwe today 1st how come power 1 hr 30 minutes,False,0.0,neutral,0.0,0.0,1.0,0.0,neutral,0.0,neutral,False,0.0,,neutral,neutral,0.775583803653717,0.1750721484422683,0.775583803653717,0.0493440926074981
1215579079549987,zesco limited please don t make upset morning like how supposed check s power va zii,False,0.0772,positive,0.0772,0.249,0.518,0.233,positive,0.0772,positive,False,0.0,,negative,negative,0.7375936508178711,0.7375936508178711,0.2508080303668976,0.011598433367908
885707319525548,johnson njobvu amano te sanna,False,0.0,neutral,0.0,0.0,1.0,0.0,neutral,0.0,neutral,False,0.0,,neutral,neutral,0.8294084668159485,0.0578107498586177,0.8294084668159485,0.1127807572484016
1638738503353870,fuss statements press briefings only power 3 hours oh,False,0.0,neutral,0.0,0.0,1.0,0.0,neutral,0.0,neutral,False,0.0,,neutral,neutral,0.7538096904754639,0.215229332447052,0.7538096904754639,0.0309610050171613
841908887534142,ala s sad mother paid february upto now,False,-0.4767,negative,-0.4767,0.0,0.659,0.341,negative,-0.4767,negative,False,0.0,,negative,negative,0.8518219590187073,0.8518219590187073,0.1402076780796051,0.0079704001545906
8627386197333945,better muleshimyako 00 00 hours ninshi imwe,False,0.4404,positive,0.4404,0.326,0.674,0.0,positive,0.4404,positive,False,0.0,,neutral,neutral,0.638213574886322,0.0242947004735469,0.638213574886322,0.3374917209148407
1955060858245945,loadshedding answer stop waiting miracle water fill kariba dam rain season come end businesses come standstill because bro,False,0.3818,positive,0.3818,0.173,0.727,0.1,positive,0.3818,positive,False,0.0,,negative,negative,0.6849728226661682,0.6849728226661682,0.2958045601844787,0.0192225854843854
1321443768768354,t manually office those calling office bought 07 upto now should like ba dstv inform customers day before start working system,False,0.3612,positive,0.3612,0.116,0.884,0.0,positive,0.3612,positive,False,0.0,,neutral,neutral,0.8737446069717407,0.0643937885761261,0.8737446069717407,0.0618615597486496
964160904841946,want ka something,False,0.0772,positive,0.0772,0.394,0.606,0.0,positive,0.0772,positive,False,0.0,,neutral,neutral,0.7513347268104553,0.0380183048546314,0.7513347268104553,0.2106469869613647
1676940039539889,lee vag ati learned people really wonder guys think us zambians,False,0.0,neutral,0.0,0.0,1.0,0.0,neutral,0.0,neutral,False,0.0,,neutral,neutral,0.6404833793640137,0.321439266204834,0.6404833793640137,0.0380773432552814
543396097838713,edgar shimalukwe 05 yesterday only 2hrs power just watch soccer chelsea vs man city went upto now still theres,False,0.0,neutral,0.0,0.0,1.0,0.0,neutral,0.0,neutral,False,0.0,,neutral,neutral,0.9090163111686708,0.0237369891256093,0.9090163111686708,0.0672467797994613
562479005929095,lie area power went around 24hrs now,False,0.0,neutral,0.0,0.0,1.0,0.0,neutral,0.0,neutral,False,0.0,,neutral,neutral,0.8203193545341492,0.1355733424425125,0.8203193545341492,0.0441072322428226
890179399251123,gabriel chishimba source power afford buy apa big boss,False,0.0,neutral,0.0,0.0,1.0,0.0,neutral,0.0,neutral,False,0.0,,neutral,neutral,0.836334228515625,0.0409466661512851,0.836334228515625,0.1227190420031547
1091675505563821,samantha kapukulo zp,False,0.0,neutral,0.0,0.0,1.0,0.0,neutral,0.0,neutral,False,0.0,,neutral,neutral,0.8718592524528503,0.063929408788681,0.8718592524528503,0.0642112866044044
3397388003915845,hh very smart cause makes lot sense better,False,0.7089,positive,0.7089,0.496,0.504,0.0,positive,0.7089,positive,False,0.0,,positive,positive,0.9575555324554444,0.0063623879104852,0.0360821038484573,0.9575555324554444
540973198303459,lamecky lj melchizedek zoona boss ask behalf us don t power 3 days now,False,0.0,neutral,0.0,0.0,1.0,0.0,neutral,0.0,neutral,False,0.0,,negative,negative,0.4900943040847778,0.4900943040847778,0.4873062074184418,0.0225994661450386
1285478359500648,chilufya chanda thawe s everywhere dearest,False,0.5574,positive,0.5574,0.474,0.526,0.0,positive,0.5574,positive,False,0.0,,neutral,neutral,0.7462707757949829,0.0218611452728509,0.7462707757949829,0.2318680584430694
674077001410420,company disgrace say least reporting fault low voltage close year nothing done far s story story field staff,False,-0.7906,negative,-0.7906,0.0,0.636,0.364,negative,-0.7906,negative,False,0.0,,negative,negative,0.93055921792984,0.93055921792984,0.0631688386201858,0.0062719453126192
3921559501407227,chipo veronica kalinda want u wake 01 just upgrade lol,False,0.4767,positive,0.4767,0.369,0.631,0.0,positive,0.4767,positive,False,0.0,,neutral,neutral,0.7823236584663391,0.0926074907183647,0.7823236584663391,0.1250688284635543
678087460627687,diana gift jere banda even painkiller relieve pain going through power came midnight already gone,False,0.2732,positive,0.2732,0.261,0.58,0.159,positive,0.2732,positive,False,0.0,,neutral,neutral,0.6314736008644104,0.3011688888072967,0.6314736008644104,0.0673574656248092
2097613640630766,right solwezi zesco needs pat back delivering keep continue connect us fast fast,False,0.0,neutral,0.0,0.0,1.0,0.0,neutral,0.0,neutral,False,0.0,,neutral,neutral,0.6470355987548828,0.0184616800397634,0.6470355987548828,0.3345026969909668
880439590817413,wiza simuchimba swear unbearable,False,-0.0516,negative,-0.0516,0.0,0.714,0.286,negative,-0.0516,negative,False,0.0,,negative,negative,0.652584969997406,0.652584969997406,0.2748586535453796,0.0725563392043113
1748496755688371,bartar system kwena just start giving money encourage many,False,0.6908,positive,0.6908,0.449,0.551,0.0,positive,0.6908,positive,False,0.0,,neutral,neutral,0.7304291129112244,0.1626493781805038,0.7304291129112244,0.106921449303627
711341783832512,23 05 works perfectly,False,0.6369,positive,0.6369,0.583,0.417,0.0,positive,0.6369,positive,False,0.0,,positive,positive,0.8296143412590027,0.0090439356863498,0.1613417714834213,0.8296143412590027
789596089437969,such uncertainty solwezi straight forward schedule like other towns ako nikapatula ba zesco,False,0.25,positive,0.25,0.262,0.595,0.143,positive,0.25,positive,False,0.0,,neutral,neutral,0.8041287660598755,0.1488211303949356,0.8041287660598755,0.0470501519739627
1220521216023322,zesco limited problem don t even stick schedules made kind nonsense now aii,False,-0.4404,negative,-0.4404,0.182,0.428,0.39,negative,-0.4404,negative,False,0.0,,negative,negative,0.8668826222419739,0.8668826222419739,0.1259703487157821,0.0071470192633569
2708694619260732,mulenga trudy saying starting monday baby naimwe vuto ili pati,False,0.0,neutral,0.0,0.0,1.0,0.0,neutral,0.0,neutral,False,0.0,,neutral,neutral,0.898280143737793,0.0433317087590694,0.898280143737793,0.0583881884813308
1085404613027172,mulagala update today deadline tomorrow power cames 3daz,False,0.0,neutral,0.0,0.0,1.0,0.0,neutral,0.0,neutral,False,0.0,,neutral,neutral,0.8934798240661621,0.0129219042137265,0.8934798240661621,0.0935982018709182
492310796602094,christine joanna julio iwe stop,False,-0.296,negative,-0.296,0.0,0.645,0.355,negative,-0.296,negative,False,0.0,,neutral,neutral,0.7237914800643921,0.2053018659353256,0.7237914800643921,0.0709066241979599
389235414084415,ba zesco limited definitely prefer 8 hours straight far very consistent regarding schedule area keep,False,0.4019,positive,0.4019,0.263,0.629,0.109,positive,0.4019,positive,False,0.0,,positive,positive,0.8053072094917297,0.0098585998639464,0.1848341822624206,0.8053072094917297
931813121610460,just say contribute k10 s company number should send names bring,False,0.0772,positive,0.0772,0.126,0.874,0.0,positive,0.0772,positive,False,0.0,,neutral,neutral,0.87125164270401,0.086726501584053,0.87125164270401,0.0420218296349048
565242785161269,wondering people still complaining bitterly even relief given instead demanding relief,False,0.128,positive,0.128,0.328,0.317,0.354,positive,0.128,positive,False,0.0,,negative,negative,0.7418128252029419,0.7418128252029419,0.2463191449642181,0.0118679739534854
1558742851734596,kelvis chit s musonda bunching everyone period would overload system re doing everything possible also need adjust current situation mune,False,-0.3612,negative,-0.3612,0.0,0.878,0.122,negative,-0.3612,negative,False,0.0,,neutral,neutral,0.6262996196746826,0.3542478680610657,0.6262996196746826,0.0194525886327028
1048478440104816,s month now power coming midnight mitec solwezi aren t rotating also power during day,False,0.0,neutral,0.0,0.0,1.0,0.0,neutral,0.0,neutral,False,0.0,,neutral,neutral,0.8626473546028137,0.0803874060511589,0.8626473546028137,0.0569652989506721
1590117018602894,appreciate efforts ba zesco limited amidst storm re standing tall tirelessly may rain heavily good works shown everyone,False,0.5719,positive,0.5719,0.249,0.667,0.084,positive,0.5719,positive,False,0.0,,positive,positive,0.9286993741989136,0.006889374461025,0.0644112154841423,0.9286993741989136
3552650258394935,new dawn old team,False,0.0,neutral,0.0,0.0,1.0,0.0,neutral,0.0,neutral,False,0.0,,neutral,neutral,0.730403482913971,0.0984859615564346,0.730403482913971,0.1711105853319168
721345389615444,basically halted export electricity,False,0.0,neutral,0.0,0.0,1.0,0.0,neutral,0.0,neutral,False,0.0,,negative,negative,0.7316935062408447,0.7316935062408447,0.2536263465881347,0.0146801862865686
1448794839128330,electricity only comes kuma 23 goes 04 wat u failing even give us electricity sundays wen home allow other companies supply power u enough energy source,False,-0.0772,negative,-0.0772,0.141,0.742,0.117,negative,-0.0772,negative,False,0.0,,negative,negative,0.7519437074661255,0.7519437074661255,0.2319845259189605,0.016071768477559
3650597628601064,group e people charge please keep time tired apologies,False,-0.1531,negative,-0.1531,0.205,0.536,0.259,negative,-0.1531,negative,False,0.0,,neutral,neutral,0.7262778282165527,0.196939080953598,0.7262778282165527,0.0767831057310104
264937716314722,luanshya doing well mwee took us fortnight apply get connected nikwisa mwikala eko tabalechinjia mwebo,False,0.2732,positive,0.2732,0.13,0.87,0.0,positive,0.2732,positive,False,0.0,,positive,positive,0.6288381814956665,0.0151869989931583,0.3559748232364654,0.6288381814956665
708099694017336,ba zesco loadshedding mtendere east twice morning power goes 6 hours 17 goes though people educated enough know how many hours area supposed loadshedded,False,0.0,neutral,0.0,0.0,1.0,0.0,neutral,0.0,neutral,False,0.0,,neutral,neutral,0.7937105894088745,0.1670278459787368,0.7937105894088745,0.0392615646123886
6164825023528034,beverly kunda moore ifwe load shedding midnight 13hrs completely unacceptable,False,-0.5095,negative,-0.5095,0.0,0.732,0.268,negative,-0.5095,negative,False,0.0,,negative,negative,0.892569363117218,0.892569363117218,0.1015479639172554,0.0058827074244618
1294030878682173,hope won t steal money like last time made similar changes remember never refunded us,False,0.7096,positive,0.7096,0.408,0.448,0.143,positive,0.7096,positive,False,0.0,,neutral,neutral,0.4871939122676849,0.4417198002338409,0.4871939122676849,0.07108636200428
504093228477605,those want go back edgar pf regime go ahead us remain current,False,0.0772,positive,0.0772,0.106,0.894,0.0,positive,0.0772,positive,False,0.0,,neutral,neutral,0.6966498494148254,0.2749162316322326,0.6966498494148254,0.0284339375793933
1135886531575155,felistus mulabanya thats used happen mine just come change meter three months ago,False,0.0,neutral,0.0,0.0,1.0,0.0,neutral,0.0,neutral,False,0.0,,neutral,neutral,0.7738505601882935,0.1564309448003769,0.7738505601882935,0.0697185173630714
618831263798949,nhamo afiya chiwila imagine,False,0.0,neutral,0.0,0.0,1.0,0.0,neutral,0.0,neutral,False,0.0,,neutral,neutral,0.8155140280723572,0.1041546911001205,0.8155140280723572,0.0803312510251998
3751531488424414,na zesco keep saying 8 hours goes beyond power supposed go 06 00 goes 05 comes back 15 00 instead 14 00 please consider time also,False,0.3182,positive,0.3182,0.087,0.913,0.0,positive,0.3182,positive,False,0.0,,negative,negative,0.5420207977294922,0.5420207977294922,0.4387966990470886,0.0191824175417423
1212320566709406,waiting press briefing katwishi maybe ni update lelo niseputemba 1nu,False,0.0,neutral,0.0,0.0,1.0,0.0,neutral,0.0,neutral,False,0.0,,neutral,neutral,0.9411628246307372,0.0252273641526699,0.9411628246307372,0.0336098223924636
886948149657384,just admit field,False,0.2023,positive,0.2023,0.474,0.526,0.0,positive,0.2023,positive,False,0.0,,neutral,neutral,0.6363615989685059,0.2887762188911438,0.6363615989685059,0.0748621746897697
913826857366209,how check don t power serious even put deadline give us power upto 24,False,-0.0772,negative,-0.0772,0.0,0.902,0.098,negative,-0.0772,negative,False,0.0,,negative,negative,0.7116730213165283,0.7116730213165283,0.2692860066890716,0.0190409794449806
226556666933572,just bought units through zanaco message received tokens started thinking maybe ba zanaco stolen money kanshi nimwebo ba zanaco mwandi sorry,False,-0.5423,negative,-0.5423,0.0,0.809,0.191,negative,-0.5423,negative,False,0.0,,negative,negative,0.5881980657577515,0.5881980657577515,0.3979670405387878,0.0138348368927836
683576683463546,failure s t even stick time table,False,-0.5106,negative,-0.5106,0.0,0.548,0.452,negative,-0.5106,negative,False,0.0,,negative,negative,0.8272632956504822,0.8272632956504822,0.1533692330121994,0.0193674731999635
1327338021394468,zesco useless company,False,-0.4215,negative,-0.4215,0.0,0.417,0.583,negative,-0.4215,negative,False,0.0,,negative,negative,0.914753794670105,0.914753794670105,0.0751333013176918,0.0101129133254289
488913716721297,25hrs loadshedding neighborhood,False,0.0,neutral,0.0,0.0,1.0,0.0,neutral,0.0,neutral,False,0.0,,neutral,neutral,0.8217552900314331,0.1342383921146392,0.8217552900314331,0.0440063178539276
1017811669249469,fortune n sibanda updates,False,0.0,neutral,0.0,0.0,1.0,0.0,neutral,0.0,neutral,False,0.0,,neutral,neutral,0.8918036222457886,0.0448949448764324,0.8918036222457886,0.0633014142513275
389235414084415,mwelwa kapaso ati keep,False,0.0,neutral,0.0,0.0,1.0,0.0,neutral,0.0,neutral,False,0.0,,neutral,neutral,0.7970852255821228,0.0739374011754989,0.7970852255821228,0.1289773434400558
807091348033010,susan j stephens,False,0.0,neutral,0.0,0.0,1.0,0.0,neutral,0.0,neutral,False,0.0,,neutral,neutral,0.8520070910453796,0.0627541989088058,0.8520070910453796,0.0852386802434921
9109257635755225,tiyeko muyunji rosemary mwase bunch clowns,False,0.0,neutral,0.0,0.0,1.0,0.0,neutral,0.0,neutral,False,0.0,,negative,negative,0.7208341956138611,0.7208341956138611,0.2595346868038177,0.0196310896426439
857388412176185,makeni power went midnight came kuma 11hrs talking,False,0.0,neutral,0.0,0.0,1.0,0.0,neutral,0.0,neutral,False,0.0,,neutral,neutral,0.9153100848197936,0.0292469635605812,0.9153100848197936,0.0554430037736892
293758669717165,joseph zulu ok thanks,False,0.6249,positive,0.6249,0.718,0.282,0.0,positive,0.6249,positive,False,0.0,,neutral,neutral,0.6930388808250427,0.0168644618242979,0.6930388808250427,0.290096640586853
549908447051626,ifwe even used apa ni long shedding switched off yesterday 12 until now power ok mulimbwafye,False,0.296,positive,0.296,0.128,0.872,0.0,positive,0.296,positive,False,0.0,,neutral,neutral,0.7953768372535706,0.1183792874217033,0.7953768372535706,0.0862438976764679
1017811669249469,fortune n sibanda thought phone problem,False,-0.4019,negative,-0.4019,0.0,0.597,0.403,negative,-0.4019,negative,False,0.0,,neutral,neutral,0.6455119848251343,0.3209298551082611,0.6455119848251343,0.0335581414401531
1045021707103658,siven rowland bwembya iyeee ulupato ububi,False,0.0,neutral,0.0,0.0,1.0,0.0,neutral,0.0,neutral,False,0.0,,neutral,neutral,0.7653612494468689,0.1280190497636795,0.7653612494468689,0.1066197082400322
770507935235942,petronella halwiindi simuchimba know how trick us time fools,False,-0.5267,negative,-0.5267,0.0,0.614,0.386,negative,-0.5267,negative,False,0.0,,negative,negative,0.4918378293514251,0.4918378293514251,0.4480924606323242,0.0600696429610252
525771516014368,ll put like pafikoti 12 tulingile uku mifupula twakulemifupula ifili sikisi mwatushako filya elyo twamilutula nafimbi sikisi apa kushita fye karen s beans nemintesa pantu frozen food ni forget don t even remember last time saw ice freezer pertinent question 12 hours,False,0.1531,positive,0.1531,0.059,0.896,0.045,positive,0.1531,positive,False,0.0,,neutral,neutral,0.7703444361686707,0.1805254071950912,0.7703444361686707,0.0491301380097866
1539253826550352,isaac zulu person doesn t heart pipo zambia electricity t going 12hrs s too much time pf power never went 12hrs person filled,False,0.0,neutral,0.0,0.0,1.0,0.0,neutral,0.0,neutral,False,0.0,,negative,negative,0.8366998434066772,0.8366998434066772,0.1529131978750229,0.010387010872364
5745284188881794,lloyd chilopola us came kuma 05 since yesterday kuma 23 11hrs yayenda,False,0.0,neutral,0.0,0.0,1.0,0.0,neutral,0.0,neutral,False,0.0,,neutral,neutral,0.6891083121299744,0.0065125282853841,0.6891083121299744,0.3043791055679321
581910654194613,decide tell customers over weekend short notice extended hours how people verify status meters,False,0.0,neutral,0.0,0.0,1.0,0.0,neutral,0.0,neutral,False,0.0,,neutral,neutral,0.90839284658432,0.0682407841086387,0.90839284658432,0.0233663748949766
721488806038541,thought going better worse than 12hrs power goes 05hrs comes back almost 14hrs 17hrs goes until zero number t even maintain 6hrs,False,0.0258,neutral,0.0258,0.166,0.711,0.123,neutral,0.0258,neutral,False,0.0,,negative,negative,0.8121233582496643,0.8121233582496643,0.1698110550642013,0.0180656667798757
673295751161689,going guys over 6 hours really mean guys count 10hours 6am 16hrs still power hasn t restored,False,0.34,positive,0.34,0.146,0.854,0.0,positive,0.34,positive,False,0.0,,negative,negative,0.5302065014839172,0.5302065014839172,0.4212882220745086,0.0485053397715091
513652114864664,sharon mupeta fair,False,0.3182,positive,0.3182,0.535,0.465,0.0,positive,0.3182,positive,False,0.0,,neutral,neutral,0.7787095904350281,0.0535660088062286,0.7787095904350281,0.1677243709564209
2004237213425905,1 electricity comes 01 gets cut 04 should wake start doing middle night 2 time announce 1 day deadline 3 40 seconds everyone fast typing those unit digits long 4 good news ve announcing doing countdown,False,0.2023,positive,0.2023,0.085,0.853,0.062,positive,0.2023,positive,False,0.0,,neutral,neutral,0.730165958404541,0.1045337989926338,0.730165958404541,0.1653002500534057
1285478359500648,3 days completely power honestly chilenje south lazymens area zesco fault area because too much,False,0.1477,positive,0.1477,0.182,0.667,0.15,positive,0.1477,positive,False,0.0,,negative,negative,0.7904080152511597,0.7904080152511597,0.1938942968845367,0.0156976766884326
7977232225716698,good morning zesco limitedd last week mentioned reduction load management question how many hours since today 1st october 2024 looking forward statement line same kindly update,False,0.7269,positive,0.7269,0.203,0.797,0.0,positive,0.7269,positive,False,0.0,,neutral,neutral,0.553755521774292,0.025930693373084,0.553755521774292,0.4203138053417206
570995898872291,zesco limited how haven t received 4 hours power today,False,-0.2263,negative,-0.2263,0.0,0.787,0.213,negative,-0.2263,negative,False,0.0,,negative,negative,0.7594704627990723,0.7594704627990723,0.2304101437330246,0.0101194223389029
2942741362688052,hellen zimba people need understand upnd kantemba government wheels change turn turn slowly,False,0.0,neutral,0.0,0.0,1.0,0.0,neutral,0.0,neutral,False,0.0,,neutral,neutral,0.6070879101753235,0.3586483299732208,0.6070879101753235,0.0342637822031974
1613792405811359,s just name party power changed zesco officers employees,False,0.4019,positive,0.4019,0.278,0.722,0.0,positive,0.4019,positive,False,0.0,,neutral,neutral,0.8005183935165405,0.1498412042856216,0.8005183935165405,0.0496403463184833
1251050899466961,how check power doesn t come kwateni order ba zesco,False,0.0,neutral,0.0,0.0,1.0,0.0,neutral,0.0,neutral,False,0.0,,neutral,neutral,0.5063649415969849,0.4653913974761963,0.5063649415969849,0.0282436423003673
914447856376330,should split further into 4hour intervals,False,0.0,neutral,0.0,0.0,1.0,0.0,neutral,0.0,neutral,False,0.0,,neutral,neutral,0.8686376214027405,0.0221944134682416,0.8686376214027405,0.1091680079698562
521413643944406,kakunta maggie chibale points,False,0.0,neutral,0.0,0.0,1.0,0.0,neutral,0.0,neutral,False,0.0,,neutral,neutral,0.8391310572624207,0.0577029287815094,0.8391310572624207,0.1031660214066505
1014045236652457,doesn t make sense difference leave home without electricity knock find electricity,False,-0.0516,negative,-0.0516,0.0,0.893,0.107,negative,-0.0516,negative,False,0.0,,negative,negative,0.7724199295043945,0.7724199295043945,0.2158373445272445,0.0117427688091993
7441442685951742,problem fwaka ilamikola ba zasco ibex hill main street area power went around 06 hrs came around 14 hrs just 5 minutes went don t know s how new time table works 8 hrs day nonsense,False,-0.6597,negative,-0.6597,0.0,0.847,0.153,negative,-0.6597,negative,False,0.0,,negative,negative,0.7621892094612122,0.7621892094612122,0.2246890068054199,0.0131217390298843
1132178137441275,aposto cz josi ibac please educate boy joined fb last year april,False,0.3182,positive,0.3182,0.173,0.827,0.0,positive,0.3182,positive,False,0.0,,neutral,neutral,0.8896403908729553,0.0427652448415756,0.8896403908729553,0.0675942972302436
1077796063324363,marie michelle heviamoorima spoken mind,False,0.0,neutral,0.0,0.0,1.0,0.0,neutral,0.0,neutral,False,0.0,,neutral,neutral,0.8807909488677979,0.0306956674903631,0.8807909488677979,0.0885134264826774
1044035077453110,tired stories irritate us kind post thought today s 1st october,False,-0.3182,negative,-0.3182,0.211,0.435,0.354,negative,-0.3182,negative,False,0.0,,negative,negative,0.8909565210342407,0.8909565210342407,0.1019871979951858,0.0070563084445893
1539253826550352,cynthia chawah yes coz u look king sauls life during reign over israel especially turning away israel living god s really scary,False,0.079,positive,0.079,0.19,0.672,0.138,positive,0.079,positive,False,0.0,,negative,negative,0.6838278770446777,0.6838278770446777,0.2622508704662323,0.0539213456213474
680128320520246,even worse coz 11 hrs comes goes 11 come back 17 17 goes come 23 day power awe fixing things power 05 23 hrs,False,-0.4767,negative,-0.8767,0.0,0.881,0.119,negative,-0.8767,negative,True,-0.4,awe,negative,negative,0.578203022480011,0.578203022480011,0.3895638883113861,0.0322330705821514
1199139634355511,layman s language still get 12 hours split two example power goes 23 hours 05 hours go let s say 11 hours 17 hours,False,0.0,neutral,0.0,0.0,1.0,0.0,neutral,0.0,neutral,False,0.0,,neutral,neutral,0.8787766098976135,0.062558390200138,0.8787766098976135,0.0586650148034095
1643693216550682,zesco limited code doesn t work happens tomorrow those us unable check,False,-0.2263,negative,-0.2263,0.0,0.84,0.16,negative,-0.2263,negative,False,0.0,,negative,negative,0.8237789869308472,0.8237789869308472,0.1690360307693481,0.0071849832311272
1045021707103658,siven rowland bwembya s true,False,0.4215,positive,0.4215,0.483,0.517,0.0,positive,0.4215,positive,False,0.0,,neutral,neutral,0.7965536117553711,0.0840952396392822,0.7965536117553711,0.1193511188030242
1681413012651571,dennis zulu ndiwe kapuba zesco customers signed contract supply power don t care power comes rains air,False,0.4939,positive,0.4939,0.176,0.824,0.0,positive,0.4939,positive,False,0.0,,neutral,neutral,0.798084557056427,0.1365230232477188,0.798084557056427,0.0653923898935318
1135548820481792,bachinja futi evangelist jones wamunazaret salepela,False,0.0,neutral,0.0,0.0,1.0,0.0,neutral,0.0,neutral,False,0.0,,neutral,neutral,0.80495285987854,0.1085182651877403,0.80495285987854,0.0865288227796554
1023901229028987,infact worse t solve simple faults every week contact deal same problems becoming useless day being monopoly problem need competition,False,-0.9118,negative,-0.9118,0.062,0.445,0.493,negative,-0.9118,negative,False,0.0,,negative,negative,0.8993837237358093,0.8993837237358093,0.0928673297166824,0.0077489363029599
8895988010418731,kadija molly tembo ma pressure ba c,False,-0.296,negative,-0.296,0.0,0.694,0.306,negative,-0.296,negative,False,0.0,,neutral,neutral,0.8917564749717712,0.0792727023363113,0.8917564749717712,0.0289708133786916
8614055101985186,lelo ni pa 1st october ati didn t mention year 1st october know meant today work well dearest zesco,False,0.6908,positive,0.6908,0.263,0.737,0.0,positive,0.6908,positive,False,0.0,,positive,positive,0.5374297499656677,0.0255144275724887,0.4370557367801666,0.5374297499656677
1249250492878220,milambo milimo early morning,False,0.0,neutral,0.0,0.0,1.0,0.0,neutral,0.0,neutral,False,0.0,,neutral,neutral,0.8139616847038269,0.0403168760240078,0.8139616847038269,0.145721361041069
902291978449122,1st october lelo ka new time table kaili,False,0.0,neutral,0.0,0.0,1.0,0.0,neutral,0.0,neutral,False,0.0,,neutral,neutral,0.9311678409576416,0.0276034139096736,0.9311678409576416,0.0412286967039108
644107217775772,namakau lubasi ok let try,False,0.296,positive,0.296,0.355,0.645,0.0,positive,0.296,positive,False,0.0,,neutral,neutral,0.750316321849823,0.0831287503242492,0.750316321849823,0.1665549129247665
918822943645810,right metre boxes don t,False,0.0,neutral,0.0,0.0,1.0,0.0,neutral,0.0,neutral,False,0.0,,neutral,neutral,0.7798654437065125,0.1430380642414093,0.7798654437065125,0.077096477150917
858879975328948,ve power 5am isn t back,False,0.0,neutral,0.0,0.0,1.0,0.0,neutral,0.0,neutral,False,0.0,,negative,negative,0.5241765975952148,0.5241765975952148,0.4490441083908081,0.0267793871462345
555968896785221,chilishani kanshi tepa wanu lelo,False,0.0,neutral,0.0,0.0,1.0,0.0,neutral,0.0,neutral,False,0.0,,neutral,neutral,0.8066313862800598,0.1298791021108627,0.8066313862800598,0.0634895041584968
883781467228647,marc kandeke brains,False,0.0,neutral,0.0,0.0,1.0,0.0,neutral,0.0,neutral,False,0.0,,neutral,neutral,0.7298771142959595,0.1586619019508361,0.7298771142959595,0.1114609539508819
844212421225503,just remove zesco bring chinese since mwakangiwa try china now japan,False,0.0,neutral,0.0,0.0,1.0,0.0,neutral,0.0,neutral,False,0.0,,neutral,neutral,0.5274576544761658,0.4433348476886749,0.5274576544761658,0.0292075183242559
508895165447192,connecting power most useless hours day residentials equivalent power power 10 13hrs 17 22hrs would made bit sense 400 mega something down drain difference et al,False,-0.4754,negative,-0.4754,0.0,0.89,0.11,negative,-0.4754,negative,False,0.0,,neutral,neutral,0.5029270052909851,0.4598606526851654,0.5029270052909851,0.03721234947443
552697647224346,lulu nkowani nguni same na kamwala near prison power,False,-0.5106,negative,-0.5106,0.0,0.708,0.292,negative,-0.5106,negative,False,0.0,,neutral,neutral,0.8522254824638367,0.0998439639806747,0.8522254824638367,0.047930508852005
1072713587703648,kelyson mang ola zesco pr md,False,0.0,neutral,0.0,0.0,1.0,0.0,neutral,0.0,neutral,False,0.0,,neutral,neutral,0.9120668172836304,0.0279700197279453,0.9120668172836304,0.059963185340166
489266630038074,nchimunya muleya solution above follow thread please also follow facebook sharing article writing full solutions,False,0.7964,positive,0.7964,0.453,0.547,0.0,positive,0.7964,positive,False,0.0,,neutral,neutral,0.8730931282043457,0.020639969035983,0.8730931282043457,0.1062669530510902
1132178137441275,ras zulus lungu mouth too much over never saw lungu cry held head high daughter side maybe missed part cried only man saw cry late rb may soul rest peace,False,0.587,positive,0.587,0.224,0.651,0.125,positive,0.587,positive,False,0.0,,negative,negative,0.5407269597053528,0.5407269597053528,0.429015964269638,0.0302570387721061
612476807988749,hi chibwe petronella kunda cpk thank reaching kindly note adjustment power rationing schedule entailing supply between 2hrs 7hrs per day especially peak hours night temporary adjustment due unavailability 330 megawatts power imports arising import route constraints sincerely apologize inconvenience caused regards cj,False,0.8176,positive,0.8176,0.238,0.713,0.05,positive,0.8176,positive,False,0.0,,neutral,neutral,0.7734109163284302,0.1904205232858657,0.7734109163284302,0.0361685380339622
1628658844662216,tri cia phiri bunch crooks,False,0.0,neutral,0.0,0.0,1.0,0.0,neutral,0.0,neutral,False,0.0,,negative,negative,0.595131516456604,0.595131516456604,0.3677485585212707,0.0371199026703834
1056556399810818,bilha wairimu prompted madam,False,0.0,neutral,0.0,0.0,1.0,0.0,neutral,0.0,neutral,False,0.0,,neutral,neutral,0.8656736612319946,0.0629627034068107,0.8656736612319946,0.0713636949658393
3593312137659877,kitwe ndeke precise just right now re being load shedded second time 2026 how far,False,0.0,neutral,0.0,0.0,1.0,0.0,neutral,0.0,neutral,False,0.0,,neutral,neutral,0.9092589020729064,0.0260778330266475,0.9092589020729064,0.0646632313728332
852332562654135,hello t find,False,0.0,neutral,0.0,0.0,1.0,0.0,neutral,0.0,neutral,False,0.0,,neutral,neutral,0.7747851610183716,0.06526530534029,0.7747851610183716,0.1599496006965637
1898813893849225,zesco needs complete overhaul people holding offices too comfortable imagine area reporting complete extremely low voltage last three years body seems care erb same excuses,False,0.6258,positive,0.6258,0.21,0.712,0.077,positive,0.6258,positive,False,0.0,,negative,negative,0.8879739046096802,0.8879739046096802,0.1039697006344795,0.008056373335421
414951508222199,zesco management needs mental assessment how going check update prepaid meters never power let give us power able update useless meters,False,-0.4215,negative,-0.4215,0.0,0.877,0.123,negative,-0.4215,negative,False,0.0,,negative,negative,0.9071566462516784,0.9071566462516784,0.0848550871014595,0.007988286204636
879154983427096,esther mangala yes baka fimba baka poka,False,0.4019,positive,0.4019,0.31,0.69,0.0,positive,0.4019,positive,False,0.0,,neutral,neutral,0.7429845333099365,0.0418553203344345,0.7429845333099365,0.2151601612567901
520241480737069,musa banda iwe ati shani ile runinga,False,0.0,neutral,0.0,0.0,1.0,0.0,neutral,0.0,neutral,False,0.0,,neutral,neutral,0.7338104248046875,0.1374253332614898,0.7338104248046875,0.1287642121315002
506474755550925,sifuba p c moola s pure torture ends,False,-0.5994,negative,-0.5994,0.0,0.506,0.494,negative,-0.5994,negative,False,0.0,,negative,negative,0.8495135307312012,0.8495135307312012,0.1380983740091323,0.0123881921172142
1311564579667002,us s four days without power being told people field call nothing t even charge phones,False,0.0,neutral,0.0,0.0,1.0,0.0,neutral,0.0,neutral,False,0.0,,negative,negative,0.7428333163261414,0.7428333163261414,0.2398806661367416,0.0172859914600849
962024962124923,puzo phiri well spoken,False,0.2732,positive,0.2732,0.412,0.588,0.0,positive,0.2732,positive,False,0.0,,neutral,neutral,0.4974818229675293,0.0302132610231637,0.4974818229675293,0.4723049700260162
1214925962764712,kumba kuku diallo s very irritating know,False,-0.5095,negative,-0.5095,0.0,0.603,0.397,negative,-0.5095,negative,False,0.0,,negative,negative,0.8560980558395386,0.8560980558395386,0.1349067986011505,0.0089951595291495
3762070777372623,tefintu even used now,False,0.0,neutral,0.0,0.0,1.0,0.0,neutral,0.0,neutral,False,0.0,,neutral,neutral,0.8474833369255066,0.1079743355512619,0.8474833369255066,0.0445422604680061
742161944668887,put schedule fail stick,False,-0.5423,negative,-0.5423,0.0,0.462,0.538,negative,-0.5423,negative,False,0.0,,neutral,neutral,0.5431210398674011,0.4215357601642608,0.5431210398674011,0.0353431515395641
158705943873533,michael robert lungu moonga imwe fi watchdog kuti fyakuletelela sana ifi fikabwa,False,0.0,neutral,0.0,0.0,1.0,0.0,neutral,0.0,neutral,False,0.0,,neutral,neutral,0.8186430335044861,0.1199495941400528,0.8186430335044861,0.0614073611795902
1066598031064027,lelo ni pa 1 ati bwanji nkana yamaliti promise promise kwatu power lelo ni day 3,False,0.5574,positive,0.5574,0.277,0.723,0.0,positive,0.5574,positive,False,0.0,,neutral,neutral,0.8220702409744263,0.0199786406010389,0.8220702409744263,0.1579511016607284
1594917784453736,switch power ku ring road chalala update kaili,False,0.0,neutral,0.0,0.0,1.0,0.0,neutral,0.0,neutral,False,0.0,,neutral,neutral,0.8992740511894226,0.0554187037050724,0.8992740511894226,0.0453072823584079
1379539882755762,should posting advance t waking power without warning,False,0.2584,positive,0.2584,0.253,0.747,0.0,positive,0.2584,positive,False,0.0,,neutral,neutral,0.7145435810089111,0.2563669383525848,0.7145435810089111,0.0290894694626331
3396926853935962,cathe rine awe mwe kuti twalufyanya,False,0.0,neutral,-0.4,0.0,1.0,0.0,negative,-0.4,negative,True,-0.4,awe,neutral,neutral,0.8397114872932434,0.093469999730587,0.8397114872932434,0.066818468272686
1616817652057206,dèb oràh system restored,False,0.34,positive,0.34,0.444,0.556,0.0,positive,0.34,positive,False,0.0,,neutral,neutral,0.750399112701416,0.0437988564372062,0.750399112701416,0.2058020979166031
504731289021709,today s 1st october maybe still sleeping,False,0.0,neutral,0.0,0.0,1.0,0.0,neutral,0.0,neutral,False,0.0,,neutral,neutral,0.910370409488678,0.0133031774312257,0.910370409488678,0.0763264298439025
691829512814197,moonga ever call yourself cannot happen applied paid 6 weeks ago how possible applied paid without quotation big lair,False,0.0,neutral,0.0,0.0,1.0,0.0,neutral,0.0,neutral,False,0.0,,negative,negative,0.8351601958274841,0.8351601958274841,0.1558210253715515,0.0090187275782227
230568016489685,bought morning three times yet receive tokens,False,0.0,neutral,0.0,0.0,1.0,0.0,neutral,0.0,neutral,False,0.0,,neutral,neutral,0.7912442684173584,0.0972016602754592,0.7912442684173584,0.1115540340542793
610802407817623,susan mulenga zulu airtel also failing,False,-0.5106,negative,-0.5106,0.0,0.602,0.398,negative,-0.5106,negative,False,0.0,,negative,negative,0.6813286542892456,0.6813286542892456,0.3031030595302582,0.015568308532238
402137349350108,elita sheleni eeeh ungalile pa last,False,0.0,neutral,0.0,0.0,1.0,0.0,neutral,0.0,neutral,False,0.0,,neutral,neutral,0.7919467687606812,0.0590762868523597,0.7919467687606812,0.1489769369363784
1200460504234580,said before should put someone knows how count hours properly didn t power saturday 12 00hrs till sunday 17 00 12 hours surely written everything mu ka book 2026 coming,False,0.4404,positive,0.4404,0.094,0.906,0.0,positive,0.4404,positive,False,0.0,,neutral,neutral,0.8079990148544312,0.0821478813886642,0.8079990148544312,0.1098530888557434
1380815312686577,lingson mwanza na means power going 2 times day,False,0.0,neutral,0.0,0.0,1.0,0.0,neutral,0.0,neutral,False,0.0,,neutral,neutral,0.8312080502510071,0.0553024485707283,0.8312080502510071,0.1134895160794258
885707319525548,johnson njobvu s re njobvu elephant,False,0.0,neutral,0.0,0.0,1.0,0.0,neutral,0.0,neutral,False,0.0,,neutral,neutral,0.8866488933563232,0.0651837363839149,0.8866488933563232,0.0481673739850521
840534890345087,don t even stick ur chi timetable chilenje power goes 16 comes back 24 vozilila chabe,False,0.0,neutral,0.0,0.0,1.0,0.0,neutral,0.0,neutral,False,0.0,,neutral,neutral,0.5659897327423096,0.4112251400947571,0.5659897327423096,0.0227851215749979
898460641614147,ni pa 1october lelo want see change ivo,False,0.0772,positive,0.0772,0.157,0.843,0.0,positive,0.0772,positive,False,0.0,,neutral,neutral,0.8568604588508606,0.0322076603770256,0.8568604588508606,0.1109319329261779
3762070777372623,suwilanji khane kaoma s power cut anyhow,False,-0.2732,negative,-0.2732,0.0,0.704,0.296,negative,-0.2732,negative,False,0.0,,negative,negative,0.5005823373794556,0.5005823373794556,0.4814488887786865,0.0179687496274709
1776900926039362,s big shame pipo solwezi even following very own time table,False,-0.4767,negative,-0.4767,0.0,0.744,0.256,negative,-0.4767,negative,False,0.0,,negative,negative,0.8371917009353638,0.8371917009353638,0.1516611874103546,0.0111470492556691
879838946387363,atleast see improvements schedule kudos,False,0.6808,positive,0.6808,0.651,0.349,0.0,positive,0.6808,positive,False,0.0,,positive,positive,0.6839182376861572,0.0269513819366693,0.2891304194927215,0.6839182376861572
437232952759406,power ku ngwerere 48hrs going use flash toilets since pump water now s 22hrs still power please give us power shift now,False,0.3182,positive,0.3182,0.103,0.897,0.0,positive,0.3182,positive,False,0.0,,neutral,neutral,0.6890695691108704,0.1873629242181778,0.6890695691108704,0.1235675513744354
2688712201265424,levy musonda jr yaba made day t stop laughing,False,0.25,positive,0.25,0.281,0.526,0.193,positive,0.25,positive,False,0.0,,positive,positive,0.81548672914505,0.015364090912044,0.1691491454839706,0.81548672914505
1646550196207032,lelo ni pa 1st october tiyeni tulande pali promise iyi story mukamba mweka,False,0.3182,positive,0.3182,0.161,0.839,0.0,positive,0.3182,positive,False,0.0,,neutral,neutral,0.862678050994873,0.0431767031550407,0.862678050994873,0.0941452458500862
2159092774486716,pushing excess power into national grid s lot power just physics even using infrastructure required connection worth kindly explain,False,0.6249,positive,0.6249,0.242,0.758,0.0,positive,0.6249,positive,False,0.0,,negative,negative,0.5095887184143066,0.5095887184143066,0.4694520831108093,0.0209592133760452
894187858248789,still remains same doesn t even make sense,False,0.0,neutral,0.0,0.0,1.0,0.0,neutral,0.0,neutral,False,0.0,,negative,negative,0.8855931758880615,0.8855931758880615,0.1078913435339927,0.006515466608107
669620451688457,wondering failing buy units beniko fast,False,-0.5106,negative,-0.5106,0.0,0.602,0.398,negative,-0.5106,negative,False,0.0,,neutral,neutral,0.8294779062271118,0.1157989799976348,0.8294779062271118,0.0547230690717697
807091348033010,susan j stephens good idea,False,0.4404,positive,0.4404,0.492,0.508,0.0,positive,0.4404,positive,False,0.0,,positive,positive,0.6789945363998413,0.0207448452711105,0.3002606630325317,0.6789945363998413
408819144761920,joshua mukwemba gives money buy electricity units,False,0.0,neutral,0.0,0.0,1.0,0.0,neutral,0.0,neutral,False,0.0,,neutral,neutral,0.8434460163116455,0.0842311829328537,0.8434460163116455,0.072322778403759
1220697095185978,mirriam hambotu very much,False,0.0,neutral,0.0,0.0,1.0,0.0,neutral,0.0,neutral,False,0.0,,neutral,neutral,0.7116321325302124,0.1049184054136276,0.7116321325302124,0.1834494471549987
736340325238619,sunday should load shedding god take rest sunday,False,0.2732,positive,0.2732,0.231,0.769,0.0,positive,0.2732,positive,False,0.0,,negative,negative,0.6715739369392395,0.6715739369392395,0.2832657992839813,0.0451602600514888
1469870400514177,mercy mugala politically connected boyfriend zesco,False,0.3612,positive,0.3612,0.333,0.667,0.0,positive,0.3612,positive,False,0.0,,neutral,neutral,0.8516248464584351,0.0803062990307807,0.8516248464584351,0.0680687725543975
1082442872837798,marjorie t maposa s things guys,False,0.0,neutral,0.0,0.0,1.0,0.0,neutral,0.0,neutral,False,0.0,,neutral,neutral,0.8694860935211182,0.0375077091157436,0.8694860935211182,0.0930062234401702
1122021676311355,rucksanna geloo right now anm confused because tired looking t see,False,-0.6369,negative,-0.6369,0.0,0.606,0.394,negative,-0.6369,negative,False,0.0,,negative,negative,0.7819031476974487,0.7819031476974487,0.2092397958040237,0.0088570909574627
441824974988148,zesco limited nishi powering nation now going slogan cause having issue loashedding long time upto now nothing sorted going through kashi every year,False,-0.2263,negative,-0.2263,0.0,0.921,0.079,negative,-0.2263,negative,False,0.0,,negative,negative,0.8829390406608582,0.8829390406608582,0.1106447502970695,0.0064162537455558
618831263798949,nhamo afiya chiwila ngaiwe wapangwa shani ai,False,0.0,neutral,0.0,0.0,1.0,0.0,neutral,0.0,neutral,False,0.0,,neutral,neutral,0.7802157998085022,0.122663602232933,0.7802157998085022,0.0971205830574035
263532769821045,s same case zesco kalulushi paid july upto now nothing,False,0.0,neutral,0.0,0.0,1.0,0.0,neutral,0.0,neutral,False,0.0,,neutral,neutral,0.5201324224472046,0.4515061974525451,0.5201324224472046,0.0283613745123147
1003744020802979,awe namushupa ba zesco sunday power went 01 44 restored back kuma 14 thursday power went kuma 05 came back kuma 19 yesterday power went kuma 22 now don t power s really going load shedding awe ve suffered lusaka west zamaston ma loan area aaah s annoying mwe cause s too much think muvichitilamo chabe re mindful concerned people area power goes anyhow aaah awe mwe,False,-0.5423,negative,-1.0,0.035,0.878,0.086,negative,-1.0,negative,True,-1.2000000000000002,awe,negative,negative,0.6480830311775208,0.6480830311775208,0.3283500373363495,0.0235669109970331
530851722153204,bupe kunda meanwhile leave home power come back darkness lol,False,0.1531,positive,0.1531,0.215,0.538,0.246,positive,0.1531,positive,False,0.0,,neutral,neutral,0.5713272094726562,0.3827681541442871,0.5713272094726562,0.0459046140313148
891555392161666,awe ba zesco order tamwakwata just like relationships,False,0.3612,positive,-0.0388,0.263,0.737,0.0,neutral,-0.0388,neutral,True,-0.4,awe,neutral,neutral,0.7807356715202332,0.1205103918910026,0.7807356715202332,0.0987539067864418
1460986971279979,t just switch off good than keep stressing people reason failed nation,False,-0.4404,negative,-0.4404,0.174,0.479,0.347,negative,-0.4404,negative,False,0.0,,negative,negative,0.89492267370224,0.89492267370224,0.0968401655554771,0.008237131871283
311057938684793,vincent chisala muli bu praise singer pa last bapenenamo,False,0.5574,positive,0.5574,0.31,0.69,0.0,positive,0.5574,positive,False,0.0,,neutral,neutral,0.8784370422363281,0.0232288632541894,0.8784370422363281,0.0983341783285141
798380101728535,mr president doing good let s learn appreciate people still alive done number good things zambia perfect yourself pls leave mr president alone,False,0.9217,positive,0.9217,0.518,0.387,0.095,positive,0.9217,positive,False,0.0,,positive,positive,0.8308470249176025,0.0253836158663034,0.1437693536281585,0.8308470249176025
1160356592050838,zesco limited restored thank,False,0.4588,positive,0.4588,0.628,0.128,0.244,positive,0.4588,positive,False,0.0,,neutral,neutral,0.5641832947731018,0.029378306120634,0.5641832947731018,0.406438410282135
480077054297097,nonsense done power should cutting twice day doesn t make sense awe really failed,False,-0.7778,negative,-1.0,0.0,0.562,0.438,negative,-1.0,negative,True,-0.4,awe,negative,negative,0.9123349785804749,0.9123349785804749,0.0802991837263107,0.0073657725006341
1935125996964359,don t know needs hear isaiah 60 22 says time right lord make happen ecclesiastes 3 vs 11 says makes everything beautiful time encouragement today don t give god mindful also make prosper god knows re tired knows re frustrated pray wait trust timing won t let down please bless day follow glad followed could mean alot thank,False,0.9702,positive,0.9702,0.394,0.525,0.081,positive,0.9702,positive,False,0.0,,positive,positive,0.7089672088623047,0.0271151475608348,0.2639176547527313,0.7089672088623047
582250733742042,tell technicians supposed switch power back 17 hours meanwood airport should left us alone original schedule least knew power mxxxxxm,False,0.0772,positive,0.0772,0.103,0.807,0.09,positive,0.0772,positive,False,0.0,,negative,negative,0.8373852372169495,0.8373852372169495,0.1527897864580154,0.0098249865695834
1091675505563821,kelvin zalawi sichone zambwino palibe,False,0.0,neutral,0.0,0.0,1.0,0.0,neutral,0.0,neutral,False,0.0,,neutral,neutral,0.8908576965332031,0.0344534218311309,0.8908576965332031,0.07468893378973
837954824387458,selina banda inconvenience stop current units depleting,False,-0.5719,negative,-0.5719,0.0,0.515,0.485,negative,-0.5719,negative,False,0.0,,neutral,neutral,0.553856372833252,0.4251263439655304,0.553856372833252,0.0210172943770885
365520869192199,mwandu mulenga s scam,False,-0.5719,negative,-0.5719,0.0,0.351,0.649,negative,-0.5719,negative,False,0.0,,negative,negative,0.5411766767501831,0.5411766767501831,0.4246461391448974,0.0341771692037582
570498601194220,anfield sinkman such minds trying clean accepting things beyond income let things country attainable complicated principles economics applicable developed world,False,0.6486,positive,0.6486,0.227,0.773,0.0,positive,0.6486,positive,False,0.0,,neutral,neutral,0.762036144733429,0.0688945725560188,0.762036144733429,0.1690692752599716
524506786963375,uhmmmm net metering futi let s talk promise first october,False,0.3182,positive,0.3182,0.223,0.777,0.0,positive,0.3182,positive,False,0.0,,neutral,neutral,0.8955506086349487,0.0342727303504943,0.8955506086349487,0.070176675915718
503871295207390,kwati fyamano existence than 60 years experience first hand climate change years how come get large chunks salaries guard gets upto average k20pin monthly net salary yet fail diversify expand accordance population kwateniko amano,False,0.25,positive,0.25,0.138,0.775,0.087,positive,0.25,positive,False,0.0,,negative,negative,0.653215229511261,0.653215229511261,0.3268968462944031,0.0198879688978195
1252220168979432,misheck cheleka business wise 6 6 better than 12 hours mean 6 6 12 b 12 0 12,False,0.7184,positive,0.7184,0.375,0.625,0.0,positive,0.7184,positive,False,0.0,,neutral,neutral,0.6442334651947021,0.0806324854493141,0.6442334651947021,0.2751340568065643
502478876083855,moses miracle snr just look around u world ppl r suffering wars hunger drought innocent kids die hunger diseases many other reasons u see power let know good night wont continue conversation end thank,False,-0.4588,negative,-0.4588,0.241,0.456,0.303,negative,-0.4588,negative,False,0.0,,negative,negative,0.6762250065803528,0.6762250065803528,0.2673296630382538,0.0564453192055225
707873887745003,mwelwa phillip producing power expensive local citizens going manage pay same price outsiders paying,False,-0.1027,negative,-0.1027,0.0,0.903,0.097,negative,-0.1027,negative,False,0.0,,neutral,neutral,0.5042345523834229,0.4709073901176452,0.5042345523834229,0.0248581413179636
3048240672151024,bally also promised end load shedding look now time teach politicians 2026 lies kick power promise achievable heaven earth t manage,True,0.765,positive,0.765,0.369,0.532,0.099,negative,0.765,negative,False,0.0,,negative,negative,0.6099510788917542,0.6099510788917542,0.3513738811016083,0.0386751666665077
402137349350108,clara mutambo swear power everyday knock off work,False,-0.0516,negative,-0.0516,0.0,0.854,0.146,negative,-0.0516,negative,False,0.0,,neutral,neutral,0.6928996443748474,0.0983217358589172,0.6928996443748474,0.2087786048650741
1571738356757226,need new schedule ba zesco kindly update us plan october,False,0.4939,positive,0.4939,0.262,0.738,0.0,positive,0.4939,positive,False,0.0,,neutral,neutral,0.8089593052864075,0.064371757209301,0.8089593052864075,0.1266689896583557
311057938684793,bally know loadsheding issue coz remember once against started happening pf anyway,False,0.0,neutral,0.0,0.0,1.0,0.0,neutral,0.0,neutral,False,0.0,,neutral,neutral,0.6739531755447388,0.2823028564453125,0.6739531755447388,0.043743971735239
442822361760933,unite speak voice behave,False,0.0,neutral,0.0,0.0,1.0,0.0,neutral,0.0,neutral,False,0.0,,neutral,neutral,0.8282232880592346,0.1133168116211891,0.8282232880592346,0.058459922671318
1136542194140590,hi fredah chipeta thank reaching us kindly note schedule remains same reason early outage due constraints system apologize inconvenience caused pm,False,0.6597,positive,0.6597,0.325,0.584,0.091,positive,0.6597,positive,False,0.0,,neutral,neutral,0.6412381529808044,0.3049809634685516,0.6412381529808044,0.0537809394299984
2994287257547549,went 11 00 came back 17 00 far good,False,0.4404,positive,0.4404,0.266,0.734,0.0,positive,0.4404,positive,False,0.0,,positive,positive,0.8412261009216309,0.0046680457890033,0.1541059166193008,0.8412261009216309
792132815807256,next time release schedule sunday evening make plans next dayzesco limited,False,-0.2263,negative,-0.2263,0.0,0.84,0.16,negative,-0.2263,negative,False,0.0,,neutral,neutral,0.9320845603942872,0.0131645016372203,0.9320845603942872,0.0547510273754596
848821520593006,hi jyotz misra sincere apologies inconvenience caused kindly note due unplanned outages technical team doing everything possible serve better always register fault us experience loss supply beyond load management schedule use self service platforms such 3600 use zesco whatsapp number 260762626977 following prompts pm,False,0.3818,positive,0.3818,0.185,0.678,0.137,positive,0.3818,positive,False,0.0,,negative,negative,0.5599831342697144,0.5599831342697144,0.4044941067695617,0.035522673279047
823574169989210,kethan b course sell everything rains heavy year great sell,False,0.6249,positive,0.6249,0.339,0.661,0.0,positive,0.6249,positive,False,0.0,,positive,positive,0.5456884503364563,0.0486447475850582,0.4056667983531952,0.5456884503364563
891216835653285,problem started ubufufi naimwe joined ichipani power went 05 now nothing 6 hours sure,False,-0.5664,negative,-0.5664,0.0,0.702,0.298,negative,-0.5664,negative,False,0.0,,negative,negative,0.6567996740341187,0.6567996740341187,0.3249336183071136,0.0182666983455419
652731433469685,way how much connection fee urban area,False,0.0,neutral,0.0,0.0,1.0,0.0,neutral,0.0,neutral,False,0.0,,neutral,neutral,0.87786465883255,0.0530283041298389,0.87786465883255,0.0691070780158042
523683313778542,ba zesco limited lelo ni pa 1st october time expected stable power,False,0.0772,positive,0.0772,0.156,0.709,0.135,positive,0.0772,positive,False,0.0,,neutral,neutral,0.8856965899467468,0.0241498667746782,0.8856965899467468,0.0901535078883171
656955689226492,susan mulenga zulu m failing,False,-0.5106,negative,-0.5106,0.0,0.476,0.524,negative,-0.5106,negative,False,0.0,,neutral,neutral,0.5380489826202393,0.427265465259552,0.5380489826202393,0.0346855223178863
489266630038074,ackim katebe solutions hv youself zambians mwabashanu,False,0.1779,positive,0.1779,0.221,0.779,0.0,positive,0.1779,positive,False,0.0,,neutral,neutral,0.7886273860931396,0.0789022147655487,0.7886273860931396,0.1324704140424728
1147274600611921,how check haven t power since last week sunday,False,0.0,neutral,0.0,0.0,1.0,0.0,neutral,0.0,neutral,False,0.0,,neutral,neutral,0.4986905753612518,0.4740468263626098,0.4986905753612518,0.027262533083558
546781691262383,restoring power midnight people sleeping makes schedule somehow bitter group d e,False,-0.1531,negative,-0.1531,0.169,0.615,0.215,negative,-0.1531,negative,False,0.0,,negative,negative,0.5590070486068726,0.5590070486068726,0.4271742701530456,0.0138187138363718
857332325321181,lucy bwalya munthali true thought only experiencing,False,0.4215,positive,0.4215,0.318,0.682,0.0,positive,0.4215,positive,False,0.0,,neutral,neutral,0.8109819889068604,0.0593020170927047,0.8109819889068604,0.1297159940004348
1539253826550352,isaac zulu miss prophecy,False,-0.1531,negative,-0.1531,0.0,0.652,0.348,negative,-0.1531,negative,False,0.0,,neutral,neutral,0.8082581758499146,0.1034320816397667,0.8082581758499146,0.0883097127079963
1357331375102374,lynda simbula work near area power restored 14hrs kaya kapena nizingati hours,False,0.34,positive,0.34,0.179,0.821,0.0,positive,0.34,positive,False,0.0,,neutral,neutral,0.7618139982223511,0.0165127571672201,0.7618139982223511,0.221673235297203
1080839880079636,simple plea republican president excellency should immediate effect dissolve zesco management board fire individuals without sentiments playing mind games majority citizens,False,0.1301,positive,0.1301,0.137,0.706,0.157,positive,0.1301,positive,False,0.0,,negative,negative,0.5800652503967285,0.5800652503967285,0.3850479125976562,0.0348868928849697
476599011338760,still same ku lusaka west,False,0.0,neutral,0.0,0.0,1.0,0.0,neutral,0.0,neutral,False,0.0,,neutral,neutral,0.8481107354164124,0.1108296439051628,0.8481107354164124,0.0410596504807472
9109257635755225,should t even posted rubbish otherwise using seating dark,False,0.0,neutral,0.0,0.0,1.0,0.0,neutral,0.0,neutral,False,0.0,,negative,negative,0.8814699053764343,0.8814699053764343,0.1125080585479736,0.0060219666920602
1592231224624896,difficult follow same schedule keep switching off time,False,-0.3612,negative,-0.3612,0.0,0.737,0.263,negative,-0.3612,negative,False,0.0,,negative,negative,0.6547741293907166,0.6547741293907166,0.3230307996273041,0.0221950486302375
1366446937441510,nsama patricknsama patrick careful god punish,False,-0.1779,negative,-0.1779,0.366,0.297,0.337,negative,-0.1779,negative,False,0.0,,negative,negative,0.6401041746139526,0.6401041746139526,0.3390132188796997,0.0208825971931219
235303116308348,just training us leave grid otherwise soon become self sufficient start loosing clients,False,-0.0516,negative,-0.0516,0.0,0.909,0.091,negative,-0.0516,negative,False,0.0,,negative,negative,0.5488256812095642,0.5488256812095642,0.4229665398597717,0.0282077547162771
1146553176036377,result meeting,False,0.0,neutral,0.0,0.0,1.0,0.0,neutral,0.0,neutral,False,0.0,,neutral,neutral,0.8185503482818604,0.0485699586570262,0.8185503482818604,0.1328796595335006
527188406053799,12 hours split into ma 6 hours difference make t understand mathematics,False,0.0,neutral,0.0,0.0,1.0,0.0,neutral,0.0,neutral,False,0.0,,neutral,neutral,0.6641550660133362,0.2821962237358093,0.6641550660133362,0.0536487624049186
1157102772410348,work getting bringing power mentioned times,False,0.0,neutral,0.0,0.0,1.0,0.0,neutral,0.0,neutral,False,0.0,,neutral,neutral,0.6811128854751587,0.0722801610827446,0.6811128854751587,0.2466069012880325
1539253826550352,isaac zulu remember prophecy very well,False,0.3384,positive,0.3384,0.324,0.676,0.0,positive,0.3384,positive,False,0.0,,neutral,neutral,0.7515661120414734,0.0278955996036529,0.7515661120414734,0.2205382883548736
1169745800317304,better maximum 6 hours minimum,False,0.4404,positive,0.4404,0.492,0.508,0.0,positive,0.4404,positive,False,0.0,,neutral,neutral,0.5218652486801147,0.0586040988564491,0.5218652486801147,0.4195306003093719
921314262582264,upnd packing bags wait,False,0.0,neutral,0.0,0.0,1.0,0.0,neutral,0.0,neutral,False,0.0,,neutral,neutral,0.8397147059440613,0.0749529525637626,0.8397147059440613,0.0853323712944984
723300012465266,jojo long exactly thought,False,0.0,neutral,0.0,0.0,1.0,0.0,neutral,0.0,neutral,False,0.0,,neutral,neutral,0.8815635442733765,0.049340222030878,0.8815635442733765,0.0690961927175521
3281138615512027,ts already 14hrs zesco limited wats happening group e still power want eat,False,-0.1531,negative,-0.1531,0.098,0.758,0.144,negative,-0.1531,negative,False,0.0,,negative,negative,0.5138790011405945,0.5138790011405945,0.4577499330043793,0.0283710416406393
1103289897723682,prepaid meter went off two years ago lights ever bills reported response,False,0.0,neutral,0.0,0.0,1.0,0.0,neutral,0.0,neutral,False,0.0,,negative,negative,0.7526099681854248,0.7526099681854248,0.2373759299516677,0.0100140962749719
852272325996896,lol well big help,False,0.765,positive,0.765,0.884,0.116,0.0,positive,0.765,positive,False,0.0,,positive,positive,0.9346089363098145,0.0102651212364435,0.0551259443163871,0.9346089363098145
539229484616525,hi zesco please assist ndola kansenshi,False,0.3182,positive,0.3182,0.315,0.685,0.0,positive,0.3182,positive,False,0.0,,neutral,neutral,0.8101978898048401,0.0412500277161598,0.8101978898048401,0.1485520750284195
1681413012651571,bruce mwanza very true wonder never plan future,False,0.4754,positive,0.4754,0.306,0.694,0.0,positive,0.4754,positive,False,0.0,,negative,negative,0.4948593974113464,0.4948593974113464,0.4479223489761352,0.0572183281183242
127573943700384,diana kakula kauseni oh yeah,False,0.296,positive,0.296,0.355,0.645,0.0,positive,0.296,positive,False,0.0,,neutral,neutral,0.7921022176742554,0.0525429025292396,0.7921022176742554,0.1553548723459243
404972345757790,dargly chibwe imagine ai,False,0.0,neutral,0.0,0.0,1.0,0.0,neutral,0.0,neutral,False,0.0,,neutral,neutral,0.7488812208175659,0.1781433075666427,0.7488812208175659,0.0729754120111465
968249324136350,power cut yesterday day 14hrs switched around 24hrs just hour cut until time representing konga makeni lusaka,False,-0.4939,negative,-0.4939,0.0,0.781,0.219,negative,-0.4939,negative,False,0.0,,neutral,neutral,0.5469938516616821,0.4328163266181946,0.5469938516616821,0.0201898030936718
1681413012651571,dennis zulu just hope won t insulted comment,False,0.5106,positive,0.5106,0.475,0.288,0.237,positive,0.5106,positive,False,0.0,,neutral,neutral,0.7681564688682556,0.1721807122230529,0.7681564688682556,0.0596628002822399
695290788939976,please zesco rotate switching off purpose load shedding because us area foxdale kasisi lusaka watched 19hrs news very long time fix timetable manner others zambian than us above voted current leadership please rotate schedule mathematics also tells still loading shedding us 12hrs say 6 12hrs 18 00hrs repeat sequence please rotate schedules submit,False,0.7096,positive,0.7096,0.123,0.877,0.0,positive,0.7096,positive,False,0.0,,negative,negative,0.5813568830490112,0.5813568830490112,0.3965110182762146,0.0221321824938058
1213069430480148,non those hours applicable area s sickening,False,-0.5267,negative,-0.5267,0.0,0.595,0.405,negative,-0.5267,negative,False,0.0,,negative,negative,0.8762425184249878,0.8762425184249878,0.1151857823133468,0.0085716964676976
1250069156002665,constance chibuye sure should ironing clothes midnight,False,0.3182,positive,0.3182,0.277,0.723,0.0,positive,0.3182,positive,False,0.0,,neutral,neutral,0.781103789806366,0.0724501013755798,0.781103789806366,0.1464460343122482
928730689070139,mwewa kashell mwaba s frustrating,False,-0.4404,negative,-0.4404,0.0,0.508,0.492,negative,-0.4404,negative,False,0.0,,negative,negative,0.7862705588340759,0.7862705588340759,0.2028242796659469,0.0109052192419767
1579413999173713,new problem didn t point pf going point upnd african leaders should think outside box,False,-0.4019,negative,-0.4019,0.0,0.828,0.172,negative,-0.4019,negative,False,0.0,,negative,negative,0.6520140171051025,0.6520140171051025,0.3374438881874084,0.010542107746005
2620993884749517,first october 2024 give us update need,False,0.0,neutral,0.0,0.0,1.0,0.0,neutral,0.0,neutral,False,0.0,,neutral,neutral,0.8585031032562256,0.0648934543132782,0.8585031032562256,0.0766035020351409
1133189314375206,bc kaunda sir,False,0.0,neutral,0.0,0.0,1.0,0.0,neutral,0.0,neutral,False,0.0,,neutral,neutral,0.8761751651763916,0.048278771340847,0.8761751651763916,0.0755460783839225
1528680551089815,imwe give us time table come through pali ivo,False,0.0,neutral,0.0,0.0,1.0,0.0,neutral,0.0,neutral,False,0.0,,neutral,neutral,0.84119713306427,0.0455395206809043,0.84119713306427,0.1132634133100509
1539253826550352,isaac zulu s even saul,False,0.0,neutral,0.0,0.0,1.0,0.0,neutral,0.0,neutral,False,0.0,,neutral,neutral,0.8925439119338989,0.0407828725874424,0.8925439119338989,0.0666732117533683
1010964830031996,also same boots paid 6 weeks ago nothing today hurting neighbor whom paid same time connected 2 weeks ago,False,0.3089,positive,0.3089,0.124,0.876,0.0,positive,0.3089,positive,False,0.0,,negative,negative,0.785447895526886,0.785447895526886,0.2024216949939727,0.0121303778141736
2299770710224782,george muls doe ist say,False,0.0,neutral,0.0,0.0,1.0,0.0,neutral,0.0,neutral,False,0.0,,neutral,neutral,0.8624668717384338,0.0598277412354946,0.8624668717384338,0.0777054131031036
1039765907939177,u pay cash money excess power,False,-0.1027,negative,-0.1027,0.0,0.741,0.259,negative,-0.1027,negative,False,0.0,,neutral,neutral,0.7692018151283264,0.1523469239473343,0.7692018151283264,0.0784512087702751
1056556399810818,o neil mweemba hospitality redefined nation need improve daunted same problem decades still unable come tangle solutions sustainable s clear s lack consideration zesco leadership,False,0.296,positive,0.296,0.247,0.582,0.171,positive,0.296,positive,False,0.0,,negative,negative,0.6545551419258118,0.6545551419258118,0.3190180957317352,0.0264267586171627
1174378643935570,power supposed go 6 group e while dreamland zesco takes advantage us cuts power kuma 3 nichani sure,False,0.2732,positive,0.2732,0.232,0.649,0.119,positive,0.2732,positive,False,0.0,,neutral,neutral,0.6118084788322449,0.3322283029556274,0.6118084788322449,0.0559631176292896
702182464815624,zesco tell boss voters cards still fresh,False,0.3182,positive,0.3182,0.277,0.723,0.0,positive,0.3182,positive,False,0.0,,neutral,neutral,0.8587163686752319,0.05247363448143,0.8587163686752319,0.088810034096241
1349720502418165,actually good news people now start complaining 6 weeks wow before started complaining six months first three months normal maturity period,False,0.6249,positive,0.6249,0.255,0.608,0.137,positive,0.6249,positive,False,0.0,,positive,positive,0.652134895324707,0.0892964228987693,0.2585687339305877,0.652134895324707
1133189314375206,alexis kabamba didnt understand point,False,0.0,neutral,0.0,0.0,1.0,0.0,neutral,0.0,neutral,False,0.0,,neutral,neutral,0.542192280292511,0.4361113905906677,0.542192280292511,0.0216962955892086
647858186946473,michael siluchali until god knows ka,False,0.2732,positive,0.2732,0.296,0.704,0.0,positive,0.2732,positive,False,0.0,,neutral,neutral,0.8480658531188965,0.0853931084275245,0.8480658531188965,0.0665410459041595
1573916223485199,don t want ma metering yanu ayo lelo nipa wanu ala,False,0.0772,positive,0.0772,0.126,0.874,0.0,positive,0.0772,positive,False,0.0,,negative,negative,0.6880509853363037,0.6880509853363037,0.298978716135025,0.0129703050479292
579738547916602,nchimu nya stuck too remember update last year unless zesco says s annual event now,False,-0.25,negative,-0.25,0.0,0.867,0.133,negative,-0.25,negative,False,0.0,,neutral,neutral,0.7098574638366699,0.2651857137680053,0.7098574638366699,0.0249568670988082
1080839880079636,happy kabwe s,False,0.5719,positive,0.5719,0.787,0.213,0.0,positive,0.5719,positive,False,0.0,,positive,positive,0.9355645775794984,0.0074337753467261,0.0570016242563724,0.9355645775794984
1251041295755993,quote minimum 6 hours minimum could 12 hrs during day 12hrs night jst buy dry stuff,False,0.0,neutral,0.0,0.0,1.0,0.0,neutral,0.0,neutral,False,0.0,,neutral,neutral,0.8485503792762756,0.0412556268274784,0.8485503792762756,0.1101939529180526
1149469195755648,chanda kasongo s irritating mwandi yesterday power went 12 came 23 woke 05 went came 13 30 17 s gone awe too much,False,-0.4588,negative,-0.8588,0.0,0.87,0.13,negative,-0.8588,negative,True,-0.4,awe,negative,negative,0.7838560342788696,0.7838560342788696,0.1992624551057815,0.0168815143406391
1096573222127959,yamezjr effect thanks survived mass exclusion,False,0.6124,positive,0.6124,0.544,0.263,0.193,positive,0.6124,positive,False,0.0,,neutral,neutral,0.5374093055725098,0.2024642825126648,0.5374093055725098,0.260126382112503
1069480061446724,power kuno s 3 days chipata maplot,False,0.0,neutral,0.0,0.0,1.0,0.0,neutral,0.0,neutral,False,0.0,,neutral,neutral,0.8345781564712524,0.0726551786065101,0.8345781564712524,0.092766635119915
691083175945529,mr makoi over 7 hours same boat,False,0.0,neutral,0.0,0.0,1.0,0.0,neutral,0.0,neutral,False,0.0,,neutral,neutral,0.8033734560012817,0.0948332846164703,0.8033734560012817,0.1017932370305061
1056115379518486,today 1 still don t electricity,False,0.0,neutral,0.0,0.0,1.0,0.0,neutral,0.0,neutral,False,0.0,,negative,negative,0.551878035068512,0.551878035068512,0.4204094409942627,0.0277125816792249
1681413012651571,dennis zulu yaba better,False,0.4404,positive,0.4404,0.492,0.508,0.0,positive,0.4404,positive,False,0.0,,neutral,neutral,0.7083803415298462,0.0824455469846725,0.7083803415298462,0.2091741412878036
796189505225240,rita musowoya makayi jonathan phiri,False,0.0,neutral,0.0,0.0,1.0,0.0,neutral,0.0,neutral,False,0.0,,neutral,neutral,0.9024708271026612,0.0413958244025707,0.9024708271026612,0.056133285164833
955269169672570,zesco limited pray get assistance time every call center agent would just apologise nipano tuli business terribly affected sending,False,-0.296,negative,-0.296,0.188,0.538,0.273,negative,-0.296,negative,False,0.0,,negative,negative,0.8406203985214233,0.8406203985214233,0.1480915695428848,0.0112879890948534
298625562587187,zesco time,False,0.0,neutral,0.0,0.0,1.0,0.0,neutral,0.0,neutral,False,0.0,,neutral,neutral,0.6357902884483337,0.0221812091767787,0.6357902884483337,0.3420284390449524
724855342237637,let explain simple terms means 6 hours power next 6hours power 6hours power last 6hour day power still 12hours without power 12hours power divided into 6 hours each nothing celebrate same different,False,-0.4585,negative,-0.4585,0.0,0.906,0.094,negative,-0.4585,negative,False,0.0,,neutral,neutral,0.7780200242996216,0.1714556664228439,0.7780200242996216,0.0505242832005023
1040670324511272,people normal head toe coz,False,0.0,neutral,0.0,0.0,1.0,0.0,neutral,0.0,neutral,False,0.0,,neutral,neutral,0.7586952447891235,0.0955926403403282,0.7586952447891235,0.145712062716484
719771349541429,travers chuube s true,False,0.4215,positive,0.4215,0.583,0.417,0.0,positive,0.4215,positive,False,0.0,,neutral,neutral,0.8229874968528748,0.0789824053645134,0.8229874968528748,0.0980300307273864
1066248175115849,believed lies power coming 1st october zesco politicians both lying continued lying just avoid buying first month units see,False,-0.8957,negative,-0.8957,0.0,0.56,0.44,negative,-0.8957,negative,False,0.0,,negative,negative,0.8128958344459534,0.8128958344459534,0.1713987290859222,0.0157054830342531
1084462483195353,people think dull re just playing naive before routine maintenance maamba collieries announced load shedding upto 17 hours got interrupted maintenance s announced only having supply 3 hours until things normalize 1 october come day people want maintain 3 hours instead cutting supply scheduled 17 hours before maintenance seriously elo timetable won t follow happens baking cut before time tell ll come office ll refund,False,-0.5423,negative,-0.5423,0.097,0.728,0.175,negative,-0.5423,negative,False,0.0,,negative,negative,0.7995182871818542,0.7995182871818542,0.1889166533946991,0.0115650920197367
5084471844989149,mwanza mussah shipeni onalebo ifwe power restored 23 january since cut wondering s going way too much us,False,0.0772,positive,0.0772,0.123,0.769,0.108,positive,0.0772,positive,False,0.0,,neutral,neutral,0.5502607822418213,0.407200425863266,0.5502607822418213,0.0425388216972351
876960783573740,martin jnr ll coming cooking go eat home,False,0.0,neutral,0.0,0.0,1.0,0.0,neutral,0.0,neutral,False,0.0,,neutral,neutral,0.7259843349456787,0.0135762589052319,0.7259843349456787,0.260439395904541
901209128559441,donald tembo really laughed sleep without power wake without power,False,0.5095,positive,0.5095,0.268,0.732,0.0,positive,0.5095,positive,False,0.0,,neutral,neutral,0.5201753377914429,0.4327031970024109,0.5201753377914429,0.0471214540302753
