comment_id,processed_text,is_sarcastic,raw_compound,raw_label,compound,pos,neu,neg,label,corrected_compound,corrected_label,local_correction_applied,local_correction_score,local_correction_terms,nrc_token_count,nrc_matched_token_count,nrc_anger,nrc_anticipation,nrc_fear,nrc_trust,nrc_sadness,nrc_hope,nrc_frustration
1064385481806396,feli lex new word just learn even know means,False,0.0,neutral,0.0,0.0,1.0,0.0,neutral,0.0,neutral,False,0.0,,9,2,0.0,0.0,0.0,0.1111111111111111,0.0,0.0,0.0
610802407817623,joseph zulu ve bought already units rejecting enter meter,False,-0.4588,negative,-0.4588,0.0,0.727,0.273,negative,-0.4588,negative,False,0.0,,9,0,0.0,0.0,0.0,0.0,0.0,0.0,0.0
2620993884749517,first october 2024 give us update need,False,0.0,neutral,0.0,0.0,1.0,0.0,neutral,0.0,neutral,False,0.0,,7,0,0.0,0.0,0.0,0.0,0.0,0.0,0.0
1174378643935570,power supposed go 6 group e while dreamland zesco takes advantage us cuts power kuma 3 nichani sure,False,0.2732,positive,0.2732,0.232,0.649,0.119,positive,0.2732,positive,False,0.0,,18,1,0.0,0.0,0.0,0.0,0.0,0.0,0.0
3649741675303523,melinda siphiwe phiri suffered mwandi,False,-0.4939,negative,-0.4939,0.0,0.556,0.444,negative,-0.4939,negative,False,0.0,,5,0,0.0,0.0,0.0,0.0,0.0,0.0,0.0
428259989439534,happened man generated electricity waste products plenty pit latrines muma ghetto better start generating electricity fwebene,False,0.0258,neutral,0.0258,0.147,0.711,0.142,neutral,0.0258,neutral,False,0.0,,16,6,0.0,0.0625,0.0625,0.0,0.0625,0.0625,0.03125
470970355979460,yesterday group c power came 10 minutes kuno even saying 3 hours stable supply ba zesco limited restored 22 17 cuts 22 27,False,0.128,positive,0.128,0.179,0.661,0.16,positive,0.128,positive,False,0.0,,23,3,0.0434782608695652,0.0,0.0,0.0434782608695652,0.0434782608695652,0.0,0.0434782608695652
686154626334892,ikalenifye mwilatwangasha rain season manje mu october,False,0.0,neutral,-0.3,0.0,1.0,0.0,negative,-0.3,negative,True,-0.3,manje,7,0,0.0,0.0,0.0,0.0,0.0,0.0,0.0
720944359321104,6 miles yesterday load shredded us 05 23 today 04 40 power gone time expect us iron uniforms mukela pamo na upnd,False,0.0,neutral,0.0,0.0,1.0,0.0,neutral,0.0,neutral,False,0.0,,22,3,0.0,0.0909090909090909,0.0,0.0909090909090909,0.0,0.0909090909090909,0.0
610802407817623,evelyn kapanga dial 3600 go pali token id enter numbers,False,0.0,neutral,0.0,0.0,1.0,0.0,neutral,0.0,neutral,False,0.0,,10,1,0.0,0.0,0.0,0.0,0.0,0.0,0.0
564043215736577,load shedding way fuel prices being increased reduced hard make solid decision once,False,0.3182,positive,0.3182,0.245,0.662,0.093,positive,0.3182,positive,False,0.0,,13,1,0.0,0.0,0.0,0.0,0.0,0.0,0.0
3405577213095566,mambwe paul chibichabo serious,False,-0.0772,negative,-0.0772,0.0,0.698,0.302,negative,-0.0772,negative,False,0.0,,4,0,0.0,0.0,0.0,0.0,0.0,0.0,0.0
862608649273728,still 3hours ai imwe simuna kambe ati effective october vizachinja vintu,False,0.4767,positive,0.4767,0.237,0.763,0.0,positive,0.4767,positive,False,0.0,,11,1,0.0,0.0,0.0,0.0909090909090909,0.0,0.0,0.0
1093095268856355,waiting u specify year said 1st october stabilize loadshedding,True,0.0,neutral,0.0,0.0,1.0,0.0,negative,0.0,negative,False,0.0,,9,0,0.0,0.0,0.0,0.0,0.0,0.0,0.0
1579421839458706,greetings chileshe m m njovu thank contacting zesco area fault reported es,False,0.3818,positive,0.3818,0.353,0.467,0.18,positive,0.3818,positive,False,0.0,,12,1,0.0,0.0,0.0,0.0,0.0833333333333333,0.0,0.0416666666666666
987006009760428,meah chulu came back cut 06hrs,False,-0.2732,negative,-0.2732,0.0,0.704,0.296,negative,-0.2732,negative,False,0.0,,6,0,0.0,0.0,0.0,0.0,0.0,0.0,0.0
1366446937441510,insult just commentar,False,-0.5106,negative,-0.5106,0.0,0.377,0.623,negative,-0.5106,negative,False,0.0,,3,1,0.3333333333333333,0.0,0.0,0.0,0.3333333333333333,0.0,0.3333333333333333
441180861797808,problem guys don t follow timetables called 8hra loadsheding s even 8hrs ndola jacaranda area previous week power going 05hrs return 15 hrs sometimes 16rs should serious,False,-0.4588,negative,-0.4588,0.0,0.852,0.148,negative,-0.4588,negative,False,0.0,,27,2,0.0,0.0,0.037037037037037,0.037037037037037,0.037037037037037,0.0,0.0185185185185185
610802407817623,managed buy through mtn s refusing enter units prepaid,False,-0.4019,negative,-0.4019,0.0,0.722,0.278,negative,-0.4019,negative,False,0.0,,9,0,0.0,0.0,0.0,0.0,0.0,0.0,0.0
985522129245800,zesco limited also give us back charges ba airtel zambia bacilalya time trying buy,False,-0.4588,negative,-0.4588,0.0,0.75,0.25,negative,-0.4588,negative,False,0.0,,14,2,0.0714285714285714,0.0714285714285714,0.0,0.0,0.0714285714285714,0.0714285714285714,0.0714285714285714
404972345757790,dargly chibwe imagine ai,False,0.0,neutral,0.0,0.0,1.0,0.0,neutral,0.0,neutral,False,0.0,,4,0,0.0,0.0,0.0,0.0,0.0,0.0,0.0
1184716522154006,monica hara awe ine m failing understand please explain mean say load heading having break time,False,-0.25,negative,-0.95,0.124,0.699,0.177,negative,-0.95,negative,True,-0.7,awe,16,4,0.0625,0.125,0.0625,0.0625,0.0625,0.125,0.0625
1064385481806396,erica mwewa pain good straight heart,False,0.128,positive,0.128,0.432,0.27,0.297,positive,0.128,positive,False,0.0,,6,2,0.0,0.1666666666666666,0.1666666666666666,0.1666666666666666,0.1666666666666666,0.1666666666666666,0.0833333333333333
647858186946473,michael siluchali run completely kept trying ve managed,False,0.0,neutral,0.0,0.0,1.0,0.0,neutral,0.0,neutral,False,0.0,,8,1,0.0,0.0,0.0,0.0,0.0,0.0,0.0
958142769405125,mashata sebby call less production high price manufactured commodities gen set consume alot fuel most machinery zambia run electrical power say solar adjusting solar powered machinery may take longer shipped continuous supply goods meaning great negative impact already crippled economy,False,0.1027,positive,0.1027,0.09,0.83,0.081,positive,0.1027,positive,False,0.0,,40,6,0.0,0.025,0.0,0.025,0.05,0.025,0.025
409833535482657,ali ce re even top fan,False,0.4767,positive,0.4767,0.506,0.494,0.0,positive,0.4767,positive,False,0.0,,6,1,0.0,0.1666666666666666,0.0,0.1666666666666666,0.0,0.1666666666666666,0.0
1635812790689193,eunice stephens phiri tabesha mummy,False,0.0,neutral,0.0,0.0,1.0,0.0,neutral,0.0,neutral,False,0.0,,5,0,0.0,0.0,0.0,0.0,0.0,0.0,0.0
1243604516887706,immanuel m mulife s too much,False,0.0,neutral,0.0,0.0,1.0,0.0,neutral,0.0,neutral,False,0.0,,6,0,0.0,0.0,0.0,0.0,0.0,0.0,0.0
862952321491126,jacob njobvu icho chintu,False,0.0,neutral,0.0,0.0,1.0,0.0,neutral,0.0,neutral,False,0.0,,4,0,0.0,0.0,0.0,0.0,0.0,0.0,0.0
478577728012542,mean now electricity how dare give us deadline want us wake 02 start updating meters,False,0.0772,positive,0.0772,0.085,0.915,0.0,positive,0.0772,positive,False,0.0,,15,3,0.0,0.1333333333333333,0.0,0.0666666666666666,0.0,0.1333333333333333,0.0
6528614153822656,don t see sense look how hours split business uses power still risk,False,-0.2732,negative,-0.2732,0.0,0.84,0.16,negative,-0.2732,negative,False,0.0,,13,4,0.0,0.0769230769230769,0.0769230769230769,0.0769230769230769,0.0,0.0769230769230769,0.0
1106530991072117,ati deadline sunday posted 4hours ago power jokers,False,0.0,neutral,0.0,0.0,1.0,0.0,neutral,0.0,neutral,False,0.0,,8,0,0.0,0.0,0.0,0.0,0.0,0.0,0.0
416841741112021,thank zesco limited also reminding today 1st october hope tusange amaliti lelo pantu last seen sunday,False,0.5423,positive,0.5423,0.266,0.64,0.094,positive,0.5423,positive,False,0.0,,16,2,0.0625,0.0625,0.0,0.0625,0.0625,0.0625,0.0625
935348788601274,zesco limited elo good explaining apologizing mwandi,False,0.1779,positive,0.1779,0.287,0.396,0.317,positive,0.1779,positive,False,0.0,,7,2,0.1428571428571428,0.1428571428571428,0.0,0.1428571428571428,0.1428571428571428,0.1428571428571428,0.1428571428571428
971341457535187,zesco limited know used,False,-0.2263,negative,-0.2263,0.0,0.612,0.388,negative,-0.2263,negative,False,0.0,,4,1,0.25,0.0,0.0,0.0,0.25,0.0,0.25
489266630038074,don t waste ur time write article just go work coz made solution already yours won t work,False,0.4939,positive,0.4939,0.275,0.596,0.128,positive,0.4939,positive,False,0.0,,18,4,0.0,0.0555555555555555,0.0,0.0555555555555555,0.0,0.0555555555555555,0.0
1133189314375206,jane chiwila 16 hrs how think trevor means rotating eg today power goes 12 comes back 20hrs tomorrow goes 5hrs comes back 14,False,0.0,neutral,0.0,0.0,1.0,0.0,neutral,0.0,neutral,False,0.0,,23,1,0.0,0.0434782608695652,0.0,0.0,0.0,0.0434782608695652,0.0
1603467320124996,rubbish power goes twice day,False,0.0,neutral,0.0,0.0,1.0,0.0,neutral,0.0,neutral,False,0.0,,5,1,0.0,0.0,0.0,0.0,0.0,0.0,0.0
1198753218076537,thought 1st october things better having electricity least 5hrs 6hrs per day s just same don t know better talking meant,False,0.7003,positive,0.7003,0.254,0.746,0.0,positive,0.7003,positive,False,0.0,,21,3,0.0,0.0476190476190476,0.0,0.0476190476190476,0.0,0.0476190476190476,0.0
792132815807256,next time release schedule sunday evening make plans next dayzesco limited,False,-0.2263,negative,-0.2263,0.0,0.84,0.16,negative,-0.2263,negative,False,0.0,,11,2,0.0909090909090909,0.0909090909090909,0.0,0.0,0.0909090909090909,0.0909090909090909,0.0909090909090909
402137349350108,elita sheleni group d though,False,0.0,neutral,0.0,0.0,1.0,0.0,neutral,0.0,neutral,False,0.0,,5,0,0.0,0.0,0.0,0.0,0.0,0.0,0.0
418618254232008,zesco limited adhering schedule s 14 37 power still hasn t restored schedule clearly indicates power should cut 6am 2pm,False,0.2732,positive,0.2732,0.221,0.606,0.173,positive,0.2732,positive,False,0.0,,20,2,0.05,0.0,0.0,0.05,0.05,0.0,0.05
919118116907903,think question needs asked zesco management announced end load shedding exactly taken into consideration source supply go load shedding normal 3 inhumane allocation hours day abhorrent,True,-0.6249,negative,-0.6249,0.0,0.854,0.146,negative,-0.6249,negative,False,0.0,,26,4,0.0384615384615384,0.0,0.0384615384615384,0.0384615384615384,0.0,0.0,0.0192307692307692
1257524862250122,mirriam singh switch off care haven t power 13days sure how should update meter s off,False,0.6705,positive,0.6705,0.314,0.686,0.0,positive,0.6705,positive,False,0.0,,16,1,0.0,0.0,0.0,0.0625,0.0,0.0,0.0
918822943645810,happy hatontola yet updated,False,0.5719,positive,0.5719,0.552,0.448,0.0,positive,0.5719,positive,False,0.0,,4,1,0.0,0.25,0.0,0.25,0.0,0.25,0.0
818590762763605,mable cheuka see failing,False,-0.5106,negative,-0.5106,0.0,0.476,0.524,negative,-0.5106,negative,False,0.0,,4,1,0.25,0.25,0.25,0.0,0.25,0.25,0.25
1542363739729921,gladys getrude kabaso imagine want us wake 02 00hrs called update,False,0.0772,positive,0.0772,0.115,0.885,0.0,positive,0.0772,positive,False,0.0,,11,0,0.0,0.0,0.0,0.0,0.0,0.0,0.0
1539253826550352,pickrell knowels litmus test use s true,False,0.4215,positive,0.4215,0.359,0.641,0.0,positive,0.4215,positive,False,0.0,,7,1,0.0,0.0,0.0,0.1428571428571428,0.0,0.0,0.0
2299770710224782,power doesn t go same time compounds imply other areas time going,False,0.0,neutral,0.0,0.0,1.0,0.0,neutral,0.0,neutral,False,0.0,,12,2,0.0,0.1666666666666666,0.0,0.0,0.0,0.1666666666666666,0.0
2299770710224782,george muls true ifwe kuno amalait yacisa 23 hours apa ndelanda amalait yele 04 too much,False,0.4215,positive,0.4215,0.157,0.843,0.0,positive,0.4215,positive,False,0.0,,16,1,0.0,0.0,0.0,0.0625,0.0,0.0,0.0
492310796602094,christine joanna julio like truly let advise,False,0.6597,positive,0.6597,0.519,0.481,0.0,positive,0.6597,positive,False,0.0,,7,1,0.0,0.0,0.0,0.1428571428571428,0.0,0.0,0.0
690068096131577,failed project just trying confuse people cheap rotation stop exporting power period government should serious times re dealing toddlers,False,-0.7717,negative,-0.7717,0.0,0.633,0.367,negative,-0.7717,negative,False,0.0,,19,3,0.0,0.0,0.0526315789473684,0.0,0.0,0.0,0.0
412751625181361,today 1st october re waiting promise already seems only promise unfulfilled because tubukile amalaiti,False,0.2023,positive,0.0022999999999999,0.25,0.598,0.152,neutral,0.0022999999999999,neutral,True,-0.2,amalaiti,14,3,0.0714285714285714,0.0714285714285714,0.0,0.1428571428571428,0.0714285714285714,0.0714285714285714,0.0714285714285714
610802407817623,zesco limited time able purchase units give clear picture leaving us suspense,False,0.1779,positive,0.1779,0.179,0.69,0.131,positive,0.1779,positive,False,0.0,,12,3,0.0833333333333333,0.1666666666666666,0.0833333333333333,0.0,0.0833333333333333,0.1666666666666666,0.0833333333333333
547271547324936,george siamalambo s over 7 hours yet restored,False,0.34,positive,0.34,0.324,0.676,0.0,positive,0.34,positive,False,0.0,,8,0,0.0,0.0,0.0,0.0,0.0,0.0,0.0
847543629834086,people serious,False,-0.0772,negative,-0.0772,0.0,0.435,0.565,negative,-0.0772,negative,False,0.0,,2,0,0.0,0.0,0.0,0.0,0.0,0.0,0.0
674077001410420,company disgrace say least reporting fault low voltage close year nothing done far s story story field staff,False,-0.7906,negative,-0.7906,0.0,0.636,0.364,negative,-0.7906,negative,False,0.0,,18,2,0.0555555555555555,0.0,0.0,0.0,0.1111111111111111,0.0,0.0833333333333333
1513984719324060,s 1 october s plan,False,0.0,neutral,0.0,0.0,1.0,0.0,neutral,0.0,neutral,False,0.0,,5,1,0.0,0.2,0.0,0.0,0.0,0.2,0.0
1263988527596153,zesco doing free service 2 d zambian pipo bcoz pipo pay over k4000 s disappointg dat even gvmt owned companies treating us like chine companies thot changing d gvmt going change pipo s minds gvmt bt avail zambia wa chula,False,0.6597,positive,0.6597,0.148,0.816,0.036,positive,0.6597,positive,False,0.0,,40,2,0.0,0.025,0.025,0.025,0.0,0.025,0.0
546528057386376,people live livingston mean heavy rainfall experiencing past 2 weeks now apa uko tayiloka let government hire 40 10 thousands litres water bowsers s just day nishi karimba dam s full water than s really pathetic mu rain season ati 12 hours loadshedding,True,-0.6115,negative,-0.6115,0.0,0.905,0.095,negative,-0.6115,negative,False,0.0,,43,4,0.0,0.0232558139534883,0.0232558139534883,0.0232558139534883,0.0232558139534883,0.0232558139534883,0.0116279069767441
1888000131727022,how update haven t power two days,False,0.0,neutral,0.0,0.0,1.0,0.0,neutral,0.0,neutral,False,0.0,,7,1,0.0,0.0,0.0,0.1428571428571428,0.0,0.0,0.0
1491689211709555,today 1st useless post,False,-0.4215,negative,-0.4215,0.0,0.517,0.483,negative,-0.4215,negative,False,0.0,,4,1,0.0,0.0,0.0,0.0,0.0,0.0,0.0
1149469195755648,chanda kasongo ll going 6 hrs,False,0.0,neutral,0.0,0.0,1.0,0.0,neutral,0.0,neutral,False,0.0,,6,0,0.0,0.0,0.0,0.0,0.0,0.0,0.0
384445361400659,t buy solar mweimwe add grid citizens lot problems mailiti should issue plus tiziba imwe uko mufola bwino vima salary monga pension yama civil servants 4,False,-0.4019,negative,-0.9019,0.0,0.895,0.105,negative,-0.9019,negative,True,-0.5,bwino,26,2,0.0,0.0384615384615384,0.0,0.0384615384615384,0.0,0.0384615384615384,0.0
311057938684793,jason joshua,False,0.0,neutral,0.0,0.0,1.0,0.0,neutral,0.0,neutral,False,0.0,,2,0,0.0,0.0,0.0,0.0,0.0,0.0,0.0
721345389615444,gabriel phiri need money,False,0.0,neutral,0.0,0.0,1.0,0.0,neutral,0.0,neutral,False,0.0,,4,1,0.25,0.25,0.0,0.25,0.0,0.25,0.125
489266630038074,rodney mwiinga s job find solutions such problems s wants right person find solution even solution power change anything just common citizen like instead attacking each other let s ask questions powers,False,0.2732,positive,0.2732,0.235,0.613,0.152,positive,0.2732,positive,False,0.0,,32,6,0.03125,0.0,0.0625,0.0,0.03125,0.0,0.03125
719550152874845,alleen amukusana hawe tired hiring firing siyani soche,False,-0.6486,negative,-0.6486,0.0,0.531,0.469,negative,-0.6486,negative,False,0.0,,8,1,0.0,0.0,0.0,0.0,0.0,0.0,0.0
573871758590582,how check without power t set deadline tomorrow s power disconnect pela,False,0.0,neutral,0.0,0.0,1.0,0.0,neutral,0.0,neutral,False,0.0,,12,2,0.0,0.0833333333333333,0.0,0.0,0.0833333333333333,0.0833333333333333,0.0416666666666666
829943544862310,nchimunya goldens s tall man road shedding,False,0.0,neutral,0.0,0.0,1.0,0.0,neutral,0.0,neutral,False,0.0,,7,0,0.0,0.0,0.0,0.0,0.0,0.0,0.0
489266630038074,apa solution palibe see praise singers clapping kwati baku group d mu class power still go 12 hours split into two 6 hours break another 6 hours short bally formidable solution relief regarding predicament befallen nation,True,0.8834,positive,0.8834,0.28,0.72,0.0,negative,0.8834,negative,False,0.0,,36,9,0.0,0.0,0.0555555555555555,0.0555555555555555,0.0,0.0,0.0
918822943645810,saviour alingo chisanga only applies u want check meter upto date however meter doesn t just buy power tokens come kct 1 2 enter those first before tokens signs know meter date entering power tokens refusing until u enter kct 1 2 follow process retrieving previously bought zesco tokens phone dialing 3600 select option 3 enter meter number etc,False,-0.2732,negative,-0.2732,0.049,0.901,0.051,negative,-0.2732,negative,False,0.0,,59,1,0.0,0.0,0.0,0.0,0.0,0.0,0.0
1017811669249469,fortune n sibanda thought phone problem,False,-0.4019,negative,-0.4019,0.0,0.597,0.403,negative,-0.4019,negative,False,0.0,,6,3,0.0,0.3333333333333333,0.1666666666666666,0.1666666666666666,0.1666666666666666,0.3333333333333333,0.0833333333333333
442822361760933,liers loose power 5 s restored 22 call normal areas lusaka power week want capitalize solwezi elo don t follow schedule time dealing tired nonsense think speak solwezi fear people lusaka copperbelt atah professional operations failed find someone eligible,False,-0.8934,negative,-0.8934,0.079,0.616,0.306,negative,-0.8934,negative,False,0.0,,39,7,0.0256410256410256,0.0256410256410256,0.0256410256410256,0.0512820512820512,0.0,0.0256410256410256,0.0128205128205128
814032123947125,zesco limited power restored 30 minutes ago,False,0.128,positive,0.128,0.258,0.538,0.204,positive,0.128,positive,False,0.0,,7,1,0.1428571428571428,0.0,0.0,0.0,0.1428571428571428,0.0,0.1428571428571428
312523601952340,ati shani ka update today s 1st october,False,0.0,neutral,0.0,0.0,1.0,0.0,neutral,0.0,neutral,False,0.0,,8,0,0.0,0.0,0.0,0.0,0.0,0.0,0.0
1259562757957102,saidi masili banda since ni champions league kuli ma group stages na ma knock outs,False,0.5267,positive,0.5267,0.195,0.805,0.0,positive,0.5267,positive,False,0.0,,15,1,0.0,0.0,0.0,0.0,0.0,0.0,0.0
876756294258369,sometimes guys think meters like mobile meter those symbols supposed insert without power also guys hope should think twice guys before coming such decisions,False,0.6597,positive,0.6597,0.197,0.803,0.0,positive,0.6597,positive,False,0.0,,24,3,0.0,0.125,0.0,0.0416666666666666,0.0,0.125,0.0
1265359951098590,how know group,False,0.0,neutral,0.0,0.0,1.0,0.0,neutral,0.0,neutral,False,0.0,,3,0,0.0,0.0,0.0,0.0,0.0,0.0,0.0
1134579711021493,follow schedule ba zesco solwezi group b power never restored 05 00 06 20 weekends 07 20,False,-0.2584,negative,-0.2584,0.0,0.88,0.12,negative,-0.2584,negative,False,0.0,,17,0,0.0,0.0,0.0,0.0,0.0,0.0,0.0
1681413012651571,dennis zulu musula obe,False,0.0,neutral,0.0,0.0,1.0,0.0,neutral,0.0,neutral,False,0.0,,4,0,0.0,0.0,0.0,0.0,0.0,0.0,0.0
901209128559441,donald tembo awe ask,False,0.0,neutral,-0.7,0.0,1.0,0.0,negative,-0.7,negative,True,-0.7,awe,4,0,0.0,0.0,0.0,0.0,0.0,0.0,0.0
521413643944406,hildah regina s mwamba chisala bakonkolokefye other wise people rise,False,0.4767,positive,0.4767,0.279,0.721,0.0,positive,0.4767,positive,False,0.0,,10,1,0.0,0.0,0.0,0.0,0.0,0.0,0.0
1337914046960375,ba zesco s meaning aiii awe load shedding really unacceptable silverest gardens power goes 04 comes 13 goes 17 00 exactly comes 00 00 ndishi said s 10hrs load shedding 6 hrs awe really unfair t even keep relish fridge mxxxxxxm useless 2026 near wina azalila,True,-0.8586,negative,-1.0,0.0,0.804,0.196,negative,-1.0,negative,True,-0.7,awe,46,3,0.0217391304347826,0.0,0.0,0.0,0.0434782608695652,0.0,0.0326086956521739
1104749081073997,voice chilolo better naiwe 24 hrs finshi wingabomfya amalaiti,False,0.4404,positive,0.2404,0.266,0.734,0.0,positive,0.2404,positive,True,-0.2,amalaiti,9,0,0.0,0.0,0.0,0.0,0.0,0.0,0.0
1097325081324274,13hrs 23hrs power pamodzi area ndola think 8hrs niyaboza,False,0.0,neutral,0.0,0.0,1.0,0.0,neutral,0.0,neutral,False,0.0,,9,0,0.0,0.0,0.0,0.0,0.0,0.0,0.0
1126291694701077,karin louise neethling monge yes still 12hours load sheading broken 2 x 6 12 stead just straight 12 hours once power,False,0.128,positive,0.128,0.203,0.661,0.137,positive,0.128,positive,False,0.0,,21,1,0.0476190476190476,0.0,0.0476190476190476,0.0,0.0476190476190476,0.0,0.0476190476190476
380870341599348,stephen sata doesn t solution blank too,False,0.3182,positive,0.3182,0.315,0.685,0.0,positive,0.3182,positive,False,0.0,,7,1,0.0,0.0,0.0,0.0,0.0,0.0,0.0
576502217672417,muli ba chebe chebe,False,0.0,neutral,0.0,0.0,1.0,0.0,neutral,0.0,neutral,False,0.0,,4,0,0.0,0.0,0.0,0.0,0.0,0.0,0.0
774328217816405,sibeso mukelabai masiye spoken compensation ai m angry called gave list purchased tokens today,False,-0.5106,negative,-0.5106,0.0,0.784,0.216,negative,-0.5106,negative,False,0.0,,14,1,0.0714285714285714,0.0,0.0,0.0,0.0,0.0,0.0357142857142857
1065511448911076,chanda phiri mark words see load shedding ever end zambia load shedding us since time memorial able something end,False,0.0,neutral,0.0,0.0,1.0,0.0,neutral,0.0,neutral,False,0.0,,19,2,0.0526315789473684,0.0526315789473684,0.0,0.0,0.0,0.0526315789473684,0.0263157894736842
1350165329680177,duba sakala rushing comment exactly like,False,0.3612,positive,0.3612,0.333,0.667,0.0,positive,0.3612,positive,False,0.0,,6,0,0.0,0.0,0.0,0.0,0.0,0.0,0.0
1220697095185978,patricia lusheto chuunka very sad indeed,False,-0.5256,negative,-0.5256,0.0,0.596,0.404,negative,-0.5256,negative,False,0.0,,6,0,0.0,0.0,0.0,0.0,0.0,0.0,0.0
2999504900355579,waiting power 12 27 06 20,False,0.0,neutral,0.0,0.0,1.0,0.0,neutral,0.0,neutral,False,0.0,,6,0,0.0,0.0,0.0,0.0,0.0,0.0,0.0
1080618649704670,load shedding only solution find best qualified engineers technicians went plan load shedding time table zesco ka ntemba,False,0.7579,positive,0.7579,0.289,0.711,0.0,positive,0.7579,positive,False,0.0,,18,4,0.0,0.1111111111111111,0.0,0.0555555555555555,0.0,0.1111111111111111,0.0
495017766093438,seems mathematics very difficult subject school staff,False,-0.4201,negative,-0.4201,0.0,0.682,0.318,negative,-0.4201,negative,False,0.0,,7,3,0.0,0.0,0.1428571428571428,0.1428571428571428,0.0,0.0,0.0
311057938684793,jason joshua former callled names,False,0.0,neutral,0.0,0.0,1.0,0.0,neutral,0.0,neutral,False,0.0,,5,0,0.0,0.0,0.0,0.0,0.0,0.0,0.0
807091348033010,susan j stephens count,False,0.0,neutral,0.0,0.0,1.0,0.0,neutral,0.0,neutral,False,0.0,,4,1,0.0,0.0,0.0,0.25,0.0,0.0,0.0
516029631205793,bane bwesheni ama schedule twishibe inshita amalaiti yalebwela lelo,False,0.0,neutral,-0.2,0.0,1.0,0.0,negative,-0.2,negative,True,-0.2,amalaiti,9,1,0.1111111111111111,0.0,0.1111111111111111,0.0,0.0,0.0,0.0555555555555555
301125472504951,paid connection fees full february 2023 still dark day,False,0.0,neutral,0.0,0.0,1.0,0.0,neutral,0.0,neutral,False,0.0,,9,2,0.0,0.0,0.0,0.0,0.1111111111111111,0.0,0.0555555555555555
925009902989799,net metering lectures come later lelo nipa october muchitika bwanji nkani yamalaiti,False,0.0,neutral,0.0,0.0,1.0,0.0,neutral,0.0,neutral,False,0.0,,12,0,0.0,0.0,0.0,0.0,0.0,0.0,0.0
1220697095185978,patricia lusheto chuunka kitwe west,False,0.0,neutral,0.0,0.0,1.0,0.0,neutral,0.0,neutral,False,0.0,,5,0,0.0,0.0,0.0,0.0,0.0,0.0,0.0
1372805636872104,better rotation schedule even six hour break e us feeling benefit having break cause power cut morning restored work get back home cuts,False,0.6705,positive,0.6705,0.326,0.532,0.143,positive,0.6705,positive,False,0.0,,23,4,0.0434782608695652,0.0434782608695652,0.0434782608695652,0.0434782608695652,0.0434782608695652,0.0434782608695652,0.0434782608695652
910394347810206,manje bamene imwe bought ma sola ya net metering lead example telling us koma naimwe vimikanga net miter u,False,0.0,neutral,-0.7,0.0,1.0,0.0,negative,-0.7,negative,True,-0.7,"manje,naimwe",19,1,0.0,0.0,0.0,0.0,0.0,0.0,0.0
703561894546160,stick schedule false times employees follow complete utter rubbish,False,0.0,neutral,0.0,0.0,1.0,0.0,neutral,0.0,neutral,False,0.0,,9,1,0.0,0.0,0.0,0.0,0.0,0.0,0.0
3502869939982267,besa j mwansa napanono wetata kuwayawaya saanfye,False,0.0,neutral,-1.0,0.0,1.0,0.0,negative,-1.0,negative,True,-1.1,"kuwayawaya,napanono",7,0,0.0,0.0,0.0,0.0,0.0,0.0,0.0
380111615196118,ranting guy s lies lies sometimes s better keep quiet than busy make false hopes,False,0.0258,neutral,0.0258,0.281,0.443,0.276,neutral,0.0258,neutral,False,0.0,,15,1,0.0,0.0,0.0,0.0,0.0666666666666666,0.0,0.0333333333333333
1312096596869539,struggle translate into mean loadsheding over,False,-0.3182,negative,-0.3182,0.0,0.685,0.315,negative,-0.3182,negative,False,0.0,,6,1,0.1666666666666666,0.0,0.1666666666666666,0.0,0.1666666666666666,0.0,0.1666666666666666
1681413012651571,ninshi ndiwe ka activist kuma 24,False,0.0,neutral,0.0,0.0,1.0,0.0,neutral,0.0,neutral,False,0.0,,6,0,0.0,0.0,0.0,0.0,0.0,0.0,0.0
1220697095185978,patricia lusheto chuunka abena chilizi ekwafumine big number remove pf also complaining thought people u re comfortable than us kitwe,False,0.4215,positive,0.4215,0.205,0.714,0.08,positive,0.4215,positive,False,0.0,,20,2,0.05,0.05,0.05,0.0,0.05,0.05,0.05
698220705272026,hon mwinga fire,False,-0.34,negative,-0.34,0.0,0.455,0.545,negative,-0.34,negative,False,0.0,,3,1,0.0,0.0,0.3333333333333333,0.0,0.0,0.0,0.0
6806898842767818,nothing changed mwe,False,0.0,neutral,0.0,0.0,1.0,0.0,neutral,0.0,neutral,False,0.0,,3,0,0.0,0.0,0.0,0.0,0.0,0.0,0.0
553110000038032,r sticking schedules power went before 16 n only came back midnight only go 0500 god knows time ll back,False,0.2732,positive,0.2732,0.11,0.89,0.0,positive,0.2732,positive,False,0.0,,20,2,0.0,0.1,0.05,0.05,0.0,0.1,0.0
467360265627956,group e power isn t back 15,False,0.0,neutral,0.0,0.0,1.0,0.0,neutral,0.0,neutral,False,0.0,,7,0,0.0,0.0,0.0,0.0,0.0,0.0,0.0
557238280211906,patiently waiting kaili lelo nipa 1 october,False,0.0,neutral,-0.2,0.0,1.0,0.0,negative,-0.2,negative,True,-0.2,kaili,7,0,0.0,0.0,0.0,0.0,0.0,0.0,0.0
588280453129937,mumu adams mumu taumfwa ati kutumpa last futi kkkkkkk,False,0.0,neutral,-0.6,0.0,1.0,0.0,negative,-0.6,negative,True,-0.6,taumfwa,9,0,0.0,0.0,0.0,0.0,0.0,0.0,0.0
998983251458840,u engage other technicians different departments self employed technicians help technicians sought challenges facing almost 24 hrs now situation still difficult nishi tuntambo tuli nanguwe,False,0.4404,positive,0.4404,0.221,0.692,0.087,positive,0.4404,positive,False,0.0,,25,1,0.0,0.0,0.04,0.0,0.0,0.0,0.0
1220697095185978,patricia lusheto chuunka leadership capability heart small scale entrepreneurs,False,0.0,neutral,0.0,0.0,1.0,0.0,neutral,0.0,neutral,False,0.0,,9,1,0.0,0.0,0.0,0.0,0.0,0.0,0.0
475797351387622,susan j stephens imagine absolutely difference fuckery highest order,False,0.0,neutral,0.0,0.0,1.0,0.0,neutral,0.0,neutral,False,0.0,,9,1,0.0,0.1111111111111111,0.1111111111111111,0.0,0.0,0.1111111111111111,0.0
1681413012651571,dennis zulu responsible formulating time table really understand how many businesses crippled zesco three hour electrical during day would greatly lessen burden having worked however needs electricity people sleeping really poor planning zesco limited better considerate,False,-0.0954,negative,-0.0954,0.174,0.644,0.182,negative,-0.0954,negative,False,0.0,,36,8,0.0277777777777777,0.0833333333333333,0.0,0.0833333333333333,0.0555555555555555,0.0833333333333333,0.0416666666666666
569264788736735,rachel mzenje banda try now,False,0.0,neutral,0.0,0.0,1.0,0.0,neutral,0.0,neutral,False,0.0,,5,0,0.0,0.0,0.0,0.0,0.0,0.0,0.0
6164825023528034,mwangala monde siyobo conversation need regard facebook agree pf lost way much going facebook chat baby sis,False,0.0516,positive,0.0516,0.126,0.758,0.116,positive,0.0516,positive,False,0.0,,17,3,0.0,0.0,0.0,0.0,0.0588235294117647,0.0,0.0294117647058823
962024962124923,fuma apa how long going depend rains sure haven t learned rain won t always,False,0.7184,positive,0.1184,0.353,0.647,0.0,positive,0.1184,positive,True,-0.6,fuma apa,15,3,0.0,0.1333333333333333,0.0,0.1333333333333333,0.0,0.1333333333333333,0.0
610802407817623,precious phiri saying purchasing via mobile money,False,0.5719,positive,0.5719,0.381,0.619,0.0,positive,0.5719,positive,False,0.0,,7,3,0.1428571428571428,0.4285714285714285,0.0,0.1428571428571428,0.0,0.4285714285714285,0.0714285714285714
255595870684980,tekanya boi us waited 2 years 3 mnths,False,0.0,neutral,-0.4,0.0,1.0,0.0,negative,-0.4,negative,True,-0.4,tekanya,8,0,0.0,0.0,0.0,0.0,0.0,0.0,0.0
365520869192199,mwandu mulenga s scam,False,-0.5719,negative,-0.5719,0.0,0.351,0.649,negative,-0.5719,negative,False,0.0,,4,0,0.0,0.0,0.0,0.0,0.0,0.0,0.0
402137349350108,namwaka nana wasilota group e d,False,0.0,neutral,0.0,0.0,1.0,0.0,neutral,0.0,neutral,False,0.0,,6,0,0.0,0.0,0.0,0.0,0.0,0.0,0.0
489266630038074,load shedding options most follow socials now understand stand politically allow apolitical look issue because issue greens reds blues s issue affecting us directly personally celebrated president assured nation load shedding issue past quick highlight done two occasions president still affirmed position really shock us load shedding now want believe president hh shocked us challenge befallen us nation something done interim save few jobs around 1 begin 12 hours load shedding too way much 24 hours sleep 8 hours load shedded 12 hours now 4 hours work day now split into breaks 2 hours alone killed productivity many ways than imagine proposal load shedding must done equally places load shedding yet hospital nearby hours reduce must done equally 2 1 alternative sources energy looking foregoing best government look fuel pump prices quarterly opposed monthly case people able forecast longer t plan properly business becomes difficult 2 2 solar energy interactions socials chat president solar industry zambia regarding solar prices government efforts make costs affordable came interaction solar much good expensive alternative everyone afford ni mutengo wa mutima pwapwa naka nondo mbashela how many people afford proposal few solar energy able generate excess energy let allowed channel back into grid zesco should pay should also able encourage people companies go solar way 3 need 24 hour economy like now done repealing labor act mean tailoring business 6 employees instead firing half advent load shedding just split into night day whether power available night day production still goes won t sued going against labor laws business owner very important extremely important because load need shed happens mostly between 7am 5pm because those working hours currently spread hours literally shed load thereby increase productivity save jobs 4 let us change law power generation let private sector come invest power generation let people big money make solar farms sale electricity zesco let people set wind equipment energy generation sale zesco infrastructure distribute power concluding fellow zambians allow point crisis such requires concerted effort overcome president peaceful sleep knowing befallen nation let us unite common good country think things expensive now worse coming load shedding work together save ailing economy ackim katebe patriotic zambian,True,0.9862,positive,0.9862,0.161,0.777,0.063,negative,0.9862,negative,False,0.0,,359,64,0.011142061281337,0.0389972144846796,0.0334261838440111,0.0807799442896936,0.0139275766016713,0.0389972144846796,0.0125348189415041
1539253826550352,isaac zulu person doesn t heart pipo zambia electricity t going 12hrs s too much time pf power never went 12hrs person filled,False,0.0,neutral,0.0,0.0,1.0,0.0,neutral,0.0,neutral,False,0.0,,23,2,0.0,0.0434782608695652,0.0,0.0,0.0,0.0434782608695652,0.0
1282455436277262,should use solar update aini ba zesco,False,0.0,neutral,0.0,0.0,1.0,0.0,neutral,0.0,neutral,False,0.0,,7,0,0.0,0.0,0.0,0.0,0.0,0.0,0.0
595452543049190,zesco ine m confused because prepaid meter letters how enter kct 1 kct 2 please,False,0.0,neutral,0.0,0.158,0.685,0.158,neutral,0.0,neutral,False,0.0,,15,0,0.0,0.0,0.0,0.0,0.0,0.0,0.0
1077996387191257,supposed go outside midnight turn pump longer safe us electric fences don t work anymore awe ba zesco umumgulu wa muleke,False,0.4404,positive,-0.7595999999999999,0.132,0.868,0.0,negative,-0.7595999999999999,negative,True,-1.2,"awe,muleke",21,3,0.0,0.0,0.0,0.0952380952380952,0.0,0.0,0.0
882524886418151,think grudge against us mwe pantu takwaba power goes 5 comes past 14 goes 17 comes past midnight everyday mwebantu 12 hrs appliances risk treating us though dnt pay power use,False,-0.3612,negative,-0.3612,0.0,0.889,0.111,negative,-0.3612,negative,False,0.0,,31,3,0.032258064516129,0.064516129032258,0.032258064516129,0.032258064516129,0.0,0.064516129032258,0.0161290322580645
2688712201265424,levy musonda jr ala tefintu,False,0.0,neutral,-0.7,0.0,1.0,0.0,negative,-0.7,negative,True,-0.7,tefintu,5,1,0.0,0.0,0.0,0.0,0.0,0.0,0.0
3221256778091552,splitting gonna darkness twice day mayo let even charge phone,False,-0.25,negative,-0.25,0.0,0.818,0.182,negative,-0.25,negative,False,0.0,,10,2,0.1,0.0,0.1,0.0,0.2,0.0,0.15
416841741112021,chansa joe kapema s just loadshedding coz off us even made phone calls customer care line ve confirmed themselves,False,0.4939,positive,0.4939,0.158,0.842,0.0,positive,0.4939,positive,False,0.0,,19,3,0.0,0.0526315789473684,0.0,0.1052631578947368,0.0,0.0526315789473684,0.0
1237943817078450,nothing happy still stand 12 hours loadsheading work done equal zero,False,-0.4585,negative,-0.4585,0.0,0.769,0.231,negative,-0.4585,negative,False,0.0,,11,1,0.0,0.0909090909090909,0.0,0.0909090909090909,0.0,0.0909090909090909,0.0
2576349285890892,zewelanji nachiweza bamani nyansa ba chule aba sweetie,False,0.4939,positive,0.0938999999999999,0.314,0.686,0.0,positive,0.0938999999999999,positive,True,-0.4,aba,8,1,0.0,0.0,0.0,0.0,0.0,0.0,0.0
451014530602483,zesco limited 10hrs 8hrs hell come think,False,-0.7579,negative,-0.7579,0.0,0.435,0.565,negative,-0.7579,negative,False,0.0,,7,2,0.2857142857142857,0.0,0.1428571428571428,0.0,0.2857142857142857,0.0,0.2857142857142857
408819144761920,first time load shedded country remember load shedded under pf than six months load shedding less than week complaining already buy solar genset stop complaining,False,-0.5061,negative,-0.5061,0.0,0.807,0.193,negative,-0.5061,negative,False,0.0,,25,1,0.0,0.04,0.0,0.0,0.0,0.04,0.0
736340325238619,sunday should load shedding god take rest sunday,False,0.2732,positive,0.2732,0.231,0.769,0.0,positive,0.2732,positive,False,0.0,,8,2,0.0,0.125,0.125,0.125,0.0,0.125,0.0
546622177758220,moses jj ngulube imagine,False,0.25,positive,0.25,0.4,0.6,0.0,positive,0.25,positive,False,0.0,,4,0,0.0,0.0,0.0,0.0,0.0,0.0,0.0
453751753759877,even consider student like how study kind schedule zesco limited s student fours hours schedule nice sanafyeee,False,0.7783,positive,0.7783,0.385,0.531,0.084,positive,0.7783,positive,False,0.0,,17,3,0.0588235294117647,0.0,0.0,0.0588235294117647,0.0588235294117647,0.0,0.0588235294117647
618831263798949,nhamo afiya chiwila imagine ai kaya tinalakwa chani,False,0.0,neutral,-0.8999999999999999,0.0,1.0,0.0,negative,-0.8999999999999999,negative,True,-0.8999999999999999,"kaya,tinalakwa chani",8,0,0.0,0.0,0.0,0.0,0.0,0.0,0.0
8568999953161611,roxanne barratt ati come 1st october power situation stabilise only present us rubbish,False,0.0,neutral,0.0,0.0,1.0,0.0,neutral,0.0,neutral,False,0.0,,13,2,0.0,0.0769230769230769,0.0,0.0769230769230769,0.0,0.0769230769230769,0.0
3510128809208407,how system maintenance first day month,False,0.0,neutral,0.0,0.0,1.0,0.0,neutral,0.0,neutral,False,0.0,,6,2,0.0,0.0,0.0,0.3333333333333333,0.0,0.0,0.0
1109366427218697,chisanga kayula ala ba zesco limited likes playing games us kwati fyamano,False,0.4019,positive,0.4019,0.297,0.581,0.123,positive,0.4019,positive,False,0.0,,12,1,0.0833333333333333,0.0,0.0,0.0,0.0833333333333333,0.0,0.0833333333333333
1375219489956828,serious fi zesco fyama dongo dongo really playing us now sad us barbershop owners,False,-0.3197,negative,-0.3197,0.12,0.629,0.252,negative,-0.3197,negative,False,0.0,,14,0,0.0,0.0,0.0,0.0,0.0,0.0,0.0
554598666988182,current affairs re liers,False,0.0,neutral,0.0,0.0,1.0,0.0,neutral,0.0,neutral,False,0.0,,4,0,0.0,0.0,0.0,0.0,0.0,0.0,0.0
794388042755039,zesco limited please respond,False,0.1027,positive,0.1027,0.371,0.323,0.306,positive,0.1027,positive,False,0.0,,4,1,0.25,0.0,0.0,0.0,0.25,0.0,0.25
1973087556500148,how check powerless zone,False,-0.4939,negative,-0.4939,0.0,0.484,0.516,negative,-0.4939,negative,False,0.0,,4,1,0.25,0.0,0.25,0.0,0.25,0.0,0.25
1538782876633468,ok disturbing retrogressive t anything makes sense could just let 12 hours even call load management managing being loadsheded twice call managing killed,False,-0.765,negative,-0.765,0.076,0.655,0.269,negative,-0.765,negative,False,0.0,,23,2,0.0,0.0,0.0,0.0434782608695652,0.0,0.0,0.0
1045021707103658,think invest solar system,False,0.0,neutral,0.0,0.0,1.0,0.0,neutral,0.0,neutral,False,0.0,,4,1,0.0,0.0,0.0,0.25,0.0,0.0,0.0
235303116308348,just training us leave grid otherwise soon become self sufficient start loosing clients,False,-0.0516,negative,-0.0516,0.0,0.909,0.091,negative,-0.0516,negative,False,0.0,,13,2,0.0,0.0769230769230769,0.0,0.0,0.0769230769230769,0.0769230769230769,0.0384615384615384
1085326269775559,manje nivi chani ivi manje 00 00 03 supposed bit better ahhhh,False,0.4404,positive,0.1404,0.209,0.791,0.0,positive,0.1404,positive,True,-0.3,manje,12,0,0.0,0.0,0.0,0.0,0.0,0.0,0.0
2028947943966918,9th power goes twice kitwe,False,0.0,neutral,0.0,0.0,1.0,0.0,neutral,0.0,neutral,False,0.0,,5,0,0.0,0.0,0.0,0.0,0.0,0.0,0.0
1169936133657627,please m asking center number zesco us power now s 4days,False,0.3818,positive,0.3818,0.34,0.66,0.0,positive,0.3818,positive,False,0.0,,11,1,0.0,0.0,0.0,0.0909090909090909,0.0,0.0,0.0
937514670872468,purchased units enter prepared rejecting could problem,False,-0.5859,negative,-0.5859,0.164,0.345,0.491,negative,-0.5859,negative,False,0.0,,7,2,0.0,0.1428571428571428,0.1428571428571428,0.1428571428571428,0.1428571428571428,0.1428571428571428,0.0714285714285714
896093612627425,button meter box advise,False,0.0,neutral,0.0,0.0,1.0,0.0,neutral,0.0,neutral,False,0.0,,4,1,0.0,0.0,0.0,0.25,0.0,0.0,0.0
1085032883086669,chomba lesa malembeka rastaman making smoke whatever r smoking zesco limited,False,-0.2263,negative,-0.2263,0.0,0.826,0.174,negative,-0.2263,negative,False,0.0,,11,1,0.0909090909090909,0.0,0.0,0.0,0.0909090909090909,0.0,0.0909090909090909
1064385481806396,chawezi mwale ati approved immediate action,False,0.4215,positive,0.4215,0.359,0.641,0.0,positive,0.4215,positive,False,0.0,,6,1,0.0,0.0,0.0,0.0,0.0,0.0,0.0
1217100462683573,pend upgrading initiative until supply normalized how input those details metres asking going days power supply find power switch metres end today,False,0.0,neutral,0.0,0.0,1.0,0.0,neutral,0.0,neutral,False,0.0,,22,2,0.0,0.0,0.0,0.0,0.0,0.0,0.0
1339228173576001,good morning bernard c m chipampe thank reaching us kindly note 3 schedules residentials 06 00 14 00 12 00 20 hrs 14 00 22 00hrs rotations done way last week group d going off 12 00 20 00hrs hence week schedule 14 00 22 00hrs next week 06 00 14 00hrs respectively kind regards pm,False,0.9349,positive,0.9349,0.26,0.74,0.0,positive,0.9349,positive,False,0.0,,56,2,0.0,0.0178571428571428,0.0,0.0357142857142857,0.0,0.0178571428571428,0.0
504731289021709,today s 1st october maybe still sleeping,False,0.0,neutral,0.0,0.0,1.0,0.0,neutral,0.0,neutral,False,0.0,,7,0,0.0,0.0,0.0,0.0,0.0,0.0,0.0
1681413012651571,dennis zulu stop cutting trees start,False,-0.4019,negative,-0.4019,0.0,0.519,0.481,negative,-0.4019,negative,False,0.0,,6,2,0.1666666666666666,0.1666666666666666,0.1666666666666666,0.0,0.1666666666666666,0.1666666666666666,0.1666666666666666
7499396103448309,john kasoma restored less than minute,False,0.34,positive,0.34,0.324,0.676,0.0,positive,0.34,positive,False,0.0,,6,1,0.0,0.0,0.0,0.0,0.0,0.0,0.0
618831263798949,nhamo afiya chiwila since load shedding started never power nights imagine,False,0.0,neutral,0.0,0.0,1.0,0.0,neutral,0.0,neutral,False,0.0,,11,0,0.0,0.0,0.0,0.0,0.0,0.0,0.0
489266630038074,robert musowoya lol nice brother go page check latest update,False,0.6808,positive,0.6808,0.412,0.588,0.0,positive,0.6808,positive,False,0.0,,10,1,0.0,0.0,0.0,0.1,0.0,0.0,0.0
402137349350108,elita sheleni eeeh ungalile pa last,False,0.0,neutral,0.0,0.0,1.0,0.0,neutral,0.0,neutral,False,0.0,,6,0,0.0,0.0,0.0,0.0,0.0,0.0,0.0
918822943645810,saviour alingo chisanga call 322 check using meter number,False,0.0772,positive,0.0772,0.14,0.86,0.0,positive,0.0772,positive,False,0.0,,9,0,0.0,0.0,0.0,0.0,0.0,0.0,0.0
127573943700384,diana kakula kauseni oh yeah,False,0.296,positive,0.296,0.355,0.645,0.0,positive,0.296,positive,False,0.0,,5,0,0.0,0.0,0.0,0.0,0.0,0.0,0.0
1280736795822488,elo bringing fridge know pantu s spoiled,False,0.0,neutral,0.0,0.0,1.0,0.0,neutral,0.0,neutral,False,0.0,,7,0,0.0,0.0,0.0,0.0,0.0,0.0,0.0
307803085108554,paid february still waiting,False,0.0,neutral,0.0,0.0,1.0,0.0,neutral,0.0,neutral,False,0.0,,4,0,0.0,0.0,0.0,0.0,0.0,0.0,0.0
1594917784453736,good news promised us should watch next 3days ayi,False,0.6597,positive,0.6597,0.435,0.565,0.0,positive,0.6597,positive,False,0.0,,9,2,0.0,0.2222222222222222,0.1111111111111111,0.1111111111111111,0.0,0.2222222222222222,0.0
1136542194140590,schedule group e changed power cuts time goes beyond known hours load shedding s really inconveniencing,False,-0.296,negative,-0.296,0.0,0.855,0.145,negative,-0.296,negative,False,0.0,,16,1,0.0,0.0625,0.0,0.0,0.0,0.0625,0.0
1479913309593876,zesco limited know saying s 8hrs said s 8hrs because us mushitala area yesterday went around 13hrs came back 24hrs s said like sir,False,0.1531,positive,0.1531,0.107,0.812,0.081,positive,0.1531,positive,False,0.0,,24,2,0.0416666666666666,0.0,0.0,0.0416666666666666,0.0416666666666666,0.0,0.0416666666666666
1573916223485199,don t want ma metering yanu ayo lelo nipa wanu ala,False,0.0772,positive,0.0772,0.126,0.874,0.0,positive,0.0772,positive,False,0.0,,11,1,0.0,0.0,0.0,0.0909090909090909,0.0,0.0,0.0
489266630038074,ackim katebe solution u,False,0.3182,positive,0.3182,0.535,0.465,0.0,positive,0.3182,positive,False,0.0,,4,1,0.0,0.0,0.0,0.0,0.0,0.0,0.0
1380815312686577,lingson mwanza balengamo futi muchizungu key word ni splits reduce,False,0.0,neutral,0.0,0.0,1.0,0.0,neutral,0.0,neutral,False,0.0,,10,1,0.0,0.0,0.0,0.1,0.0,0.0,0.0
1539253826550352,franklyn mbale yes goes against tide s goes popular opinions,False,0.6705,positive,0.6705,0.44,0.56,0.0,positive,0.6705,positive,False,0.0,,10,0,0.0,0.0,0.0,0.0,0.0,0.0,0.0
1558742851734596,group e members power 24 00 hours 03 hours ninshii tulindoshiiiii zesco limited would created schedule such way allow everyone access power between 6 22 hours,False,0.25,positive,0.25,0.146,0.784,0.071,positive,0.25,positive,False,0.0,,26,1,0.0384615384615384,0.0,0.0,0.0,0.0384615384615384,0.0,0.0384615384615384
515630007337027,time table never works s like just switch off whenever feel like t even bake peace now,False,0.0721,positive,0.0721,0.177,0.609,0.214,positive,0.0721,positive,False,0.0,,17,2,0.0,0.1176470588235294,0.0,0.0588235294117647,0.0,0.1176470588235294,0.0
1269495240914028,us businesses far away electrified houses town put notification valid within 2 days how work together country,False,0.0,neutral,0.0,0.0,1.0,0.0,neutral,0.0,neutral,False,0.0,,17,1,0.0,0.0588235294117647,0.0,0.0,0.0,0.0588235294117647,0.0
1149469195755648,chanda kasongo ifwe went 05 came back 14 went 17,False,0.0,neutral,0.0,0.0,1.0,0.0,neutral,0.0,neutral,False,0.0,,10,0,0.0,0.0,0.0,0.0,0.0,0.0,0.0
707182370784437,kamwala south load sheded twice 05 11hrs 17 23hrs areas load shedding twice day,False,0.0,neutral,0.0,0.0,1.0,0.0,neutral,0.0,neutral,False,0.0,,14,0,0.0,0.0,0.0,0.0,0.0,0.0,0.0
1800858807049840,zesco limited same efficiency cutting power should same time restore,False,0.3182,positive,0.3182,0.333,0.426,0.241,positive,0.3182,positive,False,0.0,,10,4,0.2,0.1,0.1,0.0,0.2,0.1,0.2
481698757452496,riddah njovu 11 17 power time work 8 11 3 hours work most clients cleaning anyway very true,False,0.4754,positive,0.4754,0.171,0.829,0.0,positive,0.4754,positive,False,0.0,,18,3,0.0,0.0555555555555555,0.0,0.0555555555555555,0.0,0.0555555555555555,0.0
663513762353764,saying 6 weeks mmmmma 2020 paid group same currency amount surprise group three paid scheme connected just 50 mts away transformer farm start wondering zesco doing very disappointed zesco chongwe too selective pains most even passing through farm going connect other farm raises alot dust such arrangements,False,-0.624,negative,-0.624,0.041,0.838,0.121,negative,-0.624,negative,False,0.0,,47,9,0.0212765957446808,0.0851063829787234,0.0212765957446808,0.0,0.0212765957446808,0.0851063829787234,0.0212765957446808
1085032883086669,chomba lesa malembeka exactly ooh,False,0.0,neutral,0.0,0.0,1.0,0.0,neutral,0.0,neutral,False,0.0,,5,0,0.0,0.0,0.0,0.0,0.0,0.0,0.0
891555392161666,awe ba zesco order tamwakwata just like relationships,False,0.3612,positive,-0.3387999999999999,0.263,0.737,0.0,negative,-0.3387999999999999,negative,True,-0.7,awe,8,0,0.0,0.0,0.0,0.0,0.0,0.0,0.0
873152884103138,problems having monopoly system wish could start u electrical company compete zesco otherwise beginning hunger many homes,False,-0.25,negative,-0.25,0.132,0.637,0.23,negative,-0.25,negative,False,0.0,,17,2,0.0,0.0588235294117647,0.0,0.0588235294117647,0.0,0.0588235294117647,0.0
1202959720304622,even used 12 hours ise,False,0.0,neutral,0.0,0.0,1.0,0.0,neutral,0.0,neutral,False,0.0,,5,0,0.0,0.0,0.0,0.0,0.0,0.0,0.0
464771859963167,ve just notified s power obviously restore 25th how even check upgrade,False,0.296,positive,0.296,0.18,0.82,0.0,positive,0.296,positive,False,0.0,,12,0,0.0,0.0,0.0,0.0,0.0,0.0,0.0
1080839880079636,simple plea republican president excellency should immediate effect dissolve zesco management board fire individuals without sentiments playing mind games majority citizens,False,0.1301,positive,0.1301,0.137,0.706,0.157,positive,0.1301,positive,False,0.0,,21,6,0.0,0.0952380952380952,0.0952380952380952,0.1428571428571428,0.0476190476190476,0.0952380952380952,0.0238095238095238
543396097838713,power went 08 00 came 18 00 went 20 00,False,0.0,neutral,0.0,0.0,1.0,0.0,neutral,0.0,neutral,False,0.0,,10,0,0.0,0.0,0.0,0.0,0.0,0.0,0.0
1366446937441510,nsama patrick repeat,False,0.0,neutral,0.0,0.0,1.0,0.0,neutral,0.0,neutral,False,0.0,,3,0,0.0,0.0,0.0,0.0,0.0,0.0,0.0
1213069430480148,mutinta sodamutinta soda ah now gotten hand,False,0.4939,positive,0.4939,0.348,0.652,0.0,positive,0.4939,positive,False,0.0,,7,0,0.0,0.0,0.0,0.0,0.0,0.0,0.0
1539253826550352,moses chewe english cause miscarriage boss,False,0.0,neutral,0.0,0.0,1.0,0.0,neutral,0.0,neutral,False,0.0,,6,1,0.0,0.0,0.1666666666666666,0.0,0.1666666666666666,0.0,0.0833333333333333
1425992378122539,ba zesco limited thought said s 12 20 almost 21and still don t power,False,-0.2263,negative,-0.2263,0.0,0.853,0.147,negative,-0.2263,negative,False,0.0,,14,3,0.0714285714285714,0.0714285714285714,0.0,0.0714285714285714,0.0714285714285714,0.0714285714285714,0.0714285714285714
1630171607491768,luck ayi still power,False,0.4588,positive,0.4588,0.5,0.5,0.0,positive,0.4588,positive,False,0.0,,4,1,0.0,0.25,0.0,0.0,0.0,0.25,0.0
1188692592189237,convert into cash many us subscribe short need extra units barely power basically off grid make attractive,False,0.4404,positive,0.4404,0.153,0.847,0.0,positive,0.4404,positive,False,0.0,,17,4,0.0588235294117647,0.1176470588235294,0.0588235294117647,0.0588235294117647,0.0,0.1176470588235294,0.0294117647058823
1307930793383241,charles chabatama fine too zoona,False,0.2023,positive,0.2023,0.31,0.69,0.0,positive,0.2023,positive,False,0.0,,5,0,0.0,0.0,0.0,0.0,0.0,0.0,0.0
2299770710224782,astron sibbuku chiyuni s how understood language written notice,False,0.0,neutral,0.0,0.0,1.0,0.0,neutral,0.0,neutral,False,0.0,,9,0,0.0,0.0,0.0,0.0,0.0,0.0,0.0
569264788736735,joseph zulu finally thanks,False,0.4404,positive,0.4404,0.492,0.508,0.0,positive,0.4404,positive,False,0.0,,4,1,0.0,0.25,0.0,0.25,0.0,0.25,0.0
2708694619260732,mulenga trudy saying starting monday baby naimwe vuto ili pati,False,0.0,neutral,-0.4,0.0,1.0,0.0,negative,-0.4,negative,True,-0.4,naimwe,10,1,0.0,0.0,0.0,0.0,0.0,0.0,0.0
1462108041154175,align minister s pronouncement said load shedding 17 hours effective first week october meaning consumers having power 7 hours three hours always only new thing just timetable zesco published,True,0.4767,positive,0.4767,0.107,0.893,0.0,negative,0.4767,negative,False,0.0,,29,1,0.0,0.0,0.0,0.0344827586206896,0.0,0.0,0.0
934227224870277,roll over mumbers shown zesco app valid because tried entering those numbers without success dont receive roll over pins buy zesco units mean successful entering numbers because sad face blinks metre box understand means successful,False,0.3616,positive,0.3616,0.17,0.694,0.136,positive,0.3616,positive,False,0.0,,35,5,0.0,0.0857142857142857,0.0,0.0571428571428571,0.0,0.0857142857142857,0.0
513652114864664,jolie dai kaps somehow knew s strategy ll use,False,0.0,neutral,0.0,0.0,1.0,0.0,neutral,0.0,neutral,False,0.0,,9,0,0.0,0.0,0.0,0.0,0.0,0.0,0.0
935348788601274,apa power gone around 14 49 group ai sure come kuma 02 mxxxm mumanikola weh,False,0.3182,positive,0.3182,0.141,0.859,0.0,positive,0.3182,positive,False,0.0,,15,0,0.0,0.0,0.0,0.0,0.0,0.0,0.0
879154983427096,frank banda mercy 2026,False,0.3612,positive,0.3612,0.455,0.545,0.0,positive,0.3612,positive,False,0.0,,4,2,0.0,0.0,0.0,0.25,0.0,0.0,0.0
1090654236363564,seen people ain t buying power months now due loadshedding now asking least buy k10 units ka,False,0.0,neutral,0.0,0.0,1.0,0.0,neutral,0.0,neutral,False,0.0,,17,0,0.0,0.0,0.0,0.0,0.0,0.0,0.0
326213627155585,ba zesco how many hours 8 hours coz imwe 8 hours goes beyond,False,0.0,neutral,0.0,0.0,1.0,0.0,neutral,0.0,neutral,False,0.0,,13,0,0.0,0.0,0.0,0.0,0.0,0.0,0.0
1539253826550352,melody mwelwa evans glad u otherwise tefintu bola naikosa,False,0.4588,positive,-0.2411999999999999,0.3,0.7,0.0,negative,-0.2411999999999999,negative,True,-0.7,tefintu,9,1,0.0,0.1111111111111111,0.0,0.0,0.0,0.1111111111111111,0.0
2474266746055900,sticking schedule 05 upto now power nine hours straight power,False,0.2263,positive,0.2263,0.174,0.826,0.0,positive,0.2263,positive,False,0.0,,10,0,0.0,0.0,0.0,0.0,0.0,0.0,0.0
1231244388148338,bashi kabunda mingalato bamudala zambia forward imwe,False,0.0,neutral,0.0,0.0,1.0,0.0,neutral,0.0,neutral,False,0.0,,7,1,0.0,0.0,0.0,0.0,0.0,0.0,0.0
613154494315983,power monopoly,False,0.0,neutral,0.0,0.0,1.0,0.0,neutral,0.0,neutral,False,0.0,,2,0,0.0,0.0,0.0,0.0,0.0,0.0,0.0
6877744568925424,m just purchasing s now working,False,0.0,neutral,0.0,0.0,1.0,0.0,neutral,0.0,neutral,False,0.0,,6,1,0.0,0.0,0.0,0.0,0.0,0.0,0.0
1082442872837798,s only lusaka 8 hours load shedding still working coz solwezi last 4 weeks using 11 12hrs schedule 8hrs schedule only applied first 2 weeks use different timetables zambia acceptable,False,0.3182,positive,0.3182,0.084,0.916,0.0,positive,0.3182,positive,False,0.0,,30,2,0.0,0.0,0.0,0.0,0.0,0.0,0.0
727653782116850,power went 10 hrs,False,0.0,neutral,0.0,0.0,1.0,0.0,neutral,0.0,neutral,False,0.0,,4,0,0.0,0.0,0.0,0.0,0.0,0.0,0.0
1653764831741282,let night coz s disturbing business like way shikoswe power went yesterday 11 22 came back today 15 20 now how going working example us stationary saloons butcheries etc,False,-0.2023,negative,-0.2023,0.079,0.818,0.104,negative,-0.2023,negative,False,0.0,,29,2,0.0,0.0,0.0,0.0,0.0,0.0,0.0
1366446937441510,nsama patricknsama patrick careful god punish,False,-0.1779,negative,-0.1779,0.366,0.297,0.337,negative,-0.1779,negative,False,0.0,,6,3,0.0,0.1666666666666666,0.3333333333333333,0.1666666666666666,0.0,0.1666666666666666,0.0
545624321378045,u gave 3 hrs bcoz mamba maintainance now mamba bn restored full capacity guys playing people s mind fishimyenifye twanaka u think everyone afford buy solar worth k50 000 u jokers us b reporting anything muleshimyafye capwa,False,0.6249,positive,0.6249,0.179,0.821,0.0,positive,0.6249,positive,False,0.0,,37,3,0.0,0.0,0.0,0.0,0.0,0.0,0.0
524506786963375,uhmmmm net metering futi let s talk promise first october,False,0.3182,positive,0.3182,0.223,0.777,0.0,positive,0.3182,positive,False,0.0,,10,2,0.0,0.0,0.0,0.1,0.0,0.0,0.0
1356117571869792,d jin marshal split means mean go every 6 hours,False,0.0,neutral,0.0,0.0,1.0,0.0,neutral,0.0,neutral,False,0.0,,10,2,0.0,0.0,0.0,0.1,0.0,0.0,0.0
448443434026982,don t even stick time schedule,False,0.0,neutral,0.0,0.0,1.0,0.0,neutral,0.0,neutral,False,0.0,,6,2,0.0,0.1666666666666666,0.0,0.1666666666666666,0.0,0.1666666666666666,0.0
894857098201135,disturbing frustrating ba zesco just completely shutdown power until kariba dam gets full starts overflowing just exporting power neighbouring countries public expense otherwise tiring,False,-0.7351,negative,-0.7351,0.0,0.78,0.22,negative,-0.7351,negative,False,0.0,,24,3,0.0,0.0416666666666666,0.0,0.0,0.0,0.0416666666666666,0.0
261357600084923,job nsama even poor finishing pf same,False,-0.4767,negative,-0.4767,0.0,0.659,0.341,negative,-0.4767,negative,False,0.0,,7,1,0.0,0.0,0.0,0.0,0.0,0.0,0.0
987006009760428,meah chulu must fault 03 schedule,False,-0.4019,negative,-0.4019,0.0,0.649,0.351,negative,-0.4019,negative,False,0.0,,6,1,0.0,0.0,0.0,0.0,0.1666666666666666,0.0,0.0833333333333333
1539253826550352,ann hamatu mulenga argue want guys truth truth prophecy being fulfilled before very eyes,False,0.6486,positive,0.6486,0.433,0.448,0.119,positive,0.6486,positive,False,0.0,,14,4,0.0714285714285714,0.0714285714285714,0.0,0.1428571428571428,0.0,0.0714285714285714,0.0357142857142857
679708873797633,vaupuba just stop exporting electricity want us undress understand,False,-0.2263,negative,-0.2263,0.124,0.667,0.21,negative,-0.2263,negative,False,0.0,,9,1,0.0,0.0,0.0,0.0,0.0,0.0,0.0
712789810207104,s point sharing schedule t stick,False,0.4215,positive,0.4215,0.483,0.517,0.0,positive,0.4215,positive,False,0.0,,6,0,0.0,0.0,0.0,0.0,0.0,0.0,0.0
890603003152694,zesco limited ba cj peak hours fall night peak hours during day demand higher lies short legs caught,False,-0.6369,negative,-0.6369,0.0,0.708,0.292,negative,-0.6369,negative,False,0.0,,18,3,0.1111111111111111,0.0,0.0,0.0,0.1111111111111111,0.0,0.1111111111111111
380111615196118,ranting guy people should resign moral grounds,False,-0.34,negative,-0.34,0.0,0.714,0.286,negative,-0.34,negative,False,0.0,,7,2,0.2857142857142857,0.0,0.1428571428571428,0.1428571428571428,0.1428571428571428,0.0,0.2142857142857142
1073915294429399,think citizens need something extremely poor customer service collectively because too much now first how give short notice assuming everyone money areas having power how update benefits same update mean loadshedding minimal,False,-0.2006,negative,-0.2006,0.072,0.833,0.094,negative,-0.2006,negative,False,0.0,,32,3,0.03125,0.03125,0.0,0.0625,0.0,0.03125,0.015625
1926100151245016,don t remember last saw malaiti yaba zesco kuno kumyesu kalisanguka fye kashimi nomba tufwafye kofye ati amalaiti yachisa pa 01 59 exactly pa 02 00 hrs yapyamo nayaya ba zesco should upgrade meters themselves pantu ifwe teti tukwanishe mukwai,False,0.0,neutral,-0.7,0.0,1.0,0.0,negative,-0.7,negative,True,-0.7,"amalaiti,malaiti,yaba",40,1,0.0,0.0,0.0,0.025,0.0,0.0,0.0
1486010195630081,give us technical updates now just distributor s like re longer generation re always sounding awful s like entity took over now sets conditions abide zesco limited,False,0.0258,neutral,0.0258,0.162,0.68,0.159,neutral,0.0258,neutral,False,0.0,,27,2,0.074074074074074,0.0,0.037037037037037,0.0,0.074074074074074,0.0,0.074074074074074
3042702465872753,kuno ku mansa noticed kuti s october let s hope maintain stability,False,0.4404,positive,0.1404,0.244,0.756,0.0,positive,0.1404,positive,True,-0.3,kuti,12,1,0.0,0.0833333333333333,0.0,0.0833333333333333,0.0,0.0833333333333333,0.0
513652114864664,natasha mwaba ng andwe kapotwe fate,False,0.0,neutral,0.0,0.0,1.0,0.0,neutral,0.0,neutral,False,0.0,,6,1,0.0,0.1666666666666666,0.0,0.0,0.0,0.1666666666666666,0.0
944697196493811,economy crisis s world wide even better people south africans used load shedding,False,-0.296,negative,-0.296,0.171,0.588,0.241,negative,-0.296,negative,False,0.0,,13,2,0.0,0.0,0.0,0.0769230769230769,0.0,0.0,0.0
1338452506889039,towera same went 6hrs came back 13 30hrs s gone 20 30hrs don t know 6hrs talking,False,0.0,neutral,0.0,0.0,1.0,0.0,neutral,0.0,neutral,False,0.0,,17,1,0.0,0.0,0.0,0.0588235294117647,0.0,0.0,0.0
805818411407145,mwila babe girl zesco lost direction check s showing 12 20hrs power disconnected around 06,False,-0.3182,negative,-0.3182,0.0,0.85,0.15,negative,-0.3182,negative,False,0.0,,15,2,0.0,0.0,0.0,0.0,0.1333333333333333,0.0,0.0666666666666666
1391164684756543,veronica oputa must same area cause re only having 4 hours power,False,0.0,neutral,0.0,0.0,1.0,0.0,neutral,0.0,neutral,False,0.0,,12,0,0.0,0.0,0.0,0.0,0.0,0.0,0.0
500176419600800,izo nkani zamukachaso imwe lelo nipa 1 weh,False,0.0,neutral,0.0,0.0,1.0,0.0,neutral,0.0,neutral,False,0.0,,8,0,0.0,0.0,0.0,0.0,0.0,0.0,0.0
1293999082039855,nalishiwa martin bright people incharge consumer s rights need take care situation coz s beyond,False,0.7269,positive,0.7269,0.357,0.643,0.0,positive,0.7269,positive,False,0.0,,15,0,0.0,0.0,0.0,0.0,0.0,0.0,0.0
1281787743172394,updated even without power cos short notice don t even supply power according schedule also should 40 secs only entering 20 digit token huh wait minute count down ve singing mwankalako serious once weh,False,-0.0772,negative,-0.0772,0.0,0.961,0.039,negative,-0.0772,negative,False,0.0,,34,5,0.0,0.0294117647058823,0.0,0.088235294117647,0.0,0.0294117647058823,0.0
976300290676028,hi patel ayaj apologize inconvenience caused please may confirm power restored appreciate patience regards cj,False,0.6486,positive,0.6486,0.413,0.469,0.117,positive,0.6486,positive,False,0.0,,15,2,0.0,0.0666666666666666,0.0,0.1333333333333333,0.0666666666666666,0.0666666666666666,0.0333333333333333
1364848944053230,reducing order increase veep,False,0.3182,positive,0.3182,0.434,0.566,0.0,positive,0.3182,positive,False,0.0,,4,1,0.0,0.0,0.0,0.0,0.0,0.0,0.0
1082442872837798,marjorie t maposa s things guys,False,0.0,neutral,0.0,0.0,1.0,0.0,neutral,0.0,neutral,False,0.0,,6,0,0.0,0.0,0.0,0.0,0.0,0.0,0.0
8901794233171641,guys stop complaining wanted fix sorry just passing,False,-0.5106,negative,-0.5106,0.0,0.485,0.515,negative,-0.5106,negative,False,0.0,,8,0,0.0,0.0,0.0,0.0,0.0,0.0,0.0
848821520593006,zesco don t follow sechdule stipulated power gone before time upto now hasn t restored resolved question point having stipulated sechdule don t follow,False,0.4767,positive,0.4767,0.177,0.823,0.0,positive,0.4767,positive,False,0.0,,24,4,0.0,0.0416666666666666,0.0,0.0833333333333333,0.0,0.0416666666666666,0.0
311057938684793,priscilla banda faith funny,False,0.6908,positive,0.6908,0.74,0.26,0.0,positive,0.6908,positive,False,0.0,,4,1,0.0,0.25,0.0,0.25,0.0,0.25,0.0
293758669717165,leah simvula 3600 go pali token id number should,False,0.0772,positive,0.0772,0.14,0.86,0.0,positive,0.0772,positive,False,0.0,,9,0,0.0,0.0,0.0,0.0,0.0,0.0,0.0
858547698962419,talking 6weeks ise ni 3yrs,False,0.0,neutral,0.0,0.0,1.0,0.0,neutral,0.0,neutral,False,0.0,,5,0,0.0,0.0,0.0,0.0,0.0,0.0,0.0
1281787743172394,ruth t banks jokers indeed bayendeko naku industrial break mwe seems re tired,False,-0.4404,negative,-0.4404,0.0,0.791,0.209,negative,-0.4404,negative,False,0.0,,13,3,0.0,0.0,0.0,0.0,0.0,0.0,0.0
552120073626239,true only us nkana kitwe being loadsheded 24 7,False,0.4215,positive,0.4215,0.286,0.714,0.0,positive,0.4215,positive,False,0.0,,9,1,0.0,0.0,0.0,0.1111111111111111,0.0,0.0,0.0
511739577605415,kuwena 05 sure us got children awe zambia change sure sure employees heart broken s s changing ama timetable mwe ni fuel just done weekly,False,0.4215,positive,-0.2784999999999999,0.238,0.655,0.107,negative,-0.2784999999999999,negative,True,-0.7,awe,25,2,0.04,0.0,0.08,0.0,0.04,0.0,0.04
466955342309155,power goes 05 comes back 12 15 hrs goes nd comes back kuma 23hrs very disheartening zambia,False,-0.4754,negative,-0.4754,0.0,0.838,0.162,negative,-0.4754,negative,False,0.0,,17,1,0.0,0.0,0.0,0.0,0.0588235294117647,0.0,0.0294117647058823
592076799855818,how going check update because siyambwela malaiti kuno kwatu,False,0.0,neutral,-0.2,0.0,1.0,0.0,negative,-0.2,negative,True,-0.2,malaiti,9,0,0.0,0.0,0.0,0.0,0.0,0.0,0.0
418604890897874,jay praise nkhata mwenzo chetekela nochetekela apa bachinja na goalpost,False,0.5574,positive,0.5574,0.286,0.714,0.0,positive,0.5574,positive,False,0.0,,10,1,0.0,0.0,0.0,0.1,0.0,0.0,0.0
707873887745003,chilyana chitala doesn t matter exporting gives country foreign exchange,False,0.0258,neutral,0.0258,0.121,0.879,0.0,neutral,0.0258,neutral,False,0.0,,10,2,0.0,0.0,0.0,0.1,0.0,0.0,0.0
601958428357758,s still 12 hours day difference just conceal contracts,False,0.0,neutral,0.0,0.0,1.0,0.0,neutral,0.0,neutral,False,0.0,,9,1,0.0,0.0,0.0,0.0,0.1111111111111111,0.0,0.0555555555555555
552697647224346,lulu nkowani nguni s too much two lines mu yard kwinangu power group c awe sure,False,0.3182,positive,-0.3818,0.15,0.85,0.0,negative,-0.3818,negative,True,-0.7,awe,16,1,0.0,0.0,0.0625,0.0,0.0,0.0,0.0
494225406114471,makumba peter chimpolonge hope solution improves especially mamba coal 150 mw come anytime soon hope water levels should start improving dear expected unit kafue lower hope,False,0.9432,positive,0.9432,0.487,0.457,0.056,positive,0.9432,positive,False,0.0,,26,9,0.0,0.1923076923076923,0.0,0.1153846153846153,0.0384615384615384,0.1923076923076923,0.0192307692307692
1134579711021493,hello maggie jambila sincere apologies delayed restoration please note may occur due system overloads back supply fp,False,0.4767,positive,0.4767,0.239,0.67,0.091,positive,0.4767,positive,False,0.0,,17,4,0.0,0.0,0.0,0.1176470588235294,0.0,0.0,0.0
1201900610904461,power right now happens don t restore power area before deadline,False,0.296,positive,0.296,0.196,0.804,0.0,positive,0.296,positive,False,0.0,,11,1,0.0,0.0,0.0,0.0909090909090909,0.0,0.0,0.0
964210588218573,good morning consistently inconsistent group b solwezi power went off around 06 00 morning thought says 20 21 hours,False,0.4404,positive,0.4404,0.146,0.854,0.0,positive,0.4404,positive,False,0.0,,19,2,0.0,0.1052631578947368,0.0,0.0526315789473684,0.0,0.1052631578947368,0.0
530851722153204,ryan sikananu sikananuryan sikananu sikananu indeed,False,0.0,neutral,0.0,0.0,1.0,0.0,neutral,0.0,neutral,False,0.0,,6,0,0.0,0.0,0.0,0.0,0.0,0.0,0.0
1037256991273637,joke kind guys running company just failures milking further run down small businesses s getting bad ground yet sit those offices doing nothing improve situation honestly use electricity midnight jokers,False,-0.699,negative,-0.699,0.14,0.575,0.285,negative,-0.699,negative,False,0.0,,30,7,0.0333333333333333,0.0333333333333333,0.0333333333333333,0.1,0.0333333333333333,0.0333333333333333,0.0333333333333333
1112572957094230,belinda thole s power power restored ninshi tuli kuma bar,False,0.34,positive,0.34,0.231,0.769,0.0,positive,0.34,positive,False,0.0,,10,0,0.0,0.0,0.0,0.0,0.0,0.0,0.0
1310903716432248,6 hours s 12 hrs power 05 hrs untill 13 hrs power went 18 hrs restored 24 hrs ati 12 hrs s two six hours intervals tell people truth,False,0.5719,positive,0.5719,0.164,0.836,0.0,positive,0.5719,positive,False,0.0,,29,1,0.0,0.0,0.0,0.0344827586206896,0.0,0.0,0.0
1157102772410348,hi thandi anna letwaba apologize inconvenience caused please note timetable changed reason extended load management area due system overload currently being addressed technical teams ground regards cj,False,-0.3182,negative,-0.3182,0.117,0.726,0.158,negative,-0.3182,negative,False,0.0,,27,6,0.0,0.0,0.0,0.1481481481481481,0.074074074074074,0.0,0.037037037037037
1539253826550352,isaac zulu take papas seriously nigeria re having elections february papas quiet because people nigeria know re conmen,False,-0.1779,negative,-0.1779,0.0,0.909,0.091,negative,-0.1779,negative,False,0.0,,18,1,0.0,0.0,0.0,0.0,0.0555555555555555,0.0,0.0277777777777777
893053705214196,y ba solwezi zesco following schedule 6hrs power 6 hours power off ifili simple want complicate sure apa 10 hours yaya,False,0.3818,positive,0.3818,0.175,0.825,0.0,positive,0.3818,positive,False,0.0,,21,1,0.0476190476190476,0.0,0.0,0.0,0.0,0.0,0.0238095238095238
1755477978180396,s like break giving us time charge phones only very pathetic,False,-0.024,neutral,-0.024,0.308,0.44,0.251,neutral,-0.024,neutral,False,0.0,,11,4,0.0,0.0909090909090909,0.0,0.0,0.0909090909090909,0.0909090909090909,0.0454545454545454
1126291694701077,karin louise neethling monge least split gives us couple decent hours during day recharge batteries run fridge,False,0.0,neutral,0.0,0.0,1.0,0.0,neutral,0.0,neutral,False,0.0,,17,2,0.0,0.0,0.0,0.0,0.0,0.0,0.0
752092206314556,mubanga ndakasha mujajati same even,False,0.0,neutral,0.0,0.0,1.0,0.0,neutral,0.0,neutral,False,0.0,,5,0,0.0,0.0,0.0,0.0,0.0,0.0,0.0
691083175945529,mr makoi over 7 hours same boat,False,0.0,neutral,0.0,0.0,1.0,0.0,neutral,0.0,neutral,False,0.0,,7,0,0.0,0.0,0.0,0.0,0.0,0.0,0.0
1681413012651571,dennis zulu stop commenting rubbish,False,-0.296,negative,-0.296,0.0,0.645,0.355,negative,-0.296,negative,False,0.0,,5,1,0.0,0.0,0.0,0.0,0.0,0.0,0.0
957257449022006,uncle ticky right,False,0.0,neutral,0.0,0.0,1.0,0.0,neutral,0.0,neutral,False,0.0,,3,0,0.0,0.0,0.0,0.0,0.0,0.0,0.0
656575589595075,today whole day power 23 30 s going happening don t know 12 hours power only 6 hours power management s good how s load schedule too bad time cut power,False,-0.4019,negative,-0.4019,0.092,0.73,0.178,negative,-0.4019,negative,False,0.0,,31,5,0.032258064516129,0.064516129032258,0.032258064516129,0.0967741935483871,0.032258064516129,0.064516129032258,0.032258064516129
1539253826550352,dalitso phiri yes everyone furious part prophecy including honest zambians went official page argue,False,-0.0258,neutral,-0.0258,0.271,0.452,0.276,neutral,-0.0258,neutral,False,0.0,,14,6,0.2142857142857142,0.0714285714285714,0.0714285714285714,0.1428571428571428,0.0714285714285714,0.0714285714285714,0.1428571428571428
1232407294538572,meter,False,0.0,neutral,0.0,0.0,1.0,0.0,neutral,0.0,neutral,False,0.0,,1,0,0.0,0.0,0.0,0.0,0.0,0.0,0.0
1073389894142647,mrgarry zambia get,False,0.0,neutral,0.0,0.0,1.0,0.0,neutral,0.0,neutral,False,0.0,,3,0,0.0,0.0,0.0,0.0,0.0,0.0,0.0
1056458468853307,pa zambia u waiting normal process u won t connected dear zambia country open ur eyes,False,0.743,positive,0.743,0.364,0.636,0.0,positive,0.743,positive,False,0.0,,16,1,0.0,0.0,0.0,0.0,0.0,0.0,0.0
543396097838713,edgar shimalukwe 05 yesterday only 2hrs power just watch soccer chelsea vs man city went upto now still theres,False,0.0,neutral,0.0,0.0,1.0,0.0,neutral,0.0,neutral,False,0.0,,19,1,0.0,0.0526315789473684,0.0526315789473684,0.0,0.0,0.0526315789473684,0.0
958142769405125,mashata sebby point,False,0.0,neutral,0.0,0.0,1.0,0.0,neutral,0.0,neutral,False,0.0,,3,0,0.0,0.0,0.0,0.0,0.0,0.0,0.0
476599011338760,still same ku lusaka west,False,0.0,neutral,0.0,0.0,1.0,0.0,neutral,0.0,neutral,False,0.0,,5,0,0.0,0.0,0.0,0.0,0.0,0.0,0.0
548161767329099,kuno 11hrs yesterday till now power,False,0.0,neutral,0.0,0.0,1.0,0.0,neutral,0.0,neutral,False,0.0,,6,0,0.0,0.0,0.0,0.0,0.0,0.0,0.0
1494654464782369,s already 14hrs power group e kamwala south s point schedules don t follow,False,0.0,neutral,0.0,0.0,1.0,0.0,neutral,0.0,neutral,False,0.0,,14,1,0.0,0.0,0.0,0.0714285714285714,0.0,0.0,0.0
408819144761920,phenia chikakaila exactly understand too shall pass,False,0.0,neutral,0.0,0.0,1.0,0.0,neutral,0.0,neutral,False,0.0,,7,0,0.0,0.0,0.0,0.0,0.0,0.0,0.0
1590117018602894,appreciate efforts ba zesco limited amidst storm re standing tall tirelessly may rain heavily good works shown everyone,False,0.5719,positive,0.5719,0.249,0.667,0.084,positive,0.5719,positive,False,0.0,,18,5,0.1111111111111111,0.0555555555555555,0.0,0.0555555555555555,0.0555555555555555,0.0555555555555555,0.0833333333333333
504093228477605,those want go back edgar pf regime go ahead us remain current,False,0.0772,positive,0.0772,0.106,0.894,0.0,positive,0.0772,positive,False,0.0,,12,1,0.0,0.0,0.0,0.0,0.0,0.0,0.0
842823977934327,mumatisobelesa bafikala zoona ai,False,0.0,neutral,0.0,0.0,1.0,0.0,neutral,0.0,neutral,False,0.0,,4,0,0.0,0.0,0.0,0.0,0.0,0.0,0.0
206965158573762,please asking loadshed area s wedding going pali ba neighbor wasn t invited,False,0.3182,positive,0.3182,0.187,0.813,0.0,positive,0.3182,positive,False,0.0,,13,1,0.0,0.0769230769230769,0.0,0.0769230769230769,0.0,0.0769230769230769,0.0
851116133455292,feli lex how s bitter,False,-0.4215,negative,-0.4215,0.0,0.517,0.483,negative,-0.4215,negative,False,0.0,,5,0,0.0,0.0,0.0,0.0,0.0,0.0,0.0
513134628239402,ba zesco tell us another lie because today 1 october,False,0.0,neutral,0.0,0.0,1.0,0.0,neutral,0.0,neutral,False,0.0,,10,1,0.1,0.0,0.0,0.0,0.1,0.0,0.1
559897986037225,lucky phiri znbc news lusaka,False,0.4215,positive,0.4215,0.412,0.588,0.0,positive,0.4215,positive,False,0.0,,5,1,0.0,0.0,0.0,0.0,0.0,0.0,0.0
348524291512289,services pathetic helpline off 3600 well isn t working haven t electricity 18 00 hours yesterday chingola south,False,-0.3818,negative,-0.3818,0.106,0.707,0.187,negative,-0.3818,negative,False,0.0,,18,4,0.0,0.0,0.0,0.0555555555555555,0.0555555555555555,0.0,0.0277777777777777
1663711887818549,vaupuba che 400mw re importing much talked mamba 3000mw useless minister just saying things opposite happening,False,-0.4215,negative,-0.4215,0.0,0.843,0.157,negative,-0.4215,negative,False,0.0,,16,1,0.0,0.0,0.0,0.0,0.0,0.0,0.0
1391164684756543,veronica oputa part silverest live power through night most part day left home without power came back power woke power,False,0.0,neutral,0.0,0.0,1.0,0.0,neutral,0.0,neutral,False,0.0,,20,0,0.0,0.0,0.0,0.0,0.0,0.0,0.0
959800342861410,add how expect people those upgrades having power still rumour kindly confirm whether upgrades done without power,False,0.4939,positive,0.4939,0.167,0.833,0.0,positive,0.4939,positive,False,0.0,,17,1,0.0,0.0588235294117647,0.0,0.0588235294117647,0.0,0.0588235294117647,0.0
964197191290443,ine everything s happening blame bally,False,-0.34,negative,-0.34,0.0,0.625,0.375,negative,-0.34,negative,False,0.0,,6,1,0.1666666666666666,0.0,0.0,0.0,0.0,0.0,0.0833333333333333
1594917784453736,switch power ku ring road chalala update kaili,False,0.0,neutral,-0.2,0.0,1.0,0.0,negative,-0.2,negative,True,-0.2,kaili,8,0,0.0,0.0,0.0,0.0,0.0,0.0,0.0
798380101728535,mr president doing good let s learn appreciate people still alive done number good things zambia perfect yourself pls leave mr president alone,False,0.9217,positive,0.9217,0.518,0.387,0.095,positive,0.9217,positive,False,0.0,,23,8,0.0,0.1739130434782608,0.0,0.2608695652173913,0.0434782608695652,0.1739130434782608,0.0217391304347826
445278351308826,kaya ise group week cause 6 14 awe ba zesco mwandi,False,0.0,neutral,-1.0,0.0,1.0,0.0,negative,-1.0,negative,True,-1.0,"awe,kaya",11,0,0.0,0.0,0.0,0.0,0.0,0.0,0.0
901202714847821,ba zesco forget today first week october,False,-0.2263,negative,-0.2263,0.0,0.759,0.241,negative,-0.2263,negative,False,0.0,,7,1,0.0,0.0,0.0,0.0,0.0,0.0,0.0
1085032883086669,chomba lesa malembeka imagine people,False,0.0,neutral,0.0,0.0,1.0,0.0,neutral,0.0,neutral,False,0.0,,5,0,0.0,0.0,0.0,0.0,0.0,0.0,0.0
492310796602094,christine joanna julio meter works without power just press,False,0.0,neutral,0.0,0.0,1.0,0.0,neutral,0.0,neutral,False,0.0,,9,0,0.0,0.0,0.0,0.0,0.0,0.0,0.0
1619844888456733,kikikikikik uku ndiye kusila manje staggering 12hrs into 6 hr period apa peve work done equal zero,False,0.0,neutral,-0.3,0.0,1.0,0.0,negative,-0.3,negative,True,-0.3,manje,17,1,0.0,0.0,0.0,0.0,0.0,0.0,0.0
955135689986216,please give us feedback today october 1st tells maamba station fully active how many hours loadsheeding reduced zesco limited,False,0.5256,positive,0.5256,0.228,0.69,0.082,positive,0.5256,positive,False,0.0,,19,2,0.0526315789473684,0.0,0.0,0.0526315789473684,0.0526315789473684,0.0,0.0526315789473684
1080839880079636,kabungo edward ed much board independent know every decision board makes pass through president before s implemented,False,0.0,neutral,0.0,0.0,1.0,0.0,neutral,0.0,neutral,False,0.0,,17,3,0.0,0.1176470588235294,0.0,0.0588235294117647,0.0,0.1176470588235294,0.0
1040670324511272,people normal head toe coz,False,0.0,neutral,0.0,0.0,1.0,0.0,neutral,0.0,neutral,False,0.0,,5,0,0.0,0.0,0.0,0.0,0.0,0.0,0.0
510100265225826,pa 1 nipa 1 ba ze ka hint atishani,False,0.0,neutral,0.0,0.0,1.0,0.0,neutral,0.0,neutral,False,0.0,,9,0,0.0,0.0,0.0,0.0,0.0,0.0,0.0
8627386197333945,better muleshimyako 00 00 hours ninshi imwe,False,0.4404,positive,0.4404,0.326,0.674,0.0,positive,0.4404,positive,False,0.0,,7,0,0.0,0.0,0.0,0.0,0.0,0.0,0.0
1523971754908595,nga mwachiisunga fye 3 hours yenu iyo services far most lousiest disappointing how pathetic,False,-0.9016,negative,-0.9016,0.0,0.475,0.525,negative,-0.9016,negative,False,0.0,,14,2,0.0,0.0,0.0,0.0,0.1428571428571428,0.0,0.0714285714285714
273359858632446,please normalize coz im only remaining 3 units,False,0.3182,positive,0.3182,0.277,0.723,0.0,positive,0.3182,positive,False,0.0,,8,0,0.0,0.0,0.0,0.0,0.0,0.0,0.0
1657317551537951,nancy prisháàn s mum true power since tuesday,False,0.4215,positive,0.4215,0.318,0.682,0.0,positive,0.4215,positive,False,0.0,,8,2,0.0,0.0,0.125,0.125,0.0,0.0,0.0
233194139652219,malita chola mutanya dial 3600,False,0.0,neutral,0.0,0.0,1.0,0.0,neutral,0.0,neutral,False,0.0,,5,0,0.0,0.0,0.0,0.0,0.0,0.0,0.0
526037213706414,ifyo labeniko first lelo ni pa 1,False,0.0,neutral,0.0,0.0,1.0,0.0,neutral,0.0,neutral,False,0.0,,7,0,0.0,0.0,0.0,0.0,0.0,0.0,0.0
954115973046444,zesco please find wherelumbanya kangwa stays because always power area special don t loadshed,False,0.6124,positive,0.6124,0.312,0.688,0.0,positive,0.6124,positive,False,0.0,,14,2,0.0,0.0,0.0,0.0714285714285714,0.0,0.0,0.0
2026827234327779,frackson kasuko used airtel fine now,False,0.2023,positive,0.2023,0.265,0.735,0.0,positive,0.2023,positive,False,0.0,,6,0,0.0,0.0,0.0,0.0,0.0,0.0,0.0
1895932464076398,libala goes 05hrs 11hrs 17hrs 23 other areas s goes 6hrs only re fair,False,0.3182,positive,0.3182,0.161,0.839,0.0,positive,0.3182,positive,False,0.0,,14,1,0.0,0.0,0.0,0.0,0.0,0.0,0.0
586576243746346,ba zesco should serious post something 23rd go say deadline 24th guys smoke aii olo make matters worse fima power supply only comes around 01hrs mwalipena very useless mangwamus indeed,False,-0.7501,negative,-0.7501,0.032,0.752,0.217,negative,-0.7501,negative,False,0.0,,30,3,0.0,0.0,0.0333333333333333,0.0,0.0333333333333333,0.0,0.0166666666666666
1201200271113616,hurst mwale progress,False,0.4215,positive,0.4215,0.583,0.417,0.0,positive,0.4215,positive,False,0.0,,3,1,0.0,0.3333333333333333,0.0,0.0,0.0,0.3333333333333333,0.0
3792415490984887,m sure know how express yourself say correctly how many times expect power cut n put times groups eg power goes 05 00 11 00hrs expect cut 17 00 23 00hrs guess work inconveniencing,False,-0.2263,negative,-0.2263,0.065,0.817,0.118,negative,-0.2263,negative,False,0.0,,34,3,0.0,0.0588235294117647,0.0,0.0588235294117647,0.0,0.0588235294117647,0.0
516808784438740,01 10 24 how come mindolo police camp kitwe power 24 7,False,0.0,neutral,0.0,0.0,1.0,0.0,neutral,0.0,neutral,False,0.0,,12,1,0.0,0.0,0.0833333333333333,0.0833333333333333,0.0,0.0,0.0
1869969563344008,midnight till now electricity,False,0.0,neutral,0.0,0.0,1.0,0.0,neutral,0.0,neutral,False,0.0,,4,1,0.0,0.0,0.0,0.0,0.0,0.0,0.0
880439590817413,monde naomi havuluma s rotational,False,0.0,neutral,0.0,0.0,1.0,0.0,neutral,0.0,neutral,False,0.0,,5,0,0.0,0.0,0.0,0.0,0.0,0.0,0.0
2687376171423275,s 1st october today,False,0.0,neutral,0.0,0.0,1.0,0.0,neutral,0.0,neutral,False,0.0,,4,0,0.0,0.0,0.0,0.0,0.0,0.0,0.0
848821520593006,hi jyotz misra sincere apologies inconvenience caused kindly note due unplanned outages technical team doing everything possible serve better always register fault us experience loss supply beyond load management schedule use self service platforms such 3600 use zesco whatsapp number 260762626977 following prompts pm,False,0.3818,positive,0.3818,0.185,0.678,0.137,positive,0.3818,positive,False,0.0,,44,7,0.0227272727272727,0.0,0.0227272727272727,0.0909090909090909,0.0454545454545454,0.0,0.034090909090909
1964079714067506,difference between upnd both direction u live lies,False,-0.4215,negative,-0.4215,0.0,0.682,0.318,negative,-0.4215,negative,False,0.0,,8,0,0.0,0.0,0.0,0.0,0.0,0.0,0.0
1577641209755812,good morning zesco limited regards ceo,False,0.25,positive,0.25,0.33,0.455,0.216,positive,0.25,positive,False,0.0,,6,2,0.1666666666666666,0.1666666666666666,0.0,0.1666666666666666,0.1666666666666666,0.1666666666666666,0.1666666666666666
952904566836835,zesco limited complain 2939548 zesco came around 20 30 went off 21 50 note loadshedding schedule 12 20 hours pls check,False,-0.4767,negative,-0.4767,0.055,0.759,0.186,negative,-0.4767,negative,False,0.0,,21,2,0.0952380952380952,0.0,0.0,0.0,0.0952380952380952,0.0,0.0952380952380952
559716629070332,best just make sure power cuts immediately chelsea start playing save lot energy power bp,False,0.886,positive,0.886,0.548,0.363,0.089,positive,0.886,positive,False,0.0,,15,3,0.0,0.1333333333333333,0.0,0.0666666666666666,0.0,0.1333333333333333,0.0
1045021707103658,andrew mwansa hahaha insulting,False,0.1027,positive,0.1027,0.409,0.227,0.364,positive,0.1027,positive,False,0.0,,4,1,0.25,0.0,0.25,0.0,0.25,0.0,0.25
311057938684793,jumma mugala right,False,0.0,neutral,0.0,0.0,1.0,0.0,neutral,0.0,neutral,False,0.0,,3,0,0.0,0.0,0.0,0.0,0.0,0.0,0.0
549749810428788,meaning loadsheded twice day people unacceptable while other countries enjoying malaiti aikona suspend exporting power chapwafye,False,-0.2263,negative,-0.4263,0.157,0.599,0.244,negative,-0.4263,negative,True,-0.2,malaiti,16,2,0.0,0.0625,0.0,0.0625,0.0625,0.0625,0.03125
1091858975810538,tell feed back,False,0.0,neutral,0.0,0.0,1.0,0.0,neutral,0.0,neutral,False,0.0,,3,0,0.0,0.0,0.0,0.0,0.0,0.0,0.0
1177718989955439,24 00 03 00 s using practice witchcraft,False,0.0,neutral,0.0,0.0,1.0,0.0,neutral,0.0,neutral,False,0.0,,8,2,0.125,0.0,0.125,0.0,0.125,0.0,0.125
415671438096711,other genuine ideas stop loadshedding t tap water other sources eg siavonga river,False,-0.296,negative,-0.296,0.0,0.833,0.167,negative,-0.296,negative,False,0.0,,13,1,0.0,0.0,0.0,0.0769230769230769,0.0,0.0,0.0
1539253826550352,judy mulenga those,False,0.0,neutral,0.0,0.0,1.0,0.0,neutral,0.0,neutral,False,0.0,,3,0,0.0,0.0,0.0,0.0,0.0,0.0,0.0
546850294398405,highest mediocrity ever experienced country s sad painful see kind nonsense being accepted tolerated deserve better knew ready stabilize power should just kept quiet,False,0.2263,positive,0.2263,0.304,0.418,0.279,positive,0.2263,positive,False,0.0,,24,9,0.0833333333333333,0.125,0.0833333333333333,0.125,0.0833333333333333,0.125,0.0833333333333333
610802407817623,ireen mbola how many set numbers receive currently network down zesco posted just patient restore,False,0.296,positive,0.296,0.136,0.864,0.0,positive,0.296,positive,False,0.0,,15,3,0.0,0.1333333333333333,0.0,0.0,0.0,0.1333333333333333,0.0
987006009760428,love group e only problem don t follow timetable,False,0.3612,positive,0.3612,0.353,0.42,0.227,positive,0.3612,positive,False,0.0,,9,3,0.0,0.0,0.1111111111111111,0.1111111111111111,0.1111111111111111,0.0,0.0555555555555555
1616637372559879,how those facebook phones know short notice,False,0.0,neutral,0.0,0.0,1.0,0.0,neutral,0.0,neutral,False,0.0,,7,0,0.0,0.0,0.0,0.0,0.0,0.0,0.0
1356712481811022,now public utility company zambia first,False,0.0,neutral,0.0,0.0,1.0,0.0,neutral,0.0,neutral,False,0.0,,6,2,0.0,0.1666666666666666,0.0,0.0,0.0,0.1666666666666666,0.0
1462887677749584,activist hon munsanje kkkkkk,False,0.0,neutral,0.0,0.0,1.0,0.0,neutral,0.0,neutral,False,0.0,,4,0,0.0,0.0,0.0,0.0,0.0,0.0,0.0
1628658844662216,tri cia phiri bunch crooks,False,0.0,neutral,0.0,0.0,1.0,0.0,neutral,0.0,neutral,False,0.0,,5,0,0.0,0.0,0.0,0.0,0.0,0.0,0.0
203300832501898,lodge connection problems paid 2017,False,-0.4019,negative,-0.4019,0.0,0.597,0.403,negative,-0.4019,negative,False,0.0,,5,0,0.0,0.0,0.0,0.0,0.0,0.0,0.0
1464374354271951,va zeereth va zee hadeth power 2days straighteth group e keep thy power needeth juntureth iyi relationship ili toxic let s break,False,0.0,neutral,-0.5,0.0,1.0,0.0,negative,-0.5,negative,True,-0.5,zee,22,2,0.0,0.0,0.0,0.0,0.0,0.0,0.0
128374143619540,nibwezeleni k10 kept trying trying,False,0.0,neutral,0.0,0.0,1.0,0.0,neutral,0.0,neutral,False,0.0,,5,0,0.0,0.0,0.0,0.0,0.0,0.0,0.0
1332443117593026,sir kenneth ngulube thoughts too,False,0.0,neutral,0.0,0.0,1.0,0.0,neutral,0.0,neutral,False,0.0,,5,1,0.0,0.0,0.0,0.2,0.0,0.0,0.0
1384698558972058,simple instructions president cant follow still experiencing same 12hrs power cut chingola 05am almost 8pm nights ninshi mwapangwa shani,False,-0.2732,negative,-0.2732,0.0,0.896,0.104,negative,-0.2732,negative,False,0.0,,19,2,0.0,0.0526315789473684,0.0,0.1052631578947368,0.0,0.0526315789473684,0.0
1550415722277796,how going power comes midnight,False,0.0,neutral,0.0,0.0,1.0,0.0,neutral,0.0,neutral,False,0.0,,5,0,0.0,0.0,0.0,0.0,0.0,0.0,0.0
259545083611430,connection three months time quotation comes pay even tell connection done 3 months even application form written than behind,False,-0.1027,negative,-0.1027,0.0,0.924,0.076,negative,-0.1027,negative,False,0.0,,19,2,0.0,0.1052631578947368,0.0,0.0526315789473684,0.0,0.1052631578947368,0.0
7647602908640872,hello melody banda daka thank reaching us please note value customers strive serve better kindly advise how may assist pm,False,0.9201,positive,0.9201,0.519,0.481,0.0,positive,0.9201,positive,False,0.0,,20,4,0.0,0.05,0.0,0.15,0.0,0.05,0.0
2251977241829025,vaupuba che govt ought ashamed,False,-0.4767,negative,-0.4767,0.0,0.563,0.437,negative,-0.4767,negative,False,0.0,,5,1,0.0,0.0,0.0,0.0,0.2,0.0,0.1
593302386112919,message dear esteemed customer delayed restoration supply area due ongoing load management supply restored soon load system stabilizes regret inconvenience caused power went before six morning today until now kabangwe thought integrity pillar business saying something else practice something contrary statement shame even corporate institutions ceased tell truth core values,True,0.6369,positive,0.6369,0.236,0.608,0.157,negative,0.6369,negative,False,0.0,,50,17,0.0,0.04,0.02,0.1,0.04,0.04,0.02
2498876370301527,people really run ideas working under pressure,False,-0.296,negative,-0.296,0.0,0.732,0.268,negative,-0.296,negative,False,0.0,,7,2,0.0,0.0,0.0,0.0,0.0,0.0,0.0
518678517458127,ba zesco limited serious let down mwandi haaaaaaa hope want give us ai 3 hrs residential supposed us ai elo same ones won t even following theses stupid schedules ai mxxxzzm,False,0.3182,positive,0.3182,0.211,0.613,0.176,positive,0.3182,positive,False,0.0,,31,3,0.032258064516129,0.032258064516129,0.0,0.032258064516129,0.032258064516129,0.032258064516129,0.032258064516129
876487240776944,post clearly indicate things yet stable date fix issue hand,False,0.7964,positive,0.7964,0.536,0.464,0.0,positive,0.7964,positive,False,0.0,,10,1,0.0,0.0,0.0,0.1,0.0,0.0,0.0
507152648185346,loadshedding reduced 6hours means also reduced 3hrs fibweshenifye twapapata,False,0.0,neutral,0.0,0.0,1.0,0.0,neutral,0.0,neutral,False,0.0,,9,0,0.0,0.0,0.0,0.0,0.0,0.0,0.0
2216626628706016,ka promise kalya ati shani ni pa wanu lelo,False,0.3182,positive,0.3182,0.223,0.777,0.0,positive,0.3182,positive,False,0.0,,9,1,0.0,0.0,0.0,0.1111111111111111,0.0,0.0,0.0
230568016489685,bought morning three times yet receive tokens,False,0.0,neutral,0.0,0.0,1.0,0.0,neutral,0.0,neutral,False,0.0,,7,0,0.0,0.0,0.0,0.0,0.0,0.0,0.0
1289225959190705,how update without power onani ba zesco magicians mwapulika ka,False,0.0,neutral,0.0,0.0,1.0,0.0,neutral,0.0,neutral,False,0.0,,10,0,0.0,0.0,0.0,0.0,0.0,0.0,0.0
880439590817413,wiza simuchimba ala mwandi kuti wapapa elo whoever suggested midnight 03 serious,False,-0.0772,negative,-0.3772,0.0,0.894,0.106,negative,-0.3772,negative,True,-0.3,kuti,12,0,0.0,0.0,0.0,0.0,0.0,0.0,0.0
1356117571869792,better than before doubt,False,0.1027,positive,0.1027,0.392,0.27,0.338,positive,0.1027,positive,False,0.0,,4,1,0.0,0.0,0.25,0.25,0.25,0.0,0.125
1090654236363564,chipo mutale think,False,0.0,neutral,0.0,0.0,1.0,0.0,neutral,0.0,neutral,False,0.0,,3,0,0.0,0.0,0.0,0.0,0.0,0.0,0.0
1905602866545786,loadshedding ending s too much,False,0.0,neutral,0.0,0.0,1.0,0.0,neutral,0.0,neutral,False,0.0,,5,0,0.0,0.0,0.0,0.0,0.0,0.0,0.0
742161944668887,put schedule fail stick,False,-0.5423,negative,-0.5423,0.0,0.462,0.538,negative,-0.5423,negative,False,0.0,,4,0,0.0,0.0,0.0,0.0,0.0,0.0,0.0
561240262529112,ethal stephenson lol keep missing each other power mulepusanafye,False,0.1531,positive,0.1531,0.233,0.583,0.183,positive,0.1531,positive,False,0.0,,9,1,0.0,0.0,0.1111111111111111,0.0,0.1111111111111111,0.0,0.0555555555555555
1171984817015612,ise kuno ku kamwala south s 05 11 nafuti 17 23 awe bane stopping heart mutima ozilesa very important,False,0.1263,positive,-0.5737,0.106,0.812,0.081,negative,-0.5737,negative,True,-0.7,awe,19,2,0.0526315789473684,0.0,0.0526315789473684,0.0526315789473684,0.0,0.0,0.0263157894736842
457696760614575,group e past 1 month even witches know us now wake draw water prepare uniforms work school others sleeping awe just too much,False,0.0,neutral,-0.7,0.0,1.0,0.0,negative,-0.7,negative,True,-0.7,awe,23,2,0.0,0.0434782608695652,0.0,0.0434782608695652,0.0,0.0434782608695652,0.0
1292298335134457,how check without electricity imwe should serious ai,False,-0.0772,negative,-0.0772,0.0,0.843,0.157,negative,-0.0772,negative,False,0.0,,8,1,0.0,0.0,0.0,0.0,0.0,0.0,0.0
412250048574132,today 1st october yaya kuno director sir smeared us butter,False,0.0,neutral,0.0,0.0,1.0,0.0,neutral,0.0,neutral,False,0.0,,10,2,0.0,0.0,0.0,0.2,0.0,0.0,0.0
541375248114781,personally paid march need pole upto now,False,0.0,neutral,0.0,0.0,1.0,0.0,neutral,0.0,neutral,False,0.0,,7,1,0.0,0.0,0.0,0.0,0.0,0.0,0.0
1149469195755648,chanda kasongo s irritating mwandi yesterday power went 12 came 23 woke 05 went came 13 30 17 s gone awe too much,False,-0.4588,negative,-1.0,0.0,0.87,0.13,negative,-1.0,negative,True,-0.7,awe,23,1,0.0434782608695652,0.0,0.0,0.0,0.0,0.0,0.0217391304347826
559218576126862,5 days power s really frustrating relish gone bad hakainde hichilema please something,False,-0.659,negative,-0.659,0.135,0.471,0.394,negative,-0.659,negative,False,0.0,,13,1,0.0769230769230769,0.0,0.0769230769230769,0.0,0.0769230769230769,0.0,0.0769230769230769
4523293367795418,meaning every 6 hours having power switch off loadshedding twice day even confusing,False,-0.2263,negative,-0.2263,0.0,0.853,0.147,negative,-0.2263,negative,False,0.0,,13,0,0.0,0.0,0.0,0.0,0.0,0.0,0.0
2392680880883194,zesco needs go under hammer zanaco use useless until sold s now most happening bank zambia,False,-0.4215,negative,-0.4215,0.0,0.833,0.167,negative,-0.4215,negative,False,0.0,,16,2,0.0,0.0,0.0,0.0625,0.0,0.0,0.0
792953145817891,looks like s big problem now solution que hours,False,0.2732,positive,0.2732,0.384,0.4,0.216,positive,0.2732,positive,False,0.0,,9,2,0.0,0.0,0.1111111111111111,0.0,0.1111111111111111,0.0,0.0555555555555555
514317037868664,today october 1st zesco limited s story s over 24hrs zanimuone filter lane without power atishani,False,-0.2263,negative,-0.2263,0.0,0.872,0.128,negative,-0.2263,negative,False,0.0,,16,1,0.0625,0.0,0.0,0.0,0.0625,0.0,0.0625
2004237213425905,savatir imwe shuwa also surprised 40sec thought growing started makimg failing understand english well,False,0.1027,positive,0.1027,0.3,0.526,0.174,positive,0.1027,positive,False,0.0,,14,3,0.0714285714285714,0.1428571428571428,0.0714285714285714,0.0,0.0714285714285714,0.1428571428571428,0.0714285714285714
754014609808724,mwansa mulenga network use please trying airtel,False,0.3182,positive,0.3182,0.277,0.723,0.0,positive,0.3182,positive,False,0.0,,7,1,0.0,0.1428571428571428,0.0,0.0,0.0,0.1428571428571428,0.0
1139232760450889,s problem problem name george many letters reason mean joj just fine,False,-0.5574,negative,-0.5574,0.118,0.526,0.355,negative,-0.5574,negative,False,0.0,,12,3,0.0,0.0,0.1666666666666666,0.0,0.1666666666666666,0.0,0.0833333333333333
644107217775772,brian ngoma first didn t go through,False,0.0,neutral,0.0,0.0,1.0,0.0,neutral,0.0,neutral,False,0.0,,7,0,0.0,0.0,0.0,0.0,0.0,0.0,0.0
1571689290350502,pelly mandah imagine zoona,False,0.0,neutral,0.0,0.0,1.0,0.0,neutral,0.0,neutral,False,0.0,,4,0,0.0,0.0,0.0,0.0,0.0,0.0,0.0
1413194982809799,ngoza ash kumwenda kuti watukana,False,0.0,neutral,-0.3,0.0,1.0,0.0,negative,-0.3,negative,True,-0.3,kuti,5,1,0.0,0.0,0.0,0.0,0.0,0.0,0.0
263532769821045,s same case zesco kalulushi paid july upto now nothing,False,0.0,neutral,0.0,0.0,1.0,0.0,neutral,0.0,neutral,False,0.0,,10,1,0.0,0.0,0.1,0.0,0.1,0.0,0.05
1140333603671525,t just share provinces help us,False,0.5994,positive,0.5994,0.62,0.38,0.0,positive,0.5994,positive,False,0.0,,6,1,0.0,0.1666666666666666,0.0,0.1666666666666666,0.0,0.1666666666666666,0.0
544026224972081,lelo nipa wanu tayakile na lelo,False,0.0,neutral,0.0,0.0,1.0,0.0,neutral,0.0,neutral,False,0.0,,6,0,0.0,0.0,0.0,0.0,0.0,0.0,0.0
1594917784453736,daniel zulu telly m scared chances becoming slim,False,-0.2732,negative,-0.2732,0.186,0.515,0.299,negative,-0.2732,negative,False,0.0,,8,1,0.0,0.0,0.0,0.0,0.0,0.0,0.0
546503710737176,should loadshedding president called unacceptable opposition though should solution now kanshi s stop paper just amplifying pf used explain situation kariba garry nkombo record giving simple solution parliament end loadshedding committee supply ministry energy changed,True,0.4404,positive,0.4404,0.215,0.662,0.123,negative,0.4404,negative,False,0.0,,35,11,0.0285714285714285,0.0,0.0,0.1428571428571428,0.0285714285714285,0.0,0.0285714285714285
326213627155585,prince delle mumba re clever statement above mentioned word approximately 8hrs don t complain goes slightly before beyond,False,0.128,positive,0.128,0.146,0.732,0.122,positive,0.128,positive,False,0.0,,18,6,0.0555555555555555,0.0,0.0,0.1666666666666666,0.0555555555555555,0.0,0.0555555555555555
3907429466155481,nipa 1 lelo weh,False,0.0,neutral,0.0,0.0,1.0,0.0,neutral,0.0,neutral,False,0.0,,4,0,0.0,0.0,0.0,0.0,0.0,0.0,0.0
697366508700436,like breaking girl twice day yaba way 2026 zesco vote alone,False,0.128,positive,-0.172,0.185,0.667,0.148,negative,-0.172,negative,True,-0.3,yaba,11,1,0.0909090909090909,0.0909090909090909,0.0,0.0909090909090909,0.0909090909090909,0.0909090909090909,0.0909090909090909
857332325321181,lucy bwalya munthali true thought only experiencing,False,0.4215,positive,0.4215,0.318,0.682,0.0,positive,0.4215,positive,False,0.0,,7,2,0.0,0.1428571428571428,0.0,0.1428571428571428,0.0,0.1428571428571428,0.0
1130738321308110,ba zesco sure sure ba zesco honesty wisdom education how load shed central business district lusaka surely normal load shed cbd 05hrs how people work come reasonable once,False,0.9201,positive,0.9201,0.38,0.62,0.0,positive,0.9201,positive,False,0.0,,28,4,0.0,0.0,0.0,0.0714285714285714,0.0,0.0,0.0
1180544229774643,hey nasinine nase thank contacting zesco apologise inconvenience caused kindly share meter number inbox assistance es,False,0.8074,positive,0.8074,0.486,0.412,0.103,positive,0.8074,positive,False,0.0,,16,2,0.0,0.0625,0.0,0.0625,0.0,0.0625,0.0
722882109195958,please take electricity forever,False,0.3182,positive,0.3182,0.434,0.566,0.0,positive,0.3182,positive,False,0.0,,4,1,0.0,0.0,0.0,0.0,0.0,0.0,0.0
481598340820357,power area went 11 hrs now 17 38 power back,False,0.0,neutral,0.0,0.0,1.0,0.0,neutral,0.0,neutral,False,0.0,,10,0,0.0,0.0,0.0,0.0,0.0,0.0,0.0
754014609808724,time system going normalize coz only 1 7 units remaining,False,0.0,neutral,0.0,0.0,1.0,0.0,neutral,0.0,neutral,False,0.0,,10,2,0.0,0.1,0.0,0.1,0.0,0.1,0.0
882125813911804,moffat nel mudenda u laughing slow motion,False,0.4939,positive,0.4939,0.39,0.61,0.0,positive,0.4939,positive,False,0.0,,7,2,0.0,0.1428571428571428,0.0,0.0,0.0,0.1428571428571428,0.0
734226471642590,stick schedule s frustrating cut power time t stick don t give us timetable how expect people need between 01 05 mulebako serious elo apatulula kuma ibex kabulonga give flexible time elo babi just zimya chi zimye zimye muleke 2 call centre line t get hold s 3 days just saying busy poseniko amano,False,-0.5267,negative,-1.0,0.037,0.84,0.123,negative,-1.0,negative,True,-1.0,"mulebako,muleke",54,4,0.0,0.0555555555555555,0.0,0.037037037037037,0.0,0.0555555555555555,0.0
1356117571869792,mwape banda sure answered now,False,0.3182,positive,0.3182,0.365,0.635,0.0,positive,0.3182,positive,False,0.0,,5,0,0.0,0.0,0.0,0.0,0.0,0.0,0.0
558946559494916,done reduced loadsheding hours kuti waseka,False,0.0,neutral,-0.3,0.0,1.0,0.0,negative,-0.3,negative,True,-0.3,kuti,6,0,0.0,0.0,0.0,0.0,0.0,0.0,0.0
1375219489956828,dalistani goodward ngulube improvise bro look battery inverter good go s clear people wants us die hunger let s relent make succeed always improvise find better ways own charge battery power use power goes helpful ask,False,0.8176,positive,0.8176,0.304,0.571,0.125,positive,0.8176,positive,False,0.0,,36,8,0.0555555555555555,0.1111111111111111,0.0277777777777777,0.0833333333333333,0.0277777777777777,0.1111111111111111,0.0416666666666666
389235414084415,wisdom mulenga imagine feel offended using word keep coz solwezi s hell mwebantu,False,-0.4939,negative,-0.4939,0.179,0.474,0.347,negative,-0.4939,negative,False,0.0,,13,4,0.1538461538461538,0.0,0.0769230769230769,0.1538461538461538,0.1538461538461538,0.0,0.1538461538461538
1322610832456208,mukuka lushomo imagine waking go use power download movies,False,0.0,neutral,0.0,0.0,1.0,0.0,neutral,0.0,neutral,False,0.0,,9,0,0.0,0.0,0.0,0.0,0.0,0.0,0.0
897569784932137,rotate schedule please unacceptable waking 05 00hrs power leaving home 06hrs coming back 17hrs power totally unacceptable,False,-0.5719,negative,-0.5719,0.103,0.628,0.269,negative,-0.5719,negative,False,0.0,,17,3,0.0,0.0588235294117647,0.0,0.0,0.1176470588235294,0.0588235294117647,0.0588235294117647
518066994189067,mu zo part hired represent,False,0.0,neutral,0.0,0.0,1.0,0.0,neutral,0.0,neutral,False,0.0,,5,0,0.0,0.0,0.0,0.0,0.0,0.0,0.0
456754636736710,today 1st october don t power mulungushi university,False,0.0,neutral,0.0,0.0,1.0,0.0,neutral,0.0,neutral,False,0.0,,8,2,0.0,0.125,0.0,0.125,0.0,0.125,0.0
1380815312686577,lingson mwanza na means power going 2 times day,False,0.0,neutral,0.0,0.0,1.0,0.0,neutral,0.0,neutral,False,0.0,,9,0,0.0,0.0,0.0,0.0,0.0,0.0,0.0
698330298423080,loadshedding unacceptable,False,-0.4588,negative,-0.4588,0.0,0.25,0.75,negative,-0.4588,negative,False,0.0,,2,1,0.0,0.0,0.0,0.0,0.5,0.0,0.25
739902527469091,power restored 13 30 05 00 today exactly 18 power cut honestly six hour interval,False,0.5106,positive,0.5106,0.277,0.615,0.108,positive,0.5106,positive,False,0.0,,15,0,0.0,0.0,0.0,0.0,0.0,0.0,0.0
1591127564804080,ndemonapofye solar inganda nefi ifima pole tumona ngatuleya ku solwezi someone explain means please,False,0.3182,positive,0.3182,0.15,0.85,0.0,positive,0.3182,positive,False,0.0,,14,1,0.0,0.0,0.0,0.0714285714285714,0.0,0.0,0.0
1657317551537951,supposing don t provide power go beyond kamene ka deadline kanu kapa 24th ise tivutikilemo disconnection due inability update ndipo munati dobaa,False,-0.4019,negative,-0.4019,0.0,0.881,0.119,negative,-0.4019,negative,False,0.0,,22,4,0.0,0.0,0.0,0.0909090909090909,0.0454545454545454,0.0,0.0227272727272727
1576115159502762,mwebantu company needs competitors don t see 05 08 10hrs check time schedule s saying 9hrs 6hrs behave supplying us electricity free stick schedule,False,0.5106,positive,0.5106,0.136,0.864,0.0,positive,0.5106,positive,False,0.0,,24,3,0.0,0.0416666666666666,0.0,0.0416666666666666,0.0,0.0416666666666666,0.0
918822943645810,saviour alingo chisanga just imagine ba zesco limited stop jokes give us answers meters,False,-0.2732,negative,-0.2732,0.117,0.643,0.24,negative,-0.2732,negative,False,0.0,,14,1,0.0714285714285714,0.0,0.0,0.0,0.0714285714285714,0.0,0.0714285714285714
688403376277911,lesina nomazala zulu exactly should only ones see power asleep wake power return work power honestly equalizer,False,0.4588,positive,0.4588,0.158,0.842,0.0,positive,0.4588,positive,False,0.0,,17,0,0.0,0.0,0.0,0.0,0.0,0.0,0.0
230568016489685,titus mpembamoto used mtnoney dial 3600 receive tokens zesco taking long,False,0.0,neutral,0.0,0.0,1.0,0.0,neutral,0.0,neutral,False,0.0,,11,1,0.0,0.0909090909090909,0.0,0.0,0.0,0.0909090909090909,0.0
1178664122855506,time say truth load shedded today midnight still don t power,False,0.3182,positive,0.3182,0.204,0.796,0.0,positive,0.3182,positive,False,0.0,,11,3,0.0,0.0909090909090909,0.0,0.1818181818181818,0.0,0.0909090909090909,0.0
3667303526928543,6 weeks complaining,False,-0.2023,negative,-0.2023,0.0,0.357,0.643,negative,-0.2023,negative,False,0.0,,3,0,0.0,0.0,0.0,0.0,0.0,0.0,0.0
524354203575480,approach october darkness,False,-0.25,negative,-0.25,0.0,0.5,0.5,negative,-0.25,negative,False,0.0,,3,1,0.3333333333333333,0.0,0.3333333333333333,0.0,0.3333333333333333,0.0,0.3333333333333333
935348788601274,hi namwaka nana wasilota regret inconvenience caused please note cases may installations feeders switched off early delayed restoration may arise given time however mean schedule changed only due system constraints published schedules remain same regards cj,False,-0.5994,negative,-0.5994,0.055,0.771,0.173,negative,-0.5994,negative,False,0.0,,36,4,0.0,0.0277777777777777,0.0,0.0277777777777777,0.0277777777777777,0.0277777777777777,0.0138888888888888
1592824934504453,shadre garcia mwanza iweh,False,0.0,neutral,0.0,0.0,1.0,0.0,neutral,0.0,neutral,False,0.0,,4,0,0.0,0.0,0.0,0.0,0.0,0.0,0.0
475992531387462,lifestyle 101,False,0.0,neutral,0.0,0.0,1.0,0.0,neutral,0.0,neutral,False,0.0,,2,0,0.0,0.0,0.0,0.0,0.0,0.0,0.0
489266630038074,ackim katebe let differ barber man now six hour make something between 12 18hrs previously loadsheded 6 18hrs solution expect long term solution t solved overnight pf power ten years solve problem answer try yes eliminate problem completely let s try emotional discussing developmental issues,False,0.6872,positive,0.6872,0.249,0.648,0.103,positive,0.6872,positive,False,0.0,,45,7,0.0,0.0444444444444444,0.0444444444444444,0.0222222222222222,0.0444444444444444,0.0444444444444444,0.0222222222222222
824248176005123,just wait jesus christ return,False,0.0,neutral,0.0,0.0,1.0,0.0,neutral,0.0,neutral,False,0.0,,5,1,0.0,0.2,0.0,0.0,0.0,0.2,0.0
835011318684288,s like pipo just making time tables muma office finding permanent solution need plan b t go like please bring back 4 hours twice day schedule small businesses unable run effectively,False,0.8885,positive,0.8885,0.362,0.638,0.0,positive,0.8885,positive,False,0.0,,31,5,0.0,0.064516129032258,0.0,0.0,0.032258064516129,0.064516129032258,0.0161290322580645
586968070681059,everyone online read also loadshedding extended period time people given reasonable notice like,False,0.3612,positive,0.3612,0.172,0.828,0.0,positive,0.3612,positive,False,0.0,,13,1,0.0,0.0769230769230769,0.0,0.0,0.0,0.0769230769230769,0.0
442822361760933,ritah mwaba tembo go deeper,False,0.0,neutral,0.0,0.0,1.0,0.0,neutral,0.0,neutral,False,0.0,,5,0,0.0,0.0,0.0,0.0,0.0,0.0,0.0
847279377585164,zambian stories exactly doesn t make sense,False,0.0,neutral,0.0,0.0,1.0,0.0,neutral,0.0,neutral,False,0.0,,7,1,0.0,0.0,0.0,0.0,0.0,0.0,0.0
667111548500682,thinks ifwee tatwakwata mano batinii aiii 6hrs power 6hrs bashimya yabwela bashimya tebupubo obo nomba,False,0.0,neutral,0.0,0.0,1.0,0.0,neutral,0.0,neutral,False,0.0,,15,0,0.0,0.0,0.0,0.0,0.0,0.0,0.0
685408256413529,system loadshedding areas while others enjoying same power good let s part take misfortune period,False,0.743,positive,0.743,0.344,0.656,0.0,positive,0.743,positive,False,0.0,,15,4,0.0,0.1333333333333333,0.0666666666666666,0.2,0.0666666666666666,0.1333333333333333,0.0333333333333333
492310796602094,christine joanna julio good funso just how,False,0.4404,positive,0.4404,0.326,0.674,0.0,positive,0.4404,positive,False,0.0,,7,1,0.0,0.1428571428571428,0.0,0.1428571428571428,0.0,0.1428571428571428,0.0
516071323986339,david mukamba mukelabai also managed enter units,False,0.0,neutral,0.0,0.0,1.0,0.0,neutral,0.0,neutral,False,0.0,,7,0,0.0,0.0,0.0,0.0,0.0,0.0,0.0
844607890106660,great republic appreciate efforts far keep pushing behind,False,0.7783,positive,0.7783,0.531,0.469,0.0,positive,0.7783,positive,False,0.0,,8,1,0.0,0.0,0.0,0.0,0.0,0.0,0.0
1128801438953530,bebetty yenesha true pr should fired,False,-0.2023,negative,-0.2023,0.269,0.385,0.346,negative,-0.2023,negative,False,0.0,,6,1,0.0,0.0,0.0,0.1666666666666666,0.0,0.0,0.0
1004081113972030,paid 3 years ago nothing done,False,0.0,neutral,0.0,0.0,1.0,0.0,neutral,0.0,neutral,False,0.0,,6,0,0.0,0.0,0.0,0.0,0.0,0.0,0.0
1133431977339120,isn t still good minimum 6 hours even 12 hours 6 hours should maximum rephrase statement,False,0.4404,positive,0.4404,0.195,0.805,0.0,positive,0.4404,positive,False,0.0,,16,4,0.0,0.0625,0.0,0.125,0.0,0.0625,0.0
987006009760428,abraham mwale imagine ai ba zesco irritating,False,-0.4588,negative,-0.4588,0.0,0.667,0.333,negative,-0.4588,negative,False,0.0,,7,1,0.1428571428571428,0.0,0.0,0.0,0.0,0.0,0.0714285714285714
1149469195755648,chanda kasongo same chelston,False,0.0,neutral,0.0,0.0,1.0,0.0,neutral,0.0,neutral,False,0.0,,4,0,0.0,0.0,0.0,0.0,0.0,0.0,0.0
918822943645810,saviour alingo chisanga mashilu imwe aya please,False,0.3182,positive,0.3182,0.277,0.723,0.0,positive,0.3182,positive,False,0.0,,7,0,0.0,0.0,0.0,0.0,0.0,0.0,0.0
457632340301493,exercise shouldn t even deadline power goes kaya how many hours days comes back whenever befits,False,0.0,neutral,-0.3,0.0,1.0,0.0,negative,-0.3,negative,True,-0.3,kaya,16,0,0.0,0.0,0.0,0.0,0.0,0.0,0.0
6877744568925424,bought through mtn meter keeps rejecting numbers,False,-0.4588,negative,-0.4588,0.0,0.667,0.333,negative,-0.4588,negative,False,0.0,,7,1,0.0,0.0,0.0,0.0,0.0,0.0,0.0
836797997402076,ba zesco ni problem yabwanji yamene muli nayo how working like aini 05 13 17 20 malaiti yayenda s problem ninshi mwakulatufwaila ifyakulya provide other needs aini imwe wow just wow ve failed totally unacceptable such disgrace,False,-0.6549,negative,-0.8549,0.189,0.523,0.289,negative,-0.8549,negative,True,-0.2,malaiti,37,6,0.027027027027027,0.0,0.054054054054054,0.027027027027027,0.1081081081081081,0.0,0.0675675675675675
1342913303784146,pay cash cause need service,False,-0.1027,negative,-0.1027,0.0,0.741,0.259,negative,-0.1027,negative,False,0.0,,5,2,0.2,0.4,0.2,0.4,0.0,0.4,0.1
915708749422175,great s better than 12 hours straight,False,0.836,positive,0.836,0.748,0.252,0.0,positive,0.836,positive,False,0.0,,7,0,0.0,0.0,0.0,0.0,0.0,0.0,0.0
311057938684793,fridah chibesa take leave truth remains president doesn t make rainfall,False,0.2732,positive,0.2732,0.2,0.696,0.104,positive,0.2732,positive,False,0.0,,11,4,0.0,0.0,0.0909090909090909,0.2727272727272727,0.0909090909090909,0.0,0.0454545454545454
1298576814266650,today monday don t power,False,0.0,neutral,0.0,0.0,1.0,0.0,neutral,0.0,neutral,False,0.0,,5,1,0.0,0.0,0.0,0.2,0.0,0.0,0.0
1060003232145889,zesco limited how get system free installation,False,0.34,positive,0.34,0.324,0.49,0.186,positive,0.34,positive,False,0.0,,7,2,0.1428571428571428,0.0,0.0,0.1428571428571428,0.1428571428571428,0.0,0.1428571428571428
1132178137441275,onelia bandaonelia bandaonelia banda don t know made lungu cry still working,False,-0.4767,negative,-0.4767,0.0,0.763,0.237,negative,-0.4767,negative,False,0.0,,12,3,0.0,0.0,0.0,0.0833333333333333,0.0833333333333333,0.0,0.0416666666666666
1515264039363082,ninshi schedules last upto 6 days power aweh let s serious please zesco limited,False,0.0258,neutral,0.0258,0.159,0.621,0.221,neutral,0.0258,neutral,False,0.0,,14,1,0.0714285714285714,0.0,0.0,0.0,0.0714285714285714,0.0,0.0714285714285714
536735799161745,just tell customers long time since purchased units zesco making enough profit projected help zesco sustain itself kindly buy units low k10 during time load shedding iyo izamveka ati updating r2 t2 kkkkk,False,0.7717,positive,0.7717,0.221,0.727,0.053,positive,0.7717,positive,False,0.0,,33,3,0.0,0.0909090909090909,0.0,0.0,0.0,0.0909090909090909,0.0
556562440150002,gutta beats august almost,False,0.0,neutral,0.0,0.0,1.0,0.0,neutral,0.0,neutral,False,0.0,,4,1,0.0,0.0,0.0,0.0,0.0,0.0,0.0
1539253826550352,isaac zulu totally agree too remember part prophecy now undestend mess anyway god bless land,False,0.6361,positive,0.6361,0.363,0.519,0.118,positive,0.6361,positive,False,0.0,,15,6,0.0,0.2,0.0666666666666666,0.1333333333333333,0.0,0.2,0.0
530721638850288,kwena company turning into joke even schedule changing like diapers,False,0.5719,positive,0.5719,0.37,0.63,0.0,positive,0.5719,positive,False,0.0,,10,1,0.0,0.0,0.0,0.0,0.0,0.0,0.0
807091348033010,zainab mohammed,False,0.0,neutral,0.0,0.0,1.0,0.0,neutral,0.0,neutral,False,0.0,,2,0,0.0,0.0,0.0,0.0,0.0,0.0,0.0
783967233759443,phillimon junior musachi vikakanga vakanga two ways those praise don t know ngati bali bwino cause hmmmm s too much,False,0.5574,positive,0.0574,0.175,0.825,0.0,positive,0.0574,positive,True,-0.5,bwino,20,2,0.0,0.0,0.0,0.1,0.0,0.0,0.0
552697647224346,cynthia muloto s unfair weh,False,-0.4767,negative,-0.4767,0.0,0.492,0.508,negative,-0.4767,negative,False,0.0,,5,1,0.2,0.0,0.0,0.0,0.2,0.0,0.2
687109739544246,sensible sensitive president helm nation happens ba mwankole notusaka twandalama shakwiba mulikwi come tape wisdom bally,False,0.5267,positive,0.5267,0.185,0.815,0.0,positive,0.5267,positive,False,0.0,,16,3,0.0,0.0,0.0,0.1875,0.0,0.0,0.0
661422669058089,wrong 11hrs ahhh ba zeze naimwe,False,-0.4767,negative,-0.8767,0.0,0.617,0.383,negative,-0.8767,negative,True,-0.4,naimwe,6,1,0.0,0.0,0.0,0.0,0.0,0.0,0.0
2248608598832483,promised 1st octomber,False,0.3612,positive,0.3612,0.556,0.444,0.0,positive,0.3612,positive,False,0.0,,3,0,0.0,0.0,0.0,0.0,0.0,0.0,0.0
1201200271113616,heard power supply stabilising beginning today how progress far,False,0.4215,positive,0.4215,0.259,0.741,0.0,positive,0.4215,positive,False,0.0,,9,2,0.0,0.1111111111111111,0.0,0.0,0.0,0.1111111111111111,0.0
940333384787564,yesterday today seen stabilization electricity restored 10hours 13hours said nayenda trend like possible plan,False,0.5994,positive,0.5994,0.29,0.71,0.0,positive,0.5994,positive,False,0.0,,14,3,0.0,0.0714285714285714,0.0,0.0,0.0,0.0714285714285714,0.0
688403376277911,guys really frustrating power cuts imbalanced kindky rotations s way others only loadshedded midnight 5 while us basically loadshedded during day,False,-0.6865,negative,-0.6865,0.0,0.75,0.25,negative,-0.6865,negative,False,0.0,,21,0,0.0,0.0,0.0,0.0,0.0,0.0,0.0
410248704621176,power went o5 came around 11 went around 17,False,0.0,neutral,0.0,0.0,1.0,0.0,neutral,0.0,neutral,False,0.0,,9,0,0.0,0.0,0.0,0.0,0.0,0.0,0.0
885707319525548,kalunga kunda evans yes choir master,False,0.4019,positive,0.4019,0.351,0.649,0.0,positive,0.4019,positive,False,0.0,,6,2,0.0,0.0,0.0,0.1666666666666666,0.0,0.0,0.0
997044898104015,talking 3 weeks us waiting 3 months,False,0.0,neutral,0.0,0.0,1.0,0.0,neutral,0.0,neutral,False,0.0,,7,0,0.0,0.0,0.0,0.0,0.0,0.0,0.0
230568016489685,alice lungu tried nothing happening already deducted three times both mtn airtel,False,0.0,neutral,0.0,0.0,1.0,0.0,neutral,0.0,neutral,False,0.0,,12,0,0.0,0.0,0.0,0.0,0.0,0.0,0.0
879838946387363,atleast see improvements schedule kudos,False,0.6808,positive,0.6808,0.651,0.349,0.0,positive,0.6808,positive,False,0.0,,5,1,0.0,0.0,0.0,0.0,0.0,0.0,0.0
928730689070139,mwewa kashell mwaba ayamu tayadi too literally ran away rented apartment mudima everyday nayo ma nyumba yavuta kupeza,False,0.0,neutral,0.0,0.0,1.0,0.0,neutral,0.0,neutral,False,0.0,,18,0,0.0,0.0,0.0,0.0,0.0,0.0,0.0
733709384648942,exactly vp meant said re increasing order reduce,False,0.0,neutral,0.0,0.0,1.0,0.0,neutral,0.0,neutral,False,0.0,,8,0,0.0,0.0,0.0,0.0,0.0,0.0,0.0
1037256991273637,elton pc hambaba failed project bro failed ma sweet talkers aba,False,-0.5574,negative,-0.9574,0.17,0.455,0.375,negative,-0.9574,negative,True,-0.4,aba,11,1,0.0,0.0909090909090909,0.0,0.0909090909090909,0.0,0.0909090909090909,0.0
2498876370301527,lovemore simapuka just confusing themselves,False,-0.2263,negative,-0.2263,0.0,0.678,0.322,negative,-0.2263,negative,False,0.0,,5,0,0.0,0.0,0.0,0.0,0.0,0.0,0.0
1149469195755648,per day twice day because electricity went 05 came back 11 gone 17 s going kanshi,False,0.0,neutral,0.0,0.0,1.0,0.0,neutral,0.0,neutral,False,0.0,,16,1,0.0,0.0,0.0,0.0,0.0,0.0,0.0
1469870400514177,mercy mugala politically connected boyfriend zesco,False,0.3612,positive,0.3612,0.333,0.667,0.0,positive,0.3612,positive,False,0.0,,6,1,0.0,0.0,0.0,0.0,0.0,0.0,0.0
1079063196891487,1st october ka feedback bwangu bwangu,False,0.0,neutral,-0.3,0.0,1.0,0.0,negative,-0.3,negative,True,-0.3,bwangu bwangu,6,0,0.0,0.0,0.0,0.0,0.0,0.0,0.0
1681413012651571,mayaya jae imagine also those living near clinics never experienced going through true rain poor planning honestly speaking suffered,False,-0.128,negative,-0.128,0.214,0.554,0.232,negative,-0.128,negative,False,0.0,,19,3,0.0,0.0526315789473684,0.0,0.1578947368421052,0.0,0.0526315789473684,0.0
1003905724128956,manje ma guys ise bali nama social tarriffs just want us pay double service charge,False,-0.0258,neutral,-0.3258,0.083,0.828,0.089,negative,-0.3258,negative,True,-0.3,manje,15,1,0.0,0.0666666666666666,0.0,0.0666666666666666,0.0,0.0666666666666666,0.0
1307930793383241,charles chabatama kano ise bama tecno awe sure 4 days charging how brother,False,0.3182,positive,-0.3818,0.173,0.827,0.0,negative,-0.3818,negative,True,-0.7,awe,13,1,0.0,0.0,0.0,0.0769230769230769,0.0,0.0,0.0
353641967739469,1st october net metering want hear right now,False,0.0772,positive,0.0772,0.157,0.843,0.0,positive,0.0772,positive,False,0.0,,8,0,0.0,0.0,0.0,0.0,0.0,0.0,0.0
5843493245732642,zesco lie humble how power go 23hrs come back 05hrs go 8hr trying lie 6hrs load shedding,False,0.0,neutral,0.0,0.0,1.0,0.0,neutral,0.0,neutral,False,0.0,,17,3,0.1176470588235294,0.0,0.0,0.0,0.1764705882352941,0.0,0.1470588235294117
2206170783118435,purity sibajene mweemba imagine people very setting bama setting saana,False,0.0,neutral,0.0,0.0,1.0,0.0,neutral,0.0,neutral,False,0.0,,10,1,0.0,0.0,0.0,0.0,0.0,0.0,0.0
2942741362688052,isaac seke ba seke,False,0.0,neutral,0.0,0.0,1.0,0.0,neutral,0.0,neutral,False,0.0,,4,0,0.0,0.0,0.0,0.0,0.0,0.0,0.0
1184716522154006,power went 12 got restored 18 exactly 20 hours yaya mean,False,0.34,positive,0.34,0.194,0.806,0.0,positive,0.34,positive,False,0.0,,11,0,0.0,0.0,0.0,0.0,0.0,0.0,0.0
1662190940907929,zesco limited lusaka west power since yesterday power cuts almost every day load shedding,False,-0.4767,negative,-0.4767,0.0,0.745,0.255,negative,-0.4767,negative,False,0.0,,14,1,0.0714285714285714,0.0,0.0,0.0,0.0714285714285714,0.0,0.0714285714285714
1120646499625992,tell us going s first october per promise,False,0.3182,positive,0.3182,0.277,0.723,0.0,positive,0.3182,positive,False,0.0,,8,1,0.0,0.0,0.0,0.125,0.0,0.0,0.0
489266630038074,ackim katebe failed let resign promised end loadsheding now,False,-0.4939,negative,-0.4939,0.176,0.423,0.401,negative,-0.4939,negative,False,0.0,,9,1,0.1111111111111111,0.0,0.1111111111111111,0.0,0.1111111111111111,0.0,0.1111111111111111
6800755473319792,think defend zesco tremendous improvement service delivery zesco huge increase connection fees become very proactive people see value money speaking experience also others whom also seen compliment zesco,False,0.9348,positive,0.9348,0.424,0.576,0.0,positive,0.9348,positive,False,0.0,,28,6,0.0357142857142857,0.1071428571428571,0.0357142857142857,0.1071428571428571,0.0,0.1071428571428571,0.0178571428571428
1091858975810538,carolyn bwalya okay boi,False,0.2263,positive,0.2263,0.388,0.612,0.0,positive,0.2263,positive,False,0.0,,4,0,0.0,0.0,0.0,0.0,0.0,0.0,0.0
1569780666806418,don t care how u interpret think wise person better n encouraging having power 18 hours 24 hours 75 24 hours looking forward further deductions hours,False,0.9118,positive,0.9118,0.399,0.601,0.0,positive,0.9118,positive,False,0.0,,26,3,0.0,0.0,0.0,0.0384615384615384,0.0,0.0,0.0
1256885915323255,saw post iwas very happy thinking s new schedule since promised 1 october interested,False,0.8479,positive,0.8479,0.505,0.495,0.0,positive,0.8479,positive,False,0.0,,14,2,0.0,0.0714285714285714,0.0,0.0714285714285714,0.0714285714285714,0.0714285714285714,0.0357142857142857
1450787622191278,wonder bally s ideas ending load shedding went becoming prezdo,False,0.0,neutral,0.0,0.0,1.0,0.0,neutral,0.0,neutral,False,0.0,,10,0,0.0,0.0,0.0,0.0,0.0,0.0,0.0
927068532778482,s 1st october today power only come hour group e,False,0.0,neutral,0.0,0.0,1.0,0.0,neutral,0.0,neutral,False,0.0,,10,0,0.0,0.0,0.0,0.0,0.0,0.0,0.0
1366446937441510,nsama patrick let take us won t enter promised land,False,0.7351,positive,0.7351,0.47,0.53,0.0,positive,0.7351,positive,False,0.0,,10,1,0.0,0.0,0.0,0.0,0.0,0.0,0.0
599999235539330,monze immediately,False,0.0,neutral,0.0,0.0,1.0,0.0,neutral,0.0,neutral,False,0.0,,2,1,0.0,0.5,0.0,0.0,0.0,0.5,0.0
543743174876584,want power stability zeo,False,0.0772,positive,0.0772,0.302,0.698,0.0,positive,0.0772,positive,False,0.0,,4,0,0.0,0.0,0.0,0.0,0.0,0.0,0.0
1359881898160314,power went yesterday 11 till now power tell us 12hrs load shedding let 12hrs hakainde hichilema please sir issue addressed,False,0.3182,positive,0.3182,0.108,0.892,0.0,positive,0.3182,positive,False,0.0,,20,1,0.0,0.0,0.0,0.05,0.0,0.0,0.0
1344270486113025,live remember load shedding till further notice,False,0.0,neutral,0.0,0.0,1.0,0.0,neutral,0.0,neutral,False,0.0,,7,0,0.0,0.0,0.0,0.0,0.0,0.0,0.0
1406178173351497,hi mirriam mwewa regret inconvenience caused please note cases may installations feeders switched off early delayed restoration may arise given time however mean schedule changed only due system constraints published schedules remain same regards cj,False,-0.5994,negative,-0.5994,0.057,0.765,0.178,negative,-0.5994,negative,False,0.0,,35,4,0.0,0.0285714285714285,0.0,0.0285714285714285,0.0285714285714285,0.0285714285714285,0.0142857142857142
711538893892824,mar gret s annoying,False,-0.4019,negative,-0.4019,0.0,0.426,0.574,negative,-0.4019,negative,False,0.0,,4,2,0.25,0.0,0.0,0.0,0.0,0.0,0.125
2299770710224782,s true better,False,0.6908,positive,0.6908,1.0,0.0,0.0,positive,0.6908,positive,False,0.0,,3,1,0.0,0.0,0.0,0.3333333333333333,0.0,0.0,0.0
7499396103448309,group e 8 hours 10 11 hours because stunt pulled yesterday s 2pm power better restored soon,False,0.6486,positive,0.6486,0.306,0.694,0.0,positive,0.6486,positive,False,0.0,,17,0,0.0,0.0,0.0,0.0,0.0,0.0,0.0
1076749557508916,power comes ve slept already how expect us update only works updating dream won t problem thank,False,0.6705,positive,0.6705,0.358,0.524,0.118,positive,0.6705,positive,False,0.0,,17,2,0.0,0.0588235294117647,0.0588235294117647,0.0588235294117647,0.0588235294117647,0.0588235294117647,0.0294117647058823
1935125996964359,don t brig god pipo needs plan just say yah yah,False,0.2732,positive,0.2732,0.189,0.811,0.0,positive,0.2732,positive,False,0.0,,11,3,0.0,0.1818181818181818,0.0909090909090909,0.1818181818181818,0.0,0.1818181818181818,0.0
986267512335131,chichi love could true lets see kuno ku booth power went 6 came back 12,False,0.7906,positive,0.7906,0.368,0.632,0.0,positive,0.7906,positive,False,0.0,,15,2,0.0,0.0,0.0,0.0666666666666666,0.0,0.0,0.0
624553022955708,diana kakula kauseni keep trying,False,0.0,neutral,0.0,0.0,1.0,0.0,neutral,0.0,neutral,False,0.0,,5,0,0.0,0.0,0.0,0.0,0.0,0.0,0.0
8029215543854611,explain simpler terms,False,0.0,neutral,0.0,0.0,1.0,0.0,neutral,0.0,neutral,False,0.0,,3,1,0.0,0.0,0.0,0.3333333333333333,0.0,0.0,0.0
3516939558619821,ka app kale fwaika,False,0.0,neutral,0.0,0.0,1.0,0.0,neutral,0.0,neutral,False,0.0,,4,0,0.0,0.0,0.0,0.0,0.0,0.0,0.0
1477914929584817,theresa lombe bombeki daughter leka ifwoyo iwe,False,0.0,neutral,0.0,0.0,1.0,0.0,neutral,0.0,neutral,False,0.0,,7,1,0.0,0.0,0.0,0.0,0.0,0.0,0.0
402137349350108,mary k oho okay,False,0.2263,positive,0.2263,0.487,0.513,0.0,positive,0.2263,positive,False,0.0,,4,0,0.0,0.0,0.0,0.0,0.0,0.0,0.0
918822943645810,saviour alingo chisanga same question sir how,False,0.0,neutral,0.0,0.0,1.0,0.0,neutral,0.0,neutral,False,0.0,,7,2,0.0,0.0,0.0,0.1428571428571428,0.0,0.0,0.0
1056556399810818,o neil mweemba hospitality redefined nation need improve daunted same problem decades still unable come tangle solutions sustainable s clear s lack consideration zesco leadership,False,0.296,positive,0.296,0.247,0.582,0.171,positive,0.296,positive,False,0.0,,25,6,0.0,0.04,0.04,0.08,0.08,0.04,0.04
886948149657384,just admit field,False,0.2023,positive,0.2023,0.474,0.526,0.0,positive,0.2023,positive,False,0.0,,3,0,0.0,0.0,0.0,0.0,0.0,0.0,0.0
1539253826550352,know saul,False,0.0,neutral,0.0,0.0,1.0,0.0,neutral,0.0,neutral,False,0.0,,2,0,0.0,0.0,0.0,0.0,0.0,0.0,0.0
797443682087152,mwila m milambo managed buy lusaka,False,0.0,neutral,0.0,0.0,1.0,0.0,neutral,0.0,neutral,False,0.0,,6,0,0.0,0.0,0.0,0.0,0.0,0.0,0.0
562146562944498,zesco stop fooling us today 1st october,False,-0.5994,negative,-0.5994,0.0,0.505,0.495,negative,-0.5994,negative,False,0.0,,7,0,0.0,0.0,0.0,0.0,0.0,0.0,0.0
819970216168268,ba fi,False,0.0,neutral,0.0,0.0,1.0,0.0,neutral,0.0,neutral,False,0.0,,2,0,0.0,0.0,0.0,0.0,0.0,0.0,0.0
1166124727370917,imwe amenshi mu rainy season yakama mu october,False,-0.0772,negative,-0.0772,0.0,0.843,0.157,negative,-0.0772,negative,False,0.0,,8,1,0.0,0.0,0.0,0.0,0.125,0.0,0.0625
1023281382878588,today 1st okutoba please ll friends stick u said bakaluku luku imwe,False,0.6597,positive,0.6597,0.375,0.625,0.0,positive,0.6597,positive,False,0.0,,12,0,0.0,0.0,0.0,0.0,0.0,0.0,0.0
1005670357251191,scoring many other fronts hope resolve issue soon,False,0.6705,positive,0.6705,0.478,0.522,0.0,positive,0.6705,positive,False,0.0,,8,1,0.0,0.125,0.0,0.125,0.0,0.125,0.0
402137349350108,elita sheleni should atleast maintain schedule next 2 weeks because suffered eish,False,-0.4939,negative,-0.4939,0.0,0.758,0.242,negative,-0.4939,negative,False,0.0,,12,0,0.0,0.0,0.0,0.0,0.0,0.0,0.0
1322610832456208,mukuka lushomo looking promise 01 10 2024 should liars tolerated big company like zesco limited,False,-0.128,negative,-0.128,0.227,0.521,0.251,negative,-0.128,negative,False,0.0,,15,2,0.0666666666666666,0.0,0.0,0.0666666666666666,0.0666666666666666,0.0,0.0666666666666666
1356239715051294,good morning shaque shaluvuna system dictates otherwise technical teams may other options put measures preserve network collapsing entails effecting emergency load management switching off early delayed restoration switching late inevitable wellbeing grid however dedicated engineers working round clock ameliorate situation regret inconvenience caused regards cj,False,-0.6249,negative,-0.6249,0.106,0.68,0.215,negative,-0.6249,negative,False,0.0,,45,12,0.0,0.0666666666666666,0.0222222222222222,0.0666666666666666,0.0666666666666666,0.0666666666666666,0.0333333333333333
1097377485110635,agalu imwe just 1 30 minutes power six days pole line fault come check reduced supplying hours telling thing isn t making sense,False,-0.4019,negative,-0.4019,0.0,0.881,0.119,negative,-0.4019,negative,False,0.0,,23,2,0.0,0.0,0.0,0.0,0.0434782608695652,0.0,0.0217391304347826
286754987298856,yes same applies lwsc,False,0.4019,positive,0.4019,0.474,0.526,0.0,positive,0.4019,positive,False,0.0,,4,0,0.0,0.0,0.0,0.0,0.0,0.0,0.0
801496608143150,really don t know hours load shedding since 11hrs now mmmmm awe sure,False,0.3182,positive,-0.3818,0.173,0.827,0.0,negative,-0.3818,negative,True,-0.7,awe,13,1,0.0,0.0,0.0,0.0769230769230769,0.0,0.0,0.0
618831263798949,nhamo afiya chiwila imagine ai s now month power night awe hate us,False,-0.5719,negative,-1.0,0.0,0.748,0.252,negative,-1.0,negative,True,-0.7,awe,13,1,0.0769230769230769,0.0,0.0769230769230769,0.0,0.0769230769230769,0.0,0.0769230769230769
472159101770561,saliya litana hahaha humbled,False,0.5574,positive,0.5574,0.545,0.455,0.0,positive,0.5574,positive,False,0.0,,4,1,0.0,0.0,0.0,0.0,0.25,0.0,0.125
1096573222127959,power just restored area rushed nothing like kct 1 kct 2 subscribed meter lot unused units last month ba zesco only wants people buy units,False,0.0747,positive,0.0747,0.094,0.823,0.083,positive,0.0747,positive,False,0.0,,25,0,0.0,0.0,0.0,0.0,0.0,0.0,0.0
1120296419426094,moses martins siame dreaming,False,0.0,neutral,0.0,0.0,1.0,0.0,neutral,0.0,neutral,False,0.0,,4,0,0.0,0.0,0.0,0.0,0.0,0.0,0.0
807091348033010,susan j stephens let s inbox number create,False,0.34,positive,0.34,0.459,0.541,0.0,positive,0.34,positive,False,0.0,,8,1,0.0,0.0,0.0,0.0,0.0,0.0,0.0
837517727541875,philimo voice afrika mmmm covid yalimfumishe fwaka ine,False,0.0,neutral,-0.8,0.0,1.0,0.0,negative,-0.8,negative,True,-0.8,fwaka,8,0,0.0,0.0,0.0,0.0,0.0,0.0,0.0
727259681946279,everything already planned dont see difference between 12 6hrs day time charcoal night candles s,False,0.0,neutral,0.0,0.0,1.0,0.0,neutral,0.0,neutral,False,0.0,,15,1,0.0,0.0666666666666666,0.0,0.0,0.0,0.0666666666666666,0.0
1306240460754096,how even update without power kindly advise how update without power,False,-0.3875,negative,-0.3875,0.0,0.792,0.208,negative,-0.3875,negative,False,0.0,,11,1,0.0,0.0,0.0,0.0909090909090909,0.0,0.0,0.0
1248234216619932,give us power nipa wanu lelo,False,0.0,neutral,0.0,0.0,1.0,0.0,neutral,0.0,neutral,False,0.0,,6,0,0.0,0.0,0.0,0.0,0.0,0.0,0.0
862608649273728,maclean sandra phiri meant sm us see power frm 03hrs 00 00,False,0.0,neutral,0.0,0.0,1.0,0.0,neutral,0.0,neutral,False,0.0,,12,0,0.0,0.0,0.0,0.0,0.0,0.0,0.0
749469816152433,ba zesco stick schedule came hours us respect us following time power cuts time feels like comes back feels like,False,0.7096,positive,0.7096,0.308,0.608,0.084,positive,0.7096,positive,False,0.0,,20,3,0.0,0.15,0.0,0.05,0.0,0.15,0.0
8564364463676203,wiyu said pa 1st october loadshedding stabilize s worse power restored kuma midnight 01 gone 03 back 04 gone gone gone awe mwandi,True,-0.1779,negative,-0.8778999999999999,0.094,0.784,0.122,negative,-0.8778999999999999,negative,True,-0.7,awe,23,1,0.0,0.0,0.0434782608695652,0.0,0.0434782608695652,0.0,0.0217391304347826
475515214753875,government s only president should find solutions ministers sure,False,0.4588,positive,0.4588,0.4,0.6,0.0,positive,0.4588,positive,False,0.0,,9,2,0.0,0.0,0.1111111111111111,0.1111111111111111,0.0,0.0,0.0
971752154406184,six miles don t power since 11hrs,False,0.0,neutral,0.0,0.0,1.0,0.0,neutral,0.0,neutral,False,0.0,,7,1,0.0,0.0,0.0,0.1428571428571428,0.0,0.0,0.0
1128801438953530,bebetty yenesha don t even socks,False,0.0,neutral,0.0,0.0,1.0,0.0,neutral,0.0,neutral,False,0.0,,6,1,0.0,0.0,0.0,0.1666666666666666,0.0,0.0,0.0
1174234090118701,ifyabupuba fye cant follow sinple schedule switch off power 12hrs switch hour switch off another 12 hours tebukopo obu,False,0.0,neutral,-1.0,0.0,1.0,0.0,negative,-1.0,negative,True,-1.0,ifyabupuba,19,0,0.0,0.0,0.0,0.0,0.0,0.0,0.0
842607610163169,should reduce further least 3 hours,False,0.0,neutral,0.0,0.0,1.0,0.0,neutral,0.0,neutral,False,0.0,,6,0,0.0,0.0,0.0,0.0,0.0,0.0,0.0
1230387797514829,people telling responsible drying kariba dam,False,0.3182,positive,0.3182,0.315,0.685,0.0,positive,0.3182,positive,False,0.0,,6,1,0.0,0.0,0.0,0.1666666666666666,0.0,0.0,0.0
489266630038074,travis williams well articulated,False,0.2732,positive,0.2732,0.412,0.588,0.0,positive,0.2732,positive,False,0.0,,4,0,0.0,0.0,0.0,0.0,0.0,0.0,0.0
2503679246506239,tumba le vivré masters comply,False,0.0,neutral,0.0,0.0,1.0,0.0,neutral,0.0,neutral,False,0.0,,5,0,0.0,0.0,0.0,0.0,0.0,0.0,0.0
3825460564449235,people took seriously first october benzo sekako chabe,False,-0.1779,negative,-0.1779,0.0,0.805,0.195,negative,-0.1779,negative,False,0.0,,8,0,0.0,0.0,0.0,0.0,0.0,0.0,0.0
1681413012651571,dennis zulu even though should always think outside boxes should find solutions,False,0.1779,positive,0.1779,0.134,0.866,0.0,positive,0.1779,positive,False,0.0,,12,0,0.0,0.0,0.0,0.0,0.0,0.0,0.0
823574169989210,katerina altop true selling other countries seems like alot people sayong same really words express disappointment,False,0.1868,positive,0.1868,0.242,0.595,0.163,positive,0.1868,positive,False,0.0,,16,3,0.0625,0.0,0.0,0.0625,0.0625,0.0,0.0625
2375001119332730,ba zesco should serious comes customers service calling since new years eve upto now haven t shown 46200403866 metre number don t power 10 days now reporting libala stage 4a mayangayanga street house 38,False,0.0,neutral,0.0,0.04,0.92,0.04,neutral,0.0,neutral,False,0.0,,34,2,0.0,0.0,0.0,0.0588235294117647,0.0,0.0,0.0
6453639328086763,same whatsapp group,False,0.0,neutral,0.0,0.0,1.0,0.0,neutral,0.0,neutral,False,0.0,,3,0,0.0,0.0,0.0,0.0,0.0,0.0,0.0
684342116481386,effective today yesterday cause power went 23 10 still nothing,False,0.4767,positive,0.4767,0.256,0.744,0.0,positive,0.4767,positive,False,0.0,,10,1,0.0,0.0,0.0,0.1,0.0,0.0,0.0
918822943645810,saviour alingo chisanga even us,False,0.0,neutral,0.0,0.0,1.0,0.0,neutral,0.0,neutral,False,0.0,,5,0,0.0,0.0,0.0,0.0,0.0,0.0,0.0
1081332879606942,zesco limited m chingola power went morning came back around 17 18 now gone,False,-0.2263,negative,-0.2263,0.0,0.863,0.137,negative,-0.2263,negative,False,0.0,,14,1,0.0714285714285714,0.0,0.0,0.0,0.0714285714285714,0.0,0.0714285714285714
837671050849200,zesco limited consistence plan load management showing different time power went 05hrs today plan showing 06hrs going institution checking works stop misleading nation ba zesco,False,-0.7003,negative,-0.7003,0.0,0.764,0.236,negative,-0.7003,negative,False,0.0,,25,7,0.08,0.12,0.0,0.08,0.04,0.12,0.06
2182068691972856,titus masumbuku ivunda stop wasting precious time,False,-0.0516,negative,-0.0516,0.294,0.317,0.389,negative,-0.0516,negative,False,0.0,,7,3,0.0,0.2857142857142857,0.1428571428571428,0.0,0.1428571428571428,0.2857142857142857,0.0714285714285714
581910654194613,decide tell customers over weekend short notice extended hours how people verify status meters,False,0.0,neutral,0.0,0.0,1.0,0.0,neutral,0.0,neutral,False,0.0,,14,1,0.0,0.0,0.0,0.0,0.0,0.0,0.0
2097613640630766,issue rather see manager 5yrs much,False,0.0,neutral,0.0,0.0,1.0,0.0,neutral,0.0,neutral,False,0.0,,6,0,0.0,0.0,0.0,0.0,0.0,0.0,0.0
543396097838713,thawila simataa form cooperatives bwana,False,0.0,neutral,0.0,0.0,1.0,0.0,neutral,0.0,neutral,False,0.0,,5,0,0.0,0.0,0.0,0.0,0.0,0.0,0.0
1644307496522936,zesco limited meter updated without power just asking,False,-0.2263,negative,-0.2263,0.0,0.787,0.213,negative,-0.2263,negative,False,0.0,,8,1,0.125,0.0,0.0,0.0,0.125,0.0,0.125
1338452506889039,towera us s 03 00 13 30 same day 17 00 02 39 next day,False,0.0,neutral,0.0,0.0,1.0,0.0,neutral,0.0,neutral,False,0.0,,15,0,0.0,0.0,0.0,0.0,0.0,0.0,0.0
1776900926039362,s big shame pipo solwezi even following very own time table,False,-0.4767,negative,-0.4767,0.0,0.744,0.256,negative,-0.4767,negative,False,0.0,,11,2,0.0,0.0909090909090909,0.0909090909090909,0.0,0.0909090909090909,0.0909090909090909,0.0454545454545454
544189258584821,don t see power household how possible before 24th ba zesco,False,0.0,neutral,0.0,0.0,1.0,0.0,neutral,0.0,neutral,False,0.0,,11,2,0.0,0.0,0.0,0.0909090909090909,0.0,0.0,0.0
1699234950533889,malunga banda jr thanks,False,0.4404,positive,0.4404,0.492,0.508,0.0,positive,0.4404,positive,False,0.0,,4,0,0.0,0.0,0.0,0.0,0.0,0.0,0.0
1172944700752848,lied s 6 14 6 15,False,-0.3818,negative,-0.3818,0.0,0.435,0.565,negative,-0.3818,negative,False,0.0,,6,0,0.0,0.0,0.0,0.0,0.0,0.0,0.0
488612390860147,wake around 01 process restore power trusted schedule,False,0.6486,positive,0.6486,0.469,0.531,0.0,positive,0.6486,positive,False,0.0,,8,0,0.0,0.0,0.0,0.0,0.0,0.0,0.0
466252772381945,might good electricity switched off only around 23hrs 05hrs everyone sleeping during day time dd mata,False,0.4404,positive,0.4404,0.162,0.838,0.0,positive,0.4404,positive,False,0.0,,16,3,0.0,0.125,0.0,0.0625,0.0,0.125,0.0
841449014595749,how meter doesn t ma,False,0.0,neutral,0.0,0.0,1.0,0.0,neutral,0.0,neutral,False,0.0,,5,0,0.0,0.0,0.0,0.0,0.0,0.0,0.0
796189505225240,rita musowoya makayi jonathan phiri,False,0.0,neutral,0.0,0.0,1.0,0.0,neutral,0.0,neutral,False,0.0,,5,0,0.0,0.0,0.0,0.0,0.0,0.0,0.0
1681413012651571,dennis zulu osalengese insult pamozi naba zesco don t know people kuntanshi given offer other ways generate power mines other sources zambia very blessed country because poor leadership selfishness never end,False,-0.6003,negative,-0.6003,0.107,0.662,0.232,negative,-0.6003,negative,False,0.0,,31,5,0.032258064516129,0.0,0.0,0.032258064516129,0.032258064516129,0.0,0.032258064516129
698220705272026,hon mwinga just imagine mbuya,False,0.0,neutral,0.0,0.0,1.0,0.0,neutral,0.0,neutral,False,0.0,,5,0,0.0,0.0,0.0,0.0,0.0,0.0,0.0
618831263798949,nhamo afiya chiwila s fair,False,0.3182,positive,0.3182,0.434,0.566,0.0,positive,0.3182,positive,False,0.0,,5,1,0.0,0.0,0.0,0.0,0.0,0.0,0.0
1217856575972373,how update meters s power alternatives,False,0.0,neutral,0.0,0.0,1.0,0.0,neutral,0.0,neutral,False,0.0,,6,0,0.0,0.0,0.0,0.0,0.0,0.0,0.0
863763611340652,chililabombwe power come back 00 20 cut around 05 20hrs zesco limited please once stick schedule power hasn t restored s frustrating honestly ku kamenza east kwena mule tufwenge especially fwebakwete same line namu pp zambia eminani shabola elo ni january eno teti tuchite manager ukuchita ama generator nangu inventor awe,False,0.2023,positive,-0.4976999999999999,0.134,0.747,0.12,negative,-0.4976999999999999,negative,True,-0.7,awe,51,3,0.0392156862745098,0.0,0.0,0.0196078431372549,0.0196078431372549,0.0,0.0294117647058823
3350829441893428,imwe inform us repairs maamba coal doing 15 days naipwa muli ndwi,False,0.0,neutral,0.0,0.0,1.0,0.0,neutral,0.0,neutral,False,0.0,,12,1,0.0,0.0,0.0,0.0833333333333333,0.0,0.0,0.0
618831263798949,ninshi group d always power night because week week schedule afternoon kuseni kunalakwa chani,False,0.0,neutral,0.0,0.0,1.0,0.0,neutral,0.0,neutral,False,0.0,,14,0,0.0,0.0,0.0,0.0,0.0,0.0,0.0
894707085907298,imwe lelo nipa 1 tell us wat going hear efyo,False,0.0,neutral,0.0,0.0,1.0,0.0,neutral,0.0,neutral,False,0.0,,10,0,0.0,0.0,0.0,0.0,0.0,0.0,0.0
1775418393314477,nadi n polela exactly t remember last time thing,False,0.0,neutral,0.0,0.0,1.0,0.0,neutral,0.0,neutral,False,0.0,,9,1,0.0,0.1111111111111111,0.0,0.0,0.0,0.1111111111111111,0.0
1681413012651571,ve never school understand cause disability too much,False,0.0,neutral,0.0,0.0,1.0,0.0,neutral,0.0,neutral,False,0.0,,8,2,0.0,0.0,0.0,0.125,0.125,0.0,0.0625
857993329821358,s good better close till further notice 3hours ati stabilize,True,0.7003,positive,0.7003,0.453,0.547,0.0,negative,0.7003,negative,False,0.0,,10,1,0.0,0.1,0.0,0.1,0.0,0.1,0.0
860691078549411,cathy chiwila kasonkomona counting same iyo kwena,False,0.0,neutral,0.0,0.0,1.0,0.0,neutral,0.0,neutral,False,0.0,,7,0,0.0,0.0,0.0,0.0,0.0,0.0,0.0
814032123947125,ba zesco 06 00hrs upto now don t power chalala shantumbu road group e thought said power going 8hrs happening,False,0.0,neutral,0.0,0.0,1.0,0.0,neutral,0.0,neutral,False,0.0,,20,2,0.0,0.05,0.0,0.05,0.0,0.05,0.0
1539253826550352,brenda kash s true,False,0.4215,positive,0.4215,0.583,0.417,0.0,positive,0.4215,positive,False,0.0,,4,1,0.0,0.0,0.0,0.25,0.0,0.0,0.0
3921559501407227,chipo veronica kalinda want u wake 01 just upgrade lol,False,0.4767,positive,0.4767,0.369,0.631,0.0,positive,0.4767,positive,False,0.0,,10,0,0.0,0.0,0.0,0.0,0.0,0.0,0.0
311057938684793,kingsley chipulu very questionable someone talks rains uyo jumps 2096 s normal amashilu takwaba,False,-0.3597,negative,-0.3597,0.0,0.828,0.172,negative,-0.3597,negative,False,0.0,,14,1,0.0,0.0,0.0,0.0,0.0,0.0,0.0
1479688996132867,nothing changed s drama everytime,False,0.0,neutral,0.0,0.0,1.0,0.0,neutral,0.0,neutral,False,0.0,,5,0,0.0,0.0,0.0,0.0,0.0,0.0,0.0
2498876370301527,pêzõ phyllis sinta kuwaya waya fye,False,0.0,neutral,0.0,0.0,1.0,0.0,neutral,0.0,neutral,False,0.0,,6,0,0.0,0.0,0.0,0.0,0.0,0.0,0.0
618831263798949,zesco limited even staggered 4hrs schedule going off 18 00 22 00 complaining without tired infact tired,False,0.276,positive,0.276,0.224,0.604,0.172,positive,0.276,positive,False,0.0,,17,3,0.0588235294117647,0.0,0.0,0.0,0.0588235294117647,0.0,0.0588235294117647
1252220168979432,misheck cheleka business wise 6 6 better than 12 hours mean 6 6 12 b 12 0 12,False,0.7184,positive,0.7184,0.375,0.625,0.0,positive,0.7184,positive,False,0.0,,18,1,0.0,0.0,0.0,0.0,0.0,0.0,0.0
936973861600142,still waiting new schedule kindly update us,False,0.4939,positive,0.4939,0.348,0.652,0.0,positive,0.4939,positive,False,0.0,,7,0,0.0,0.0,0.0,0.0,0.0,0.0,0.0
595499463037314,power especially us power comes night nayo 01 how update ba zesco sure,False,0.3182,positive,0.3182,0.161,0.839,0.0,positive,0.3182,positive,False,0.0,,13,0,0.0,0.0,0.0,0.0,0.0,0.0,0.0
975369947454687,hi ruth kay apologize inconvenience caused please note timetable changed reason extended load management area due system overload currently being addressed technical teams ground regards cj,False,-0.3182,negative,-0.3182,0.121,0.717,0.163,negative,-0.3182,negative,False,0.0,,26,7,0.0,0.0,0.0,0.1538461538461538,0.0769230769230769,0.0,0.0384615384615384
569264788736735,hope system normalize before day breaks otherwise units done hungry bored plus work stand now,False,0.2023,positive,0.2023,0.161,0.722,0.117,positive,0.2023,positive,False,0.0,,15,3,0.0,0.1333333333333333,0.0,0.1333333333333333,0.0,0.1333333333333333,0.0
489522783263968,thinking babweshamo kansi reduced increase nabo ba ze powering ze nation gotten used current schedule already lekeni ifyo,False,0.3182,positive,-0.0818,0.119,0.881,0.0,negative,-0.0818,negative,True,-0.4,lekeni,18,2,0.0,0.0,0.0,0.0555555555555555,0.0,0.0,0.0
868699001264826,bought units t access units bought how long should wait twalala umwafita please,False,0.3182,positive,0.3182,0.173,0.827,0.0,positive,0.3182,positive,False,0.0,,13,2,0.0,0.1538461538461538,0.0,0.0,0.0,0.1538461538461538,0.0
2555169691314009,zesco limited s fine since don t money buy units,False,-0.0258,neutral,-0.0258,0.186,0.619,0.196,neutral,-0.0258,neutral,False,0.0,,10,3,0.2,0.1,0.0,0.2,0.1,0.1,0.15
851116133455292,hope eastwoodss see comment,False,0.4404,positive,0.4404,0.492,0.508,0.0,positive,0.4404,positive,False,0.0,,4,1,0.0,0.25,0.0,0.25,0.0,0.25,0.0
489266630038074,andy c p andrews personally feel pf boast because time power supply low compared now excuse upnd now predecessor constructed kafue gorge lower,False,-0.4588,negative,-0.4588,0.055,0.763,0.182,negative,-0.4588,negative,False,0.0,,23,6,0.0,0.0434782608695652,0.0,0.0,0.0434782608695652,0.0434782608695652,0.0217391304347826
266309282865695,6 weeks complaining wait least year complain know how long other people waited iwe,False,-0.5106,negative,-0.5106,0.0,0.719,0.281,negative,-0.5106,negative,False,0.0,,14,3,0.0714285714285714,0.1428571428571428,0.0,0.0,0.0714285714285714,0.1428571428571428,0.0714285714285714
539670581926451,go ku farm kansi tumalaiti tunkhalako kuma farmers,False,0.0,neutral,0.0,0.0,1.0,0.0,neutral,0.0,neutral,False,0.0,,8,1,0.0,0.125,0.0,0.0,0.0,0.125,0.0
416899997778816,stop raising people s hopes last month busy announcing how loadsheding going reduce october today saying something different now just keep quiet,False,0.1531,positive,0.1531,0.117,0.792,0.092,positive,0.1531,positive,False,0.0,,22,1,0.0,0.0,0.0,0.0,0.0454545454545454,0.0,0.0227272727272727
650892396948035,don t know need bake two cakes clients collected 18 hrs,False,0.0,neutral,0.0,0.0,1.0,0.0,neutral,0.0,neutral,False,0.0,,11,1,0.0,0.0,0.0,0.0909090909090909,0.0,0.0,0.0
534213329304365,o1 10 2024 eclipse ya angoni waiting,False,0.0,neutral,0.0,0.0,1.0,0.0,neutral,0.0,neutral,False,0.0,,7,0,0.0,0.0,0.0,0.0,0.0,0.0,0.0
1085032883086669,chomba lesa malembeka exactly thought because s seems everything beyond,False,0.0,neutral,0.0,0.0,1.0,0.0,neutral,0.0,neutral,False,0.0,,10,1,0.0,0.1,0.0,0.0,0.0,0.1,0.0
4020407858281027,now zesco started making time tables us s teacher pupils feel like seated desks teacher addressing us class,False,0.3612,positive,0.3612,0.135,0.865,0.0,positive,0.3612,positive,False,0.0,,18,3,0.0,0.0555555555555555,0.0,0.1111111111111111,0.0,0.0555555555555555,0.0
834972411129576,lying kamuchanga r section 3 days power outage 6 time better continuous 12hours than breaking into 2 ndeke village high cost free days us still 12hours,False,0.4215,positive,0.4215,0.217,0.664,0.119,positive,0.4215,positive,False,0.0,,26,2,0.0384615384615384,0.0384615384615384,0.0,0.0,0.0,0.0384615384615384,0.0192307692307692
293758669717165,ismaeel moosa even want insult buy t,False,-0.4588,negative,-0.4588,0.151,0.465,0.384,negative,-0.4588,negative,False,0.0,,7,1,0.1428571428571428,0.0,0.0,0.0,0.1428571428571428,0.0,0.1428571428571428
1160149984999126,zesco limited kindly share schedule ndola because kansenshi infill load shedding ninshi ni 13 hours 21 hours beyond everyday even started load shedding us twice day efinshi ifyo sure,False,0.7003,positive,0.7003,0.223,0.723,0.055,positive,0.7003,positive,False,0.0,,29,2,0.0344827586206896,0.0344827586206896,0.0,0.0344827586206896,0.0344827586206896,0.0344827586206896,0.0344827586206896
930146739044579,don t power please tell us another way check prepaid without power,False,0.3182,positive,0.3182,0.187,0.813,0.0,positive,0.3182,positive,False,0.0,,12,1,0.0,0.0,0.0,0.0833333333333333,0.0,0.0,0.0
724725065639374,shy gibbs international graphics tell ati arrest together harry potter,False,-0.5267,negative,-0.5267,0.0,0.645,0.355,negative,-0.5267,negative,False,0.0,,10,2,0.1,0.0,0.0,0.0,0.1,0.0,0.1
499284339694859,give us updates power today s 1st october kutumpa uku,False,0.0,neutral,0.0,0.0,1.0,0.0,neutral,0.0,neutral,False,0.0,,10,0,0.0,0.0,0.0,0.0,0.0,0.0,0.0
838247315137285,always shift goal post already announced september surprised announcing minister energy communicated something else contrary talking please consult each before come public,False,0.6486,positive,0.6486,0.249,0.751,0.0,positive,0.6486,positive,False,0.0,,22,4,0.0,0.0454545454545454,0.0,0.0454545454545454,0.0,0.0454545454545454,0.0
461680426175485,ackim c sikaundi exactly boi,False,0.0,neutral,0.0,0.0,1.0,0.0,neutral,0.0,neutral,False,0.0,,5,0,0.0,0.0,0.0,0.0,0.0,0.0,0.0
850255429376696,bias power left 12hrs nyumba yanga came 11hrs hour left,False,-0.1027,negative,-0.1027,0.0,0.865,0.135,negative,-0.1027,negative,False,0.0,,10,1,0.1,0.0,0.0,0.0,0.0,0.0,0.05
2591175591054010,natalie natalie 15h00 group e still nothing 1 hour over zesco limited,False,-0.2263,negative,-0.2263,0.0,0.826,0.174,negative,-0.2263,negative,False,0.0,,12,1,0.0833333333333333,0.0,0.0,0.0,0.0833333333333333,0.0,0.0833333333333333
266131246065467,imwe naba mtn same same ma bad manners,False,-0.5423,negative,-0.5423,0.0,0.667,0.333,negative,-0.5423,negative,False,0.0,,8,2,0.125,0.0,0.125,0.0,0.125,0.0,0.125
2520746544780980,net metering futi na lelo nipa 1 think zesco limited must competitor mwee mwatikola papaka enough enough fake unfulfilled promises,False,-0.6369,negative,-0.6369,0.102,0.591,0.307,negative,-0.6369,negative,False,0.0,,20,3,0.1,0.05,0.0,0.0,0.1,0.05,0.1
1308233376575145,fuel electricity headless chicken drama,False,0.0,neutral,0.0,0.0,1.0,0.0,neutral,0.0,neutral,False,0.0,,5,2,0.0,0.0,0.2,0.0,0.0,0.0,0.0
550496243841279,charles mabuku ever re gee congratulations,False,0.5994,positive,0.5994,0.438,0.562,0.0,positive,0.5994,positive,False,0.0,,6,0,0.0,0.0,0.0,0.0,0.0,0.0,0.0
1371532063594197,aaron abdul ala mwandi,False,0.0,neutral,0.0,0.0,1.0,0.0,neutral,0.0,neutral,False,0.0,,4,0,0.0,0.0,0.0,0.0,0.0,0.0,0.0
1609116960021869,promised us today pa 1 give us power kaili hakainde hichilemaa said pa 1 things better still power areas feedback communication sir please depending little little electricity qualified still being left us just being sidelined please ba hh suffering n saloons t work selling ice blocks same go streets being chased council people connections phones telling us shouldn t tiktok facebook should like zombies now only rich n well happy youth alila please,True,0.9531,positive,0.7530999999999999,0.284,0.657,0.059,negative,0.7530999999999999,negative,True,-0.2,kaili,73,8,0.0136986301369863,0.0410958904109589,0.0273972602739726,0.0684931506849315,0.0136986301369863,0.0410958904109589,0.0136986301369863
1056556399810818,bilha wairimu prompted madam,False,0.0,neutral,0.0,0.0,1.0,0.0,neutral,0.0,neutral,False,0.0,,4,0,0.0,0.0,0.0,0.0,0.0,0.0,0.0
506474755550925,sibongile bongani munthali think ba group e just hated lot group very upset,False,-0.796,negative,-0.796,0.0,0.585,0.415,negative,-0.796,negative,False,0.0,,13,1,0.0769230769230769,0.0,0.0,0.0,0.0769230769230769,0.0,0.0769230769230769
311057938684793,mirriam chilwashi power went giving speech arrival same zesco apologized like s apologize shouldn t know how feels though,False,0.765,positive,0.765,0.398,0.602,0.0,positive,0.765,positive,False,0.0,,19,4,0.0,0.0526315789473684,0.0,0.0526315789473684,0.0526315789473684,0.0526315789473684,0.0263157894736842
864843354738021,alo kindly share new schedule kabwe app 3600 showing scheduled load management yet power goes every day,False,0.6597,positive,0.6597,0.265,0.735,0.0,positive,0.6597,positive,False,0.0,,17,2,0.0,0.0588235294117647,0.0,0.1176470588235294,0.0,0.0588235294117647,0.0
1978437159337183,zesco limited supply than month filled complaint promised called engineers come work date s nothing hearing guys,False,-0.1531,negative,-0.1531,0.128,0.663,0.209,negative,-0.1531,negative,False,0.0,,17,4,0.1176470588235294,0.0,0.0588235294117647,0.0,0.0588235294117647,0.0,0.088235294117647
1431917760926940,even refusing refund own units replacement faulty meter going since last year december need stop giving excuses those front desks even tuma attitudes inquiring zesco limited kawayawayafye ati doing systems upgrade come two go come another excuse employee go other department cause us favour pay service,False,-0.4404,negative,-0.4404,0.12,0.69,0.191,negative,-0.4404,negative,False,0.0,,46,5,0.0217391304347826,0.0217391304347826,0.0,0.0217391304347826,0.0217391304347826,0.0217391304347826,0.0217391304347826
543052894427696,aaah let just continue sleep without power wake without s continuous thing failed understand now,False,0.4023,positive,0.4023,0.172,0.828,0.0,positive,0.4023,positive,False,0.0,,15,1,0.0,0.0666666666666666,0.0,0.0666666666666666,0.0,0.0666666666666666,0.0
1464374354271951,gracious t kalyondo wanted tag don t know distracted,False,0.296,positive,0.296,0.327,0.455,0.218,positive,0.296,positive,False,0.0,,9,3,0.1111111111111111,0.0,0.0,0.1111111111111111,0.0,0.0,0.0555555555555555
1175176329792316,hazel zimba ati shani boss,False,0.0,neutral,0.0,0.0,1.0,0.0,neutral,0.0,neutral,False,0.0,,5,0,0.0,0.0,0.0,0.0,0.0,0.0,0.0
8895988010418731,kadija molly tembo ba aunty nichani,False,0.0,neutral,0.0,0.0,1.0,0.0,neutral,0.0,neutral,False,0.0,,6,0,0.0,0.0,0.0,0.0,0.0,0.0,0.0
729177385497794,cutting electricity 12 hours surely witchcraft ninshi put us insoni ba zesco ebuntu mistreating own zambian customers somethings don t even need told,False,0.34,positive,0.34,0.119,0.82,0.061,positive,0.34,positive,False,0.0,,23,4,0.0869565217391304,0.0,0.0869565217391304,0.0434782608695652,0.0869565217391304,0.0,0.0869565217391304
502478876083855,moses miracle snr just look around u world ppl r suffering wars hunger drought innocent kids die hunger diseases many other reasons u see power let know good night wont continue conversation end thank,False,-0.4588,negative,-0.4588,0.241,0.456,0.303,negative,-0.4588,negative,False,0.0,,34,8,0.0,0.1176470588235294,0.0588235294117647,0.1176470588235294,0.0588235294117647,0.1176470588235294,0.0294117647058823
2163186534066582,bushe ni october yalelo nangula tuli nokulolela naimb,False,0.0,neutral,0.0,0.0,1.0,0.0,neutral,0.0,neutral,False,0.0,,8,0,0.0,0.0,0.0,0.0,0.0,0.0,0.0
451590690574355,tilolele mwanza honestly frustrating inconveniencing having wait till actual day know schedule like,False,0.3818,positive,0.3818,0.299,0.543,0.158,positive,0.3818,positive,False,0.0,,13,2,0.0,0.0769230769230769,0.0,0.0,0.0,0.0769230769230769,0.0
1122021676311355,zesco don t give full information metre number starts 070 code 0057 symbol metre number starts 450 code 005 stress us enough without adding mix better off just telling us buy additional k10 units checking update stressing,False,-0.7274,negative,-0.7274,0.063,0.75,0.187,negative,-0.7274,negative,False,0.0,,37,4,0.0,0.0,0.0,0.027027027027027,0.0,0.0,0.0
2708694619260732,total rubish yestaday power went 5 came bk 17 today 6 gone nish vuto ilipati ayi,False,0.0,neutral,0.0,0.0,1.0,0.0,neutral,0.0,neutral,False,0.0,,16,0,0.0,0.0,0.0,0.0,0.0,0.0,0.0
1128801438953530,power gone two days how gonna update information gunpoint should delivered like week two prepare ourselves know fully well electricity isn t stable goes comes wish whoever pr should seriously pull socks,False,0.796,positive,0.796,0.261,0.693,0.045,positive,0.796,positive,False,0.0,,32,6,0.0,0.03125,0.0,0.0625,0.0,0.03125,0.0
1090654236363564,david kunda mupanga yes comment looking,False,0.4019,positive,0.4019,0.351,0.649,0.0,positive,0.4019,positive,False,0.0,,6,0,0.0,0.0,0.0,0.0,0.0,0.0,0.0
853492429266225,leah nachilima awe real munakuka boss even saying ku chalala pama bedsitter mwenze zee miss too boi,False,-0.1531,negative,-1.0,0.0,0.909,0.091,negative,-1.0,negative,True,-1.2,"awe,zee",17,1,0.0,0.0,0.0,0.0588235294117647,0.0,0.0,0.0
841449014595749,henry mutale chimanga even ours doesn t,False,0.0,neutral,0.0,0.0,1.0,0.0,neutral,0.0,neutral,False,0.0,,7,0,0.0,0.0,0.0,0.0,0.0,0.0,0.0
880439590817413,wiza simuchimba swear unbearable,False,-0.0516,negative,-0.0516,0.0,0.714,0.286,negative,-0.0516,negative,False,0.0,,4,2,0.0,0.0,0.0,0.25,0.25,0.0,0.125
196193166417697,poseniko amano business yaiminina,False,0.0,neutral,0.0,0.0,1.0,0.0,neutral,0.0,neutral,False,0.0,,4,0,0.0,0.0,0.0,0.0,0.0,0.0,0.0
687725596207203,re dealing mafia s day light robbery 12hrs load shedding remains same,False,0.0,neutral,0.0,0.0,1.0,0.0,neutral,0.0,neutral,False,0.0,,12,3,0.0833333333333333,0.0,0.25,0.0833333333333333,0.0833333333333333,0.0,0.0833333333333333
1479913309593876,stop even decieving us 08hrs talking 06hrs 17hrs 08hrs please should stick time,False,0.0258,neutral,0.0258,0.148,0.71,0.142,neutral,0.0258,neutral,False,0.0,,13,1,0.0,0.0769230769230769,0.0,0.0,0.0,0.0769230769230769,0.0
711341783832512,loretta wood yes manigy che needs power whilst asleep,False,0.4019,positive,0.4019,0.252,0.748,0.0,positive,0.4019,positive,False,0.0,,9,0,0.0,0.0,0.0,0.0,0.0,0.0,0.0
1112572957094230,katongo chitebakatongo chiteba 05 gone,False,0.0,neutral,0.0,0.0,1.0,0.0,neutral,0.0,neutral,False,0.0,,5,0,0.0,0.0,0.0,0.0,0.0,0.0,0.0
2182068691972856,titus masumbuku ivunda omg man kkkkk,False,0.0,neutral,0.0,0.0,1.0,0.0,neutral,0.0,neutral,False,0.0,,6,0,0.0,0.0,0.0,0.0,0.0,0.0,0.0
140270599079498,frackson kasuko technologies fail such expected how come continuity key nothing sinister cx,False,-0.091,negative,-0.091,0.178,0.623,0.198,negative,-0.091,negative,False,0.0,,13,2,0.0769230769230769,0.0769230769230769,0.0769230769230769,0.0,0.0,0.0769230769230769,0.0384615384615384
1269660250728104,lelo mukwai tepalichili chitatu nipa 1 mukwai nga ifi ifyama metering ninshi muletweba ukuti amaiti yalakonkanyapo ukuya,False,0.0,neutral,0.0,0.0,1.0,0.0,neutral,0.0,neutral,False,0.0,,17,0,0.0,0.0,0.0,0.0,0.0,0.0,0.0
1539253826550352,isaac zulu u lying stop misleading people joshua ignla never said th prophet only said hh destined th president zambia,False,-0.8074,negative,-0.8074,0.0,0.658,0.342,negative,-0.8074,negative,False,0.0,,20,5,0.1,0.1,0.0,0.1,0.0,0.1,0.05
1126291694701077,2x 6 12 unless s different education rest us,False,0.0,neutral,0.0,0.0,1.0,0.0,neutral,0.0,neutral,False,0.0,,9,1,0.0,0.0,0.0,0.0,0.0,0.0,0.0
1383247202425464,indirectly increased hours,False,0.2732,positive,0.2732,0.512,0.488,0.0,positive,0.2732,positive,False,0.0,,3,0,0.0,0.0,0.0,0.0,0.0,0.0,0.0
1032171577953568,cry babies 42 days making noise during ichipani days would just tell long list stop checking just wait now hope refer office office,False,-0.34,negative,-0.34,0.103,0.709,0.188,negative,-0.34,negative,False,0.0,,23,5,0.0,0.1304347826086956,0.0,0.0434782608695652,0.0434782608695652,0.1304347826086956,0.0217391304347826
1329032821280592,say,False,0.0,neutral,0.0,0.0,1.0,0.0,neutral,0.0,neutral,False,0.0,,1,0,0.0,0.0,0.0,0.0,0.0,0.0,0.0
1776645833112512,ka update bane lelo nipa wenu,False,0.0,neutral,0.0,0.0,1.0,0.0,neutral,0.0,neutral,False,0.0,,6,1,0.1666666666666666,0.0,0.1666666666666666,0.0,0.0,0.0,0.0833333333333333
2299770710224782,george muls just same,False,0.0,neutral,0.0,0.0,1.0,0.0,neutral,0.0,neutral,False,0.0,,4,0,0.0,0.0,0.0,0.0,0.0,0.0,0.0
5952209791544982,zesco limited everyone complaining failures stick times always cutting early connecting late embarrasing govt hakainde hichilema w k mutale nalumango energy regulation board erb,False,-0.6249,negative,-0.6249,0.077,0.623,0.3,negative,-0.6249,negative,False,0.0,,24,4,0.0833333333333333,0.0416666666666666,0.0416666666666666,0.0,0.125,0.0416666666666666,0.1041666666666666
1539253826550352,heza lawrence mambwe ok definitely,False,0.5994,positive,0.5994,0.62,0.38,0.0,positive,0.5994,positive,False,0.0,,5,0,0.0,0.0,0.0,0.0,0.0,0.0,0.0
524806366833946,bwalya lufungulo how conduct ama deliveries awe zesco posako amano,False,0.0,neutral,-0.7,0.0,1.0,0.0,negative,-0.7,negative,True,-0.7,awe,10,0,0.0,0.0,0.0,0.0,0.0,0.0,0.0
729761978322271,m wrong correct message zesco simply means loadshedding reduced 6hrs sense power kabulonga ibex woodlands other areas 6hours becomes vice versa ba zesco kalingalinga helen kaunda power hasn t gone past 7 days complaint concern worried happening,False,-0.7579,negative,-0.7579,0.0,0.805,0.195,negative,-0.7579,negative,False,0.0,,37,5,0.027027027027027,0.0,0.0,0.0,0.027027027027027,0.0,0.027027027027027
858763822055995,yvonne yasini chilonge true just ticking box happening ground,False,0.4215,positive,0.4215,0.259,0.741,0.0,positive,0.4215,positive,False,0.0,,9,2,0.0,0.0,0.0,0.2222222222222222,0.0,0.0,0.0
962024962124923,obey silavwe maliwanda good question now don t think doing something because just week loadsheding going wake curtail s going higher higher each month change,False,0.4404,positive,0.4404,0.116,0.884,0.0,positive,0.4404,positive,False,0.0,,25,5,0.0,0.04,0.08,0.12,0.0,0.04,0.0
1114571425879910,silverest power since yesterday 05 00hrs till now surely doesn t look like 6 hours relish rotting ba zesco please business depending power supply badly affected,False,0.4588,positive,0.4588,0.245,0.605,0.15,positive,0.4588,positive,False,0.0,,26,3,0.0,0.0,0.0,0.0,0.0384615384615384,0.0,0.0192307692307692
1081332879606942,schedule being followed m tired complaining ll continue until start doing right thing,False,-0.5719,negative,-0.5719,0.0,0.68,0.32,negative,-0.5719,negative,False,0.0,,13,3,0.0,0.1538461538461538,0.0,0.0769230769230769,0.0,0.1538461538461538,0.0
741211864091012,following timetable muliko nakamungulu,False,0.0,neutral,0.0,0.0,1.0,0.0,neutral,0.0,neutral,False,0.0,,4,0,0.0,0.0,0.0,0.0,0.0,0.0,0.0
928730689070139,flavia mwenzi phiri imagine sure everytime s us power coming night,False,0.3182,positive,0.3182,0.204,0.796,0.0,positive,0.3182,positive,False,0.0,,11,1,0.0,0.0909090909090909,0.0,0.0,0.0,0.0909090909090909,0.0
1322610832456208,mukuka lushomo gonna feed families,False,0.0,neutral,0.0,0.0,1.0,0.0,neutral,0.0,neutral,False,0.0,,5,0,0.0,0.0,0.0,0.0,0.0,0.0,0.0
418604890897874,mark mwandila iwe nkumba just report didn t hear zesco announcements,False,0.0,neutral,-0.9,0.0,1.0,0.0,negative,-0.9,negative,True,-0.9,nkumba,11,0,0.0,0.0,0.0,0.0,0.0,0.0,0.0
6602224119805409,thanks try manage situation wait permanent solution crisis sympathize,False,0.0258,neutral,0.0258,0.34,0.392,0.268,neutral,0.0258,neutral,False,0.0,,9,5,0.0,0.1111111111111111,0.0,0.1111111111111111,0.1111111111111111,0.1111111111111111,0.0555555555555555
1096573222127959,mangani ng wane phone,False,0.0,neutral,0.0,0.0,1.0,0.0,neutral,0.0,neutral,False,0.0,,4,1,0.0,0.0,0.0,0.0,0.25,0.0,0.125
823262035437849,suppose selected areas otherwise matero salima road still experiencing 12hrs blackout,False,0.0,neutral,0.0,0.0,1.0,0.0,neutral,0.0,neutral,False,0.0,,11,0,0.0,0.0,0.0,0.0,0.0,0.0,0.0
450507421367067,zesco limited happening power nyumba yanga today 1st thought situation change today,False,-0.2263,negative,-0.2263,0.0,0.853,0.147,negative,-0.2263,negative,False,0.0,,12,3,0.0833333333333333,0.0833333333333333,0.0833333333333333,0.0,0.0833333333333333,0.0833333333333333,0.0833333333333333
1149469195755648,chanda kasongo kaunda square stage 2 got double load shedding kind,False,0.5267,positive,0.5267,0.274,0.726,0.0,positive,0.5267,positive,False,0.0,,11,1,0.0,0.0,0.0,0.0909090909090909,0.0,0.0,0.0
412250048574132,mwamba konsolo njelesani honest aba bantu,False,0.5106,positive,0.1106,0.398,0.602,0.0,positive,0.1106,positive,True,-0.4,aba,6,1,0.1666666666666666,0.0,0.1666666666666666,0.1666666666666666,0.1666666666666666,0.0,0.1666666666666666
980538046288038,load shedding end business gone down mwebantu,False,0.0,neutral,0.0,0.0,1.0,0.0,neutral,0.0,neutral,False,0.0,,7,0,0.0,0.0,0.0,0.0,0.0,0.0,0.0
1032341511123508,annoying disappointing,False,-0.7096,negative,-0.7096,0.0,0.0,1.0,negative,-0.7096,negative,False,0.0,,2,2,0.5,0.0,0.0,0.0,0.5,0.0,0.5
1252220168979432,misheck cheleka ninshe phone using,False,0.0,neutral,0.0,0.0,1.0,0.0,neutral,0.0,neutral,False,0.0,,5,0,0.0,0.0,0.0,0.0,0.0,0.0,0.0
1464374354271951,masapula tembo chipeta awe should stop updating,False,-0.296,negative,-0.996,0.0,0.732,0.268,negative,-0.996,negative,True,-0.7,awe,7,0,0.0,0.0,0.0,0.0,0.0,0.0,0.0
974631150331430,james group e,False,0.0,neutral,0.0,0.0,1.0,0.0,neutral,0.0,neutral,False,0.0,,3,0,0.0,0.0,0.0,0.0,0.0,0.0,0.0
564248385578976,even sticking same schedule s just random sometimes only power 30 minutes waiting than 6 hours still switch off,False,0.0,neutral,0.0,0.0,1.0,0.0,neutral,0.0,neutral,False,0.0,,19,0,0.0,0.0,0.0,0.0,0.0,0.0,0.0
3397388003915845,hh very smart cause makes lot sense better,False,0.7089,positive,0.7089,0.496,0.504,0.0,positive,0.7089,positive,False,0.0,,8,1,0.0,0.0,0.0,0.0,0.0,0.0,0.0
1356117571869792,right move,False,0.0,neutral,0.0,0.0,1.0,0.0,neutral,0.0,neutral,False,0.0,,2,0,0.0,0.0,0.0,0.0,0.0,0.0,0.0
425161906424474,kaz lave ahhhhh ll going twice day,False,0.0,neutral,0.0,0.0,1.0,0.0,neutral,0.0,neutral,False,0.0,,7,0,0.0,0.0,0.0,0.0,0.0,0.0,0.0
554390029948965,disappointed how managing load shedding power goes 18hours comes 24 00hours goes 05 00hours how expect us prepare,False,-0.4767,negative,-0.4767,0.0,0.846,0.154,negative,-0.4767,negative,False,0.0,,18,3,0.0555555555555555,0.1111111111111111,0.0,0.0555555555555555,0.0555555555555555,0.1111111111111111,0.0555555555555555
1223615948250143,day before yesterday never power 13hrs straight yesterday power came 11 power goes midnight relief providing exactly problem don t even stick own schedule ridiculous,False,-0.4149,negative,-0.4149,0.103,0.667,0.229,negative,-0.4149,negative,False,0.0,,25,5,0.04,0.04,0.04,0.08,0.04,0.04,0.04
3378720489080713,use list aren t going stalk power went 11 00 came 18 10 now gone meaning,False,0.0,neutral,0.0,0.0,1.0,0.0,neutral,0.0,neutral,False,0.0,,16,1,0.0,0.0,0.0625,0.0,0.0,0.0,0.0
5720330321376222,anyone lord shaded before raise hand lord management currently effect,False,0.4939,positive,0.4939,0.262,0.738,0.0,positive,0.4939,positive,False,0.0,,10,3,0.0,0.0,0.0,0.3,0.0,0.0,0.0
588280453129937,angela chikontwe ntembula awe kusamwa,False,0.0,neutral,-0.7,0.0,1.0,0.0,negative,-0.7,negative,True,-0.7,awe,5,0,0.0,0.0,0.0,0.0,0.0,0.0,0.0
707873887745003,nothing good write home t just terminate contracts exporting power visited kariba nothing like low levels cause slogan should always zambians first path taken sir,False,-0.4023,negative,-0.4023,0.066,0.768,0.165,negative,-0.4023,negative,False,0.0,,25,3,0.0,0.04,0.0,0.08,0.04,0.04,0.02
2708756899294372,sharon theedupreneur s true,False,0.4215,positive,0.4215,0.583,0.417,0.0,positive,0.4215,positive,False,0.0,,4,1,0.0,0.0,0.0,0.25,0.0,0.0,0.0
3407405059524366,karen karen mwenya see,False,0.0,neutral,0.0,0.0,1.0,0.0,neutral,0.0,neutral,False,0.0,,4,0,0.0,0.0,0.0,0.0,0.0,0.0,0.0
1084590416364090,just keep quiet nothing say power zaingalume today s day two don t take us fo ls okay s better keep quiet kusabaila mtchew,False,0.5859,positive,0.5859,0.202,0.798,0.0,positive,0.5859,positive,False,0.0,,24,3,0.0,0.0,0.0,0.0416666666666666,0.0833333333333333,0.0,0.0416666666666666
1045021707103658,andrew mwansa don t even know insult sir forgiven,False,-0.1779,negative,-0.1779,0.218,0.504,0.277,negative,-0.1779,negative,False,0.0,,9,4,0.1111111111111111,0.0,0.0,0.2222222222222222,0.1111111111111111,0.0,0.1111111111111111
1481001045743276,taken screenshot hold proof incas u go against ur word,False,0.0,neutral,0.0,0.0,1.0,0.0,neutral,0.0,neutral,False,0.0,,10,2,0.0,0.0,0.0,0.2,0.0,0.0,0.0
264621713006251,s pathetic us s getting six months need bribed,False,-0.5719,negative,-0.5719,0.0,0.619,0.381,negative,-0.5719,negative,False,0.0,,9,1,0.0,0.0,0.0,0.0,0.1111111111111111,0.0,0.0555555555555555
1275352909817448,theoson kafwimbi mwanaumbi too bad,False,-0.5423,negative,-0.5423,0.0,0.533,0.467,negative,-0.5423,negative,False,0.0,,5,1,0.2,0.0,0.2,0.0,0.2,0.0,0.2
1212784172667362,naomi phiri already playing us dear ba praise celebrating still remains 12hours power day most zambians sleep 8hours,True,0.8934,positive,0.8934,0.455,0.545,0.0,negative,0.8934,negative,False,0.0,,18,4,0.0,0.0555555555555555,0.0555555555555555,0.1111111111111111,0.0,0.0555555555555555,0.0
1525885331255257,lie area experiencing 18 20 hour s load shedding every single day s pathetic,False,-0.5719,negative,-0.5719,0.0,0.748,0.252,negative,-0.5719,negative,False,0.0,,14,2,0.0714285714285714,0.0,0.0,0.0,0.1428571428571428,0.0,0.1071428571428571
937364200585267,zesco bad manners,False,-0.5423,negative,-0.5423,0.0,0.364,0.636,negative,-0.5423,negative,False,0.0,,3,2,0.3333333333333333,0.0,0.3333333333333333,0.0,0.3333333333333333,0.0,0.3333333333333333
1315892335683525,mother s 7 months now,False,0.0,neutral,0.0,0.0,1.0,0.0,neutral,0.0,neutral,False,0.0,,5,1,0.0,0.2,0.0,0.2,0.2,0.2,0.1
6877744568925424,benson kanyembo issue too,False,0.0,neutral,0.0,0.0,1.0,0.0,neutral,0.0,neutral,False,0.0,,4,0,0.0,0.0,0.0,0.0,0.0,0.0,0.0
1339228173576001,zesco limited schedule group d making sense difference because past three weeks power coming night request also start giving us power afternoon,False,0.128,positive,0.128,0.103,0.815,0.082,positive,0.128,positive,False,0.0,,22,5,0.0454545454545454,0.0909090909090909,0.0,0.0,0.0454545454545454,0.0909090909090909,0.0454545454545454
851116133455292,estella chetulo last time came around 0340,False,0.0,neutral,0.0,0.0,1.0,0.0,neutral,0.0,neutral,False,0.0,,7,1,0.0,0.1428571428571428,0.0,0.0,0.0,0.1428571428571428,0.0
1357331375102374,martin akende apa yayenda second session,False,0.0,neutral,0.0,0.0,1.0,0.0,neutral,0.0,neutral,False,0.0,,6,0,0.0,0.0,0.0,0.0,0.0,0.0,0.0
749886946759897,according schedule us never power between 18 midnight everyday,False,0.0,neutral,0.0,0.0,1.0,0.0,neutral,0.0,neutral,False,0.0,,9,0,0.0,0.0,0.0,0.0,0.0,0.0,0.0
1070057597856274,guys funny,False,0.4404,positive,0.4404,0.744,0.256,0.0,positive,0.4404,positive,False,0.0,,2,0,0.0,0.0,0.0,0.0,0.0,0.0,0.0
7359122830872795,francesca f kabaso right morning around 5 trying check loadsheading schedule message zesco area due loadsheading today 10 min power went bath cold water,False,0.0,neutral,0.0,0.0,1.0,0.0,neutral,0.0,neutral,False,0.0,,24,2,0.0,0.0,0.0,0.0,0.0,0.0,0.0
1657317551537951,nancy prisháàn s mum doubt s even legal,False,-0.25,negative,-0.25,0.188,0.5,0.312,negative,-0.25,negative,False,0.0,,8,3,0.0,0.0,0.25,0.25,0.125,0.0,0.0625
1539253826550352,isaac zulu stabilize afterwards,False,0.0,neutral,0.0,0.0,1.0,0.0,neutral,0.0,neutral,False,0.0,,4,0,0.0,0.0,0.0,0.0,0.0,0.0,0.0
1307930793383241,still doesn t change anything samsung phone user,False,0.0,neutral,0.0,0.0,1.0,0.0,neutral,0.0,neutral,False,0.0,,8,1,0.0,0.0,0.125,0.0,0.0,0.0,0.0
689335182889377,t 24 00 06 00 hrs people s businesses keep rolling,False,0.0,neutral,0.0,0.0,1.0,0.0,neutral,0.0,neutral,False,0.0,,11,0,0.0,0.0,0.0,0.0,0.0,0.0,0.0
1275352909817448,even better paid 8th may now just tell material surprising thing payment making cost reflective like said increasing means paid materials too,False,0.7579,positive,0.7579,0.283,0.717,0.0,positive,0.7579,positive,False,0.0,,22,2,0.0,0.0,0.0,0.0,0.0,0.0,0.0
979632593794458,hi chimwemwe sam thank reaching us kindly dial 3600 go option 5 visit website access schedule further note schedule weekly rotational basis kind regards pm,False,0.872,positive,0.872,0.353,0.647,0.0,positive,0.872,positive,False,0.0,,25,3,0.0,0.0,0.0,0.04,0.0,0.0,0.0
872217564661938,ba zesco imwe ndimwe ma big boys invest solar plants per district electricity cardinal cater 8hrs,False,0.0,neutral,0.0,0.0,1.0,0.0,neutral,0.0,neutral,False,0.0,,16,2,0.0,0.0,0.0,0.0,0.0,0.0,0.0
489266630038074,jacqueline chongo even pf same agree ackim,False,0.3612,positive,0.3612,0.294,0.706,0.0,positive,0.3612,positive,False,0.0,,7,1,0.0,0.0,0.0,0.0,0.0,0.0,0.0
489266630038074,ackim katebe solutions hv youself zambians mwabashanu,False,0.1779,positive,0.1779,0.221,0.779,0.0,positive,0.1779,positive,False,0.0,,7,0,0.0,0.0,0.0,0.0,0.0,0.0,0.0
437263488525332,won t matter heaven,False,0.7964,positive,0.7964,1.0,0.0,0.0,positive,0.7964,positive,False,0.0,,4,0,0.0,0.0,0.0,0.0,0.0,0.0,0.0
411363221999347,sympathise thanks transparency,False,0.4404,positive,0.4404,0.592,0.408,0.0,positive,0.4404,positive,False,0.0,,3,0,0.0,0.0,0.0,0.0,0.0,0.0,0.0
501978025411030,eunice k kapoka awe sure things mwe,False,0.3182,positive,-0.3818,0.315,0.685,0.0,negative,-0.3818,negative,True,-0.7,awe,7,0,0.0,0.0,0.0,0.0,0.0,0.0,0.0
707873887745003,anfield sinkman uncle fyesu twicula just because few greed people,False,-0.4019,negative,-0.4019,0.0,0.769,0.231,negative,-0.4019,negative,False,0.0,,10,1,0.1,0.0,0.0,0.0,0.0,0.0,0.05
725527018935582,sandra mwanangombi people don t know doing period,False,0.0,neutral,0.0,0.0,1.0,0.0,neutral,0.0,neutral,False,0.0,,8,1,0.0,0.0,0.0,0.125,0.0,0.0,0.0
1349720502418165,michael ods hillary banda simply stating fact applying connection few years ago didn t even begin expect until 3 months normal guys want connection same day within three weeks means things improved m sure expect immediate connection like developed country s best move england austria get poorest countries world such things expected even getting passport move developed country challenge,False,0.8481,positive,0.8481,0.222,0.725,0.053,positive,0.8481,positive,False,0.0,,59,6,0.0169491525423728,0.0508474576271186,0.0169491525423728,0.0508474576271186,0.0,0.0508474576271186,0.0084745762711864
954848399439499,gift mwamba mwambagift938 com chingola copperbelt 0764654087 24 wens april 2024 dear sir madam re unreliable power supply chingola writing express frustration disappointment inconsistent power supply chingola ongoing several weeks now despite 8 hour load shedding schedule implemented zesco experiencing unpredictable extended power outages area specifically started 10th april 2024 power went 06 10 only restored 14 00 only go 19 00 remain off until now erratic pattern norm past few weeks causing significant inconvenience disruption daily lives customer expect reliable consistent power supply especially considering 8 hour load shedding schedule put place manage power distribution current situation unacceptable resulted food spoilage disrupted work study schedules additional expenses alternative power sources urge investigate matter take immediate action address issue please ensure team sticks scheduled load shedding times works minimize unscheduled outages appreciate prompt attention matter look forward reliable power supply near future sincerely zesco zambia kuchalo gift mwamba mwambagift938 com chingola copperbelt 0764654087 24 wens april 2024 dear sir madam re unreliable power supply chingola writing express frustration disappointment inconsistent power supply chingola ongoing several weeks now despite 8 hour load shedding schedule implemented zesco experiencing unpredictable extended power outages area specifically started 10th april 2024 power went 06 10 only restored 14 00 only go 19 00 remain off until now erratic pattern norm past few weeks causing significant inconvenience disruption daily lives customer expect reliable consistent power supply especially considering 8 hour load shedding schedule put place manage power distribution current situation unacceptable resulted food spoilage disrupted work study schedules additional expenses alternative power sources urge investigate matter take immediate action address issue please ensure team sticks scheduled load shedding times works minimize unscheduled outages appreciate prompt attention matter look forward reliable power supply near future sincerely zesco zambia kuchalo zesco limited,True,0.8176,positive,0.8176,0.135,0.773,0.092,negative,0.8176,negative,False,0.0,,294,61,0.0170068027210884,0.0272108843537414,0.0068027210884353,0.0544217687074829,0.0170068027210884,0.0272108843537414,0.0170068027210884
8207205366024150,mercy neta mwambushi think,False,0.3612,positive,0.3612,0.455,0.545,0.0,positive,0.3612,positive,False,0.0,,4,1,0.0,0.0,0.0,0.0,0.0,0.0,0.0
248629344184476,idiot call minister connect power useless house follow procedure only need power rushing take time stop bragging,False,-0.8074,negative,-0.8074,0.0,0.628,0.372,negative,-0.8074,negative,False,0.0,,17,4,0.0,0.0588235294117647,0.0588235294117647,0.0,0.0,0.0588235294117647,0.0
1251050899466961,tulebuka 02 hrs mukuchita updated,False,0.0,neutral,0.0,0.0,1.0,0.0,neutral,0.0,neutral,False,0.0,,5,0,0.0,0.0,0.0,0.0,0.0,0.0,0.0
577374840868329,chizapu simatimbe mmmmmm yebo musololi,False,0.0,neutral,0.0,0.0,1.0,0.0,neutral,0.0,neutral,False,0.0,,5,0,0.0,0.0,0.0,0.0,0.0,0.0,0.0
693133345609808,schedule isn t even working,False,0.0,neutral,0.0,0.0,1.0,0.0,neutral,0.0,neutral,False,0.0,,5,1,0.0,0.0,0.0,0.0,0.0,0.0,0.0
412250048574132,silvia flaviour kanyanta ifwe takuli,False,0.0,neutral,0.0,0.0,1.0,0.0,neutral,0.0,neutral,False,0.0,,5,0,0.0,0.0,0.0,0.0,0.0,0.0,0.0
894189272588192,installed 5 5kv load 2kv need apply net metering form please monze,False,0.3182,positive,0.3182,0.187,0.813,0.0,positive,0.3182,positive,False,0.0,,12,0,0.0,0.0,0.0,0.0,0.0,0.0,0.0
1547545499239088,maiwase lungu imagine sure since sunday nothing,False,0.3182,positive,0.3182,0.277,0.723,0.0,positive,0.3182,positive,False,0.0,,7,0,0.0,0.0,0.0,0.0,0.0,0.0,0.0
1614059872382424,honestly too much imagine yesterday 14hrs until morning today power power restored 07hrs 11hrs untill now power kaya won t tomorrow,False,0.8442,positive,0.5442,0.349,0.651,0.0,positive,0.5442,positive,True,-0.3,kaya,21,1,0.0,0.0476190476190476,0.0,0.0,0.0,0.0476190476190476,0.0
3776966142524873,kanyuka benjamin iwe nipase ndalama zanga,False,0.0,neutral,0.0,0.0,1.0,0.0,neutral,0.0,neutral,False,0.0,,6,0,0.0,0.0,0.0,0.0,0.0,0.0,0.0
218829087478751,serious h h must fire ministers letting down,False,-0.4019,negative,-0.4019,0.0,0.519,0.481,negative,-0.4019,negative,False,0.0,,8,1,0.0,0.0,0.125,0.0,0.0,0.0,0.0
472159101770561,russell hibajene muvwende playing minds,False,0.2023,positive,0.2023,0.31,0.69,0.0,positive,0.2023,positive,False,0.0,,5,0,0.0,0.0,0.0,0.0,0.0,0.0,0.0
579738547916602,nchimu nya question too,False,0.0,neutral,0.0,0.0,1.0,0.0,neutral,0.0,neutral,False,0.0,,4,1,0.0,0.0,0.0,0.0,0.0,0.0,0.0
956324979489132,jacob israel malinuchi imwe mwandi,False,0.0,neutral,0.0,0.0,1.0,0.0,neutral,0.0,neutral,False,0.0,,5,0,0.0,0.0,0.0,0.0,0.0,0.0,0.0
1206656877068767,henry mutale chimanga see talking ka meters,False,0.0,neutral,0.0,0.0,1.0,0.0,neutral,0.0,neutral,False,0.0,,7,0,0.0,0.0,0.0,0.0,0.0,0.0,0.0
549020607150674,zesco just needs unbundled also need competition monopoly yours means treat customers way like because else go,False,0.6369,positive,0.6369,0.257,0.743,0.0,positive,0.6369,positive,False,0.0,,17,2,0.0588235294117647,0.1176470588235294,0.0588235294117647,0.0588235294117647,0.0588235294117647,0.1176470588235294,0.0588235294117647
707873887745003,mwelwa phillip keep calm bro misunderstand,False,-0.0516,negative,-0.0516,0.261,0.455,0.284,negative,-0.0516,negative,False,0.0,,6,2,0.0,0.0,0.0,0.0,0.0,0.0,0.0
618831263798949,zesco limited us favor sundays least power shouldn t going just sundays,False,0.2023,positive,0.2023,0.199,0.662,0.14,positive,0.2023,positive,False,0.0,,12,1,0.0833333333333333,0.0,0.0,0.0,0.0833333333333333,0.0,0.0833333333333333
2942741362688052,isaac seke long script necessary like really,False,0.3612,positive,0.3612,0.294,0.706,0.0,positive,0.3612,positive,False,0.0,,7,2,0.0,0.1428571428571428,0.0,0.0,0.0,0.1428571428571428,0.0
311057938684793,jason joshua president blaming pf anything rains,False,-0.4939,negative,-0.4939,0.0,0.652,0.348,negative,-0.4939,negative,False,0.0,,7,1,0.0,0.0,0.0,0.1428571428571428,0.0,0.0,0.0
1133189314375206,bc kaunda simplest narrative today power goes 14 comes back 22hrs tomorrow morning goes 6 comes 14 isn t 16hrs loadshedding,True,0.0,neutral,0.0,0.0,1.0,0.0,negative,0.0,negative,False,0.0,,21,1,0.0,0.0476190476190476,0.0,0.0,0.0,0.0476190476190476,0.0
1022480522072246,awe sure struggled finally atleast,True,-0.0258,neutral,-0.7258,0.299,0.39,0.312,negative,-0.7258,negative,True,-0.7,awe,5,1,0.0,0.2,0.0,0.2,0.0,0.2,0.0
875110533683969,most annoying time table 18hrs 00hrs,False,-0.4576,negative,-0.4576,0.0,0.626,0.374,negative,-0.4576,negative,False,0.0,,6,2,0.1666666666666666,0.1666666666666666,0.0,0.0,0.0,0.1666666666666666,0.0833333333333333
1638398146614982,finidy george sims yes should facing reality always re welcome,False,0.6908,positive,0.6908,0.416,0.584,0.0,positive,0.6908,positive,False,0.0,,10,0,0.0,0.0,0.0,0.0,0.0,0.0,0.0
2942741362688052,isaac seke napapata ine,False,0.0,neutral,0.0,0.0,1.0,0.0,neutral,0.0,neutral,False,0.0,,4,0,0.0,0.0,0.0,0.0,0.0,0.0,0.0
1847628699057100,chanda kay fair group d,False,0.3182,positive,0.3182,0.434,0.566,0.0,positive,0.3182,positive,False,0.0,,5,1,0.0,0.0,0.0,0.0,0.0,0.0,0.0
1249165352331515,staggering mean loadshedding us twice 2 day instead 12hrs straight like 23 05am 11 17,False,0.5267,positive,0.5267,0.268,0.732,0.0,positive,0.5267,positive,False,0.0,,15,1,0.0,0.0,0.0,0.0,0.0,0.0,0.0
2322304157925812,start rotation,False,0.0,neutral,0.0,0.0,1.0,0.0,neutral,0.0,neutral,False,0.0,,2,1,0.0,0.5,0.0,0.0,0.0,0.5,0.0
871927237359012,kafue greenfield shikoswe power yesterday 11am 2pm next day s exactly 1day 3hrs without power please update transpired currently transpiring livelihood depends power,False,-0.0418,neutral,-0.0418,0.076,0.842,0.083,neutral,-0.0418,neutral,False,0.0,,23,0,0.0,0.0,0.0,0.0,0.0,0.0,0.0
920431032354542,miss load shedding boss,False,-0.1531,negative,-0.1531,0.0,0.652,0.348,negative,-0.1531,negative,False,0.0,,4,0,0.0,0.0,0.0,0.0,0.0,0.0,0.0
1366446937441510,naimwe u see promised land u won t enter kosenipo,False,0.7351,positive,0.3350999999999999,0.554,0.446,0.0,positive,0.3350999999999999,positive,True,-0.4,naimwe,10,1,0.0,0.0,0.0,0.0,0.0,0.0,0.0
1109366427218697,chisala s lasachi even mine doesn t kaya press now,False,0.0,neutral,-0.3,0.0,1.0,0.0,negative,-0.3,negative,True,-0.3,kaya,10,0,0.0,0.0,0.0,0.0,0.0,0.0,0.0
1127582905216953,zesco limited anything being done improve situation already just arrived only solution nga abakwata population iyikulu how manage takwaba ukuyako mwasambililako pantu takwaba,False,0.5106,positive,0.5106,0.192,0.738,0.07,positive,0.5106,positive,False,0.0,,23,5,0.0434782608695652,0.0434782608695652,0.0,0.0869565217391304,0.0434782608695652,0.0434782608695652,0.0434782608695652
610802407817623,violet zimba yes ve managed,False,0.4019,positive,0.4019,0.403,0.597,0.0,positive,0.4019,positive,False,0.0,,5,0,0.0,0.0,0.0,0.0,0.0,0.0,0.0
875659996891950,actual 10am off 18hrs apa 23hrs yaya m confused,False,-0.3182,negative,-0.3182,0.0,0.753,0.247,negative,-0.3182,negative,False,0.0,,9,1,0.0,0.0,0.0,0.0,0.0,0.0,0.0
719550152874845,alleen amukusana true boi basiyeni,False,0.4215,positive,0.4215,0.412,0.588,0.0,positive,0.4215,positive,False,0.0,,5,1,0.0,0.0,0.0,0.2,0.0,0.0,0.0
1121216469314009,livingstone zesco best far,False,0.6369,positive,0.6369,0.583,0.417,0.0,positive,0.6369,positive,False,0.0,,4,0,0.0,0.0,0.0,0.0,0.0,0.0,0.0
1056556399810818,o neil mweemba hospitality redefined dial 3600 show group area,False,0.0,neutral,0.0,0.0,1.0,0.0,neutral,0.0,neutral,False,0.0,,10,2,0.0,0.0,0.0,0.1,0.0,0.0,0.0
1083479376500628,today 1 october country still experiencing loadsheding,False,0.0,neutral,0.0,0.0,1.0,0.0,neutral,0.0,neutral,False,0.0,,7,0,0.0,0.0,0.0,0.0,0.0,0.0,0.0
678087460627687,tutu kasuli ala mwandi just hearing pipo complaining,False,-0.2023,negative,-0.2023,0.0,0.795,0.205,negative,-0.2023,negative,False,0.0,,8,1,0.0,0.0,0.125,0.0,0.0,0.0,0.0
1085244139231643,don t s kwatu ni 12hours businesses run please tell sepefic hours other areas,False,0.3182,positive,0.3182,0.173,0.827,0.0,positive,0.3182,positive,False,0.0,,14,1,0.0,0.0,0.0,0.0714285714285714,0.0,0.0,0.0
532525116031949,lelo nipa 1 october buti us ku off shantumbu tradition us dirty 48 hours thank much zesco limited ndimwe muliko,False,-0.3182,negative,-0.3182,0.107,0.687,0.206,negative,-0.3182,negative,False,0.0,,20,2,0.05,0.0,0.0,0.0,0.05,0.0,0.05
489189780815451,kumbukilani phiri saying uninterrupted,False,0.0,neutral,0.0,0.0,1.0,0.0,neutral,0.0,neutral,False,0.0,,4,0,0.0,0.0,0.0,0.0,0.0,0.0,0.0
437232952759406,power ku ngwerere 48hrs going use flash toilets since pump water now s 22hrs still power please give us power shift now,False,0.3182,positive,0.3182,0.103,0.897,0.0,positive,0.3182,positive,False,0.0,,22,0,0.0,0.0,0.0,0.0,0.0,0.0,0.0
422348020498351,naka kuchita stabilise vintu kwalakwa cha sipa 1 lelo,False,0.0,neutral,0.0,0.0,1.0,0.0,neutral,0.0,neutral,False,0.0,,9,0,0.0,0.0,0.0,0.0,0.0,0.0,0.0
1702769020295336,kind office bearers s costing nation see zambia take time develop imagine how tell people update prepaid meters don t even supply power whoever wrote should delete t report zesco consumer protection unit cpu abusing us now,False,0.1027,positive,0.1027,0.089,0.833,0.078,positive,0.1027,positive,False,0.0,,37,6,0.0,0.054054054054054,0.0,0.081081081081081,0.0,0.054054054054054,0.0
405758108990762,case calendars working properly today first october 2024 don t want hear stories stabilization power ba zesco ltd because yesterday didn t power,False,0.0772,positive,0.0772,0.061,0.939,0.0,positive,0.0772,positive,False,0.0,,23,3,0.0,0.0,0.0434782608695652,0.0434782608695652,0.0434782608695652,0.0,0.0217391304347826
1171463883850517,zesco limited ask luapula management power outage than 10hrs mansa low density power cuts 11hrs only restored past 22hrs s,False,-0.4215,negative,-0.4215,0.102,0.636,0.263,negative,-0.4215,negative,False,0.0,,20,2,0.05,0.0,0.0,0.05,0.05,0.0,0.05
1184716522154006,monica hara yea kale kale,False,0.0,neutral,0.0,0.0,1.0,0.0,neutral,0.0,neutral,False,0.0,,5,0,0.0,0.0,0.0,0.0,0.0,0.0,0.0
8568999953161611,al kabiye uko just leave us,False,-0.0516,negative,-0.0516,0.0,0.806,0.194,negative,-0.0516,negative,False,0.0,,6,1,0.0,0.0,0.0,0.0,0.1666666666666666,0.0,0.0833333333333333
7219188731499295,don t power friday,False,0.0,neutral,0.0,0.0,1.0,0.0,neutral,0.0,neutral,False,0.0,,4,1,0.0,0.0,0.0,0.25,0.0,0.0,0.0
1539253826550352,isaac zulu yes remember very well prophecy joshua ignla indeed s david saul,False,0.624,positive,0.624,0.337,0.663,0.0,positive,0.624,positive,False,0.0,,13,1,0.0,0.0769230769230769,0.0,0.0,0.0,0.0769230769230769,0.0
1071911881603793,just reminder date today ba zesco,False,0.0,neutral,0.0,0.0,1.0,0.0,neutral,0.0,neutral,False,0.0,,6,0,0.0,0.0,0.0,0.0,0.0,0.0,0.0
1698478740548102,iwe ba zesco mean twice day don t understand clarify,False,0.0,neutral,0.0,0.0,1.0,0.0,neutral,0.0,neutral,False,0.0,,10,2,0.0,0.0,0.0,0.1,0.0,0.0,0.0
966343037752683,seem under stuffed,False,0.0,neutral,0.0,0.0,1.0,0.0,neutral,0.0,neutral,False,0.0,,3,0,0.0,0.0,0.0,0.0,0.0,0.0,0.0
976300290676028,group e zesco suppose come time now 15 06 zesco yet suppose come 14 hours,False,0.0,neutral,0.0,0.0,1.0,0.0,neutral,0.0,neutral,False,0.0,,15,1,0.0,0.0666666666666666,0.0,0.0,0.0,0.0666666666666666,0.0
5084471844989149,guys awe ine salama sunflower street power went yesterday 24 january 2023 around 16hrs restored 25 january 2023 around 13 hrs now exactly 16hrs power gone whats wrong u ba zesco now only 2 hrs honestly,False,0.3182,positive,-0.3818,0.137,0.785,0.078,negative,-0.3818,negative,True,-0.7,awe,36,1,0.0,0.0,0.0,0.0,0.0,0.0,0.0
389235414084415,mwelwa kapaso ati keep,False,0.0,neutral,0.0,0.0,1.0,0.0,neutral,0.0,neutral,False,0.0,,4,0,0.0,0.0,0.0,0.0,0.0,0.0,0.0
570937941161607,mailaiti yaenda kuno stick schedule,False,0.0,neutral,0.0,0.0,1.0,0.0,neutral,0.0,neutral,False,0.0,,5,0,0.0,0.0,0.0,0.0,0.0,0.0,0.0
525771516014368,ll put like pafikoti 12 tulingile uku mifupula twakulemifupula ifili sikisi mwatushako filya elyo twamilutula nafimbi sikisi apa kushita fye karen s beans nemintesa pantu frozen food ni forget don t even remember last time saw ice freezer pertinent question 12 hours,False,0.1531,positive,0.1531,0.059,0.896,0.045,positive,0.1531,positive,False,0.0,,42,6,0.0,0.0238095238095238,0.0,0.0714285714285714,0.0,0.0238095238095238,0.0
1198378554560973,exam give during less than 24hrs think s everyone see within 24hrs,False,0.0,neutral,0.0,0.0,1.0,0.0,neutral,0.0,neutral,False,0.0,,12,0,0.0,0.0,0.0,0.0,0.0,0.0,0.0
508574368732227,ala thought zesco limited director said power stable wahala now,False,0.0772,positive,0.0772,0.182,0.661,0.157,positive,0.0772,positive,False,0.0,,10,4,0.1,0.1,0.0,0.2,0.1,0.1,0.1
1214931469120717,sydney ngulube s wild butah,False,0.0,neutral,0.0,0.0,1.0,0.0,neutral,0.0,neutral,False,0.0,,5,1,0.0,0.0,0.0,0.0,0.0,0.0,0.0
1681413012651571,dennis zulu son director uyu,False,0.0,neutral,-0.4,0.0,1.0,0.0,negative,-0.4,negative,True,-0.4,uyu,5,1,0.0,0.0,0.0,0.2,0.0,0.0,0.0
1539253826550352,remember prophecy joshua ignla said s gonna win s david saul,False,0.5859,positive,0.5859,0.322,0.678,0.0,positive,0.5859,positive,False,0.0,,11,1,0.0,0.0909090909090909,0.0,0.0,0.0,0.0909090909090909,0.0
202751886080546,how u guys calculate units last month k400 368 units month get 290,False,0.0,neutral,0.0,0.0,1.0,0.0,neutral,0.0,neutral,False,0.0,,13,0,0.0,0.0,0.0,0.0,0.0,0.0,0.0
851116133455292,feli lex wouldn t bitter 3 hours electricity okay ba feli,False,-0.2263,negative,-0.2263,0.162,0.598,0.239,negative,-0.2263,negative,False,0.0,,11,1,0.0,0.0,0.0,0.0,0.0,0.0,0.0
618831263798949,zesco limited saying schedule group d 14 22hrs switching off today 12hrs switch 22hrs s fair nhamo afiya chiwila saying s true ba group d power always goes night even 4hrs schedule same thing,False,0.4939,positive,0.4939,0.15,0.794,0.056,positive,0.4939,positive,False,0.0,,34,3,0.0294117647058823,0.0,0.0,0.0294117647058823,0.0294117647058823,0.0,0.0294117647058823
1581321032485071,simpler terms work 2am stuff,False,0.0,neutral,0.0,0.0,1.0,0.0,neutral,0.0,neutral,False,0.0,,5,0,0.0,0.0,0.0,0.0,0.0,0.0,0.0
962024962124923,jeffrey katawola exactly zesco exporting electricity while zambians suffering daily power cuts put money before citizens,False,-0.6486,negative,-0.6486,0.0,0.725,0.275,negative,-0.6486,negative,False,0.0,,16,4,0.0625,0.125,0.0625,0.0625,0.0625,0.125,0.0625
562976119490416,kikikikiki agony wen u waiting zesco restore power promised pa wanu educating us net metering needs human shock obsorber withstand mechanical stress strain,False,-0.5719,negative,-0.5719,0.156,0.532,0.312,negative,-0.5719,negative,False,0.0,,23,5,0.0869565217391304,0.0434782608695652,0.1304347826086956,0.0,0.0434782608695652,0.0434782608695652,0.0652173913043478
714443850629043,hi womba kampeu siingwa apologize inconvenience caused please may confirm power restored appreciate patience regards cj,False,0.6486,positive,0.6486,0.395,0.493,0.112,positive,0.6486,positive,False,0.0,,16,2,0.0,0.0625,0.0,0.125,0.0625,0.0625,0.03125
952347706548231,failed adhere schedule imposed know s load shedding please stick schedule,False,-0.3182,negative,-0.3182,0.165,0.504,0.331,negative,-0.3182,negative,False,0.0,,11,0,0.0,0.0,0.0,0.0,0.0,0.0,0.0
707873887745003,mwelwa phillip producing power expensive local citizens going manage pay same price outsiders paying,False,-0.1027,negative,-0.1027,0.0,0.903,0.097,negative,-0.1027,negative,False,0.0,,14,3,0.0,0.0714285714285714,0.0,0.1428571428571428,0.0,0.0714285714285714,0.0
1128801438953530,bebetty yenesha dear esteemed customer informed zesco limited currently updating customer information residential customers exercise running 1 september 2024 30 november 2024 kindly update information sending meter number phone number residential address nearest landmark geographical location whatsapp number 260 762 626977 dial 3600 select option 11 information call call centre line 260 211 363636 322 visit nearest zesco walk centre thank cooperation,False,0.8885,positive,0.8885,0.233,0.74,0.027,positive,0.8885,positive,False,0.0,,62,11,0.0161290322580645,0.0,0.0,0.032258064516129,0.0161290322580645,0.0,0.0161290322580645
7482547598466126,take us back 4 hour chee,False,0.0,neutral,0.0,0.0,1.0,0.0,neutral,0.0,neutral,False,0.0,,6,0,0.0,0.0,0.0,0.0,0.0,0.0,0.0
1307930793383241,nkwapu happy know right,False,0.5719,positive,0.5719,0.552,0.448,0.0,positive,0.5719,positive,False,0.0,,4,1,0.0,0.25,0.0,0.25,0.0,0.25,0.0
506474755550925,sifuba p c moola s pure torture ends,False,-0.5994,negative,-0.5994,0.0,0.506,0.494,negative,-0.5994,negative,False,0.0,,8,1,0.125,0.125,0.125,0.0,0.125,0.125,0.125
714443850629043,womba kampeu siingwa imwe sure almost 15 ukubilima fukushima ukwasha bale chelwa,False,0.3182,positive,0.3182,0.173,0.827,0.0,positive,0.3182,positive,False,0.0,,12,1,0.0,0.0,0.0833333333333333,0.0,0.0,0.0,0.0
663368398909430,now vegetarians becoz u cnt even buy beef chickens other meets other power dependant foods fridges ever off time,False,0.0,neutral,0.0,0.0,1.0,0.0,neutral,0.0,neutral,False,0.0,,19,1,0.0,0.0526315789473684,0.0,0.0,0.0,0.0526315789473684,0.0
489414600003382,ok going 18 00 now,False,0.296,positive,0.296,0.355,0.645,0.0,positive,0.296,positive,False,0.0,,5,0,0.0,0.0,0.0,0.0,0.0,0.0,0.0
483063327122849,chalala re still getting robbed power 11hrs re still waiting evil people bring back 17 41 crying loud,False,-0.8176,negative,-0.8176,0.0,0.681,0.319,negative,-0.8176,negative,False,0.0,,18,2,0.0555555555555555,0.0,0.0555555555555555,0.0,0.1111111111111111,0.0,0.0833333333333333
1109953940123493,morning zesco limited hope revised schedule change midweek hope rotate schedule real area changed mid week complained gave ussd 3600 please don t send number try hear resolve complaint,False,0.6369,positive,0.6369,0.309,0.515,0.175,positive,0.6369,positive,False,0.0,,29,7,0.0689655172413793,0.0689655172413793,0.0344827586206896,0.1379310344827586,0.0344827586206896,0.0689655172413793,0.0517241379310344
1208188187127504,today 1 october issue net metering boss waiting hear news load shedding over,False,0.0,neutral,0.0,0.0,1.0,0.0,neutral,0.0,neutral,False,0.0,,13,0,0.0,0.0,0.0,0.0,0.0,0.0,0.0
1535623010258606,doesn t change anything power gone 12hrs per day,False,0.0,neutral,0.0,0.0,1.0,0.0,neutral,0.0,neutral,False,0.0,,9,1,0.0,0.0,0.1111111111111111,0.0,0.0,0.0,0.0
1136542194140590,zesco limited s just sad electricity being restored 21 9,False,-0.3818,negative,-0.3818,0.194,0.403,0.403,negative,-0.3818,negative,False,0.0,,10,2,0.1,0.0,0.0,0.0,0.1,0.0,0.1
293758669717165,joseph zulu ok thanks,False,0.6249,positive,0.6249,0.718,0.282,0.0,positive,0.6249,positive,False,0.0,,4,0,0.0,0.0,0.0,0.0,0.0,0.0,0.0
820122623123701,very useless how wish wasn t monopoly n competitor like mobile providers wouldn t customer,False,0.3336,positive,0.3336,0.311,0.513,0.176,positive,0.3336,positive,False,0.0,,15,3,0.0,0.0666666666666666,0.0,0.0,0.0,0.0666666666666666,0.0
416807327778717,t start telling us net metering today nipa 1 expect fulfill words otherwise tachawame mwatubelesha sana bamumbwe,False,0.4404,positive,0.4404,0.172,0.828,0.0,positive,0.4404,positive,False,0.0,,17,4,0.0588235294117647,0.1176470588235294,0.0,0.0588235294117647,0.0,0.1176470588235294,0.0294117647058823
847279377585164,gloriouse nuttip political comment talk tribe must foolish,False,-0.2732,negative,-0.2732,0.0,0.769,0.231,negative,-0.2732,negative,False,0.0,,8,3,0.0,0.0,0.0,0.125,0.0,0.0,0.0
903100007535654,sipalo alex ntoka people condemn still going lie water levels everyone affected youth begin regret voting coz s change,False,-0.7184,negative,-0.7184,0.0,0.682,0.318,negative,-0.7184,negative,False,0.0,,19,5,0.1578947368421052,0.0526315789473684,0.1052631578947368,0.0,0.1052631578947368,0.0526315789473684,0.131578947368421
545625908323364,muli necibeleshi plus familiarity reason being re only provider announcing deadline two days t provide adequate hours power clients stop kidding business,False,0.0258,neutral,0.0258,0.14,0.766,0.094,neutral,0.0258,neutral,False,0.0,,22,3,0.0,0.0454545454545454,0.0,0.0909090909090909,0.0,0.0454545454545454,0.0
962024962124923,obey silavwe maliwanda seems like nothing stopped mentioning maamba coal plant solar projects,False,0.4881,positive,0.4881,0.275,0.725,0.0,positive,0.4881,positive,False,0.0,,13,1,0.0,0.0,0.0769230769230769,0.0769230769230769,0.0,0.0,0.0
402137349350108,should now rest ba group e 14 22 nightmare,False,0.0,neutral,0.0,0.0,1.0,0.0,neutral,0.0,neutral,False,0.0,,9,2,0.0,0.0,0.1111111111111111,0.0,0.0,0.0,0.0
610802407817623,susan mulenga zulu u managed enter units bought t enter units,False,0.0,neutral,0.0,0.0,1.0,0.0,neutral,0.0,neutral,False,0.0,,11,0,0.0,0.0,0.0,0.0,0.0,0.0,0.0
826269962437006,rebecca becky banda rangton,False,0.0,neutral,0.0,0.0,1.0,0.0,neutral,0.0,neutral,False,0.0,,4,0,0.0,0.0,0.0,0.0,0.0,0.0,0.0
1042984403955740,october 2025 october 2024 clarification pliz diya zesco,False,0.0,neutral,0.0,0.0,1.0,0.0,neutral,0.0,neutral,False,0.0,,8,0,0.0,0.0,0.0,0.0,0.0,0.0,0.0
158705943873533,ba moonga joe lenwell,False,0.0,neutral,0.0,0.0,1.0,0.0,neutral,0.0,neutral,False,0.0,,4,0,0.0,0.0,0.0,0.0,0.0,0.0,0.0
1069715211517359,zesco limited power disruption power power country don t even remember last time saw heard power charged phone even ironed clothes due respect fishimyeni ngamulefwaya,False,-0.2732,negative,-0.2732,0.106,0.683,0.212,negative,-0.2732,negative,False,0.0,,25,5,0.08,0.08,0.04,0.08,0.04,0.08,0.06
1192961215096622,today s 1st october,False,0.0,neutral,0.0,0.0,1.0,0.0,neutral,0.0,neutral,False,0.0,,4,0,0.0,0.0,0.0,0.0,0.0,0.0,0.0
838734440802923,applied water connection ku nkana water month ago went check told officer verify alikwata ifyakucita let s hope verify asked how say hope verify mercy ati urge want attend other customers,False,0.8225,positive,0.8225,0.27,0.73,0.0,positive,0.8225,positive,False,0.0,,31,4,0.0,0.064516129032258,0.0,0.0967741935483871,0.0,0.064516129032258,0.0
475992531387462,lifestyle 101 don t care every time just say zesco price increasing,False,0.4939,positive,0.4939,0.242,0.758,0.0,positive,0.4939,positive,False,0.0,,12,2,0.0,0.0833333333333333,0.0,0.0833333333333333,0.0,0.0833333333333333,0.0
644107217775772,nangwabale l nalishiwa too ve written,False,0.0,neutral,0.0,0.0,1.0,0.0,neutral,0.0,neutral,False,0.0,,6,0,0.0,0.0,0.0,0.0,0.0,0.0,0.0
847368884258959,u thought 1st october far,False,0.0,neutral,0.0,0.0,1.0,0.0,neutral,0.0,neutral,False,0.0,,5,1,0.0,0.2,0.0,0.0,0.0,0.2,0.0
1222158615368774,awe mwandi tell,False,0.0,neutral,-0.7,0.0,1.0,0.0,negative,-0.7,negative,True,-0.7,awe,3,0,0.0,0.0,0.0,0.0,0.0,0.0,0.0
2640596836083446,linda chikumbi already bought ine,False,0.0,neutral,0.0,0.0,1.0,0.0,neutral,0.0,neutral,False,0.0,,5,0,0.0,0.0,0.0,0.0,0.0,0.0,0.0
475797351387622,peace kandy bring even confusion let s see how unfolds smh,False,0.0,neutral,0.0,0.233,0.467,0.3,neutral,0.0,neutral,False,0.0,,11,2,0.0909090909090909,0.0909090909090909,0.0909090909090909,0.0909090909090909,0.0,0.0909090909090909,0.0454545454545454
502478876083855,moses miracle snr whatever,False,0.5859,positive,0.5859,0.559,0.441,0.0,positive,0.5859,positive,False,0.0,,4,1,0.0,0.25,0.0,0.25,0.0,0.25,0.0
536054232162266,zesco limited don t power libala since sunday till today awe mwandi,False,-0.2263,negative,-0.9263,0.0,0.84,0.16,negative,-0.9263,negative,True,-0.7,awe,12,2,0.0833333333333333,0.0,0.0,0.0833333333333333,0.0833333333333333,0.0,0.0833333333333333
875110533683969,jonathan mulenga 05 hours goes,False,0.0,neutral,0.0,0.0,1.0,0.0,neutral,0.0,neutral,False,0.0,,5,0,0.0,0.0,0.0,0.0,0.0,0.0,0.0
1373227593487046,power cuts time seems time table even followed,False,-0.296,negative,-0.296,0.0,0.761,0.239,negative,-0.296,negative,False,0.0,,8,2,0.0,0.25,0.0,0.0,0.0,0.25,0.0
987006009760428,meah chulu sleeping dark three weeks straight,False,0.2263,positive,0.2263,0.241,0.759,0.0,positive,0.2263,positive,False,0.0,,7,1,0.0,0.0,0.0,0.0,0.1428571428571428,0.0,0.0714285714285714
545311258019066,imwe teh pa 1 october lelo,False,0.0,neutral,0.0,0.0,1.0,0.0,neutral,0.0,neutral,False,0.0,,6,0,0.0,0.0,0.0,0.0,0.0,0.0,0.0
1567383927241606,chila cn chirwa such questions don t answer,False,0.0,neutral,0.0,0.0,1.0,0.0,neutral,0.0,neutral,False,0.0,,8,1,0.0,0.0,0.0,0.125,0.0,0.0,0.0
1093095268856355,mulenga adrian right explanation zambia just too many us ignorant wish could remember page someone explained zesco meant load shedding stability import power,True,0.1531,positive,0.1531,0.105,0.814,0.081,negative,0.1531,negative,False,0.0,,23,1,0.0,0.0,0.0,0.0,0.0,0.0,0.0
472159101770561,russell hibajene muvwende uliwano iwe nintalikana nefikopo uku,False,0.0,neutral,0.0,0.0,1.0,0.0,neutral,0.0,neutral,False,0.0,,8,0,0.0,0.0,0.0,0.0,0.0,0.0,0.0
1228470591529386,nation mean just lusaka olo bwanji,False,0.0,neutral,0.0,0.0,1.0,0.0,neutral,0.0,neutral,False,0.0,,6,1,0.0,0.0,0.0,0.1666666666666666,0.0,0.0,0.0
452943217182057,06 16 libala south right already frustrated work being professional,False,-0.5267,negative,-0.5267,0.0,0.726,0.274,negative,-0.5267,negative,False,0.0,,10,2,0.1,0.0,0.0,0.1,0.0,0.0,0.05
714417990334888,just turning power whole night till 8hrs s enough time guys,False,0.0,neutral,0.0,0.0,1.0,0.0,neutral,0.0,neutral,False,0.0,,11,1,0.0,0.0909090909090909,0.0,0.0,0.0,0.0909090909090909,0.0
1214282973156766,zesco just apply cdf,False,0.0,neutral,0.0,0.0,1.0,0.0,neutral,0.0,neutral,False,0.0,,4,0,0.0,0.0,0.0,0.0,0.0,0.0,0.0
628477762380851,just lie naimwe us power 05 00 upto now,False,0.0,neutral,-0.4,0.0,1.0,0.0,negative,-0.4,negative,True,-0.4,naimwe,9,1,0.1111111111111111,0.0,0.0,0.0,0.1111111111111111,0.0,0.1111111111111111
513885767475162,martha kalis yes especially security reasons,False,0.659,positive,0.659,0.574,0.426,0.0,positive,0.659,positive,False,0.0,,6,0,0.0,0.0,0.0,0.0,0.0,0.0,0.0
3448759512094857,isn t loadshedding supposed thing past month don t need solar,False,0.0,neutral,0.0,0.0,1.0,0.0,neutral,0.0,neutral,False,0.0,,11,1,0.0,0.0,0.0,0.0909090909090909,0.0,0.0,0.0
579738547916602,using old prepaid how check,False,0.0,neutral,0.0,0.0,1.0,0.0,neutral,0.0,neutral,False,0.0,,5,0,0.0,0.0,0.0,0.0,0.0,0.0,0.0
546017217547310,talking easier done control tiyeni nayo selelo mwenze ku bwatuka bwatuka fix see hope re learning lesson know yourselves,False,0.6908,positive,0.6908,0.251,0.749,0.0,positive,0.6908,positive,False,0.0,,19,3,0.0,0.1052631578947368,0.0,0.1052631578947368,0.0,0.1052631578947368,0.0
1285634082469975,expect us update yet over 2 weeks now without power call centre keep giving us complaint number working,False,0.128,positive,0.128,0.186,0.704,0.111,positive,0.128,positive,False,0.0,,18,4,0.0555555555555555,0.0555555555555555,0.0,0.0555555555555555,0.0,0.0555555555555555,0.0277777777777777
618831263798949,nhamo afiya chiwila also surprised always group d niwusiku,False,0.2263,positive,0.2263,0.213,0.787,0.0,positive,0.2263,positive,False,0.0,,9,1,0.0,0.0,0.0,0.0,0.0,0.0,0.0
1331690454041080,moses mbanje hello sir long time rural awaits lol,False,0.4767,positive,0.4767,0.369,0.631,0.0,positive,0.4767,positive,False,0.0,,9,3,0.0,0.2222222222222222,0.0,0.1111111111111111,0.0,0.2222222222222222,0.0
710247887346944,6 hours s too much just end load shedding s promised zambian pipo,False,0.3612,positive,0.3612,0.217,0.783,0.0,positive,0.3612,positive,False,0.0,,13,0,0.0,0.0,0.0,0.0,0.0,0.0,0.0
844438917810234,today 1st october story,False,0.0,neutral,0.0,0.0,1.0,0.0,neutral,0.0,neutral,False,0.0,,4,0,0.0,0.0,0.0,0.0,0.0,0.0,0.0
542578991983583,kuwabo kay liambai people awe mwandi,False,0.0,neutral,-0.7,0.0,1.0,0.0,negative,-0.7,negative,True,-0.7,awe,6,0,0.0,0.0,0.0,0.0,0.0,0.0,0.0
489266630038074,mwila daka thank much,False,0.3612,positive,0.3612,0.455,0.545,0.0,positive,0.3612,positive,False,0.0,,4,0,0.0,0.0,0.0,0.0,0.0,0.0,0.0
443843871493347,today 1st october anxiously waiting oooh,False,-0.2263,negative,-0.2263,0.0,0.725,0.275,negative,-0.2263,negative,False,0.0,,6,0,0.0,0.0,0.0,0.0,0.0,0.0,0.0
1153766335341098,wake without power knock off without power even make sense how prepare pay taxes dark staying without power automatically water goes aswel,False,-0.1027,negative,-0.1027,0.0,0.938,0.062,negative,-0.1027,negative,False,0.0,,22,4,0.0,0.0909090909090909,0.0,0.0454545454545454,0.0454545454545454,0.0909090909090909,0.0227272727272727
472159101770561,russell hibajene muvwende simple ad straight forward ad think everyone child t analyse issues understand english awee sure,False,0.4939,positive,0.4939,0.219,0.781,0.0,positive,0.4939,positive,False,0.0,,18,2,0.0,0.0555555555555555,0.0,0.0,0.0,0.0555555555555555,0.0
918822943645810,saviour alingo chisanga imagine updated meters sure,False,0.3182,positive,0.3182,0.277,0.723,0.0,positive,0.3182,positive,False,0.0,,7,0,0.0,0.0,0.0,0.0,0.0,0.0,0.0
1328739098134987,sense get how came look like children s going imposing everything comes into head rain season,False,0.2732,positive,0.2732,0.148,0.769,0.083,positive,0.2732,positive,False,0.0,,16,1,0.0,0.0,0.0,0.0,0.0,0.0,0.0
714946996642118,paipa zesco limited yankala na first second half nika bola manje,False,-0.2263,negative,-0.5263,0.0,0.84,0.16,negative,-0.5263,negative,True,-0.3,manje,11,1,0.0909090909090909,0.0,0.0,0.0,0.0909090909090909,0.0,0.0909090909090909
1149469195755648,reeves ray chibamba s going 12 hours six hours,False,0.0,neutral,0.0,0.0,1.0,0.0,neutral,0.0,neutral,False,0.0,,9,0,0.0,0.0,0.0,0.0,0.0,0.0,0.0
6164825023528034,beverly kunda moore exporting good country nothing else export foreign exchange like zambia,False,0.6597,positive,0.6597,0.329,0.671,0.0,positive,0.6597,positive,False,0.0,,13,3,0.0,0.0769230769230769,0.0,0.1538461538461538,0.0,0.0769230769230769,0.0
1546921865941095,ruth chanda imagine mummy boasting balelanda na yeah yeah yeah kwati fyamano fikesa awe mweee,False,0.6808,positive,-0.0191999999999999,0.355,0.645,0.0,neutral,-0.0191999999999999,neutral,True,-0.7,awe,15,2,0.0,0.0,0.0,0.0,0.0,0.0,0.0
1539253826550352,isaac zulu true increase volume,False,0.6249,positive,0.6249,0.63,0.37,0.0,positive,0.6249,positive,False,0.0,,5,2,0.0,0.0,0.0,0.2,0.0,0.0,0.0
2942741362688052,hellen zimba people need understand upnd kantemba government wheels change turn turn slowly,False,0.0,neutral,0.0,0.0,1.0,0.0,neutral,0.0,neutral,False,0.0,,13,2,0.0,0.0,0.1538461538461538,0.0,0.0,0.0,0.0
414738030815976,zesco failed project just sale,False,-0.5106,negative,-0.5106,0.0,0.548,0.452,negative,-0.5106,negative,False,0.0,,5,0,0.0,0.0,0.0,0.0,0.0,0.0,0.0
646895960732188,thought m just alone,False,-0.25,negative,-0.25,0.0,0.5,0.5,negative,-0.25,negative,False,0.0,,4,1,0.0,0.25,0.0,0.0,0.0,0.25,0.0
595738239344117,ba zesco serious hungry,False,-0.0772,negative,-0.0772,0.0,0.698,0.302,negative,-0.0772,negative,False,0.0,,4,1,0.0,0.25,0.0,0.0,0.0,0.25,0.0
721345389615444,basically halted export electricity,False,0.0,neutral,0.0,0.0,1.0,0.0,neutral,0.0,neutral,False,0.0,,4,1,0.0,0.0,0.0,0.0,0.0,0.0,0.0
624553022955708,eric bulaya received token d,False,0.0,neutral,0.0,0.0,1.0,0.0,neutral,0.0,neutral,False,0.0,,5,1,0.0,0.0,0.0,0.0,0.0,0.0,0.0
818042396451221,re talking six weeks us s months,False,0.0,neutral,0.0,0.0,1.0,0.0,neutral,0.0,neutral,False,0.0,,7,0,0.0,0.0,0.0,0.0,0.0,0.0,0.0
1539253826550352,chishiba jackie put,False,0.0,neutral,0.0,0.0,1.0,0.0,neutral,0.0,neutral,False,0.0,,3,0,0.0,0.0,0.0,0.0,0.0,0.0,0.0
547834547310799,water levels causing problem kariba dam don t engineers emulate californians building water banks re tired load shedding,False,-0.6808,negative,-0.6808,0.0,0.728,0.272,negative,-0.6808,negative,False,0.0,,18,5,0.0,0.0,0.0555555555555555,0.0555555555555555,0.0555555555555555,0.0,0.0277777777777777
1638738503353870,fuss statements press briefings only power 3 hours oh,False,0.0,neutral,0.0,0.0,1.0,0.0,neutral,0.0,neutral,False,0.0,,9,1,0.1111111111111111,0.0,0.0,0.0,0.1111111111111111,0.0,0.1111111111111111
2469974976477174,mazuba hamusonde baisiye che pa 12hrs ai,False,0.0,neutral,0.0,0.0,1.0,0.0,neutral,0.0,neutral,False,0.0,,7,0,0.0,0.0,0.0,0.0,0.0,0.0,0.0
380111615196118,right circus act,False,0.0,neutral,0.0,0.0,1.0,0.0,neutral,0.0,neutral,False,0.0,,3,0,0.0,0.0,0.0,0.0,0.0,0.0,0.0
1098598597477050,hate company,False,-0.5719,negative,-0.5719,0.0,0.213,0.787,negative,-0.5719,negative,False,0.0,,2,1,0.5,0.0,0.5,0.0,0.5,0.0,0.5
1284761466245257,group c power went 6,False,0.0,neutral,0.0,0.0,1.0,0.0,neutral,0.0,neutral,False,0.0,,5,0,0.0,0.0,0.0,0.0,0.0,0.0,0.0
1128170745478914,how expect people update meter numbers without power most time darkening nation economic growth even courage disconnect citizens barely utilizing power rarely access indeed enemy progress turnishing efforts government puting empower citizens disconnect us shall complain through energy regulatory board,False,0.8765,positive,0.8765,0.271,0.679,0.05,positive,0.8765,positive,False,0.0,,40,15,0.05,0.1,0.075,0.05,0.075,0.1,0.0625
480077054297097,nonsense done power should cutting twice day doesn t make sense awe really failed,False,-0.7778,negative,-1.0,0.0,0.562,0.438,negative,-1.0,negative,True,-0.7,awe,14,3,0.0714285714285714,0.0,0.0714285714285714,0.0,0.0714285714285714,0.0,0.0714285714285714
618831263798949,zesco limited power cut 11 00 group d schedule clearly states 14 00 22 00,False,-0.0772,negative,-0.0772,0.153,0.621,0.226,negative,-0.0772,negative,False,0.0,,15,1,0.0666666666666666,0.0,0.0,0.0,0.0666666666666666,0.0,0.0666666666666666
1581010249505049,nanga 06 09hrs 19 22hrs ina lakwa chani because timetable residential areas giving us nothing wonder planned smh,False,0.5207,positive,0.5207,0.214,0.786,0.0,positive,0.5207,positive,False,0.0,,18,1,0.0,0.0,0.0,0.0,0.0,0.0,0.0
1252138892051380,just 2weeks re making noise sure,False,0.3182,positive,0.3182,0.315,0.685,0.0,positive,0.3182,positive,False,0.0,,6,1,0.0,0.0,0.0,0.0,0.0,0.0,0.0
6877744568925424,diana kakula kauseni yes,False,0.4019,positive,0.4019,0.474,0.526,0.0,positive,0.4019,positive,False,0.0,,4,0,0.0,0.0,0.0,0.0,0.0,0.0,0.0
899150527765018,ba zesco rotation please,False,0.3182,positive,0.3182,0.434,0.566,0.0,positive,0.3182,positive,False,0.0,,4,0,0.0,0.0,0.0,0.0,0.0,0.0,0.0
543684474353285,jonathan jay mwanza check zambezi river authority page,False,0.0772,positive,0.0772,0.157,0.843,0.0,positive,0.0772,positive,False,0.0,,8,1,0.0,0.0,0.0,0.125,0.0,0.0,0.0
5702244013221636,rita goma ni beans sweetie pipo kaya mwandi,False,0.4939,positive,0.1939,0.314,0.686,0.0,positive,0.1939,positive,True,-0.3,kaya,8,1,0.0,0.0,0.0,0.0,0.0,0.0,0.0
1220697095185978,us copperbelt chililabombwe mine area since yesterday 11hrs upto today without power pain seen products getting rotten us runs butcheries,False,-0.1526,negative,-0.1526,0.113,0.75,0.137,negative,-0.1526,negative,False,0.0,,20,1,0.0,0.0,0.05,0.0,0.05,0.0,0.025
2474493102700192,least bena siri charging phones na pa break time,False,0.0,neutral,0.0,0.0,1.0,0.0,neutral,0.0,neutral,False,0.0,,9,2,0.0,0.1111111111111111,0.0,0.0,0.0,0.1111111111111111,0.0
979632593794458,power went 09hrs group,False,0.0,neutral,0.0,0.0,1.0,0.0,neutral,0.0,neutral,False,0.0,,4,0,0.0,0.0,0.0,0.0,0.0,0.0,0.0
1469870400514177,mercy mugala how boss,False,0.3612,positive,0.3612,0.455,0.545,0.0,positive,0.3612,positive,False,0.0,,4,1,0.0,0.0,0.0,0.0,0.0,0.0,0.0
707873887745003,anfield sinkman educate please,False,0.3182,positive,0.3182,0.434,0.566,0.0,positive,0.3182,positive,False,0.0,,4,1,0.0,0.0,0.0,0.0,0.0,0.0,0.0
1260522001936827,kuno power comes 23 n goes 04 time update update without power,False,0.0,neutral,0.0,0.0,1.0,0.0,neutral,0.0,neutral,False,0.0,,12,1,0.0,0.0833333333333333,0.0,0.0,0.0,0.0833333333333333,0.0
492310796602094,zed roasters inc doesn t work tried nothing showing,False,0.0,neutral,0.0,0.0,1.0,0.0,neutral,0.0,neutral,False,0.0,,9,0,0.0,0.0,0.0,0.0,0.0,0.0,0.0
1045021707103658,susan j stephens s folks,False,0.0,neutral,0.0,0.0,1.0,0.0,neutral,0.0,neutral,False,0.0,,5,0,0.0,0.0,0.0,0.0,0.0,0.0,0.0
576534834289958,reliefoooo kwati fipuba amalaiti yachisa 12 hrs 17 hrs yaya yabwela 23hrs 05 hrs yaya claim ati relief,False,0.4767,positive,-0.6233000000000001,0.154,0.846,0.0,negative,-0.6233000000000001,negative,True,-1.1,"amalaiti,fipuba",18,1,0.0,0.0,0.0,0.0,0.0,0.0,0.0
876960783573740,use solar panels cooking use gas stove even complete shut down okay,False,0.2263,positive,0.2263,0.147,0.853,0.0,positive,0.2263,positive,False,0.0,,12,0,0.0,0.0,0.0,0.0,0.0,0.0,0.0
963842635565289,button meter box kind joke,False,0.6808,positive,0.6808,0.651,0.349,0.0,positive,0.6808,positive,False,0.0,,5,2,0.0,0.0,0.0,0.2,0.0,0.0,0.0
1357331375102374,kuno power went 06hours 12 20 yet back aah kaya mwe,False,0.0,neutral,-0.3,0.0,1.0,0.0,negative,-0.3,negative,True,-0.3,kaya,11,0,0.0,0.0,0.0,0.0,0.0,0.0,0.0
748433546894335,feel pipo compounds own butcheries salons barbershops how survive lord,False,0.0,neutral,0.0,0.0,1.0,0.0,neutral,0.0,neutral,False,0.0,,10,2,0.0,0.0,0.0,0.1,0.0,0.0,0.0
711538893892824,power cut 05 11 38 nothing,False,-0.2732,negative,-0.2732,0.0,0.704,0.296,negative,-0.2732,negative,False,0.0,,6,0,0.0,0.0,0.0,0.0,0.0,0.0,0.0
576871908619504,how update without power kindly advise,False,-0.3875,negative,-0.3875,0.0,0.655,0.345,negative,-0.3875,negative,False,0.0,,6,1,0.0,0.0,0.0,0.1666666666666666,0.0,0.0,0.0
921326036600249,good news u promised us today 23rd moreover power advice updated without power,False,0.6597,positive,0.6597,0.351,0.649,0.0,positive,0.6597,positive,False,0.0,,13,2,0.0,0.0769230769230769,0.0,0.1538461538461538,0.0,0.0769230769230769,0.0
233194139652219,ooh just bought units msg tokens,False,0.0,neutral,0.0,0.0,1.0,0.0,neutral,0.0,neutral,False,0.0,,6,0,0.0,0.0,0.0,0.0,0.0,0.0,0.0
2163643733823440,better way hope follow schedule such,False,0.7003,positive,0.7003,0.592,0.408,0.0,positive,0.7003,positive,False,0.0,,6,1,0.0,0.1666666666666666,0.0,0.1666666666666666,0.0,0.1666666666666666,0.0
594664932833537,actually during pf k780 connection fee now paying k5600 while other than connected please fire director,False,-0.0258,neutral,-0.0258,0.123,0.749,0.128,neutral,-0.0258,neutral,False,0.0,,16,3,0.0625,0.0,0.0625,0.0625,0.0,0.0,0.03125
1413194982809799,ifwe power went kuma 10hrs fall schedule,False,0.0,neutral,0.0,0.0,1.0,0.0,neutral,0.0,neutral,False,0.0,,7,1,0.0,0.0,0.0,0.0,0.1428571428571428,0.0,0.0714285714285714
513885767475162,thandi chibale lunguthandi chibale lungu yes,False,0.4019,positive,0.4019,0.351,0.649,0.0,positive,0.4019,positive,False,0.0,,6,0,0.0,0.0,0.0,0.0,0.0,0.0,0.0
1550477338905911,how done power sure,False,0.3182,positive,0.3182,0.434,0.566,0.0,positive,0.3182,positive,False,0.0,,4,0,0.0,0.0,0.0,0.0,0.0,0.0,0.0
1221012179175891,m people expect power normalize today thank advance,False,0.3612,positive,0.3612,0.294,0.706,0.0,positive,0.3612,positive,False,0.0,,8,2,0.0,0.25,0.125,0.125,0.0,0.25,0.0
837954824387458,selina banda inconvenience stop current units depleting,False,-0.5719,negative,-0.5719,0.0,0.515,0.485,negative,-0.5719,negative,False,0.0,,7,0,0.0,0.0,0.0,0.0,0.0,0.0,0.0
1450787622191278,patience kalipa ask page wise opposition,False,0.4767,positive,0.4767,0.383,0.617,0.0,positive,0.4767,positive,False,0.0,,6,3,0.1666666666666666,0.1666666666666666,0.0,0.1666666666666666,0.0,0.1666666666666666,0.0833333333333333
1106402974283188,how without power kindly help us,False,-0.5975,negative,-0.5975,0.0,0.45,0.55,negative,-0.5975,negative,False,0.0,,6,0,0.0,0.0,0.0,0.0,0.0,0.0,0.0
724725065639374,shy gibbs international graphics funny days sundays,False,0.2263,positive,0.2263,0.293,0.505,0.202,positive,0.2263,positive,False,0.0,,7,0,0.0,0.0,0.0,0.0,0.0,0.0,0.0
1358952314987936,meter work without power,False,0.0,neutral,0.0,0.0,1.0,0.0,neutral,0.0,neutral,False,0.0,,4,0,0.0,0.0,0.0,0.0,0.0,0.0,0.0
492310796602094,zed roasters incbut t update tried,False,0.0,neutral,0.0,0.0,1.0,0.0,neutral,0.0,neutral,False,0.0,,6,0,0.0,0.0,0.0,0.0,0.0,0.0,0.0
1133189314375206,trevor musonda chabala daily mean 16 hrs loadshedding weekly better easy plan,False,0.7003,positive,0.7003,0.367,0.633,0.0,positive,0.7003,positive,False,0.0,,12,2,0.0,0.1666666666666666,0.0,0.0,0.0,0.1666666666666666,0.0
1441938329908374,ware given 48 hrs since sunday power ninchi ninchi,False,0.0,neutral,0.0,0.0,1.0,0.0,neutral,0.0,neutral,False,0.0,,9,1,0.0,0.0,0.1111111111111111,0.0,0.0,0.0,0.0
879154983427096,felix kumwamwasa true brother people think clever others problem only look bad part good part nowonder kill each other,False,-0.4939,negative,-0.4939,0.267,0.399,0.334,negative,-0.4939,negative,False,0.0,,19,7,0.0526315789473684,0.0526315789473684,0.1578947368421052,0.1578947368421052,0.1578947368421052,0.0526315789473684,0.1052631578947368
573241117525191,imwe ba zesco limited silverest area past 2 days power comes 01am cuts 05am 4hours opposed standard 6hours supposed s going henry kapata,False,-0.4767,negative,-0.4767,0.0,0.823,0.177,negative,-0.4767,negative,False,0.0,,23,2,0.0869565217391304,0.0,0.0434782608695652,0.0,0.0434782608695652,0.0,0.0652173913043478
6877744568925424,mwansa mulenga platform,False,0.0,neutral,0.0,0.0,1.0,0.0,neutral,0.0,neutral,False,0.0,,3,0,0.0,0.0,0.0,0.0,0.0,0.0,0.0
1110667202944607,better except 17 23 buloshi,False,0.4404,positive,0.4404,0.42,0.58,0.0,positive,0.4404,positive,False,0.0,,5,0,0.0,0.0,0.0,0.0,0.0,0.0,0.0
1128616484489374,hopefully maintain 6hours,False,0.4019,positive,0.4019,0.574,0.426,0.0,positive,0.4019,positive,False,0.0,,3,0,0.0,0.0,0.0,0.0,0.0,0.0,0.0
501367885418814,surprise same loaddsheding only happening few area s lusaka within lusaka places never experienced power shortage s nice go through still only few places lusaka looking other provinces even getting surprised say thing load shedding happening places s too much mwandi otherwise run businesses family help power supply s making sense u just interested few places lusaka,False,0.8988,positive,0.8988,0.233,0.767,0.0,positive,0.8988,positive,False,0.0,,57,7,0.0175438596491228,0.0,0.0350877192982456,0.0175438596491228,0.0350877192982456,0.0,0.0263157894736842
1681413012651571,dennis zulu don t weak man stand rights isn t first time experiencing droughts s always solutions put place easy issue load shedding zesco works people zambia own interest people whose houses electricity 7 days without cutting because re government employees feeling pity zesco,False,0.522,positive,0.522,0.216,0.679,0.105,positive,0.522,positive,False,0.0,,44,8,0.0454545454545454,0.0454545454545454,0.0681818181818181,0.0454545454545454,0.0681818181818181,0.0454545454545454,0.0568181818181818
962024962124923,jeffrey katawola literally makes zero sense sell people suffer awe mwandi,False,-0.5423,negative,-1.0,0.0,0.741,0.259,negative,-1.0,negative,True,-0.7,awe,11,2,0.0,0.0,0.0,0.0,0.0,0.0,0.0
1149469195755648,chanda kasongo twice day,False,0.0,neutral,0.0,0.0,1.0,0.0,neutral,0.0,neutral,False,0.0,,4,0,0.0,0.0,0.0,0.0,0.0,0.0,0.0
816832912953800,beatrice shalom ntang now don t even know client only sent money 10 hrs wants cake 18 hrs made butter put fridge only 1 unit left t bake,False,0.0,neutral,0.0,0.0,1.0,0.0,neutral,0.0,neutral,False,0.0,,28,2,0.0357142857142857,0.0357142857142857,0.0,0.0714285714285714,0.0,0.0357142857142857,0.0178571428571428
311502081255985,true 6 weeks complaint t considered before thinking raising complaint kindly read terms conditions see okay go ahead otherwise believe re only allowed complain 90days making payments count days two weeks adding 90 days sure,False,0.5106,positive,0.5106,0.237,0.603,0.16,positive,0.5106,positive,False,0.0,,35,6,0.0857142857142857,0.0,0.0,0.0571428571428571,0.0285714285714285,0.0,0.0571428571428571
1629209498017373,energy regulation board erbenergy regulation board erb electricity 3 days expect us able follow ka deadline kabo decipline chaps,False,0.2732,positive,0.2732,0.11,0.89,0.0,positive,0.2732,positive,False,0.0,,19,4,0.0,0.1578947368421052,0.0,0.0526315789473684,0.0,0.1578947368421052,0.0
726411752036852,savenda electric bulbs last 8 hours let s go buy should staying dark during night,False,0.0,neutral,0.0,0.0,1.0,0.0,neutral,0.0,neutral,False,0.0,,15,2,0.0,0.0,0.0,0.0,0.0666666666666666,0.0,0.0333333333333333
311057938684793,mirriam chilwashi m also surprised mwandi think,False,0.2263,positive,0.2263,0.275,0.725,0.0,positive,0.2263,positive,False,0.0,,7,1,0.0,0.0,0.0,0.0,0.0,0.0,0.0
548644267823048,s stable power,False,0.296,positive,0.296,0.688,0.312,0.0,positive,0.296,positive,False,0.0,,3,1,0.0,0.0,0.0,0.3333333333333333,0.0,0.0,0.0
1681413012651571,dennis zulu iwe upanga che chongo keep quiet don t wise things say,False,0.4767,positive,0.4767,0.22,0.78,0.0,positive,0.4767,positive,False,0.0,,13,3,0.0,0.0,0.0,0.0769230769230769,0.0769230769230769,0.0,0.0384615384615384
8343158965790190,belinda thole smoke lot,False,0.0,neutral,0.0,0.0,1.0,0.0,neutral,0.0,neutral,False,0.0,,4,0,0.0,0.0,0.0,0.0,0.0,0.0,0.0
863148371401018,ba zesco suggestion kwati ebo mwa bika ku planning bwino bwino schedule ya load shedding make sense group 01 30 07 30 group b 07 30 13 30 group 13 30 19 30 grouo b 19 30 01 30 far much better following both groups time morning lunch night please adopt asap just complaining giving better options course solution just better option,True,0.9274,positive,0.4274,0.244,0.73,0.025,negative,0.4274,negative,True,-0.5,bwino,62,6,0.0,0.032258064516129,0.0,0.0161290322580645,0.0,0.032258064516129,0.0
262879899686442,zesco working since morning kuma 7hrs haven t able buy every time try airtel charging service haven t even received,False,0.0,neutral,0.0,0.0,1.0,0.0,neutral,0.0,neutral,False,0.0,,20,5,0.0,0.05,0.0,0.1,0.0,0.05,0.0
1681413012651571,dennis zulu need forfeit voters card people think like should involved important decisions,False,0.5106,positive,0.5106,0.281,0.719,0.0,positive,0.5106,positive,False,0.0,,13,2,0.0769230769230769,0.0,0.0,0.0769230769230769,0.0769230769230769,0.0,0.0769230769230769
5084471844989149,mwanza mussah shipeni onalebo ifwe power restored 23 january since cut wondering s going way too much us,False,0.0772,positive,0.0772,0.123,0.769,0.108,positive,0.0772,positive,False,0.0,,18,0,0.0,0.0,0.0,0.0,0.0,0.0,0.0
202751886080546,michael mwango mokha s problem having too given less units too,False,-0.4019,negative,-0.4019,0.0,0.769,0.231,negative,-0.4019,negative,False,0.0,,11,1,0.0,0.0,0.0909090909090909,0.0,0.0909090909090909,0.0,0.0454545454545454
455966740271427,hello chanda catherine chisanga regret inconvenience caused outage experiencing may due fault kindly register complaint dialing 3600 follow prompts fp,False,-0.7184,negative,-0.7184,0.113,0.528,0.359,negative,-0.7184,negative,False,0.0,,20,3,0.05,0.0,0.0,0.0,0.1,0.0,0.075
1847628699057100,zesco limited honestly group d should given morning schedule loadshedding week because last week 12 20 honestly unfair,False,0.25,positive,0.25,0.25,0.542,0.208,positive,0.25,positive,False,0.0,,18,2,0.1111111111111111,0.0,0.0,0.0,0.1111111111111111,0.0,0.1111111111111111
442605075003774,zesco limitedso guys zesco limited don t see anything wrong yo picture engineers kanshi kindly go through see s wrong,False,-0.5994,negative,-0.5994,0.126,0.553,0.32,negative,-0.5994,negative,False,0.0,,20,4,0.05,0.0,0.0,0.05,0.05,0.0,0.05
851116133455292,feli lex let guy since god should comment make mad,False,-0.2732,negative,-0.2732,0.158,0.602,0.241,negative,-0.2732,negative,False,0.0,,10,2,0.1,0.1,0.2,0.1,0.1,0.1,0.1
583461980247503,monga pali na tuma light,False,0.0,neutral,0.0,0.0,1.0,0.0,neutral,0.0,neutral,False,0.0,,5,0,0.0,0.0,0.0,0.0,0.0,0.0,0.0
714443850629043,va zee u guys very funny kuzimya malaiti 05 50 namulilelo power 8 hrs yakwanu considerate once,False,0.7264,positive,0.0264,0.319,0.681,0.0,neutral,0.0264,neutral,True,-0.7,"malaiti,zee",17,1,0.0,0.0,0.0,0.0588235294117647,0.0,0.0,0.0
3036557793303467,quote zesco limited default structured load shedding exercise staggering each outage minimum 6 hour period end quote case didn t see masebela bhati,False,-0.2263,negative,-0.2263,0.0,0.913,0.087,negative,-0.2263,negative,False,0.0,,23,7,0.0434782608695652,0.0869565217391304,0.0869565217391304,0.0,0.1304347826086956,0.0869565217391304,0.0869565217391304
956196666351546,bright mwape mainsa mwape zesco guys serious,False,0.3818,positive,0.3818,0.315,0.543,0.141,positive,0.3818,positive,False,0.0,,7,0,0.0,0.0,0.0,0.0,0.0,0.0,0.0
682094463705510,look like don t things,False,0.3612,positive,0.3612,0.455,0.545,0.0,positive,0.3612,positive,False,0.0,,5,1,0.0,0.0,0.0,0.2,0.0,0.0,0.0
518066994189067,michael kangwa least u r strong enough wait ese just find phones fully charged,False,-0.5852,negative,-0.5852,0.0,0.676,0.324,negative,-0.5852,negative,False,0.0,,14,2,0.0,0.0714285714285714,0.0,0.0714285714285714,0.0,0.0714285714285714,0.0
3457293421231217,whole press conference called just customers receive 3 hours power awkward hours stand comedy,False,0.2263,positive,0.2263,0.166,0.728,0.106,positive,0.2263,positive,False,0.0,,14,0,0.0,0.0,0.0,0.0,0.0,0.0,0.0
1630364274545237,manje ilya maintenance fee yanshi coz ifyapala ama updates should automatic anyway ine tapaba kaya,False,0.0,neutral,-0.6,0.0,1.0,0.0,negative,-0.6,negative,True,-0.6,"kaya,manje",15,3,0.0666666666666666,0.0,0.0,0.1333333333333333,0.0,0.0,0.0333333333333333
1255783355660343,power how going update,False,0.0,neutral,0.0,0.0,1.0,0.0,neutral,0.0,neutral,False,0.0,,4,0,0.0,0.0,0.0,0.0,0.0,0.0,0.0
1243604516887706,zesco limited s happening group e power supposed back 14,False,-0.2263,negative,-0.2263,0.0,0.787,0.213,negative,-0.2263,negative,False,0.0,,10,1,0.1,0.0,0.0,0.0,0.1,0.0,0.1
5763763656992226,12hours loadshedding rain season reach ka october kaya using chinese calculator,False,0.0258,neutral,-0.2742,0.099,0.901,0.0,negative,-0.2742,negative,True,-0.3,kaya,11,1,0.0,0.0,0.0,0.0909090909090909,0.0,0.0,0.0
882125813911804,moffat nel mudenda imagine 24hrs,False,0.0,neutral,0.0,0.0,1.0,0.0,neutral,0.0,neutral,False,0.0,,5,0,0.0,0.0,0.0,0.0,0.0,0.0,0.0
1236419614249700,question power comes midnight how expect people zesco limited now becoming nuisance,False,-0.2263,negative,-0.2263,0.0,0.853,0.147,negative,-0.2263,negative,False,0.0,,12,4,0.1666666666666666,0.0833333333333333,0.0,0.0833333333333333,0.0833333333333333,0.0833333333333333,0.125
1350227855844217,kelvin musonda new dawn 2 years old,False,0.0,neutral,0.0,0.0,1.0,0.0,neutral,0.0,neutral,False,0.0,,7,1,0.0,0.1428571428571428,0.0,0.1428571428571428,0.0,0.1428571428571428,0.0
1616817652057206,enock silungwe entering token id like 30 mins s just saying error thinking must entered wrong prepaid number,False,-0.4588,negative,-0.4588,0.168,0.575,0.257,negative,-0.4588,negative,False,0.0,,18,2,0.0,0.0,0.0,0.0,0.0555555555555555,0.0,0.0277777777777777
2097613640630766,cecilia swana chibwe maybe pole near house,False,0.0,neutral,0.0,0.0,1.0,0.0,neutral,0.0,neutral,False,0.0,,7,0,0.0,0.0,0.0,0.0,0.0,0.0,0.0
1464374354271951,mutinta tintili exactly same story everyday,False,0.0,neutral,0.0,0.0,1.0,0.0,neutral,0.0,neutral,False,0.0,,6,0,0.0,0.0,0.0,0.0,0.0,0.0,0.0
1043763430412037,boniface lwiindi imagine wasn t agreement naba mudala,False,0.4939,positive,0.4939,0.348,0.652,0.0,positive,0.4939,positive,False,0.0,,8,1,0.0,0.0,0.0,0.125,0.0,0.0,0.0
1082611520097179,today marks exactly 2 weeks go press briefing,False,0.0,neutral,0.0,0.0,1.0,0.0,neutral,0.0,neutral,False,0.0,,8,0,0.0,0.0,0.0,0.0,0.0,0.0,0.0
1291622671386112,17hrs instead 18hrs god punish ba zesco,False,-0.3182,negative,-0.3182,0.2,0.476,0.324,negative,-0.3182,negative,False,0.0,,7,2,0.0,0.1428571428571428,0.2857142857142857,0.1428571428571428,0.0,0.1428571428571428,0.0
464588649563951,malaiti 24 hrs 03 how u even strength go press meter box aha serious,False,0.4404,positive,0.2404,0.206,0.71,0.084,positive,0.2404,positive,True,-0.2,malaiti,14,1,0.0,0.0,0.0,0.0714285714285714,0.0,0.0,0.0
504697271653576,cannot stick schedule speaking lubuto ndola s power since 05 hours,False,0.0,neutral,0.0,0.0,1.0,0.0,neutral,0.0,neutral,False,0.0,,11,0,0.0,0.0,0.0,0.0,0.0,0.0,0.0
730146681615614,riverside mwandi crescent 05am 13hrs 17hrs till don t know upto now show two times day,False,0.0,neutral,0.0,0.0,1.0,0.0,neutral,0.0,neutral,False,0.0,,16,2,0.0,0.0,0.0,0.125,0.0,0.0,0.0
733694565224311,really inconvenienced us thought airtel money kanshi nimwe,False,0.0,neutral,0.0,0.0,1.0,0.0,neutral,0.0,neutral,False,0.0,,8,2,0.125,0.25,0.0,0.125,0.0,0.25,0.0625
1220697095185978,magret alexanders nakabaghe god,False,0.2732,positive,0.2732,0.412,0.588,0.0,positive,0.2732,positive,False,0.0,,4,1,0.0,0.25,0.25,0.25,0.0,0.25,0.0
877398570239153,plenty story cut short thank mrs zemstvo mosonda being truly appreciate kind positive words nice doing business low financial status went through depression come alive don t know how much bitterness because ever since started investing into mrs zemstvo mosonda company platform started benefiting through became positive stopped listening people rumors talks zemstvo mosonda,True,0.9118,positive,0.9118,0.315,0.522,0.163,negative,0.9118,negative,False,0.0,,54,7,0.037037037037037,0.0185185185185185,0.0,0.0555555555555555,0.037037037037037,0.0185185185185185,0.037037037037037
610802407817623,richard chilawo sikaleya numbers dear,False,0.3818,positive,0.3818,0.394,0.606,0.0,positive,0.3818,positive,False,0.0,,5,2,0.0,0.0,0.0,0.0,0.0,0.0,0.0
1133189314375206,trevor actually thought weekly better us plan accordingly daily imagine today shadded 21pm 05am tomorrow 05am 13pm meaning ll off power 16hrs straight weekly far much better,False,0.7717,positive,0.7717,0.243,0.757,0.0,positive,0.7717,positive,False,0.0,,27,4,0.0,0.1481481481481481,0.0,0.0,0.0,0.1481481481481481,0.0
704399134617947,s point giving us schedule going stick guys incompetent,False,-0.1779,negative,-0.1779,0.209,0.522,0.27,negative,-0.1779,negative,False,0.0,,9,2,0.1111111111111111,0.0,0.0,0.0,0.1111111111111111,0.0,0.1111111111111111
2218258545230469,mulibachabe imwe muleshitisha amalaiti kuchalo kumbi mu zambia tulechula nichofye ubuteko nabo bulifye ndwi,False,0.0,neutral,-1.0,0.0,1.0,0.0,negative,-1.0,negative,True,-1.0,"amalaiti,ubuteko",14,0,0.0,0.0,0.0,0.0,0.0,0.0,0.0
291767720640696,t cutting power night during day u allow pipo work cos daylight loadshaidng making impossible people work how survive sure,False,0.4019,positive,0.4019,0.203,0.725,0.072,positive,0.4019,positive,False,0.0,,20,3,0.05,0.0,0.05,0.0,0.1,0.0,0.075
8382745345142486,ati pa wanu nyoko nyoko misula shenu,False,0.0,neutral,-1.0,0.0,1.0,0.0,negative,-1.0,negative,True,-1.0,nyoko,7,0,0.0,0.0,0.0,0.0,0.0,0.0,0.0
700435511655738,read comments living,False,0.0,neutral,0.0,0.0,1.0,0.0,neutral,0.0,neutral,False,0.0,,3,0,0.0,0.0,0.0,0.0,0.0,0.0,0.0
709666733886586,vamadongodongo past 48hrs power ku kamwala south zipas area,False,0.0,neutral,0.0,0.0,1.0,0.0,neutral,0.0,neutral,False,0.0,,9,0,0.0,0.0,0.0,0.0,0.0,0.0,0.0
1998224180681414,update meters loadshedding power comes sleeping goes while still sleeping please advise cause seems like mission impossible,False,0.5859,positive,0.5859,0.242,0.758,0.0,positive,0.5859,positive,False,0.0,,17,2,0.0,0.0,0.0,0.0588235294117647,0.0588235294117647,0.0,0.0294117647058823
8870257303008232,alo s already than 5 hours power today 1st october,False,0.0,neutral,0.0,0.0,1.0,0.0,neutral,0.0,neutral,False,0.0,,10,0,0.0,0.0,0.0,0.0,0.0,0.0,0.0
940333384787564,hour power called told challenge system,False,0.0772,positive,0.0772,0.206,0.794,0.0,positive,0.0772,positive,False,0.0,,6,2,0.1666666666666666,0.0,0.1666666666666666,0.1666666666666666,0.0,0.0,0.0833333333333333
987006009760428,abraham mwale oh see us went kuma 03,False,0.0,neutral,0.0,0.0,1.0,0.0,neutral,0.0,neutral,False,0.0,,8,0,0.0,0.0,0.0,0.0,0.0,0.0,0.0
558946559494916,ziwase phiri sanzi oho,False,0.0,neutral,0.0,0.0,1.0,0.0,neutral,0.0,neutral,False,0.0,,4,0,0.0,0.0,0.0,0.0,0.0,0.0,0.0
1118211136318311,hon evans kabwita mine updated kaya tried entering units telling expired meter,False,0.0,neutral,-0.3,0.0,1.0,0.0,negative,-0.3,negative,True,-0.3,kaya,12,1,0.0,0.0,0.0,0.0,0.0,0.0,0.0
1252220168979432,misheck cheleka change,False,0.0,neutral,0.0,0.0,1.0,0.0,neutral,0.0,neutral,False,0.0,,3,1,0.0,0.0,0.3333333333333333,0.0,0.0,0.0,0.0
2719037321564286,during day 7 hours power emmesdle area now gone power very poor service even lies post,False,-0.7346,negative,-0.7346,0.0,0.677,0.323,negative,-0.7346,negative,False,0.0,,16,0,0.0,0.0,0.0,0.0,0.0,0.0,0.0
1681413012651571,joana shula go sn start living ku dubai,False,0.0,neutral,0.0,0.0,1.0,0.0,neutral,0.0,neutral,False,0.0,,8,1,0.0,0.125,0.0,0.0,0.0,0.125,0.0
1562492377547143,hmm awe ba zesco muli ba beans mweh talk technicians power supposed restored 18 00 18 15 tayalabwela ku ndeke luanshya awe mwilatulila,False,0.34,positive,-0.3599999999999999,0.098,0.902,0.0,negative,-0.3599999999999999,negative,True,-0.7,awe,23,1,0.0,0.0,0.0,0.0,0.0,0.0,0.0
304278041948032,imwe remaining 2 cents n t buy bwalya mutapa see,False,0.0,neutral,0.0,0.0,1.0,0.0,neutral,0.0,neutral,False,0.0,,10,0,0.0,0.0,0.0,0.0,0.0,0.0,0.0
1064385481806396,kony kumz imagine ba chita na approve lol seriously zambian must work,False,0.2732,positive,0.2732,0.193,0.69,0.117,positive,0.2732,positive,False,0.0,,12,1,0.0,0.0,0.0,0.0833333333333333,0.0,0.0,0.0
506363162192492,chisenga suleiman kasolo people should earn salaries right now zesco getting free money expense tax payers,False,0.5106,positive,0.5106,0.18,0.82,0.0,positive,0.5106,positive,False,0.0,,16,3,0.0625,0.0625,0.0,0.0625,0.0625,0.0625,0.0625
1857522798040993,zesco limited past five days loadshedding solwezi kyawama area 17 hours 05 00 hrs 22 00hrs please work within stipulated time loadshedding,False,0.1027,positive,0.1027,0.095,0.826,0.079,positive,0.1027,positive,False,0.0,,22,2,0.0454545454545454,0.0454545454545454,0.0,0.0,0.0454545454545454,0.0454545454545454,0.0454545454545454
524806366833946,hosptal load shaded everyday despite making communication public relation team exempt kwwf,False,0.1027,positive,0.1027,0.113,0.887,0.0,positive,0.1027,positive,False,0.0,,12,3,0.0,0.0833333333333333,0.0,0.1666666666666666,0.0,0.0833333333333333,0.0
513652114864664,natasha mwaba kids learned eat nemilembwe apa,False,0.0,neutral,0.0,0.0,1.0,0.0,neutral,0.0,neutral,False,0.0,,7,1,0.0,0.0,0.0,0.0,0.0,0.0,0.0
1550493912137739,mwani paila na tv imwe ba mbuzi,False,0.0,neutral,-0.8,0.0,1.0,0.0,negative,-0.8,negative,True,-0.8,ba mbuzi,7,0,0.0,0.0,0.0,0.0,0.0,0.0,0.0
601958428357758,bright mwika very true,False,0.7178,positive,0.7178,0.75,0.25,0.0,positive,0.7178,positive,False,0.0,,4,1,0.0,0.0,0.0,0.25,0.0,0.0,0.0
2498876370301527,carter bay say,False,0.0,neutral,0.0,0.0,1.0,0.0,neutral,0.0,neutral,False,0.0,,3,0,0.0,0.0,0.0,0.0,0.0,0.0,0.0
379837271849114,give incompetent power service provider own risk don t stable power think happen offload power into grid just saying,False,-0.4588,negative,-0.4588,0.098,0.67,0.232,negative,-0.4588,negative,False,0.0,,19,5,0.0526315789473684,0.1052631578947368,0.0526315789473684,0.1052631578947368,0.0526315789473684,0.1052631578947368,0.0526315789473684
1093095268856355,chanda chanda guess meant 1st october 2026,False,0.0,neutral,0.0,0.0,1.0,0.0,neutral,0.0,neutral,False,0.0,,7,1,0.0,0.0,0.0,0.0,0.0,0.0,0.0
696883355493456,maintain just 23 05 ayashala bayafumyeko,False,0.0,neutral,0.0,0.0,1.0,0.0,neutral,0.0,neutral,False,0.0,,6,0,0.0,0.0,0.0,0.0,0.0,0.0,0.0
961733455768701,ba zesco us mtendere east don t power week sure problem people,False,-0.1027,negative,-0.1027,0.164,0.643,0.193,negative,-0.1027,negative,False,0.0,,12,2,0.0,0.0,0.0833333333333333,0.0833333333333333,0.0833333333333333,0.0,0.0416666666666666
1395764864481313,u think u only paid paid before,False,0.0,neutral,0.0,0.0,1.0,0.0,neutral,0.0,neutral,False,0.0,,7,0,0.0,0.0,0.0,0.0,0.0,0.0,0.0
860026851917551,remember someone telling us loadshedding,False,0.0,neutral,0.0,0.0,1.0,0.0,neutral,0.0,neutral,False,0.0,,5,0,0.0,0.0,0.0,0.0,0.0,0.0,0.0
774328217816405,wendy anne managed talk someone same given list tokens purchased showed system,False,0.0,neutral,0.0,0.0,1.0,0.0,neutral,0.0,neutral,False,0.0,,12,2,0.0,0.0,0.0,0.0833333333333333,0.0,0.0,0.0
612476807988749,chibwe petronella kunda cpk awe mwandi,False,0.0,neutral,-0.7,0.0,1.0,0.0,negative,-0.7,negative,True,-0.7,awe,6,0,0.0,0.0,0.0,0.0,0.0,0.0,0.0
872395717143017,hakainde hichilema zesco limited area hasn t power since tuesday 20 00hours counting happened without warning please disturbing how fight poverty even simple schedules cannot followed,False,-0.6154,negative,-0.6154,0.141,0.567,0.291,negative,-0.6154,negative,False,0.0,,26,4,0.1153846153846153,0.0,0.1153846153846153,0.0,0.0769230769230769,0.0,0.0961538461538461
6116084025109522,dumbest shit ever seen,False,-0.7845,negative,-0.7845,0.0,0.225,0.775,negative,-0.7845,negative,False,0.0,,4,1,0.25,0.0,0.0,0.0,0.0,0.0,0.125
548223958057240,how check without power,False,0.0,neutral,0.0,0.0,1.0,0.0,neutral,0.0,neutral,False,0.0,,4,0,0.0,0.0,0.0,0.0,0.0,0.0,0.0
865174698928835,atase stability promised us kwena,False,0.3612,positive,0.3612,0.385,0.615,0.0,positive,0.3612,positive,False,0.0,,5,0,0.0,0.0,0.0,0.0,0.0,0.0,0.0
1299485121402214,how announce day before deadline brains,False,0.0,neutral,0.0,0.0,1.0,0.0,neutral,0.0,neutral,False,0.0,,6,1,0.0,0.0,0.0,0.0,0.0,0.0,0.0
706493494433279,us being load shedded twice day,False,0.0,neutral,0.0,0.0,1.0,0.0,neutral,0.0,neutral,False,0.0,,6,0,0.0,0.0,0.0,0.0,0.0,0.0,0.0
1144498916255701,chikondi rose shawa imagine ai,False,0.0,neutral,0.0,0.0,1.0,0.0,neutral,0.0,neutral,False,0.0,,5,0,0.0,0.0,0.0,0.0,0.0,0.0,0.0
489266630038074,andy c p andrews puzzles president announced clearly loadshedding thing past bragged having ended,False,0.4019,positive,0.4019,0.197,0.803,0.0,positive,0.4019,positive,False,0.0,,14,1,0.0,0.0,0.0,0.0714285714285714,0.0,0.0,0.0
2309913445845051,zollywood tv bally just ok,False,0.296,positive,0.296,0.355,0.645,0.0,positive,0.296,positive,False,0.0,,5,0,0.0,0.0,0.0,0.0,0.0,0.0,0.0
1219565888699321,better just suffer once introducing half time into load shedding should working reducing eliminating load shedding instead half time,True,-0.1531,negative,-0.1531,0.124,0.726,0.15,negative,-0.1531,negative,False,0.0,,19,4,0.0,0.1052631578947368,0.0,0.0,0.0,0.1052631578947368,0.0
1056556399810818,o neil mweemba hospitality redefined exactly expecting announced stability,False,0.0,neutral,0.0,0.0,1.0,0.0,neutral,0.0,neutral,False,0.0,,9,2,0.0,0.1111111111111111,0.0,0.0,0.0,0.1111111111111111,0.0
1499872127502187,hire qualified personel taking care such problems relatives morning surely unacceptable,False,0.1027,positive,0.1027,0.324,0.372,0.303,positive,0.1027,positive,False,0.0,,11,3,0.0,0.0909090909090909,0.0,0.1818181818181818,0.0909090909090909,0.0909090909090909,0.0454545454545454
2469974976477174,mazuba hamusonde nimavuto yekayeka,False,0.0,neutral,0.0,0.0,1.0,0.0,neutral,0.0,neutral,False,0.0,,4,0,0.0,0.0,0.0,0.0,0.0,0.0,0.0
6800755473319792,eviness mayuya thats sad,False,-0.4767,negative,-0.4767,0.0,0.492,0.508,negative,-0.4767,negative,False,0.0,,4,0,0.0,0.0,0.0,0.0,0.0,0.0,0.0
1371224124283415,teli lelo nipa 1 nge iyo behavior,False,0.0,neutral,0.0,0.0,1.0,0.0,neutral,0.0,neutral,False,0.0,,7,0,0.0,0.0,0.0,0.0,0.0,0.0,0.0
845287861054648,hasn t already effect,False,0.0,neutral,0.0,0.0,1.0,0.0,neutral,0.0,neutral,False,0.0,,4,0,0.0,0.0,0.0,0.0,0.0,0.0,0.0
588129303126508,think let increase 10days cause keep relish fridge nishi kubola,False,0.3182,positive,0.3182,0.204,0.796,0.0,positive,0.3182,positive,False,0.0,,10,1,0.0,0.0,0.0,0.0,0.0,0.0,0.0
513885767475162,moses k kapaya respect opinion please respect mine too,False,0.8176,positive,0.8176,0.63,0.37,0.0,positive,0.8176,positive,False,0.0,,9,2,0.0,0.2222222222222222,0.0,0.2222222222222222,0.0,0.2222222222222222,0.0
1542363739729921,dear dream,False,0.5574,positive,0.5574,1.0,0.0,0.0,positive,0.5574,positive,False,0.0,,2,1,0.0,0.0,0.0,0.0,0.0,0.0,0.0
3430242507299630,3 hours could ve better considering people home s mainly use fridges tv s don t consume lot power,False,0.4404,positive,0.4404,0.172,0.828,0.0,positive,0.4404,positive,False,0.0,,19,1,0.0,0.0,0.0,0.0526315789473684,0.0,0.0,0.0
1354201588746983,problem must put sticker each substation zesco know power off time aaaah epwa,False,-0.4019,negative,-0.4019,0.0,0.816,0.184,negative,-0.4019,negative,False,0.0,,13,2,0.0,0.0769230769230769,0.0769230769230769,0.0,0.0769230769230769,0.0769230769230769,0.0384615384615384
962024962124923,obey silavwe maliwanda while valid question zesco limited stuck praying miracle water now s us business owners doing help ourselves,False,0.7269,positive,0.7269,0.335,0.52,0.145,positive,0.7269,positive,False,0.0,,20,4,0.05,0.05,0.05,0.1,0.05,0.05,0.05
823574169989210,john mapoma jr even rains heavily zesco limited still make excuses supplying just wait see,False,-0.2263,negative,-0.2263,0.0,0.881,0.119,negative,-0.2263,negative,False,0.0,,15,4,0.0666666666666666,0.0666666666666666,0.0,0.0,0.0666666666666666,0.0666666666666666,0.0666666666666666
261357600084923,too much politics belly,False,0.0,neutral,0.0,0.0,1.0,0.0,neutral,0.0,neutral,False,0.0,,4,1,0.25,0.0,0.0,0.0,0.0,0.0,0.125
970070727972858,understand how zesco big make schedule fail follow themselves just stop making,False,-0.6908,negative,-0.6908,0.0,0.637,0.363,negative,-0.6908,negative,False,0.0,,12,0,0.0,0.0,0.0,0.0,0.0,0.0,0.0
816832912953800,baked four cakes faith yesterday mwila grace kambita call haloshi could come bake place tried buy units avail elo ninshi ka nti nti started wednesday ba zesco muleba serious manged buy now isn t loading,False,0.6486,positive,0.6486,0.148,0.818,0.034,positive,0.6486,positive,False,0.0,,35,2,0.0,0.0285714285714285,0.0,0.0285714285714285,0.0,0.0285714285714285,0.0
828909211632389,relief just 6 hours loadshed per day off,False,0.4767,positive,0.4767,0.341,0.659,0.0,positive,0.4767,positive,False,0.0,,8,1,0.0,0.0,0.0,0.0,0.0,0.0,0.0
405020849302903,gusha lawrence kasongo yaba,False,0.0,neutral,-0.3,0.0,1.0,0.0,negative,-0.3,negative,True,-0.3,yaba,4,0,0.0,0.0,0.0,0.0,0.0,0.0,0.0
977132530247360,taken long trying purchase electricity token able s happening usersco even stop sending sms customers only send facebook those people don t usually use facebook people please should know how communicate clients question because people yourself government s public institution s thing should remember,False,0.0258,neutral,0.0258,0.054,0.894,0.052,neutral,0.0258,neutral,False,0.0,,44,7,0.0,0.0454545454545454,0.0227272727272727,0.0454545454545454,0.0,0.0454545454545454,0.0
1539253826550352,ann hamatu mulenga mentioned prophecy,False,0.0,neutral,0.0,0.0,1.0,0.0,neutral,0.0,neutral,False,0.0,,5,1,0.0,0.2,0.0,0.0,0.0,0.2,0.0
298626419517833,bane 6 weeks honestly,False,0.4588,positive,0.4588,0.6,0.4,0.0,positive,0.4588,positive,False,0.0,,4,1,0.25,0.0,0.25,0.0,0.0,0.0,0.125
882125813911804,bring power 24 switch 03 witches stay awake during time serious,False,-0.0772,negative,-0.0772,0.0,0.885,0.115,negative,-0.0772,negative,False,0.0,,11,1,0.0,0.0909090909090909,0.0,0.0,0.0,0.0909090909090909,0.0
831000462075383,let personal challenges assumed failures big corporations like zesco now longer experience load shading score tuletasha,False,-0.0516,negative,-0.0516,0.192,0.657,0.152,negative,-0.0516,negative,False,0.0,,16,2,0.0,0.0625,0.0,0.0625,0.0,0.0625,0.0
1003744020802979,awe namushupa ba zesco sunday power went 01 44 restored back kuma 14 thursday power went kuma 05 came back kuma 19 yesterday power went kuma 22 now don t power s really going load shedding awe ve suffered lusaka west zamaston ma loan area aaah s annoying mwe cause s too much think muvichitilamo chabe re mindful concerned people area power goes anyhow aaah awe mwe,False,-0.5423,negative,-1.0,0.035,0.878,0.086,negative,-1.0,negative,True,-0.7,awe,67,4,0.0149253731343283,0.0,0.0149253731343283,0.0149253731343283,0.0149253731343283,0.0,0.0149253731343283
8895988010418731,emma ntongama ahhhhh mommy emma twalema mukwabo ahhh,False,0.0,neutral,0.0,0.0,1.0,0.0,neutral,0.0,neutral,False,0.0,,8,0,0.0,0.0,0.0,0.0,0.0,0.0,0.0
851116133455292,call stable sure group e power hour ayi zambia punishment center soon sentence zambia hard labour,False,0.0516,positive,0.0516,0.284,0.49,0.225,positive,0.0516,positive,False,0.0,,16,4,0.125,0.0625,0.125,0.125,0.0625,0.0625,0.09375
705181447975292,locality 17 00 23 00 05 00 11 00 rotational load shedding schedule meaning only power 11 00 17 00 daily power came back scheduled around 11 40 like hour s gone notice explanation inconveniencing unacceptable zesco limited,True,-0.34,negative,-0.34,0.06,0.821,0.118,negative,-0.34,negative,False,0.0,,38,3,0.0263157894736842,0.0263157894736842,0.0,0.0,0.0526315789473684,0.0263157894736842,0.0394736842105263
1275352909817448,theoson kafwimbi mwanaumbi same situation,False,0.0,neutral,0.0,0.0,1.0,0.0,neutral,0.0,neutral,False,0.0,,5,0,0.0,0.0,0.0,0.0,0.0,0.0,0.0
1763062227781516,zesco limited only power 30 minutes kamwala south,False,-0.2263,negative,-0.2263,0.0,0.787,0.213,negative,-0.2263,negative,False,0.0,,8,1,0.125,0.0,0.0,0.0,0.125,0.0,0.125
2097613640630766,cecilia swana chibwe see manager tomorrow,False,0.0,neutral,0.0,0.0,1.0,0.0,neutral,0.0,neutral,False,0.0,,6,1,0.0,0.1666666666666666,0.0,0.0,0.0,0.1666666666666666,0.0
1244223689492224,people understanding word staggering think loadshedding reduced 6 hours lol,False,0.4215,positive,0.4215,0.259,0.741,0.0,positive,0.4215,positive,False,0.0,,10,3,0.0,0.0,0.0,0.2,0.0,0.0,0.0
1457762855058197,nothing just changed truth front,False,-0.2411,negative,-0.2411,0.0,0.671,0.329,negative,-0.2411,negative,False,0.0,,5,1,0.0,0.0,0.0,0.2,0.0,0.0,0.0
678087460627687,tutu kasuli eeeeh ba kapata kuno ma us still enjoying 24 7 supply,False,0.5267,positive,0.5267,0.236,0.764,0.0,positive,0.5267,positive,False,0.0,,13,2,0.0,0.0769230769230769,0.0,0.0769230769230769,0.0,0.0769230769230769,0.0
1462887677749584,matimba kanenga iwe waala fifite kwangu number suntwe yebo,False,0.0772,positive,0.0772,0.14,0.86,0.0,positive,0.0772,positive,False,0.0,,9,0,0.0,0.0,0.0,0.0,0.0,0.0,0.0
1572214923204554,only problem ksq u hit us 00 06 apa power gone futi meaning,False,-0.4019,negative,-0.4019,0.0,0.803,0.197,negative,-0.4019,negative,False,0.0,,13,2,0.0769230769230769,0.0,0.0769230769230769,0.0,0.0769230769230769,0.0,0.0769230769230769
1109530670544606,zesco limited jokers sometimes wait think scared disconnected mean only power 3 4 hours s than being disconnected don t think,False,-0.5859,negative,-0.5859,0.0,0.758,0.242,negative,-0.5859,negative,False,0.0,,21,5,0.0476190476190476,0.0476190476190476,0.0,0.0476190476190476,0.1428571428571428,0.0476190476190476,0.0952380952380952
1403967293500559,na 6 weeks yawamako,False,0.0,neutral,0.0,0.0,1.0,0.0,neutral,0.0,neutral,False,0.0,,4,0,0.0,0.0,0.0,0.0,0.0,0.0,0.0
1879945789176597,t understand anything apa,False,0.0,neutral,0.0,0.0,1.0,0.0,neutral,0.0,neutral,False,0.0,,4,0,0.0,0.0,0.0,0.0,0.0,0.0,0.0
1815658288870258,6 weeks complaining those us paid 2018 yet connected zesco upnd nor upnd zesco same workers pf time still tomorrow muyayaya,False,-0.2023,negative,-0.2023,0.0,0.913,0.087,negative,-0.2023,negative,False,0.0,,21,2,0.0,0.0952380952380952,0.0,0.0,0.0,0.0952380952380952,0.0
1545406125960538,ni course ya coartem nomba,False,0.0,neutral,0.0,0.0,1.0,0.0,neutral,0.0,neutral,False,0.0,,5,0,0.0,0.0,0.0,0.0,0.0,0.0,0.0
618831263798949,niza nsana gondwe guys nabampesha ine,False,0.0,neutral,0.0,0.0,1.0,0.0,neutral,0.0,neutral,False,0.0,,6,0,0.0,0.0,0.0,0.0,0.0,0.0,0.0
647858186946473,mean time because need purchase electricity units,False,0.0,neutral,0.0,0.0,1.0,0.0,neutral,0.0,neutral,False,0.0,,7,2,0.0,0.1428571428571428,0.0,0.0,0.0,0.1428571428571428,0.0
317607634018456,u shud stop complaining sent u number u never called elo pa last ati ba zesco ba zesco lol,False,0.0258,neutral,0.0258,0.204,0.597,0.199,neutral,0.0258,neutral,False,0.0,,19,0,0.0,0.0,0.0,0.0,0.0,0.0,0.0
1644257936040124,john gomani s first purchase month purchase done 1st,False,0.0,neutral,0.0,0.0,1.0,0.0,neutral,0.0,neutral,False,0.0,,9,1,0.0,0.0,0.0,0.0,0.0,0.0,0.0
2108774816242587,mwaba jerry mwesa imagine ai,False,0.0,neutral,0.0,0.0,1.0,0.0,neutral,0.0,neutral,False,0.0,,5,0,0.0,0.0,0.0,0.0,0.0,0.0,0.0
901209128559441,need power 24 00 03 00,False,0.0,neutral,0.0,0.0,1.0,0.0,neutral,0.0,neutral,False,0.0,,6,0,0.0,0.0,0.0,0.0,0.0,0.0,0.0
1516799665459834,çēphãs kãümbã çhïhäñdë bad anyway,False,-0.5423,negative,-0.5423,0.0,0.533,0.467,negative,-0.5423,negative,False,0.0,,5,1,0.2,0.0,0.2,0.0,0.2,0.0,0.2
408819144761920,felix kumwamwasa support sir load shedding even before upnd came into power especially lusaka,False,0.4019,positive,0.4019,0.172,0.828,0.0,positive,0.4019,positive,False,0.0,,14,1,0.0,0.0,0.0,0.0714285714285714,0.0,0.0,0.0
691083175945529,time since 05hrs power yet back should trust timetable also,False,0.5106,positive,0.5106,0.268,0.732,0.0,positive,0.5106,positive,False,0.0,,10,2,0.0,0.1,0.0,0.1,0.0,0.1,0.0
27616934051227122,still ku meeting aiii guys,False,0.0,neutral,0.0,0.0,1.0,0.0,neutral,0.0,neutral,False,0.0,,5,0,0.0,0.0,0.0,0.0,0.0,0.0,0.0
6413669045319490,taking people zambia granted unip mmd pf voted now upnd could only term government unip 27 yrs mmd 20 yrs pf 10 yrs end,False,0.25,positive,0.25,0.08,0.92,0.0,positive,0.25,positive,False,0.0,,24,2,0.0,0.0,0.0416666666666666,0.0,0.0,0.0,0.0
6164825023528034,mwangala monde siyobo truth lied zambian people end load shedding also lied whilest office ended load shedding also decieved people load shedding reasult poor leadership continue being deceitful tell nation s result low water levels engineers fault actually selling power using cec politicians share holders distribute power mines increase copper production 830 000 metric tonnes 3 million metric tones 2031 cec also first time history retained 50million shareholders found understand zambians having abnormal hours load shedding,True,-0.8442,negative,-0.8442,0.09,0.728,0.182,negative,-0.8442,negative,False,0.0,,76,12,0.0,0.0657894736842105,0.0,0.0657894736842105,0.0263157894736842,0.0657894736842105,0.0131578947368421
648295807070819,problem zambia always like politicking president move comfort zone fault finding mission med energy experts told reduction number loadshedding usual other people seeing positive move different lenses,False,0.6808,positive,0.6808,0.321,0.535,0.144,positive,0.6808,positive,False,0.0,,27,5,0.0,0.037037037037037,0.037037037037037,0.1111111111111111,0.074074074074074,0.037037037037037,0.037037037037037
1539253826550352,isaac zulu advise brother read bible see difference between david saul,False,0.0,neutral,0.0,0.0,1.0,0.0,neutral,0.0,neutral,False,0.0,,11,2,0.0,0.0,0.0,0.1818181818181818,0.0,0.0,0.0
523673053604838,tali lelo nipa update want,False,0.0772,positive,0.0772,0.245,0.755,0.0,positive,0.0772,positive,False,0.0,,5,0,0.0,0.0,0.0,0.0,0.0,0.0,0.0
442822361760933,emmy aaliyah z awe banipesha,False,0.0,neutral,-0.7,0.0,1.0,0.0,negative,-0.7,negative,True,-0.7,awe,5,0,0.0,0.0,0.0,0.0,0.0,0.0,0.0
974081616905430,power went around 24hrs came around 10 6hrs thingy going start,False,0.0,neutral,0.0,0.0,1.0,0.0,neutral,0.0,neutral,False,0.0,,11,1,0.0,0.0909090909090909,0.0,0.0,0.0,0.0909090909090909,0.0
467360265627956,zesco limited 14 please ma 15 nalelo,False,0.1027,positive,0.1027,0.25,0.543,0.207,positive,0.1027,positive,False,0.0,,7,1,0.1428571428571428,0.0,0.0,0.0,0.1428571428571428,0.0,0.1428571428571428
506474755550925,sibongile bongani munthali noticing how complaining group e style through year,False,-0.2023,negative,-0.2023,0.0,0.833,0.167,negative,-0.2023,negative,False,0.0,,11,0,0.0,0.0,0.0,0.0,0.0,0.0,0.0
864783155274402,don t know work,False,0.0,neutral,0.0,0.0,1.0,0.0,neutral,0.0,neutral,False,0.0,,4,1,0.0,0.0,0.0,0.25,0.0,0.0,0.0
1296987521300263,how even check don t power ikaleni fye,False,0.0,neutral,0.0,0.0,1.0,0.0,neutral,0.0,neutral,False,0.0,,8,1,0.0,0.0,0.0,0.125,0.0,0.0,0.0
847971889809116,power went kuma 11 came back kuma 18 hours now 19 58 yaya switch wrong place nagu nishi switch power ku chimwemwe ala,False,-0.4767,negative,-0.4767,0.0,0.876,0.124,negative,-0.4767,negative,False,0.0,,23,1,0.0,0.0,0.0,0.0,0.0,0.0,0.0
1077796063324363,marie michelle heviamoorima spoken mind,False,0.0,neutral,0.0,0.0,1.0,0.0,neutral,0.0,neutral,False,0.0,,5,0,0.0,0.0,0.0,0.0,0.0,0.0,0.0
1132178137441275,ras zulus nkhalani chabe new body already kkkkk,False,0.0,neutral,0.0,0.0,1.0,0.0,neutral,0.0,neutral,False,0.0,,8,0,0.0,0.0,0.0,0.0,0.0,0.0,0.0
863524105753795,hussein abdi how long think last don t know people go 4 days without power,False,0.0,neutral,0.0,0.0,1.0,0.0,neutral,0.0,neutral,False,0.0,,15,2,0.0,0.0666666666666666,0.0,0.0666666666666666,0.0,0.0666666666666666,0.0
1045021707103658,fred hangandu thank sir thats thought too,False,0.3612,positive,0.3612,0.294,0.706,0.0,positive,0.3612,positive,False,0.0,,7,2,0.0,0.1428571428571428,0.0,0.1428571428571428,0.0,0.1428571428571428,0.0
918822943645810,saviour alingo chisanga exactly question too,False,0.0,neutral,0.0,0.0,1.0,0.0,neutral,0.0,neutral,False,0.0,,6,1,0.0,0.0,0.0,0.0,0.0,0.0,0.0
924167659166907,tukuz anamela mututwa kkkkkk,False,0.0,neutral,0.0,0.0,1.0,0.0,neutral,0.0,neutral,False,0.0,,4,0,0.0,0.0,0.0,0.0,0.0,0.0,0.0
852272325996896,lol well big help,False,0.765,positive,0.765,0.884,0.116,0.0,positive,0.765,positive,False,0.0,,4,0,0.0,0.0,0.0,0.0,0.0,0.0,0.0
706802090951757,power now start going twice day power went earlier 5 came back around 11 now s gone least honest,False,-0.4023,negative,-0.4023,0.0,0.856,0.144,negative,-0.4023,negative,False,0.0,,19,2,0.0526315789473684,0.0526315789473684,0.0526315789473684,0.0526315789473684,0.0526315789473684,0.0526315789473684,0.0526315789473684
1532390074051752,dear zesco limited understand crisis together also keep word today first october hopes s update,False,-0.1531,negative,-0.1531,0.252,0.467,0.28,negative,-0.1531,negative,False,0.0,,15,4,0.0666666666666666,0.0,0.0,0.0666666666666666,0.0666666666666666,0.0,0.0666666666666666
1201798157900151,hi esmmy azariah apologize inconvenienced caused kindly report outage outside load shedding schedule calling 322 speak agent use ussd code 3600 follow prompts download zesco app whatsapp number 260762626977 register fault assistance kind regards cj,False,0.6808,positive,0.6808,0.221,0.714,0.064,positive,0.6808,positive,False,0.0,,35,4,0.0,0.0,0.0,0.0571428571428571,0.0571428571428571,0.0,0.0285714285714285
890179399251123,gabriel chishimba ba ba chisimba nzelu mulibe,False,0.0,neutral,0.0,0.0,1.0,0.0,neutral,0.0,neutral,False,0.0,,7,0,0.0,0.0,0.0,0.0,0.0,0.0,0.0
530851722153204,martha george done order keep micro economy running,False,0.0,neutral,0.0,0.0,1.0,0.0,neutral,0.0,neutral,False,0.0,,8,1,0.0,0.0,0.0,0.125,0.0,0.0,0.0
618831263798949,susan khondowe mathews same kuno,False,0.0,neutral,0.0,0.0,1.0,0.0,neutral,0.0,neutral,False,0.0,,5,0,0.0,0.0,0.0,0.0,0.0,0.0,0.0
1898813893849225,zesco needs complete overhaul people holding offices too comfortable imagine area reporting complete extremely low voltage last three years body seems care erb same excuses,False,0.6258,positive,0.6258,0.21,0.712,0.077,positive,0.6258,positive,False,0.0,,25,0,0.0,0.0,0.0,0.0,0.0,0.0,0.0
2228270187371587,just say planning increase tariffs telling us since morning,False,0.3182,positive,0.3182,0.223,0.777,0.0,positive,0.3182,positive,False,0.0,,9,2,0.0,0.1111111111111111,0.0,0.1111111111111111,0.0,0.1111111111111111,0.0
1135886531575155,felistus mulabanya same day called mostly used come same day number thrs using call,False,0.0772,positive,0.0772,0.091,0.909,0.0,positive,0.0772,positive,False,0.0,,14,0,0.0,0.0,0.0,0.0,0.0,0.0,0.0
896520882399751,fake promise obama 2days malaiti,False,-0.2023,negative,-0.4023,0.274,0.357,0.369,negative,-0.4023,negative,True,-0.2,malaiti,5,2,0.0,0.0,0.0,0.2,0.0,0.0,0.0
1002841158277667,lelo nipa wanu okutoba bwanji ma gesi,False,0.0,neutral,0.0,0.0,1.0,0.0,neutral,0.0,neutral,False,0.0,,7,0,0.0,0.0,0.0,0.0,0.0,0.0,0.0
1220697095185978,patricia lusheto chuunka s heart breaking,False,0.0,neutral,0.0,0.0,1.0,0.0,neutral,0.0,neutral,False,0.0,,6,0,0.0,0.0,0.0,0.0,0.0,0.0,0.0
311057938684793,bally know loadsheding issue coz remember once against started happening pf anyway,False,0.0,neutral,0.0,0.0,1.0,0.0,neutral,0.0,neutral,False,0.0,,12,0,0.0,0.0,0.0,0.0,0.0,0.0,0.0
844511016783014,how power come 00 go 04 normal now ghosts,False,0.0,neutral,0.0,0.0,1.0,0.0,neutral,0.0,neutral,False,0.0,,9,0,0.0,0.0,0.0,0.0,0.0,0.0,0.0
853539713619064,vuuse mungaga nice dp,False,0.4215,positive,0.4215,0.483,0.517,0.0,positive,0.4215,positive,False,0.0,,4,0,0.0,0.0,0.0,0.0,0.0,0.0,0.0
3597225967267379,just paid yesterday connected today experiences different each district,False,0.0,neutral,0.0,0.0,1.0,0.0,neutral,0.0,neutral,False,0.0,,9,0,0.0,0.0,0.0,0.0,0.0,0.0,0.0
1104749081073997,royd mulenga still hire genset mid morning pump water,False,0.0,neutral,0.0,0.0,1.0,0.0,neutral,0.0,neutral,False,0.0,,9,1,0.0,0.1111111111111111,0.0,0.1111111111111111,0.0,0.1111111111111111,0.0
1206656877068767,henry mutale chimanga okay great ine lelo find malaiti know ati mine updated too inbox case issue,False,0.7184,positive,0.5184,0.286,0.714,0.0,positive,0.5184,positive,True,-0.2,malaiti,17,1,0.0,0.0,0.0588235294117647,0.0,0.0588235294117647,0.0,0.0294117647058823
548275573885493,yen yearned moola snr comment young boy lost hope life,False,0.1531,positive,0.1531,0.22,0.606,0.174,positive,0.1531,positive,False,0.0,,10,4,0.0,0.2,0.0,0.1,0.1,0.2,0.05
1353026225472470,get manager,False,0.0,neutral,0.0,0.0,1.0,0.0,neutral,0.0,neutral,False,0.0,,2,0,0.0,0.0,0.0,0.0,0.0,0.0,0.0
1359855841497739,zesco really dialling 3600 comes area scheduled load shedding today joke off 19 hours now,False,0.296,positive,0.296,0.136,0.864,0.0,positive,0.296,positive,False,0.0,,15,1,0.0,0.0,0.0,0.0,0.0,0.0,0.0
520241480737069,nipa 1 lelo noti atishani,False,0.0,neutral,0.0,0.0,1.0,0.0,neutral,0.0,neutral,False,0.0,,5,0,0.0,0.0,0.0,0.0,0.0,0.0,0.0
1040374210748815,daphne shishengula sweetie kumayadi ku woodlands ma lighti ba zesco limited woodlands power since sunday,False,0.3182,positive,0.3182,0.177,0.718,0.105,positive,0.3182,positive,False,0.0,,15,2,0.0666666666666666,0.0,0.0,0.0,0.0666666666666666,0.0,0.0666666666666666
950177713652456,mean page computerized don t think human being set 24 11 2024 deadline looking going through,False,0.0,neutral,0.0,0.0,1.0,0.0,neutral,0.0,neutral,False,0.0,,16,1,0.0,0.0,0.0,0.0625,0.0,0.0,0.0
460121943730295,s 3 days now power area,False,0.0,neutral,0.0,0.0,1.0,0.0,neutral,0.0,neutral,False,0.0,,6,0,0.0,0.0,0.0,0.0,0.0,0.0,0.0
940333384787564,trend saying 3 hours per day,False,0.0,neutral,0.0,0.0,1.0,0.0,neutral,0.0,neutral,False,0.0,,6,1,0.0,0.0,0.0,0.0,0.0,0.0,0.0
885707319525548,ber tha mwango idiot,False,-0.5106,negative,-0.5106,0.0,0.476,0.524,negative,-0.5106,negative,False,0.0,,4,1,0.0,0.0,0.0,0.0,0.0,0.0,0.0
489266630038074,ackim katebe beyond president look guys honesty president innocent power cuts hight time people man behind,False,0.5267,positive,0.5267,0.269,0.625,0.106,positive,0.5267,positive,False,0.0,,16,5,0.0,0.0625,0.0,0.25,0.0,0.0625,0.0
1215579079549987,zesco limited please don t make upset morning like how supposed check s power va zii,False,0.0772,positive,0.0772,0.249,0.518,0.233,positive,0.0772,positive,False,0.0,,16,3,0.125,0.0,0.0,0.0625,0.125,0.0,0.125
526037213706414,shamba kanguya ayi balefwaya ukutuchita distract,False,-0.296,negative,-0.296,0.0,0.694,0.306,negative,-0.296,negative,False,0.0,,6,1,0.0,0.0,0.0,0.0,0.0,0.0,0.0
618831263798949,nhamo afiya chiwila next week 06 14,False,0.0,neutral,0.0,0.0,1.0,0.0,neutral,0.0,neutral,False,0.0,,7,0,0.0,0.0,0.0,0.0,0.0,0.0,0.0
1135548820481792,bachinja futi evangelist jones wamunazaret salepela,False,0.0,neutral,0.0,0.0,1.0,0.0,neutral,0.0,neutral,False,0.0,,6,0,0.0,0.0,0.0,0.0,0.0,0.0,0.0
489266630038074,andy c p andrews think upnd construct power station anytime soon never imf t allow,False,-0.1695,negative,-0.1695,0.0,0.868,0.132,negative,-0.1695,negative,False,0.0,,15,1,0.0,0.0,0.0,0.0,0.0,0.0,0.0
864003481516603,12hours okay dont want dstv benefit,False,-0.2028,negative,-0.2028,0.221,0.349,0.43,negative,-0.2028,negative,False,0.0,,6,1,0.0,0.0,0.0,0.0,0.0,0.0,0.0
311057938684793,mõñíçá møsé lwândõ during previous government power go 06 s06 sure now government tell power go 12 hours power leave people 10hours coming back 21hours necessary,False,0.2732,positive,0.2732,0.084,0.873,0.044,positive,0.2732,positive,False,0.0,,26,4,0.0,0.0384615384615384,0.0769230769230769,0.0,0.0384615384615384,0.0384615384615384,0.0192307692307692
1012280840655231,total madness how expect people update don t power supply ai,False,-0.4404,negative,-0.4404,0.0,0.756,0.244,negative,-0.4404,negative,False,0.0,,11,4,0.0909090909090909,0.0909090909090909,0.0909090909090909,0.1818181818181818,0.0,0.0909090909090909,0.0454545454545454
551817310810798,see today ati deadline tomorrow,False,0.0,neutral,0.0,0.0,1.0,0.0,neutral,0.0,neutral,False,0.0,,5,1,0.0,0.2,0.0,0.0,0.0,0.2,0.0
1079348606501008,8 hour naimwe s taking 10 hours power restored mporokoso,False,0.34,positive,-0.06,0.255,0.745,0.0,negative,-0.06,negative,True,-0.4,naimwe,10,0,0.0,0.0,0.0,0.0,0.0,0.0,0.0
2004237213425905,savatir sure,False,0.3182,positive,0.3182,0.697,0.303,0.0,positive,0.3182,positive,False,0.0,,2,0,0.0,0.0,0.0,0.0,0.0,0.0,0.0
1372754633458866,suya kingfred sorry,False,-0.0772,negative,-0.0772,0.0,0.606,0.394,negative,-0.0772,negative,False,0.0,,3,0,0.0,0.0,0.0,0.0,0.0,0.0,0.0
1252220168979432,doesn t change anything iphone users,False,0.0,neutral,0.0,0.0,1.0,0.0,neutral,0.0,neutral,False,0.0,,6,1,0.0,0.0,0.1666666666666666,0.0,0.0,0.0,0.0
450975834030417,kanshi don t even give money awe mwe,False,0.0,neutral,-0.7,0.0,1.0,0.0,negative,-0.7,negative,True,-0.7,awe,8,2,0.125,0.125,0.0,0.25,0.0,0.125,0.0625
256416473671418,don t power hurry maintenance,False,0.0,neutral,0.0,0.0,1.0,0.0,neutral,0.0,neutral,False,0.0,,5,3,0.0,0.2,0.0,0.4,0.0,0.2,0.0
823574169989210,kethan b course sell everything rains heavy year great sell,False,0.6249,positive,0.6249,0.339,0.661,0.0,positive,0.6249,positive,False,0.0,,10,0,0.0,0.0,0.0,0.0,0.0,0.0,0.0
489266630038074,lisa nancha banda s tough us depend electricity pray better solution soon otherwise impact negative effects business,False,0.3182,positive,0.3182,0.316,0.464,0.219,positive,0.3182,positive,False,0.0,,17,6,0.0,0.1176470588235294,0.0588235294117647,0.1176470588235294,0.1176470588235294,0.1176470588235294,0.0588235294117647
1077101027019576,jimmy ashtag still going strong che,False,0.5106,positive,0.5106,0.398,0.602,0.0,positive,0.5106,positive,False,0.0,,6,0,0.0,0.0,0.0,0.0,0.0,0.0,0.0
1128801438953530,bebetty yenesha pr wabo ulya amoneka kwati ni jerabo expect nififine behavior kwati bali ku black mountain,False,0.0,neutral,0.0,0.0,1.0,0.0,neutral,0.0,neutral,False,0.0,,17,3,0.0,0.1176470588235294,0.0,0.0588235294117647,0.0588235294117647,0.1176470588235294,0.0294117647058823
689072199387114,knew already don t called bally zambia wait,False,0.0,neutral,0.0,0.0,1.0,0.0,neutral,0.0,neutral,False,0.0,,8,2,0.0,0.125,0.0,0.125,0.0,0.125,0.0
610802407817623,bristone mulyakubinda keep trying,False,0.0,neutral,0.0,0.0,1.0,0.0,neutral,0.0,neutral,False,0.0,,4,0,0.0,0.0,0.0,0.0,0.0,0.0,0.0
1133189314375206,bc kaunda sir,False,0.0,neutral,0.0,0.0,1.0,0.0,neutral,0.0,neutral,False,0.0,,3,1,0.0,0.0,0.0,0.3333333333333333,0.0,0.0,0.0
1646550196207032,lelo ni pa 1st october tiyeni tulande pali promise iyi story mukamba mweka,False,0.3182,positive,0.3182,0.161,0.839,0.0,positive,0.3182,positive,False,0.0,,13,1,0.0,0.0,0.0,0.0769230769230769,0.0,0.0,0.0
742621214041225,imwe ninshi don t know how calculate time restore power 7 hours ati 6hrs,False,0.296,positive,0.296,0.167,0.833,0.0,positive,0.296,positive,False,0.0,,14,2,0.0,0.0714285714285714,0.0,0.0714285714285714,0.0,0.0714285714285714,0.0
668791911656365,reconsider alternating load shedding hours tired just having power 11hrs 17hrs every day dark every night,True,-0.4404,negative,-0.4404,0.0,0.838,0.162,negative,-0.4404,negative,False,0.0,,16,2,0.0,0.0,0.0,0.0,0.0625,0.0,0.03125
3973528966211052,zesco limited must joking how going don t power 5 days now,False,0.0,neutral,0.0,0.161,0.678,0.161,neutral,0.0,neutral,False,0.0,,12,3,0.0833333333333333,0.0,0.0,0.0833333333333333,0.0833333333333333,0.0,0.0833333333333333
492310796602094,zed roasters inc yours like,False,0.3612,positive,0.3612,0.385,0.615,0.0,positive,0.3612,positive,False,0.0,,5,0,0.0,0.0,0.0,0.0,0.0,0.0,0.0
353891757674580,mwila b tembo imagine,False,0.0,neutral,0.0,0.0,1.0,0.0,neutral,0.0,neutral,False,0.0,,4,0,0.0,0.0,0.0,0.0,0.0,0.0,0.0
1147274600611921,how check haven t power since last week sunday,False,0.0,neutral,0.0,0.0,1.0,0.0,neutral,0.0,neutral,False,0.0,,9,1,0.0,0.0,0.0,0.1111111111111111,0.0,0.0,0.0
431168510063344,zesco limited day shall judged gives deadline ya day something huge fwebali kumabala,False,0.1027,positive,0.1027,0.151,0.724,0.125,positive,0.1027,positive,False,0.0,,13,1,0.0769230769230769,0.0,0.0,0.0,0.0769230769230769,0.0,0.0769230769230769
873454657314877,kwena bushe efyo twalaikalafye mu zambia ifi awe taciweme mweee,False,0.0,neutral,-0.7,0.0,1.0,0.0,negative,-0.7,negative,True,-0.7,awe,10,0,0.0,0.0,0.0,0.0,0.0,0.0,0.0
932445842026434,excess power fed into grid during loadshedding,False,0.0,neutral,0.0,0.0,1.0,0.0,neutral,0.0,neutral,False,0.0,,7,1,0.0,0.0,0.0,0.0,0.0,0.0,0.0
164833296506994,makumba l kabwela ching ambu yessssss back ting,False,0.0,neutral,0.0,0.0,1.0,0.0,neutral,0.0,neutral,False,0.0,,8,0,0.0,0.0,0.0,0.0,0.0,0.0,0.0
1629003687972560,only seeing today still update zesco limited,False,-0.2263,negative,-0.2263,0.0,0.759,0.241,negative,-0.2263,negative,False,0.0,,7,1,0.1428571428571428,0.0,0.0,0.0,0.1428571428571428,0.0,0.1428571428571428
6164825023528034,even zambians dull ati r having loadshading because pf misused water man shud just resign let solders rule country,False,-0.6249,negative,-0.6249,0.0,0.758,0.242,negative,-0.6249,negative,False,0.0,,19,3,0.0526315789473684,0.0,0.1052631578947368,0.0526315789473684,0.1052631578947368,0.0,0.0789473684210526
402137349350108,elita sheleni tell tired,False,-0.4404,negative,-0.4404,0.0,0.508,0.492,negative,-0.4404,negative,False,0.0,,4,1,0.0,0.0,0.0,0.0,0.0,0.0,0.0
230568016489685,alice lungu very frustrating,False,-0.4927,negative,-0.4927,0.0,0.484,0.516,negative,-0.4927,negative,False,0.0,,4,0,0.0,0.0,0.0,0.0,0.0,0.0,0.0
546781691262383,restoring power midnight people sleeping makes schedule somehow bitter group d e,False,-0.1531,negative,-0.1531,0.169,0.615,0.215,negative,-0.1531,negative,False,0.0,,12,1,0.0,0.0,0.0,0.0,0.0,0.0,0.0
2708756899294372,zesco limited schedule should released day before plan properly kindly take note,False,0.3182,positive,0.3182,0.212,0.662,0.126,positive,0.3182,positive,False,0.0,,12,2,0.0833333333333333,0.0833333333333333,0.0,0.0,0.0833333333333333,0.0833333333333333,0.0833333333333333
2378563272492038,hello tione kindly note net metering applications should done line see guide below click application link net metering management system zesco co zm create new application following items handy o must existing customer o must service meter number o attach copy nrc passport o attach certificate incorporation applying business o tpin o rented property tenancy agreement landmark gps coordinates property wish connect ensure installer fully certified ensure none refundable administrative fee k1 738 00 service categories paid zesco account provided left pane proof payment required uploaded during application process thank contacting zesco regards fc,False,0.9552,positive,0.9552,0.214,0.786,0.0,positive,0.9552,positive,False,0.0,,94,16,0.0106382978723404,0.0,0.0,0.0957446808510638,0.0,0.0,0.0053191489361702
1213069430480148,belinda thole exactly suffering,False,-0.4767,negative,-0.4767,0.0,0.492,0.508,negative,-0.4767,negative,False,0.0,,4,1,0.0,0.0,0.25,0.0,0.25,0.0,0.125
1636472860633097,us means wake between 01 04 hours just because s only time power how much punish us kanshi,False,-0.5267,negative,-0.5267,0.0,0.825,0.175,negative,-0.5267,negative,False,0.0,,18,2,0.0,0.0555555555555555,0.0555555555555555,0.0,0.0,0.0555555555555555,0.0
488913716721297,25hrs loadshedding neighborhood,False,0.0,neutral,0.0,0.0,1.0,0.0,neutral,0.0,neutral,False,0.0,,3,1,0.0,0.3333333333333333,0.0,0.0,0.0,0.3333333333333333,0.0
1039765907939177,u pay cash money excess power,False,-0.1027,negative,-0.1027,0.0,0.741,0.259,negative,-0.1027,negative,False,0.0,,6,4,0.3333333333333333,0.5,0.1666666666666666,0.5,0.0,0.5,0.1666666666666666
699972375059996,power cut 16hrs restored 12 ninshi chalabela ifi,False,0.0772,positive,0.0772,0.229,0.571,0.2,positive,0.0772,positive,False,0.0,,8,0,0.0,0.0,0.0,0.0,0.0,0.0,0.0
779466737124065,teachers loans government workers loans private workers loans zamcash loans new teachers loans zamcash loans 30 seconds zamcash 2 minutes,False,0.0,neutral,0.0,0.0,1.0,0.0,neutral,0.0,neutral,False,0.0,,20,1,0.0,0.0,0.05,0.0,0.0,0.0,0.0
867710671317165,charles mpande don t compromise issue loadshedding condemn s necessary wrong things done just because re upnd cadre tuchulilemo awe,False,-0.6908,negative,-1.0,0.0,0.737,0.263,negative,-1.0,negative,True,-0.7,awe,20,3,0.05,0.0,0.0,0.05,0.0,0.0,0.025
816832912953800,mwila grace kambita ine re black,False,0.4215,positive,0.4215,0.359,0.641,0.0,positive,0.4215,positive,False,0.0,,6,2,0.0,0.0,0.0,0.0,0.1666666666666666,0.0,0.0833333333333333
812513920379401,wena haiba mupalezwi musebi mukute kwa mahae kumina allow job better daily kimina bama apologize,False,0.6369,positive,0.6369,0.341,0.659,0.0,positive,0.6369,positive,False,0.0,,15,3,0.0,0.0666666666666666,0.0,0.0666666666666666,0.0666666666666666,0.0666666666666666,0.0333333333333333
547281163994790,update don t power due general fault attended order complaint received scheduled load shedding time attended until power restored until previously received complaints attended may well wait over 48 72 hours brilliant strategy power restored,False,0.4767,positive,0.4767,0.236,0.596,0.168,positive,0.4767,positive,False,0.0,,35,9,0.0285714285714285,0.0857142857142857,0.0,0.0857142857142857,0.0285714285714285,0.0857142857142857,0.0285714285714285
900978594666497,ended load shedding first year thing past gone finished 0 pa humbled learning hard way man idea while kariba blank,False,-0.1027,negative,-0.1027,0.0,0.928,0.072,negative,-0.1027,negative,False,0.0,,20,2,0.0,0.0,0.0,0.0,0.05,0.0,0.025
1526632871149066,problem area now loadsheding problem o faulty kwacha corner bar kazembe road kitwe don t power today makes 2 days day night without power alone entire neighborhood affected 04285215861 kindly assist,False,-0.5204,negative,-0.5204,0.136,0.607,0.257,negative,-0.5204,negative,False,0.0,,31,6,0.0,0.032258064516129,0.064516129032258,0.064516129032258,0.064516129032258,0.032258064516129,0.032258064516129
1243604516887706,stellia zulu very right,False,0.0,neutral,0.0,0.0,1.0,0.0,neutral,0.0,neutral,False,0.0,,4,0,0.0,0.0,0.0,0.0,0.0,0.0,0.0
1249165352331515,george k nawa understanding,False,0.0,neutral,0.0,0.0,1.0,0.0,neutral,0.0,neutral,False,0.0,,4,1,0.0,0.0,0.0,0.25,0.0,0.0,0.0
1790877341366512,zesco now pathetic,False,-0.5719,negative,-0.5719,0.0,0.351,0.649,negative,-0.5719,negative,False,0.0,,3,1,0.0,0.0,0.0,0.0,0.3333333333333333,0.0,0.1666666666666666
570995898872291,zesco limited how haven t received 4 hours power today,False,-0.2263,negative,-0.2263,0.0,0.787,0.213,negative,-0.2263,negative,False,0.0,,10,3,0.1,0.0,0.0,0.1,0.1,0.0,0.1
1072713587703648,kelyson mang ola zesco pr md,False,0.0,neutral,0.0,0.0,1.0,0.0,neutral,0.0,neutral,False,0.0,,6,0,0.0,0.0,0.0,0.0,0.0,0.0,0.0
1366446937441510,told s moses,False,0.0,neutral,0.0,0.0,1.0,0.0,neutral,0.0,neutral,False,0.0,,3,0,0.0,0.0,0.0,0.0,0.0,0.0,0.0
1117533922273509,nothing changed power cutting twice day totally nonsense,False,-0.3865,negative,-0.3865,0.132,0.579,0.289,negative,-0.3865,negative,False,0.0,,8,2,0.125,0.0,0.125,0.0,0.125,0.0,0.125
474913735043308,short zesco only lusaka other provinces how feel,False,0.0,neutral,0.0,0.0,1.0,0.0,neutral,0.0,neutral,False,0.0,,8,0,0.0,0.0,0.0,0.0,0.0,0.0,0.0
2503679246506239,get 2 45 check metre update noted,False,0.0,neutral,0.0,0.0,1.0,0.0,neutral,0.0,neutral,False,0.0,,7,1,0.0,0.0,0.0,0.0,0.0,0.0,0.0
890179399251123,gabriel chishimba charges people s phones using ma solar,False,-0.2732,negative,-0.2732,0.0,0.769,0.231,negative,-0.2732,negative,False,0.0,,9,0,0.0,0.0,0.0,0.0,0.0,0.0,0.0
837954824387458,sandra jacobs harawa imagine won t manage being dark elo children,False,0.5719,positive,0.5719,0.291,0.709,0.0,positive,0.5719,positive,False,0.0,,11,2,0.0,0.0,0.0,0.0909090909090909,0.0909090909090909,0.0,0.0454545454545454
618831263798949,zesco limited s extra 1 load shedding 15 hours power work catch affected extra hour,False,-0.3612,negative,-0.3612,0.0,0.759,0.241,negative,-0.3612,negative,False,0.0,,15,4,0.0666666666666666,0.0,0.0,0.0,0.0666666666666666,0.0,0.0666666666666666
1220697095185978,david chewe nothing removal piiyeeffu problem started 2014 mistaken,False,-0.0624,negative,-0.0624,0.192,0.595,0.213,negative,-0.0624,negative,False,0.0,,9,3,0.0,0.0,0.2222222222222222,0.0,0.1111111111111111,0.0,0.0555555555555555
546495607523825,bring new investors build power plants load shading should thing past digital world 70 businesses rely electricity,False,0.0,neutral,0.0,0.0,1.0,0.0,neutral,0.0,neutral,False,0.0,,17,2,0.0,0.0,0.0,0.0,0.0,0.0,0.0
546402790759342,accepted inconvenience caused try means fix starts 16hrs need reach home find electricity else reaching home early fault,False,-0.296,negative,-0.296,0.216,0.56,0.224,negative,-0.296,negative,False,0.0,,18,2,0.0,0.0,0.0,0.0,0.0555555555555555,0.0,0.0277777777777777
1681413012651571,dennis zulu musula obe na ba zesco abobene,False,0.0,neutral,0.0,0.0,1.0,0.0,neutral,0.0,neutral,False,0.0,,8,0,0.0,0.0,0.0,0.0,0.0,0.0,0.0
681191376765667,chilubi still experiencing minimum 7 hours load shedding almost daily single thing changed,False,0.0,neutral,0.0,0.0,1.0,0.0,neutral,0.0,neutral,False,0.0,,13,2,0.0,0.0769230769230769,0.0,0.0,0.0,0.0769230769230769,0.0
825896758504711,now waiting schedule each town,False,0.0,neutral,0.0,0.0,1.0,0.0,neutral,0.0,neutral,False,0.0,,5,0,0.0,0.0,0.0,0.0,0.0,0.0,0.0
503871295207390,kwati fyamano existence than 60 years experience first hand climate change years how come get large chunks salaries guard gets upto average k20pin monthly net salary yet fail diversify expand accordance population kwateniko amano,False,0.25,positive,0.25,0.138,0.775,0.087,positive,0.25,positive,False,0.0,,34,5,0.0,0.0294117647058823,0.0588235294117647,0.0588235294117647,0.0,0.0294117647058823,0.0
858684738768949,zesco limited cutting power than 18 hours unacceptable happens relish fridge serious,False,-0.6908,negative,-0.6908,0.0,0.51,0.49,negative,-0.6908,negative,False,0.0,,12,3,0.1666666666666666,0.0,0.0833333333333333,0.0,0.25,0.0,0.2083333333333333
858763822055995,kuwayawayafye ba zesco bena,False,0.0,neutral,0.0,0.0,1.0,0.0,neutral,0.0,neutral,False,0.0,,4,0,0.0,0.0,0.0,0.0,0.0,0.0,0.0
940333384787564,peter mbobela waba pump tea,False,0.0,neutral,0.0,0.0,1.0,0.0,neutral,0.0,neutral,False,0.0,,5,0,0.0,0.0,0.0,0.0,0.0,0.0,0.0
816832912953800,beatrice shalom ntang managed buy using neighbours phone almost heart attack lol,False,-0.0735,negative,-0.0735,0.165,0.651,0.184,negative,-0.0735,negative,False,0.0,,12,1,0.0833333333333333,0.0,0.0833333333333333,0.0,0.0,0.0,0.0416666666666666
858344209510713,how update power comes 03 goes 04 before wake va zee group c libala stage 3 yotam muleya road mwachilamo ba zesco limited expect us update ai awe vichiteni mweka kwamene uko,False,-0.2263,negative,-1.0,0.0,0.939,0.061,negative,-1.0,negative,True,-1.2,"awe,zee",32,2,0.03125,0.03125,0.0,0.03125,0.03125,0.03125,0.03125
880439590817413,wiza simuchimba exactly thought power comes kuma 01 really aiiii ba zesco limited better,False,0.25,positive,0.25,0.173,0.714,0.113,positive,0.25,positive,False,0.0,,14,2,0.0714285714285714,0.0714285714285714,0.0,0.0,0.0714285714285714,0.0714285714285714,0.0714285714285714
6164825023528034,beverly kunda moore ifwe load shedding midnight 13hrs completely unacceptable,False,-0.5095,negative,-0.5095,0.0,0.732,0.268,negative,-0.5095,negative,False,0.0,,10,2,0.0,0.0,0.0,0.0,0.1,0.0,0.05
1571689290350502,hi pelly mandah apologize inconvenience caused please note timetable changed reason extended load management area due system overload currently being addressed technical teams ground regards cj,False,-0.3182,negative,-0.3182,0.121,0.717,0.163,negative,-0.3182,negative,False,0.0,,26,6,0.0,0.0,0.0,0.1538461538461538,0.0769230769230769,0.0,0.0384615384615384
1322610832456208,mukuka lushomo need rest maybe tired,False,-0.4404,negative,-0.4404,0.0,0.633,0.367,negative,-0.4404,negative,False,0.0,,6,2,0.0,0.0,0.0,0.0,0.0,0.0,0.0
955269169672570,hello amy mwanza sincerely apologize inconvenience caused kindly inbox complaint number further assistance pm,False,0.5106,positive,0.5106,0.415,0.369,0.217,positive,0.5106,positive,False,0.0,,14,3,0.0714285714285714,0.0,0.0,0.0714285714285714,0.0714285714285714,0.0,0.0714285714285714
292846056448213,s back online,False,0.0,neutral,0.0,0.0,1.0,0.0,neutral,0.0,neutral,False,0.0,,3,0,0.0,0.0,0.0,0.0,0.0,0.0,0.0
1316815805966276,1st october mukali ku kamba vama excess power fed grid nama solar,False,0.0,neutral,0.0,0.0,1.0,0.0,neutral,0.0,neutral,False,0.0,,12,1,0.0,0.0,0.0,0.0,0.0,0.0,0.0
1252220168979432,dianah z bwendo buy x going trust won t complain charge mine once well,False,0.765,positive,0.765,0.489,0.376,0.134,positive,0.765,positive,False,0.0,,14,2,0.0714285714285714,0.0,0.0,0.0714285714285714,0.0714285714285714,0.0,0.0714285714285714
816837920467043,zesco limited meters don t ma how update,False,-0.2263,negative,-0.2263,0.0,0.759,0.241,negative,-0.2263,negative,False,0.0,,8,2,0.125,0.0,0.0,0.125,0.125,0.0,0.125
1366446937441510,nsama patrick moses don t mock spirit god,False,0.0,neutral,0.0,0.358,0.377,0.264,neutral,0.0,neutral,False,0.0,,8,3,0.0,0.125,0.125,0.25,0.0,0.125,0.0
950199157151460,please don t thing groups n specific timings think re getting used current timings unlike groups don t extended periods enquire re ever told following timing wrong group things say regarding repeating responses ve recieved s sad thing,False,-0.5994,negative,-0.5994,0.058,0.785,0.157,negative,-0.5994,negative,False,0.0,,38,3,0.0,0.0,0.0,0.0526315789473684,0.0,0.0,0.0
940333384787564,luciah mb yes 3hours per day comes consistency same time able use effectively,False,0.6808,positive,0.6808,0.337,0.663,0.0,positive,0.6808,positive,False,0.0,,13,2,0.0,0.0769230769230769,0.0,0.0769230769230769,0.0,0.0769230769230769,0.0
594218649408376,please ba zesco thing technical challenges 1st every month should addressed seriously many us buy units 1st every month surprising get experince challenges could please ensure efficiency online platforms submit,False,0.8658,positive,0.8658,0.378,0.577,0.045,positive,0.8658,positive,False,0.0,,30,3,0.0,0.0333333333333333,0.0,0.0,0.0,0.0333333333333333,0.0
524354203575480,mìldrëd pęźò imagine elo whole day yesterday never power,False,0.0,neutral,0.0,0.0,1.0,0.0,neutral,0.0,neutral,False,0.0,,9,0,0.0,0.0,0.0,0.0,0.0,0.0,0.0
906324284760959,promised come 1st october power stabilize honestly stability talking awe zesco play too much taking citizens granted,True,0.836,positive,0.136,0.432,0.568,0.0,negative,0.136,negative,True,-0.7,awe,17,1,0.0,0.0,0.0,0.0,0.0,0.0,0.0
853492429266225,won t even follow schedule ise ku chalala being loadshedded 11 hours per day,False,0.5719,positive,0.5719,0.236,0.764,0.0,positive,0.5719,positive,False,0.0,,14,0,0.0,0.0,0.0,0.0,0.0,0.0,0.0
862608649273728,maclean sandra phiri good question,False,0.4404,positive,0.4404,0.42,0.58,0.0,positive,0.4404,positive,False,0.0,,5,2,0.0,0.2,0.0,0.2,0.0,0.2,0.0
888351559872858,mention year yes s first october didn t mention year first october ba sir politicain friend,False,0.7096,positive,0.7096,0.33,0.67,0.0,positive,0.7096,positive,False,0.0,,16,2,0.0,0.0,0.0,0.125,0.0,0.0,0.0
610802407817623,precious phiri try airtel money worked,False,0.5719,positive,0.5719,0.425,0.575,0.0,positive,0.5719,positive,False,0.0,,6,2,0.1666666666666666,0.3333333333333333,0.0,0.1666666666666666,0.0,0.3333333333333333,0.0833333333333333
1585824725364023,positive results promised things looking don t ama panel fyaku mushi ifyoo,False,0.7269,positive,0.7269,0.404,0.596,0.0,positive,0.7269,positive,False,0.0,,12,1,0.0,0.0,0.0,0.0833333333333333,0.0,0.0,0.0
593399519335549,bought units money deducted message units,False,0.0,neutral,0.0,0.0,1.0,0.0,neutral,0.0,neutral,False,0.0,,6,1,0.1666666666666666,0.1666666666666666,0.0,0.1666666666666666,0.0,0.1666666666666666,0.0833333333333333
420747464242930,fya fake ifi loadshedded since 13 00,False,-0.4767,negative,-0.4767,0.0,0.659,0.341,negative,-0.4767,negative,False,0.0,,7,1,0.0,0.0,0.0,0.0,0.0,0.0,0.0
790989579596628,chipe lukona kkkkk imagine even giving us pressure pay useless licenses,False,-0.4588,negative,-0.4588,0.152,0.443,0.405,negative,-0.4588,negative,False,0.0,,11,4,0.0,0.0909090909090909,0.0,0.0909090909090909,0.0,0.0909090909090909,0.0
867405641174083,thando kay still same thing 12hours,False,0.0,neutral,0.0,0.0,1.0,0.0,neutral,0.0,neutral,False,0.0,,6,0,0.0,0.0,0.0,0.0,0.0,0.0,0.0
3818434161746095,lelo nipa 1 october still don t power since sunday misula shenu,False,0.0,neutral,0.0,0.0,1.0,0.0,neutral,0.0,neutral,False,0.0,,12,1,0.0,0.0,0.0,0.0833333333333333,0.0,0.0,0.0
1227401631787100,sharon mupeta people misinterpreted statement think meant stabilize power coming time specified rationing schedule,False,-0.3182,negative,-0.3182,0.0,0.85,0.15,negative,-0.3182,negative,False,0.0,,14,3,0.0,0.1428571428571428,0.0,0.0714285714285714,0.0,0.1428571428571428,0.0
518066994189067,cynthia kabwe mubanga kkkkk,False,0.0,neutral,0.0,0.0,1.0,0.0,neutral,0.0,neutral,False,0.0,,4,0,0.0,0.0,0.0,0.0,0.0,0.0,0.0
1084462483195353,people think dull re just playing naive before routine maintenance maamba collieries announced load shedding upto 17 hours got interrupted maintenance s announced only having supply 3 hours until things normalize 1 october come day people want maintain 3 hours instead cutting supply scheduled 17 hours before maintenance seriously elo timetable won t follow happens baking cut before time tell ll come office ll refund,False,-0.5423,negative,-0.5423,0.097,0.728,0.175,negative,-0.5423,negative,False,0.0,,65,11,0.0153846153846153,0.0153846153846153,0.0153846153846153,0.0615384615384615,0.0461538461538461,0.0153846153846153,0.0307692307692307
425161906424474,kaz lave morning crucial preparing school kids bakuma nchito,False,0.0,neutral,0.0,0.0,1.0,0.0,neutral,0.0,neutral,False,0.0,,9,2,0.0,0.0,0.0,0.2222222222222222,0.0,0.0,0.0
688737036293807,ta sha see,False,0.0,neutral,0.0,0.0,1.0,0.0,neutral,0.0,neutral,False,0.0,,3,0,0.0,0.0,0.0,0.0,0.0,0.0,0.0
714443850629043,womba kampeu siingwa azanda babe vazee,False,0.0,neutral,-0.5,0.0,1.0,0.0,negative,-0.5,negative,True,-0.5,vazee,6,0,0.0,0.0,0.0,0.0,0.0,0.0,0.0
530851722153204,incompetence zesco che kaya take president pump sense into stagger outages something commoner think,False,-0.5106,negative,-0.8106,0.0,0.798,0.202,negative,-0.8106,negative,True,-0.3,kaya,14,4,0.0,0.0,0.0,0.0714285714285714,0.0,0.0,0.0
2097613640630766,solwezi doing well terms connections quick connect even congratulated solwezi zesco continue connect us fast fast keep,False,0.2732,positive,0.2732,0.116,0.884,0.0,positive,0.2732,positive,False,0.0,,17,1,0.0,0.0588235294117647,0.0,0.0588235294117647,0.0,0.0588235294117647,0.0
1023555565703316,thank very much ba zesco big problem 12 too much appreciate concert,False,0.3612,positive,0.3612,0.308,0.533,0.16,positive,0.3612,positive,False,0.0,,12,1,0.0,0.0,0.0833333333333333,0.0,0.0833333333333333,0.0,0.0416666666666666
1349918065565049,bring back ma k1 u deducting every transaction wasn t even going through,False,0.0,neutral,0.0,0.0,1.0,0.0,neutral,0.0,neutral,False,0.0,,13,1,0.0,0.0,0.0,0.0769230769230769,0.0,0.0,0.0
6474828242565344,u r told go iwe u go ku watchdog follow instructions,False,0.0,neutral,0.0,0.0,1.0,0.0,neutral,0.0,neutral,False,0.0,,11,2,0.0,0.0909090909090909,0.0,0.1818181818181818,0.0,0.0909090909090909,0.0
1681413012651571,dennis zulu right electricity means zesco failed people zambia whether draught during floods zesco just supposed supply power people zambia every day zesco s day engineers must thinking how expand grids just thinking exporting neighbouring countries s people first mind population fast growing zesco seems sleeping note,False,-0.0772,negative,-0.0772,0.081,0.852,0.067,negative,-0.0772,negative,False,0.0,,47,3,0.0,0.0,0.0,0.0,0.0,0.0,0.0
437924385477912,nothing follow today s 1st october bamakaka imwe,False,0.0,neutral,0.0,0.0,1.0,0.0,neutral,0.0,neutral,False,0.0,,8,0,0.0,0.0,0.0,0.0,0.0,0.0,0.0
8556098244482014,imwe bafikala stable power supply promised sipa 1 october lelo,False,0.5719,positive,0.5719,0.402,0.598,0.0,positive,0.5719,positive,False,0.0,,10,2,0.0,0.0,0.0,0.1,0.0,0.0,0.0
853492429266225,leah nachilima kaili moved kuma yard keep quiet ala,False,0.0,neutral,-0.2,0.0,1.0,0.0,negative,-0.2,negative,True,-0.2,kaili,9,1,0.0,0.0,0.0,0.0,0.1111111111111111,0.0,0.0555555555555555
8755673427817629,ba zesco babufi areas only experiencing 12 hours loadshedding while area fima 21 hours fair,False,0.3182,positive,0.3182,0.141,0.859,0.0,positive,0.3182,positive,False,0.0,,15,1,0.0,0.0,0.0,0.0,0.0,0.0,0.0
1681413012651571,ba zulu u zambia earth heaven power off take power selling us need power take care family,False,0.7579,positive,0.7579,0.317,0.683,0.0,positive,0.7579,positive,False,0.0,,17,0,0.0,0.0,0.0,0.0,0.0,0.0,0.0
3593312137659877,kitwe ndeke precise just right now re being load shedded second time 2026 how far,False,0.0,neutral,0.0,0.0,1.0,0.0,neutral,0.0,neutral,False,0.0,,15,2,0.0,0.0666666666666666,0.0,0.0,0.0,0.0666666666666666,0.0
2299770710224782,george muls mean same changes power cut example power cut 11 to17 next day 05 11,False,-0.4939,negative,-0.4939,0.0,0.769,0.231,negative,-0.4939,negative,False,0.0,,16,0,0.0,0.0,0.0,0.0,0.0,0.0,0.0
1539253826550352,judy mulenga changed mean dividing 12 hours loadshedding into 2 first time experience such zambia,False,0.0,neutral,0.0,0.0,1.0,0.0,neutral,0.0,neutral,False,0.0,,15,1,0.0,0.0666666666666666,0.0,0.0,0.0,0.0666666666666666,0.0
425161906424474,alinjavwa selwa s extremely crucial inkuni s wet during rainy,False,-0.0772,negative,-0.0772,0.0,0.843,0.157,negative,-0.0772,negative,False,0.0,,10,2,0.0,0.0,0.0,0.1,0.1,0.0,0.05
1180544229774643,ba zesco limited power chalala kasama road s going went 6hrs suppose come 14 awe pela mwativutisa wea,False,-0.2263,negative,-0.9263,0.0,0.894,0.106,negative,-0.9263,negative,True,-0.7,awe,18,1,0.0555555555555555,0.0,0.0,0.0,0.0555555555555555,0.0,0.0555555555555555
1695281181201338,how update day 4 electricity tomorrow sunday deadline,False,0.0,neutral,0.0,0.0,1.0,0.0,neutral,0.0,neutral,False,0.0,,8,2,0.0,0.125,0.0,0.0,0.0,0.125,0.0
2151152971916553,zesco problem don t follow schedule switched us off 06 power supposed back 14 hours only came back 20 hours how plan sure how work,False,-0.1027,negative,-0.1027,0.085,0.815,0.1,negative,-0.1027,negative,False,0.0,,25,3,0.0,0.04,0.04,0.04,0.04,0.04,0.02
880352367363656,buying us inverters,False,0.0,neutral,0.0,0.0,1.0,0.0,neutral,0.0,neutral,False,0.0,,3,0,0.0,0.0,0.0,0.0,0.0,0.0,0.0
343388622192217,fishimwenifye completely experiencing 2 3days power 3 hours doesn t even make sense,False,0.0,neutral,0.0,0.0,1.0,0.0,neutral,0.0,neutral,False,0.0,,13,2,0.0,0.0,0.0,0.0,0.0,0.0,0.0
1258711135126376,1st october yafika ba zesco incase calendar lost,False,-0.3182,negative,-0.3182,0.0,0.753,0.247,negative,-0.3182,negative,False,0.0,,8,2,0.125,0.0,0.125,0.0,0.25,0.0,0.1875
894187858248789,still remains same doesn t even make sense,False,0.0,neutral,0.0,0.0,1.0,0.0,neutral,0.0,neutral,False,0.0,,8,2,0.0,0.0,0.125,0.125,0.0,0.0,0.0
920255582684080,power went 5 30 comes 13 43 feedback iyo,False,0.0,neutral,0.0,0.0,1.0,0.0,neutral,0.0,neutral,False,0.0,,9,0,0.0,0.0,0.0,0.0,0.0,0.0,0.0
1536375690209571,means power cut twice restored twice 12 hours still stands,False,0.0772,positive,0.0772,0.192,0.64,0.168,positive,0.0772,positive,False,0.0,,10,0,0.0,0.0,0.0,0.0,0.0,0.0,0.0
260428126832806,rika naliz kasmo nduluz,False,0.0,neutral,0.0,0.0,1.0,0.0,neutral,0.0,neutral,False,0.0,,4,0,0.0,0.0,0.0,0.0,0.0,0.0,0.0
1077714713966584,today 1st october update us new load shading respectively,False,0.34,positive,0.34,0.231,0.769,0.0,positive,0.34,positive,False,0.0,,9,0,0.0,0.0,0.0,0.0,0.0,0.0,0.0
563949529398985,zambian citizen nothing say 3hrs phone pc charged even cook soya pieces pa last,False,-0.2023,negative,-0.2023,0.0,0.878,0.122,negative,-0.2023,negative,False,0.0,,14,1,0.0,0.0,0.0,0.0,0.0,0.0,0.0
575216297399496,having awkward load shedding chelston 17 00 23 00 05 00 11 00 aini power night sleeping aini awe serious life ba zesco,False,-0.2263,negative,-0.9263,0.0,0.879,0.121,negative,-0.9263,negative,True,-0.7,awe,23,0,0.0,0.0,0.0,0.0,0.0,0.0,0.0
858763822055995,yvonne yasini chilonge true,False,0.4215,positive,0.4215,0.483,0.517,0.0,positive,0.4215,positive,False,0.0,,4,1,0.0,0.0,0.0,0.25,0.0,0.0,0.0
881221193942363,kabiyeni uko mweee tired people,False,-0.4404,negative,-0.4404,0.0,0.58,0.42,negative,-0.4404,negative,False,0.0,,5,1,0.0,0.0,0.0,0.0,0.0,0.0,0.0
573302567561012,hope s going rotational leaving home returning without power draining,False,0.4404,positive,0.4404,0.266,0.734,0.0,positive,0.4404,positive,False,0.0,,10,1,0.0,0.1,0.0,0.1,0.0,0.1,0.0
1132178137441275,ras zulus kkkkkkk let s move forget past let us face reality now,False,-0.2263,negative,-0.2263,0.0,0.853,0.147,negative,-0.2263,negative,False,0.0,,13,1,0.0,0.0,0.0,0.0,0.0,0.0,0.0
422427644204786,maybe meant 1st october 2025,False,0.0,neutral,0.0,0.0,1.0,0.0,neutral,0.0,neutral,False,0.0,,5,0,0.0,0.0,0.0,0.0,0.0,0.0,0.0
1174704796512339,iyee kwaba na break time nomba,False,0.0,neutral,0.0,0.0,1.0,0.0,neutral,0.0,neutral,False,0.0,,6,2,0.0,0.1666666666666666,0.0,0.0,0.0,0.1666666666666666,0.0
1322481728721964,honestly speaking minister zesco limited md bragging time kikikikiki,False,0.2732,positive,0.2732,0.252,0.588,0.16,positive,0.2732,positive,False,0.0,,9,2,0.1111111111111111,0.1111111111111111,0.0,0.0,0.1111111111111111,0.1111111111111111,0.1111111111111111
407599322250521,hi mumu adams sincere apologies inconvenience caused kindly note due unplanned outages technical team doing everything possible serve better always register fault us experience loss supply beyond load management schedule use self service platforms such 3600 use zesco whatsapp number 260762626977 following prompts pm,False,0.3818,positive,0.3818,0.185,0.678,0.137,positive,0.3818,positive,False,0.0,,44,7,0.0227272727272727,0.0,0.0227272727272727,0.0909090909090909,0.0454545454545454,0.0,0.034090909090909
512339080995496,woodlands yesterday sure power,False,0.3182,positive,0.3182,0.434,0.566,0.0,positive,0.3182,positive,False,0.0,,4,0,0.0,0.0,0.0,0.0,0.0,0.0,0.0
489266630038074,ackim katebe surely go through sir,False,0.4404,positive,0.4404,0.367,0.633,0.0,positive,0.4404,positive,False,0.0,,6,1,0.0,0.0,0.0,0.1666666666666666,0.0,0.0,0.0
1165467941315198,issue follow own schedule s issue best following schedule help us thank,False,0.8555,positive,0.8555,0.54,0.46,0.0,positive,0.8555,positive,False,0.0,,12,0,0.0,0.0,0.0,0.0,0.0,0.0,0.0
168906859513905,please bwangu bwangu urgently need power very urgent,False,0.5256,positive,0.2255999999999999,0.423,0.577,0.0,positive,0.2255999999999999,positive,True,-0.3,bwangu bwangu,8,1,0.0,0.125,0.125,0.0,0.0,0.125,0.0
484235327119582,remember 1997 german anchor name nebuzburzimbeletbagker since jumped name tell whole story,False,0.0,neutral,0.0,0.0,1.0,0.0,neutral,0.0,neutral,False,0.0,,12,1,0.0,0.0,0.0,0.0,0.0,0.0,0.0
1854248561636342,even hiking connection tarriffs,False,0.0,neutral,0.0,0.0,1.0,0.0,neutral,0.0,neutral,False,0.0,,4,0,0.0,0.0,0.0,0.0,0.0,0.0,0.0
934647091876657,ba zesco limited like playing lot isn t enough suffering already only having power 30 mins 01am announce 24 hours before deadline part power rationing plan blame us ati didn t update meter s don t power,False,-0.4767,negative,-0.4767,0.108,0.705,0.186,negative,-0.4767,negative,False,0.0,,37,5,0.054054054054054,0.027027027027027,0.027027027027027,0.027027027027027,0.054054054054054,0.027027027027027,0.054054054054054
565328749437260,bule kaira sleep wake power won t just wait till s back,False,0.5719,positive,0.5719,0.291,0.709,0.0,positive,0.5719,positive,False,0.0,,12,1,0.0,0.0833333333333333,0.0,0.0,0.0,0.0833333333333333,0.0
686040593192313,end well zesco over run 6 hrs 7 8 hrs twice day loadshedding end into 14 to16 hrs loadshedding per day,False,0.2732,positive,0.2732,0.11,0.89,0.0,positive,0.2732,positive,False,0.0,,21,0,0.0,0.0,0.0,0.0,0.0,0.0,0.0
1045021707103658,siven rowland bwembya iyeee ulupato ububi,False,0.0,neutral,0.0,0.0,1.0,0.0,neutral,0.0,neutral,False,0.0,,6,0,0.0,0.0,0.0,0.0,0.0,0.0,0.0
837517727541875,philimo voice afrika nakana ine atleast much better,False,0.4404,positive,0.4404,0.293,0.707,0.0,positive,0.4404,positive,False,0.0,,8,0,0.0,0.0,0.0,0.0,0.0,0.0,0.0
1559535394931390,supposed use magic wand update literally power deadline absurd say least ichindikeni muli bakulu sana,False,0.0,neutral,0.0,0.0,1.0,0.0,neutral,0.0,neutral,False,0.0,,15,1,0.0,0.0,0.0,0.0,0.0,0.0,0.0
6535135543212181,increased tariff bought k500 given 422 4 units 01 07 2023 zesco explain,False,0.2732,positive,0.2732,0.16,0.84,0.0,positive,0.2732,positive,False,0.0,,13,2,0.0769230769230769,0.0,0.0,0.0769230769230769,0.0,0.0,0.0384615384615384
695943832027209,give us updates kafue lower gorge hydro power ithezi tezi want know,False,-0.2263,negative,-0.2263,0.096,0.741,0.163,negative,-0.2263,negative,False,0.0,,12,2,0.0,0.0,0.0,0.0,0.0833333333333333,0.0,0.0416666666666666
1681413012651571,dennis zulu saying,False,0.0,neutral,0.0,0.0,1.0,0.0,neutral,0.0,neutral,False,0.0,,3,0,0.0,0.0,0.0,0.0,0.0,0.0,0.0
1681413012651571,s just ur area us staying upto week without power kaya,False,0.0,neutral,-0.3,0.0,1.0,0.0,negative,-0.3,negative,True,-0.3,kaya,11,0,0.0,0.0,0.0,0.0,0.0,0.0,0.0
888458732606058,how come s loadshedding area even near clinic anything,False,0.0,neutral,0.0,0.0,1.0,0.0,neutral,0.0,neutral,False,0.0,,9,0,0.0,0.0,0.0,0.0,0.0,0.0,0.0
1132178137441275,ras zulus awe baba nkhalani chabe arguments pointless baseless,False,-0.4019,negative,-1.0,0.0,0.748,0.252,negative,-1.0,negative,True,-0.8999999999999999,"awe,baba",9,3,0.1111111111111111,0.0,0.0,0.0,0.1111111111111111,0.0,0.1111111111111111
1169745800317304,better maximum 6 hours minimum,False,0.4404,positive,0.4404,0.492,0.508,0.0,positive,0.4404,positive,False,0.0,,5,2,0.0,0.0,0.0,0.0,0.0,0.0,0.0
918822943645810,right metre boxes don t,False,0.0,neutral,0.0,0.0,1.0,0.0,neutral,0.0,neutral,False,0.0,,5,1,0.0,0.0,0.0,0.2,0.0,0.0,0.0
971753054509375,today entered into space ruined programs bakers orders deliver 06 12 hrs schedule having power nomba amalaiti yaya kuma 9hrs time come zesco limited awe kwateniko order mwandini elo apa sorry word misused mwandini mwe how plan tuma side hustles t keep own schedule,False,-0.6486,negative,-1.0,0.0,0.864,0.136,negative,-1.0,negative,True,-0.8999999999999999,"amalaiti,awe",44,5,0.0454545454545454,0.0454545454545454,0.0227272727272727,0.0227272727272727,0.0454545454545454,0.0454545454545454,0.0454545454545454
952842322648459,kanshi,False,0.0,neutral,0.0,0.0,1.0,0.0,neutral,0.0,neutral,False,0.0,,1,0,0.0,0.0,0.0,0.0,0.0,0.0,0.0
475515214753875,bawishi sophie solutions,False,0.1779,positive,0.1779,0.459,0.541,0.0,positive,0.1779,positive,False,0.0,,3,0,0.0,0.0,0.0,0.0,0.0,0.0,0.0
2041725376176828,tax payer s money busy,False,0.0,neutral,0.0,0.0,1.0,0.0,neutral,0.0,neutral,False,0.0,,5,2,0.2,0.2,0.0,0.2,0.2,0.2,0.2
1076213584157956,s everyone went school read just update automatically system think frustration having power someone time start pressing those rubbish instructions,False,-0.4767,negative,-0.4767,0.0,0.853,0.147,negative,-0.4767,negative,False,0.0,,20,7,0.05,0.15,0.0,0.15,0.0,0.15,0.025
975254380666765,stanley phiri ii even today 14 passed,False,0.0,neutral,0.0,0.0,1.0,0.0,neutral,0.0,neutral,False,0.0,,7,0,0.0,0.0,0.0,0.0,0.0,0.0,0.0
1160356592050838,hi krid banda apologize inconvenience caused please may confirm power restored appreciate patience regards cj,False,0.6486,positive,0.6486,0.413,0.469,0.117,positive,0.6486,positive,False,0.0,,15,2,0.0,0.0666666666666666,0.0,0.1333333333333333,0.0666666666666666,0.0666666666666666,0.0333333333333333
1668706820210764,useless schedule chingola town centre 14 hrs now,False,-0.4215,negative,-0.4215,0.0,0.714,0.286,negative,-0.4215,negative,False,0.0,,8,1,0.0,0.0,0.0,0.0,0.0,0.0,0.0
1332848168092256,salome thandiwe msoni imagine aii elo even putting deadline monga bawamizana power comes ni 01 05hrs past month,False,0.0,neutral,0.0,0.0,1.0,0.0,neutral,0.0,neutral,False,0.0,,18,0,0.0,0.0,0.0,0.0,0.0,0.0,0.0
311057938684793,mirriam chilwashi rains rains good criticise certain things bcoz still opposition going against problem zambians want accommodate almost anything comes just becoz told just utilise cdf monies import power businesses run most places cdf even utilised accordingly loadshedding whether rains just bringing poverty,False,-0.5574,negative,-0.5574,0.121,0.709,0.17,negative,-0.5574,negative,False,0.0,,43,4,0.0465116279069767,0.0232558139534883,0.0465116279069767,0.0232558139534883,0.0465116279069767,0.0232558139534883,0.0465116279069767
866407191245806,change lusaka west 12hrs 18hrs 06hrs,False,0.0,neutral,0.0,0.0,1.0,0.0,neutral,0.0,neutral,False,0.0,,6,1,0.0,0.0,0.1666666666666666,0.0,0.0,0.0,0.0
472159101770561,russell hibajene muvwende mmmmi understand now awe iliko bad,False,-0.5423,negative,-1.0,0.0,0.696,0.304,negative,-1.0,negative,True,-0.7,awe,9,1,0.1111111111111111,0.0,0.1111111111111111,0.0,0.1111111111111111,0.0,0.1111111111111111
617372807215580,leading half time,False,0.0,neutral,0.0,0.0,1.0,0.0,neutral,0.0,neutral,False,0.0,,3,2,0.0,0.3333333333333333,0.0,0.3333333333333333,0.0,0.3333333333333333,0.0
1144498916255701,chikondi rose shawa imagine ayi,False,0.0,neutral,0.0,0.0,1.0,0.0,neutral,0.0,neutral,False,0.0,,5,0,0.0,0.0,0.0,0.0,0.0,0.0,0.0
5860234267355942,manje tizachita bwanji apa previous load shading schedule going use electricity 23 00hrs 05 00hrs s better give us power 05 17 hrs zesco failing nation,False,-0.1027,negative,-0.4027,0.099,0.788,0.113,negative,-0.4027,negative,True,-0.3,manje,26,3,0.0384615384615384,0.0384615384615384,0.0384615384615384,0.0384615384615384,0.0384615384615384,0.0384615384615384,0.0384615384615384
1132178137441275,ras zulus imwe naimwe nkhalani chabe,False,0.0,neutral,-0.4,0.0,1.0,0.0,negative,-0.4,negative,True,-0.4,naimwe,6,0,0.0,0.0,0.0,0.0,0.0,0.0,0.0
1122021676311355,clement nmc look press 0057 different codes different metre numbers telling us think really frustrate us zesco needs game,False,-0.5095,negative,-0.5095,0.0,0.845,0.155,negative,-0.5095,negative,False,0.0,,19,2,0.0526315789473684,0.0,0.0,0.0,0.0526315789473684,0.0,0.0526315789473684
427194769547971,chitambo mbewe pipo dull u imagine failed understand simple loadshedding schedule,False,-0.7184,negative,-0.7184,0.0,0.571,0.429,negative,-0.7184,negative,False,0.0,,11,1,0.0,0.0,0.0,0.0,0.0909090909090909,0.0,0.0454545454545454
1366446937441510,nsama patrick let spiritual eyes open please,False,0.3182,positive,0.3182,0.277,0.723,0.0,positive,0.3182,positive,False,0.0,,7,0,0.0,0.0,0.0,0.0,0.0,0.0,0.0
1249250492878220,give us solars kaili,False,0.0,neutral,-0.2,0.0,1.0,0.0,negative,-0.2,negative,True,-0.2,kaili,4,0,0.0,0.0,0.0,0.0,0.0,0.0,0.0
548275573885493,yen yearned moola snr fit waesu,False,0.3612,positive,0.3612,0.333,0.667,0.0,positive,0.3612,positive,False,0.0,,6,0,0.0,0.0,0.0,0.0,0.0,0.0,0.0
2004237213425905,1 electricity comes 01 gets cut 04 should wake start doing middle night 2 time announce 1 day deadline 3 40 seconds everyone fast typing those unit digits long 4 good news ve announcing doing countdown,False,0.2023,positive,0.2023,0.085,0.853,0.062,positive,0.2023,positive,False,0.0,,36,6,0.0,0.1388888888888889,0.0,0.0277777777777777,0.0,0.1388888888888889,0.0
485405080193745,good torturing people small businesses operating via electricity indeed poverty won t end zambia matter how claim fix economy question how people depending electricity going survive coz hours too much,False,-0.1531,negative,-0.1531,0.197,0.615,0.187,negative,-0.1531,negative,False,0.0,,30,8,0.0333333333333333,0.0333333333333333,0.0333333333333333,0.0666666666666666,0.0333333333333333,0.0333333333333333,0.0333333333333333
1215579079549987,chipemubanga tembo need show us how update without electricity,False,0.0,neutral,0.0,0.0,1.0,0.0,neutral,0.0,neutral,False,0.0,,9,2,0.0,0.0,0.0,0.1111111111111111,0.0,0.0,0.0
418604890897874,bev fairplay justice nkhumba niwebo idiot,False,0.0258,neutral,0.0258,0.318,0.374,0.308,neutral,0.0258,neutral,False,0.0,,6,2,0.0,0.0,0.0,0.1666666666666666,0.0,0.0,0.0
841967881446936,good enough stress levels too high kantry,False,0.0258,neutral,0.0258,0.271,0.467,0.262,neutral,0.0258,neutral,False,0.0,,7,2,0.0,0.1428571428571428,0.0,0.1428571428571428,0.0,0.1428571428571428,0.0
1180490613114188,good morning florence chikanji sincere apologies inconvenience caused kindly note due unplanned outages technical team doing everything possible serve better always register fault us experience loss supply beyond load management schedule use self service platforms such 3600 use zesco whatsapp number 260762626977 following prompts further note due current load constraints unable announce date load management expected end however once factors fully considered analyzed official date announced public seek always keep informed pm,False,0.6705,positive,0.6705,0.154,0.757,0.089,positive,0.6705,positive,False,0.0,,72,15,0.0138888888888888,0.0555555555555555,0.0138888888888888,0.1111111111111111,0.0416666666666666,0.0555555555555555,0.0277777777777777
1262764498302089,key meter zesco early april fool joke craziness issue statement deadline next day,False,-0.5106,negative,-0.5106,0.124,0.565,0.311,negative,-0.5106,negative,False,0.0,,13,3,0.0,0.0,0.0,0.0769230769230769,0.0,0.0,0.0
702182464815624,zesco tell boss voters cards still fresh,False,0.3182,positive,0.3182,0.277,0.723,0.0,positive,0.3182,positive,False,0.0,,7,0,0.0,0.0,0.0,0.0,0.0,0.0,0.0
501129308798021,suwi siwale mokola boo yesterday power upto now visit mali tomorrow,False,0.0,neutral,0.0,0.0,1.0,0.0,neutral,0.0,neutral,False,0.0,,11,3,0.0,0.0909090909090909,0.0,0.0,0.0,0.0909090909090909,0.0
1149469195755648,chanda kasongo s happening even libala stage 2,False,0.0,neutral,0.0,0.0,1.0,0.0,neutral,0.0,neutral,False,0.0,,8,0,0.0,0.0,0.0,0.0,0.0,0.0,0.0
1681413012651571,believe nothing power because nonsense man 3hrs ati appreciate people fooling busy dance tune,True,0.3089,positive,0.3089,0.266,0.59,0.145,negative,0.3089,negative,False,0.0,,14,2,0.0,0.0,0.0,0.0714285714285714,0.0,0.0,0.0
749892046557104,tombanoko noko ichinyo stanyoko tombanoko atase ba zesco mwalitumpa baninenu ifinyo mwembwamwe stanyoko,False,0.0,neutral,0.0,0.0,1.0,0.0,neutral,0.0,neutral,False,0.0,,13,0,0.0,0.0,0.0,0.0,0.0,0.0,0.0
405020849302903,gusha lawrence kasongo god wil reward,False,0.7003,positive,0.7003,0.592,0.408,0.0,positive,0.7003,positive,False,0.0,,6,2,0.0,0.3333333333333333,0.1666666666666666,0.3333333333333333,0.0,0.3333333333333333,0.0
1358308531421267,talking 6weeks m staying zesco paid 2021 till now ni story story,False,0.0,neutral,0.0,0.0,1.0,0.0,neutral,0.0,neutral,False,0.0,,12,0,0.0,0.0,0.0,0.0,0.0,0.0,0.0
876960783573740,martin jnr how relish,False,0.0,neutral,0.0,0.0,1.0,0.0,neutral,0.0,neutral,False,0.0,,4,0,0.0,0.0,0.0,0.0,0.0,0.0,0.0
492310796602094,nyangu nzali felistus update,False,0.0,neutral,0.0,0.0,1.0,0.0,neutral,0.0,neutral,False,0.0,,4,0,0.0,0.0,0.0,0.0,0.0,0.0,0.0
475797351387622,susan j stephens exactly question went 05 came 13 17 went apa still nothing vaupuba chabe ba zesco,False,0.0,neutral,0.0,0.0,1.0,0.0,neutral,0.0,neutral,False,0.0,,18,1,0.0,0.0,0.0,0.0,0.0,0.0,0.0
1494724321182321,ba zesco nobody cares net metering let s address important issues please today first october,False,0.7269,positive,0.7269,0.392,0.608,0.0,positive,0.7269,positive,False,0.0,,15,1,0.0,0.0,0.0,0.0666666666666666,0.0,0.0,0.0
717133766425327,direction zigizigizag clear very inconsistent,False,0.3818,positive,0.3818,0.394,0.606,0.0,positive,0.3818,positive,False,0.0,,5,0,0.0,0.0,0.0,0.0,0.0,0.0,0.0
954115973046444,david xavy bandathe power name jesus,False,0.0,neutral,0.0,0.0,1.0,0.0,neutral,0.0,neutral,False,0.0,,6,0,0.0,0.0,0.0,0.0,0.0,0.0,0.0
610802407817623,purchased electricity k160 only receive 125 units,False,0.0,neutral,0.0,0.0,1.0,0.0,neutral,0.0,neutral,False,0.0,,7,1,0.0,0.0,0.0,0.0,0.0,0.0,0.0
442822361760933,hakainde hichilema twafweni bally,False,0.0,neutral,0.0,0.0,1.0,0.0,neutral,0.0,neutral,False,0.0,,4,0,0.0,0.0,0.0,0.0,0.0,0.0,0.0
1045021707103658,jack jones chandalala because even before bragging 400megawatts having tuma 3hrs lights moment additional 400megawatts could having least ma 6hrs power ifii additional same results yaba,False,0.0,neutral,-0.3,0.0,1.0,0.0,negative,-0.3,negative,True,-0.3,yaba,26,0,0.0,0.0,0.0,0.0,0.0,0.0,0.0
1112572957094230,belinda thole thought exactly,False,0.0,neutral,0.0,0.0,1.0,0.0,neutral,0.0,neutral,False,0.0,,4,1,0.0,0.25,0.0,0.0,0.0,0.25,0.0
1221935542342664,1 october 1 october 1 october 1 october,False,0.0,neutral,0.0,0.0,1.0,0.0,neutral,0.0,neutral,False,0.0,,8,0,0.0,0.0,0.0,0.0,0.0,0.0,0.0
797060355547559,don t combin politics zesco mune just wait,False,0.0,neutral,0.0,0.0,1.0,0.0,neutral,0.0,neutral,False,0.0,,8,3,0.125,0.125,0.0,0.125,0.0,0.125,0.0625
1133780710671114,emily m mbewe vayolensi,False,0.0,neutral,0.0,0.0,1.0,0.0,neutral,0.0,neutral,False,0.0,,4,0,0.0,0.0,0.0,0.0,0.0,0.0,0.0
688370936485774,6 weeks naimwe anyway zambians always complaining thing,False,-0.2023,negative,-0.6023000000000001,0.0,0.769,0.231,negative,-0.6023000000000001,negative,True,-0.4,naimwe,8,0,0.0,0.0,0.0,0.0,0.0,0.0,0.0
1108754516783627,how check power supply submit,False,0.0,neutral,0.0,0.0,1.0,0.0,neutral,0.0,neutral,False,0.0,,5,2,0.0,0.2,0.0,0.0,0.0,0.2,0.0
880379824216906,don t update update new high tarrifs besides how update useless meter power,False,-0.4215,negative,-0.4215,0.0,0.797,0.203,negative,-0.4215,negative,False,0.0,,13,2,0.0,0.0,0.0,0.0769230769230769,0.0,0.0,0.0
534011082795785,ichibeleshi ukutikama bamambala imwe just should wake 01 check nonsense date mungulu state,False,-0.4019,negative,-1.0,0.0,0.816,0.184,negative,-1.0,negative,True,-1.6,"ichibeleshi,mungulu",13,1,0.0,0.0,0.0,0.0,0.0,0.0,0.0
2719349668205086,unprofessional,False,-0.5106,negative,-0.5106,0.0,0.0,1.0,negative,-0.5106,negative,False,0.0,,1,0,0.0,0.0,0.0,0.0,0.0,0.0,0.0
2729295837245226,talking signing iwe us want power ivo,False,0.0772,positive,0.0772,0.178,0.822,0.0,positive,0.0772,positive,False,0.0,,7,0,0.0,0.0,0.0,0.0,0.0,0.0,0.0
2026827234327779,uncalled failing buy power boarding house imagine inconvenience caused,False,-0.7003,negative,-0.7003,0.0,0.547,0.453,negative,-0.7003,negative,False,0.0,,9,1,0.1111111111111111,0.1111111111111111,0.1111111111111111,0.0,0.1111111111111111,0.1111111111111111,0.1111111111111111
724725065639374,protasio mwelwa jr sales man understands assignment,False,0.0,neutral,0.0,0.0,1.0,0.0,neutral,0.0,neutral,False,0.0,,7,0,0.0,0.0,0.0,0.0,0.0,0.0,0.0
841449014595749,henry mutale chimanga name meter,False,0.0,neutral,0.0,0.0,1.0,0.0,neutral,0.0,neutral,False,0.0,,5,0,0.0,0.0,0.0,0.0,0.0,0.0,0.0
895802559169859,ba zesco limited just give us power ivo,False,-0.2263,negative,-0.2263,0.0,0.787,0.213,negative,-0.2263,negative,False,0.0,,8,1,0.125,0.0,0.0,0.0,0.125,0.0,0.125
3396926853935962,cathe rine awe mwe kuti twalufyanya,False,0.0,neutral,-1.0,0.0,1.0,0.0,negative,-1.0,negative,True,-1.0,"awe,kuti",6,0,0.0,0.0,0.0,0.0,0.0,0.0,0.0
807091348033010,susan j stephens m,False,0.0,neutral,0.0,0.0,1.0,0.0,neutral,0.0,neutral,False,0.0,,4,0,0.0,0.0,0.0,0.0,0.0,0.0,0.0
2615942808548707,li na please tell should alternating times atlst,False,0.3182,positive,0.3182,0.247,0.753,0.0,positive,0.3182,positive,False,0.0,,8,0,0.0,0.0,0.0,0.0,0.0,0.0,0.0
1083869546555307,decision makers including pr corporate affairs department should mental checkups instead giving formula how people update without power hallucinating notices deadlines fundraising venture put deadline minimum amount put update amount t people just updated without buying electricity just need ka minimum something,False,0.34,positive,0.34,0.057,0.943,0.0,positive,0.34,positive,False,0.0,,42,6,0.0,0.0,0.0,0.0238095238095238,0.0,0.0,0.0
790341336551434,david jnr sakala provided bought units last 6 months must upgraded meter exercise started even before load shedding,False,0.0,neutral,0.0,0.0,1.0,0.0,neutral,0.0,neutral,False,0.0,,18,0,0.0,0.0,0.0,0.0,0.0,0.0,0.0
632722258658619,6 months ago fare apapene walipile paid 2016,False,0.0,neutral,0.0,0.0,1.0,0.0,neutral,0.0,neutral,False,0.0,,8,0,0.0,0.0,0.0,0.0,0.0,0.0,0.0
1112510446981905,threatening disconnection already disconnected polite nama customers benu ba zesco limited whatever updates make mukatusanga bondi,False,-0.6486,negative,-0.6486,0.0,0.725,0.275,negative,-0.6486,negative,False,0.0,,16,5,0.125,0.0,0.0625,0.0,0.125,0.0,0.125
3762070777372623,suwilanji khane kaoma re group,False,0.0,neutral,0.0,0.0,1.0,0.0,neutral,0.0,neutral,False,0.0,,5,0,0.0,0.0,0.0,0.0,0.0,0.0,0.0
314727804258352,shungu mungeya complete overhaul required anyway us experts renewable energy bothered,False,-0.0516,negative,-0.0516,0.157,0.672,0.172,negative,-0.0516,negative,False,0.0,,11,0,0.0,0.0,0.0,0.0,0.0,0.0,0.0
859834229600014,definition toxic relationship,False,0.0,neutral,0.0,0.0,1.0,0.0,neutral,0.0,neutral,False,0.0,,3,1,0.0,0.0,0.0,0.0,0.0,0.0,0.0
873152884103138,joseph mu long time brother man,False,0.0,neutral,0.0,0.0,1.0,0.0,neutral,0.0,neutral,False,0.0,,6,3,0.0,0.3333333333333333,0.0,0.1666666666666666,0.0,0.3333333333333333,0.0
1349720502418165,michael ods comfortable just content fact improved said goal takes time achieve goal fact people now complain just 6 weeks indicator things improving t expect cover backlog 60 000 connections overnight take time things take time,False,0.7717,positive,0.7717,0.221,0.719,0.06,positive,0.7717,positive,False,0.0,,36,12,0.0277777777777777,0.1111111111111111,0.0,0.1666666666666666,0.0277777777777777,0.1111111111111111,0.0277777777777777
783967233759443,phillimon junior musachi exactly kuchila kunama bantu time,False,0.0,neutral,0.0,0.0,1.0,0.0,neutral,0.0,neutral,False,0.0,,8,1,0.0,0.125,0.0,0.0,0.0,0.125,0.0
918822943645810,wilson musakanya last day s tomorrow nothing,False,0.0,neutral,0.0,0.0,1.0,0.0,neutral,0.0,neutral,False,0.0,,7,1,0.0,0.1428571428571428,0.0,0.0,0.0,0.1428571428571428,0.0
1361256761308377,oh remember tactics using call reverse reduction meaning increase 200 reduce 100,False,0.3182,positive,0.3182,0.173,0.827,0.0,positive,0.3182,positive,False,0.0,,12,2,0.0,0.0,0.0833333333333333,0.0833333333333333,0.0,0.0,0.0
1354102469308281,imagine waking iron time elo re supposed productive work following day,False,0.0,neutral,0.0,0.0,1.0,0.0,neutral,0.0,neutral,False,0.0,,11,3,0.0,0.0909090909090909,0.0,0.0909090909090909,0.0,0.0909090909090909,0.0
525005757197715,president hosted meeting statehouse few days ago even drunk mineral water md sitting 300pin salary making allowances public appearances swear re jokers nation,False,-0.3818,negative,-0.3818,0.0,0.854,0.146,negative,-0.3818,negative,False,0.0,,23,5,0.0,0.0869565217391304,0.0,0.1739130434782608,0.0,0.0869565217391304,0.0
867405641174083,milton mwansa need calculator,False,0.0,neutral,0.0,0.0,1.0,0.0,neutral,0.0,neutral,False,0.0,,4,1,0.0,0.0,0.0,0.25,0.0,0.0,0.0
963842635565289,tito kasanda imagine,False,0.0,neutral,0.0,0.0,1.0,0.0,neutral,0.0,neutral,False,0.0,,3,0,0.0,0.0,0.0,0.0,0.0,0.0,0.0
2615942808548707,meanwood ibex parts salama don t us live pakati mu salama load shedded 5 12 14 23 every single day rains should preparing children food pa mbaula daily how now rotate timings common sense t place same time table,False,0.0,neutral,0.0,0.0,1.0,0.0,neutral,0.0,neutral,False,0.0,,39,5,0.0,0.0512820512820512,0.0,0.0512820512820512,0.0,0.0512820512820512,0.0
562479005929095,joseph jacks phiri effective monday today,False,0.4767,positive,0.4767,0.383,0.617,0.0,positive,0.4767,positive,False,0.0,,6,1,0.0,0.0,0.0,0.1666666666666666,0.0,0.0,0.0
428711543157509,1st october 1st october ivo vama 1 2 3 make sure promised ba zesco,False,0.5859,positive,0.5859,0.348,0.652,0.0,positive,0.5859,positive,False,0.0,,14,0,0.0,0.0,0.0,0.0,0.0,0.0,0.0
962024962124923,obey silavwe maliwanda good question think working loadsheding think re happy black while business suffer alot,False,0.4767,positive,0.4767,0.286,0.563,0.152,positive,0.4767,positive,False,0.0,,16,7,0.0,0.125,0.0625,0.1875,0.0625,0.125,0.03125
923010329773979,how update without power,False,0.0,neutral,0.0,0.0,1.0,0.0,neutral,0.0,neutral,False,0.0,,4,0,0.0,0.0,0.0,0.0,0.0,0.0,0.0
1535642810471865,think ba zesco limited need deliverance doesn t hashtag how update especially notice due tomorrow officers closed,False,-0.2263,negative,-0.2263,0.0,0.888,0.112,negative,-0.2263,negative,False,0.0,,17,3,0.0588235294117647,0.1176470588235294,0.0,0.0588235294117647,0.0588235294117647,0.1176470588235294,0.0588235294117647
548100504477085,power just came 20mins cut te pa 1 lelo,False,-0.2732,negative,-0.2732,0.0,0.769,0.231,negative,-0.2732,negative,False,0.0,,9,0,0.0,0.0,0.0,0.0,0.0,0.0,0.0
1167766793866490,ba zesco muleke ukutwangasha mwaumfwa nachi new time table cant follow,False,0.0,neutral,-0.5,0.0,1.0,0.0,negative,-0.5,negative,True,-0.5,muleke,11,1,0.0,0.0909090909090909,0.0,0.0,0.0,0.0909090909090909,0.0
1085032883086669,chomba lesa malembeka guys niba fwaka,False,0.0,neutral,-0.8,0.0,1.0,0.0,negative,-0.8,negative,True,-0.8,fwaka,6,0,0.0,0.0,0.0,0.0,0.0,0.0,0.0
1644257936040124,ilya tushita pa 1 should effective work system,False,0.4767,positive,0.4767,0.341,0.659,0.0,positive,0.4767,positive,False,0.0,,8,2,0.0,0.0,0.0,0.25,0.0,0.0,0.0
473950241837578,awe ine nshafichiteko mwe want anything mweh too much mweh,False,0.0772,positive,-0.6227999999999999,0.126,0.874,0.0,negative,-0.6227999999999999,negative,True,-0.7,awe,10,0,0.0,0.0,0.0,0.0,0.0,0.0,0.0
456336917448513,tepa october lelo ba zesco limited expect positive results promised,False,0.6369,positive,0.6369,0.407,0.467,0.127,positive,0.6369,positive,False,0.0,,10,2,0.1,0.1,0.0,0.1,0.1,0.1,0.1
1581636682284758,heritating frustrating know power 23 05 apa gone tekwangala uko,False,-0.4404,negative,-0.4404,0.0,0.756,0.244,negative,-0.4404,negative,False,0.0,,10,0,0.0,0.0,0.0,0.0,0.0,0.0,0.0
412656197693674,s than 6hrs power yet back went 05hrs 12hrs sure doing guys,False,0.3182,positive,0.3182,0.187,0.813,0.0,positive,0.3182,positive,False,0.0,,12,0,0.0,0.0,0.0,0.0,0.0,0.0,0.0
1236182667430092,zoona giving us hope october things stabilise kanshi u giving us same 3 hours u failed maintain follow part thought would 12 hours plenty power 12 hours black nuh ishhh,False,0.5267,positive,0.5267,0.226,0.676,0.097,positive,0.5267,positive,False,0.0,,30,5,0.0,0.0666666666666666,0.0,0.0333333333333333,0.0333333333333333,0.0666666666666666,0.0166666666666666
2243515476024552,zesco limited order how issue ultimatum provided alternative know most residential homes don t power,False,-0.2263,negative,-0.2263,0.0,0.872,0.128,negative,-0.2263,negative,False,0.0,,15,3,0.1333333333333333,0.0,0.0666666666666666,0.0666666666666666,0.0666666666666666,0.0,0.1
506363162192492,nayunda wamunyima majesty bweshenimo umutima,False,0.0,neutral,0.0,0.0,1.0,0.0,neutral,0.0,neutral,False,0.0,,5,1,0.0,0.0,0.0,0.2,0.0,0.0,0.0
708099694017336,ba zesco loadshedding mtendere east twice morning power goes 6 hours 17 goes though people educated enough know how many hours area supposed loadshedded,False,0.0,neutral,0.0,0.0,1.0,0.0,neutral,0.0,neutral,False,0.0,,24,1,0.0,0.0,0.0,0.0,0.0,0.0,0.0
1681413012651571,dennis zulu yaba better,False,0.4404,positive,0.1404,0.492,0.508,0.0,positive,0.1404,positive,True,-0.3,yaba,4,0,0.0,0.0,0.0,0.0,0.0,0.0,0.0
754014609808724,diana kakula kauseni same,False,0.0,neutral,0.0,0.0,1.0,0.0,neutral,0.0,neutral,False,0.0,,4,0,0.0,0.0,0.0,0.0,0.0,0.0,0.0
6164825023528034,beverly kunda moore question asking myself since load shedding started,False,0.0,neutral,0.0,0.0,1.0,0.0,neutral,0.0,neutral,False,0.0,,10,1,0.0,0.0,0.0,0.0,0.0,0.0,0.0
489266630038074,rodney mwiinga meantime government needs identify priority areas economic activities instance lusaka business district go town make money power should going during productivity hours town crippling already crippled economy order reduce hours load shedding load shedding itself must accross board places power go even same line hospitals fair purported maintainance mamba collieries much overdue supposed happen now challenges kariba would waited bit just don t famous bally s 12 desciples having daily,False,0.3818,positive,0.3818,0.05,0.95,0.0,positive,0.3818,positive,False,0.0,,72,12,0.0138888888888888,0.0694444444444444,0.0138888888888888,0.0416666666666666,0.0277777777777777,0.0694444444444444,0.0208333333333333
556562440150002,24 03 imwe finshi ifi,False,0.0,neutral,0.0,0.0,1.0,0.0,neutral,0.0,neutral,False,0.0,,5,0,0.0,0.0,0.0,0.0,0.0,0.0,0.0
541796478261332,instead schedule mutiuza va net metering,False,0.0,neutral,0.0,0.0,1.0,0.0,neutral,0.0,neutral,False,0.0,,6,0,0.0,0.0,0.0,0.0,0.0,0.0,0.0
3589795364583913,bought units k400 given 191 units could problem,False,-0.4019,negative,-0.4019,0.0,0.722,0.278,negative,-0.4019,negative,False,0.0,,8,1,0.0,0.0,0.125,0.0,0.125,0.0,0.0625
3786187644928676,yesterday 05hrs until now don t power,False,0.0,neutral,0.0,0.0,1.0,0.0,neutral,0.0,neutral,False,0.0,,7,1,0.0,0.0,0.0,0.1428571428571428,0.0,0.0,0.0
956196666351546,pre paid meter key now,False,0.0,neutral,0.0,0.0,1.0,0.0,neutral,0.0,neutral,False,0.0,,5,0,0.0,0.0,0.0,0.0,0.0,0.0,0.0
962024962124923,anna chanda owe money,False,0.0,neutral,0.0,0.0,1.0,0.0,neutral,0.0,neutral,False,0.0,,4,1,0.25,0.25,0.0,0.25,0.0,0.25,0.125
1232796554698276,namufilwafye ba zesco total failure,False,-0.5106,negative,-0.5106,0.0,0.548,0.452,negative,-0.5106,negative,False,0.0,,5,1,0.0,0.0,0.2,0.0,0.2,0.0,0.1
532172419460803,lelo nipa tell us now give us amalaiti don t start telling us ivo vama net metering lelo just fulfill promise,False,0.6369,positive,0.4369,0.224,0.776,0.0,positive,0.4369,positive,True,-0.2,amalaiti,21,4,0.0,0.0476190476190476,0.0,0.0952380952380952,0.0,0.0476190476190476,0.0
973737307890749,uhmmmm ba zesco limited sure nipa 1 lelo ili bwanji sichu,False,0.1027,positive,0.1027,0.189,0.656,0.156,positive,0.1027,positive,False,0.0,,11,1,0.0909090909090909,0.0,0.0,0.0,0.0909090909090909,0.0,0.0909090909090909
1133780710671114,emily m mbewe just mention know,False,0.0,neutral,0.0,0.0,1.0,0.0,neutral,0.0,neutral,False,0.0,,6,0,0.0,0.0,0.0,0.0,0.0,0.0,0.0
1251003042919019,power 24 7 need sell extra grid,False,0.0,neutral,0.0,0.0,1.0,0.0,neutral,0.0,neutral,False,0.0,,7,1,0.0,0.0,0.0,0.0,0.0,0.0,0.0
539229484616525,hi zesco please assist ndola kansenshi,False,0.3182,positive,0.3182,0.315,0.685,0.0,positive,0.3182,positive,False,0.0,,6,1,0.0,0.0,0.0,0.1666666666666666,0.0,0.0,0.0
988406119065527,should wait 3months mune paid november 2019 connected april 2020,False,0.0,neutral,0.0,0.0,1.0,0.0,neutral,0.0,neutral,False,0.0,,10,1,0.0,0.1,0.0,0.0,0.0,0.1,0.0
2708694619260732,jabes shawa shall kul temper,False,-0.4215,negative,-0.4215,0.0,0.588,0.412,negative,-0.4215,negative,False,0.0,,5,0,0.0,0.0,0.0,0.0,0.0,0.0,0.0
1107970484246496,prepaid meter works power how going update without power teach us how update without power come update zesco isn t serious nid plan b go solar generator remain without customers,False,-0.0772,negative,-0.0772,0.0,0.954,0.046,negative,-0.0772,negative,False,0.0,,30,2,0.0,0.0333333333333333,0.0,0.0333333333333333,0.0,0.0333333333333333,0.0
1307930793383241,joseph mwiinga jay m fine brother how,False,0.2023,positive,0.2023,0.265,0.735,0.0,positive,0.2023,positive,False,0.0,,7,1,0.0,0.0,0.0,0.1428571428571428,0.0,0.0,0.0
516071323986339,thank zesco limited managed,False,0.1531,positive,0.1531,0.391,0.312,0.297,positive,0.1531,positive,False,0.0,,4,1,0.25,0.0,0.0,0.0,0.25,0.0,0.25
1090654236363564,luciah mb tefintu boss,False,0.0,neutral,-0.7,0.0,1.0,0.0,negative,-0.7,negative,True,-0.7,tefintu,4,0,0.0,0.0,0.0,0.0,0.0,0.0,0.0
418604890897874,mark mwandila imwe lol,False,0.4215,positive,0.4215,0.483,0.517,0.0,positive,0.4215,positive,False,0.0,,4,0,0.0,0.0,0.0,0.0,0.0,0.0,0.0
879154983427096,upnd time remember 2026 home ground begging mercy watching,False,0.3612,positive,0.3612,0.238,0.762,0.0,positive,0.3612,positive,False,0.0,,9,4,0.0,0.1111111111111111,0.0,0.1111111111111111,0.0,0.1111111111111111,0.0
524354203575480,mildred ching umba metisala exactly sake,False,0.0,neutral,0.0,0.0,1.0,0.0,neutral,0.0,neutral,False,0.0,,6,0,0.0,0.0,0.0,0.0,0.0,0.0,0.0
3408687579404634,u want us use bundle yatu na yatu download schedule,False,0.0772,positive,0.0772,0.14,0.86,0.0,positive,0.0772,positive,False,0.0,,10,0,0.0,0.0,0.0,0.0,0.0,0.0,0.0
774328217816405,wendy anne sis u used online platform purchase units please check how much deducted discovered 1500 deducted cz hubby kept trying purchase three transactions went through only last transaction wt sent us s like purchase power 3 times month,False,0.5859,positive,0.5859,0.124,0.876,0.0,positive,0.5859,positive,False,0.0,,39,1,0.0,0.0,0.0,0.0256410256410256,0.0,0.0,0.0
1250069156002665,group e always worst schedule supposed power mid night 03,False,-0.6249,negative,-0.6249,0.0,0.661,0.339,negative,-0.6249,negative,False,0.0,,10,0,0.0,0.0,0.0,0.0,0.0,0.0,0.0
1674547056660858,libala south hasn t power since sunday imwe ba mbuli,False,0.0,neutral,0.0,0.0,1.0,0.0,neutral,0.0,neutral,False,0.0,,10,0,0.0,0.0,0.0,0.0,0.0,0.0,0.0
1284988862358217,load shedding very different previous loading shedding,False,0.0,neutral,0.0,0.0,1.0,0.0,neutral,0.0,neutral,False,0.0,,7,0,0.0,0.0,0.0,0.0,0.0,0.0,0.0
530851722153204,martha george d rather small businesses run expense cooking cooker watching tv,False,0.0,neutral,0.0,0.0,1.0,0.0,neutral,0.0,neutral,False,0.0,,12,1,0.0,0.0,0.0,0.0,0.0,0.0,0.0
990364278955569,us solwezi ni off every time apa just waiting water reason soonest story izibika,False,0.0,neutral,0.0,0.0,1.0,0.0,neutral,0.0,neutral,False,0.0,,14,2,0.0,0.0714285714285714,0.0,0.0,0.0,0.0714285714285714,0.0
1251041295755993,quote minimum 6 hours minimum could 12 hrs during day 12hrs night jst buy dry stuff,False,0.0,neutral,0.0,0.0,1.0,0.0,neutral,0.0,neutral,False,0.0,,16,3,0.0,0.0625,0.0,0.0,0.0,0.0625,0.0
883781467228647,marc kandeke brains,False,0.0,neutral,0.0,0.0,1.0,0.0,neutral,0.0,neutral,False,0.0,,3,1,0.0,0.0,0.0,0.0,0.0,0.0,0.0
893013686272681,use check meters updated supply power 3 3 30,False,0.0,neutral,0.0,0.0,1.0,0.0,neutral,0.0,neutral,False,0.0,,9,1,0.0,0.0,0.0,0.0,0.0,0.0,0.0
618831263798949,zesco limited okay since manzi yavuta mu zambia t come solar energy sun just burning us,False,0.2732,positive,0.2732,0.223,0.67,0.106,positive,0.2732,positive,False,0.0,,16,2,0.0625,0.0625,0.0,0.0625,0.0625,0.0625,0.0625
326213627155585,kang wa slightly beyond just too beyond,False,0.0,neutral,0.0,0.0,1.0,0.0,neutral,0.0,neutral,False,0.0,,7,0,0.0,0.0,0.0,0.0,0.0,0.0,0.0
8207205366024150,kennedy muzyamba us barastone power comes day only lasts hour,False,0.0,neutral,0.0,0.0,1.0,0.0,neutral,0.0,neutral,False,0.0,,10,0,0.0,0.0,0.0,0.0,0.0,0.0,0.0
408819144761920,felix kumwamwasa bakamba finshi mulelanda namutupela indalama sha genset,False,0.0,neutral,0.0,0.0,1.0,0.0,neutral,0.0,neutral,False,0.0,,9,0,0.0,0.0,0.0,0.0,0.0,0.0,0.0
3166069063656114,re following schedule,False,0.0,neutral,0.0,0.0,1.0,0.0,neutral,0.0,neutral,False,0.0,,3,0,0.0,0.0,0.0,0.0,0.0,0.0,0.0
504908138411919,switch off power 14 hours restore 05 m following day tell s 6 hours s even than 12 hours promised,False,0.5719,positive,0.5719,0.251,0.749,0.0,positive,0.5719,positive,False,0.0,,20,0,0.0,0.0,0.0,0.0,0.0,0.0,0.0
1546678479322668,grace lyoba ask boi good question,False,0.6908,positive,0.6908,0.588,0.412,0.0,positive,0.6908,positive,False,0.0,,6,3,0.0,0.1666666666666666,0.0,0.1666666666666666,0.0,0.1666666666666666,0.0
6877744568925424,mwansa mulenga hv bought t enter units how u,False,0.0,neutral,0.0,0.0,1.0,0.0,neutral,0.0,neutral,False,0.0,,9,0,0.0,0.0,0.0,0.0,0.0,0.0,0.0
1191499471964636,entire md minister energy giving speeches like significant improvements going happen should ve just kept quiet joke say list those headlines press giving people hope only told going enjoy 3 hours electricity,False,0.9571,positive,0.9571,0.498,0.502,0.0,positive,0.9571,positive,False,0.0,,32,8,0.0,0.09375,0.0,0.0625,0.03125,0.09375,0.015625
1721243698715220,ba zesco today 1 october fyabupuba dot post things wch u sure,False,0.3182,positive,-1.0,0.204,0.796,0.0,negative,-1.0,negative,True,-1.0,fyabupuba,12,0,0.0,0.0,0.0,0.0,0.0,0.0,0.0
353891757674580,zesco limited how count hours power cut 06 now 16 still restored,False,-0.1531,negative,-0.1531,0.156,0.584,0.26,negative,-0.1531,negative,False,0.0,,12,2,0.0833333333333333,0.0,0.0,0.0833333333333333,0.0833333333333333,0.0,0.0833333333333333
418604890897874,mark mwandila bama mbala niba boza ati 1st october 2024,False,0.0,neutral,0.0,0.0,1.0,0.0,neutral,0.0,neutral,False,0.0,,10,0,0.0,0.0,0.0,0.0,0.0,0.0,0.0
518066994189067,don t even know people passed school coz t bring power around 24 hrs people sleep power staying within 2 hrs,False,0.0,neutral,0.0,0.0,1.0,0.0,neutral,0.0,neutral,False,0.0,,21,2,0.0,0.0,0.0,0.0952380952380952,0.0,0.0,0.0
847279377585164,need ka feed back today 1st october,False,0.0,neutral,0.0,0.0,1.0,0.0,neutral,0.0,neutral,False,0.0,,7,0,0.0,0.0,0.0,0.0,0.0,0.0,0.0
1391164684756543,cp chazwe tembo re even lucky s 14 hours,False,0.4215,positive,0.4215,0.286,0.714,0.0,positive,0.4215,positive,False,0.0,,9,1,0.0,0.0,0.0,0.0,0.0,0.0,0.0
869799674134773,s same 12 hours par day,False,0.0,neutral,0.0,0.0,1.0,0.0,neutral,0.0,neutral,False,0.0,,6,0,0.0,0.0,0.0,0.0,0.0,0.0,0.0
467360265627956,hi john kasoma apologize inconvenience caused please may confirm power restored appreciate patience regards cj,False,0.6486,positive,0.6486,0.413,0.469,0.117,positive,0.6486,positive,False,0.0,,15,3,0.0,0.0666666666666666,0.0,0.1333333333333333,0.0666666666666666,0.0666666666666666,0.0333333333333333
293880816577855,better s 6weeks try zesco mumbwa 3years now connection get surprised criteria use connect other houses,False,0.5859,positive,0.5859,0.27,0.73,0.0,positive,0.5859,positive,False,0.0,,16,1,0.0,0.0,0.0,0.0,0.0,0.0,0.0
853539713619064,chabo ta thanks lol,True,0.6908,positive,0.6908,0.74,0.26,0.0,negative,0.6908,negative,False,0.0,,4,0,0.0,0.0,0.0,0.0,0.0,0.0,0.0
3328333514137087,imwe 14 talking power like nonsense vaziiiii,False,-0.0516,negative,-0.0516,0.245,0.49,0.265,negative,-0.0516,negative,False,0.0,,7,1,0.0,0.0,0.0,0.0,0.0,0.0,0.0
555614637082664,umungulu how bring such important information eleventh hour morever people don t even power homes how going check sure,False,0.4767,positive,-0.3233,0.204,0.796,0.0,negative,-0.3233,negative,True,-0.8,umungulu,19,3,0.0,0.0,0.0,0.1052631578947368,0.0,0.0,0.0
311057938684793,mõñíçá møsé lwândõ boss forget maintenance construction happening improve power generation country wide,False,0.25,positive,0.25,0.184,0.696,0.12,positive,0.25,positive,False,0.0,,13,3,0.0,0.0769230769230769,0.0,0.1538461538461538,0.0,0.0769230769230769,0.0
467360265627956,sibu sakala really don t understand adhering schedule hard,False,-0.1027,negative,-0.1027,0.0,0.833,0.167,negative,-0.1027,negative,False,0.0,,9,2,0.0,0.0,0.0,0.2222222222222222,0.0,0.0,0.0
557660213537739,less than 24 hrs notification metre provision how check hour deadline crying loud day 24 hrs before transition into monday,False,-0.4767,negative,-0.4767,0.0,0.86,0.14,negative,-0.4767,negative,False,0.0,,20,2,0.0,0.05,0.0,0.0,0.05,0.05,0.025
1052945053170961,paul ngonde lukama exactly money nor solve tariffs get increased every regime yet things get worse already budget next year very gloomy ordinary zambian how much want squeeze,False,-0.4914,negative,-0.4914,0.103,0.697,0.2,negative,-0.4914,negative,False,0.0,,28,4,0.0357142857142857,0.0357142857142857,0.0357142857142857,0.0714285714285714,0.0714285714285714,0.0357142857142857,0.0535714285714285
6877744568925424,violet zimba u buying tokens thelis option saying zesco review tokens show u last three,False,0.0,neutral,0.0,0.0,1.0,0.0,neutral,0.0,neutral,False,0.0,,15,2,0.0,0.0,0.0,0.0666666666666666,0.0,0.0,0.0
882136727197131,nilelo pa 1 october ifyo ifya net metering,False,0.0,neutral,0.0,0.0,1.0,0.0,neutral,0.0,neutral,False,0.0,,8,0,0.0,0.0,0.0,0.0,0.0,0.0,0.0
2471204746381373,samfya someone playing electricity yaleyafye anytime today only having power less than 10 minutes 3 times ukuya amalaiti,False,0.2023,positive,0.0022999999999999,0.101,0.899,0.0,neutral,0.0022999999999999,neutral,True,-0.2,amalaiti,18,1,0.0,0.0,0.0,0.0,0.0,0.0,0.0
925009902989799,alex chama bachilamo kuti shinka butter manje ba zesco mwe need real solutions just stories time,False,0.1779,positive,-1.0,0.102,0.898,0.0,negative,-1.0,negative,True,-1.4,"bachilamo,kuti,manje",16,2,0.0,0.0625,0.0,0.0625,0.0,0.0625,0.0
1121394315191437,ba zesco kwateni order muleshimya bwangu amalaiti stick time table please,False,0.3182,positive,0.1181999999999999,0.187,0.813,0.0,positive,0.1181999999999999,positive,True,-0.2,amalaiti,11,1,0.0,0.0909090909090909,0.0,0.0,0.0,0.0909090909090909,0.0
5745284188881794,us different schedule went around 05 00 s 11 43,False,0.0,neutral,0.0,0.0,1.0,0.0,neutral,0.0,neutral,False,0.0,,10,0,0.0,0.0,0.0,0.0,0.0,0.0,0.0
962024962124923,chimuka j samboko seems haven t,False,0.0,neutral,0.0,0.0,1.0,0.0,neutral,0.0,neutral,False,0.0,,6,1,0.0,0.0,0.0,0.1666666666666666,0.0,0.0,0.0
1246213213250298,stable let s sale country share money nosense 2 hrs 3 hrs ati stable sale elon musk share money everybody goes want,False,0.7964,positive,0.7964,0.419,0.581,0.0,positive,0.7964,positive,False,0.0,,22,6,0.0909090909090909,0.1818181818181818,0.0,0.2727272727272727,0.0,0.1818181818181818,0.0454545454545454
2817367398431657,ba zesco how update power comes three days area serious,False,-0.0772,negative,-0.0772,0.0,0.874,0.126,negative,-0.0772,negative,False,0.0,,10,0,0.0,0.0,0.0,0.0,0.0,0.0,0.0
1182241866192013,explain step 2 3 excess energy how feed into greed,False,-0.1531,negative,-0.1531,0.194,0.556,0.25,negative,-0.1531,negative,False,0.0,,10,3,0.1,0.0,0.0,0.1,0.0,0.0,0.05
230568016489685,chuma clare mashebe welcome,False,0.4588,positive,0.4588,0.5,0.5,0.0,positive,0.4588,positive,False,0.0,,4,0,0.0,0.0,0.0,0.0,0.0,0.0,0.0
8895988010418731,kadija molly tembo ma pressure ba c,False,-0.296,negative,-0.296,0.0,0.694,0.306,negative,-0.296,negative,False,0.0,,7,1,0.0,0.0,0.0,0.0,0.0,0.0,0.0
1220697095185978,patricia lusheto chuunka too bad,False,-0.5423,negative,-0.5423,0.0,0.533,0.467,negative,-0.5423,negative,False,0.0,,5,1,0.2,0.0,0.2,0.0,0.2,0.0,0.2
3783186418590911,ba zesco mean chilenje south never power same area side road power other nothing many days please please please annoying,False,-0.764,negative,-0.764,0.0,0.651,0.349,negative,-0.764,negative,False,0.0,,20,1,0.05,0.0,0.0,0.0,0.0,0.0,0.025
1114355119540208,myself l paid march 2023 show,False,0.0,neutral,0.0,0.0,1.0,0.0,neutral,0.0,neutral,False,0.0,,6,2,0.0,0.0,0.0,0.1666666666666666,0.0,0.0,0.0
829943544862310,sandra simatanga kama short sweetie,False,0.4939,positive,0.4939,0.444,0.556,0.0,positive,0.4939,positive,False,0.0,,5,1,0.0,0.0,0.0,0.0,0.0,0.0,0.0
1681413012651571,dennis zulu iwe dubai rains power 24 7,False,0.0,neutral,0.0,0.0,1.0,0.0,neutral,0.0,neutral,False,0.0,,8,0,0.0,0.0,0.0,0.0,0.0,0.0,0.0
1017511726800745,kindly show us how update without electricity thank zesco,False,0.2709,positive,0.2709,0.26,0.569,0.171,positive,0.2709,positive,False,0.0,,9,2,0.0,0.0,0.0,0.1111111111111111,0.0,0.0,0.0
1065276868545722,nonde sinkala michili tikali mu september,False,0.0,neutral,0.0,0.0,1.0,0.0,neutral,0.0,neutral,False,0.0,,6,0,0.0,0.0,0.0,0.0,0.0,0.0,0.0
1354102469308281,prester nkonde muli nobuloshi,False,0.0,neutral,0.0,0.0,1.0,0.0,neutral,0.0,neutral,False,0.0,,4,0,0.0,0.0,0.0,0.0,0.0,0.0,0.0
3947884352135993,how check without power t just automatically update fima meters imwe s just inconvenience most competent,False,0.024,neutral,0.024,0.152,0.702,0.146,neutral,0.024,neutral,False,0.0,,16,1,0.0,0.0,0.0,0.0625,0.0,0.0,0.0
558946559494916,ndeleki mugande promised put end load shedding forgotten,True,0.1531,positive,0.1531,0.24,0.577,0.183,negative,0.1531,negative,False,0.0,,8,1,0.0,0.0,0.125,0.0,0.125,0.0,0.0625
1116756016627970,work even don t power,False,0.0,neutral,0.0,0.0,1.0,0.0,neutral,0.0,neutral,False,0.0,,5,1,0.0,0.0,0.0,0.2,0.0,0.0,0.0
1996734767427902,stop playing us naimwe lelo nipa1 october those tuma silly steps keep self nabambi nabambi,False,-0.0772,negative,-0.4772,0.17,0.702,0.129,negative,-0.4772,negative,True,-0.4,naimwe,15,1,0.0,0.0,0.0,0.0,0.0,0.0,0.0
7359122830872795,francesca f kabaso true,False,0.4215,positive,0.4215,0.583,0.417,0.0,positive,0.4215,positive,False,0.0,,4,1,0.0,0.0,0.0,0.25,0.0,0.0,0.0
697907062011250,kwena s still 12 hours relief getting,False,0.4767,positive,0.4767,0.383,0.617,0.0,positive,0.4767,positive,False,0.0,,7,1,0.0,0.0,0.0,0.0,0.0,0.0,0.0
944683267676775,tell us something want hear noses,False,0.0772,positive,0.0772,0.206,0.794,0.0,positive,0.0772,positive,False,0.0,,6,0,0.0,0.0,0.0,0.0,0.0,0.0,0.0
621697599931064,working via airtel now,False,0.0,neutral,0.0,0.0,1.0,0.0,neutral,0.0,neutral,False,0.0,,4,1,0.0,0.0,0.0,0.0,0.0,0.0,0.0
2978703459090877,58years independence still mubusha,False,0.0,neutral,0.0,0.0,1.0,0.0,neutral,0.0,neutral,False,0.0,,4,1,0.0,0.25,0.0,0.25,0.0,0.25,0.0
1412640559380275,schedule being kept rockfield chalala power supposed go 14 00 now went 11 00 s 20 45 now still now power just keep schedule maybe give us whole month s schedule advance,False,0.0,neutral,0.0,0.0,1.0,0.0,neutral,0.0,neutral,False,0.0,,32,1,0.0,0.03125,0.03125,0.0,0.0,0.03125,0.0
673295751161689,going guys over 6 hours really mean guys count 10hours 6am 16hrs still power hasn t restored,False,0.34,positive,0.34,0.146,0.854,0.0,positive,0.34,positive,False,0.0,,17,1,0.0,0.0,0.0,0.0588235294117647,0.0,0.0,0.0
2591175591054010,zesco limited essence mean should trust schedule thing re consistent following own schedule change ll create predictable environment everyone plan accordingly fully understand situation necessitated load management being inefficient making whole situation unbearable everyone countrywide please put act together,False,0.7003,positive,0.7003,0.173,0.785,0.043,positive,0.7003,positive,False,0.0,,39,9,0.0256410256410256,0.0256410256410256,0.0256410256410256,0.0769230769230769,0.0769230769230769,0.0256410256410256,0.0512820512820512
934647091876657,clarency hantembe imagine such information communicated apart sms updating account details meter bla bla bla awe sure,False,0.3182,positive,-0.3818,0.126,0.874,0.0,negative,-0.3818,negative,True,-0.7,awe,17,2,0.0,0.0,0.0,0.0588235294117647,0.0,0.0,0.0
956324979489132,emily mwale reliable,False,0.0,neutral,0.0,0.0,1.0,0.0,neutral,0.0,neutral,False,0.0,,3,1,0.0,0.0,0.0,0.3333333333333333,0.0,0.0,0.0
6313072612135423,talk six weeks took 6 year connected,False,0.0,neutral,0.0,0.0,1.0,0.0,neutral,0.0,neutral,False,0.0,,7,1,0.0,0.0,0.0,0.0,0.0,0.0,0.0
2640596836083446,linda chikumbi how elo things mu fridge,False,0.0,neutral,0.0,0.0,1.0,0.0,neutral,0.0,neutral,False,0.0,,7,0,0.0,0.0,0.0,0.0,0.0,0.0,0.0
2097613640630766,right solwezi zesco needs pat back delivering keep continue connect us fast fast,False,0.0,neutral,0.0,0.0,1.0,0.0,neutral,0.0,neutral,False,0.0,,13,1,0.0,0.0769230769230769,0.0,0.0769230769230769,0.0,0.0769230769230769,0.0
1523376245205969,t see 123 complex maybe electric engineers see 123 otherwise ine only 375 123,False,0.0,neutral,0.0,0.0,1.0,0.0,neutral,0.0,neutral,False,0.0,,14,1,0.0,0.0,0.0,0.0,0.0,0.0,0.0
618831263798949,nhamo afiya chiwila imagine now ridiculous,False,-0.3612,negative,-0.3612,0.0,0.667,0.333,negative,-0.3612,negative,False,0.0,,6,1,0.1666666666666666,0.0,0.0,0.0,0.0,0.0,0.0833333333333333
738600634264950,isn t even true guys just reliable really need another source zambia don t even know saying minute s like next ati like us power cut yesterday 17hours till now s power n say 6hours t even stick own time table,True,0.6908,positive,0.6908,0.191,0.758,0.051,negative,0.6908,negative,False,0.0,,41,4,0.0,0.024390243902439,0.0,0.073170731707317,0.0,0.024390243902439,0.0
880439590817413,give us electricity 00 00 03 00 use find missing candle just distribute other 3 residential areas give 4hrs instead,False,-0.296,negative,-0.296,0.0,0.891,0.109,negative,-0.296,negative,False,0.0,,20,2,0.0,0.0,0.05,0.0,0.05,0.0,0.025
1116756016627970,josephine chomba mubanga s working just tried,False,0.0,neutral,0.0,0.0,1.0,0.0,neutral,0.0,neutral,False,0.0,,7,1,0.0,0.0,0.0,0.0,0.0,0.0,0.0
455966740271427,publish schedules dont even follow power restored 17 00 morning cut 21 learned people belive making consultative decissions best intrest citizens acting like fools killing businesses mukwate order how much damage want cause,False,-0.5423,negative,-0.5423,0.215,0.518,0.267,negative,-0.5423,negative,False,0.0,,33,2,0.0606060606060606,0.0,0.0303030303030303,0.0,0.0606060606060606,0.0,0.0606060606060606
890124622628496,chilenje south kalomo road power since sunday only came today 16 hrs less than 10minutes went zesco saying stops fooling people,False,-0.5106,negative,-0.5106,0.0,0.815,0.185,negative,-0.5106,negative,False,0.0,,21,0,0.0,0.0,0.0,0.0,0.0,0.0,0.0
722010902931852,ba zesco professional god sakes chalala rockfield power night come today 06 00 11hrs power gone should ashamed taking advantage customers customers pay power respect us respect schedules respect president hakainde hichilema also because agreed going reduce hours load shedding only happened president came talk give orders other words actions causing doubts raising questions leadership mr president s behavior various people professionals pull socks failing zambian people failed company disappointment country cause load shedding being long time topic believe company could come plan b cause dnt care water levels kariba dam only care solutions give problem doesn t happen wrong people field unqualified cause suppose see indicators situation long before happened s common sense ise tifuna malaiti kwatu uku ku chalala rockfield,False,0.0516,positive,-0.1484,0.161,0.687,0.152,negative,-0.1484,negative,True,-0.2,malaiti,122,25,0.0163934426229508,0.0901639344262295,0.0245901639344262,0.081967213114754,0.0327868852459016,0.0901639344262295,0.0245901639344262
590600889794941,please ever fast,False,0.3182,positive,0.3182,0.535,0.465,0.0,positive,0.3182,positive,False,0.0,,3,0,0.0,0.0,0.0,0.0,0.0,0.0,0.0
1132178137441275,onelia banda guys don t joke s longer limited company anymore,False,0.0772,positive,0.0772,0.198,0.631,0.171,positive,0.0772,positive,False,0.0,,11,3,0.0909090909090909,0.0,0.0,0.0909090909090909,0.0909090909090909,0.0,0.0909090909090909
9109257635755225,should t even posted rubbish otherwise using seating dark,False,0.0,neutral,0.0,0.0,1.0,0.0,neutral,0.0,neutral,False,0.0,,9,2,0.0,0.0,0.0,0.0,0.1111111111111111,0.0,0.0555555555555555
514597170766953,kuno matero 11 sharp namanje aweh nikulimba ni animal farm,False,0.0,neutral,0.0,0.0,1.0,0.0,neutral,0.0,neutral,False,0.0,,10,1,0.0,0.1,0.0,0.0,0.0,0.1,0.0
903100007535654,angel bernadette ck even mean,False,0.0,neutral,0.0,0.0,1.0,0.0,neutral,0.0,neutral,False,0.0,,5,1,0.0,0.2,0.0,0.2,0.0,0.2,0.0
896228304714919,zero plus zero zero nothing changed still 12hrs day,False,0.0,neutral,0.0,0.0,1.0,0.0,neutral,0.0,neutral,False,0.0,,9,0,0.0,0.0,0.0,0.0,0.0,0.0,0.0
563994755593886,ongani dumisani banda s just 6hrs everyday,False,0.0,neutral,0.0,0.0,1.0,0.0,neutral,0.0,neutral,False,0.0,,7,0,0.0,0.0,0.0,0.0,0.0,0.0,0.0
1150839149469817,m tired being zambian,False,-0.4404,negative,-0.4404,0.0,0.408,0.592,negative,-0.4404,negative,False,0.0,,4,1,0.0,0.0,0.0,0.0,0.0,0.0,0.0
785876140160178,ehe 12 22 hrs follow time table ai,False,0.0,neutral,0.0,0.0,1.0,0.0,neutral,0.0,neutral,False,0.0,,8,1,0.0,0.125,0.0,0.0,0.0,0.125,0.0
953962346386219,criteria honestly speaking s tallying people s demands expectations how cutt off power during day bring midnight cutt off early morning before go through schedules please make sure things balance because now becoming incompetent work standards reporting johnlaiag chidundu area zesco limited,False,0.3818,positive,0.3818,0.16,0.735,0.105,positive,0.3818,positive,False,0.0,,42,3,0.0476190476190476,0.0,0.0,0.0,0.0476190476190476,0.0,0.0476190476190476
1453290252004950,awe lelo ni pa 1 just promised,False,0.3612,positive,-0.3387999999999999,0.333,0.667,0.0,negative,-0.3387999999999999,negative,True,-0.7,awe,7,0,0.0,0.0,0.0,0.0,0.0,0.0,0.0
502478876083855,vasilis marosoulis things possible those believe even felt power god,False,0.2732,positive,0.2732,0.189,0.811,0.0,positive,0.2732,positive,False,0.0,,10,1,0.0,0.1,0.1,0.1,0.0,0.1,0.0
2216673018696203,maclan siambilu boi zesco done,False,0.0,neutral,0.0,0.0,1.0,0.0,neutral,0.0,neutral,False,0.0,,5,0,0.0,0.0,0.0,0.0,0.0,0.0,0.0
1819090721817416,remove 18 24 please,False,0.3182,positive,0.3182,0.434,0.566,0.0,positive,0.3182,positive,False,0.0,,4,1,0.25,0.0,0.25,0.0,0.25,0.0,0.25
2708694619260732,jabes shawa ok batipesha aba banthu elo hope stikto bt cnt understand power b going once olo bwanji explain boss,False,0.6249,positive,0.2249,0.231,0.769,0.0,positive,0.2249,positive,True,-0.4,aba,20,2,0.0,0.05,0.0,0.1,0.0,0.05,0.0
1322610832456208,government liars starting top s chief liar,False,-0.7096,negative,-0.7096,0.157,0.261,0.583,negative,-0.7096,negative,False,0.0,,7,3,0.0,0.1428571428571428,0.1428571428571428,0.1428571428571428,0.0,0.1428571428571428,0.0
489266630038074,lisa nancha banda due respect want believe know hh other president never charge electricity production projects such power production long term investments overnight investments supporter government need logical people blame president something power control simply shows us how ignorant backwards nation want believe re learned enough running business context comment such also want believe re solution finder problem solver regard advice president offer solutions matter whether like whether like water problem go away singing songs supposed failures offer solutions lobby others sit down plan long lasting solutions complaining change predicament effort,False,0.4588,positive,0.4588,0.215,0.652,0.133,positive,0.4588,positive,False,0.0,,91,26,0.0109890109890109,0.0659340659340659,0.0549450549450549,0.0769230769230769,0.0219780219780219,0.0659340659340659,0.0164835164835164
1096573222127959,bridget tembo true seen buying k20 units 3 months pama meters,False,0.4215,positive,0.4215,0.237,0.763,0.0,positive,0.4215,positive,False,0.0,,11,1,0.0,0.0,0.0,0.0909090909090909,0.0,0.0,0.0
1290223178817006,mukuka tinah mutale imagine 3 months now power comes late night sleeping,False,0.0,neutral,0.0,0.0,1.0,0.0,neutral,0.0,neutral,False,0.0,,12,1,0.0,0.0,0.0,0.0,0.0833333333333333,0.0,0.0416666666666666
1681413012651571,dennis zulu zesco should invested other sources energy other than hydro should harnessed wind solar bio matter lot garbage turned into thermo energy later electricity problem curriculum based proving other people s theories other than teaching people innovative theory engineers cannot invent,False,0.5423,positive,0.5423,0.175,0.768,0.058,positive,0.5423,positive,False,0.0,,42,4,0.0,0.0238095238095238,0.0238095238095238,0.0238095238095238,0.0238095238095238,0.0238095238095238,0.0119047619047619
1133189314375206,alexis kabamba opinion madam 8 hrs weekly rotations better convenient us,False,0.4404,positive,0.4404,0.244,0.756,0.0,positive,0.4404,positive,False,0.0,,11,1,0.0,0.0,0.0,0.0,0.0,0.0,0.0
559356870364711,how supposed without electricity aware meters work electricity didn t electricity whole day yesterday 05 00hrs power came midnight just say hi went back previous experience sundays most likely going power whole day advice please,False,0.3182,positive,0.3182,0.065,0.935,0.0,positive,0.3182,positive,False,0.0,,35,4,0.0,0.0,0.0,0.0285714285714285,0.0,0.0,0.0
1781796899224303,imwe said pa 1 te tiyeni give us kaili,False,0.0,neutral,-0.2,0.0,1.0,0.0,negative,-0.2,negative,True,-0.2,kaili,9,0,0.0,0.0,0.0,0.0,0.0,0.0,0.0
558304969953346,net metering t never better leave everything kaili yandi solar free sunlight,True,0.2598,positive,0.0597999999999999,0.299,0.539,0.162,negative,0.0597999999999999,negative,True,-0.2,kaili,12,1,0.0,0.0,0.0,0.0,0.0833333333333333,0.0,0.0416666666666666
858763822055995,yvonne yasini chilonge t said better than,False,0.4404,positive,0.4404,0.367,0.633,0.0,positive,0.4404,positive,False,0.0,,7,0,0.0,0.0,0.0,0.0,0.0,0.0,0.0
747337933896198,time table iyabupuba eyo tamukonka nokukonka,False,0.0,neutral,0.0,0.0,1.0,0.0,neutral,0.0,neutral,False,0.0,,6,1,0.0,0.1666666666666666,0.0,0.0,0.0,0.1666666666666666,0.0
2299770710224782,royce kasongole same,False,0.0,neutral,0.0,0.0,1.0,0.0,neutral,0.0,neutral,False,0.0,,3,0,0.0,0.0,0.0,0.0,0.0,0.0,0.0
405020849302903,gusha lawrence kasongo us just 1 hour,False,0.0,neutral,0.0,0.0,1.0,0.0,neutral,0.0,neutral,False,0.0,,7,0,0.0,0.0,0.0,0.0,0.0,0.0,0.0
1244428236983552,unacceptable getting 300 maamba importing 500 making 800 only getting three hours per day mr president make make sense,False,-0.4588,negative,-0.4588,0.0,0.857,0.143,negative,-0.4588,negative,False,0.0,,19,3,0.0,0.0,0.0,0.0526315789473684,0.0526315789473684,0.0,0.0263157894736842
1322610832456208,mukuka lushomo swear even getting paid aii,False,-0.0516,negative,-0.0516,0.0,0.833,0.167,negative,-0.0516,negative,False,0.0,,7,1,0.0,0.0,0.0,0.1428571428571428,0.0,0.0,0.0
2718734371596506,don t try impress president won t work better tell truth don t want situation get hand 6 hours should six hours equal others should receive than 6 hours should stop talking water levels middle rains wil happen sept october without rains te total darkness iyo,True,0.9022,positive,0.9022,0.305,0.617,0.079,negative,0.9022,negative,False,0.0,,46,7,0.0217391304347826,0.0217391304347826,0.0217391304347826,0.0869565217391304,0.0217391304347826,0.0217391304347826,0.0217391304347826
1307712497246378,mwenya sikaundi imagine wariz vis na phone pa 2,False,0.0,neutral,0.0,0.0,1.0,0.0,neutral,0.0,neutral,False,0.0,,9,0,0.0,0.0,0.0,0.0,0.0,0.0,0.0
979475779753264,hi greenwell westwood njobvu regret inconvenience caused please register complaint dialing 3600 call 322 speak agent use whatsapp number 260762626977 following prompts register fault follow ups cj,False,-0.765,negative,-0.765,0.103,0.603,0.293,negative,-0.765,negative,False,0.0,,27,3,0.037037037037037,0.0,0.0,0.0,0.074074074074074,0.0,0.0555555555555555
3502869939982267,way ba zesco bay na cool wire wire fee,False,0.3182,positive,0.3182,0.223,0.777,0.0,positive,0.3182,positive,False,0.0,,9,2,0.1111111111111111,0.0,0.0,0.0,0.0,0.0,0.0555555555555555
837517727541875,covid yawamapo pali ba zesco,False,0.0,neutral,0.0,0.0,1.0,0.0,neutral,0.0,neutral,False,0.0,,5,0,0.0,0.0,0.0,0.0,0.0,0.0,0.0
603831848879085,how announce today give us less than 48hrs update meanwhile people don t get electricity than 3 days,False,0.0,neutral,0.0,0.0,1.0,0.0,neutral,0.0,neutral,False,0.0,,18,2,0.0,0.0,0.0,0.0555555555555555,0.0,0.0,0.0
521371969972672,board along engineers sat down discussed thought very good idea,False,0.4927,positive,0.4927,0.262,0.738,0.0,positive,0.4927,positive,False,0.0,,10,3,0.0,0.3,0.0,0.1,0.0,0.3,0.0
548275573885493,now realized most praise singers dull just support blindly without knowing supporting changed mubikuba hahulu bati let work completely coz said rubbish someone busy praising naka phone ku power bank,False,0.693,positive,0.693,0.249,0.618,0.133,positive,0.693,positive,False,0.0,,30,8,0.0,0.0,0.0,0.1,0.0666666666666666,0.0,0.0333333333333333
958142769405125,s common sense industries manage buy own gen sets other alternative sources power than mere komboni resident living k20 per day busy taunting consider buying solar gen set allocate hours residential areas markets reduce industries mines inclusive encourage consider alternative sources power,False,0.5106,positive,0.5106,0.076,0.924,0.0,positive,0.5106,positive,False,0.0,,42,5,0.0,0.0,0.0,0.0476190476190476,0.0,0.0,0.0
1064385481806396,kony kumz ba tota tota na sitting allowance na transport allowance yah ngena chongesa ticket ya salary lol come month end fully paid,False,0.4215,positive,0.4215,0.113,0.887,0.0,positive,0.4215,positive,False,0.0,,23,2,0.0,0.0434782608695652,0.0,0.0869565217391304,0.0,0.0434782608695652,0.0
856642012112606,literally difference still load shaded 12 hours 2 six hourly segments day even makes worse,False,-0.4767,negative,-0.4767,0.0,0.807,0.193,negative,-0.4767,negative,False,0.0,,15,1,0.0,0.0,0.0666666666666666,0.0,0.0666666666666666,0.0,0.0333333333333333
671130691524244,dèb oràh same,False,0.0,neutral,0.0,0.0,1.0,0.0,neutral,0.0,neutral,False,0.0,,3,0,0.0,0.0,0.0,0.0,0.0,0.0,0.0
1495100374531875,zesco should now only employee witch off power since s much work,False,-0.3612,negative,-0.3612,0.0,0.8,0.2,negative,-0.3612,negative,False,0.0,,12,1,0.0833333333333333,0.0,0.0833333333333333,0.0,0.0,0.0,0.0416666666666666
678087460627687,diana gift jere banda even painkiller relieve pain going through power came midnight already gone,False,0.2732,positive,0.2732,0.261,0.58,0.159,positive,0.2732,positive,False,0.0,,15,2,0.0,0.0666666666666666,0.0666666666666666,0.0,0.0666666666666666,0.0666666666666666,0.0333333333333333
494225406114471,arnold peter kachabe true same applies ndola lubuto power went around 05 came back 11 now 17 gone crazy better come disconnect thing ve installed house,False,0.5106,positive,0.5106,0.183,0.74,0.077,positive,0.5106,positive,False,0.0,,26,3,0.0384615384615384,0.0,0.0384615384615384,0.0384615384615384,0.0769230769230769,0.0,0.0576923076923076
6592922150775643,inabmul maz yaba s rough,False,0.0,neutral,-0.3,0.0,1.0,0.0,negative,-0.3,negative,True,-0.3,yaba,5,0,0.0,0.0,0.0,0.0,0.0,0.0,0.0
624553022955708,eric bulaya ve managed now,False,0.0,neutral,0.0,0.0,1.0,0.0,neutral,0.0,neutral,False,0.0,,5,0,0.0,0.0,0.0,0.0,0.0,0.0,0.0
707873887745003,mwelwa phillip signed same contract aai,False,0.0,neutral,0.0,0.0,1.0,0.0,neutral,0.0,neutral,False,0.0,,6,0,0.0,0.0,0.0,0.0,0.0,0.0,0.0
2498876370301527,brown chikwanda imagine,False,0.0,neutral,0.0,0.0,1.0,0.0,neutral,0.0,neutral,False,0.0,,3,0,0.0,0.0,0.0,0.0,0.0,0.0,0.0
521413643944406,ba zesco limited today 1st october want know power rationing schedule noti ifi muletulanga only interested seeing schedule table chapwafye,False,0.2732,positive,0.2732,0.175,0.742,0.083,positive,0.2732,positive,False,0.0,,20,2,0.05,0.0,0.0,0.0,0.1,0.0,0.075
637927768087719,zesco management rotten completely giving us break power went 05 hrs came back 14 hrs how many hours 10 hours 17 hours power went coming back 23hours 7 hours totals 17 hours,False,-0.1548,negative,-0.1548,0.077,0.829,0.094,negative,-0.1548,negative,False,0.0,,32,5,0.0,0.03125,0.0,0.03125,0.0,0.03125,0.0
1172944700752848,zesco limited mansa power 6 now children god,False,0.0516,positive,0.0516,0.233,0.556,0.211,positive,0.0516,positive,False,0.0,,8,2,0.125,0.125,0.125,0.125,0.125,0.125,0.125
1073389894142647,mwewa gift know freedom don t closs line,False,0.7964,positive,0.7964,0.587,0.413,0.0,positive,0.7964,positive,False,0.0,,8,3,0.0,0.125,0.0,0.25,0.0,0.125,0.0
901235591912417,m rich yesterday donated iphone smart watch wallet homeless guy t imagine happiness felt saw putting knife back pocket kindness everything,False,0.9169,positive,0.9169,0.462,0.538,0.0,positive,0.9169,positive,False,0.0,,21,4,0.0476190476190476,0.1428571428571428,0.0952380952380952,0.0,0.0476190476190476,0.1428571428571428,0.0476190476190476
719771349541429,travers chuube s true,False,0.4215,positive,0.4215,0.583,0.417,0.0,positive,0.4215,positive,False,0.0,,4,1,0.0,0.0,0.0,0.25,0.0,0.0,0.0
1337454703686572,lucky trade kings t produce electricity,False,0.4215,positive,0.4215,0.412,0.588,0.0,positive,0.4215,positive,False,0.0,,6,3,0.0,0.0,0.0,0.1666666666666666,0.0,0.0,0.0
928730689070139,mwewa kashell mwaba s frustrating,False,-0.4404,negative,-0.4404,0.0,0.508,0.492,negative,-0.4404,negative,False,0.0,,5,0,0.0,0.0,0.0,0.0,0.0,0.0,0.0
656955689226492,precious phiri just keep trying just buying,False,0.5719,positive,0.5719,0.381,0.619,0.0,positive,0.5719,positive,False,0.0,,7,1,0.0,0.1428571428571428,0.0,0.0,0.0,0.1428571428571428,0.0
975721170795448,8 hours s over 10 hours people annoying,False,-0.4019,negative,-0.4019,0.0,0.649,0.351,negative,-0.4019,negative,False,0.0,,8,1,0.125,0.0,0.0,0.0,0.0,0.0,0.0625
1418254931913129,guys think re bembas doesn t end loadshedding,False,0.0,neutral,0.0,0.0,1.0,0.0,neutral,0.0,neutral,False,0.0,,8,0,0.0,0.0,0.0,0.0,0.0,0.0,0.0
968600827584176,re talking 6 weeks mum still pushing 2 years nows,False,0.0,neutral,0.0,0.0,1.0,0.0,neutral,0.0,neutral,False,0.0,,10,1,0.0,0.0,0.1,0.0,0.0,0.0,0.0
1448794839128330,electricity only comes kuma 23 goes 04 wat u failing even give us electricity sundays wen home allow other companies supply power u enough energy source,False,-0.0772,negative,-0.0772,0.141,0.742,0.117,negative,-0.0772,negative,False,0.0,,26,5,0.0384615384615384,0.0384615384615384,0.0384615384615384,0.0,0.0384615384615384,0.0384615384615384,0.0384615384615384
655338662751790,please notify us soon possible once rectify problem because airtel keeps deducting charges each time attempt purchase units,False,-0.3612,negative,-0.3612,0.104,0.679,0.217,negative,-0.3612,negative,False,0.0,,18,4,0.0,0.1111111111111111,0.0555555555555555,0.0,0.0555555555555555,0.1111111111111111,0.0277777777777777
8088184044640951,iwe lelo nipa 1 october,False,0.0,neutral,0.0,0.0,1.0,0.0,neutral,0.0,neutral,False,0.0,,5,0,0.0,0.0,0.0,0.0,0.0,0.0,0.0
709666733886586,mwansa mukuka m thinking limbi nachilalisha napusa ayakusundilako awe tukose,False,0.0,neutral,-0.7,0.0,1.0,0.0,negative,-0.7,negative,True,-0.7,awe,10,0,0.0,0.0,0.0,0.0,0.0,0.0,0.0
704722434394583,useless time table creates such time tables agrees people having electricity every night whole week rotate schedule per day two days whole week same schedule zesco limited,False,-0.2023,negative,-0.2023,0.123,0.728,0.149,negative,-0.2023,negative,False,0.0,,27,5,0.037037037037037,0.074074074074074,0.0,0.0,0.037037037037037,0.074074074074074,0.037037037037037
505147292410440,kwena mula sebanya ubuteko apa even power used 22 01 walah,False,0.0,neutral,-0.8,0.0,1.0,0.0,negative,-0.8,negative,True,-0.8,ubuteko,11,0,0.0,0.0,0.0,0.0,0.0,0.0,0.0
308336305627892,jose ph would point load shedding during time people aren t using electricity,False,0.0,neutral,0.0,0.0,1.0,0.0,neutral,0.0,neutral,False,0.0,,13,2,0.0,0.0769230769230769,0.0,0.0,0.0,0.0769230769230769,0.0
521413643944406,kakunta maggie chibale points,False,0.0,neutral,0.0,0.0,1.0,0.0,neutral,0.0,neutral,False,0.0,,4,0,0.0,0.0,0.0,0.0,0.0,0.0,0.0
1539253826550352,isaac zulu remember vividly,False,0.0,neutral,0.0,0.0,1.0,0.0,neutral,0.0,neutral,False,0.0,,4,0,0.0,0.0,0.0,0.0,0.0,0.0,0.0
506363162192492,nayunda wamunyima good analysis,False,0.4404,positive,0.4404,0.492,0.508,0.0,positive,0.4404,positive,False,0.0,,4,1,0.0,0.25,0.0,0.25,0.0,0.25,0.0
914447856376330,should split further into 4hour intervals,False,0.0,neutral,0.0,0.0,1.0,0.0,neutral,0.0,neutral,False,0.0,,6,1,0.0,0.0,0.0,0.0,0.0,0.0,0.0
2688712201265424,levy musonda jr kikikikikik kwati ni bola ka,False,0.0,neutral,0.0,0.0,1.0,0.0,neutral,0.0,neutral,False,0.0,,8,1,0.0,0.0,0.0,0.0,0.0,0.0,0.0
287915833941947,people helping same people go zala wait list bwana backlog,False,0.296,positive,0.296,0.196,0.804,0.0,positive,0.296,positive,False,0.0,,10,1,0.0,0.1,0.0,0.0,0.0,0.1,0.0
877511147806307,imwe ba zesco mwlilenga batutafya mu nga nda umulandu wamalaite causes tapali abengesa ku saluni ku ma 22 05 hours,False,0.0,neutral,-0.5,0.0,1.0,0.0,negative,-0.5,negative,True,-0.5,tapali,20,0,0.0,0.0,0.0,0.0,0.0,0.0,0.0
1301581687416894,s prepaid how go,False,0.0,neutral,0.0,0.0,1.0,0.0,neutral,0.0,neutral,False,0.0,,4,0,0.0,0.0,0.0,0.0,0.0,0.0,0.0
3735760096660331,immature people whole company failing understand time how city stay without power 12 hours straight how business work like,False,0.0258,neutral,0.0258,0.186,0.675,0.139,neutral,0.0258,neutral,False,0.0,,19,3,0.0526315789473684,0.1578947368421052,0.0526315789473684,0.0,0.0526315789473684,0.1578947368421052,0.0526315789473684
1128673127789731,stick say,False,0.0,neutral,0.0,0.0,1.0,0.0,neutral,0.0,neutral,False,0.0,,2,0,0.0,0.0,0.0,0.0,0.0,0.0,0.0
203300832501898,victor nyambe call hq people lusaka explain situation,False,0.0,neutral,0.0,0.0,1.0,0.0,neutral,0.0,neutral,False,0.0,,8,2,0.0,0.0,0.0,0.125,0.0,0.0,0.0
918822943645810,saviour alingo chisanga exactly,False,0.0,neutral,0.0,0.0,1.0,0.0,neutral,0.0,neutral,False,0.0,,4,0,0.0,0.0,0.0,0.0,0.0,0.0,0.0
892420218950260,lelo nipa first october,False,0.0,neutral,0.0,0.0,1.0,0.0,neutral,0.0,neutral,False,0.0,,4,0,0.0,0.0,0.0,0.0,0.0,0.0,0.0
363766932724317,ise kuno ma light ni rumour che,False,0.0,neutral,0.0,0.0,1.0,0.0,neutral,0.0,neutral,False,0.0,,7,0,0.0,0.0,0.0,0.0,0.0,0.0,0.0
1035293141732345,nothing changed kumwesu,False,0.0,neutral,0.0,0.0,1.0,0.0,neutral,0.0,neutral,False,0.0,,3,0,0.0,0.0,0.0,0.0,0.0,0.0,0.0
541130431730854,zesco talk too much people need action today first october,False,0.0,neutral,0.0,0.0,1.0,0.0,neutral,0.0,neutral,False,0.0,,10,2,0.0,0.0,0.0,0.0,0.0,0.0,0.0
624553022955708,diana kakula kauseni yes displayed amount used plus token just entering s successful,False,0.7579,positive,0.7579,0.394,0.606,0.0,positive,0.7579,positive,False,0.0,,13,1,0.0,0.0769230769230769,0.0,0.0769230769230769,0.0,0.0769230769230769,0.0
885707319525548,bally means good country,False,0.4404,positive,0.4404,0.492,0.508,0.0,positive,0.4404,positive,False,0.0,,4,1,0.0,0.25,0.0,0.25,0.0,0.25,0.0
1035849027994152,maybe meant next year 1st october zesco limited,False,-0.2263,negative,-0.2263,0.0,0.787,0.213,negative,-0.2263,negative,False,0.0,,8,1,0.125,0.0,0.0,0.0,0.125,0.0,0.125
987006009760428,meah chulu yes maybe,False,0.4019,positive,0.4019,0.474,0.526,0.0,positive,0.4019,positive,False,0.0,,4,0,0.0,0.0,0.0,0.0,0.0,0.0,0.0
879154983427096,frank banda yes agree,False,0.6369,positive,0.6369,0.722,0.278,0.0,positive,0.6369,positive,False,0.0,,4,2,0.0,0.0,0.0,0.25,0.0,0.0,0.0
655503493277014,useless company time,False,-0.4215,negative,-0.4215,0.0,0.417,0.583,negative,-0.4215,negative,False,0.0,,3,2,0.0,0.3333333333333333,0.0,0.0,0.0,0.3333333333333333,0.0
1539253826550352,predious chiinga doesn t matter prophecy s u see similarities saul such moral decay arresting someone protesting against homosexuality,False,-0.6597,negative,-0.6597,0.056,0.663,0.281,negative,-0.6597,negative,False,0.0,,19,4,0.0526315789473684,0.0526315789473684,0.0526315789473684,0.0526315789473684,0.0526315789473684,0.0526315789473684,0.0526315789473684
520241480737069,joshua thabo mulele lol imei still running lol,False,0.6808,positive,0.6808,0.483,0.517,0.0,positive,0.6808,positive,False,0.0,,8,0,0.0,0.0,0.0,0.0,0.0,0.0,0.0
570498601194220,zambians deserves better management resources than how wish people leadership would feel pain anguish general public undergoing through such petty decisions being implemented first thing first stop exporting power those called neighboring countries until stable measures attained country secondly rearrange top management removing cadres offices high importance,False,-0.0258,neutral,-0.0258,0.197,0.62,0.183,neutral,-0.0258,neutral,False,0.0,,47,11,0.0212765957446808,0.0638297872340425,0.0425531914893617,0.1276595744680851,0.0425531914893617,0.0638297872340425,0.0319148936170212
1349720502418165,michael ods expectations vs reality issues s safer expect possible unreasonable expect services third world country same developed country standards different example t expect internet speeds zambia same kenya shouldn t complain,False,0.0772,positive,0.0772,0.087,0.836,0.077,positive,0.0772,positive,False,0.0,,32,4,0.03125,0.09375,0.0,0.09375,0.03125,0.09375,0.03125
855597545667651,garden house power goes 18 n comes following day 06 s fixed school awe ba zesco tilanganilepo,False,0.0,neutral,-0.7,0.0,1.0,0.0,negative,-0.7,negative,True,-0.7,awe,17,3,0.0,0.0,0.0,0.1176470588235294,0.0,0.0,0.0
558616886165374,schedule house help dependants only tiuka power come back work go back work power kwwf,False,0.4019,positive,0.4019,0.162,0.838,0.0,positive,0.4019,positive,False,0.0,,15,0,0.0,0.0,0.0,0.0,0.0,0.0,0.0
3458402971080101,three months now connection,False,0.0,neutral,0.0,0.0,1.0,0.0,neutral,0.0,neutral,False,0.0,,4,0,0.0,0.0,0.0,0.0,0.0,0.0,0.0
1366446937441510,nsama patrick kwena ati moses instead spiritual son seer 1,False,0.0,neutral,0.0,0.0,1.0,0.0,neutral,0.0,neutral,False,0.0,,10,0,0.0,0.0,0.0,0.0,0.0,0.0,0.0
2164323483968986,today 1 october still stability promised ck mable s village,False,0.3612,positive,0.3612,0.263,0.737,0.0,positive,0.3612,positive,False,0.0,,10,0,0.0,0.0,0.0,0.0,0.0,0.0,0.0
516029631205793,mwango david zulu net metering should story another day lelo nipa 1,False,0.0,neutral,0.0,0.0,1.0,0.0,neutral,0.0,neutral,False,0.0,,12,0,0.0,0.0,0.0,0.0,0.0,0.0,0.0
664331705475734,expect 5 pm go off 11 pm,False,0.0,neutral,0.0,0.0,1.0,0.0,neutral,0.0,neutral,False,0.0,,7,1,0.0,0.1428571428571428,0.0,0.1428571428571428,0.0,0.1428571428571428,0.0
3787618521464825,please s time rotated now how long going having power evenings sure only power afternoon aikona man while others power mornings evenings awe guys isansa kucinjana,False,0.5574,positive,-0.1425999999999999,0.167,0.833,0.0,negative,-0.1425999999999999,negative,True,-0.7,awe,26,2,0.0,0.0769230769230769,0.0,0.0,0.0,0.0769230769230769,0.0
1681413012651571,dennis zulu poor mindset,False,-0.4767,negative,-0.4767,0.0,0.492,0.508,negative,-0.4767,negative,False,0.0,,4,0,0.0,0.0,0.0,0.0,0.0,0.0,0.0
475563724778643,six hours foot nishe part mutendere electricity goes 12hrs vazii,False,0.0,neutral,0.0,0.0,1.0,0.0,neutral,0.0,neutral,False,0.0,,10,1,0.0,0.0,0.0,0.0,0.0,0.0,0.0
481698757452496,frank curtis brown sonny ama fridge bushe yali safe,False,0.4404,positive,0.4404,0.266,0.734,0.0,positive,0.4404,positive,False,0.0,,9,2,0.0,0.0,0.0,0.2222222222222222,0.0,0.0,0.0
858763822055995,yvonne yasini chilonge true,False,0.4215,positive,0.4215,0.483,0.517,0.0,positive,0.4215,positive,False,0.0,,4,1,0.0,0.0,0.0,0.25,0.0,0.0,0.0
1690749871393570,talking 6 weeks father waiting eight months now,False,0.0,neutral,0.0,0.0,1.0,0.0,neutral,0.0,neutral,False,0.0,,8,1,0.0,0.0,0.0,0.125,0.0,0.0,0.0
491322200621450,zesco limited how haven t supplying us power silverest forget prepaid meters only active power available trying mock us behavior giving us power 30 mins things gotten bad only supply us power 30 mins tell us s happening,False,-0.6124,negative,-0.6124,0.113,0.664,0.223,negative,-0.6124,negative,False,0.0,,38,6,0.0526315789473684,0.0,0.0263157894736842,0.0263157894736842,0.0526315789473684,0.0,0.0526315789473684
517308877910726,net metering iyo won t pay bills just restore power chalala already over 36hrs,False,0.6705,positive,0.6705,0.341,0.578,0.081,positive,0.6705,positive,False,0.0,,14,1,0.0,0.0714285714285714,0.0,0.0714285714285714,0.0,0.0714285714285714,0.0
6592922150775643,mazunda kabwe lauzi told ati forget,False,-0.2263,negative,-0.2263,0.0,0.725,0.275,negative,-0.2263,negative,False,0.0,,6,1,0.0,0.0,0.0,0.0,0.0,0.0,0.0
1220697095185978,magret alexanders nakabaghe awe sure,False,0.3182,positive,-0.3818,0.365,0.635,0.0,negative,-0.3818,negative,True,-0.7,awe,5,0,0.0,0.0,0.0,0.0,0.0,0.0,0.0
365520869192199,people remember how switch off forget switch cause how power go 05 00 come back 16 00,False,-0.2263,negative,-0.2263,0.0,0.894,0.106,negative,-0.2263,negative,False,0.0,,17,1,0.0,0.0,0.0,0.0,0.0,0.0,0.0
890179399251123,gabriel chishimba mmmmm consider even poorest zambian citizen afford those other power sources ebuntu,False,-0.5423,negative,-0.5423,0.0,0.788,0.212,negative,-0.5423,negative,False,0.0,,14,2,0.0,0.0,0.0,0.0,0.0,0.0,0.0
1042546530442790,even better us s 6 years now,False,0.4404,positive,0.4404,0.42,0.58,0.0,positive,0.4404,positive,False,0.0,,7,0,0.0,0.0,0.0,0.0,0.0,0.0,0.0
1252220168979432,misheck cheleka things just thought iphone,False,0.0,neutral,0.0,0.0,1.0,0.0,neutral,0.0,neutral,False,0.0,,6,1,0.0,0.1666666666666666,0.0,0.0,0.0,0.1666666666666666,0.0
530793942990369,t just make solar plant since s company telling people started making own power using thought toilets know soon s bye bye zesco,False,0.0,neutral,0.0,0.0,1.0,0.0,neutral,0.0,neutral,False,0.0,,23,3,0.0,0.1304347826086956,0.0,0.0,0.0,0.1304347826086956,0.0
871308617518422,meaning going twice day,False,0.0,neutral,0.0,0.0,1.0,0.0,neutral,0.0,neutral,False,0.0,,4,0,0.0,0.0,0.0,0.0,0.0,0.0,0.0
1539253826550352,isaac zulu miss prophecy,False,-0.1531,negative,-0.1531,0.0,0.652,0.348,negative,-0.1531,negative,False,0.0,,4,1,0.0,0.25,0.0,0.0,0.0,0.25,0.0
531528582802053,don t need know net metering coz today load shedding thing past thank zesco limited,False,0.1531,positive,0.1531,0.152,0.732,0.116,positive,0.1531,positive,False,0.0,,15,2,0.0666666666666666,0.0,0.0,0.0666666666666666,0.0666666666666666,0.0,0.0666666666666666
459736713082726,consumer already generating energy,False,0.2732,positive,0.2732,0.412,0.588,0.0,positive,0.2732,positive,False,0.0,,4,0,0.0,0.0,0.0,0.0,0.0,0.0,0.0
587133169913768,diversification hydro solar dust nuclear power etc urgently needed zambia blame game natural disaster due climate change,False,-0.6124,negative,-0.6124,0.109,0.609,0.283,negative,-0.6124,negative,False,0.0,,17,4,0.1176470588235294,0.0,0.1176470588235294,0.0,0.0588235294117647,0.0,0.088235294117647
831559438301451,elo lelo nipa 1,False,0.0,neutral,0.0,0.0,1.0,0.0,neutral,0.0,neutral,False,0.0,,4,0,0.0,0.0,0.0,0.0,0.0,0.0,0.0
1452000772140115,ba zesco said 1st october didn t specify year lol tekanyeni,False,0.4215,positive,0.4215,0.237,0.763,0.0,positive,0.4215,positive,False,0.0,,11,0,0.0,0.0,0.0,0.0,0.0,0.0,0.0
492310796602094,zed roasters inc ever meter,False,0.0,neutral,0.0,0.0,1.0,0.0,neutral,0.0,neutral,False,0.0,,5,0,0.0,0.0,0.0,0.0,0.0,0.0,0.0
1681413012651571,compare zambia dubai ninshi ulicikopo mumutwe pompweiwe,False,0.0,neutral,0.0,0.0,1.0,0.0,neutral,0.0,neutral,False,0.0,,7,0,0.0,0.0,0.0,0.0,0.0,0.0,0.0
563119976377813,rubbish 24hrs 03 s power,False,0.0,neutral,0.0,0.0,1.0,0.0,neutral,0.0,neutral,False,0.0,,5,1,0.0,0.0,0.0,0.0,0.0,0.0,0.0
778667507697537,zesco limited mukamba mweka ise haven t power area since saturday 8hrs only restored today 02 cut pa 05,False,-0.1531,negative,-0.1531,0.112,0.701,0.187,negative,-0.1531,negative,False,0.0,,19,2,0.0526315789473684,0.0,0.0,0.0526315789473684,0.0526315789473684,0.0,0.0526315789473684
457179294077447,meter doesn t function discount scatter company enough enough,False,0.0,neutral,0.0,0.0,1.0,0.0,neutral,0.0,neutral,False,0.0,,9,0,0.0,0.0,0.0,0.0,0.0,0.0,0.0
8207205366024150,kennedy muzyamba 3 days 3 hours think s meant,False,0.0,neutral,0.0,0.0,1.0,0.0,neutral,0.0,neutral,False,0.0,,9,0,0.0,0.0,0.0,0.0,0.0,0.0,0.0
1032543051998819,flo banda ok awe mwandi nga ku kitwe filishani,False,0.296,positive,-0.4039999999999999,0.216,0.784,0.0,negative,-0.4039999999999999,negative,True,-0.7,awe,9,0,0.0,0.0,0.0,0.0,0.0,0.0,0.0
9184598344883772,wake 03 also hour window before cut power,False,-0.2732,negative,-0.2732,0.0,0.769,0.231,negative,-0.2732,negative,False,0.0,,8,0,0.0,0.0,0.0,0.0,0.0,0.0,0.0
1220697095185978,patricia lusheto chuunka s sad mwandi how u develop like,False,-0.1531,negative,-0.1531,0.216,0.517,0.267,negative,-0.1531,negative,False,0.0,,10,1,0.0,0.1,0.0,0.0,0.0,0.1,0.0
936268835214047,doing phase three annual maintenance ku mamba starting lelo,False,0.0,neutral,0.0,0.0,1.0,0.0,neutral,0.0,neutral,False,0.0,,9,1,0.0,0.0,0.0,0.1111111111111111,0.0,0.0,0.0
1045319783999017,want announcement ati power stopped going,False,-0.1531,negative,-0.1531,0.181,0.556,0.264,negative,-0.1531,negative,False,0.0,,6,1,0.0,0.1666666666666666,0.0,0.0,0.0,0.1666666666666666,0.0
1144315603777218,haven t electricity 3 days straight how meter updated,False,0.2263,positive,0.2263,0.241,0.759,0.0,positive,0.2263,positive,False,0.0,,9,2,0.0,0.0,0.0,0.1111111111111111,0.0,0.0,0.0
1251050899466961,how check power doesn t come kwateni order ba zesco,False,0.0,neutral,0.0,0.0,1.0,0.0,neutral,0.0,neutral,False,0.0,,10,0,0.0,0.0,0.0,0.0,0.0,0.0,0.0
8497039393670777,nonsense only those limited reasoning celebrate otherwise work done equal negative 0,False,-0.5574,negative,-0.5574,0.195,0.368,0.437,negative,-0.5574,negative,False,0.0,,12,3,0.0833333333333333,0.0,0.0,0.0,0.1666666666666666,0.0,0.125
982481913089980,wake minister connect follow district regional manager,False,0.0,neutral,0.0,0.0,1.0,0.0,neutral,0.0,neutral,False,0.0,,7,0,0.0,0.0,0.0,0.0,0.0,0.0,0.0
656955689226492,susan mulenga zulu m still failing,False,-0.5106,negative,-0.5106,0.0,0.548,0.452,negative,-0.5106,negative,False,0.0,,6,1,0.1666666666666666,0.1666666666666666,0.1666666666666666,0.0,0.1666666666666666,0.1666666666666666,0.1666666666666666
1085244139231643,zesco limited yes power restored please let s try means stick proposed time thank advance,False,0.7906,positive,0.7906,0.476,0.433,0.091,positive,0.7906,positive,False,0.0,,15,3,0.0666666666666666,0.1333333333333333,0.0666666666666666,0.0,0.0666666666666666,0.1333333333333333,0.0666666666666666
310194011398678,okay welcome zambia,False,0.5994,positive,0.5994,0.831,0.169,0.0,positive,0.5994,positive,False,0.0,,3,0,0.0,0.0,0.0,0.0,0.0,0.0,0.0
724159483123342,florence mwape ask mwandi,False,0.0,neutral,0.0,0.0,1.0,0.0,neutral,0.0,neutral,False,0.0,,4,0,0.0,0.0,0.0,0.0,0.0,0.0,0.0
991407806072715,give us panels kaili,False,0.0,neutral,-0.2,0.0,1.0,0.0,negative,-0.2,negative,True,-0.2,kaili,4,0,0.0,0.0,0.0,0.0,0.0,0.0,0.0
723665569106020,infact let spread 24hrs,False,0.0,neutral,0.0,0.0,1.0,0.0,neutral,0.0,neutral,False,0.0,,4,0,0.0,0.0,0.0,0.0,0.0,0.0,0.0
293254090452144,best stick schedule make sure guys responsible power cuts restoration sober cutting power early restoring late contrary schedule mano yamungulu wapakapiri,False,0.8074,positive,0.8074,0.37,0.505,0.125,positive,0.8074,positive,False,0.0,,21,5,0.0476190476190476,0.0,0.0476190476190476,0.0476190476190476,0.0952380952380952,0.0,0.0714285714285714
903100007535654,angel bernadette ck under pf endured cadersim load shedding loss innocent lives scandal scandal fire tenders forest 27 kwacha loss value employment freeze secret recruitment into police defense forces lack repair government offices lack respect men women uniform name u still t see change u pharisee,False,-0.7351,negative,-0.7351,0.205,0.503,0.292,negative,-0.7351,negative,False,0.0,,46,15,0.0652173913043478,0.0652173913043478,0.1956521739130435,0.108695652173913,0.0434782608695652,0.0652173913043478,0.0543478260869565
1160356592050838,zesco limited restored thank,False,0.4588,positive,0.4588,0.628,0.128,0.244,positive,0.4588,positive,False,0.0,,4,1,0.25,0.0,0.0,0.0,0.25,0.0,0.25
1539253826550352,isaac zulu very true remember prophecy,False,0.4754,positive,0.4754,0.382,0.618,0.0,positive,0.4754,positive,False,0.0,,6,2,0.0,0.1666666666666666,0.0,0.1666666666666666,0.0,0.1666666666666666,0.0
1592231224624896,difficult follow same schedule keep switching off time,False,-0.3612,negative,-0.3612,0.0,0.737,0.263,negative,-0.3612,negative,False,0.0,,8,2,0.0,0.125,0.125,0.0,0.0,0.125,0.0
1048814180244579,thought october won t arrive ka october give us schedule boss,False,0.5719,positive,0.5719,0.291,0.709,0.0,positive,0.5719,positive,False,0.0,,11,2,0.0,0.1818181818181818,0.0,0.0,0.0,0.1818181818181818,0.0
5833959256691128,least president s shy facing problem,False,-0.5719,negative,-0.5719,0.0,0.39,0.61,negative,-0.5719,negative,False,0.0,,6,2,0.0,0.0,0.1666666666666666,0.1666666666666666,0.1666666666666666,0.0,0.0833333333333333
2576349285890892,mulebako serious ba mumbwe imwe how check prepaid meter eternally off agalu imwe,False,-0.0772,negative,-0.5772,0.0,0.902,0.098,negative,-0.5772,negative,True,-0.5,mulebako,13,0,0.0,0.0,0.0,0.0,0.0,0.0,0.0
925697462310474,didn t already,False,0.0,neutral,0.0,0.0,1.0,0.0,neutral,0.0,neutral,False,0.0,,3,0,0.0,0.0,0.0,0.0,0.0,0.0,0.0
752952299080304,don t regret,False,-0.4215,negative,-0.4215,0.0,0.263,0.737,negative,-0.4215,negative,False,0.0,,3,2,0.0,0.0,0.0,0.3333333333333333,0.3333333333333333,0.0,0.1666666666666666
411834361599433,zesco limited doing mitigate problem loadsheding awe talema mwe zambia develop should proactive change weather rather waiting rains,False,-0.2023,negative,-0.9023,0.125,0.67,0.205,negative,-0.9023,negative,True,-0.7,awe,18,4,0.0555555555555555,0.0555555555555555,0.1111111111111111,0.0,0.1111111111111111,0.0555555555555555,0.0833333333333333
565883462703544,victor n goma junior,False,0.0,neutral,0.0,0.0,1.0,0.0,neutral,0.0,neutral,False,0.0,,4,1,0.0,0.0,0.0,0.0,0.0,0.0,0.0
1691605448079726,lusaka almost 3 weeks never seen power home patiently waiting 2026,False,0.0,neutral,0.0,0.0,1.0,0.0,neutral,0.0,neutral,False,0.0,,11,0,0.0,0.0,0.0,0.0,0.0,0.0,0.0
390675337130657,rosina lolo mawhite apologize inconvenienced caused kindly report outage outside load shedding schedule calling 322 speak agent use ussd code 3600 follow prompts download zesco app whatsapp number 260762626977 register fault assistance kind regards cj,False,0.6808,positive,0.6808,0.221,0.714,0.064,positive,0.6808,positive,False,0.0,,35,4,0.0,0.0,0.0,0.0571428571428571,0.0571428571428571,0.0,0.0285714285714285
1469553703616764,imwe na bashi promise same whatsapp group,False,0.3182,positive,0.3182,0.277,0.723,0.0,positive,0.3182,positive,False,0.0,,7,1,0.0,0.0,0.0,0.1428571428571428,0.0,0.0,0.0
921314262582264,upnd packing bags wait,False,0.0,neutral,0.0,0.0,1.0,0.0,neutral,0.0,neutral,False,0.0,,4,1,0.0,0.25,0.0,0.0,0.0,0.25,0.0
618831263798949,clara guys play too much very annoying,False,-0.1513,negative,-0.1513,0.231,0.481,0.288,negative,-0.1513,negative,False,0.0,,7,1,0.1428571428571428,0.0,0.0,0.0,0.0,0.0,0.0714285714285714
489266630038074,ackim katebe 6 hours give serious reasonable person two things than staying whole day without power completely 12 hours,False,-0.0772,negative,-0.0772,0.0,0.929,0.071,negative,-0.0772,negative,False,0.0,,19,1,0.0,0.0,0.0,0.0,0.0,0.0,0.0
968778361072445,6 weeks complaining us s years thats zesco,False,-0.2023,negative,-0.2023,0.0,0.735,0.265,negative,-0.2023,negative,False,0.0,,8,0,0.0,0.0,0.0,0.0,0.0,0.0,0.0
953911596108315,kindly update us ba section c time table showing power off 12 20hra just 06 power gone us prepared work u time table kindly needful zesco limited,False,0.7506,positive,0.7506,0.266,0.673,0.061,positive,0.7506,positive,False,0.0,,27,5,0.037037037037037,0.1111111111111111,0.0,0.037037037037037,0.037037037037037,0.1111111111111111,0.037037037037037
904205397420066,still doesn t change fact 49 million kangaroos australia 3 4 million people uruguay means kangaroos invade uruguay each person fight 14 kangaroos,False,-0.3818,negative,-0.3818,0.0,0.88,0.12,negative,-0.3818,negative,False,0.0,,23,4,0.0869565217391304,0.0,0.1304347826086956,0.0434782608695652,0.0434782608695652,0.0,0.0652173913043478
723300012465266,jojo long exactly thought,False,0.0,neutral,0.0,0.0,1.0,0.0,neutral,0.0,neutral,False,0.0,,4,2,0.0,0.5,0.0,0.0,0.0,0.5,0.0
2100908430257390,kabwe paid match now nothing doing,False,0.0,neutral,0.0,0.0,1.0,0.0,neutral,0.0,neutral,False,0.0,,6,0,0.0,0.0,0.0,0.0,0.0,0.0,0.0
640721924815006,visit zesco malambo u lusaka beautiful lady manager help u involves guys under installation advise u see kelvin kelita lady helped alot,False,0.765,positive,0.765,0.28,0.72,0.0,positive,0.765,positive,False,0.0,,22,3,0.0,0.0,0.0,0.0454545454545454,0.0,0.0,0.0
579156810706802,ben jones mainga mweetwa wanyema mulombwana,False,0.0,neutral,0.0,0.0,1.0,0.0,neutral,0.0,neutral,False,0.0,,6,0,0.0,0.0,0.0,0.0,0.0,0.0,0.0
905418728156204,lelo ni pa 1 october still don t power explaining things yourself don t understand,False,0.0,neutral,0.0,0.0,1.0,0.0,neutral,0.0,neutral,False,0.0,,15,2,0.0,0.0,0.0,0.1333333333333333,0.0,0.0,0.0
731207595845957,iwe admini how come post stuff know expectations power also wise communicate anything until update,False,0.4767,positive,0.4767,0.181,0.819,0.0,positive,0.4767,positive,False,0.0,,15,2,0.0,0.0,0.0,0.0666666666666666,0.0,0.0,0.0
489189780815451,how check don t power comes fast asleep please postpone deadline until next year power give us people don t seem understand going through,False,0.1027,positive,0.1027,0.095,0.826,0.079,positive,0.1027,positive,False,0.0,,24,2,0.0,0.0,0.0,0.0833333333333333,0.0,0.0,0.0
3506538596235608,places rarely experiencing load shedding while t even benefit new 6 hour plan power comes 3 hours goes 12 hours know tricks playing s just matter time until loose jobs because corrupt incompetent,False,-0.25,negative,-0.25,0.165,0.642,0.193,negative,-0.25,negative,False,0.0,,33,5,0.0303030303030303,0.0606060606060606,0.0,0.0,0.0303030303030303,0.0606060606060606,0.0303030303030303
472159101770561,russell hibajene muvwende atleast s relief because sometimes 24 hours only power 9hours calculate wasn t good even following schedule,False,0.7184,positive,0.7184,0.273,0.727,0.0,positive,0.7184,positive,False,0.0,,20,2,0.0,0.05,0.0,0.05,0.0,0.05,0.0
513652114864664,natasha mwaba last 2 hrs daily ise ni 3 days comes s only 30 minutes ndipo bativutisa bana ba nfwiti aba,False,0.0,neutral,-1.0,0.0,1.0,0.0,negative,-1.0,negative,True,-1.0,"aba,bana ba",21,1,0.0,0.0476190476190476,0.0,0.0,0.0,0.0476190476190476,0.0
1036372294614865,3 hours power only mu country sure ati iyo tuleteka 2026 voter s card isebenze please,False,0.5574,positive,0.5574,0.277,0.723,0.0,positive,0.5574,positive,False,0.0,,16,0,0.0,0.0,0.0,0.0,0.0,0.0,0.0
1321443768768354,t manually office those calling office bought 07 upto now should like ba dstv inform customers day before start working system,False,0.3612,positive,0.3612,0.116,0.884,0.0,positive,0.3612,positive,False,0.0,,21,4,0.0,0.0476190476190476,0.0,0.0952380952380952,0.0,0.0476190476190476,0.0
656890259509193,speak power gone hope back 11 hrs watching,False,0.4404,positive,0.4404,0.293,0.707,0.0,positive,0.4404,positive,False,0.0,,8,1,0.0,0.125,0.0,0.125,0.0,0.125,0.0
393642039647090,ndipo issue 05 11 17 23 really done us bad kuno ku kamwala south cooking supper 16 hrs waking kuma 04 u mean orogrames cant alternating sure should power come kuma 23 goes kuma 05 nishi u want kill us hunger nayo malasha yadula kindly revisit schedule mweee,False,-0.8371,negative,-0.8371,0.079,0.703,0.218,negative,-0.8371,negative,False,0.0,,48,2,0.0208333333333333,0.0,0.0416666666666666,0.0,0.0416666666666666,0.0,0.03125
1810080229730690,lied us just like ex s used lie us,False,-0.0258,neutral,-0.0258,0.225,0.541,0.234,neutral,-0.0258,neutral,False,0.0,,9,1,0.1111111111111111,0.0,0.0,0.0,0.1111111111111111,0.0,0.1111111111111111
941838613408160,just today power gone twice mutendere,False,0.0,neutral,0.0,0.0,1.0,0.0,neutral,0.0,neutral,False,0.0,,6,0,0.0,0.0,0.0,0.0,0.0,0.0,0.0
963612048411874,question how many hours should power 6hrs off because kitwe went off 23 came back 05 11 went off don t know 6hrs per day,False,0.0,neutral,0.0,0.0,1.0,0.0,neutral,0.0,neutral,False,0.0,,25,2,0.0,0.0,0.0,0.04,0.0,0.0,0.0
513836767949976,told us stabilized power increase supply 3 told us maamba corries megga watts promised us starting today power question press briefing mocking us worst management ever,False,-0.4588,negative,-0.4588,0.147,0.644,0.209,negative,-0.4588,negative,False,0.0,,26,5,0.0384615384615384,0.0,0.0,0.0384615384615384,0.0384615384615384,0.0,0.0384615384615384
2317284321774525,dipsy zambia awe tigulise chabe,False,0.0,neutral,-0.7,0.0,1.0,0.0,negative,-0.7,negative,True,-0.7,awe,5,0,0.0,0.0,0.0,0.0,0.0,0.0,0.0
862608649273728,maclean sandra phiri question too give wrong information,False,-0.4767,negative,-0.4767,0.0,0.693,0.307,negative,-0.4767,negative,False,0.0,,8,3,0.0,0.0,0.0,0.0,0.0,0.0,0.0
3344874239087782,how sure even dam dry wen pf mentioned other party politicised how different situation now like always say people shouldn t talk things don t know now ur turn waiting see how u solve let s factual people voted ain t fools,False,0.6249,positive,0.6249,0.209,0.719,0.072,positive,0.6249,positive,False,0.0,,42,3,0.0,0.0,0.0,0.0238095238095238,0.0,0.0,0.0
1681413012651571,dennis zulu re let finish sentence,False,0.0772,positive,0.0772,0.206,0.794,0.0,positive,0.0772,positive,False,0.0,,6,1,0.1666666666666666,0.1666666666666666,0.1666666666666666,0.0,0.1666666666666666,0.1666666666666666,0.1666666666666666
975812750560377,hi chi regret inconvenience caused kindly dial ussd code 3600 go option number 5 follow prompt retrieve loadshedding group regards cj,False,-0.2023,negative,-0.2023,0.174,0.62,0.205,negative,-0.2023,negative,False,0.0,,21,2,0.0,0.0,0.0,0.0,0.0476190476190476,0.0,0.0238095238095238
503148379258598,nanga behavior iyo ba zesco limited lelo nipa chani kanshi stop boza walk talk,False,-0.4767,negative,-0.4767,0.0,0.745,0.255,negative,-0.4767,negative,False,0.0,,14,2,0.0714285714285714,0.0,0.0,0.0,0.0714285714285714,0.0,0.0714285714285714
492310796602094,christine joanna julio imagine power expect us update,False,0.0,neutral,0.0,0.0,1.0,0.0,neutral,0.0,neutral,False,0.0,,8,1,0.0,0.125,0.0,0.125,0.0,0.125,0.0
1524074918143120,even following own program,False,0.0,neutral,0.0,0.0,1.0,0.0,neutral,0.0,neutral,False,0.0,,4,0,0.0,0.0,0.0,0.0,0.0,0.0,0.0
579517041147242,how dont power nishi prepaid works ku solar,False,0.0,neutral,0.0,0.0,1.0,0.0,neutral,0.0,neutral,False,0.0,,8,0,0.0,0.0,0.0,0.0,0.0,0.0,0.0
724725065639374,feel attacked chelsea fan,False,-0.1779,negative,-0.1779,0.315,0.274,0.411,negative,-0.1779,negative,False,0.0,,4,0,0.0,0.0,0.0,0.0,0.0,0.0,0.0
2182068691972856,titus masumbuku ivunda day made,False,0.0,neutral,0.0,0.0,1.0,0.0,neutral,0.0,neutral,False,0.0,,5,0,0.0,0.0,0.0,0.0,0.0,0.0,0.0
1391164684756543,faith phiri chirwa s ridiculous,False,0.0772,positive,0.0772,0.384,0.274,0.342,positive,0.0772,positive,False,0.0,,5,2,0.2,0.2,0.0,0.2,0.0,0.2,0.1
1091858975810538,temwa kainga yes boi stuck now dont know now,False,0.1779,positive,-0.1220999999999999,0.231,0.598,0.171,negative,-0.1220999999999999,negative,True,-0.3,temwa,9,0,0.0,0.0,0.0,0.0,0.0,0.0,0.0
1659534051134956,power went 8th january 6pm still isn t back 10th ridiculous,False,-0.3612,negative,-0.3612,0.0,0.783,0.217,negative,-0.3612,negative,False,0.0,,11,1,0.0909090909090909,0.0,0.0,0.0,0.0,0.0,0.0454545454545454
1644602329812779,felistus mulabanya let s try said maybe work otherwise maria zesco limited call centre very unprofessional human being,False,-0.6697,negative,-0.6697,0.0,0.732,0.268,negative,-0.6697,negative,False,0.0,,18,1,0.0555555555555555,0.0,0.0,0.0,0.0555555555555555,0.0,0.0555555555555555
1220697095185978,patricia lusheto chuunka bwalya tukose,False,0.0,neutral,0.0,0.0,1.0,0.0,neutral,0.0,neutral,False,0.0,,5,0,0.0,0.0,0.0,0.0,0.0,0.0,0.0
962024962124923,bright mpofu sinkozi yes behaving like zesco well,False,0.8481,positive,0.8481,0.718,0.282,0.0,positive,0.8481,positive,False,0.0,,8,0,0.0,0.0,0.0,0.0,0.0,0.0,0.0
1581636682284758,cleopatra mushipi chomba s exactly time table saying lol 12 2 intervals 6hours per day lol meaning power go 6hrs come 6hrs go another 6hrs case come 17hrs go 23hrs 05hrs come upto 11hrs,False,0.6808,positive,0.6808,0.157,0.843,0.0,positive,0.6808,positive,False,0.0,,34,2,0.0,0.0294117647058823,0.0294117647058823,0.0,0.0294117647058823,0.0294117647058823,0.0147058823529411
6122849527734335,ummm 12 hours too much power place goes 05 hrs should restored 11 hrs goes kuma 11 hrs restored kuma 17 hrs opinion better than 12hrs,False,0.7717,positive,0.7717,0.251,0.749,0.0,positive,0.7717,positive,False,0.0,,26,0,0.0,0.0,0.0,0.0,0.0,0.0,0.0
1594442388149478,emukwai banjeleleko typical bemba tone bushe kanshi excess power fed grid tekushitisha nangu ukukupela akanyapuku energy bills those credits settle generating own power olo s settle other people give cash,False,0.5574,positive,0.5574,0.146,0.854,0.0,positive,0.5574,positive,False,0.0,,30,2,0.0333333333333333,0.0333333333333333,0.0333333333333333,0.0333333333333333,0.0,0.0333333333333333,0.0166666666666666
558946559494916,ndeleki mugande read understand,False,0.0,neutral,0.0,0.0,1.0,0.0,neutral,0.0,neutral,False,0.0,,4,0,0.0,0.0,0.0,0.0,0.0,0.0,0.0
316263504611207,schedule cnt even follow really need competitor loadshedding over 8 hrs yet other places power throughout behaving people less zambians re jokers,False,0.0,neutral,0.0,0.0,1.0,0.0,neutral,0.0,neutral,False,0.0,,22,0,0.0,0.0,0.0,0.0,0.0,0.0,0.0
1307712497246378,happens us dnt smart phones n haven t seen message n top power access tv listen radio n put deadline tomorrow,False,0.5423,positive,0.5423,0.231,0.769,0.0,positive,0.5423,positive,False,0.0,,21,4,0.0,0.0952380952380952,0.0,0.0952380952380952,0.0,0.0952380952380952,0.0
847279377585164,mweene omedy keny long u talk other politicians say something didn t happen s politics dear expected normal person just say whats group father busy having sex wife ati because s father t talk camon most us rulling party being affected,False,0.6077,positive,0.6077,0.139,0.822,0.04,positive,0.6077,positive,False,0.0,,41,10,0.024390243902439,0.0975609756097561,0.0,0.073170731707317,0.0,0.0975609756097561,0.0121951219512195
1681413012651571,joana shula thanks reminding s talking like 5 years old man t remember hh told us,False,0.6597,positive,0.6597,0.329,0.671,0.0,positive,0.6597,positive,False,0.0,,16,0,0.0,0.0,0.0,0.0,0.0,0.0,0.0
1075077654215790,dumbest institution zambia right now want citizens give govt expensive solar power power entire power utility company failed provide people use brains nicely,False,-0.5267,negative,-0.5267,0.141,0.638,0.221,negative,-0.5267,negative,False,0.0,,23,3,0.0,0.0,0.0,0.0434782608695652,0.0,0.0,0.0
1519435088538365,s even staggered us loadshed us 17hrs 23 30hrs 05hrs 11 30hrs s staggered use power 23hrs 05hrs should sleeping change schedule realistic infact loadshedding us 13hrs 20minutes,False,0.0,neutral,0.0,0.0,1.0,0.0,neutral,0.0,neutral,False,0.0,,28,1,0.0,0.0,0.0357142857142857,0.0,0.0,0.0,0.0
918822943645810,saviour alingo chisanga thought too meter doesn t those,False,0.0,neutral,0.0,0.0,1.0,0.0,neutral,0.0,neutral,False,0.0,,9,1,0.0,0.1111111111111111,0.0,0.0,0.0,0.1111111111111111,0.0
158482940565675,even eastern province s worse quick connect national grid least pay ka something,False,-0.4222,negative,-0.4222,0.09,0.695,0.215,negative,-0.4222,negative,False,0.0,,13,2,0.0,0.0769230769230769,0.0769230769230769,0.0769230769230769,0.0769230769230769,0.0769230769230769,0.0384615384615384
761522955769022,also unable press enter arrow prepaid hence cant tell how many units remaining,False,0.0,neutral,0.0,0.0,1.0,0.0,neutral,0.0,neutral,False,0.0,,13,1,0.0,0.0,0.0,0.0,0.0769230769230769,0.0,0.0384615384615384
2498876370301527,manje wednesday 3 october 2024 otherwise doesn t exist calendar too much drama,False,0.0,neutral,-0.3,0.0,1.0,0.0,negative,-0.3,negative,True,-0.3,manje,13,0,0.0,0.0,0.0,0.0,0.0,0.0,0.0
1030676758298108,bali busy ku ndola opening trade fair instead solving problems,False,0.25,positive,0.25,0.326,0.486,0.188,positive,0.25,positive,False,0.0,,10,2,0.0,0.0,0.0,0.1,0.0,0.0,0.0
1352021075572196,christopher chilongo spot big hydro like proposed batoka dam prey climate change zambia zimbabwe should see through folly putting another mega dam stream kariba totally insane,False,-0.1263,negative,-0.1263,0.085,0.814,0.101,negative,-0.1263,negative,False,0.0,,26,4,0.0384615384615384,0.0,0.1153846153846153,0.0,0.0,0.0,0.0192307692307692
613829517097670,power went 06 s still back 7 miles,False,0.0,neutral,0.0,0.0,1.0,0.0,neutral,0.0,neutral,False,0.0,,8,0,0.0,0.0,0.0,0.0,0.0,0.0,0.0
913471983769764,zesco limited key change tokens mean ensure uninterrupted power supply isn t load shedding interrupting power supply need information update should update anything,False,-0.128,negative,-0.128,0.101,0.739,0.16,negative,-0.128,negative,False,0.0,,23,5,0.0434782608695652,0.0,0.0434782608695652,0.0,0.0434782608695652,0.0,0.0434782608695652
1091858975810538,zesco limited how expect us check power only comes few minutes goes kwatenicko order give us power needful,False,-0.2263,negative,-0.2263,0.0,0.899,0.101,negative,-0.2263,negative,False,0.0,,18,3,0.0555555555555555,0.0555555555555555,0.0,0.0555555555555555,0.0555555555555555,0.0555555555555555,0.0555555555555555
516120604508207,chansa chishala kakoma maybe past bills doesn t make sense because prepaid honestly don t get information lacking lot mweh smh,False,0.1779,positive,0.1779,0.135,0.762,0.103,positive,0.1779,positive,False,0.0,,21,4,0.0,0.0,0.0,0.0476190476190476,0.0,0.0,0.0
2518494965028155,waiting stable power lelo nipa 1,False,0.296,positive,0.296,0.355,0.645,0.0,positive,0.296,positive,False,0.0,,6,1,0.0,0.0,0.0,0.1666666666666666,0.0,0.0,0.0
678556187441820,u useless power supply company u mean continue staying darkness upto now failing buy units,False,-0.7964,negative,-0.7964,0.0,0.552,0.448,negative,-0.7964,negative,False,0.0,,15,5,0.1333333333333333,0.1333333333333333,0.1333333333333333,0.0666666666666666,0.1333333333333333,0.1333333333333333,0.1333333333333333
686616486282373,well noted please note greater percentage nation s subjects depend power supply fend households hence need anticipatingly state last know how long should endure r s v p regards,False,0.7096,positive,0.7096,0.247,0.753,0.0,positive,0.7096,positive,False,0.0,,29,7,0.0,0.0689655172413793,0.0,0.0689655172413793,0.0,0.0689655172413793,0.0
606903251613494,zesco useless dear u wait year connect u think president should something tired nuisance,False,-0.4767,negative,-0.4767,0.15,0.52,0.329,negative,-0.4767,negative,False,0.0,,14,6,0.0714285714285714,0.0714285714285714,0.0,0.0714285714285714,0.0,0.0714285714285714,0.0357142857142857
1839651823183184,sure result water myself don t believe,False,0.3182,positive,0.3182,0.315,0.685,0.0,positive,0.3182,positive,False,0.0,,7,2,0.0,0.1428571428571428,0.0,0.1428571428571428,0.0,0.1428571428571428,0.0
852332562654135,hello t find,False,0.0,neutral,0.0,0.0,1.0,0.0,neutral,0.0,neutral,False,0.0,,3,0,0.0,0.0,0.0,0.0,0.0,0.0,0.0
837954824387458,eric bulaya ine 3,False,0.0,neutral,0.0,0.0,1.0,0.0,neutral,0.0,neutral,False,0.0,,4,0,0.0,0.0,0.0,0.0,0.0,0.0,0.0
851116133455292,estella chetulo imagine sure ise ma salon,False,0.3182,positive,0.3182,0.277,0.723,0.0,positive,0.3182,positive,False,0.0,,7,0,0.0,0.0,0.0,0.0,0.0,0.0,0.0
963697571683180,also lying t even keep schedule promise,False,-0.2732,negative,-0.2732,0.237,0.412,0.351,negative,-0.2732,negative,False,0.0,,7,2,0.1428571428571428,0.0,0.0,0.1428571428571428,0.0,0.0,0.0714285714285714
599315079330733,how update electricity,False,0.0,neutral,0.0,0.0,1.0,0.0,neutral,0.0,neutral,False,0.0,,3,1,0.0,0.0,0.0,0.0,0.0,0.0,0.0
1097325081324274,hi ndalela nyambe sincerely apologize inconvenience caused kindly inbox meter number nearest landmark premises active contact number complaint registration alternatively dial 3600 use zesco whatsapp number 260762626977 following prompts register fault follow ups kind regards pm,False,0.8225,positive,0.8225,0.377,0.476,0.147,positive,0.8225,positive,False,0.0,,36,7,0.0277777777777777,0.0,0.0,0.0833333333333333,0.0555555555555555,0.0,0.0416666666666666
555968896785221,chilishani kanshi tepa wanu lelo,False,0.0,neutral,0.0,0.0,1.0,0.0,neutral,0.0,neutral,False,0.0,,5,0,0.0,0.0,0.0,0.0,0.0,0.0,0.0
1160356592050838,zesco limited want apologize right thing power went 5 30 hrs,False,-0.0516,negative,-0.0516,0.233,0.603,0.164,negative,-0.0516,negative,False,0.0,,11,2,0.0909090909090909,0.0,0.0,0.0909090909090909,0.1818181818181818,0.0,0.1363636363636363
713523457015118,kudos zesco management much better schedule,False,0.7351,positive,0.7351,0.608,0.392,0.0,positive,0.7351,positive,False,0.0,,6,2,0.0,0.0,0.0,0.1666666666666666,0.0,0.0,0.0
1268172254402121,use solar check,False,0.0,neutral,0.0,0.0,1.0,0.0,neutral,0.0,neutral,False,0.0,,3,0,0.0,0.0,0.0,0.0,0.0,0.0,0.0
1214925962764712,regina gumbo say think want us protest,False,-0.1779,negative,-0.1779,0.157,0.602,0.241,negative,-0.1779,negative,False,0.0,,7,0,0.0,0.0,0.0,0.0,0.0,0.0,0.0
130765013432625,people complaining 6 weeks great improvement zesco cause people used complain waited years years connected,False,0.5859,positive,0.5859,0.332,0.467,0.201,positive,0.5859,positive,False,0.0,,15,2,0.0666666666666666,0.0,0.0,0.0666666666666666,0.0666666666666666,0.0,0.0666666666666666
724725065639374,means seller also serious,False,-0.0772,negative,-0.0772,0.0,0.698,0.302,negative,-0.0772,negative,False,0.0,,4,0,0.0,0.0,0.0,0.0,0.0,0.0,0.0
416841741112021,chanda victoria mulundu sounds like fault loadshedding similar experience until l reported fault know loadshedding comes lot faults system report,False,-0.7184,negative,-0.7184,0.096,0.577,0.327,negative,-0.7184,negative,False,0.0,,20,3,0.0,0.0,0.0,0.05,0.1,0.0,0.05
3776966142524873,lelo ni pa 1 manje bakamba chani futi,False,0.0,neutral,-0.3,0.0,1.0,0.0,negative,-0.3,negative,True,-0.3,manje,8,0,0.0,0.0,0.0,0.0,0.0,0.0,0.0
1018856230036237,twalakosa hh mpaka 2090,False,0.0,neutral,0.0,0.0,1.0,0.0,neutral,0.0,neutral,False,0.0,,4,0,0.0,0.0,0.0,0.0,0.0,0.0,0.0
1727140147766925,k200 bought only 134units how ba zesco,False,0.0,neutral,0.0,0.0,1.0,0.0,neutral,0.0,neutral,False,0.0,,7,0,0.0,0.0,0.0,0.0,0.0,0.0,0.0
1625424375051588,metre works electricity s electricity,False,0.0,neutral,0.0,0.0,1.0,0.0,neutral,0.0,neutral,False,0.0,,5,2,0.0,0.0,0.0,0.0,0.0,0.0,0.0
8207205366024150,kennedy muzyamba exactly point 1 month wait 3 hour day schedule,False,0.0,neutral,0.0,0.0,1.0,0.0,neutral,0.0,neutral,False,0.0,,11,1,0.0,0.0909090909090909,0.0,0.0,0.0,0.0909090909090909,0.0
1337037643724222,night theft come back lusaka how possible lusaka night load shedding made way power goes around 18hours come 23hours issue power going midnight given room thieves,False,-0.5106,negative,-0.5106,0.0,0.883,0.117,negative,-0.5106,negative,False,0.0,,26,1,0.0384615384615384,0.0,0.0384615384615384,0.0,0.0384615384615384,0.0,0.0384615384615384
844212421225503,just remove zesco bring chinese since mwakangiwa try china now japan,False,0.0,neutral,0.0,0.0,1.0,0.0,neutral,0.0,neutral,False,0.0,,11,1,0.0909090909090909,0.0,0.0909090909090909,0.0,0.0909090909090909,0.0,0.0909090909090909
1657317551537951,nancy prisháàn s mum kudoba bantu kuipa anso,False,0.0,neutral,0.0,0.0,1.0,0.0,neutral,0.0,neutral,False,0.0,,8,1,0.0,0.0,0.125,0.0,0.0,0.0,0.0
619615453679735,6 weeks u r complaining took 4 yrs kkk,False,-0.2023,negative,-0.2023,0.0,0.69,0.31,negative,-0.2023,negative,False,0.0,,9,0,0.0,0.0,0.0,0.0,0.0,0.0,0.0
293147676407354,ifwe twachishala na 00 00 managed buy,False,0.0,neutral,0.0,0.0,1.0,0.0,neutral,0.0,neutral,False,0.0,,7,0,0.0,0.0,0.0,0.0,0.0,0.0,0.0
934856014849054,zesco limited longer load shedding hours solwezi,False,-0.2263,negative,-0.2263,0.0,0.759,0.241,negative,-0.2263,negative,False,0.0,,7,1,0.1428571428571428,0.0,0.0,0.0,0.1428571428571428,0.0,0.1428571428571428
618831263798949,nhamo afiya chiwila 3 weeks now s too much mwe,False,0.0,neutral,0.0,0.0,1.0,0.0,neutral,0.0,neutral,False,0.0,,10,0,0.0,0.0,0.0,0.0,0.0,0.0,0.0
3414252175453607,wanted say something now don t remember life chai,False,0.0,neutral,0.0,0.0,1.0,0.0,neutral,0.0,neutral,False,0.0,,9,1,0.0,0.0,0.0,0.1111111111111111,0.0,0.0,0.0
711341783832512,23 05 works perfectly,False,0.6369,positive,0.6369,0.583,0.417,0.0,positive,0.6369,positive,False,0.0,,4,0,0.0,0.0,0.0,0.0,0.0,0.0,0.0
1787411975126833,don t power since last month,False,0.0,neutral,0.0,0.0,1.0,0.0,neutral,0.0,neutral,False,0.0,,6,1,0.0,0.0,0.0,0.1666666666666666,0.0,0.0,0.0
1195076778383619,grade 3 school drop asking apply ndola s just lusaka,False,-0.2732,negative,-0.2732,0.0,0.769,0.231,negative,-0.2732,negative,False,0.0,,10,1,0.0,0.0,0.0,0.1,0.0,0.0,0.0
1079026869751807,kkkkk those just wait seconds,False,0.0,neutral,0.0,0.0,1.0,0.0,neutral,0.0,neutral,False,0.0,,5,1,0.0,0.2,0.0,0.0,0.0,0.2,0.0
877475911019261,october ati bwanji ba zesco ka promise,False,0.3182,positive,0.3182,0.277,0.723,0.0,positive,0.3182,positive,False,0.0,,7,1,0.0,0.0,0.0,0.1428571428571428,0.0,0.0,0.0
904776834841201,still september aini,False,0.0,neutral,0.0,0.0,1.0,0.0,neutral,0.0,neutral,False,0.0,,3,0,0.0,0.0,0.0,0.0,0.0,0.0,0.0
1220697095185978,iyeee sorry dear just imagine,False,0.3182,positive,0.3182,0.377,0.435,0.188,positive,0.3182,positive,False,0.0,,5,1,0.0,0.0,0.0,0.0,0.0,0.0,0.0
1329032821280592,improvement long s once day,False,0.4588,positive,0.4588,0.5,0.5,0.0,positive,0.4588,positive,False,0.0,,5,2,0.0,0.2,0.0,0.2,0.0,0.2,0.0
1231153124161242,mmmmm finally something sensible now let s wait follow least know felt pressure people,False,-0.296,negative,-0.296,0.0,0.845,0.155,negative,-0.296,negative,False,0.0,,14,3,0.0,0.1428571428571428,0.0,0.0714285714285714,0.0,0.1428571428571428,0.0
1043768537239482,foolishness blaming hh while lungu administration used loot mukula tree lungu messed climate deforestation comes idiot blaming hh current situation,False,-0.9313,negative,-0.9313,0.0,0.502,0.498,negative,-0.9313,negative,False,0.0,,20,4,0.05,0.05,0.0,0.05,0.0,0.05,0.025
571034538582324,lelo nipa 1 already 24hrs without power,False,0.0,neutral,0.0,0.0,1.0,0.0,neutral,0.0,neutral,False,0.0,,7,0,0.0,0.0,0.0,0.0,0.0,0.0,0.0
402137349350108,elita sheleni traumatizing experience,False,-0.5106,negative,-0.5106,0.0,0.476,0.524,negative,-0.5106,negative,False,0.0,,4,0,0.0,0.0,0.0,0.0,0.0,0.0,0.0
1060427922191525,zesco limited people interested hear net metering power stability promised laboured explain today 1st october still black outs need consistent statements,False,0.5106,positive,0.5106,0.207,0.717,0.076,positive,0.5106,positive,False,0.0,,21,4,0.0476190476190476,0.0,0.0,0.0476190476190476,0.1428571428571428,0.0,0.0952380952380952
1077796063324363,zesco limited keep including industrial don t even load shed meanwhile bakeries running losses industrial b,False,-0.5574,negative,-0.5574,0.0,0.723,0.277,negative,-0.5574,negative,False,0.0,,16,4,0.0625,0.0,0.0,0.0625,0.0625,0.0,0.0625
1864348144093796,joshua kosamu soooo outrageous,False,-0.4588,negative,-0.4588,0.0,0.5,0.5,negative,-0.4588,negative,False,0.0,,4,1,0.0,0.0,0.0,0.0,0.0,0.0,0.0
1118211136318311,mukuka tinah mutale even s updated because power came kuma 01,False,0.0,neutral,0.0,0.0,1.0,0.0,neutral,0.0,neutral,False,0.0,,11,0,0.0,0.0,0.0,0.0,0.0,0.0,0.0
1864348144093796,y funny af because ain t way re seriously telling people right now giving till tomorrow,False,0.5574,positive,0.5574,0.294,0.611,0.094,positive,0.5574,positive,False,0.0,,16,2,0.0,0.0625,0.0,0.0,0.0,0.0625,0.0
140270599079498,pa long weekend sure poor customer service eddie kalombo silwizya,False,-0.2023,negative,-0.2023,0.172,0.597,0.231,negative,-0.2023,negative,False,0.0,,10,2,0.0,0.1,0.0,0.0,0.0,0.1,0.0
475797351387622,susan j stephens still 12 hours,False,0.0,neutral,0.0,0.0,1.0,0.0,neutral,0.0,neutral,False,0.0,,6,0,0.0,0.0,0.0,0.0,0.0,0.0,0.0
1152560722344980,lucky others goes 2 years kikikiki,False,0.4215,positive,0.4215,0.412,0.588,0.0,positive,0.4215,positive,False,0.0,,6,1,0.0,0.0,0.0,0.0,0.0,0.0,0.0
2907914509352052,working area still having 15 hours power,False,0.0,neutral,0.0,0.0,1.0,0.0,neutral,0.0,neutral,False,0.0,,7,1,0.0,0.0,0.0,0.0,0.0,0.0,0.0
407599322250521,us loadedshedded 10 hours 11hrs 21hrs awe s too much,False,0.0,neutral,-0.7,0.0,1.0,0.0,negative,-0.7,negative,True,-0.7,awe,10,0,0.0,0.0,0.0,0.0,0.0,0.0,0.0
1681413012651571,dennis zulu ndiwe kapuba zesco customers signed contract supply power don t care power comes rains air,False,0.4939,positive,0.4939,0.176,0.824,0.0,positive,0.4939,positive,False,0.0,,17,2,0.0,0.0,0.0,0.0588235294117647,0.0,0.0,0.0
2717078595167447,happens welder needs feed family 24hrs 03 hrs,False,0.0,neutral,0.0,0.0,1.0,0.0,neutral,0.0,neutral,False,0.0,,8,0,0.0,0.0,0.0,0.0,0.0,0.0,0.0
857332325321181,boza kulibe pa 3600,False,0.0,neutral,0.0,0.0,1.0,0.0,neutral,0.0,neutral,False,0.0,,4,0,0.0,0.0,0.0,0.0,0.0,0.0,0.0
489266630038074,ackim katebe how experience loadsheding rain season how september october worse very much confused government indeed ni ba chipante pante,False,-0.6887,negative,-0.6887,0.0,0.76,0.24,negative,-0.6887,negative,False,0.0,,20,2,0.0,0.0,0.1,0.0,0.05,0.0,0.025
1032891124985265,finally stable schedule 3hrs nonsense awe 2024 year own,True,-0.128,negative,-0.828,0.185,0.588,0.227,negative,-0.828,negative,True,-0.7,awe,9,3,0.0,0.1111111111111111,0.0,0.2222222222222222,0.0,0.1111111111111111,0.0
913157799847897,ain t guys following time table,False,0.0,neutral,0.0,0.0,1.0,0.0,neutral,0.0,neutral,False,0.0,,6,1,0.0,0.1666666666666666,0.0,0.0,0.0,0.1666666666666666,0.0
807091348033010,susan j stephens good idea,False,0.4404,positive,0.4404,0.492,0.508,0.0,positive,0.4404,positive,False,0.0,,5,1,0.0,0.2,0.0,0.2,0.0,0.2,0.0
512477794982260,government brok,False,0.0,neutral,0.0,0.0,1.0,0.0,neutral,0.0,neutral,False,0.0,,2,1,0.0,0.0,0.5,0.0,0.0,0.0,0.0
1338452506889039,power went 05 00 came back around 16 00 went 22 00 came back around 04 00 apa m just working kuma 07 00 yaya ll damage properties,False,-0.4939,negative,-0.4939,0.0,0.89,0.11,negative,-0.4939,negative,False,0.0,,28,2,0.0357142857142857,0.0,0.0,0.0,0.0357142857142857,0.0,0.0357142857142857
1077288923765680,u said 1 october s happening still power since sunday,False,0.0,neutral,0.0,0.0,1.0,0.0,neutral,0.0,neutral,False,0.0,,10,0,0.0,0.0,0.0,0.0,0.0,0.0,0.0
3405577213095566,boyd kalubanca s too much boss,False,0.0,neutral,0.0,0.0,1.0,0.0,neutral,0.0,neutral,False,0.0,,6,0,0.0,0.0,0.0,0.0,0.0,0.0,0.0
850448113530235,want schedule noti,False,0.0772,positive,0.0772,0.394,0.606,0.0,positive,0.0772,positive,False,0.0,,3,0,0.0,0.0,0.0,0.0,0.0,0.0,0.0
1873621619794130,ba ze nipa 1 okotomber lelo,False,0.0,neutral,0.0,0.0,1.0,0.0,neutral,0.0,neutral,False,0.0,,6,0,0.0,0.0,0.0,0.0,0.0,0.0,0.0
1550477338905911,judith nyachikanda sweta imagine awe zesco make miss heaven,False,0.4019,positive,-0.2981,0.277,0.588,0.134,negative,-0.2981,negative,True,-0.7,awe,9,0,0.0,0.0,0.0,0.0,0.0,0.0,0.0
260428126832806,area committed kudos zesco coz week came connect electricity,False,0.6597,positive,0.6597,0.435,0.565,0.0,positive,0.6597,positive,False,0.0,,9,3,0.0,0.0,0.0,0.1111111111111111,0.0,0.0,0.0
460000529681418,how improvement now 24hrs places indicated schedule break authentic issue zesco,False,0.4588,positive,0.4588,0.231,0.769,0.0,positive,0.4588,positive,False,0.0,,11,3,0.0,0.0,0.0,0.1818181818181818,0.0,0.0,0.0
1492804684761161,vitengeni che vimalaiti vanu imwe,False,0.0,neutral,0.0,0.0,1.0,0.0,neutral,0.0,neutral,False,0.0,,5,0,0.0,0.0,0.0,0.0,0.0,0.0,0.0
958142769405125,good few months things would go sideways bad worse cus economy cost living would raised higher than re facing now,False,-0.5719,negative,-0.5719,0.109,0.642,0.249,negative,-0.5719,negative,False,0.0,,20,4,0.05,0.05,0.1,0.1,0.1,0.05,0.075
808712503884193,someone please assist check units managed buy using mtn received messages yet,False,0.3182,positive,0.3182,0.173,0.827,0.0,positive,0.3182,positive,False,0.0,,12,2,0.0,0.0,0.0,0.0833333333333333,0.0,0.0,0.0
8207205366024150,kennedy muzyamba nothing changed just playing minds,False,-0.1511,negative,-0.1511,0.0,0.79,0.21,negative,-0.1511,negative,False,0.0,,7,0,0.0,0.0,0.0,0.0,0.0,0.0,0.0
807091348033010,susan j stephens share link please because ine t manage,False,0.5423,positive,0.5423,0.429,0.571,0.0,positive,0.5423,positive,False,0.0,,10,2,0.0,0.1,0.0,0.2,0.0,0.1,0.0
916035357334716,failing since morning please help dark,False,0.1779,positive,0.1779,0.442,0.265,0.292,positive,0.1779,positive,False,0.0,,6,2,0.1666666666666666,0.1666666666666666,0.1666666666666666,0.0,0.3333333333333333,0.1666666666666666,0.25
1681413012651571,dennis zulu lishilu ili don t mind 3hrs ati appreciate,False,0.4019,positive,0.4019,0.252,0.748,0.0,positive,0.4019,positive,False,0.0,,10,1,0.0,0.0,0.0,0.1,0.0,0.0,0.0
1998224180681414,thedrina zee vlahakis kumwenda sis thoughts exactly expect us come house meter outside night check very stupid,False,-0.5709,negative,-1.0,0.0,0.812,0.188,negative,-1.0,negative,True,-0.5,zee,17,2,0.0,0.0588235294117647,0.0,0.0588235294117647,0.0,0.0588235294117647,0.0
1206656877068767,zesco respond questions since customer care service responding calls how check system updated meter boxes buttons,False,0.4939,positive,0.4939,0.176,0.824,0.0,positive,0.4939,positive,False,0.0,,16,3,0.0,0.0625,0.0,0.125,0.0,0.0625,0.0
6877744568925424,violet zimba request tokens,False,0.0,neutral,0.0,0.0,1.0,0.0,neutral,0.0,neutral,False,0.0,,4,0,0.0,0.0,0.0,0.0,0.0,0.0,0.0
1040263964437101,don t pretend lelo nipa viyasheni vima laiti,False,-0.1027,negative,-0.1027,0.0,0.811,0.189,negative,-0.1027,negative,False,0.0,,8,2,0.0,0.0,0.0,0.125,0.0,0.0,0.0
1077796063324363,marie michelle heviamoorima valid statement let zesco put into consideration,False,0.0,neutral,0.0,0.0,1.0,0.0,neutral,0.0,neutral,False,0.0,,10,1,0.0,0.0,0.0,0.1,0.0,0.0,0.0
1259562757957102,phiri knox lucas lol,False,0.4215,positive,0.4215,0.483,0.517,0.0,positive,0.4215,positive,False,0.0,,4,0,0.0,0.0,0.0,0.0,0.0,0.0,0.0
1252220168979432,misheck cheleka charge phone once nd doesn t drain easily,False,0.34,positive,0.34,0.231,0.769,0.0,positive,0.34,positive,False,0.0,,10,0,0.0,0.0,0.0,0.0,0.0,0.0,0.0
2159092774486716,pushing excess power into national grid s lot power just physics even using infrastructure required connection worth kindly explain,False,0.6249,positive,0.6249,0.242,0.758,0.0,positive,0.6249,positive,False,0.0,,19,4,0.0,0.0,0.0,0.0526315789473684,0.0,0.0,0.0
618831263798949,elizabeth destiny guys make go crazy,False,-0.34,negative,-0.34,0.0,0.676,0.324,negative,-0.34,negative,False,0.0,,6,1,0.1666666666666666,0.0,0.1666666666666666,0.0,0.1666666666666666,0.0,0.1666666666666666
2403852459810762,lelo nipa power already gone,False,0.0,neutral,0.0,0.0,1.0,0.0,neutral,0.0,neutral,False,0.0,,5,0,0.0,0.0,0.0,0.0,0.0,0.0,0.0
843687560662741,irene banda werent given receipt reference number,False,0.0772,positive,0.0772,0.178,0.822,0.0,positive,0.0772,positive,False,0.0,,7,0,0.0,0.0,0.0,0.0,0.0,0.0,0.0
318945434035329,problem ba bwaana too fast,False,-0.4019,negative,-0.4019,0.0,0.597,0.403,negative,-0.4019,negative,False,0.0,,5,1,0.0,0.0,0.2,0.0,0.2,0.0,0.1
3612386102338418,sit down naimwe just 6 weeks u complaining,False,-0.2023,negative,-0.6023000000000001,0.0,0.735,0.265,negative,-0.6023000000000001,negative,True,-0.4,naimwe,8,0,0.0,0.0,0.0,0.0,0.0,0.0,0.0
837517727541875,guuya blessings mainsa mum,False,0.5423,positive,0.5423,0.538,0.462,0.0,positive,0.5423,positive,False,0.0,,4,2,0.0,0.25,0.25,0.25,0.0,0.25,0.0
506474755550925,ba group e twali chula know just keep 3 hours,False,0.0,neutral,0.0,0.0,1.0,0.0,neutral,0.0,neutral,False,0.0,,10,0,0.0,0.0,0.0,0.0,0.0,0.0,0.0
577374840868329,chizapu simatimbe totally agree know people date never zesco go area wondering lives around those area s,False,0.4201,positive,0.4201,0.157,0.843,0.0,positive,0.4201,positive,False,0.0,,17,1,0.0,0.0,0.0,0.0,0.0,0.0,0.0
955269169672570,zesco limited pray get assistance time every call center agent would just apologise nipano tuli business terribly affected sending,False,-0.296,negative,-0.296,0.188,0.538,0.273,negative,-0.296,negative,False,0.0,,19,6,0.0526315789473684,0.1052631578947368,0.0526315789473684,0.1052631578947368,0.1052631578947368,0.1052631578947368,0.0789473684210526
1180490613114188,zesco limited noted thanks,False,0.25,positive,0.25,0.426,0.294,0.279,positive,0.25,positive,False,0.0,,4,2,0.25,0.0,0.0,0.0,0.25,0.0,0.25
2263675380677956,va zee vo zizila,False,0.0,neutral,-0.5,0.0,1.0,0.0,negative,-0.5,negative,True,-0.5,zee,4,0,0.0,0.0,0.0,0.0,0.0,0.0,0.0
1268315873726537,wenye kuno still experiencing 12hrs,False,0.0,neutral,0.0,0.0,1.0,0.0,neutral,0.0,neutral,False,0.0,,5,0,0.0,0.0,0.0,0.0,0.0,0.0,0.0
1307712497246378,luisa yamba mu injury week namo nempiya yama unit theriz,False,-0.4215,negative,-0.4215,0.0,0.763,0.237,negative,-0.4215,negative,False,0.0,,10,1,0.1,0.0,0.1,0.0,0.1,0.0,0.1
949282917177253,true chawama still having 20 hrs plus load shedding only power 24 05 everyday s too much look into,False,0.4215,positive,0.4215,0.141,0.859,0.0,positive,0.4215,positive,False,0.0,,19,1,0.0,0.0,0.0,0.0526315789473684,0.0,0.0,0.0
948731537070898,fi fwaka mupepa fikali also want how put short deadline pa 24 doing assignment us away home,False,0.0772,positive,-0.7228,0.075,0.925,0.0,negative,-0.7228,negative,True,-0.8,fwaka,17,0,0.0,0.0,0.0,0.0,0.0,0.0,0.0
2120091688460696,hell four days without power company quite help complete number 32723604 other house lower power,False,-0.5012,negative,-0.5012,0.204,0.492,0.304,negative,-0.5012,negative,False,0.0,,15,2,0.0666666666666666,0.0,0.0666666666666666,0.0,0.1333333333333333,0.0,0.1
1622974748123377,stop dangote invest power plant guys afraid competition anyway best,False,0.4588,positive,0.4588,0.292,0.556,0.153,positive,0.4588,positive,False,0.0,,10,2,0.0,0.1,0.1,0.0,0.0,0.1,0.0
1469870400514177,took only two days connected paid friday monday connected,False,0.0,neutral,0.0,0.0,1.0,0.0,neutral,0.0,neutral,False,0.0,,9,0,0.0,0.0,0.0,0.0,0.0,0.0,0.0
6877744568925424,mwila milambo firstly u report issue request ur prepaid number u wait minutes,False,0.0772,positive,0.0772,0.115,0.885,0.0,positive,0.0772,positive,False,0.0,,13,1,0.0,0.0769230769230769,0.0,0.0,0.0,0.0769230769230769,0.0
481698757452496,frank curtis brown very true,False,0.4754,positive,0.4754,0.436,0.564,0.0,positive,0.4754,positive,False,0.0,,5,2,0.0,0.0,0.0,0.4,0.0,0.0,0.0
1450787622191278,pearl freeman ask,False,0.4019,positive,0.4019,0.574,0.426,0.0,positive,0.4019,positive,False,0.0,,3,0,0.0,0.0,0.0,0.0,0.0,0.0,0.0
1064385481806396,kony kumz imagine aiii midnight,False,0.0,neutral,0.0,0.0,1.0,0.0,neutral,0.0,neutral,False,0.0,,5,0,0.0,0.0,0.0,0.0,0.0,0.0,0.0
3817640505157682,zesco limitedif s company just likes test patience calmness people zambia s people increasing tariffs promising 7 hours supply just going back word power over 48 hours salama park chelston green area zesco limited tired being given useless complaint numbers say resolved power hasn t restored s fault send people come fix issue salama park under chelston green tired,True,-0.4767,negative,-0.4767,0.174,0.608,0.218,negative,-0.4767,negative,False,0.0,,59,13,0.0338983050847457,0.0169491525423728,0.0,0.0677966101694915,0.0338983050847457,0.0169491525423728,0.0338983050847457
420600777720942,mathews tonga jr also wondering,False,0.0,neutral,0.0,0.0,1.0,0.0,neutral,0.0,neutral,False,0.0,,5,0,0.0,0.0,0.0,0.0,0.0,0.0,0.0
1220697095185978,magret alexanders nakabaghe iyeee feel kwisa,False,0.0,neutral,0.0,0.0,1.0,0.0,neutral,0.0,neutral,False,0.0,,6,0,0.0,0.0,0.0,0.0,0.0,0.0,0.0
993046348748518,tv fridge nafipoka tomorrow im bringing pa zesco hq paka mushitile fimbi,False,0.0,neutral,0.0,0.0,1.0,0.0,neutral,0.0,neutral,False,0.0,,12,1,0.0,0.0833333333333333,0.0,0.0,0.0,0.0833333333333333,0.0
918822943645810,saviour alingo chisanga answers,False,0.0,neutral,0.0,0.0,1.0,0.0,neutral,0.0,neutral,False,0.0,,4,0,0.0,0.0,0.0,0.0,0.0,0.0,0.0
610802407817623,susan mulenga zulu units enter,False,0.0,neutral,0.0,0.0,1.0,0.0,neutral,0.0,neutral,False,0.0,,5,0,0.0,0.0,0.0,0.0,0.0,0.0,0.0
226673656968115,hv managed purchase now despite entering correct figures say error,False,-0.4019,negative,-0.4019,0.0,0.769,0.231,negative,-0.4019,negative,False,0.0,,10,1,0.0,0.0,0.0,0.0,0.1,0.0,0.05
701986788105808,ifwe kuno yele 05 12hrs zero zero still,False,0.0,neutral,0.0,0.0,1.0,0.0,neutral,0.0,neutral,False,0.0,,8,0,0.0,0.0,0.0,0.0,0.0,0.0,0.0
585587983923656,ve power 2 days now chamba valley,False,0.0,neutral,0.0,0.0,1.0,0.0,neutral,0.0,neutral,False,0.0,,7,0,0.0,0.0,0.0,0.0,0.0,0.0,0.0
425161906424474,eish pressure getting worser regardless now schools open need power 5 morning 7 morning just prepare bundros joy please wish put into consideration because uku kosha inkuni kuma zero 4 warming water bath awe mu 2023,False,0.6369,positive,-0.0630999999999999,0.244,0.634,0.122,negative,-0.0630999999999999,negative,True,-0.7,awe,36,4,0.0,0.0277777777777777,0.0,0.0,0.0,0.0277777777777777,0.0
843687560662741,alphet dokowe hazppened us too applied zesco kantehemba electrification paid k2500 never saw actual work connecting line woman till took money transfered somewhere else never recovered money,False,0.0,neutral,0.0,0.0,1.0,0.0,neutral,0.0,neutral,False,0.0,,27,3,0.074074074074074,0.074074074074074,0.0,0.074074074074074,0.0,0.074074074074074,0.037037037037037
725527018935582,kwatu malaiti went two days ago how things survive mu fridge,False,0.0,neutral,-0.2,0.0,1.0,0.0,negative,-0.2,negative,True,-0.2,malaiti,11,1,0.0,0.0,0.0,0.0,0.0,0.0,0.0
382025698309470,get serious 1st october net metering,False,-0.0772,negative,-0.0772,0.0,0.794,0.206,negative,-0.0772,negative,False,0.0,,6,0,0.0,0.0,0.0,0.0,0.0,0.0,0.0
1353668848789272,okay things getting better day hoping best,False,0.8957,positive,0.8957,0.797,0.203,0.0,positive,0.8957,positive,False,0.0,,7,0,0.0,0.0,0.0,0.0,0.0,0.0,0.0
6877744568925424,mwansa mulenga 3600 working,False,0.0,neutral,0.0,0.0,1.0,0.0,neutral,0.0,neutral,False,0.0,,4,1,0.0,0.0,0.0,0.0,0.0,0.0,0.0
1128801438953530,bebetty yenesha henry kapata good kind information,False,0.743,positive,0.743,0.558,0.442,0.0,positive,0.743,positive,False,0.0,,7,3,0.0,0.1428571428571428,0.0,0.2857142857142857,0.0,0.1428571428571428,0.0
1134579711021493,zesco limited restored 07 40,False,0.128,positive,0.128,0.329,0.411,0.26,positive,0.128,positive,False,0.0,,5,1,0.2,0.0,0.0,0.0,0.2,0.0,0.2
956324979489132,jacob israel malinuchi just imagine,False,0.0,neutral,0.0,0.0,1.0,0.0,neutral,0.0,neutral,False,0.0,,5,0,0.0,0.0,0.0,0.0,0.0,0.0,0.0
3799239766956172,chi sanga least even know group,False,0.0,neutral,0.0,0.0,1.0,0.0,neutral,0.0,neutral,False,0.0,,6,0,0.0,0.0,0.0,0.0,0.0,0.0,0.0
324876200093203,s better than happening pf,False,0.4404,positive,0.4404,0.492,0.508,0.0,positive,0.4404,positive,False,0.0,,5,0,0.0,0.0,0.0,0.0,0.0,0.0,0.0
841991163531334,grace nonde kombe annoying even say 23 power went 22 instead 5 power comes almost 6,False,0.0258,neutral,0.0258,0.16,0.686,0.154,neutral,0.0258,neutral,False,0.0,,16,2,0.0625,0.0,0.0,0.0,0.0,0.0,0.03125
837517727541875,philimo voice afrika awe covid twakana malasha better,True,0.4404,positive,-0.2595999999999999,0.293,0.707,0.0,negative,-0.2595999999999999,negative,True,-0.7,awe,8,0,0.0,0.0,0.0,0.0,0.0,0.0,0.0
2269644953433951,good part like zesco stabilizing power,False,0.6597,positive,0.6597,0.574,0.426,0.0,positive,0.6597,positive,False,0.0,,6,1,0.0,0.1666666666666666,0.0,0.1666666666666666,0.0,0.1666666666666666,0.0
441218815638092,isn t same schedule having,False,0.0,neutral,0.0,0.0,1.0,0.0,neutral,0.0,neutral,False,0.0,,5,0,0.0,0.0,0.0,0.0,0.0,0.0,0.0
1205985963828776,kaya how check meter us kabwata site service thrown dust bin comes power zesco limited let s order,False,-0.2263,negative,-0.5263,0.0,0.894,0.106,negative,-0.5263,negative,True,-0.3,kaya,18,2,0.0555555555555555,0.0,0.0,0.0,0.0555555555555555,0.0,0.0555555555555555
9496256920444196,reverse unsuccessful transactions don t make us follow tokens offices,False,-0.3612,negative,-0.3612,0.0,0.762,0.238,negative,-0.3612,negative,False,0.0,,10,2,0.0,0.0,0.0,0.1,0.1,0.0,0.05
975369947454687,05 54 til now 16 00 don t power ati 8 hrs awe failing zesco,False,-0.5106,negative,-1.0,0.0,0.784,0.216,negative,-1.0,negative,True,-0.7,awe,15,2,0.0666666666666666,0.0666666666666666,0.0666666666666666,0.0666666666666666,0.0666666666666666,0.0666666666666666,0.0666666666666666
1539253826550352,miles jay man iwe lekaifyo ve split 12 hours two s re experiencing double black outs day like off 05to 11hrs same day 18 24 hrs,False,0.3612,positive,0.3612,0.094,0.906,0.0,positive,0.3612,positive,False,0.0,,26,2,0.0,0.0,0.0,0.0,0.0384615384615384,0.0,0.0192307692307692
3762070777372623,suwilanji khane kaoma s power cut anyhow,False,-0.2732,negative,-0.2732,0.0,0.704,0.296,negative,-0.2732,negative,False,0.0,,7,0,0.0,0.0,0.0,0.0,0.0,0.0,0.0
554598666988182,today first october yesterday didn t power only restore today hour cut promised stability power mean minister lied us too much don t play us,False,0.34,positive,0.34,0.238,0.604,0.158,positive,0.34,positive,False,0.0,,25,1,0.0,0.0,0.0,0.04,0.0,0.0,0.0
472159101770561,peter gondwe help partly unlike having power entire day achieve half way wouldn t achieved without power consistent 12hrs,False,0.4019,positive,0.4019,0.137,0.863,0.0,positive,0.4019,positive,False,0.0,,19,1,0.0,0.0,0.0,0.0526315789473684,0.0,0.0,0.0
824418318637408,started yesterday us way go posting hours later far worst possible company zambia forget gives money yet industrial companies power 24 7 nice,False,-0.4939,negative,-0.4939,0.101,0.683,0.216,negative,-0.4939,negative,False,0.0,,23,2,0.0434782608695652,0.0434782608695652,0.0,0.0434782608695652,0.0,0.0434782608695652,0.0217391304347826
696005628557085,someone playing dirty game zesco management don t need given plans head state themselves,False,-0.2732,negative,-0.2732,0.115,0.701,0.185,negative,-0.2732,negative,False,0.0,,14,3,0.0,0.0,0.0,0.1428571428571428,0.0,0.0,0.0
900978594666497,malango musukuma ended ended,False,0.0,neutral,0.0,0.0,1.0,0.0,neutral,0.0,neutral,False,0.0,,4,0,0.0,0.0,0.0,0.0,0.0,0.0,0.0
509915288589240,mamba under going maintenance september subjected 3 hrs loadshedding daily know mamba full operations plus imports form sa still 3 hrs power things don t add s incompetence s highest level,False,-0.5106,negative,-0.5106,0.0,0.883,0.117,negative,-0.5106,negative,False,0.0,,31,8,0.0,0.064516129032258,0.032258064516129,0.0967741935483871,0.032258064516129,0.064516129032258,0.0161290322580645
897159995517444,invest solar wind naimwe sure,False,0.3182,positive,-0.0818,0.365,0.635,0.0,negative,-0.0818,negative,True,-0.4,naimwe,5,0,0.0,0.0,0.0,0.0,0.0,0.0,0.0
492310796602094,christine joanna julio question too,False,0.0,neutral,0.0,0.0,1.0,0.0,neutral,0.0,neutral,False,0.0,,5,1,0.0,0.0,0.0,0.0,0.0,0.0,0.0
3936850839927381,how go doing cable supposed supply electricity house stolen week plus now,False,-0.4939,negative,-0.4939,0.0,0.775,0.225,negative,-0.4939,negative,False,0.0,,12,4,0.0833333333333333,0.0,0.0,0.0,0.0,0.0,0.0416666666666666
518066994189067,people need electricity day sleeping time make time table give us electricity 7 23 turn off s difficult sure how bring electricity around 24 people sleeping s crazy l president l would failed zesco minister too much,False,-0.7096,negative,-0.7096,0.06,0.727,0.213,negative,-0.7096,negative,False,0.0,,37,8,0.027027027027027,0.054054054054054,0.054054054054054,0.027027027027027,0.027027027027027,0.054054054054054,0.027027027027027
382025698309470,lilmah kayz see serious well let please,False,0.4767,positive,0.4767,0.454,0.412,0.134,positive,0.4767,positive,False,0.0,,7,0,0.0,0.0,0.0,0.0,0.0,0.0,0.0
1085032883086669,chomba lesa malembeka really need,False,0.0,neutral,0.0,0.0,1.0,0.0,neutral,0.0,neutral,False,0.0,,5,0,0.0,0.0,0.0,0.0,0.0,0.0,0.0
1231244388148338,maamba back online how s interconnector ku mozambique na namibia,False,0.0,neutral,0.0,0.0,1.0,0.0,neutral,0.0,neutral,False,0.0,,10,0,0.0,0.0,0.0,0.0,0.0,0.0,0.0
530434982500420,only 1 unit don t even charcoal,False,0.0,neutral,0.0,0.0,1.0,0.0,neutral,0.0,neutral,False,0.0,,7,1,0.0,0.0,0.0,0.1428571428571428,0.0,0.0,0.0
1132178137441275,aposto cz josi ibac please educate boy joined fb last year april,False,0.3182,positive,0.3182,0.173,0.827,0.0,positive,0.3182,positive,False,0.0,,12,3,0.0,0.0,0.0,0.0,0.0,0.0,0.0
556551486764073,today is1 st oct,False,0.0,neutral,0.0,0.0,1.0,0.0,neutral,0.0,neutral,False,0.0,,4,0,0.0,0.0,0.0,0.0,0.0,0.0,0.0
884425186806485,meter off connect battery make update,False,0.0,neutral,0.0,0.0,1.0,0.0,neutral,0.0,neutral,False,0.0,,6,1,0.1666666666666666,0.0,0.0,0.0,0.0,0.0,0.0833333333333333
1257524862250122,1 power comes people sleeping 2 think everyone social media get info 3 done ensure zambians information other than facebook page lot people even watching tv because power throughout day night people already frustrated having adequate power want frustrate us disconnecting meters whatever people upto kaya,False,-0.3818,negative,-0.6818,0.116,0.757,0.127,negative,-0.6818,negative,True,-0.3,kaya,46,3,0.0434782608695652,0.0,0.0,0.0,0.0217391304347826,0.0,0.0326086956521739
595962146042598,hates mostly behave connect free zesco needs improve management just busy workshops every now useless,False,0.128,positive,0.128,0.271,0.48,0.249,positive,0.128,positive,False,0.0,,15,3,0.0,0.0666666666666666,0.0,0.1333333333333333,0.0,0.0666666666666666,0.0
618831263798949,nhamo afiya chiwila sure fair,False,0.5574,positive,0.5574,0.605,0.395,0.0,positive,0.5574,positive,False,0.0,,5,1,0.0,0.0,0.0,0.0,0.0,0.0,0.0
1234339967847834,okay just turn off everything don t want services anymore,False,0.296,positive,0.296,0.314,0.686,0.0,positive,0.296,positive,False,0.0,,10,1,0.0,0.0,0.0,0.1,0.0,0.0,0.0
3419786188278599,few minutes clocking 24hours without power area schedules make sense,False,0.0,neutral,0.0,0.0,1.0,0.0,neutral,0.0,neutral,False,0.0,,10,1,0.0,0.0,0.0,0.0,0.0,0.0,0.0
647858186946473,moyo saziso u wait,False,0.0,neutral,0.0,0.0,1.0,0.0,neutral,0.0,neutral,False,0.0,,4,1,0.0,0.25,0.0,0.0,0.0,0.25,0.0
1381491652659760,issue us kabanana west experiencing instance power cuts same scheduled time calculate wait till comes just having power back like 30mins decide cut ninshi ise tinalakwa chani olo maybe stole water mu kariba nkhalani fair mweh,False,0.128,positive,-0.472,0.117,0.779,0.105,negative,-0.472,negative,True,-0.6,tinalakwa chani,36,3,0.0,0.0555555555555555,0.0,0.0,0.0,0.0555555555555555,0.0
1681413012651571,meé burñà thank,False,0.3612,positive,0.3612,0.556,0.444,0.0,positive,0.3612,positive,False,0.0,,3,0,0.0,0.0,0.0,0.0,0.0,0.0,0.0
254334127508667,new dawn found useless creatures,False,-0.4215,negative,-0.4215,0.0,0.588,0.412,negative,-0.4215,negative,False,0.0,,5,3,0.0,0.2,0.0,0.4,0.0,0.2,0.0
1526210814682432,ba zesiko area thieves stolen chitambo chamalaiti coz faki pulomisezi since friday haven t seen amalait elo today nipa wanu october wee tizachita bwanji apa loomba,False,-0.7579,negative,-0.7579,0.0,0.78,0.22,negative,-0.7579,negative,False,0.0,,26,2,0.0384615384615384,0.0,0.0,0.0384615384615384,0.0,0.0,0.0192307692307692
2299770710224782,lameck jalika pipo won t understand go through comment without leading above bwafya zambia,False,0.5719,positive,0.5719,0.236,0.764,0.0,positive,0.5719,positive,False,0.0,,14,1,0.0,0.0,0.0,0.0714285714285714,0.0,0.0,0.0
1266676700937267,now load management,False,0.0,neutral,0.0,0.0,1.0,0.0,neutral,0.0,neutral,False,0.0,,3,1,0.0,0.0,0.0,0.3333333333333333,0.0,0.0,0.0
546688957835092,energy bill offset off grid supplying zesco pay supply like also pay,False,0.4215,positive,0.4215,0.299,0.519,0.182,positive,0.4215,positive,False,0.0,,12,4,0.0,0.25,0.0,0.1666666666666666,0.0,0.25,0.0
957257449022006,uncle ticky real tho,False,0.0,neutral,0.0,0.0,1.0,0.0,neutral,0.0,neutral,False,0.0,,4,1,0.0,0.0,0.0,0.25,0.0,0.0,0.0
414951508222199,zesco management needs mental assessment how going check update prepaid meters never power let give us power able update useless meters,False,-0.4215,negative,-0.4215,0.0,0.877,0.123,negative,-0.4215,negative,False,0.0,,21,3,0.0,0.0,0.0,0.0952380952380952,0.0,0.0,0.0
715643390256377,manje parts lusaka being load shedding parts country too zesco never follows load shedding schedule,False,0.0,neutral,-0.3,0.0,1.0,0.0,negative,-0.3,negative,True,-0.3,manje,15,0,0.0,0.0,0.0,0.0,0.0,0.0,0.0
928730689070139,group e tinalakwa chani mulungu wanga sure now openly telling us witches wizards,False,0.3182,positive,-0.2818,0.173,0.827,0.0,negative,-0.2818,negative,True,-0.6,tinalakwa chani,13,0,0.0,0.0,0.0,0.0,0.0,0.0,0.0
5825080234266811,good move 12 hours straight too much going easy plan,False,0.7717,positive,0.7717,0.524,0.476,0.0,positive,0.7717,positive,False,0.0,,10,2,0.0,0.2,0.0,0.1,0.0,0.2,0.0
847279377585164,former zambian right voice keep quiet,False,0.0,neutral,0.0,0.0,1.0,0.0,neutral,0.0,neutral,False,0.0,,6,1,0.0,0.0,0.0,0.0,0.1666666666666666,0.0,0.0833333333333333
853492429266225,alex mumba iwe loadshedding pama bedsitter tenze bazungu,False,0.0,neutral,0.0,0.0,1.0,0.0,neutral,0.0,neutral,False,0.0,,8,0,0.0,0.0,0.0,0.0,0.0,0.0,0.0
770507935235942,norah mumba trick get buying units,False,-0.0516,negative,-0.0516,0.0,0.806,0.194,negative,-0.0516,negative,False,0.0,,6,1,0.0,0.0,0.0,0.0,0.0,0.0,0.0
530721638850288,chanda chansa need new pr people,False,0.0,neutral,0.0,0.0,1.0,0.0,neutral,0.0,neutral,False,0.0,,6,0,0.0,0.0,0.0,0.0,0.0,0.0,0.0
942246410094802,good switching off than switching,False,0.4404,positive,0.4404,0.42,0.58,0.0,positive,0.4404,positive,False,0.0,,5,1,0.0,0.2,0.0,0.2,0.0,0.2,0.0
1539253826550352,isaac zulu too didn t sit well reality now us see,False,0.2732,positive,0.2732,0.189,0.811,0.0,positive,0.2732,positive,False,0.0,,11,0,0.0,0.0,0.0,0.0,0.0,0.0,0.0
2498876370301527,brown chikwanda s similar story everywhere remember 14 hours story people chronic liers,False,0.0,neutral,0.0,0.0,1.0,0.0,neutral,0.0,neutral,False,0.0,,13,1,0.0,0.0,0.0,0.0,0.0769230769230769,0.0,0.0384615384615384
548275573885493,ilishebo chris mukelabai wapila wena,False,0.0,neutral,0.0,0.0,1.0,0.0,neutral,0.0,neutral,False,0.0,,5,0,0.0,0.0,0.0,0.0,0.0,0.0,0.0
382025698309470,phoebe nachandeh exactly too peaceful tolerant otherwise enough stories,False,0.6486,positive,0.6486,0.431,0.569,0.0,positive,0.6486,positive,False,0.0,,9,2,0.0,0.1111111111111111,0.0,0.1111111111111111,0.0,0.1111111111111111,0.0
837517727541875,philimo voice afrika covid ni ifa bwana,False,0.0,neutral,0.0,0.0,1.0,0.0,neutral,0.0,neutral,False,0.0,,7,0,0.0,0.0,0.0,0.0,0.0,0.0,0.0
505103499003493,waiting power share later nipa 1 lelo,False,0.296,positive,0.296,0.306,0.694,0.0,positive,0.296,positive,False,0.0,,7,1,0.0,0.1428571428571428,0.0,0.1428571428571428,0.0,0.1428571428571428,0.0
1911774525859132,complaint lodge should power 23 00 sleeping having power 05 00 suppose working delivering service general public,False,-0.296,negative,-0.296,0.0,0.879,0.121,negative,-0.296,negative,False,0.0,,17,4,0.0588235294117647,0.0588235294117647,0.0,0.0588235294117647,0.0,0.0588235294117647,0.0294117647058823
958142769405125,mashata sebby kkkkk subsidizing mealmeal cant suistanable solution atleast let goverment goverment farms producing enough maize too feed nation maize farmers left oh targeted export only things subsidize fuel using cdf money 30million per constiuency too much let reduced 10 million 10million multiply total number constituency 156 money used lower price things market,False,-0.4333,negative,-0.4333,0.023,0.902,0.075,negative,-0.4333,negative,False,0.0,,53,6,0.0377358490566037,0.0377358490566037,0.0,0.0566037735849056,0.0188679245283018,0.0377358490566037,0.0283018867924528
380870341599348,stephen sata mean 2026,False,0.0,neutral,0.0,0.0,1.0,0.0,neutral,0.0,neutral,False,0.0,,4,0,0.0,0.0,0.0,0.0,0.0,0.0,0.0
418604890897874,s 1st october imwe mbuzi za bantu s now 2 days shame,False,-0.4767,negative,-0.4767,0.0,0.721,0.279,negative,-0.4767,negative,False,0.0,,12,1,0.0,0.0,0.0833333333333333,0.0,0.0833333333333333,0.0,0.0416666666666666
311057938684793,mirriam chilwashi talk always cheap s easy criticise others while haven t situation apa seen s easier said than done,False,0.4215,positive,0.4215,0.252,0.619,0.128,positive,0.4215,positive,False,0.0,,20,3,0.0,0.0,0.0,0.05,0.0,0.0,0.0
1134179511233052,s 21 39 group chingola still power s indicated 21hrs s suppose back person charge flipping switch probably,False,0.0,neutral,0.0,0.0,1.0,0.0,neutral,0.0,neutral,False,0.0,,18,0,0.0,0.0,0.0,0.0,0.0,0.0,0.0
3296797573914788,mean now won t rotation permanent power cuts between 05 11 17 t0 23 23 05 23 just like how rotate surely cant living like sleep power wake power zambians dont forget 2026 might seem far now times best teacher,False,0.9356,positive,0.9356,0.338,0.619,0.043,positive,0.9356,positive,False,0.0,,40,2,0.0,0.0,0.0,0.025,0.0,0.0,0.0
1023555565703316,kelvin ngoma s still 12 hours just split,False,0.0,neutral,0.0,0.0,1.0,0.0,neutral,0.0,neutral,False,0.0,,8,1,0.0,0.0,0.0,0.0,0.0,0.0,0.0
442265938341101,forgotten today first october just update us net metering every afford put solar,False,-0.2263,negative,-0.2263,0.0,0.863,0.137,negative,-0.2263,negative,False,0.0,,13,2,0.0,0.0,0.0769230769230769,0.0,0.0769230769230769,0.0,0.0384615384615384
967939444254492,si boom yamene mwayamba iyi,False,0.0,neutral,-0.7,0.0,1.0,0.0,negative,-0.7,negative,True,-0.7,mwayamba,5,0,0.0,0.0,0.0,0.0,0.0,0.0,0.0
543684474353285,chilala junior muhyila thanks need give update also,False,0.4404,positive,0.4404,0.293,0.707,0.0,positive,0.4404,positive,False,0.0,,8,0,0.0,0.0,0.0,0.0,0.0,0.0,0.0
843687560662741,experience zesco field staff harassing family insisting separate power supply kantemba main house applied separation xmas week 2016 zesco s contractor only came put poles 2019 since story zesco conductors yet statement pr department sometime last year backlog connections cleared end march 2023 ntemba remains unseparated,False,-0.4767,negative,-0.4767,0.029,0.898,0.073,negative,-0.4767,negative,False,0.0,,46,6,0.0217391304347826,0.0,0.0217391304347826,0.0434782608695652,0.0,0.0,0.0108695652173913
1594917784453736,bob kakumbi kulumbwa zesco make misss heaven,False,0.5106,positive,0.5106,0.355,0.645,0.0,positive,0.5106,positive,False,0.0,,7,0,0.0,0.0,0.0,0.0,0.0,0.0,0.0
1391164684756543,salome siulapwa sikananu last schedule power only came back midnight s gone,False,0.0,neutral,0.0,0.0,1.0,0.0,neutral,0.0,neutral,False,0.0,,12,0,0.0,0.0,0.0,0.0,0.0,0.0,0.0
1353740031979829,showing only 3 cities someone educate please,False,0.3182,positive,0.3182,0.315,0.685,0.0,positive,0.3182,positive,False,0.0,,7,1,0.0,0.0,0.0,0.0,0.0,0.0,0.0
1508207213391561,lelo nipa ba zesco kwateni order ka update,False,0.0,neutral,0.0,0.0,1.0,0.0,neutral,0.0,neutral,False,0.0,,8,0,0.0,0.0,0.0,0.0,0.0,0.0,0.0
922482935421191,us power went monday around 23 upto now,False,0.0,neutral,0.0,0.0,1.0,0.0,neutral,0.0,neutral,False,0.0,,8,0,0.0,0.0,0.0,0.0,0.0,0.0,0.0
846282780909704,ba zesco ask mean 1st october 2024 1st october 2025,False,0.0,neutral,0.0,0.0,1.0,0.0,neutral,0.0,neutral,False,0.0,,10,0,0.0,0.0,0.0,0.0,0.0,0.0,0.0
610802407817623,ruth bwanga bout 200 given 82,False,0.0,neutral,0.0,0.0,1.0,0.0,neutral,0.0,neutral,False,0.0,,6,2,0.1666666666666666,0.0,0.0,0.0,0.0,0.0,0.0833333333333333
424091323650696,ify lelo ni pa 1 october just misleading nation,False,-0.4019,negative,-0.4019,0.0,0.722,0.278,negative,-0.4019,negative,False,0.0,,9,2,0.1111111111111111,0.0,0.0,0.1111111111111111,0.0,0.0,0.0555555555555555
860155021917554,awe ba zesco chamba valley 10 upto now 6hours ya bwanji,False,0.0,neutral,-0.7,0.0,1.0,0.0,negative,-0.7,negative,True,-0.7,awe,11,0,0.0,0.0,0.0,0.0,0.0,0.0,0.0
494506302817197,still 12 hours straight areas nothing excited,False,-0.0351,neutral,-0.0351,0.213,0.56,0.228,neutral,-0.0351,neutral,False,0.0,,7,1,0.0,0.1428571428571428,0.0,0.1428571428571428,0.0,0.1428571428571428,0.0
311057938684793,jason joshua see ka normal kaudonselela good day,False,0.4404,positive,0.4404,0.293,0.707,0.0,positive,0.4404,positive,False,0.0,,8,1,0.0,0.125,0.0,0.125,0.0,0.125,0.0
3377351919165072,today power went than 6times giving us list,False,0.34,positive,0.34,0.255,0.745,0.0,positive,0.34,positive,False,0.0,,8,1,0.0,0.0,0.0,0.0,0.0,0.0,0.0
465755943090502,today 1st october true words once chabe fi zesco limited,False,0.2263,positive,0.2263,0.22,0.63,0.15,positive,0.2263,positive,False,0.0,,10,3,0.2,0.0,0.0,0.1,0.1,0.0,0.15
5708382099228789,never trust document without signature accountability,False,-0.4023,negative,-0.4023,0.0,0.649,0.351,negative,-0.4023,negative,False,0.0,,6,3,0.0,0.0,0.0,0.5,0.0,0.0,0.0
1109511169692816,rubbish switch off power around 8in morning restored back 18hrs switched off 23hrs back 5 morning sort nonsense ba kapala imwe,False,-0.0772,negative,-0.0772,0.104,0.779,0.117,negative,-0.0772,negative,False,0.0,,21,2,0.0,0.0,0.0,0.0,0.0,0.0,0.0
1073915294429399,fridah malama mulenga assuming every facebook balitudelela,False,0.0,neutral,0.0,0.0,1.0,0.0,neutral,0.0,neutral,False,0.0,,7,0,0.0,0.0,0.0,0.0,0.0,0.0,0.0
1462887677749584,least power 10 14hrs battery full first time many months lol,False,0.4215,positive,0.4215,0.219,0.781,0.0,positive,0.4215,positive,False,0.0,,11,3,0.0909090909090909,0.0909090909090909,0.0,0.0,0.0,0.0909090909090909,0.0454545454545454
1077796063324363,marie michelle heviamoorima nanga ise free saturday suffer well,False,0.2263,positive,0.2263,0.362,0.403,0.235,positive,0.2263,positive,False,0.0,,9,1,0.0,0.0,0.0,0.0,0.0,0.0,0.0
858763822055995,yvonne yasini chilonge true,False,0.4215,positive,0.4215,0.483,0.517,0.0,positive,0.4215,positive,False,0.0,,4,1,0.0,0.0,0.0,0.25,0.0,0.0,0.0
899401224750301,nda bile call pressure,False,-0.296,negative,-0.296,0.0,0.577,0.423,negative,-0.296,negative,False,0.0,,4,2,0.25,0.0,0.0,0.0,0.0,0.0,0.125
883781467228647,marc kandeke m also wondering marc zesco limited just infuriating,False,-0.6486,negative,-0.6486,0.0,0.569,0.431,negative,-0.6486,negative,False,0.0,,10,1,0.1,0.0,0.0,0.0,0.1,0.0,0.1
195155303526163,zesco limited respond yo massager hav query,False,-0.2263,negative,-0.2263,0.0,0.759,0.241,negative,-0.2263,negative,False,0.0,,7,1,0.1428571428571428,0.0,0.0,0.0,0.1428571428571428,0.0,0.1428571428571428
431024819872113,how update use bluetooth cause know only update s power,False,0.0,neutral,0.0,0.0,1.0,0.0,neutral,0.0,neutral,False,0.0,,10,0,0.0,0.0,0.0,0.0,0.0,0.0,0.0
1085404613027172,mulagala update today deadline tomorrow power cames 3daz,False,0.0,neutral,0.0,0.0,1.0,0.0,neutral,0.0,neutral,False,0.0,,8,1,0.0,0.125,0.0,0.0,0.0,0.125,0.0
513885767475162,martha kalis s security risk agree,False,0.4215,positive,0.4215,0.544,0.222,0.233,positive,0.4215,positive,False,0.0,,6,2,0.0,0.1666666666666666,0.1666666666666666,0.0,0.0,0.1666666666666666,0.0
475797351387622,susan j stephens seems like,False,0.3612,positive,0.3612,0.455,0.545,0.0,positive,0.3612,positive,False,0.0,,5,0,0.0,0.0,0.0,0.0,0.0,0.0,0.0
691842862478873,don t power since yesterday night chipata overspil,False,0.0,neutral,0.0,0.0,1.0,0.0,neutral,0.0,neutral,False,0.0,,8,1,0.0,0.0,0.0,0.125,0.0,0.0,0.0
879154983427096,esther mangala yes baka fimba baka poka,False,0.4019,positive,0.4019,0.31,0.69,0.0,positive,0.4019,positive,False,0.0,,7,0,0.0,0.0,0.0,0.0,0.0,0.0,0.0
749034703219609,think zesco needs serious competition,False,-0.0772,negative,-0.0772,0.0,0.755,0.245,negative,-0.0772,negative,False,0.0,,5,1,0.0,0.2,0.0,0.0,0.0,0.2,0.0
552697647224346,lulu nkowani nguni same na kamwala near prison power,False,-0.5106,negative,-0.5106,0.0,0.708,0.292,negative,-0.5106,negative,False,0.0,,9,1,0.1111111111111111,0.0,0.1111111111111111,0.0,0.1111111111111111,0.0,0.1111111111111111
1106402974283188,veronica banda good question should extend deadline 31 december,False,0.5574,positive,0.5574,0.397,0.603,0.0,positive,0.5574,positive,False,0.0,,9,3,0.0,0.1111111111111111,0.0,0.1111111111111111,0.0,0.1111111111111111,0.0
829943544862310,sandra simatanga ok boss,False,0.296,positive,0.296,0.423,0.577,0.0,positive,0.296,positive,False,0.0,,4,0,0.0,0.0,0.0,0.0,0.0,0.0,0.0
540973198303459,lamecky lj melchizedek tuja tuja tunthu mwanipanga,False,0.0,neutral,0.0,0.0,1.0,0.0,neutral,0.0,neutral,False,0.0,,7,0,0.0,0.0,0.0,0.0,0.0,0.0,0.0
901209128559441,daniel mwanza imagine ayi,False,0.0,neutral,0.0,0.0,1.0,0.0,neutral,0.0,neutral,False,0.0,,4,0,0.0,0.0,0.0,0.0,0.0,0.0,0.0
708646777547324,qoute minimum means don t maximum even go 15hrs,False,0.0,neutral,0.0,0.0,1.0,0.0,neutral,0.0,neutral,False,0.0,,9,3,0.0,0.0,0.0,0.1111111111111111,0.0,0.0,0.0
952058353483448,way checking without power don t now s unlikely ll 24th ubupuba ubutabupwa,False,0.0,neutral,0.0,0.0,1.0,0.0,neutral,0.0,neutral,False,0.0,,13,1,0.0,0.0,0.0,0.0769230769230769,0.0,0.0,0.0
8343158965790190,ati ensure uninterrupted power supply,False,0.3818,positive,0.3818,0.394,0.606,0.0,positive,0.3818,positive,False,0.0,,5,1,0.0,0.0,0.0,0.0,0.0,0.0,0.0
633867655175490,just sell zesco chinese might something sensible mwe,False,0.0,neutral,0.0,0.0,1.0,0.0,neutral,0.0,neutral,False,0.0,,8,0,0.0,0.0,0.0,0.0,0.0,0.0,0.0
204430029280862,s failed project zambia zesco bwino bwino,False,-0.5106,negative,-1.0,0.0,0.602,0.398,negative,-1.0,negative,True,-0.5,bwino,7,0,0.0,0.0,0.0,0.0,0.0,0.0,0.0
492310796602094,zed roasters inc ours doesn t just brings words,False,0.0,neutral,0.0,0.0,1.0,0.0,neutral,0.0,neutral,False,0.0,,9,1,0.1111111111111111,0.0,0.0,0.0,0.0,0.0,0.0555555555555555
318945434035329,csm csm wamona ka,False,0.0,neutral,0.0,0.0,1.0,0.0,neutral,0.0,neutral,False,0.0,,4,0,0.0,0.0,0.0,0.0,0.0,0.0,0.0
580034170149216,aweee imwee naimwe kafue ku nha hvnt power 2days now,False,0.0,neutral,-0.4,0.0,1.0,0.0,negative,-0.4,negative,True,-0.4,naimwe,10,0,0.0,0.0,0.0,0.0,0.0,0.0,0.0
647858186946473,mwila milambo u simply wait,False,0.0,neutral,0.0,0.0,1.0,0.0,neutral,0.0,neutral,False,0.0,,5,1,0.0,0.2,0.0,0.0,0.0,0.2,0.0
884343269276049,nyumba yanga napsa power went midnight came back 12 2mins gone don t know s going,False,0.0,neutral,0.0,0.0,1.0,0.0,neutral,0.0,neutral,False,0.0,,16,1,0.0,0.0,0.0,0.0625,0.0,0.0,0.0
1443662106542694,zesco limited t split well 8 hrs during day business other important things affected cut 6 hrs night during atleast 2 hrs,False,-0.1779,negative,-0.1779,0.173,0.578,0.249,negative,-0.1779,negative,False,0.0,,22,3,0.0454545454545454,0.0,0.0,0.0454545454545454,0.0454545454545454,0.0,0.0454545454545454
567908948173003,muja mwenangu power use go 15hrs chiwamila galu kuluma mbuzi those complaining load shedding go visit lake kariba see happening side water level very low,False,-0.4927,negative,-0.4927,0.0,0.846,0.154,negative,-0.4927,negative,False,0.0,,25,2,0.0,0.0,0.0,0.04,0.0,0.0,0.0
915468582944674,m drunk m very alert crossing road look left right cars bikes look aeroplanes down bombs look back kidnappers hold beer tight start walking zigzag avoid bullets,False,-0.2748,negative,-0.2748,0.086,0.756,0.158,negative,-0.2748,negative,False,0.0,,27,3,0.0,0.037037037037037,0.037037037037037,0.0,0.0,0.037037037037037,0.0
1380815312686577,kukonka che time table apa kwati,False,0.0,neutral,0.0,0.0,1.0,0.0,neutral,0.0,neutral,False,0.0,,6,1,0.0,0.1666666666666666,0.0,0.0,0.0,0.1666666666666666,0.0
1252220168979432,angela ngoma depends kind iphone otherwise buy iphone x above won t problems thank,False,0.7845,positive,0.7845,0.473,0.394,0.133,positive,0.7845,positive,False,0.0,,14,1,0.0,0.0,0.0,0.0714285714285714,0.0,0.0,0.0
3048240672151024,bally also promised end load shedding look now time teach politicians 2026 lies kick power promise achievable heaven earth t manage,True,0.765,positive,0.765,0.369,0.532,0.099,negative,0.765,negative,False,0.0,,21,5,0.0476190476190476,0.0476190476190476,0.0,0.1428571428571428,0.0,0.0476190476190476,0.0238095238095238
1349720502418165,henry nchena true brother s just africa don t value time hence t appreciate need urgency suggesting move england u simply saying should get used mediocre ways doing things instead pointing wrong things change remember pay services repeat minor addition normal society service must provided within reasonable time paid africa backward race copy civilization without appreciation reasons behind certain concepts same practice hospitals patient condition requires alleviation give month appointment normal,False,0.4211,positive,0.4211,0.13,0.777,0.093,positive,0.4211,positive,False,0.0,,71,17,0.0,0.0704225352112676,0.028169014084507,0.0845070422535211,0.0,0.0704225352112676,0.0
382025698309470,lilmah kayz imagine sure,False,0.3182,positive,0.3182,0.434,0.566,0.0,positive,0.3182,positive,False,0.0,,4,0,0.0,0.0,0.0,0.0,0.0,0.0,0.0
1085032883086669,chomba lesa malembeka imagine without power since monday don t even know power,False,0.0,neutral,0.0,0.0,1.0,0.0,neutral,0.0,neutral,False,0.0,,13,1,0.0,0.0,0.0,0.0769230769230769,0.0,0.0,0.0
1354102469308281,24 03 doing time ok going rough,False,0.296,positive,0.296,0.268,0.732,0.0,positive,0.296,positive,False,0.0,,7,1,0.0,0.1428571428571428,0.0,0.0,0.0,0.1428571428571428,0.0
726904975779435,even stupid schedule t follow zesco just awe sure,False,-0.2732,negative,-0.9732,0.197,0.513,0.291,negative,-0.9732,negative,True,-0.7,awe,9,1,0.0,0.0,0.0,0.0,0.0,0.0,0.0
841354144073352,mmmm welcome mu new down new dawn,False,0.4588,positive,0.4588,0.333,0.667,0.0,positive,0.4588,positive,False,0.0,,7,1,0.0,0.1428571428571428,0.0,0.1428571428571428,0.0,0.1428571428571428,0.0
496969586056923,work even s malaiti,False,0.0,neutral,-0.2,0.0,1.0,0.0,negative,-0.2,negative,True,-0.2,malaiti,4,0,0.0,0.0,0.0,0.0,0.0,0.0,0.0
1262578571659737,zesco think problem,False,-0.4019,negative,-0.4019,0.0,0.426,0.574,negative,-0.4019,negative,False,0.0,,3,1,0.0,0.0,0.3333333333333333,0.0,0.3333333333333333,0.0,0.1666666666666666
448299428257849,chisebuka oliver only power 30 minutes,False,0.0,neutral,0.0,0.0,1.0,0.0,neutral,0.0,neutral,False,0.0,,6,0,0.0,0.0,0.0,0.0,0.0,0.0,0.0
1157102772410348,work getting bringing power mentioned times,False,0.0,neutral,0.0,0.0,1.0,0.0,neutral,0.0,neutral,False,0.0,,6,0,0.0,0.0,0.0,0.0,0.0,0.0,0.0
1604015197209519,imwe bakembo nipa 1 lelo don t start tuma stories kwayamba ukukaba,False,0.0,neutral,0.0,0.0,1.0,0.0,neutral,0.0,neutral,False,0.0,,12,2,0.0,0.0833333333333333,0.0,0.0833333333333333,0.0,0.0833333333333333,0.0
402137349350108,elita sheleni ala mwandi,False,0.0,neutral,0.0,0.0,1.0,0.0,neutral,0.0,neutral,False,0.0,,4,0,0.0,0.0,0.0,0.0,0.0,0.0,0.0
1051169236545872,ba zesco mulibafufi saana imwe today 1st how come power 1 hr 30 minutes,False,0.0,neutral,0.0,0.0,1.0,0.0,neutral,0.0,neutral,False,0.0,,14,0,0.0,0.0,0.0,0.0,0.0,0.0,0.0
3281138615512027,ts already 14hrs zesco limited wats happening group e still power want eat,False,-0.1531,negative,-0.1531,0.098,0.758,0.144,negative,-0.1531,negative,False,0.0,,13,2,0.0769230769230769,0.0,0.0,0.0,0.0769230769230769,0.0,0.0769230769230769
1044451394146728,how expect us s never power should given us power over weekend allow us those upgrades,False,0.2263,positive,0.2263,0.119,0.881,0.0,positive,0.2263,positive,False,0.0,,16,1,0.0,0.0625,0.0,0.0625,0.0,0.0625,0.0
540973198303459,lamecky lj melchizedek u don t listen,False,0.0,neutral,0.0,0.0,1.0,0.0,neutral,0.0,neutral,False,0.0,,7,1,0.0,0.0,0.0,0.1428571428571428,0.0,0.0,0.0
314727804258352,eng situmbeko nyumbu s sad state affairs,False,-0.4767,negative,-0.4767,0.0,0.617,0.383,negative,-0.4767,negative,False,0.0,,7,0,0.0,0.0,0.0,0.0,0.0,0.0,0.0
1829617797408490,document signed anyone binding statement could just hoax something,False,-0.2732,negative,-0.2732,0.0,0.792,0.208,negative,-0.2732,negative,False,0.0,,9,2,0.1111111111111111,0.0,0.0,0.1111111111111111,0.1111111111111111,0.0,0.1111111111111111
1077796063324363,marie michelle heviamoorima highlight zesco read reply,False,0.34,positive,0.34,0.286,0.714,0.0,positive,0.34,positive,False,0.0,,7,0,0.0,0.0,0.0,0.0,0.0,0.0,0.0
492310796602094,christine joanna julio yoh,False,0.0,neutral,0.0,0.0,1.0,0.0,neutral,0.0,neutral,False,0.0,,4,0,0.0,0.0,0.0,0.0,0.0,0.0,0.0
641820527855894,kaoma silavwe niza zulu,False,0.0,neutral,0.0,0.0,1.0,0.0,neutral,0.0,neutral,False,0.0,,4,0,0.0,0.0,0.0,0.0,0.0,0.0,0.0
547133917751249,don t power how update meters saying deadline tomorrow just sent msg yesterday,False,0.0,neutral,0.0,0.0,1.0,0.0,neutral,0.0,neutral,False,0.0,,13,2,0.0,0.0769230769230769,0.0,0.0769230769230769,0.0,0.0769230769230769,0.0
2591175591054010,hi natalie natalie regret inconvenience caused please note cases may installations feeders switched off early delayed restoration may arise given time however mean schedule changed only due system constraints published schedules remain same regards cj,False,-0.5994,negative,-0.5994,0.057,0.765,0.178,negative,-0.5994,negative,False,0.0,,35,4,0.0,0.0285714285714285,0.0,0.0285714285714285,0.0285714285714285,0.0285714285714285,0.0142857142857142
7441442685951742,problem fwaka ilamikola ba zasco ibex hill main street area power went around 06 hrs came around 14 hrs just 5 minutes went don t know s how new time table works 8 hrs day nonsense,False,-0.6597,negative,-1.0,0.0,0.847,0.153,negative,-1.0,negative,True,-0.8,fwaka,36,5,0.0,0.0277777777777777,0.0277777777777777,0.0277777777777777,0.0277777777777777,0.0277777777777777,0.0138888888888888
724267959031762,haven t power since 2100 last night called several times received complaint number s nothing update progress happening,False,-0.4993,negative,-0.4993,0.069,0.69,0.241,negative,-0.4993,negative,False,0.0,,18,4,0.0555555555555555,0.0555555555555555,0.0,0.0555555555555555,0.0,0.0555555555555555,0.0277777777777777
707873887745003,mwelwa phillip s easy think obligation honour part contract,False,0.765,positive,0.765,0.524,0.476,0.0,positive,0.765,positive,False,0.0,,9,0,0.0,0.0,0.0,0.0,0.0,0.0,0.0
8267421929961933,lelo nipa ma laiti yayenda zero fo,False,0.0,neutral,0.0,0.0,1.0,0.0,neutral,0.0,neutral,False,0.0,,7,0,0.0,0.0,0.0,0.0,0.0,0.0,0.0
353891757674580,hey mwila b tembo thank contacting zesco please share effected meter number inbox assistance es,False,0.743,positive,0.743,0.454,0.546,0.0,positive,0.743,positive,False,0.0,,15,2,0.0,0.0666666666666666,0.0,0.0666666666666666,0.0,0.0666666666666666,0.0
6357088101027140,complain 90 working days elapse,False,-0.3612,negative,-0.3612,0.0,0.615,0.385,negative,-0.3612,negative,False,0.0,,5,2,0.2,0.0,0.0,0.0,0.2,0.0,0.2
741150644445509,petauke district s even worse paid way back 2020 till now s story story even tired visiting zesco office certain officer once told petauke 60000 applicants paid far back 2016 surprise those money just within two days pobo house electrified wanagula weka ma poles,False,-0.4215,negative,-0.4215,0.087,0.788,0.124,negative,-0.4215,negative,False,0.0,,44,5,0.0227272727272727,0.0227272727272727,0.0454545454545454,0.0454545454545454,0.0227272727272727,0.0227272727272727,0.0227272727272727
1592110744564752,best thing u just off until month u done wth ever doing,False,0.2023,positive,0.2023,0.269,0.513,0.218,positive,0.2023,positive,False,0.0,,12,0,0.0,0.0,0.0,0.0,0.0,0.0,0.0
755024906748125,zesco stop rubbish start rotation nkwazi overspill ndola 5 months fixed timetable lights only comes 01 goes 3 4 time somewhere else enjoying t afford solar come 2026 voting according re seeing need people coming tell us lies,False,-0.1531,negative,-0.1531,0.086,0.787,0.127,negative,-0.1531,negative,False,0.0,,38,7,0.0,0.1052631578947368,0.0,0.0526315789473684,0.0,0.1052631578947368,0.0
489266630038074,people asking already answered please follow thread top don t just criticize offer workable solutions too work those implement act propose respond already answered,False,0.296,positive,0.296,0.212,0.693,0.095,positive,0.296,positive,False,0.0,,24,4,0.0416666666666666,0.0416666666666666,0.0416666666666666,0.0833333333333333,0.0416666666666666,0.0416666666666666,0.0416666666666666
1170309507311276,emma lubansa thoughts too,False,0.0,neutral,0.0,0.0,1.0,0.0,neutral,0.0,neutral,False,0.0,,4,0,0.0,0.0,0.0,0.0,0.0,0.0,0.0
610802407817623,violet zimba same,False,0.0,neutral,0.0,0.0,1.0,0.0,neutral,0.0,neutral,False,0.0,,3,0,0.0,0.0,0.0,0.0,0.0,0.0,0.0
935740177414289,schedule just total scam fail follow own schedule simple straight forward people charge department failed project clearly failed cause taking people granted level incompetence,False,-0.91,negative,-0.91,0.166,0.403,0.431,negative,-0.91,negative,False,0.0,,24,4,0.0,0.0,0.0,0.0416666666666666,0.0,0.0,0.0
1077796063324363,zesco limited us mtendere s fair last last week power going 18 coming kuma 22hrs last 12 20hrs week 14 22hrs,False,0.1027,positive,0.1027,0.104,0.811,0.086,positive,0.1027,positive,False,0.0,,21,3,0.0476190476190476,0.0476190476190476,0.0,0.0,0.0476190476190476,0.0476190476190476,0.0476190476190476
1141152576599370,same schedule working,False,0.0,neutral,0.0,0.0,1.0,0.0,neutral,0.0,neutral,False,0.0,,3,1,0.0,0.0,0.0,0.0,0.0,0.0,0.0
469534365376638,3 hours power 3 hours power please sir,False,0.3182,positive,0.3182,0.315,0.685,0.0,positive,0.3182,positive,False,0.0,,8,1,0.0,0.0,0.0,0.125,0.0,0.0,0.0
508771307786753,ba zesco serious schedule place yesterday monday 05 55 12 00 hours 18 00hrs 24 00 hrs today tuesday morning 05 25 meaning area preparing school going children ourselves work watching tv wasted units tv levys electricity area available 06 00 12 00 hrs most people work 00 00 06 00 hrs even followed like today preparing porridge boom electricity off 05 25 instead 06 00,False,-0.25,negative,-0.25,0.036,0.9,0.064,negative,-0.25,negative,False,0.0,,66,4,0.0151515151515151,0.0,0.0,0.0151515151515151,0.0,0.0,0.0075757575757575
3450744738582715,zesco limited learn stick own timetable imwe ba chimbwi,False,-0.2263,negative,-0.2263,0.0,0.808,0.192,negative,-0.2263,negative,False,0.0,,9,2,0.1111111111111111,0.0,0.0,0.0,0.1111111111111111,0.0,0.1111111111111111
1032543051998819,schedule lusaka residencies only whole zambia,False,0.0,neutral,0.0,0.0,1.0,0.0,neutral,0.0,neutral,False,0.0,,6,0,0.0,0.0,0.0,0.0,0.0,0.0,0.0
1294030878682173,hope won t steal money like last time made similar changes remember never refunded us,False,0.7096,positive,0.7096,0.408,0.448,0.143,positive,0.7096,positive,False,0.0,,15,4,0.1333333333333333,0.2,0.0666666666666666,0.1333333333333333,0.0666666666666666,0.2,0.1
3396926853935962,zesco teach how insult seems enemy ex group e,False,-0.7783,negative,-0.7783,0.0,0.469,0.531,negative,-0.7783,negative,False,0.0,,9,3,0.2222222222222222,0.0,0.1111111111111111,0.1111111111111111,0.1111111111111111,0.0,0.1666666666666666
737502624769151,problem cant even stick own schedule people rejoicing electricity still go 12 hours day just split into different times still solution cut down 6 hours 4 hours day businesses wont survive,False,0.3182,positive,0.3182,0.17,0.696,0.134,positive,0.3182,positive,False,0.0,,31,7,0.0,0.064516129032258,0.032258064516129,0.0,0.032258064516129,0.064516129032258,0.0161290322580645
690677495877839,other words zesco split number hours power available day into two 6 separate hours difference kaya,False,0.0772,positive,-0.2228,0.085,0.915,0.0,negative,-0.2228,negative,True,-0.3,kaya,16,2,0.0625,0.0,0.0,0.0,0.0,0.0,0.03125
311057938684793,khø njē idea,False,0.0,neutral,0.0,0.0,1.0,0.0,neutral,0.0,neutral,False,0.0,,3,0,0.0,0.0,0.0,0.0,0.0,0.0,0.0
2790708381106235,s first october today yet power only came like 30 minutes kabwata site service last night,False,0.3612,positive,0.3612,0.152,0.848,0.0,positive,0.3612,positive,False,0.0,,16,0,0.0,0.0,0.0,0.0,0.0,0.0,0.0
618831263798949,greetings nhamo afiya chiwila thank reaching us kindly note 3 schedules residentials 06 00 14 00 12 00 20 hrs 14 00 22 00hrs rotations done way last week group d going off 12 00 20 00hrs hence week schedule 14 00 22 00hrs next week 06 00 14 00hrs respectively kind regards pm,False,0.9337,positive,0.9337,0.259,0.741,0.0,positive,0.9337,positive,False,0.0,,54,1,0.0,0.0,0.0,0.0185185185185185,0.0,0.0,0.0
402459122649633,time being restored s well over 8hrs chalala rockfield,False,0.5423,positive,0.5423,0.429,0.571,0.0,positive,0.5423,positive,False,0.0,,9,1,0.0,0.1111111111111111,0.0,0.0,0.0,0.1111111111111111,0.0
1406178173351497,lie 06 14 15 still power,False,0.0,neutral,0.0,0.0,1.0,0.0,neutral,0.0,neutral,False,0.0,,6,1,0.1666666666666666,0.0,0.0,0.0,0.1666666666666666,0.0,0.1666666666666666
550496243841279,charles mabuku ever re gee congratulations,False,0.5994,positive,0.5994,0.438,0.562,0.0,positive,0.5994,positive,False,0.0,,6,0,0.0,0.0,0.0,0.0,0.0,0.0,0.0
1331690454041080,krysterbel nz nankamba silwamba hi hi long time kryst,False,0.0,neutral,0.0,0.0,1.0,0.0,neutral,0.0,neutral,False,0.0,,9,2,0.0,0.2222222222222222,0.0,0.0,0.0,0.2222222222222222,0.0
3073901196085728,1st october lelo give us update need vama metering uko,False,0.0,neutral,0.0,0.0,1.0,0.0,neutral,0.0,neutral,False,0.0,,10,0,0.0,0.0,0.0,0.0,0.0,0.0,0.0
1091858975810538,temwa kainga ohoo let call,False,0.0,neutral,-0.3,0.0,1.0,0.0,negative,-0.3,negative,True,-0.3,temwa,5,0,0.0,0.0,0.0,0.0,0.0,0.0,0.0
1091675505563821,samantha kapukulo zp,False,0.0,neutral,0.0,0.0,1.0,0.0,neutral,0.0,neutral,False,0.0,,3,0,0.0,0.0,0.0,0.0,0.0,0.0,0.0
557991783348504,todays s first,False,0.0,neutral,0.0,0.0,1.0,0.0,neutral,0.0,neutral,False,0.0,,3,0,0.0,0.0,0.0,0.0,0.0,0.0,0.0
747720883709729,power currently please work faster,False,0.3182,positive,0.3182,0.365,0.635,0.0,positive,0.3182,positive,False,0.0,,5,0,0.0,0.0,0.0,0.0,0.0,0.0,0.0
1045021707103658,400 magawattes gone truth zesco government willing giving power residential customers grown people understand motive hands pure capitalists hearts citizens m disappointed issue need press briefing people made clap without knowing clapping boma people mercy us us t afford those solars k34 000 anything 70 percent zambians cannot afford reasonable solars even those ma sun king solar people struggling buy,False,0.0772,positive,0.0772,0.109,0.802,0.089,positive,0.0772,positive,False,0.0,,60,12,0.0166666666666666,0.0333333333333333,0.0166666666666666,0.05,0.0166666666666666,0.0333333333333333,0.0166666666666666
875070617634533,today first oktober please give us update ba powering nation,False,0.3182,positive,0.3182,0.204,0.796,0.0,positive,0.3182,positive,False,0.0,,10,1,0.0,0.0,0.0,0.1,0.0,0.0,0.0
918822943645810,saviour alingo chisanga s 005,False,0.0,neutral,0.0,0.0,1.0,0.0,neutral,0.0,neutral,False,0.0,,5,0,0.0,0.0,0.0,0.0,0.0,0.0,0.0
2126832027655813,atleast iwe 6 months manje others s 6 years still waiting,False,0.0,neutral,-0.3,0.0,1.0,0.0,negative,-0.3,negative,True,-0.3,manje,11,0,0.0,0.0,0.0,0.0,0.0,0.0,0.0
1201798157900151,ninshi alipa duty agona since yesterday 14 until now don t power sure,False,0.3182,positive,0.3182,0.173,0.827,0.0,positive,0.3182,positive,False,0.0,,13,1,0.0,0.0,0.0,0.0769230769230769,0.0,0.0,0.0
664331705475734,tatianah phiri 6hrs 6hrs 12hrs split into two,False,0.0,neutral,0.0,0.0,1.0,0.0,neutral,0.0,neutral,False,0.0,,8,1,0.0,0.0,0.0,0.0,0.0,0.0,0.0
1041242257441372,very useless company indeed may ask how many hours being supplied previous month september coz thought already 3 hours now stability being talked,False,-0.4754,negative,-0.4754,0.0,0.872,0.128,negative,-0.4754,negative,False,0.0,,23,2,0.0,0.0434782608695652,0.0,0.0,0.0,0.0434782608695652,0.0
515597774510137,happy 1st october ba zesco 1 october,False,0.5719,positive,0.5719,0.425,0.575,0.0,positive,0.5719,positive,False,0.0,,7,1,0.0,0.1428571428571428,0.0,0.1428571428571428,0.0,0.1428571428571428,0.0
2182068691972856,titus masumbuku ivunda just likes,False,0.4215,positive,0.4215,0.412,0.588,0.0,positive,0.4215,positive,False,0.0,,5,0,0.0,0.0,0.0,0.0,0.0,0.0,0.0
2625406304287358,today 1st october,False,0.0,neutral,0.0,0.0,1.0,0.0,neutral,0.0,neutral,False,0.0,,3,0,0.0,0.0,0.0,0.0,0.0,0.0,0.0
949282917177253,gift christopher mwale 2023 lol,False,0.6908,positive,0.6908,0.655,0.345,0.0,positive,0.6908,positive,False,0.0,,5,1,0.0,0.2,0.0,0.0,0.0,0.2,0.0
1528680551089815,imwe give us time table come through pali ivo,False,0.0,neutral,0.0,0.0,1.0,0.0,neutral,0.0,neutral,False,0.0,,9,1,0.0,0.1111111111111111,0.0,0.0,0.0,0.1111111111111111,0.0
1198520671491711,difference same power ve imported nd mega watts ve sourced maamba made close zesco useless serving purpose,False,-0.4215,negative,-0.4215,0.0,0.851,0.149,negative,-0.4215,negative,False,0.0,,17,1,0.0,0.0,0.0,0.0,0.0,0.0,0.0
2926457894154388,wonder received message tokens nomba dnt enough units please sort issue fast,False,0.3182,positive,0.3182,0.173,0.827,0.0,positive,0.3182,positive,False,0.0,,12,1,0.0,0.0,0.0,0.0,0.0,0.0,0.0
518066994189067,imagine timetable s showing 24 power coming around 01 30 02 30,False,0.0,neutral,0.0,0.0,1.0,0.0,neutral,0.0,neutral,False,0.0,,12,1,0.0,0.0833333333333333,0.0,0.0,0.0,0.0833333333333333,0.0
6504567089661538,s worse kafue s now 3 years ago since paid show,False,-0.4767,negative,-0.4767,0.0,0.693,0.307,negative,-0.4767,negative,False,0.0,,11,2,0.0,0.0,0.0909090909090909,0.0909090909090909,0.0909090909090909,0.0,0.0454545454545454
1149469195755648,chanda kasongo 6 hrs plus 6 hrs 12 hrs sprit into 2 6 hrs ll go,False,0.0,neutral,0.0,0.0,1.0,0.0,neutral,0.0,neutral,False,0.0,,16,0,0.0,0.0,0.0,0.0,0.0,0.0,0.0
956324979489132,hi jacob israel malinuchi apologize inconvenience caused please may confirm power restored appreciate patience regards cj,False,0.6486,positive,0.6486,0.395,0.493,0.112,positive,0.6486,positive,False,0.0,,16,2,0.0,0.0625,0.0,0.125,0.0625,0.0625,0.03125
703159451369461,s making u affecting those running during day well those business night,False,0.2732,positive,0.2732,0.189,0.811,0.0,positive,0.2732,positive,False,0.0,,12,0,0.0,0.0,0.0,0.0,0.0,0.0,0.0
851116133455292,feli lex just praise nothing sometimes stand truth shaaa,False,0.3895,positive,0.3895,0.287,0.557,0.156,positive,0.3895,positive,False,0.0,,9,2,0.0,0.0,0.0,0.2222222222222222,0.0,0.0,0.0
1357517861725230,s use power 24 06 better change time table how power during sleeping time ala imwe,False,0.4404,positive,0.4404,0.172,0.828,0.0,positive,0.4404,positive,False,0.0,,16,3,0.0,0.125,0.0625,0.0,0.0,0.125,0.0
314479391095587,mmmmm want minister intervain go see head customer care,False,0.5423,positive,0.5423,0.391,0.609,0.0,positive,0.5423,positive,False,0.0,,9,1,0.0,0.0,0.0,0.0,0.0,0.0,0.0
420600777720942,ati schedules take effect wednesday ati 3 october ukamba chani iweh,False,0.0,neutral,0.0,0.0,1.0,0.0,neutral,0.0,neutral,False,0.0,,11,0,0.0,0.0,0.0,0.0,0.0,0.0,0.0
801175478371756,even better paid 2018 now nothing mumbwa zesco west most corrupt,False,0.4404,positive,0.4404,0.225,0.775,0.0,positive,0.4404,positive,False,0.0,,11,1,0.0,0.0,0.0,0.0,0.0,0.0,0.0
1537318080081162,u need rotate schedule nyumba yanga boardview area power goes 5 11 17 23 go work power come back dark ka rotation please,False,0.3182,positive,0.3182,0.103,0.897,0.0,positive,0.3182,positive,False,0.0,,23,1,0.0,0.0,0.0,0.0,0.0434782608695652,0.0,0.0217391304347826
721345389615444,humphrey bwalya bwalya yeah s known story,False,0.296,positive,0.296,0.306,0.694,0.0,positive,0.296,positive,False,0.0,,7,0,0.0,0.0,0.0,0.0,0.0,0.0,0.0
1093095268856355,chanda chanda good question,False,0.4404,positive,0.4404,0.492,0.508,0.0,positive,0.4404,positive,False,0.0,,4,2,0.0,0.25,0.0,0.25,0.0,0.25,0.0
470592845276981,yes heard now problem switching power cuts others got power others same area unfair should checking properly switching power,False,-0.6486,negative,-0.6486,0.105,0.584,0.311,negative,-0.6486,negative,False,0.0,,19,2,0.0526315789473684,0.0,0.0526315789473684,0.0,0.1052631578947368,0.0,0.0789473684210526
1032171577953568,oscar sinkolongo inee ukupapai thought 6 months,False,0.0,neutral,0.0,0.0,1.0,0.0,neutral,0.0,neutral,False,0.0,,7,1,0.0,0.1428571428571428,0.0,0.0,0.0,0.1428571428571428,0.0
3412229999049832,mean 24 hours having 6hrs loadsheding,False,0.0,neutral,0.0,0.0,1.0,0.0,neutral,0.0,neutral,False,0.0,,6,0,0.0,0.0,0.0,0.0,0.0,0.0,0.0
1214931469120717,sydney ngulube get now just breaking another power cut muli ise,False,-0.2732,negative,-0.2732,0.0,0.826,0.174,negative,-0.2732,negative,False,0.0,,11,0,0.0,0.0,0.0,0.0,0.0,0.0,0.0
2219020448270652,things such decisions made bosses incharge opposed leaders how ironic,False,-0.128,negative,-0.128,0.0,0.857,0.143,negative,-0.128,negative,False,0.0,,10,1,0.1,0.0,0.1,0.0,0.0,0.0,0.05
1469870400514177,mercy mugala,False,0.3612,positive,0.3612,0.714,0.286,0.0,positive,0.3612,positive,False,0.0,,2,1,0.0,0.0,0.0,0.0,0.0,0.0,0.0
705058914532714,raining every day whats point having roadshedding,False,0.0,neutral,0.0,0.0,1.0,0.0,neutral,0.0,neutral,False,0.0,,7,0,0.0,0.0,0.0,0.0,0.0,0.0,0.0
1366446937441510,nsama patrick mmmmm s,False,0.0,neutral,0.0,0.0,1.0,0.0,neutral,0.0,neutral,False,0.0,,4,0,0.0,0.0,0.0,0.0,0.0,0.0,0.0
506363162192492,serious problem zesco level incompetence continued far too long how end 3 hours power per day same before availability 300 mw maamba importation 400 mw max etc zesco limited should serious,False,-0.8176,negative,-0.8176,0.0,0.704,0.296,negative,-0.8176,negative,False,0.0,,31,5,0.032258064516129,0.032258064516129,0.032258064516129,0.032258064516129,0.064516129032258,0.032258064516129,0.0483870967741935
1955060858245945,loadshedding answer stop waiting miracle water fill kariba dam rain season come end businesses come standstill because bro,False,0.3818,positive,0.3818,0.173,0.727,0.1,positive,0.3818,positive,False,0.0,,18,3,0.0555555555555555,0.0555555555555555,0.0,0.1111111111111111,0.0,0.0555555555555555,0.0277777777777777
6482777268508624,ephy mbewe okay tamvela,False,0.2263,positive,0.2263,0.388,0.612,0.0,positive,0.2263,positive,False,0.0,,4,0,0.0,0.0,0.0,0.0,0.0,0.0,0.0
1045021707103658,pantu celebrated erb rejected proposal increase electrical tariffs now want make kwati ni mwala chimona awe bane heart people china malawi mammba lacuna 1 october 3 hours already awe bane watching,False,0.4588,positive,-0.2411999999999999,0.205,0.702,0.093,negative,-0.2411999999999999,negative,True,-0.7,awe,31,5,0.064516129032258,0.032258064516129,0.064516129032258,0.0,0.0,0.032258064516129,0.032258064516129
963842635565289,benja min t see also,False,0.0,neutral,0.0,0.0,1.0,0.0,neutral,0.0,neutral,False,0.0,,5,0,0.0,0.0,0.0,0.0,0.0,0.0,0.0
1045021707103658,mendral chitongo arsenal thats plan comment without ulupato said expect better government because government think those businesses depends electricity welders saloons fresh products car wash others,False,0.6369,positive,0.6369,0.178,0.822,0.0,positive,0.6369,positive,False,0.0,,26,5,0.0,0.0769230769230769,0.0769230769230769,0.0384615384615384,0.0,0.0769230769230769,0.0
823574169989210,john mapoma jr whole senior management must resign failed institution,False,-0.6908,negative,-0.6908,0.0,0.584,0.416,negative,-0.6908,negative,False,0.0,,10,3,0.1,0.0,0.1,0.1,0.1,0.0,0.1
958142769405125,mashata sebby well spoken,False,0.2732,positive,0.2732,0.412,0.588,0.0,positive,0.2732,positive,False,0.0,,4,0,0.0,0.0,0.0,0.0,0.0,0.0,0.0
457455043313164,still talking net metering pa 1st october,False,0.0,neutral,0.0,0.0,1.0,0.0,neutral,0.0,neutral,False,0.0,,7,0,0.0,0.0,0.0,0.0,0.0,0.0,0.0
1132178137441275,bally guys made lungu go back chawama remain working whilst lungu went crying careful guy just fire bring another board,False,-0.5994,negative,-0.5994,0.066,0.705,0.228,negative,-0.5994,negative,False,0.0,,20,5,0.0,0.05,0.05,0.0,0.05,0.05,0.025
1422039008571759,stop playing us expect us believe s because water levels october other season yes could bought those lies now rain season,False,-0.128,negative,-0.128,0.176,0.627,0.196,negative,-0.128,negative,False,0.0,,21,1,0.0,0.0476190476190476,0.0,0.0476190476190476,0.0,0.0476190476190476,0.0
1539253826550352,isaac zulu david saul prophecy,False,0.0,neutral,0.0,0.0,1.0,0.0,neutral,0.0,neutral,False,0.0,,5,1,0.0,0.2,0.0,0.0,0.0,0.2,0.0
416841741112021,chanda victoria mulundu s reduced loadshedding end,False,0.0,neutral,0.0,0.0,1.0,0.0,neutral,0.0,neutral,False,0.0,,7,0,0.0,0.0,0.0,0.0,0.0,0.0,0.0
618831263798949,nhamo afiya chiwila imwe sure came losing electricity upto 20 now 22 week every week ummm imwe sure,False,0.25,positive,0.25,0.207,0.676,0.117,positive,0.25,positive,False,0.0,,18,2,0.0555555555555555,0.0,0.0,0.0,0.0555555555555555,0.0,0.0555555555555555
311057938684793,vincent chisala muli bu praise singer pa last bapenenamo,False,0.5574,positive,0.5574,0.31,0.69,0.0,positive,0.5574,positive,False,0.0,,9,1,0.0,0.0,0.0,0.1111111111111111,0.0,0.0,0.0
1074584167487830,how update without electricity don t understand,False,0.0,neutral,0.0,0.0,1.0,0.0,neutral,0.0,neutral,False,0.0,,7,2,0.0,0.0,0.0,0.1428571428571428,0.0,0.0,0.0
1132178137441275,onelia banda never present without past learn past how lungu went crying bally won t learn awe cry too mark words,False,-0.3612,negative,-1.0,0.138,0.632,0.23,negative,-1.0,negative,True,-0.7,awe,21,6,0.0476190476190476,0.0476190476190476,0.0,0.0476190476190476,0.0952380952380952,0.0476190476190476,0.0714285714285714
858763822055995,zesco limited done thanks,False,0.25,positive,0.25,0.426,0.294,0.279,positive,0.25,positive,False,0.0,,4,1,0.25,0.0,0.0,0.0,0.25,0.0,0.25
754014609808724,emma lubansa ve also tried mtn s still going through,False,0.0,neutral,0.0,0.0,1.0,0.0,neutral,0.0,neutral,False,0.0,,10,0,0.0,0.0,0.0,0.0,0.0,0.0,0.0
921114285716864,justine chisanga baleke kaili ni time yao,False,0.0,neutral,-0.2,0.0,1.0,0.0,negative,-0.2,negative,True,-0.2,kaili,7,1,0.0,0.1428571428571428,0.0,0.0,0.0,0.1428571428571428,0.0
1085032883086669,mwaba patrick musonda cpc acc well,False,0.2732,positive,0.2732,0.296,0.704,0.0,positive,0.2732,positive,False,0.0,,6,0,0.0,0.0,0.0,0.0,0.0,0.0,0.0
752216810383734,timetable wrong don t power 10am isn t part loadshedding starting 10am story problem villa forever lights water nonsense,False,-0.8176,negative,-0.8176,0.0,0.622,0.378,negative,-0.8176,negative,False,0.0,,19,4,0.0,0.0,0.0526315789473684,0.0526315789473684,0.0526315789473684,0.0,0.0263157894736842
1135886531575155,ifwe each time power restored prepaid shows power power output calling zesco 1 week now help whatsoever,False,0.6249,positive,0.6249,0.267,0.733,0.0,positive,0.6249,positive,False,0.0,,17,1,0.0,0.0588235294117647,0.0,0.0,0.0,0.0588235294117647,0.0
512977621524991,new ba zesco least ka 6 hrs would made sense,False,0.0,neutral,0.0,0.0,1.0,0.0,neutral,0.0,neutral,False,0.0,,10,1,0.0,0.0,0.0,0.0,0.0,0.0,0.0
1209250903302028,kwatu cut 10 40 kubwela 18 hrs cnt see such,False,-0.2732,negative,-0.2732,0.0,0.811,0.189,negative,-0.2732,negative,False,0.0,,10,0,0.0,0.0,0.0,0.0,0.0,0.0,0.0
8207205366024150,kennedy muzyamba ndise ma imbwa,False,0.0,neutral,-1.0,0.0,1.0,0.0,negative,-1.0,negative,True,-1.0,imbwa,5,0,0.0,0.0,0.0,0.0,0.0,0.0,0.0
789596089437969,such uncertainty solwezi straight forward schedule like other towns ako nikapatula ba zesco,False,0.25,positive,0.25,0.262,0.595,0.143,positive,0.25,positive,False,0.0,,13,1,0.0,0.0,0.0,0.0,0.0,0.0,0.0
2640596836083446,conspam ltc moment announced stopped buying,False,-0.2263,negative,-0.2263,0.0,0.725,0.275,negative,-0.2263,negative,False,0.0,,6,0,0.0,0.0,0.0,0.0,0.0,0.0,0.0
513885767475162,please let power go now area coz need night,False,0.3182,positive,0.3182,0.223,0.777,0.0,positive,0.3182,positive,False,0.0,,9,0,0.0,0.0,0.0,0.0,0.0,0.0,0.0
569865021722572,comes isn t means affected load shedding bcoz district therizno mwaculenipo mukwai ifwe na beans tuleipika pa stove,False,-0.1531,negative,-0.1531,0.0,0.909,0.091,negative,-0.1531,negative,False,0.0,,18,0,0.0,0.0,0.0,0.0,0.0,0.0,0.0
1133189314375206,could better rotations rotating daily basis could better than weekly basis gives inconveniences too much,False,0.7003,positive,0.7003,0.309,0.691,0.0,positive,0.7003,positive,False,0.0,,15,1,0.0,0.0666666666666666,0.0,0.0,0.0,0.0666666666666666,0.0
5648817075215103,don t stick own timetable schedule people go whole day without power,False,0.0,neutral,0.0,0.0,1.0,0.0,neutral,0.0,neutral,False,0.0,,12,1,0.0,0.0,0.0,0.0833333333333333,0.0,0.0,0.0
1463378687523665,wake power come back work power needs power 24 00 05 00 schedule help,False,0.4019,positive,0.4019,0.172,0.828,0.0,positive,0.4019,positive,False,0.0,,14,0,0.0,0.0,0.0,0.0,0.0,0.0,0.0
472159101770561,russell hibajene muvwende still relief having six hours between electricity better than continious 12 hour power outage,False,0.7184,positive,0.7184,0.286,0.714,0.0,positive,0.7184,positive,False,0.0,,17,2,0.0,0.0,0.0,0.0,0.0,0.0,0.0
857332325321181,elizabeth b mukuka just trying keeps taking back main menu meaning kulibe kaya now mwe,False,0.0,neutral,-0.3,0.0,1.0,0.0,negative,-0.3,negative,True,-0.3,kaya,15,1,0.0,0.0,0.0,0.0,0.0,0.0,0.0
773368317819924,zesco token 17737940798854127783 units kwh 819 6 meter 30733602666 amount k trxid mp230701 1301 m14142 working now,False,0.0,neutral,0.0,0.0,1.0,0.0,neutral,0.0,neutral,False,0.0,,17,1,0.0,0.0,0.0,0.0,0.0,0.0,0.0
656955689226492,just managed buy units via airtel challenges,False,0.0772,positive,0.0772,0.178,0.822,0.0,positive,0.0772,positive,False,0.0,,7,0,0.0,0.0,0.0,0.0,0.0,0.0,0.0
701421754867686,elo nomba fyapena shall keep missing electricity home god help us wait until come frenzy,False,0.0772,positive,0.0772,0.236,0.542,0.222,positive,0.0772,positive,False,0.0,,15,5,0.0,0.1333333333333333,0.1333333333333333,0.0666666666666666,0.0666666666666666,0.1333333333333333,0.0333333333333333
503926359183192,muleikalafye nga bufi mubepa,False,0.0,neutral,0.0,0.0,1.0,0.0,neutral,0.0,neutral,False,0.0,,4,0,0.0,0.0,0.0,0.0,0.0,0.0,0.0
8207205366024150,nkululeko matulula sorry also lsk never experienced 24hrs without power,False,-0.0772,negative,-0.0772,0.0,0.874,0.126,negative,-0.0772,negative,False,0.0,,10,1,0.0,0.0,0.0,0.1,0.0,0.0,0.0
1077796063324363,marie michelle heviamoorima pama weekends just going fair power go,False,0.3182,positive,0.3182,0.204,0.796,0.0,positive,0.3182,positive,False,0.0,,10,1,0.0,0.0,0.0,0.0,0.0,0.0,0.0
1076865154013169,area power 3 days call zesco tell wait power s honestly,False,0.4588,positive,0.4588,0.273,0.727,0.0,positive,0.4588,positive,False,0.0,,11,1,0.0,0.0909090909090909,0.0,0.0,0.0,0.0909090909090909,0.0
1076151193988869,went how update power,False,0.0,neutral,0.0,0.0,1.0,0.0,neutral,0.0,neutral,False,0.0,,4,0,0.0,0.0,0.0,0.0,0.0,0.0,0.0
1045021707103658,andrew mwansa even s insult support bro,False,-0.1531,negative,-0.1531,0.27,0.4,0.33,negative,-0.1531,negative,False,0.0,,7,1,0.1428571428571428,0.0,0.0,0.0,0.1428571428571428,0.0,0.1428571428571428
3812597232319896,ar u telling pipo wat u don t solution u ar confused nation kumo nabakateka loadsheding mmm,False,0.0,neutral,0.0,0.147,0.705,0.147,neutral,0.0,neutral,False,0.0,,17,3,0.0,0.0,0.0,0.1176470588235294,0.0,0.0,0.0
475992531387462,failed unacceptable citizens paying price know businesses run families feed yet system seems care,False,-0.4767,negative,-0.4767,0.156,0.537,0.307,negative,-0.4767,negative,False,0.0,,14,2,0.0,0.0,0.0,0.0714285714285714,0.0714285714285714,0.0,0.0357142857142857
1539253826550352,isaac zulu s true those issues must addressed once speak something praise singers condemn want pretend s god,False,0.7003,positive,0.7003,0.412,0.42,0.168,positive,0.7003,positive,False,0.0,,18,5,0.0555555555555555,0.0555555555555555,0.0555555555555555,0.1666666666666666,0.0,0.0555555555555555,0.0277777777777777
1201653761087990,paul bwalya awe chafina,False,0.0,neutral,-0.7,0.0,1.0,0.0,negative,-0.7,negative,True,-0.7,awe,4,0,0.0,0.0,0.0,0.0,0.0,0.0,0.0
774328217816405,just purchased units k500 credited 199 units wondering other units gone because first purchase month get 496 units k500,False,0.3612,positive,0.3612,0.122,0.878,0.0,positive,0.3612,positive,False,0.0,,19,1,0.0,0.0,0.0,0.0,0.0,0.0,0.0
707873887745003,mwelwa phillip yes s yours takes money run same people criticizing zesco government goes bankrupt,False,-0.5267,negative,-0.5267,0.136,0.556,0.308,negative,-0.5267,negative,False,0.0,,15,3,0.0666666666666666,0.0666666666666666,0.1333333333333333,0.0666666666666666,0.0666666666666666,0.0666666666666666,0.0666666666666666
1539253826550352,isaac zulu find video zambia,False,0.0,neutral,0.0,0.0,1.0,0.0,neutral,0.0,neutral,False,0.0,,5,0,0.0,0.0,0.0,0.0,0.0,0.0,0.0
958142769405125,blessed adan mangonja sure boss s responsibility govt subsidize behalf citizens certain costs especially faced challenges let industries provide own power produce mealie meal e g let government subsidize us mealie meal,False,0.835,positive,0.835,0.283,0.717,0.0,positive,0.835,positive,False,0.0,,32,3,0.0,0.0,0.03125,0.03125,0.0,0.0,0.0
1663660647510775,ati 123 kwati tupuba,False,0.0,neutral,0.0,0.0,1.0,0.0,neutral,0.0,neutral,False,0.0,,4,0,0.0,0.0,0.0,0.0,0.0,0.0,0.0
1298576814266650,making sense making schedules fail follow ve always load shedded than 12 hours daily,False,-0.5423,negative,-0.5423,0.0,0.788,0.212,negative,-0.5423,negative,False,0.0,,14,2,0.0,0.0714285714285714,0.0,0.0,0.0,0.0714285714285714,0.0
849475069643719,schedule apply certain areas individuals lilayi power since morning now,False,0.2732,positive,0.2732,0.189,0.811,0.0,positive,0.2732,positive,False,0.0,,10,0,0.0,0.0,0.0,0.0,0.0,0.0,0.0
714750360018225,let s just work let people talk,False,0.0,neutral,0.0,0.0,1.0,0.0,neutral,0.0,neutral,False,0.0,,7,1,0.0,0.0,0.0,0.0,0.0,0.0,0.0
6313072612135423,rosaria wandazi tell sister,False,0.0,neutral,0.0,0.0,1.0,0.0,neutral,0.0,neutral,False,0.0,,4,0,0.0,0.0,0.0,0.0,0.0,0.0,0.0
509975758482056,people don t money buy solar system many poor today 1 october said power stabilize,True,-0.4767,negative,-0.4767,0.0,0.795,0.205,negative,-0.4767,negative,False,0.0,,15,3,0.0666666666666666,0.0666666666666666,0.0,0.2,0.0,0.0666666666666666,0.0333333333333333
1128801438953530,bebetty yenesha gone two days straight didn t time update kaya happen now lol,False,0.5719,positive,0.2719,0.299,0.701,0.0,positive,0.2719,positive,True,-0.3,kaya,14,2,0.0,0.1428571428571428,0.0,0.0,0.0,0.1428571428571428,0.0
624553022955708,just purchasing using mtn mobile money secret immediately goes through take screenshot purchasing displayed message because text won t come,False,0.5719,positive,0.5719,0.171,0.829,0.0,positive,0.5719,positive,False,0.0,,20,4,0.05,0.15,0.0,0.1,0.0,0.15,0.025
488157330134602,little know zesco time introduce break time like schools meanwhile time learning remains 12 00,False,0.3612,positive,0.3612,0.152,0.848,0.0,positive,0.3612,positive,False,0.0,,15,6,0.0,0.2,0.0666666666666666,0.0666666666666666,0.0,0.2,0.0
918822943645810,saviour alingo chisanga thought too l t see symbol prepaid meter,False,0.0,neutral,0.0,0.0,1.0,0.0,neutral,0.0,neutral,False,0.0,,11,1,0.0,0.0909090909090909,0.0,0.0,0.0,0.0909090909090909,0.0
474734578203279,lies power went around 05 s 13 30,False,-0.4215,negative,-0.4215,0.0,0.682,0.318,negative,-0.4215,negative,False,0.0,,8,0,0.0,0.0,0.0,0.0,0.0,0.0,0.0
1349720502418165,actually good news people now start complaining 6 weeks wow before started complaining six months first three months normal maturity period,False,0.6249,positive,0.6249,0.255,0.608,0.137,positive,0.6249,positive,False,0.0,,21,2,0.0,0.0952380952380952,0.0,0.0476190476190476,0.0,0.0952380952380952,0.0
984198436601199,ati 06 14 took 05hrs ba zesco limited try maintain time least prepare ourselves work between 04 05,False,-0.2263,negative,-0.2263,0.0,0.899,0.101,negative,-0.2263,negative,False,0.0,,18,3,0.0555555555555555,0.1111111111111111,0.0,0.0,0.0555555555555555,0.1111111111111111,0.0555555555555555
508895165447192,connecting power most useless hours day residentials equivalent power power 10 13hrs 17 22hrs would made bit sense 400 mega something down drain difference et al,False,-0.4754,negative,-0.4754,0.0,0.89,0.11,negative,-0.4754,negative,False,0.0,,26,2,0.0,0.0,0.0,0.0,0.0,0.0,0.0
8567251433357034,todays first please waiting electricity,False,0.3182,positive,0.3182,0.365,0.635,0.0,positive,0.3182,positive,False,0.0,,5,1,0.0,0.0,0.0,0.0,0.0,0.0,0.0
785673903046538,giving little units sure life naikosa naimwe mushupeko,False,0.5302,positive,0.1301999999999999,0.424,0.576,0.0,positive,0.1301999999999999,positive,True,-0.4,naimwe,8,1,0.0,0.0,0.0,0.0,0.0,0.0,0.0
1220521216023322,yesterday power cut 13 00 only restored 22 00 barely 3 hours later 01 00 cut right now s 15 20 power restored create schedule stick don t punish people like,False,0.2023,positive,0.2023,0.247,0.553,0.2,positive,0.2023,positive,False,0.0,,31,3,0.0,0.0,0.032258064516129,0.032258064516129,0.0,0.0,0.0
1696974997543830,upgrade won t experience power interruption,False,0.296,positive,0.296,0.402,0.326,0.272,positive,0.296,positive,False,0.0,,6,0,0.0,0.0,0.0,0.0,0.0,0.0,0.0
472159101770561,russell hibajene muvwende wait wait wait thought s 6hrs load shedding day like 24hrs goes 6hrs only those groups like group f cuts 05 11hrs tomorrow maybe cut 12 18 other day just like s twice 24hrs dead anyways don t even follow own time table,False,-0.2732,negative,-0.2732,0.144,0.691,0.165,negative,-0.2732,negative,False,0.0,,46,7,0.0,0.1304347826086956,0.0,0.0217391304347826,0.0,0.1304347826086956,0.0
461079726246812,zesco limited power transmitted into grid area being loadshed,False,-0.2263,negative,-0.2263,0.0,0.808,0.192,negative,-0.2263,negative,False,0.0,,9,1,0.1111111111111111,0.0,0.0,0.0,0.1111111111111111,0.0,0.1111111111111111
923013935994928,don t power how cam update,False,0.0,neutral,0.0,0.0,1.0,0.0,neutral,0.0,neutral,False,0.0,,6,1,0.0,0.0,0.0,0.1666666666666666,0.0,0.0,0.0
2182068691972856,old now literally every page see copy paste,False,0.0,neutral,0.0,0.0,1.0,0.0,neutral,0.0,neutral,False,0.0,,8,1,0.0,0.0,0.0,0.0,0.0,0.0,0.0
1214925962764712,haven t power since 01 00of schedule say ba zesco woodlands really suffered most outage,False,-0.5413,negative,-0.5413,0.0,0.788,0.212,negative,-0.5413,negative,False,0.0,,15,1,0.0,0.0,0.0,0.0666666666666666,0.0,0.0,0.0
472159101770561,drafters piece smart s reducing load shedding 6hrs 24hrs splitting 12hrs whole day into two segments means 24hrs instead having continuous 12hr load shedding having 12hrs split follows day 24hrs meaning 4 six hours es hence first 6hrs power next 6hrs power next 6hrs power last 6hrs don t power bringing total 12hrs 12hrs without power 24hrs day hope makes sense now ve gatta smart appreciate language,True,0.875,positive,0.875,0.155,0.845,0.0,negative,0.875,negative,False,0.0,,67,5,0.0,0.0149253731343283,0.0,0.0298507462686567,0.0149253731343283,0.0149253731343283,0.0074626865671641
8363272740435473,gravea mofya iwe naiwe,False,0.0,neutral,0.0,0.0,1.0,0.0,neutral,0.0,neutral,False,0.0,,4,0,0.0,0.0,0.0,0.0,0.0,0.0,0.0
885707319525548,johnson njobvu happened finished loadsheding just year power madam praise singer,False,0.5574,positive,0.5574,0.265,0.735,0.0,positive,0.5574,positive,False,0.0,,11,1,0.0,0.0,0.0,0.0909090909090909,0.0,0.0,0.0
614862720641260,let ever charge cutting power promoted immediate effect ndafya doing absolutely well field,False,0.5709,positive,-0.2291,0.311,0.599,0.09,negative,-0.2291,negative,True,-0.8,ndafya,13,1,0.0769230769230769,0.0,0.0769230769230769,0.0,0.0769230769230769,0.0,0.0769230769230769
492310796602094,christine joanna julio iwe stop,False,-0.296,negative,-0.296,0.0,0.645,0.355,negative,-0.296,negative,False,0.0,,5,0,0.0,0.0,0.0,0.0,0.0,0.0,0.0
707182370784437,elma chisanga also experience same,False,0.0,neutral,0.0,0.0,1.0,0.0,neutral,0.0,neutral,False,0.0,,5,0,0.0,0.0,0.0,0.0,0.0,0.0,0.0
1169109660383293,better least 6hrs power during day good those small businesses,False,0.7003,positive,0.7003,0.42,0.58,0.0,positive,0.7003,positive,False,0.0,,10,2,0.0,0.1,0.0,0.1,0.0,0.1,0.0
164833296506994,elizabeth namposya hope s rectified,False,0.4404,positive,0.4404,0.492,0.508,0.0,positive,0.4404,positive,False,0.0,,5,1,0.0,0.2,0.0,0.2,0.0,0.2,0.0
962024962124923,zambia never develop continue having unemployed people how country sale electricity n consider itself slave loadsheding,False,0.0,neutral,0.0,0.0,1.0,0.0,neutral,0.0,neutral,False,0.0,,16,5,0.0625,0.125,0.125,0.0625,0.125,0.125,0.09375
876960783573740,mwiinga mulinda malambo ok,False,0.296,positive,0.296,0.423,0.577,0.0,positive,0.296,positive,False,0.0,,4,0,0.0,0.0,0.0,0.0,0.0,0.0,0.0
1128801438953530,bebetty yenesha socks,False,0.0,neutral,0.0,0.0,1.0,0.0,neutral,0.0,neutral,False,0.0,,3,0,0.0,0.0,0.0,0.0,0.0,0.0,0.0
2591175591054010,needs schedule renot following,False,0.0,neutral,0.0,0.0,1.0,0.0,neutral,0.0,neutral,False,0.0,,4,0,0.0,0.0,0.0,0.0,0.0,0.0,0.0
1085032883086669,chomba lesa malembeka cpc,False,0.0,neutral,0.0,0.0,1.0,0.0,neutral,0.0,neutral,False,0.0,,4,0,0.0,0.0,0.0,0.0,0.0,0.0,0.0
829943544862310,nchimunya goldens class otherwise punished,False,-0.4588,negative,-0.4588,0.0,0.571,0.429,negative,-0.4588,negative,False,0.0,,5,1,0.2,0.2,0.2,0.0,0.2,0.2,0.2
5803857333037143,supposed include areas also,False,0.0,neutral,0.0,0.0,1.0,0.0,neutral,0.0,neutral,False,0.0,,4,1,0.0,0.0,0.0,0.0,0.0,0.0,0.0
618831263798949,nhamo afiya chiwila stay,False,0.0,neutral,0.0,0.0,1.0,0.0,neutral,0.0,neutral,False,0.0,,4,0,0.0,0.0,0.0,0.0,0.0,0.0,0.0
8359233627524528,ba zesco should get full salary pa month end because clearly telling us only working 3hrs mean doing rest hours,False,0.4019,positive,0.4019,0.124,0.876,0.0,positive,0.4019,positive,False,0.0,,20,4,0.0,0.05,0.0,0.05,0.0,0.05,0.0
3751531488424414,na zesco keep saying 8 hours goes beyond power supposed go 06 00 goes 05 comes back 15 00 instead 14 00 please consider time also,False,0.3182,positive,0.3182,0.087,0.913,0.0,positive,0.3182,positive,False,0.0,,26,1,0.0,0.0384615384615384,0.0,0.0,0.0,0.0384615384615384,0.0
1104749081073997,royd mulenga better than nothing boi just go solar,False,0.4404,positive,0.4404,0.266,0.734,0.0,positive,0.4404,positive,False,0.0,,9,0,0.0,0.0,0.0,0.0,0.0,0.0,0.0
1056556399810818,adrian mutentha true need robust leadership abilities crisis,False,0.2732,positive,0.2732,0.471,0.261,0.268,positive,0.2732,positive,False,0.0,,8,3,0.0,0.0,0.0,0.125,0.0,0.0,0.0
629662045626549,six hours put table should now time won t power particular areas planning purposes,False,0.5719,positive,0.5719,0.236,0.764,0.0,positive,0.5719,positive,False,0.0,,14,2,0.0,0.1428571428571428,0.0,0.0714285714285714,0.0,0.1428571428571428,0.0
5763763656992226,sirgubu c gilbest just like finished whole 2022 without load shedding nothing like october whatever month,False,0.6124,positive,0.6124,0.278,0.722,0.0,positive,0.6124,positive,False,0.0,,16,0,0.0,0.0,0.0,0.0,0.0,0.0,0.0
489266630038074,busiku mike please check page proposed solution,False,0.5574,positive,0.5574,0.479,0.521,0.0,positive,0.5574,positive,False,0.0,,7,1,0.0,0.0,0.0,0.0,0.0,0.0,0.0
1066598031064027,lelo ni pa 1 ati bwanji nkana yamaliti promise promise kwatu power lelo ni day 3,False,0.5574,positive,0.5574,0.277,0.723,0.0,positive,0.5574,positive,False,0.0,,16,2,0.0,0.0,0.0,0.125,0.0,0.0,0.0
846170093330966,must given those charge switching off move together otherwise just remain papper while communities going hours than papper showing,False,0.0,neutral,0.0,0.0,1.0,0.0,neutral,0.0,neutral,False,0.0,,19,0,0.0,0.0,0.0,0.0,0.0,0.0,0.0
606226228096281,too much incompetence company hence need overhaul top management,False,-0.3612,negative,-0.3612,0.149,0.579,0.273,negative,-0.3612,negative,False,0.0,,9,3,0.0,0.1111111111111111,0.0,0.2222222222222222,0.0,0.1111111111111111,0.0
2688712201265424,now introduced half time kutushako 6 hrs boom nakabili yaya,False,0.0,neutral,0.0,0.0,1.0,0.0,neutral,0.0,neutral,False,0.0,,10,1,0.0,0.1,0.0,0.0,0.0,0.1,0.0
2738688156304007,actually brilliant glad zesco finally caught system s how most european countries those laughing needs exposure proper education,False,0.875,positive,0.875,0.417,0.583,0.0,positive,0.875,positive,False,0.0,,18,6,0.0,0.1666666666666666,0.0,0.1666666666666666,0.0,0.1666666666666666,0.0
856938265539057,schedule following another timetable another schedule kamwala south group e power goes 05 11 18 24,False,0.0,neutral,0.0,0.0,1.0,0.0,neutral,0.0,neutral,False,0.0,,16,0,0.0,0.0,0.0,0.0,0.0,0.0,0.0
1228378974692366,fake bcoz implemented bcoz power went 23 now s almost 6 hrs power,False,-0.4767,negative,-0.4767,0.0,0.763,0.237,negative,-0.4767,negative,False,0.0,,13,1,0.0,0.0,0.0,0.0,0.0,0.0,0.0
1261072094609802,zesco needs proper restructuring,False,0.0,neutral,0.0,0.0,1.0,0.0,neutral,0.0,neutral,False,0.0,,4,1,0.0,0.0,0.0,0.0,0.0,0.0,0.0
6084864491636242,u poor communication,False,-0.4767,negative,-0.4767,0.0,0.244,0.756,negative,-0.4767,negative,False,0.0,,3,1,0.0,0.0,0.0,0.3333333333333333,0.0,0.0,0.0
255480177328518,well previous regime took years drink water,False,0.2732,positive,0.2732,0.259,0.741,0.0,positive,0.2732,positive,False,0.0,,7,0,0.0,0.0,0.0,0.0,0.0,0.0,0.0
1073389894142647,president lies how guys expect lie,False,-0.4215,negative,-0.4215,0.0,0.641,0.359,negative,-0.4215,negative,False,0.0,,6,3,0.1666666666666666,0.1666666666666666,0.0,0.3333333333333333,0.1666666666666666,0.1666666666666666,0.1666666666666666
837517727541875,philimo voice afrika hear sir,False,0.0,neutral,0.0,0.0,1.0,0.0,neutral,0.0,neutral,False,0.0,,5,1,0.0,0.0,0.0,0.2,0.0,0.0,0.0
380870341599348,stephen sata ba mister know apa tapali efyo beshibe s blank,False,0.0,neutral,-0.5,0.0,1.0,0.0,negative,-0.5,negative,True,-0.5,tapali,11,0,0.0,0.0,0.0,0.0,0.0,0.0,0.0
408819144761920,felix kumwamwasa don t forget people voted pf because hh promised change issue load shedding busy telling people ati s acceptable following,True,0.4404,positive,0.4404,0.203,0.717,0.08,negative,0.4404,negative,False,0.0,,22,4,0.0,0.0,0.0454545454545454,0.0454545454545454,0.0,0.0,0.0
390858876596508,zesco limited mufulira specifically shinde stadium area loadshedded 16 now 23hrs s 7hrs hours please precise restoring power just late cutting,False,0.2732,positive,0.2732,0.188,0.669,0.142,positive,0.2732,positive,False,0.0,,21,5,0.0952380952380952,0.0,0.0476190476190476,0.0,0.1428571428571428,0.0,0.119047619047619
1657317551537951,nancy prisháàn s mum deserve good beating lives kubah chitah panel beat fulu ni galimoto,False,-0.0258,neutral,-0.0258,0.162,0.67,0.168,neutral,-0.0258,neutral,False,0.0,,15,4,0.1333333333333333,0.1333333333333333,0.1333333333333333,0.1333333333333333,0.0666666666666666,0.1333333333333333,0.1
1592824934504453,kelvin kayombo simunza guy,False,0.0,neutral,0.0,0.0,1.0,0.0,neutral,0.0,neutral,False,0.0,,4,0,0.0,0.0,0.0,0.0,0.0,0.0,0.0
1182331739155606,06 power hasn t restored yet now understand meaning bally fix metaphor meaning suffer people,False,-0.2732,negative,-0.2732,0.134,0.67,0.196,negative,-0.2732,negative,False,0.0,,15,1,0.0,0.0,0.0,0.0,0.0,0.0,0.0
6800755473319792,henry sichula s thought also alas paid 4 months ago just brought four poles amount k146 000 includes transformer everything quoted,False,-0.2732,negative,-0.2732,0.0,0.896,0.104,negative,-0.2732,negative,False,0.0,,21,1,0.0,0.0476190476190476,0.0,0.0,0.0,0.0476190476190476,0.0
492310796602094,zed roasters inc doesn t work without power bwana,False,0.0,neutral,0.0,0.0,1.0,0.0,neutral,0.0,neutral,False,0.0,,9,0,0.0,0.0,0.0,0.0,0.0,0.0,0.0
2182068691972856,titus masumbuku ivunda made point now sleep,False,0.0,neutral,0.0,0.0,1.0,0.0,neutral,0.0,neutral,False,0.0,,7,0,0.0,0.0,0.0,0.0,0.0,0.0,0.0
924167659166907,zesco limited how even check power comes midnight goes around 04hrs people sleeping tired,False,-0.5859,negative,-0.5859,0.0,0.714,0.286,negative,-0.5859,negative,False,0.0,,14,2,0.0714285714285714,0.0,0.0,0.0,0.0714285714285714,0.0,0.0714285714285714
592616692693736,good evening selected houses chamber valley tachai valley area don t power since 21 hours yesterday loadshelding continued neighbors yet us remain dark,False,0.4404,positive,0.4404,0.121,0.879,0.0,positive,0.4404,positive,False,0.0,,23,3,0.0,0.0434782608695652,0.0,0.0869565217391304,0.0434782608695652,0.0434782608695652,0.0217391304347826
997820034677347,6 weeks complaining re talking months,False,-0.2023,negative,-0.2023,0.0,0.69,0.31,negative,-0.2023,negative,False,0.0,,6,0,0.0,0.0,0.0,0.0,0.0,0.0,0.0
2154609558274184,ba zesco power comes kuma zero chani time wake power gone than month now how expect us update,False,0.0,neutral,0.0,0.0,1.0,0.0,neutral,0.0,neutral,False,0.0,,18,2,0.0,0.1111111111111111,0.0,0.0555555555555555,0.0,0.1111111111111111,0.0
2597395027067376,better start rotating load shedding hours,True,0.4404,positive,0.4404,0.367,0.633,0.0,negative,0.4404,negative,False,0.0,,6,1,0.0,0.1666666666666666,0.0,0.0,0.0,0.1666666666666666,0.0
1539253826550352,pickrell knowels true speaks mind god says s david s just saul really mean,False,0.5994,positive,0.5994,0.329,0.671,0.0,positive,0.5994,positive,False,0.0,,14,2,0.0,0.0714285714285714,0.0714285714285714,0.1428571428571428,0.0,0.0714285714285714,0.0
3348816668587167,information day dream,False,0.25,positive,0.25,0.5,0.5,0.0,positive,0.25,positive,False,0.0,,3,1,0.0,0.0,0.0,0.0,0.0,0.0,0.0
1354677755466141,mulenda lukhere think both need complain sir,False,-0.3612,negative,-0.3612,0.0,0.706,0.294,negative,-0.3612,negative,False,0.0,,7,2,0.1428571428571428,0.0,0.0,0.1428571428571428,0.1428571428571428,0.0,0.1428571428571428
1135886531575155,thelma bwalya should surely get awe zesco should game mwandi,False,0.4404,positive,-0.2595999999999999,0.244,0.756,0.0,negative,-0.2595999999999999,negative,True,-0.7,awe,10,0,0.0,0.0,0.0,0.0,0.0,0.0,0.0
588280453129937,tell people chililabombwe should loadshedd same area 18 00hrs past 1 week kutupa believe should rotation basis also want power evening bringing power sleeping exactly 06 00 s gone elo kutupa last,False,0.0772,positive,0.0772,0.043,0.957,0.0,positive,0.0772,positive,False,0.0,,32,0,0.0,0.0,0.0,0.0,0.0,0.0,0.0
420747464242930,zesco limited yes 9 hours 30 minutes,False,0.2023,positive,0.2023,0.314,0.465,0.221,positive,0.2023,positive,False,0.0,,7,1,0.1428571428571428,0.0,0.0,0.0,0.1428571428571428,0.0,0.1428571428571428
403212272830364,lelo s october waiting rubbish,False,0.0,neutral,0.0,0.0,1.0,0.0,neutral,0.0,neutral,False,0.0,,5,1,0.0,0.0,0.0,0.0,0.0,0.0,0.0
2097613640630766,hend rix connected within week payment solwezi zesco corruption,False,0.0,neutral,0.0,0.0,1.0,0.0,neutral,0.0,neutral,False,0.0,,9,2,0.0,0.0,0.0,0.0,0.0,0.0,0.0
1091675505563821,kelvin zalawi sichone bwafya try go,False,0.0,neutral,0.0,0.0,1.0,0.0,neutral,0.0,neutral,False,0.0,,6,0,0.0,0.0,0.0,0.0,0.0,0.0,0.0
1329032821280592,kristina nkhoma ni zeze dosage ma ma trouble,False,-0.4019,negative,-0.4019,0.0,0.722,0.278,negative,-0.4019,negative,False,0.0,,8,0,0.0,0.0,0.0,0.0,0.0,0.0,0.0
5723757744386218,want just shutdown whole nation kwati palipo notumaiti,False,0.0772,positive,0.0772,0.157,0.843,0.0,positive,0.0772,positive,False,0.0,,8,1,0.0,0.0,0.0,0.125,0.0,0.0,0.0
1312003869590105,honestly stick schedule those switching off needs go back school redo maths power came back 1900 2330hrs off how many hours between,False,0.4588,positive,0.4588,0.125,0.875,0.0,positive,0.4588,positive,False,0.0,,22,1,0.0,0.0,0.0,0.0454545454545454,0.0,0.0,0.0
1103365944000251,zesco limited please advise how comply update meter power expected wait until midnight meters mean receiving messages asking update information done continue receive message how comply trying contact someone zesco assistance none numbers given work,False,0.1027,positive,0.1027,0.062,0.887,0.051,positive,0.1027,positive,False,0.0,,35,10,0.0285714285714285,0.1142857142857142,0.0,0.0571428571428571,0.0285714285714285,0.1142857142857142,0.0285714285714285
774328217816405,sibeso mukelabai masiye oh,False,0.0,neutral,0.0,0.0,1.0,0.0,neutral,0.0,neutral,False,0.0,,4,0,0.0,0.0,0.0,0.0,0.0,0.0,0.0
1045021707103658,siven rowland bwembya totally agree punishing defenceless citizens while shacking rich kids afford solar other industries import make alternative power solutions,False,0.4964,positive,0.4964,0.279,0.587,0.134,positive,0.4964,positive,False,0.0,,21,3,0.0476190476190476,0.0,0.0476190476190476,0.0,0.0476190476190476,0.0,0.0476190476190476
2299770710224782,george muls dad s like power go same time part lusaka answer part time like s 00 11hrs knowing,False,0.6124,positive,0.6124,0.25,0.75,0.0,positive,0.6124,positive,False,0.0,,19,3,0.0,0.1052631578947368,0.0,0.0,0.0,0.1052631578947368,0.0
1539253826550352,bally vote,False,0.0,neutral,0.0,0.0,1.0,0.0,neutral,0.0,neutral,False,0.0,,2,1,0.5,0.5,0.0,0.5,0.5,0.5,0.5
1760098067721506,account even verified facebook,False,0.0,neutral,0.0,0.0,1.0,0.0,neutral,0.0,neutral,False,0.0,,4,2,0.0,0.0,0.0,0.5,0.0,0.0,0.0
1064385481806396,sure boss even instructed subordinates kaya ni board ya load shedding committee sit come 3 hour schedule even arguing group gets 24 03 just wasting time putting extremely useless schedule just leave us alone whatever moved kudala,False,-0.8268,negative,-1.0,0.052,0.677,0.271,negative,-1.0,negative,True,-0.3,kaya,37,6,0.0,0.054054054054054,0.027027027027027,0.027027027027027,0.054054054054054,0.054054054054054,0.027027027027027
1170309507311276,didn t know 06 14 slot caught unawares morning thinking 10 18 oops,False,0.0,neutral,0.0,0.0,1.0,0.0,neutral,0.0,neutral,False,0.0,,13,0,0.0,0.0,0.0,0.0,0.0,0.0,0.0
423658663610885,ba zesco nothing than keep posting schedule please stop load shedding ok destroyed business hateless people very hateless,False,-0.2263,negative,-0.2263,0.188,0.586,0.226,negative,-0.2263,negative,False,0.0,,18,1,0.0555555555555555,0.0,0.0555555555555555,0.0,0.0555555555555555,0.0,0.0555555555555555
1096573222127959,yamezjr effect meters don t keys idea how sunday t call zesco obviously,False,0.0,neutral,0.0,0.0,1.0,0.0,neutral,0.0,neutral,False,0.0,,13,1,0.0,0.0,0.0,0.0769230769230769,0.0,0.0,0.0
532409062199641,s ok just stick 1 time off relief yours calculations never see power own residence leave work power knock off power,False,0.6249,positive,0.6249,0.236,0.711,0.053,positive,0.6249,positive,False,0.0,,21,3,0.0,0.0476190476190476,0.0,0.0,0.0476190476190476,0.0476190476190476,0.0238095238095238
1358542278236308,posting something don t follow,False,0.0,neutral,0.0,0.0,1.0,0.0,neutral,0.0,neutral,False,0.0,,5,1,0.0,0.0,0.0,0.2,0.0,0.0,0.0
837954824387458,lubona karmilah chibabula too only 9 trying since 24hrs thinking phone issues,False,0.0,neutral,0.0,0.0,1.0,0.0,neutral,0.0,neutral,False,0.0,,12,0,0.0,0.0,0.0,0.0,0.0,0.0,0.0
618831263798949,nhamo afiya chiwila happy guys having power during day coz really want use time sleep night,False,0.6478,positive,0.6478,0.274,0.726,0.0,positive,0.6478,positive,False,0.0,,16,2,0.0,0.125,0.0,0.0625,0.0,0.125,0.0
586992656597136,problem don t stick time table,False,-0.4019,negative,-0.4019,0.0,0.597,0.403,negative,-0.4019,negative,False,0.0,,6,3,0.0,0.1666666666666666,0.1666666666666666,0.1666666666666666,0.1666666666666666,0.1666666666666666,0.0833333333333333
1163113941452762,lol trading excess anyone better fye leave appliances,True,0.6705,positive,0.6705,0.479,0.42,0.101,negative,0.6705,negative,False,0.0,,8,2,0.0,0.0,0.0,0.0,0.125,0.0,0.0625
612476807988749,chibwe petronella kunda cpk very true,False,0.4754,positive,0.4754,0.382,0.618,0.0,positive,0.4754,positive,False,0.0,,6,1,0.0,0.0,0.0,0.1666666666666666,0.0,0.0,0.0
785673903046538,elinajoe tembo banda aini life ishupe nabena bashupeko,False,0.0,neutral,0.0,0.0,1.0,0.0,neutral,0.0,neutral,False,0.0,,8,0,0.0,0.0,0.0,0.0,0.0,0.0,0.0
371394469394103,imwe zesco limited ever read whatever typed olo just post how give us 24hrs update prepaid meters don t electricity,False,-0.2263,negative,-0.2263,0.0,0.905,0.095,negative,-0.2263,negative,False,0.0,,20,3,0.05,0.0,0.0,0.05,0.05,0.0,0.05
1243843656799398,apa zesco decided come 01 24am life waiting like females waiting men come home awe mwe,False,0.3612,positive,-0.3387999999999999,0.143,0.857,0.0,negative,-0.3387999999999999,negative,True,-0.7,awe,16,0,0.0,0.0,0.0,0.0,0.0,0.0,0.0
3502869939982267,andrew nsama ala tefintu mune,False,0.0,neutral,-0.7,0.0,1.0,0.0,negative,-0.7,negative,True,-0.7,tefintu,5,0,0.0,0.0,0.0,0.0,0.0,0.0,0.0
543684474353285,same way u updating us load management kindly update us called water level know power back normal,False,0.4939,positive,0.4939,0.176,0.824,0.0,positive,0.4939,positive,False,0.0,,17,2,0.0,0.0,0.0,0.1176470588235294,0.0,0.0,0.0
7359122830872795,sam micheal swear very useless honsetly how much sun light couldn t put something solor benefit us every afford solor instead put money into transformer should solar work s frustrating,False,-0.4927,negative,-0.4927,0.088,0.702,0.21,negative,-0.4927,negative,False,0.0,,30,6,0.0333333333333333,0.0666666666666666,0.0,0.1,0.0,0.0666666666666666,0.0166666666666666
2827202157439681,king sido last dictator iwe just sign,False,0.0,neutral,0.0,0.0,1.0,0.0,neutral,0.0,neutral,False,0.0,,7,2,0.0,0.0,0.1428571428571428,0.0,0.0,0.0,0.0
734501617841965,switching off very punctual switching back don t stick time,False,0.0,neutral,0.0,0.0,1.0,0.0,neutral,0.0,neutral,False,0.0,,10,3,0.0,0.2,0.0,0.2,0.0,0.2,0.0
8207205366024150,kennedy muzyamba said,False,0.0,neutral,0.0,0.0,1.0,0.0,neutral,0.0,neutral,False,0.0,,3,0,0.0,0.0,0.0,0.0,0.0,0.0,0.0
2418646351616728,now recommended zesco loadsheds level economic significance productivity areas economic activity such markets accommodate those rely electricity such wielders internet cafes butcheries barbershop etc may consider leaving such areas longer periods day time switch night further relief may each zone least full day without loadshedding,False,0.7184,positive,0.7184,0.143,0.857,0.0,positive,0.7184,positive,False,0.0,,45,6,0.0,0.0222222222222222,0.0,0.0222222222222222,0.0,0.0222222222222222,0.0
1635812790689193,kindly advice start buying tu nyama coz nipa first lelo tata,False,0.4939,positive,0.2939,0.242,0.758,0.0,positive,0.2939,positive,True,-0.2,tata,11,2,0.0,0.0909090909090909,0.0,0.0909090909090909,0.0,0.0909090909090909,0.0
858763822055995,yvonne yasini chilonge very true mwadi s irritating,False,-0.044,neutral,-0.044,0.272,0.44,0.287,neutral,-0.044,neutral,False,0.0,,8,2,0.125,0.0,0.0,0.125,0.0,0.0,0.0625
921314262582264,john mulenga zero until 2055,False,0.0,neutral,0.0,0.0,1.0,0.0,neutral,0.0,neutral,False,0.0,,5,1,0.0,0.0,0.0,0.0,0.0,0.0,0.0
196635840034379,zesco limited lusaka west military camp section houses power since tuesday 27 june 2023 kindly something please,False,0.5574,positive,0.5574,0.257,0.654,0.089,positive,0.5574,positive,False,0.0,,17,2,0.0588235294117647,0.0,0.0588235294117647,0.0,0.0588235294117647,0.0,0.0588235294117647
901209128559441,donald tembo really laughed sleep without power wake without power,False,0.5095,positive,0.5095,0.268,0.732,0.0,positive,0.5095,positive,False,0.0,,10,0,0.0,0.0,0.0,0.0,0.0,0.0,0.0
317607634018456,jimmy mukwanya u dnt v number,False,0.0772,positive,0.0772,0.302,0.698,0.0,positive,0.0772,positive,False,0.0,,6,0,0.0,0.0,0.0,0.0,0.0,0.0,0.0
925974862884776,fault coz whole zesco fault want us report fault fault,False,-0.8591,negative,-0.8591,0.076,0.292,0.632,negative,-0.8591,negative,False,0.0,,10,4,0.0,0.0,0.0,0.0,0.4,0.0,0.2
1360522354808794,s cheka uyende behind,False,0.0,neutral,0.0,0.0,1.0,0.0,neutral,0.0,neutral,False,0.0,,4,0,0.0,0.0,0.0,0.0,0.0,0.0,0.0
8388516171255825,today 1st october think forgotten promised aini,False,0.1531,positive,0.1531,0.266,0.532,0.202,positive,0.1531,positive,False,0.0,,7,1,0.0,0.0,0.1428571428571428,0.0,0.1428571428571428,0.0,0.0714285714285714
770507935235942,like fool fell trick bought units now staring dark meter t upload past midnight now very very sleepy nikagone chabe,False,-0.1531,negative,-0.1531,0.111,0.708,0.181,negative,-0.1531,negative,False,0.0,,20,5,0.0,0.0,0.0,0.0,0.1,0.0,0.05
6170660102944681,elizabeth alicia bwalya how far,False,0.0,neutral,0.0,0.0,1.0,0.0,neutral,0.0,neutral,False,0.0,,5,0,0.0,0.0,0.0,0.0,0.0,0.0,0.0
1016113056445921,same know selling something k6 know customers come negotiate put same thing k12 avoid loss customer comes say price sale thing k6 yet thing k6 customer say least negotiated half without knowing k6 actual price intellectual very very important than working under pressure,False,-0.0074,neutral,-0.0074,0.113,0.754,0.133,neutral,-0.0074,neutral,False,0.0,,43,11,0.0232558139534883,0.0,0.0465116279069767,0.0465116279069767,0.0232558139534883,0.0,0.0232558139534883
520241180203543,mu zambia kuti twalikala kanshi twaba muma celz tatwaishba how electricity going whole day mu chalo,False,0.0,neutral,-0.3,0.0,1.0,0.0,negative,-0.3,negative,True,-0.3,kuti,16,1,0.0,0.0,0.0,0.0,0.0,0.0,0.0
1968490243632701,lelo pa 1st october power came 03 30 yayenda 05 30 almost 2 days power supply area ndiye stable power supply iyi,False,0.296,positive,0.296,0.099,0.901,0.0,positive,0.296,positive,False,0.0,,22,3,0.0,0.0,0.0,0.0454545454545454,0.0,0.0,0.0
925697462310474,arthur mwakanandi actually don t meter update doesn t don t see how work,False,0.0,neutral,0.0,0.0,1.0,0.0,neutral,0.0,neutral,False,0.0,,14,2,0.0,0.0,0.0,0.1428571428571428,0.0,0.0,0.0
891631489062518,muchinga zesco limited,False,-0.2263,negative,-0.2263,0.0,0.513,0.487,negative,-0.2263,negative,False,0.0,,3,1,0.3333333333333333,0.0,0.0,0.0,0.3333333333333333,0.0,0.3333333333333333
509595481969680,s first week october power,False,0.0,neutral,0.0,0.0,1.0,0.0,neutral,0.0,neutral,False,0.0,,5,0,0.0,0.0,0.0,0.0,0.0,0.0,0.0
1040374210748815,zesco limited 1st october 2024 sunu lelo nomba now need see promised,False,0.1531,positive,0.1531,0.174,0.694,0.132,positive,0.1531,positive,False,0.0,,12,1,0.0833333333333333,0.0,0.0,0.0,0.0833333333333333,0.0,0.0833333333333333
153482964459194,how s government minister involved sure those same people asking olo zati also trying tell ka extra something t get signal,False,0.3182,positive,0.3182,0.113,0.887,0.0,positive,0.3182,positive,False,0.0,,21,2,0.0,0.0,0.0476190476190476,0.0,0.0,0.0,0.0
3798400183763567,alow ba zesco just ka reminder nipa 1 lelo,False,0.0,neutral,0.0,0.0,1.0,0.0,neutral,0.0,neutral,False,0.0,,9,0,0.0,0.0,0.0,0.0,0.0,0.0,0.0
891216835653285,problem started ubufufi naimwe joined ichipani power went 05 now nothing 6 hours sure,False,-0.5664,negative,-0.9664,0.0,0.702,0.298,negative,-0.9664,negative,True,-0.4,naimwe,14,2,0.0,0.0,0.0714285714285714,0.0,0.0714285714285714,0.0,0.0357142857142857
521413643944406,kakunta maggie chibale right imagine don t know exactly power going coming back time table iyamano switch off power apobalefyaila kwangala uku kabwe luangwa ericka street power goes same schedule morning elo business,False,0.0,neutral,0.0,0.0,1.0,0.0,neutral,0.0,neutral,False,0.0,,33,3,0.0,0.0606060606060606,0.0,0.0303030303030303,0.0,0.0606060606060606,0.0
1133189314375206,jane chiwila yes support narrative,False,0.6597,positive,0.6597,0.643,0.357,0.0,positive,0.6597,positive,False,0.0,,5,0,0.0,0.0,0.0,0.0,0.0,0.0,0.0
233194139652219,malita chola mutanya same,False,0.0,neutral,0.0,0.0,1.0,0.0,neutral,0.0,neutral,False,0.0,,4,0,0.0,0.0,0.0,0.0,0.0,0.0,0.0
6104072066312185,difference same,False,0.0,neutral,0.0,0.0,1.0,0.0,neutral,0.0,neutral,False,0.0,,2,0,0.0,0.0,0.0,0.0,0.0,0.0,0.0
644107217775772,namakau lubasi ok let try,False,0.296,positive,0.296,0.355,0.645,0.0,positive,0.296,positive,False,0.0,,5,0,0.0,0.0,0.0,0.0,0.0,0.0,0.0
837954824387458,selina banda too only 9 managed purchase refusing entering token,False,-0.4019,negative,-0.4019,0.0,0.748,0.252,negative,-0.4019,negative,False,0.0,,10,0,0.0,0.0,0.0,0.0,0.0,0.0,0.0
3607333279517531,zambians shouldn t gullible statement zesco limited making water levels reducing thing need ask ourselves how able contain water level during summer time being load shedded 8hrs now during summer how many hours load shedding experience s need lot transparency accountability because know power being exported expense development stands right now businesses doing well most rely power supply therefore calling high authority look into matter,False,-0.2263,negative,-0.2263,0.067,0.867,0.066,negative,-0.2263,negative,False,0.0,,65,8,0.0153846153846153,0.0153846153846153,0.0,0.0769230769230769,0.0307692307692307,0.0153846153846153,0.023076923076923
867710671317165,charles mpande bu cader won t put food ur table sir learn realistic accept things bad,False,0.4215,positive,0.4215,0.289,0.55,0.161,positive,0.4215,positive,False,0.0,,16,4,0.0625,0.0,0.0625,0.125,0.0625,0.0,0.0625
1153772966523175,kariba dam never rains thank god rain pattern year opened eyes,False,-0.4449,negative,-0.4449,0.0,0.696,0.304,negative,-0.4449,negative,False,0.0,,11,1,0.0,0.0909090909090909,0.0909090909090909,0.0909090909090909,0.0,0.0909090909090909,0.0
442822361760933,unite speak voice behave,False,0.0,neutral,0.0,0.0,1.0,0.0,neutral,0.0,neutral,False,0.0,,4,0,0.0,0.0,0.0,0.0,0.0,0.0,0.0
3238588863025453,just removing dust solar panels once get new batteries gas stove bye bye,False,0.0,neutral,0.0,0.0,1.0,0.0,neutral,0.0,neutral,False,0.0,,13,3,0.0,0.1538461538461538,0.0,0.0,0.0,0.1538461538461538,0.0
1681413012651571,re serious,False,-0.0772,negative,-0.0772,0.0,0.435,0.565,negative,-0.0772,negative,False,0.0,,2,0,0.0,0.0,0.0,0.0,0.0,0.0,0.0
1213752056497264,12 00 1205 atleast bulb blinked today,False,0.0,neutral,0.0,0.0,1.0,0.0,neutral,0.0,neutral,False,0.0,,7,0,0.0,0.0,0.0,0.0,0.0,0.0,0.0
2108774816242587,mwaba jerry mwesa ask mwandi,False,0.0,neutral,0.0,0.0,1.0,0.0,neutral,0.0,neutral,False,0.0,,5,0,0.0,0.0,0.0,0.0,0.0,0.0,0.0
1290223178817006,how update power,False,0.0,neutral,0.0,0.0,1.0,0.0,neutral,0.0,neutral,False,0.0,,3,0,0.0,0.0,0.0,0.0,0.0,0.0,0.0
5853905888003656,21 57 power cuts ibenga s schedule zesco limited,False,-0.4767,negative,-0.4767,0.0,0.594,0.406,negative,-0.4767,negative,False,0.0,,9,1,0.1111111111111111,0.0,0.0,0.0,0.1111111111111111,0.0,0.1111111111111111
1588010745485401,checking calender ba zesco today 1st october,False,0.0,neutral,0.0,0.0,1.0,0.0,neutral,0.0,neutral,False,0.0,,7,0,0.0,0.0,0.0,0.0,0.0,0.0,0.0
433286195995598,power since yesterday elo nishi s 1st october kuti walila,False,0.0,neutral,-0.4,0.0,1.0,0.0,negative,-0.4,negative,True,-0.4,kuti walila,10,0,0.0,0.0,0.0,0.0,0.0,0.0,0.0
882939279724233,2020 never even planned load shedding way better,False,0.4404,positive,0.4404,0.293,0.707,0.0,positive,0.4404,positive,False,0.0,,8,0,0.0,0.0,0.0,0.0,0.0,0.0,0.0
624553022955708,eric bulaya awe nothing coming,False,0.0,neutral,-0.7,0.0,1.0,0.0,negative,-0.7,negative,True,-0.7,awe,5,1,0.0,0.2,0.0,0.0,0.0,0.2,0.0
774328217816405,sibeso mukelabai masiye too ai,False,0.0,neutral,0.0,0.0,1.0,0.0,neutral,0.0,neutral,False,0.0,,5,0,0.0,0.0,0.0,0.0,0.0,0.0,0.0
1311564579667002,salome lubasika place,False,0.0,neutral,0.0,0.0,1.0,0.0,neutral,0.0,neutral,False,0.0,,3,0,0.0,0.0,0.0,0.0,0.0,0.0,0.0
293198846412754,awe s okay write power,False,0.2263,positive,-0.4736999999999999,0.388,0.612,0.0,negative,-0.4736999999999999,negative,True,-0.7,awe,5,0,0.0,0.0,0.0,0.0,0.0,0.0,0.0
847279377585164,mweene omedy keny aba beve remove even chi gown u showing ur ignorant,False,-0.2732,negative,-0.6732,0.0,0.84,0.16,negative,-0.6732,negative,True,-0.4,aba,13,2,0.0769230769230769,0.0,0.0769230769230769,0.0,0.0769230769230769,0.0,0.0769230769230769
930137114662977,s sad t stick load shedding pattern haven t power 05 50hrs till now 21hrs don t know time restored than 15 hours now,False,-0.1779,negative,-0.1779,0.102,0.766,0.132,negative,-0.1779,negative,False,0.0,,24,3,0.0,0.0416666666666666,0.0,0.0833333333333333,0.0,0.0416666666666666,0.0
1752883328798712,yabwelako lelo coz promised us month reduce hours how far project try update nation know epo tuleendela,False,0.3612,positive,0.3612,0.135,0.865,0.0,positive,0.3612,positive,False,0.0,,17,1,0.0,0.0,0.0,0.0588235294117647,0.0,0.0,0.0
1332443117593026,bally someone should lost job serve lesson others how lie president now excess power yet s lie,False,-0.3182,negative,-0.3182,0.0,0.867,0.133,negative,-0.3182,negative,False,0.0,,17,8,0.1176470588235294,0.0588235294117647,0.0,0.1764705882352941,0.1764705882352941,0.0588235294117647,0.1470588235294117
656890259509193,mutinta chimz babys boi just bring phones charge ku siavonga ise don t even know loadshedding kuno,False,0.0,neutral,0.0,0.0,1.0,0.0,neutral,0.0,neutral,False,0.0,,17,1,0.0,0.0,0.0,0.0588235294117647,0.0,0.0,0.0
842048671057065,guys jokers aiii today 1st october play 18million zambians really muntu ninsoni,False,0.34,positive,0.34,0.179,0.821,0.0,positive,0.34,positive,False,0.0,,12,0,0.0,0.0,0.0,0.0,0.0,0.0,0.0
837954824387458,selina banda wanted cook samp today weekend plan get units pa 1 programs interrupted,False,-0.296,negative,-0.296,0.0,0.845,0.155,negative,-0.296,negative,False,0.0,,14,2,0.0,0.0714285714285714,0.0,0.0,0.0714285714285714,0.0714285714285714,0.0357142857142857
3320933161503894,people stupid s point giving us schedule t stick,False,-0.25,negative,-0.25,0.222,0.463,0.315,negative,-0.25,negative,False,0.0,,9,2,0.0,0.0,0.0,0.0,0.0,0.0,0.0
581488507133950,time since 23hrs power yet back should trust timetable,False,0.5106,positive,0.5106,0.292,0.708,0.0,positive,0.5106,positive,False,0.0,,9,2,0.0,0.1111111111111111,0.0,0.1111111111111111,0.0,0.1111111111111111,0.0
987006009760428,m sure won t like group coming week,False,0.8176,positive,0.8176,0.739,0.261,0.0,positive,0.8176,positive,False,0.0,,8,1,0.0,0.125,0.0,0.0,0.0,0.125,0.0
512809911557124,zesco limited erb waiting entire month september just 3 hours power day should learn keep quiet let work speak self energy minister even bringing talking shame,False,-0.4404,negative,-0.4404,0.072,0.756,0.172,negative,-0.4404,negative,False,0.0,,26,4,0.0384615384615384,0.0,0.0384615384615384,0.0,0.1153846153846153,0.0,0.0769230769230769
1571738356757226,need new schedule ba zesco kindly update us plan october,False,0.4939,positive,0.4939,0.262,0.738,0.0,positive,0.4939,positive,False,0.0,,10,1,0.0,0.1,0.0,0.0,0.0,0.1,0.0
938598631081785,time table doesn t work chelstone power went 2minutes 6am now power shame,False,-0.4767,negative,-0.4767,0.0,0.78,0.22,negative,-0.4767,negative,False,0.0,,13,2,0.0,0.0769230769230769,0.0769230769230769,0.0,0.0769230769230769,0.0769230769230769,0.0384615384615384
1834569630232737,ala efinshi ifi said wanted break during loadshedding totally zero performance public pressure scandalous selfish inhuman long hours loadshedding go sit come 12 hours over means exports continue dull please,True,-0.8442,negative,-0.8442,0.059,0.646,0.295,negative,-0.8442,negative,False,0.0,,30,9,0.1,0.1,0.0333333333333333,0.0333333333333333,0.0666666666666666,0.1,0.0833333333333333
1558742851734596,petr besa ba besa already sacrificed 21 hours having power between 01 05 tantamount sacrificing 24 hours cause power time understand s called load management mean already cutting power 21 hours manage load think splicing three hours just ensure people access power time could find useful would great,False,0.8442,positive,0.8442,0.177,0.795,0.028,positive,0.8442,positive,False,0.0,,48,6,0.0208333333333333,0.0416666666666666,0.0208333333333333,0.0625,0.0208333333333333,0.0416666666666666,0.0208333333333333
807091348033010,susan j stephens people sent numbers please let s create group,False,0.5267,positive,0.5267,0.386,0.614,0.0,positive,0.5267,positive,False,0.0,,11,2,0.0,0.0,0.0,0.0,0.0,0.0,0.0
1322610832456208,kabika harriet imagine sis lying us straight faces bachilamo reason go home,False,-0.3612,negative,-1.0,0.124,0.654,0.222,negative,-1.0,negative,True,-0.8,bachilamo,12,2,0.0833333333333333,0.0,0.0,0.0,0.0,0.0,0.0416666666666666
863524105753795,least 10 16hrs,False,0.0,neutral,0.0,0.0,1.0,0.0,neutral,0.0,neutral,False,0.0,,3,0,0.0,0.0,0.0,0.0,0.0,0.0,0.0
1237187366867666,bufi ise kwatu power went 15 00it came back kuma 24 00then went off 05 00o clock,False,0.0,neutral,0.0,0.0,1.0,0.0,neutral,0.0,neutral,False,0.0,,17,1,0.0,0.0588235294117647,0.0,0.0,0.0,0.0588235294117647,0.0
1638398146614982,bit fair mwe,False,0.3182,positive,0.3182,0.535,0.465,0.0,positive,0.3182,positive,False,0.0,,3,1,0.0,0.0,0.0,0.0,0.0,0.0,0.0
2281702645561700,ise power 04 00 05 32 today wondering meant october yamu 2025,False,0.0,neutral,0.0,0.0,1.0,0.0,neutral,0.0,neutral,False,0.0,,12,0,0.0,0.0,0.0,0.0,0.0,0.0,0.0
754014609808724,mwansa mulenga s still saying unable fetch details kupusa ba zesco,False,0.0,neutral,0.0,0.0,1.0,0.0,neutral,0.0,neutral,False,0.0,,11,1,0.0,0.0,0.0,0.0,0.0909090909090909,0.0,0.0454545454545454
624553022955708,diana kakula kauseni awesome,False,0.6249,positive,0.6249,0.577,0.423,0.0,positive,0.6249,positive,False,0.0,,4,0,0.0,0.0,0.0,0.0,0.0,0.0,0.0
1096573222127959,bridget tembo get kct 1 2 dial 3600 choose prepaid token option 3 enter meter number boom,False,0.0772,positive,0.0772,0.091,0.909,0.0,positive,0.0772,positive,False,0.0,,17,1,0.0,0.0,0.0,0.0,0.0,0.0,0.0
570498601194220,pamex siamaleke know power being exported while locals being loadshedded s because locals t afford pay right amount money power ask yourself farmers prefer sell maize congo than zambia,False,-0.1027,negative,-0.1027,0.0,0.949,0.051,negative,-0.1027,negative,False,0.0,,29,4,0.0344827586206896,0.0689655172413793,0.0,0.1034482758620689,0.0,0.0689655172413793,0.0172413793103448
1018509556747250,aren t supposed online sure realize many illiterate people zambia beside power even s never home,False,0.3182,positive,0.3182,0.15,0.85,0.0,positive,0.3182,positive,False,0.0,,16,1,0.0,0.0,0.0,0.0,0.0,0.0,0.0
1047142153559111,schedules changing weekly basis cannot survive power only 24 hrs 03 hrs foreseeable future,False,0.0,neutral,0.0,0.0,1.0,0.0,neutral,0.0,neutral,False,0.0,,14,1,0.0,0.0,0.0,0.0,0.0,0.0,0.0
908148150549989,zesco limited schedule working riverside kitwe power went around 05am 2pm still power s better don t communicate schedules because s really inconveniencing following,False,0.25,positive,0.25,0.122,0.798,0.08,positive,0.25,positive,False,0.0,,24,4,0.0416666666666666,0.0,0.0,0.0833333333333333,0.0416666666666666,0.0,0.0416666666666666
1707347403023039,re talking 6 weeks stay s almost two years keep promising,False,0.4019,positive,0.4019,0.252,0.748,0.0,positive,0.4019,positive,False,0.0,,11,1,0.0,0.0,0.0,0.0,0.0,0.0,0.0
27637132515902162,guide how update without power,False,0.0,neutral,0.0,0.0,1.0,0.0,neutral,0.0,neutral,False,0.0,,5,1,0.0,0.0,0.0,0.2,0.0,0.0,0.0
478868854645444,ifwe kuno s just showing plc con kaya problem,False,-0.4019,negative,-0.7019,0.0,0.722,0.278,negative,-0.7019,negative,True,-0.3,kaya,9,1,0.0,0.0,0.1111111111111111,0.0,0.1111111111111111,0.0,0.0555555555555555
1073826027545472,most realistic way doing things,False,0.0,neutral,0.0,0.0,1.0,0.0,neutral,0.0,neutral,False,0.0,,5,0,0.0,0.0,0.0,0.0,0.0,0.0,0.0
797443682087152,ruth lufi eh get capital city,False,0.0,neutral,0.0,0.0,1.0,0.0,neutral,0.0,neutral,False,0.0,,6,1,0.0,0.0,0.0,0.0,0.0,0.0,0.0
543388588052603,koma nikuti doba uku manje,False,0.0,neutral,-0.3,0.0,1.0,0.0,negative,-0.3,negative,True,-0.3,manje,5,0,0.0,0.0,0.0,0.0,0.0,0.0,0.0
737064145299611,zesco limited please consider going back 4 hour split shifts also starting shedding schedules early morning hours 03 hrs suffer dark hours too hard people changing image zambia world,False,-0.5423,negative,-0.5423,0.069,0.725,0.205,negative,-0.5423,negative,False,0.0,,29,4,0.0344827586206896,0.0,0.0,0.0,0.0689655172413793,0.0,0.0517241379310344
389235414084415,wisdom mulenga yes kukosa,False,0.7269,positive,0.7269,0.753,0.247,0.0,positive,0.7269,positive,False,0.0,,4,1,0.0,0.0,0.0,0.25,0.0,0.0,0.0
311057938684793,jason joshua always praise singer,False,0.5574,positive,0.5574,0.474,0.526,0.0,positive,0.5574,positive,False,0.0,,5,1,0.0,0.0,0.0,0.2,0.0,0.0,0.0
840534890345087,don t even stick ur chi timetable chilenje power goes 16 comes back 24 vozilila chabe,False,0.0,neutral,0.0,0.0,1.0,0.0,neutral,0.0,neutral,False,0.0,,16,1,0.0,0.0,0.0,0.0625,0.0,0.0,0.0
783967233759443,enock banda simple,False,0.0,neutral,0.0,0.0,1.0,0.0,neutral,0.0,neutral,False,0.0,,3,0,0.0,0.0,0.0,0.0,0.0,0.0,0.0
570498601194220,anfield sinkman such minds trying clean accepting things beyond income let things country attainable complicated principles economics applicable developed world,False,0.6486,positive,0.6486,0.227,0.773,0.0,positive,0.6486,positive,False,0.0,,20,4,0.0,0.1,0.0,0.1,0.05,0.1,0.025
962024962124923,obey silavwe maliwanda agree need lasting solution,False,0.5859,positive,0.5859,0.49,0.51,0.0,positive,0.5859,positive,False,0.0,,7,3,0.0,0.0,0.1428571428571428,0.1428571428571428,0.0,0.0,0.0
632570245476792,better now thank,False,0.6597,positive,0.6597,0.844,0.156,0.0,positive,0.6597,positive,False,0.0,,3,0,0.0,0.0,0.0,0.0,0.0,0.0,0.0
885370965986189,wonder pipo like same people increased connection fee k1700 kk6500 units gone high now loadsheding plan reduce,False,0.5574,positive,0.5574,0.235,0.765,0.0,positive,0.5574,positive,False,0.0,,17,2,0.0588235294117647,0.0588235294117647,0.0,0.0,0.0,0.0588235294117647,0.0294117647058823
707715117637880,unacceptable just like said,False,-0.128,negative,-0.128,0.333,0.267,0.4,negative,-0.128,negative,False,0.0,,4,1,0.0,0.0,0.0,0.0,0.25,0.0,0.125
750017720575912,area ndola 17 01 almost month now s really unfair thought s supposed change weekly,False,-0.5256,negative,-0.5256,0.0,0.78,0.22,negative,-0.5256,negative,False,0.0,,15,3,0.0666666666666666,0.0666666666666666,0.0666666666666666,0.0,0.0666666666666666,0.0666666666666666,0.0666666666666666
664619908679381,good reducing 6 hours s sti going twice day still 12 hours,False,0.4404,positive,0.4404,0.244,0.756,0.0,positive,0.4404,positive,False,0.0,,12,1,0.0,0.0833333333333333,0.0,0.0833333333333333,0.0,0.0833333333333333,0.0
1252220168979432,eating phone,False,0.0,neutral,0.0,0.0,1.0,0.0,neutral,0.0,neutral,False,0.0,,2,0,0.0,0.0,0.0,0.0,0.0,0.0,0.0
547690607655414,people complain comments like someone normal zesco limited see complains person runs page simple kawayawaya human call zesco even won t also anything don t complain just giving page comment traffic,False,0.0258,neutral,0.0258,0.214,0.549,0.237,neutral,0.0258,neutral,False,0.0,,31,5,0.0967741935483871,0.0,0.0,0.032258064516129,0.0967741935483871,0.0,0.0967741935483871
618831263798949,nhamo afiya chiwila zesco limited valid point,False,-0.2263,negative,-0.2263,0.0,0.759,0.241,negative,-0.2263,negative,False,0.0,,7,1,0.1428571428571428,0.0,0.0,0.0,0.1428571428571428,0.0,0.1428571428571428
1020701679739263,don t power since sunday morning,False,0.0,neutral,0.0,0.0,1.0,0.0,neutral,0.0,neutral,False,0.0,,6,1,0.0,0.0,0.0,0.1666666666666666,0.0,0.0,0.0
664331705475734,don t zesco went yesterday kuma 23 came kuma 05 11 gone oya wats happening ba zesco,False,0.0,neutral,0.0,0.0,1.0,0.0,neutral,0.0,neutral,False,0.0,,17,1,0.0,0.0,0.0,0.0588235294117647,0.0,0.0,0.0
509915288589240,lase mwachisakulo formula zesco using syllabus found earth suspect astronauts came jupter,False,-0.296,negative,-0.296,0.0,0.833,0.167,negative,-0.296,negative,False,0.0,,12,3,0.0,0.0,0.0833333333333333,0.1666666666666666,0.0,0.0,0.0
807091348033010,susan j stephens real,False,0.0,neutral,0.0,0.0,1.0,0.0,neutral,0.0,neutral,False,0.0,,4,1,0.0,0.0,0.0,0.25,0.0,0.0,0.0
1898771650503518,hurry sorting problem don t enough units wait too long,False,-0.4019,negative,-0.4019,0.0,0.748,0.252,negative,-0.4019,negative,False,0.0,,10,5,0.0,0.3,0.1,0.1,0.1,0.3,0.05
988561902286469,erica chayi oho s kanshi finally managed,False,0.0,neutral,0.0,0.0,1.0,0.0,neutral,0.0,neutral,False,0.0,,7,1,0.0,0.1428571428571428,0.0,0.1428571428571428,0.0,0.1428571428571428,0.0
1469870400514177,mercy mugala,False,0.3612,positive,0.3612,0.714,0.286,0.0,positive,0.3612,positive,False,0.0,,2,1,0.0,0.0,0.0,0.0,0.0,0.0,0.0
489266630038074,bullet waters check page now,False,0.0,neutral,0.0,0.0,1.0,0.0,neutral,0.0,neutral,False,0.0,,5,0,0.0,0.0,0.0,0.0,0.0,0.0,0.0
408819144761920,nickter shartel chanda ask,False,0.0,neutral,0.0,0.0,1.0,0.0,neutral,0.0,neutral,False,0.0,,4,0,0.0,0.0,0.0,0.0,0.0,0.0,0.0
1093095268856355,mulenga adrian u explain simply saying having power 3 hours per day,False,0.0,neutral,0.0,0.0,1.0,0.0,neutral,0.0,neutral,False,0.0,,12,1,0.0,0.0,0.0,0.0833333333333333,0.0,0.0,0.0
1381059105941140,hi chanda francina apologize inconvenience caused please may confirm power restored appreciate patience regards cj,False,0.6486,positive,0.6486,0.413,0.469,0.117,positive,0.6486,positive,False,0.0,,15,2,0.0,0.0666666666666666,0.0,0.1333333333333333,0.0666666666666666,0.0666666666666666,0.0333333333333333
493404562903338,friends kabwata mocking us sos hear load shaded long time please best,False,0.7845,positive,0.7845,0.473,0.394,0.133,positive,0.7845,positive,False,0.0,,12,3,0.0833333333333333,0.1666666666666666,0.0,0.0,0.0833333333333333,0.1666666666666666,0.0833333333333333
644107217775772,finally managed buy using airtel money,False,0.0,neutral,0.0,0.0,1.0,0.0,neutral,0.0,neutral,False,0.0,,6,2,0.1666666666666666,0.3333333333333333,0.0,0.3333333333333333,0.0,0.3333333333333333,0.0833333333333333
785494693222158,ninshi ku solwezi use electricity put hours muleti nokuti kwati fyamano already power supply even without load shedding pathetic yet country collect enough revenue northwest guys jokers,True,0.4585,positive,0.4585,0.103,0.897,0.0,negative,0.4585,negative,False,0.0,,27,3,0.0,0.0,0.0,0.0,0.037037037037037,0.0,0.0185185185185185
486438580109819,stick time say 12hrs ensure power restored time planning purposes,False,0.6124,positive,0.6124,0.385,0.615,0.0,positive,0.6124,positive,False,0.0,,10,3,0.0,0.3,0.0,0.1,0.0,0.3,0.0
1638398146614982,mwewa kennedy praise need job zesco,False,0.5574,positive,0.5574,0.419,0.581,0.0,positive,0.5574,positive,False,0.0,,6,2,0.0,0.0,0.0,0.1666666666666666,0.0,0.0,0.0
887467009989212,point time doubt even true possible whole minister lied tv unless speaking matters lacks competence,False,-0.296,negative,-0.296,0.195,0.55,0.255,negative,-0.296,negative,False,0.0,,15,4,0.0,0.0666666666666666,0.0666666666666666,0.2,0.0666666666666666,0.0666666666666666,0.0333333333333333
570498601194220,pamex siamaleke mindset wanting free things should cleaned expect zesco giving cheap electricity run loss how expect run s operations isn t making profits would like run bankrupt start blaming government business,False,0.25,positive,0.25,0.257,0.532,0.211,positive,0.25,positive,False,0.0,,32,10,0.03125,0.09375,0.09375,0.0625,0.09375,0.09375,0.0625
704829604692684,ayi boyi va zee,False,0.0,neutral,-0.5,0.0,1.0,0.0,negative,-0.5,negative,True,-0.5,zee,4,0,0.0,0.0,0.0,0.0,0.0,0.0,0.0
913719530000031,11 36 hrs power off waiting 17 36 hrs ll come oohhooo fi zesco,False,0.0,neutral,0.0,0.0,1.0,0.0,neutral,0.0,neutral,False,0.0,,14,0,0.0,0.0,0.0,0.0,0.0,0.0,0.0
290128167014632,thank update,False,0.3612,positive,0.3612,0.714,0.286,0.0,positive,0.3612,positive,False,0.0,,2,0,0.0,0.0,0.0,0.0,0.0,0.0,0.0
1479688996132867,jackson kay kalonda imagine,False,0.0,neutral,0.0,0.0,1.0,0.0,neutral,0.0,neutral,False,0.0,,4,0,0.0,0.0,0.0,0.0,0.0,0.0,0.0
1935125996964359,don t know needs hear isaiah 60 22 says time right lord make happen ecclesiastes 3 vs 11 says makes everything beautiful time encouragement today don t give god mindful also make prosper god knows re tired knows re frustrated pray wait trust timing won t let down please bless day follow glad followed could mean alot thank,False,0.9702,positive,0.9702,0.394,0.525,0.081,positive,0.9702,positive,False,0.0,,58,19,0.0172413793103448,0.1724137931034483,0.0517241379310344,0.1379310344827586,0.0,0.1724137931034483,0.0086206896551724
1085032883086669,chomba lesa malembeka very true timeline ridiculous hardly power,False,0.0847,positive,0.0847,0.241,0.544,0.215,positive,0.0847,positive,False,0.0,,9,2,0.1111111111111111,0.0,0.0,0.1111111111111111,0.0,0.0,0.0555555555555555
513652114864664,how areas having power whole day area only 2 hours s really happening elo today first advise buy relish tired eating eggs kapenta ine,False,-0.4404,negative,-0.4404,0.0,0.879,0.121,negative,-0.4404,negative,False,0.0,,24,2,0.0,0.0,0.0,0.0416666666666666,0.0,0.0,0.0
1681413012651571,dennis zulu fool just like,False,-0.1027,negative,-0.1027,0.298,0.357,0.345,negative,-0.1027,negative,False,0.0,,5,1,0.0,0.0,0.0,0.0,0.0,0.0,0.0
867921861203052,pressure getting worser,False,-0.6369,negative,-0.6369,0.0,0.161,0.839,negative,-0.6369,negative,False,0.0,,3,1,0.0,0.0,0.0,0.0,0.0,0.0,0.0
958142769405125,mashata sebby next minister energy fimo fimo,False,0.2732,positive,0.2732,0.259,0.741,0.0,positive,0.2732,positive,False,0.0,,7,0,0.0,0.0,0.0,0.0,0.0,0.0,0.0
140270599079498,frackson kasuko say,False,0.0,neutral,0.0,0.0,1.0,0.0,neutral,0.0,neutral,False,0.0,,3,0,0.0,0.0,0.0,0.0,0.0,0.0,0.0
697357255385247,ifwe kuno goes midnight back kuma 6 off 12 yabwela 18 u dividing th 12 uv reduced 6hrs please mwebantu chili shani ukoooo,False,0.3182,positive,0.3182,0.103,0.897,0.0,positive,0.3182,positive,False,0.0,,23,0,0.0,0.0,0.0,0.0,0.0,0.0,0.0
1728395714667226,gabriel sean sumaili jr yalipita 1000mw apa nomba,False,0.0,neutral,0.0,0.0,1.0,0.0,neutral,0.0,neutral,False,0.0,,8,0,0.0,0.0,0.0,0.0,0.0,0.0,0.0
1015605939609843,jæý æňğëļ s serious,False,-0.0772,negative,-0.0772,0.0,0.606,0.394,negative,-0.0772,negative,False,0.0,,4,0,0.0,0.0,0.0,0.0,0.0,0.0,0.0
875260846954800,kuti waseka kwati fyamano mwembwamwe,False,0.0,neutral,-0.3,0.0,1.0,0.0,negative,-0.3,negative,True,-0.3,kuti,5,0,0.0,0.0,0.0,0.0,0.0,0.0,0.0
1133780710671114,emily m mbewe s zambia nation kaili,False,0.0,neutral,-0.2,0.0,1.0,0.0,negative,-0.2,negative,True,-0.2,kaili,7,1,0.0,0.0,0.0,0.1428571428571428,0.0,0.0,0.0
1132178137441275,ras zulus lungu mouth too much over never saw lungu cry held head high daughter side maybe missed part cried only man saw cry late rb may soul rest peace,False,0.587,positive,0.587,0.224,0.651,0.125,positive,0.587,positive,False,0.0,,30,7,0.0,0.0333333333333333,0.0,0.0333333333333333,0.1,0.0333333333333333,0.05
1205087440430798,6hrs power cut day 6hrs twice day,False,-0.2732,negative,-0.2732,0.0,0.741,0.259,negative,-0.2732,negative,False,0.0,,7,0,0.0,0.0,0.0,0.0,0.0,0.0,0.0
1196126074773508,need schedule kitwe residents lusaka,False,0.0,neutral,0.0,0.0,1.0,0.0,neutral,0.0,neutral,False,0.0,,5,0,0.0,0.0,0.0,0.0,0.0,0.0,0.0
1128801438953530,rose zulu ba zesco tired please,False,-0.1531,negative,-0.1531,0.25,0.435,0.315,negative,-0.1531,negative,False,0.0,,6,1,0.0,0.0,0.0,0.0,0.0,0.0,0.0
521654363945432,s new schedule,False,0.0,neutral,0.0,0.0,1.0,0.0,neutral,0.0,neutral,False,0.0,,3,0,0.0,0.0,0.0,0.0,0.0,0.0,0.0
311057938684793,ashley prudney daev come help,False,0.4019,positive,0.4019,0.403,0.597,0.0,positive,0.4019,positive,False,0.0,,5,0,0.0,0.0,0.0,0.0,0.0,0.0,0.0
951348460234781,how place 005 without power,False,0.0,neutral,0.0,0.0,1.0,0.0,neutral,0.0,neutral,False,0.0,,5,0,0.0,0.0,0.0,0.0,0.0,0.0,0.0
879084503133919,gud president leader should always show concern people crisis showed care even s difficulty don t regret vote,False,-0.7269,negative,-0.7269,0.131,0.49,0.38,negative,-0.7269,negative,False,0.0,,18,8,0.1111111111111111,0.0555555555555555,0.0555555555555555,0.2777777777777778,0.1666666666666666,0.0555555555555555,0.1388888888888889
1085032883086669,chomba lesa malembeka exactly balipena,False,0.0,neutral,-0.9,0.0,1.0,0.0,negative,-0.9,negative,True,-0.9,balipena,5,0,0.0,0.0,0.0,0.0,0.0,0.0,0.0
969682887335614,don t think working power since 6hrs today 12 45hrs,False,0.0,neutral,0.0,0.0,1.0,0.0,neutral,0.0,neutral,False,0.0,,10,2,0.0,0.0,0.0,0.1,0.0,0.0,0.0
530953963101547,okay ba zesco since tomorrow deadline just inbox meter number update kili apa don t even ten coins buy units,False,0.296,positive,0.296,0.158,0.842,0.0,positive,0.296,positive,False,0.0,,20,2,0.0,0.05,0.0,0.05,0.0,0.05,0.0
1074403790843828,zesco limited called countless times report service cable almost ground don t respond,False,-0.2263,negative,-0.2263,0.0,0.853,0.147,negative,-0.2263,negative,False,0.0,,13,4,0.0769230769230769,0.0,0.0,0.1538461538461538,0.0769230769230769,0.0,0.0769230769230769
962024962124923,puzo phiri well spoken,False,0.2732,positive,0.2732,0.412,0.588,0.0,positive,0.2732,positive,False,0.0,,4,0,0.0,0.0,0.0,0.0,0.0,0.0,0.0
1616817652057206,dèb oràh system restored,False,0.34,positive,0.34,0.444,0.556,0.0,positive,0.34,positive,False,0.0,,4,1,0.0,0.0,0.0,0.25,0.0,0.0,0.0
1265359951098590,hosea mbewe thanks bro,False,0.4404,positive,0.4404,0.492,0.508,0.0,positive,0.4404,positive,False,0.0,,4,0,0.0,0.0,0.0,0.0,0.0,0.0,0.0
1246520773349267,zesco doesn t conscious once human being loses conscious finished,False,-0.3182,negative,-0.3182,0.0,0.777,0.223,negative,-0.3182,negative,False,0.0,,10,0,0.0,0.0,0.0,0.0,0.0,0.0,0.0
256135200573350,six weeks just starting wait,False,0.0,neutral,0.0,0.0,1.0,0.0,neutral,0.0,neutral,False,0.0,,5,1,0.0,0.2,0.0,0.0,0.0,0.2,0.0
842848230280313,let just sleep doesn t change fact s still 12hrs,False,0.0,neutral,0.0,0.0,1.0,0.0,neutral,0.0,neutral,False,0.0,,10,2,0.0,0.0,0.1,0.1,0.0,0.0,0.0
730265781636519,kamwala south s now 14hrs since yesterday 16hrs really fair other day 2 days power how make programmes time like work getting affected,False,0.5413,positive,0.5413,0.206,0.729,0.065,positive,0.5413,positive,False,0.0,,23,2,0.0,0.0434782608695652,0.0,0.0,0.0,0.0434782608695652,0.0
1064385481806396,feli lex please ba ma motoka osa ngenela nkani ya ise ba ma ganda bu pee brain uko,False,0.3182,positive,0.3182,0.119,0.881,0.0,positive,0.3182,positive,False,0.0,,18,0,0.0,0.0,0.0,0.0,0.0,0.0,0.0
420292663949719,kwena mulimbwa fye imwe 10 years since realised s deficit solution still loadshedding re even powering whole nation mulibakulekafye d stop even going updates nokufichitilamofye kaili mi sula kale just whatever want,False,-0.3182,negative,-0.5182,0.104,0.754,0.142,negative,-0.5182,negative,True,-0.2,kaili,32,3,0.0,0.0,0.0,0.03125,0.0,0.0,0.0
928730689070139,flavia mwenzi phiri tiyeni che tiba lowe zesco pa last ine tired,False,-0.34,negative,-0.34,0.104,0.694,0.201,negative,-0.34,negative,False,0.0,,12,1,0.0,0.0,0.0,0.0,0.0,0.0,0.0
777180491142441,zesco limited following scheduled posted s very inconveniencing reconnect 2hours post time scheduled,False,-0.2263,negative,-0.2263,0.0,0.853,0.147,negative,-0.2263,negative,False,0.0,,13,2,0.0769230769230769,0.0769230769230769,0.0,0.0,0.0769230769230769,0.0769230769230769,0.0769230769230769
1088001716249717,chirundu once power cuts even water s automatic mwebantu zesco limited please kuno heat 41 degrees shall die cry elderly babies defend themselves speak hakainde hichilema help us s far 1 month without water say s hot mean,False,-0.7269,negative,-0.7269,0.113,0.635,0.252,negative,-0.7269,negative,False,0.0,,38,6,0.0526315789473684,0.0,0.0526315789473684,0.0263157894736842,0.0789473684210526,0.0,0.0657894736842105
3024817774331054,work done equals zero,False,0.0,neutral,0.0,0.0,1.0,0.0,neutral,0.0,neutral,False,0.0,,4,0,0.0,0.0,0.0,0.0,0.0,0.0,0.0
857332325321181,patricia m nkausu s s tarrying shedding pattern,False,0.0,neutral,0.0,0.0,1.0,0.0,neutral,0.0,neutral,False,0.0,,8,0,0.0,0.0,0.0,0.0,0.0,0.0,0.0
1286577086123323,how suppose check power aii admin pa menso kwati load shedding,True,0.0,neutral,0.0,0.0,1.0,0.0,negative,0.0,negative,False,0.0,,11,0,0.0,0.0,0.0,0.0,0.0,0.0,0.0
1375219489956828,alick alexander ziba great thanks advice inverter costs high getting disturbed someone please rescue us,False,0.875,positive,0.875,0.5,0.397,0.103,positive,0.875,positive,False,0.0,,15,3,0.0666666666666666,0.0666666666666666,0.0,0.1333333333333333,0.0666666666666666,0.0666666666666666,0.0666666666666666
1056115379518486,today 1 still don t electricity,False,0.0,neutral,0.0,0.0,1.0,0.0,neutral,0.0,neutral,False,0.0,,6,2,0.0,0.0,0.0,0.1666666666666666,0.0,0.0,0.0
962024962124923,obey silavwe maliwanda good question,False,0.4404,positive,0.4404,0.42,0.58,0.0,positive,0.4404,positive,False,0.0,,5,3,0.0,0.2,0.2,0.4,0.0,0.2,0.0
1048360353168082,1st october ifi,False,0.0,neutral,0.0,0.0,1.0,0.0,neutral,0.0,neutral,False,0.0,,3,0,0.0,0.0,0.0,0.0,0.0,0.0,0.0
284603217538391,six weeks iyo iyachepa ifyo still waiting almost year right months imwe mulande pali ka sixe changed people attitude attitude culture remain same waste under mwebebe ati new dawn yapakanwafye,False,-0.4215,negative,-0.4215,0.0,0.912,0.088,negative,-0.4215,negative,False,0.0,,30,3,0.0,0.0333333333333333,0.0,0.0333333333333333,0.0,0.0333333333333333,0.0
1249165352331515,george k nawa yes think s better,False,0.6808,positive,0.6808,0.651,0.349,0.0,positive,0.6808,positive,False,0.0,,7,0,0.0,0.0,0.0,0.0,0.0,0.0,0.0
1149469195755648,chanda kasongo think s meaning six hourly come back 23 go 5 kukosa dear,False,0.3818,positive,0.3818,0.191,0.809,0.0,positive,0.3818,positive,False,0.0,,14,1,0.0,0.0,0.0,0.0,0.0,0.0,0.0
602963838605460,time system back normal units done,False,0.0,neutral,0.0,0.0,1.0,0.0,neutral,0.0,neutral,False,0.0,,6,2,0.0,0.1666666666666666,0.0,0.1666666666666666,0.0,0.1666666666666666,0.0
702399248085203,six miles s now 8hrs without power please let s serious us depend same power feed children,False,-0.3098,negative,-0.3098,0.0,0.799,0.201,negative,-0.3098,negative,False,0.0,,17,1,0.0,0.0588235294117647,0.0,0.0588235294117647,0.0,0.0588235294117647,0.0
692336125873595,zesco limited stinking liars,False,-0.8271,negative,-0.8271,0.0,0.103,0.897,negative,-0.8271,negative,False,0.0,,4,2,0.25,0.0,0.0,0.0,0.25,0.0,0.25
667471854997744,doc george nkhoma kkkkk guys u need really push push,False,0.0,neutral,0.0,0.0,1.0,0.0,neutral,0.0,neutral,False,0.0,,10,0,0.0,0.0,0.0,0.0,0.0,0.0,0.0
583801633560811,doesn t change anything especially us works private sector depend electricity kitwe town centre suffered still suffering,False,-0.743,negative,-0.743,0.0,0.69,0.31,negative,-0.743,negative,False,0.0,,17,4,0.0,0.0588235294117647,0.1176470588235294,0.0588235294117647,0.0588235294117647,0.0588235294117647,0.0294117647058823
217759364548969,makasa martin should buy power pa 1 same buy other day,False,0.0,neutral,0.0,0.0,1.0,0.0,neutral,0.0,neutral,False,0.0,,11,0,0.0,0.0,0.0,0.0,0.0,0.0,0.0
1592824934504453,2 4 6 3 2 6 nothing changed answer still same,False,0.0,neutral,0.0,0.0,1.0,0.0,neutral,0.0,neutral,False,0.0,,11,0,0.0,0.0,0.0,0.0,0.0,0.0,0.0
6346384415478034,jere rabecca katemba suppose nothing last month s balance,False,0.0,neutral,0.0,0.0,1.0,0.0,neutral,0.0,neutral,False,0.0,,9,1,0.0,0.0,0.0,0.0,0.0,0.0,0.0
8541775629214624,awe kulima update update problem think shang ombo district,False,-0.4019,negative,-1.0,0.0,0.748,0.252,negative,-1.0,negative,True,-0.7,awe,9,1,0.0,0.0,0.1111111111111111,0.0,0.1111111111111111,0.0,0.0555555555555555
1350165329680177,how check meter s off due loadshedding nkalanikoni serious,False,-0.0772,negative,-0.0772,0.0,0.843,0.157,negative,-0.0772,negative,False,0.0,,9,0,0.0,0.0,0.0,0.0,0.0,0.0,0.0
1776953126445489,basically ll still power because bringing power ungodly hours anyway even used now,False,0.0,neutral,0.0,0.0,1.0,0.0,neutral,0.0,neutral,False,0.0,,13,1,0.0,0.0,0.0,0.0,0.0769230769230769,0.0,0.0384615384615384
670213151452255,zesco training centre graduates s now 7 years since completed ztc update employment sure,False,0.3182,positive,0.3182,0.173,0.827,0.0,positive,0.3182,positive,False,0.0,,14,0,0.0,0.0,0.0,0.0,0.0,0.0,0.0
513652114864664,natasha mwaba imagine elo ngombe friday ve power,False,0.0,neutral,0.0,0.0,1.0,0.0,neutral,0.0,neutral,False,0.0,,8,0,0.0,0.0,0.0,0.0,0.0,0.0,0.0
721488806038541,thought going better worse than 12hrs power goes 05hrs comes back almost 14hrs 17hrs goes until zero number t even maintain 6hrs,False,0.0258,neutral,0.0258,0.166,0.711,0.123,neutral,0.0258,neutral,False,0.0,,22,2,0.0,0.0454545454545454,0.0454545454545454,0.0,0.0454545454545454,0.0454545454545454,0.0227272727272727
874958243837673,schedule hasn t followed electricity disrupted yesterday around 18hrs until now nothing awe bweshenimo umutima,False,0.0,neutral,-0.7,0.0,1.0,0.0,negative,-0.7,negative,True,-0.7,awe,15,1,0.0,0.0,0.0,0.0,0.0,0.0,0.0
844750029934598,mmmmm eya mayo ati done apapene anyway guys kuno ku tee s m even selling charcoal now need malasha m available,False,0.0,neutral,0.0,0.0,1.0,0.0,neutral,0.0,neutral,False,0.0,,21,0,0.0,0.0,0.0,0.0,0.0,0.0,0.0
955269169672570,level incompetence experienced zesco appalling say least haven t power 1 week now reported every day m told escalate someone even called ask directions show now twalaikala shani mwebantu very angry customer,False,-0.8553,negative,-0.8553,0.0,0.735,0.265,negative,-0.8553,negative,False,0.0,,32,9,0.0625,0.0,0.03125,0.125,0.0,0.0,0.03125
448299428257849,post apology today month please,False,0.3612,positive,0.3612,0.538,0.462,0.0,positive,0.3612,positive,False,0.0,,5,1,0.0,0.0,0.0,0.0,0.0,0.0,0.0
1170309507311276,emma lubansa l better than rest,False,0.4404,positive,0.4404,0.42,0.58,0.0,positive,0.4404,positive,False,0.0,,6,1,0.0,0.0,0.0,0.0,0.0,0.0,0.0
1622017188210739,imwe ba zesco how come other areas don t get load shedding yamene iyi elo ise permanent schedule ya ma light going 05 don t like alternate pela,False,0.3612,positive,0.3612,0.091,0.909,0.0,positive,0.3612,positive,False,0.0,,28,2,0.0,0.0,0.0,0.0714285714285714,0.0,0.0,0.0
674368357671923,zesco limitedso mean power cuts 11 hours restored 18 hours cuts 23 hours ba zesco,False,-0.25,negative,-0.25,0.128,0.638,0.234,negative,-0.25,negative,False,0.0,,15,0,0.0,0.0,0.0,0.0,0.0,0.0,0.0
842324090963716,nkani ya zesco awe ungadwalilepo che namutu,False,0.0,neutral,-0.7,0.0,1.0,0.0,negative,-0.7,negative,True,-0.7,awe,7,0,0.0,0.0,0.0,0.0,0.0,0.0,0.0
906861247329552,ala loadshedding brought harm rain season schools opened s really difficult now how even prepare food also water bathing young children ummm s pity politicians liars always take us granted shame,False,-0.9184,negative,-0.9184,0.05,0.575,0.375,negative,-0.9184,negative,False,0.0,,31,8,0.0,0.064516129032258,0.0967741935483871,0.032258064516129,0.064516129032258,0.064516129032258,0.032258064516129
1106402974283188,samson kamoto likando exactly,False,0.0,neutral,0.0,0.0,1.0,0.0,neutral,0.0,neutral,False,0.0,,4,0,0.0,0.0,0.0,0.0,0.0,0.0,0.0
1643693216550682,zesco limited code doesn t work happens tomorrow those us unable check,False,-0.2263,negative,-0.2263,0.0,0.84,0.16,negative,-0.2263,negative,False,0.0,,12,3,0.0833333333333333,0.0833333333333333,0.0,0.0,0.1666666666666666,0.0833333333333333,0.125
882125813911804,moffat nel mudenda totally ridiculous,False,-0.4201,negative,-0.4201,0.0,0.589,0.411,negative,-0.4201,negative,False,0.0,,5,1,0.2,0.0,0.0,0.0,0.0,0.0,0.1
980538046288038,hello josephine k mwalwembe thank contacting us currently due prevailing weather patterns unable announce load management end however once factors fully considered analyzed official date announced public bz,False,0.4404,positive,0.4404,0.135,0.865,0.0,positive,0.4404,positive,False,0.0,,28,5,0.0,0.0357142857142857,0.0,0.1071428571428571,0.0357142857142857,0.0357142857142857,0.0178571428571428
1332848168092256,how going haven t power past two days,False,0.0,neutral,0.0,0.0,1.0,0.0,neutral,0.0,neutral,False,0.0,,8,1,0.0,0.0,0.0,0.125,0.0,0.0,0.0
552549073451291,nanga ija inangu taimu tebo,False,0.0,neutral,0.0,0.0,1.0,0.0,neutral,0.0,neutral,False,0.0,,5,0,0.0,0.0,0.0,0.0,0.0,0.0,0.0
1090654236363564,david kunda mupanga exactly,False,0.0,neutral,0.0,0.0,1.0,0.0,neutral,0.0,neutral,False,0.0,,4,0,0.0,0.0,0.0,0.0,0.0,0.0,0.0
1542363739729921,wants us upgrade know very well us see electricity s miracle give us power whole wish cause don t expect us wake midnight s only time see electricity,False,0.8357,positive,0.8357,0.288,0.712,0.0,positive,0.8357,positive,False,0.0,,28,6,0.0,0.1071428571428571,0.0,0.1071428571428571,0.0,0.1071428571428571,0.0
862608649273728,maclean sandra phiri ask,False,0.0,neutral,0.0,0.0,1.0,0.0,neutral,0.0,neutral,False,0.0,,4,0,0.0,0.0,0.0,0.0,0.0,0.0,0.0
1464374354271951,gracious t kalyondo awe mwandi laugh supposed get upset,False,0.6808,positive,-0.0191999999999999,0.486,0.338,0.176,neutral,-0.0191999999999999,neutral,True,-0.7,awe,9,3,0.1111111111111111,0.0,0.0,0.0,0.1111111111111111,0.0,0.1111111111111111
1265359951098590,shaks james check whatsapp,False,0.0,neutral,0.0,0.0,1.0,0.0,neutral,0.0,neutral,False,0.0,,4,0,0.0,0.0,0.0,0.0,0.0,0.0,0.0
542578991983583,katongo chileshe s things,False,0.0,neutral,0.0,0.0,1.0,0.0,neutral,0.0,neutral,False,0.0,,4,0,0.0,0.0,0.0,0.0,0.0,0.0,0.0
3313893372194749,power went off 05 now zero,False,0.0,neutral,0.0,0.0,1.0,0.0,neutral,0.0,neutral,False,0.0,,6,0,0.0,0.0,0.0,0.0,0.0,0.0,0.0
796800835522927,even same problem disappointed,False,-0.7003,negative,-0.7003,0.0,0.256,0.744,negative,-0.7003,negative,False,0.0,,4,2,0.25,0.0,0.25,0.0,0.5,0.0,0.375
1261000141932510,address critical questions ba zesco limited 1 infrastructure upgrades need accomplish bidirectional supply 2 special meters required implementation 2 yes procurement manufacturing same started 2 b expect market 2 c price,False,0.6124,positive,0.6124,0.261,0.605,0.134,positive,0.6124,positive,False,0.0,,31,5,0.032258064516129,0.032258064516129,0.0,0.032258064516129,0.032258064516129,0.032258064516129,0.032258064516129
9106502839378476,stability promised us knew,False,0.3612,positive,0.3612,0.455,0.545,0.0,positive,0.3612,positive,False,0.0,,4,0,0.0,0.0,0.0,0.0,0.0,0.0,0.0
1077101027019576,woke 02 morning stand line vote stayed till 15hrs s time life il never recover,False,0.0,neutral,0.0,0.0,1.0,0.0,neutral,0.0,neutral,False,0.0,,15,2,0.0666666666666666,0.1333333333333333,0.0,0.0666666666666666,0.0666666666666666,0.1333333333333333,0.0666666666666666
618831263798949,gracious nkumbu nanyinza exactly,False,0.5574,positive,0.5574,0.545,0.455,0.0,positive,0.5574,positive,False,0.0,,4,1,0.0,0.0,0.0,0.0,0.0,0.0,0.0
500039125366821,schedule followed yesterday only 2 hours electricity medication fridge don t know how 6 hours working,True,0.0,neutral,0.0,0.0,1.0,0.0,negative,0.0,negative,False,0.0,,16,3,0.0,0.0,0.0,0.0625,0.0,0.0,0.0
1091858975810538,carolyn bwalya call call center sure assist,False,0.3182,positive,0.3182,0.277,0.723,0.0,positive,0.3182,positive,False,0.0,,7,2,0.0,0.0,0.0,0.2857142857142857,0.0,0.0,0.0
1329032821280592,stella nyirenda twice coming batches 6hrs,False,0.0,neutral,0.0,0.0,1.0,0.0,neutral,0.0,neutral,False,0.0,,6,1,0.0,0.1666666666666666,0.0,0.0,0.0,0.1666666666666666,0.0
3618110708447498,zesco undergoing restructuring soon ok especially those need poles,False,0.296,positive,0.296,0.216,0.784,0.0,positive,0.296,positive,False,0.0,,9,0,0.0,0.0,0.0,0.0,0.0,0.0,0.0
1366446937441510,nsama patrick s old testament don t compare moses please,False,0.3182,positive,0.3182,0.247,0.753,0.0,positive,0.3182,positive,False,0.0,,10,2,0.0,0.1,0.0,0.2,0.0,0.1,0.0
1327470487793289,kaya don t rotate,False,0.0,neutral,-0.3,0.0,1.0,0.0,negative,-0.3,negative,True,-0.3,kaya,4,1,0.0,0.0,0.0,0.25,0.0,0.0,0.0
317082224093086,mathews muhau mweetwa kkkkk let sit down drink vatra boss kkkkk,False,0.0,neutral,0.0,0.0,1.0,0.0,neutral,0.0,neutral,False,0.0,,11,0,0.0,0.0,0.0,0.0,0.0,0.0,0.0
1065276868545722,tracy lwando think need remind guys kuti lelo nipa 1 ka,False,0.0,neutral,-0.3,0.0,1.0,0.0,negative,-0.3,negative,True,-0.3,kuti,11,0,0.0,0.0,0.0,0.0,0.0,0.0,0.0
1539253826550352,isaac zulu remember prophecy very well,False,0.3384,positive,0.3384,0.324,0.676,0.0,positive,0.3384,positive,False,0.0,,6,1,0.0,0.1666666666666666,0.0,0.0,0.0,0.1666666666666666,0.0
1045021707103658,siven rowland bwembya minister even laughing asking us clap kwati fya mano,False,0.4939,positive,0.4939,0.225,0.775,0.0,positive,0.4939,positive,False,0.0,,12,2,0.0,0.0833333333333333,0.0,0.0833333333333333,0.0,0.0833333333333333,0.0
538649818991659,best thing ba zesco update us since know time give us power get back control system s easy update everyone,False,0.7964,positive,0.7964,0.295,0.705,0.0,positive,0.7964,positive,False,0.0,,20,2,0.0,0.05,0.0,0.05,0.0,0.05,0.0
1366446937441510,2026 someone going back ku ma yard,False,0.0,neutral,0.0,0.0,1.0,0.0,neutral,0.0,neutral,False,0.0,,7,0,0.0,0.0,0.0,0.0,0.0,0.0,0.0
724725065639374,wilfred j mwanza listen,False,0.0,neutral,0.0,0.0,1.0,0.0,neutral,0.0,neutral,False,0.0,,4,0,0.0,0.0,0.0,0.0,0.0,0.0,0.0
1136542194140590,hi fredah chipeta thank reaching us kindly note schedule remains same reason early outage due constraints system apologize inconvenience caused pm,False,0.6597,positive,0.6597,0.325,0.584,0.091,positive,0.6597,positive,False,0.0,,21,4,0.0,0.0,0.0476190476190476,0.1428571428571428,0.0476190476190476,0.0,0.0238095238095238
1338452506889039,towera same s went 13 18 same day 23 05,False,0.0,neutral,0.0,0.0,1.0,0.0,neutral,0.0,neutral,False,0.0,,10,0,0.0,0.0,0.0,0.0,0.0,0.0,0.0
880439590817413,whole zesco management sat deliberate hours came midnight 03 bafolelapo na sitting allowance,False,0.0,neutral,0.0,0.0,1.0,0.0,neutral,0.0,neutral,False,0.0,,13,2,0.0,0.0,0.0,0.0769230769230769,0.0,0.0,0.0
2708694619260732,everywhere power supposed go once unless otherwise understanding instead having power 12hrs way s ll now having power 6hrs calm down bakazi banga,False,0.3182,positive,0.3182,0.099,0.901,0.0,positive,0.3182,positive,False,0.0,,23,2,0.0,0.0,0.0,0.0434782608695652,0.0,0.0,0.0
3597225967267379,berry kachiika how much domestic,False,0.0,neutral,0.0,0.0,1.0,0.0,neutral,0.0,neutral,False,0.0,,5,0,0.0,0.0,0.0,0.0,0.0,0.0,0.0
1080839880079636,kabungo edward ed part board,False,0.0,neutral,0.0,0.0,1.0,0.0,neutral,0.0,neutral,False,0.0,,5,1,0.0,0.2,0.0,0.0,0.0,0.2,0.0
1561655581093868,lelo nipa 1st october,False,0.0,neutral,0.0,0.0,1.0,0.0,neutral,0.0,neutral,False,0.0,,4,0,0.0,0.0,0.0,0.0,0.0,0.0,0.0
1086722072674861,how update without power zesco limited,False,0.1695,positive,0.1695,0.25,0.75,0.0,positive,0.1695,positive,False,0.0,,6,1,0.1666666666666666,0.0,0.0,0.0,0.1666666666666666,0.0,0.1666666666666666
1329032821280592,kebby kayawe straight mind games,False,0.2263,positive,0.2263,0.322,0.678,0.0,positive,0.2263,positive,False,0.0,,5,0,0.0,0.0,0.0,0.0,0.0,0.0,0.0
885514166117473,just give copper belt energy supply power copper belt province,False,0.2732,positive,0.2732,0.189,0.811,0.0,positive,0.2732,positive,False,0.0,,10,3,0.2,0.0,0.2,0.0,0.0,0.0,0.1
1366446937441510,nsama patrick stop comparing moses hh naiwe let s just get used na loadshedding,False,-0.296,negative,-0.296,0.0,0.845,0.155,negative,-0.296,negative,False,0.0,,14,0,0.0,0.0,0.0,0.0,0.0,0.0,0.0
1085032883086669,zambians don t appreciate hardwork ain t y adults sum n ignorance highest level stupidity us power 3 weeks quiet blame president exporting power crucial time don t blame zesco sense reasoning high enough ll know zesco s job supply electricity make zambia electricity supply corporation making corporation y expect children obedient generation ignorant people make sick,False,-0.8979,negative,-0.8979,0.045,0.697,0.259,negative,-0.8979,negative,False,0.0,,57,23,0.0350877192982456,0.0526315789473684,0.0175438596491228,0.1403508771929824,0.0350877192982456,0.0526315789473684,0.0350877192982456
8500947319944440,just restore power minister assured nation saying s problem iwe admin,False,0.25,positive,0.25,0.326,0.486,0.188,positive,0.25,positive,False,0.0,,11,3,0.0,0.0,0.0909090909090909,0.1818181818181818,0.0909090909090909,0.0,0.0454545454545454
558946559494916,bakopo kaili t think own,False,0.0,neutral,-0.2,0.0,1.0,0.0,negative,-0.2,negative,True,-0.2,kaili,5,0,0.0,0.0,0.0,0.0,0.0,0.0,0.0
924167659166907,tukuz anamela mututwa please say loudly,False,0.3182,positive,0.3182,0.315,0.685,0.0,positive,0.3182,positive,False,0.0,,6,0,0.0,0.0,0.0,0.0,0.0,0.0,0.0
1150733482615962,post schedules day before actual day,False,0.0,neutral,0.0,0.0,1.0,0.0,neutral,0.0,neutral,False,0.0,,6,1,0.0,0.0,0.0,0.0,0.0,0.0,0.0
1135886531575155,felistus mulabanya ummmh s sad just go office shout,False,-0.4767,negative,-0.4767,0.0,0.693,0.307,negative,-0.4767,negative,False,0.0,,9,1,0.1111111111111111,0.0,0.0,0.0,0.0,0.0,0.0555555555555555
8713786182007378,ato twe may ment wanu october 2025,False,0.0,neutral,0.0,0.0,1.0,0.0,neutral,0.0,neutral,False,0.0,,7,0,0.0,0.0,0.0,0.0,0.0,0.0,0.0
579738547916602,nchimu nya stuck too remember update last year unless zesco says s annual event now,False,-0.25,negative,-0.25,0.0,0.867,0.133,negative,-0.25,negative,False,0.0,,15,0,0.0,0.0,0.0,0.0,0.0,0.0,0.0
1691605448079726,charlie jr carlos tembo welcome mongu iwe next week,False,0.4588,positive,0.4588,0.273,0.727,0.0,positive,0.4588,positive,False,0.0,,9,0,0.0,0.0,0.0,0.0,0.0,0.0,0.0
853539713619064,3 hours yet saying starting today ll giving us 3hrs power doing let s just wait rains don t confuse us,False,0.128,positive,0.128,0.118,0.788,0.094,positive,0.128,positive,False,0.0,,21,4,0.0,0.0476190476190476,0.0,0.0476190476190476,0.0,0.0476190476190476,0.0
1043311473329162,wish commend ba zambia watchdog koswe how used continue use pages control ba boss lot people fired appointed thanks don t know weak something kaya s clear time zesco md minister energy,False,0.6908,positive,0.3908,0.309,0.539,0.152,positive,0.3908,positive,True,-0.3,kaya,32,5,0.0,0.0625,0.0,0.09375,0.0,0.0625,0.0
858200875455085,imagine how dull someone describing everything leaving contact number how useless call customer service,False,-0.6369,negative,-0.6369,0.073,0.618,0.309,negative,-0.6369,negative,False,0.0,,14,4,0.0,0.0,0.0,0.0,0.0714285714285714,0.0,0.0357142857142857
1149469195755648,chanda kasongo 6 hrs without power 6 hrs power 6 hrs without power,False,0.0,neutral,0.0,0.0,1.0,0.0,neutral,0.0,neutral,False,0.0,,13,0,0.0,0.0,0.0,0.0,0.0,0.0,0.0
1681413012651571,dennis zulu presindent once said dubai rain power 24 7 t dubai power,False,0.0,neutral,0.0,0.0,1.0,0.0,neutral,0.0,neutral,False,0.0,,13,0,0.0,0.0,0.0,0.0,0.0,0.0,0.0
1539253826550352,siwimoji siwi could meaning prophecy sir,False,0.0,neutral,0.0,0.0,1.0,0.0,neutral,0.0,neutral,False,0.0,,6,2,0.0,0.1666666666666666,0.0,0.1666666666666666,0.0,0.1666666666666666,0.0
311057938684793,zambia farm country talk cheap,False,0.0,neutral,0.0,0.0,1.0,0.0,neutral,0.0,neutral,False,0.0,,5,3,0.0,0.2,0.0,0.0,0.0,0.2,0.0
1681413012651571,dennis zuluwith duel respect polo yanu boss,False,0.4767,positive,0.4767,0.341,0.659,0.0,positive,0.4767,positive,False,0.0,,7,2,0.1428571428571428,0.2857142857142857,0.1428571428571428,0.1428571428571428,0.0,0.2857142857142857,0.0714285714285714
716269310133566,reported fault monday 16 january 2023 now action taken spent money going levy park kariba house forgetting airtime every 1 hr call monday,False,-0.4019,negative,-0.4019,0.0,0.886,0.114,negative,-0.4019,negative,False,0.0,,23,5,0.0434782608695652,0.0434782608695652,0.0,0.0434782608695652,0.0434782608695652,0.0434782608695652,0.0434782608695652
132467726589420,yet ve increased,False,0.2732,positive,0.2732,0.512,0.488,0.0,positive,0.2732,positive,False,0.0,,3,0,0.0,0.0,0.0,0.0,0.0,0.0,0.0
311057938684793,nazar n hunter hahahaha,False,0.0,neutral,0.0,0.0,1.0,0.0,neutral,0.0,neutral,False,0.0,,4,1,0.0,0.25,0.25,0.0,0.25,0.25,0.125
475797351387622,peace kandy true omg,False,0.743,positive,0.743,0.759,0.241,0.0,positive,0.743,positive,False,0.0,,4,2,0.0,0.25,0.0,0.5,0.0,0.25,0.0
502609179262350,day ll moment don t capacity,False,0.0,neutral,0.0,0.0,1.0,0.0,neutral,0.0,neutral,False,0.0,,6,1,0.0,0.0,0.0,0.1666666666666666,0.0,0.0,0.0
1184716522154006,gome s chulu yes instead continuous 12 hours having basically move 6 hours post loadshedding pakati pa 12 hours eg 06 12 power 12 18 power 18 00 power hope zanveka,False,0.6808,positive,0.6808,0.172,0.828,0.0,positive,0.6808,positive,False,0.0,,31,1,0.0,0.032258064516129,0.0,0.032258064516129,0.0,0.032258064516129,0.0
489266630038074,ackim katebe see sometimes ubukopo chisendo mwe,False,0.0,neutral,0.0,0.0,1.0,0.0,neutral,0.0,neutral,False,0.0,,7,0,0.0,0.0,0.0,0.0,0.0,0.0,0.0
1614093579487368,think group because power 3 days now,False,0.0,neutral,0.0,0.0,1.0,0.0,neutral,0.0,neutral,False,0.0,,7,0,0.0,0.0,0.0,0.0,0.0,0.0,0.0
884014289908116,6 weeks thought would say 6 months anyway depends side coin looking,False,0.0,neutral,0.0,0.0,1.0,0.0,neutral,0.0,neutral,False,0.0,,12,1,0.0,0.0833333333333333,0.0,0.0,0.0,0.0833333333333333,0.0
380111615196118,ranting guy forgot say classic,False,0.0,neutral,0.0,0.0,1.0,0.0,neutral,0.0,neutral,False,0.0,,5,1,0.0,0.0,0.0,0.0,0.0,0.0,0.0
451194920685373,improvement promised zambia people,False,0.6705,positive,0.6705,0.733,0.267,0.0,positive,0.6705,positive,False,0.0,,4,1,0.0,0.0,0.0,0.25,0.0,0.0,0.0
1681413012651571,dennis zulu learn appreciate quick sell than buy neighboring countries excess power buying those countries mind still exporting power,False,0.4019,positive,0.4019,0.13,0.87,0.0,positive,0.4019,positive,False,0.0,,19,2,0.0,0.0,0.0,0.0,0.0,0.0,0.0
979475779753264,lusaka schedule lie don t specific time like yesterday power went 16 45 come today around 13 30 johnlaing,False,0.3612,positive,0.3612,0.128,0.872,0.0,positive,0.3612,positive,False,0.0,,19,3,0.0526315789473684,0.0526315789473684,0.0,0.0526315789473684,0.0526315789473684,0.0526315789473684,0.0526315789473684
311057938684793,mõñíçá møsé lwândõ awe naimwe let s just fair stop criticizing,False,-0.34,negative,-1.0,0.164,0.5,0.336,negative,-1.0,negative,True,-1.1,"awe,naimwe",11,1,0.0,0.0,0.0,0.0,0.0,0.0,0.0
1085032883086669,chomba lesa malembeka exactly,False,0.0,neutral,0.0,0.0,1.0,0.0,neutral,0.0,neutral,False,0.0,,4,0,0.0,0.0,0.0,0.0,0.0,0.0,0.0
1460422461374000,zesco please update us latest developments t go into long weekend without electricity tried pay shoprite tried buy through airtel money impossible,False,0.381,positive,0.381,0.159,0.841,0.0,positive,0.381,positive,False,0.0,,22,5,0.0454545454545454,0.1363636363636363,0.0,0.0909090909090909,0.0454545454545454,0.1363636363636363,0.0454545454545454
1227401631787100,mutale mark chakonta even happen just talk usual pa zed sadly,False,-0.4215,negative,-0.4215,0.0,0.781,0.219,negative,-0.4215,negative,False,0.0,,11,4,0.0,0.0909090909090909,0.0,0.0909090909090909,0.0909090909090909,0.0909090909090909,0.0454545454545454
540973198303459,lelo nipa 1 atibwanji tuja tunthu,False,0.0,neutral,0.0,0.0,1.0,0.0,neutral,0.0,neutral,False,0.0,,6,0,0.0,0.0,0.0,0.0,0.0,0.0,0.0
618831263798949,nhamo afiya chiwila annoying mwe,False,-0.4019,negative,-0.4019,0.0,0.597,0.403,negative,-0.4019,negative,False,0.0,,5,1,0.2,0.0,0.0,0.0,0.0,0.0,0.1
1289225959190705,margret hannah sakala vazi nabo ba zesco mutu suwe,False,0.0,neutral,0.0,0.0,1.0,0.0,neutral,0.0,neutral,False,0.0,,9,0,0.0,0.0,0.0,0.0,0.0,0.0,0.0
610802407817623,precious phiri try now think restored,False,0.7269,positive,0.7269,0.604,0.396,0.0,positive,0.7269,positive,False,0.0,,6,1,0.0,0.1666666666666666,0.0,0.0,0.0,0.1666666666666666,0.0
565328749437260,gift meamui ilishebo drama series continues,False,0.4404,positive,0.4404,0.367,0.633,0.0,positive,0.4404,positive,False,0.0,,6,2,0.0,0.1666666666666666,0.0,0.1666666666666666,0.0,0.1666666666666666,0.0
1135886531575155,felistus mulabanya thats used happen mine just come change meter three months ago,False,0.0,neutral,0.0,0.0,1.0,0.0,neutral,0.0,neutral,False,0.0,,13,2,0.0,0.0769230769230769,0.0769230769230769,0.0,0.0,0.0769230769230769,0.0
427194769547971,busiku lweendo s 6 hrs 12 still,False,0.0,neutral,0.0,0.0,1.0,0.0,neutral,0.0,neutral,False,0.0,,7,0,0.0,0.0,0.0,0.0,0.0,0.0,0.0
1366446937441510,chilufya daco president god wondering people zambia don t understand story moses israelites,False,0.2732,positive,0.2732,0.16,0.84,0.0,positive,0.2732,positive,False,0.0,,13,3,0.0,0.0769230769230769,0.0769230769230769,0.2307692307692307,0.0,0.0769230769230769,0.0
1132178137441275,ras zulusras zulus please get fake history even bible encourage us forget former things ati old gone new come,False,0.1531,positive,0.1531,0.219,0.586,0.195,positive,0.1531,positive,False,0.0,,19,3,0.0,0.0,0.0,0.0526315789473684,0.0,0.0,0.0
1198520671491711,christine none,False,0.0,neutral,0.0,0.0,1.0,0.0,neutral,0.0,neutral,False,0.0,,2,0,0.0,0.0,0.0,0.0,0.0,0.0,0.0
474565918207339,problem zesco let us look broader perspective way seem just concentrate word generation power let us comb areas operations even caliber engineers departments operations planning maintenance generation distributions etc maybe also highly qualified persons areas most highly qualified engineers left country maybe second grade engineers areas need proper experts areas other countries bury heads sand provision engage experts imagine feed family 4 meals per day 10days rest 20 days 1 meal per day plans,False,-0.0772,negative,-0.0772,0.032,0.932,0.036,negative,-0.0772,negative,False,0.0,,74,9,0.0,0.0135135135135135,0.0135135135135135,0.0675675675675675,0.027027027027027,0.0135135135135135,0.0135135135135135
427194769547971,mwansa tamina take easy,False,0.4404,positive,0.4404,0.492,0.508,0.0,positive,0.4404,positive,False,0.0,,4,0,0.0,0.0,0.0,0.0,0.0,0.0,0.0
438116302138250,trade kings should introduce another electricity company aba beve awe re rich don t even care bout customers cuz ve got mullah,False,0.7783,positive,-0.3217000000000001,0.264,0.736,0.0,negative,-0.3217000000000001,negative,True,-1.1,"aba,awe",22,4,0.0454545454545454,0.0,0.0,0.0909090909090909,0.0,0.0,0.0227272727272727
317607634018456,six weeks paid zesco limited 7 months ago even frustrated intending take court,False,-0.6486,negative,-0.6486,0.0,0.654,0.346,negative,-0.6486,negative,False,0.0,,13,3,0.2307692307692307,0.0769230769230769,0.0769230769230769,0.0,0.0769230769230769,0.0769230769230769,0.1538461538461538
774328217816405,wendy anne sis s agony zanaco reversal now s zesco give us difference cz supposed get 422 units k500,False,-0.4215,negative,-0.4215,0.0,0.851,0.149,negative,-0.4215,negative,False,0.0,,19,2,0.1052631578947368,0.0,0.0526315789473684,0.0,0.0526315789473684,0.0,0.0789473684210526
719550152874845,don t worry fire boss sooner than think hire someone find competitor just like zamtel airtel mtm,False,-0.4215,negative,-0.4215,0.12,0.625,0.255,negative,-0.4215,negative,False,0.0,,17,4,0.0,0.1176470588235294,0.1176470588235294,0.1176470588235294,0.0588235294117647,0.1176470588235294,0.0294117647058823
461854086198653,information supposed published before even make changes give people time plan palya mwashimya bring new schedule,False,0.0,neutral,0.0,0.0,1.0,0.0,neutral,0.0,neutral,False,0.0,,16,3,0.0,0.125,0.0,0.0,0.0,0.125,0.0
6164825023528034,beverly kunda moore kkkkk asking let sleep now,False,0.0,neutral,0.0,0.0,1.0,0.0,neutral,0.0,neutral,False,0.0,,8,0,0.0,0.0,0.0,0.0,0.0,0.0,0.0
7441442685951742,hey shibeleka shakalima caesar apologise inconvenience caused kindly share meter number assistance es,False,0.7003,positive,0.7003,0.47,0.404,0.126,positive,0.7003,positive,False,0.0,,13,2,0.0,0.0769230769230769,0.0,0.0769230769230769,0.0,0.0769230769230769,0.0
918822943645810,saviour alingo chisanga imagine,False,0.0,neutral,0.0,0.0,1.0,0.0,neutral,0.0,neutral,False,0.0,,4,0,0.0,0.0,0.0,0.0,0.0,0.0,0.0
764405032105615,ati minister energy us poor sha seat down wait,False,-0.25,negative,-0.25,0.172,0.574,0.254,negative,-0.25,negative,False,0.0,,9,1,0.0,0.1111111111111111,0.0,0.0,0.0,0.1111111111111111,0.0
858763822055995,yvonne yasini chilonge very true,False,0.4754,positive,0.4754,0.436,0.564,0.0,positive,0.4754,positive,False,0.0,,5,1,0.0,0.0,0.0,0.2,0.0,0.0,0.0
1045021707103658,andrew mwansa ok idiot,False,-0.2732,negative,-0.2732,0.293,0.267,0.44,negative,-0.2732,negative,False,0.0,,4,1,0.0,0.0,0.0,0.0,0.0,0.0,0.0
3405577213095566,okay taking zambians granted sure,False,0.6369,positive,0.6369,0.756,0.244,0.0,positive,0.6369,positive,False,0.0,,5,1,0.0,0.0,0.0,0.0,0.0,0.0,0.0
1090654236363564,david kunda mupanga yakosa k10,False,0.0,neutral,-0.7,0.0,1.0,0.0,negative,-0.7,negative,True,-0.7,yakosa,5,0,0.0,0.0,0.0,0.0,0.0,0.0,0.0
1140715227116433,zesco limited kindly update tje population doing alleviate problem loadshedding shouldn t encouraging development nonhydro power stations wrong coal powered plants shouldn t zesco limited involved developing massive solar power plants should telling everything sure,True,0.0772,positive,0.0772,0.2,0.584,0.216,negative,0.0772,negative,False,0.0,,35,6,0.0571428571428571,0.0,0.0285714285714285,0.0,0.0857142857142857,0.0,0.0714285714285714
950199157151460,mentioned power came went twice during night within given 3 hours dont even power now stability woke smell burning cable,False,0.0,neutral,0.0,0.0,1.0,0.0,neutral,0.0,neutral,False,0.0,,20,2,0.05,0.0,0.0,0.0,0.0,0.0,0.025
1361288177782693,even sticking time table,False,0.0,neutral,0.0,0.0,1.0,0.0,neutral,0.0,neutral,False,0.0,,4,1,0.0,0.25,0.0,0.0,0.0,0.25,0.0
1539253826550352,moses chewe filled,False,0.0,neutral,0.0,0.0,1.0,0.0,neutral,0.0,neutral,False,0.0,,3,0,0.0,0.0,0.0,0.0,0.0,0.0,0.0
2708694619260732,mulenga trudy iwe nichani kansi,False,0.0,neutral,0.0,0.0,1.0,0.0,neutral,0.0,neutral,False,0.0,,5,0,0.0,0.0,0.0,0.0,0.0,0.0,0.0
504248558442306,yesterday didn t power 06 22hrs today 06 12hrs yet time table showing us something different mwalamona kwati naifwe tuli ngombe pa farm mwamfwa imwe also things requires power iminani shileonaika muma fridge brainless load shedding,True,0.0,neutral,0.0,0.0,1.0,0.0,negative,0.0,negative,False,0.0,,36,2,0.0,0.0555555555555555,0.0,0.0,0.0,0.0555555555555555,0.0
2070074933423687,how think people small phones know same upgrade please order,False,0.3182,positive,0.3182,0.204,0.796,0.0,positive,0.3182,positive,False,0.0,,10,1,0.0,0.0,0.0,0.0,0.0,0.0,0.0
1775418393314477,done even during loadshedding hours,False,0.0,neutral,0.0,0.0,1.0,0.0,neutral,0.0,neutral,False,0.0,,5,0,0.0,0.0,0.0,0.0,0.0,0.0,0.0
200755466322805,mmmmm 6 week thats too early tekanya boss,False,0.0,neutral,-0.4,0.0,1.0,0.0,negative,-0.4,negative,True,-0.4,tekanya,8,0,0.0,0.0,0.0,0.0,0.0,0.0,0.0
1354677755466141,two teachers houses matunga day secondary school katete district eastern province haven t connected since 2019 busy complaining 6 weeks,False,-0.2023,negative,-0.2023,0.0,0.904,0.096,negative,-0.2023,negative,False,0.0,,20,2,0.0,0.0,0.0,0.1,0.0,0.0,0.0
230568016489685,titus mpembamoto too bad,False,-0.5423,negative,-0.5423,0.0,0.462,0.538,negative,-0.5423,negative,False,0.0,,4,1,0.25,0.0,0.25,0.0,0.25,0.0,0.25
1955060858245945,bwalya chungu true very true selling electricity other countries whilst barely electricity,False,0.6808,positive,0.6808,0.359,0.641,0.0,positive,0.6808,positive,False,0.0,,12,4,0.0,0.0,0.0,0.1666666666666666,0.0,0.0,0.0
1255580588504842,madalitso kabwata believe kabwata slip 2 part unfortunately side only power 23 05 12 17 please start alternating times load shading 2 areas also want watch 19 hrs news just t having power sleeping work doesn t make sense please look into matter,False,0.3818,positive,0.3818,0.161,0.783,0.055,positive,0.3818,positive,False,0.0,,43,4,0.0,0.0465116279069767,0.0232558139534883,0.0,0.0,0.0465116279069767,0.0
862471064955757,only could stick timetable help alot,False,0.4019,positive,0.4019,0.351,0.649,0.0,positive,0.4019,positive,False,0.0,,6,0,0.0,0.0,0.0,0.0,0.0,0.0,0.0
1077796063324363,zesco limited read comment,False,-0.2263,negative,-0.2263,0.0,0.612,0.388,negative,-0.2263,negative,False,0.0,,4,1,0.25,0.0,0.0,0.0,0.25,0.0,0.25
467048809284648,kind smoke guys zesco limited smoke htf expect people us only seeing stupid message just now mulebako na seriousness job take people s silence granted sure just pathetic entire network,False,-0.3612,negative,-0.8612,0.193,0.551,0.256,negative,-0.8612,negative,True,-0.5,mulebako,30,9,0.0333333333333333,0.0666666666666666,0.0333333333333333,0.0666666666666666,0.1,0.0666666666666666,0.0666666666666666
3639412646329935,early just same thing also started behaving like omcs anyway fall under ministry may same anointing,False,0.3612,positive,0.3612,0.143,0.857,0.0,positive,0.3612,positive,False,0.0,,16,2,0.0,0.0,0.0,0.0625,0.0625,0.0,0.03125
1386230895455401,trying plot time schedules frequency distribution table making sense data continuous breaks palibe 6 hrs break,False,0.0,neutral,0.0,0.0,1.0,0.0,neutral,0.0,neutral,False,0.0,,16,3,0.0,0.0625,0.0,0.0,0.0,0.0625,0.0
283887254137746,now call using 322 s buy airtime,False,0.0,neutral,0.0,0.0,1.0,0.0,neutral,0.0,neutral,False,0.0,,7,0,0.0,0.0,0.0,0.0,0.0,0.0,0.0
6346384415478034,gideon k katemba reason refused,False,-0.296,negative,-0.296,0.0,0.577,0.423,negative,-0.296,negative,False,0.0,,5,2,0.0,0.0,0.0,0.0,0.2,0.0,0.1
1043763430412037,today s 1st october s aii,False,0.0,neutral,0.0,0.0,1.0,0.0,neutral,0.0,neutral,False,0.0,,6,0,0.0,0.0,0.0,0.0,0.0,0.0,0.0
304672865444199,chongwe worst wonder work like may need man power,False,-0.3818,negative,-0.3818,0.184,0.515,0.301,negative,-0.3818,negative,False,0.0,,9,0,0.0,0.0,0.0,0.0,0.0,0.0,0.0
1366446937441510,nsama patrick,False,0.0,neutral,0.0,0.0,1.0,0.0,neutral,0.0,neutral,False,0.0,,2,0,0.0,0.0,0.0,0.0,0.0,0.0,0.0
513652114864664,natasha mwaba way tired eating eggs kapenta soya chunks awe ba zesco make sin,False,-0.7579,negative,-1.0,0.0,0.649,0.351,negative,-1.0,negative,True,-0.7,awe,14,2,0.0714285714285714,0.0,0.0714285714285714,0.0,0.0714285714285714,0.0,0.0714285714285714
2378240329047293,thank update wondering mobile network,False,0.3612,positive,0.3612,0.385,0.615,0.0,positive,0.3612,positive,False,0.0,,5,2,0.0,0.4,0.0,0.0,0.0,0.4,0.0
899680144399564,nothing good still comes same before l left work power l come back 17hrs power yayenda come 23hrs efinshi ifi,False,-0.3412,negative,-0.3412,0.0,0.876,0.124,negative,-0.3412,negative,False,0.0,,20,1,0.0,0.05,0.0,0.05,0.0,0.05,0.0
691617299082811,ba zesco start kabulonga got power 01hrs upto signal,False,0.0,neutral,0.0,0.0,1.0,0.0,neutral,0.0,neutral,False,0.0,,9,1,0.0,0.1111111111111111,0.0,0.0,0.0,0.1111111111111111,0.0
1093095268856355,chanda chanda randomly coming pakati apa now stabilized schedule meaning now knowing time s coming going s message english said,True,0.0,neutral,0.0,0.0,1.0,0.0,negative,0.0,negative,False,0.0,,20,5,0.0,0.15,0.0,0.0,0.0,0.15,0.0
856562380018486,2 3hrs power time now making sense,False,0.0,neutral,0.0,0.0,1.0,0.0,neutral,0.0,neutral,False,0.0,,7,2,0.0,0.1428571428571428,0.0,0.0,0.0,0.1428571428571428,0.0
515069861139768,s purpose having power 24 03 t even charge phone coz ll fast asleep,False,0.0,neutral,0.0,0.0,1.0,0.0,neutral,0.0,neutral,False,0.0,,14,0,0.0,0.0,0.0,0.0,0.0,0.0,0.0
1220697095185978,mirriam hambotu very much,False,0.0,neutral,0.0,0.0,1.0,0.0,neutral,0.0,neutral,False,0.0,,4,0,0.0,0.0,0.0,0.0,0.0,0.0,0.0
566289968419797,ba zesco give us real schedule because giving us exactly time re showing us deal entire people duty because re doing duties properly instead give us different times find yourself exactly really going thank trying behalf neighbors entire surroundings areas check people duty giving people exact time opposite take notes,False,0.7635,positive,0.7635,0.139,0.861,0.0,positive,0.7635,positive,False,0.0,,50,6,0.0,0.06,0.0,0.04,0.0,0.06,0.0
416841741112021,emmanuel musonda well won t say much logically sounds like fault l hear,False,0.6808,positive,0.6808,0.461,0.389,0.15,positive,0.6808,positive,False,0.0,,13,1,0.0,0.0,0.0,0.0,0.0769230769230769,0.0,0.0384615384615384
1558742851734596,kelvis chit s musonda bunching everyone period would overload system re doing everything possible also need adjust current situation mune,False,-0.3612,negative,-0.3612,0.0,0.878,0.122,negative,-0.3612,negative,False,0.0,,20,2,0.0,0.0,0.0,0.05,0.05,0.0,0.025
6266739920037792,making sense better power during working hours than sleeping hours knowing only phones fridges left using power rest off bane tiyeni tusalapuke issue water ku kariba new started mu pf meaning plan should implemented word go power handed over guess someone overlooked see now effect lot businesses affected end day someone pay tax rentals bills take care family come amigos,False,0.6124,positive,0.6124,0.094,0.844,0.063,positive,0.6124,positive,False,0.0,,60,10,0.0166666666666666,0.0333333333333333,0.0166666666666666,0.0333333333333333,0.0166666666666666,0.0333333333333333,0.0166666666666666
1681413012651571,dennis zulu due respect madam because cannot never sir re,False,0.4767,positive,0.4767,0.256,0.744,0.0,positive,0.4767,positive,False,0.0,,10,2,0.0,0.1,0.0,0.2,0.0,0.1,0.0
1045021707103658,susan j stephens thanks never pre school think malfunction keyboard,False,0.4404,positive,0.4404,0.266,0.734,0.0,positive,0.4404,positive,False,0.0,,10,1,0.0,0.0,0.0,0.1,0.0,0.0,0.0
841991163531334,told power would come 6am go 12pm according new 6 hourly schedule over past 2 days taking power away 10am instead 12pm meaning re only having 4 hours instead 6 t just stick say rather just take us back 12 hourly schedule plan better s extremely frustrating kabitaka solwezi area,False,-0.0754,negative,-0.0754,0.06,0.873,0.066,negative,-0.0754,negative,False,0.0,,50,1,0.0,0.02,0.0,0.0,0.0,0.02,0.0
1414681275772581,managed buy using airtel,False,0.0,neutral,0.0,0.0,1.0,0.0,neutral,0.0,neutral,False,0.0,,4,0,0.0,0.0,0.0,0.0,0.0,0.0,0.0
2272938236420174,how update ve power 7days now,False,0.0,neutral,0.0,0.0,1.0,0.0,neutral,0.0,neutral,False,0.0,,6,0,0.0,0.0,0.0,0.0,0.0,0.0,0.0
1638398146614982,mwewa kennedy praise being realistic thank,False,0.7269,positive,0.7269,0.604,0.396,0.0,positive,0.7269,positive,False,0.0,,6,1,0.0,0.0,0.0,0.1666666666666666,0.0,0.0,0.0
962024962124923,obey silavwe maliwanda waiting next year s rains,False,0.0,neutral,0.0,0.0,1.0,0.0,neutral,0.0,neutral,False,0.0,,8,1,0.0,0.0,0.125,0.125,0.0,0.0,0.0
885707319525548,johnson njobvu very dull u fools making things worse,False,-0.8615,negative,-0.8615,0.0,0.343,0.657,negative,-0.8615,negative,False,0.0,,9,2,0.0,0.0,0.1111111111111111,0.0,0.2222222222222222,0.0,0.1111111111111111
1800675874007908,aaaah ok muli na courage imwe aii,False,0.6597,positive,0.6597,0.519,0.481,0.0,positive,0.6597,positive,False,0.0,,7,1,0.0,0.0,0.0,0.0,0.0,0.0,0.0
451590690574355,tilolele mwanza sundays too late need post friday,False,0.0,neutral,0.0,0.0,1.0,0.0,neutral,0.0,neutral,False,0.0,,8,1,0.0,0.0,0.0,0.0,0.125,0.0,0.0625
2108774816242587,how update power,False,0.0,neutral,0.0,0.0,1.0,0.0,neutral,0.0,neutral,False,0.0,,3,0,0.0,0.0,0.0,0.0,0.0,0.0,0.0
1015605939609843,jæý æňğëļ s units entered,False,0.0,neutral,0.0,0.0,1.0,0.0,neutral,0.0,neutral,False,0.0,,5,0,0.0,0.0,0.0,0.0,0.0,0.0,0.0
5546989238756740,written 06 5 s gone 12 11 s gone,False,0.0,neutral,0.0,0.0,1.0,0.0,neutral,0.0,neutral,False,0.0,,9,0,0.0,0.0,0.0,0.0,0.0,0.0,0.0
618831263798949,nhamo afiya chiwila imagine,False,0.0,neutral,0.0,0.0,1.0,0.0,neutral,0.0,neutral,False,0.0,,4,0,0.0,0.0,0.0,0.0,0.0,0.0,0.0
1307930793383241,joseph mwiinga jay even week bro,False,0.0,neutral,0.0,0.0,1.0,0.0,neutral,0.0,neutral,False,0.0,,6,0,0.0,0.0,0.0,0.0,0.0,0.0,0.0
1191499471964636,francis musamba nkhoma vazee che,False,0.0,neutral,-0.5,0.0,1.0,0.0,negative,-0.5,negative,True,-0.5,vazee,5,0,0.0,0.0,0.0,0.0,0.0,0.0,0.0
408819144761920,joshua mukwemba gives money buy electricity units,False,0.0,neutral,0.0,0.0,1.0,0.0,neutral,0.0,neutral,False,0.0,,7,2,0.1428571428571428,0.1428571428571428,0.0,0.1428571428571428,0.0,0.1428571428571428,0.0714285714285714
427194769547971,chitambo mbewe ala even this6 hours suicide things bad kariba dam only understand,False,-0.8402,negative,-0.8402,0.0,0.579,0.421,negative,-0.8402,negative,False,0.0,,13,2,0.1538461538461538,0.0,0.1538461538461538,0.0,0.1538461538461538,0.0,0.1538461538461538
1106402974283188,veronica banda legends wait extension deadline,False,0.0,neutral,0.0,0.0,1.0,0.0,neutral,0.0,neutral,False,0.0,,6,1,0.0,0.1666666666666666,0.0,0.0,0.0,0.1666666666666666,0.0
2722259621287522,want hear feedback ba zesco limitedd today first october net meeting,False,0.0772,positive,0.0772,0.115,0.885,0.0,positive,0.0772,positive,False,0.0,,11,0,0.0,0.0,0.0,0.0,0.0,0.0,0.0
1380815312686577,charles ilunga shall see,False,0.0,neutral,0.0,0.0,1.0,0.0,neutral,0.0,neutral,False,0.0,,4,0,0.0,0.0,0.0,0.0,0.0,0.0,0.0
579156810706802,lia exasperate people mwata kkkkk,False,0.0,neutral,0.0,0.0,1.0,0.0,neutral,0.0,neutral,False,0.0,,5,0,0.0,0.0,0.0,0.0,0.0,0.0,0.0
467360265627956,john kasoma s whole lot last week power cuts 6 15 30 time keeping kosani,False,-0.296,negative,-0.296,0.0,0.845,0.155,negative,-0.296,negative,False,0.0,,15,2,0.0,0.0666666666666666,0.0,0.0,0.0,0.0666666666666666,0.0
297723079506654,get u making noise nivanu ivo,False,0.0,neutral,0.0,0.0,1.0,0.0,neutral,0.0,neutral,False,0.0,,6,1,0.0,0.0,0.0,0.0,0.0,0.0,0.0
2260599904134637,fred k daka maybe,False,0.0,neutral,0.0,0.0,1.0,0.0,neutral,0.0,neutral,False,0.0,,4,0,0.0,0.0,0.0,0.0,0.0,0.0,0.0
1096573222127959,mary phiri done nothing like updating pama units iam sure just want customers buy units,False,0.1255,positive,0.1255,0.203,0.678,0.119,positive,0.1255,positive,False,0.0,,15,0,0.0,0.0,0.0,0.0,0.0,0.0,0.0
754014609808724,mwansa mulenga s refusing how,False,-0.4019,negative,-0.4019,0.0,0.526,0.474,negative,-0.4019,negative,False,0.0,,5,0,0.0,0.0,0.0,0.0,0.0,0.0,0.0
890179399251123,micah m mbewe naiwe nzelu ulibe mbuya,False,0.0,neutral,0.0,0.0,1.0,0.0,neutral,0.0,neutral,False,0.0,,7,0,0.0,0.0,0.0,0.0,0.0,0.0,0.0
230568016489685,alice lungu tried given mr key 1 key 2 same units gave now wonder should use cause refused help please,False,0.4215,positive,0.4215,0.225,0.676,0.099,positive,0.4215,positive,False,0.0,,20,1,0.0,0.0,0.0,0.0,0.05,0.0,0.025
1633600697097916,solution definitely indirectly relief those run businesses completely depend electricity like welders barbermen salons problem huge government needs find way cushioning impact masses,False,0.8578,positive,0.8578,0.401,0.517,0.082,positive,0.8578,positive,False,0.0,,23,7,0.0,0.0434782608695652,0.0869565217391304,0.0434782608695652,0.0434782608695652,0.0434782608695652,0.0217391304347826
1008296467716297,hope know s 1st october,False,0.4404,positive,0.4404,0.492,0.508,0.0,positive,0.4404,positive,False,0.0,,5,1,0.0,0.2,0.0,0.2,0.0,0.2,0.0
528561336436034,ngosa chai jemachi think desperate power ei,False,-0.3182,negative,-0.3182,0.0,0.723,0.277,negative,-0.3182,negative,False,0.0,,7,1,0.0,0.0,0.0,0.0,0.0,0.0,0.0
564369692691968,icemeni needful,False,0.0,neutral,0.0,0.0,1.0,0.0,neutral,0.0,neutral,False,0.0,,2,1,0.0,0.0,0.0,0.0,0.0,0.0,0.0
1366446937441510,shekinah ntubungu lifumbela every days knows bible friends thing eating people s heart over praising praising,False,0.8779,positive,0.8779,0.457,0.543,0.0,positive,0.8779,positive,False,0.0,,16,0,0.0,0.0,0.0,0.0,0.0,0.0,0.0
1220697095185978,regina chilufya mwale telling s sad,False,-0.4767,negative,-0.4767,0.0,0.563,0.437,negative,-0.4767,negative,False,0.0,,6,0,0.0,0.0,0.0,0.0,0.0,0.0,0.0
1220697095185978,catherine chabula sichandesad annoying,False,-0.4019,negative,-0.4019,0.0,0.526,0.474,negative,-0.4019,negative,False,0.0,,4,1,0.25,0.0,0.0,0.0,0.0,0.0,0.125
1539253826550352,ann hamatu mulenga said hh destined presidendy david saul,False,0.0,neutral,0.0,0.0,1.0,0.0,neutral,0.0,neutral,False,0.0,,9,1,0.0,0.1111111111111111,0.0,0.0,0.0,0.1111111111111111,0.0
2994287257547549,went 11 00 came back 17 00 far good,False,0.4404,positive,0.4404,0.266,0.734,0.0,positive,0.4404,positive,False,0.0,,9,1,0.0,0.1111111111111111,0.0,0.1111111111111111,0.0,0.1111111111111111,0.0
717468737000213,zesco limited keep schedules accurate because households need plan day ahead t put schedule 06 00 14 00 yet cut 10 00 18 00 wahala kind,False,0.1027,positive,0.1027,0.116,0.748,0.136,positive,0.1027,positive,False,0.0,,26,5,0.0384615384615384,0.0384615384615384,0.0,0.0769230769230769,0.0384615384615384,0.0384615384615384,0.0384615384615384
450507421367067,tony muzo awe s too much,False,0.0,neutral,-0.7,0.0,1.0,0.0,negative,-0.7,negative,True,-0.7,awe,6,0,0.0,0.0,0.0,0.0,0.0,0.0,0.0
1064695111311518,lelo nipa wanu okutoba shani ka thing promised,False,0.3612,positive,0.3612,0.263,0.737,0.0,positive,0.3612,positive,False,0.0,,8,0,0.0,0.0,0.0,0.0,0.0,0.0,0.0
492310796602094,christine joanna julio exactly,False,0.0,neutral,0.0,0.0,1.0,0.0,neutral,0.0,neutral,False,0.0,,4,0,0.0,0.0,0.0,0.0,0.0,0.0,0.0
1072713587703648,zesco limited kindly reproduce spreadsheet groups lost track groups sir madam groups lost meaning present,False,-0.3182,negative,-0.3182,0.155,0.531,0.314,negative,-0.3182,negative,False,0.0,,15,6,0.0666666666666666,0.1333333333333333,0.0,0.1333333333333333,0.2,0.1333333333333333,0.1333333333333333
798953401736314,grem cephas mbewe jr,False,0.0,neutral,0.0,0.0,1.0,0.0,neutral,0.0,neutral,False,0.0,,4,0,0.0,0.0,0.0,0.0,0.0,0.0,0.0
1349720502418165,henry nchena even good norm especially paid zesco application adjust tariffs stated clearly things past zesco t perform never performed since 1972,False,0.6808,positive,0.6808,0.228,0.772,0.0,positive,0.6808,positive,False,0.0,,22,1,0.0,0.0454545454545454,0.0,0.0454545454545454,0.0,0.0454545454545454,0.0
233194139652219,andre rich saying unavailable,False,0.5574,positive,0.5574,0.545,0.455,0.0,positive,0.5574,positive,False,0.0,,4,0,0.0,0.0,0.0,0.0,0.0,0.0,0.0
7647602908640872,zesco limited honestly reach far quiet disappointing s good responded writing chipata eastern province d like know 1 zesco chipata failed avail chipata residents schedule following whenever asked say don t s inconveniencing just cut power unannounced 2 far concerned schedule needs change every week unfortunately areas like chipata motel places moth extension continued subjected power being cut 13 only restore power 23 10hours agreed upon 8hours 3 times understand subjected power being cut centrally lusaka abnormal load town question cut power same areas every now leave others benefit power supply very unfair power cut 09 23 logic please consider treat customers same,False,-0.1513,negative,-0.1513,0.194,0.599,0.207,negative,-0.1513,negative,False,0.0,,103,17,0.029126213592233,0.0194174757281553,0.029126213592233,0.0388349514563106,0.087378640776699,0.0194174757281553,0.058252427184466
1323609428244045,someone help how many units gets buy electricity k1 000,False,0.4019,positive,0.4019,0.231,0.769,0.0,positive,0.4019,positive,False,0.0,,10,1,0.0,0.0,0.0,0.0,0.0,0.0,0.0
1149469195755648,chanda kasongo same situation,False,0.0,neutral,0.0,0.0,1.0,0.0,neutral,0.0,neutral,False,0.0,,4,0,0.0,0.0,0.0,0.0,0.0,0.0,0.0
1681413012651571,dennis zulu comments kwati nindoshi,False,0.0,neutral,0.0,0.0,1.0,0.0,neutral,0.0,neutral,False,0.0,,5,0,0.0,0.0,0.0,0.0,0.0,0.0,0.0
1036704091281880,imwe ba zesco limited s ben 4 days don t power ju zingalume stable talked,False,0.0772,positive,0.0772,0.156,0.709,0.135,positive,0.0772,positive,False,0.0,,15,3,0.0666666666666666,0.0,0.0,0.1333333333333333,0.0666666666666666,0.0,0.0666666666666666
1118211136318311,hon evans kabwita,False,0.0,neutral,0.0,0.0,1.0,0.0,neutral,0.0,neutral,False,0.0,,3,0,0.0,0.0,0.0,0.0,0.0,0.0,0.0
913826857366209,how check don t power serious even put deadline give us power upto 24,False,-0.0772,negative,-0.0772,0.0,0.902,0.098,negative,-0.0772,negative,False,0.0,,14,1,0.0,0.0,0.0,0.0714285714285714,0.0,0.0,0.0
553686270397537,s agony today power came yesterday around 22 00 went 07 30 09 30 power restored till now still power,False,-0.1027,negative,-0.1027,0.108,0.766,0.126,negative,-0.1027,negative,False,0.0,,20,1,0.05,0.0,0.05,0.0,0.05,0.0,0.05
885707319525548,johnson njobvu nothing mean well ba pf worked da first president bring loadshelding january shame,False,-0.6012,negative,-0.6012,0.0,0.726,0.274,negative,-0.6012,negative,False,0.0,,15,2,0.0,0.0,0.0666666666666666,0.0666666666666666,0.0666666666666666,0.0,0.0333333333333333
2498876370301527,doris chuwa chela could better able follow schedules otherwise s very disturbing,False,-0.1761,negative,-0.1761,0.187,0.581,0.232,negative,-0.1761,negative,False,0.0,,12,0,0.0,0.0,0.0,0.0,0.0,0.0,0.0
847279377585164,zambian stories t give us anything company lungu could sold china,False,0.0,neutral,0.0,0.0,1.0,0.0,neutral,0.0,neutral,False,0.0,,11,0,0.0,0.0,0.0,0.0,0.0,0.0,0.0
425161906424474,kaz lave mmmmh awe sure darkness sucks,False,-0.296,negative,-0.996,0.213,0.37,0.417,negative,-0.996,negative,True,-0.7,awe,7,1,0.1428571428571428,0.0,0.1428571428571428,0.0,0.1428571428571428,0.0,0.1428571428571428
2576349285890892,teng ani xulu awe naona,False,0.0,neutral,-0.7,0.0,1.0,0.0,negative,-0.7,negative,True,-0.7,awe,5,0,0.0,0.0,0.0,0.0,0.0,0.0,0.0
1711668552902047,jeff chomwa chindele t trusted,False,0.4767,positive,0.4767,0.508,0.492,0.0,positive,0.4767,positive,False,0.0,,5,0,0.0,0.0,0.0,0.0,0.0,0.0,0.0
914497929570223,whatever ef s still 12 hours call relief,False,0.4767,positive,0.4767,0.341,0.659,0.0,positive,0.4767,positive,False,0.0,,8,1,0.0,0.0,0.0,0.0,0.0,0.0,0.0
1130443434287490,monday doing opposite said check kasumbalesa 4 hours power off,False,0.0,neutral,0.0,0.0,1.0,0.0,neutral,0.0,neutral,False,0.0,,10,0,0.0,0.0,0.0,0.0,0.0,0.0,0.0
642071357814173,work fast twalala umwafita,False,0.0,neutral,0.0,0.0,1.0,0.0,neutral,0.0,neutral,False,0.0,,4,0,0.0,0.0,0.0,0.0,0.0,0.0,0.0
558946559494916,ndeleki mugande thats said cant say much coz camera sure upset,False,-0.0772,negative,-0.0772,0.165,0.647,0.187,negative,-0.0772,negative,False,0.0,,11,1,0.0909090909090909,0.0,0.0,0.0,0.0909090909090909,0.0,0.0909090909090909
489266630038074,ackim katebedo better solution yourself,False,0.6369,positive,0.6369,0.634,0.366,0.0,positive,0.6369,positive,False,0.0,,5,1,0.0,0.0,0.0,0.0,0.0,0.0,0.0
1285888772050230,zesco just same water suwaragy whatever call,False,0.0,neutral,0.0,0.0,1.0,0.0,neutral,0.0,neutral,False,0.0,,7,0,0.0,0.0,0.0,0.0,0.0,0.0,0.0
1978437159337183,davies c likwasi go inbox,False,0.0,neutral,0.0,0.0,1.0,0.0,neutral,0.0,neutral,False,0.0,,5,0,0.0,0.0,0.0,0.0,0.0,0.0,0.0
909479697986926,zesco never short surprises s taken informing people such important exercise itself looks complicated load shedding included days before deadline really way testing people s patience,False,0.0346,neutral,0.0346,0.071,0.864,0.065,neutral,0.0346,neutral,False,0.0,,26,4,0.0,0.0384615384615384,0.0,0.0769230769230769,0.0,0.0384615384615384,0.0
488913716721297,joshua ngwisha short day loadsheding ummmm just bril those stocks fridge,False,0.0,neutral,0.0,0.0,1.0,0.0,neutral,0.0,neutral,False,0.0,,11,1,0.0,0.0,0.0,0.0,0.0,0.0,0.0
472159101770561,russell hibajene muvwende those double cuts power cause harm than good people need alert take precautions order safeguard appliances like,False,0.5423,positive,0.5423,0.341,0.468,0.191,positive,0.5423,positive,False,0.0,,20,3,0.0,0.05,0.05,0.1,0.0,0.05,0.0
846486149778987,elo imwe people busy supporting upnd mulenya mulelapila especially fi youth government meant said ll create jobs youths kkkkkkkk sorry fimbeni elo mupoke yaba,False,0.5719,positive,0.2719,0.183,0.769,0.048,positive,0.2719,positive,True,-0.3,yaba,24,4,0.0416666666666666,0.0416666666666666,0.0833333333333333,0.0416666666666666,0.0,0.0416666666666666,0.0208333333333333
854620845817677,power coming around 13 chachacha,False,0.0,neutral,0.0,0.0,1.0,0.0,neutral,0.0,neutral,False,0.0,,5,1,0.0,0.2,0.0,0.0,0.0,0.2,0.0
723374332470540,okwonkuo ahmadinejad mwanawina don t think,False,0.0,neutral,0.0,0.0,1.0,0.0,neutral,0.0,neutral,False,0.0,,6,1,0.0,0.0,0.0,0.1666666666666666,0.0,0.0,0.0
1969815846775559,guyz needs fired bring people board open minded zealous find solutions people capable find solutions need avoid same situation next year,False,-0.0772,negative,-0.0772,0.265,0.53,0.205,negative,-0.0772,negative,False,0.0,,21,3,0.0,0.0476190476190476,0.0476190476190476,0.0476190476190476,0.0,0.0476190476190476,0.0
389235414084415,ba zesco limited definitely prefer 8 hours straight far very consistent regarding schedule area keep,False,0.4019,positive,0.4019,0.263,0.629,0.109,positive,0.4019,positive,False,0.0,,15,2,0.0666666666666666,0.0,0.0,0.0666666666666666,0.0666666666666666,0.0,0.0666666666666666
372554349145393,solar waste next 25 35 years how true solar waste 300 times toxic per energy consumed nuclear energy measures would taken waste management solar equipment prevent environmental impact disaster solar panels catch fire net metering done other alternatives too like bio energy something much talked energy soruce s electricity generation gas production fuel liquid manure fertilizer production cheaper solar bio energy long run efficient ratio toxicity between two,False,0.2023,positive,0.2023,0.225,0.605,0.17,positive,0.2023,positive,False,0.0,,68,16,0.0147058823529411,0.0588235294117647,0.0441176470588235,0.0441176470588235,0.0147058823529411,0.0588235294117647,0.0147058823529411
8207205366024150,kennedy muzyamba t believe played like three year old,False,0.5994,positive,0.5994,0.45,0.55,0.0,positive,0.5994,positive,False,0.0,,9,0,0.0,0.0,0.0,0.0,0.0,0.0,0.0
851116133455292,estella chetulo hehehehe see,False,0.0,neutral,0.0,0.0,1.0,0.0,neutral,0.0,neutral,False,0.0,,4,0,0.0,0.0,0.0,0.0,0.0,0.0,0.0
402137349350108,elita sheleni 14 22 worst,False,-0.6249,negative,-0.6249,0.0,0.494,0.506,negative,-0.6249,negative,False,0.0,,5,0,0.0,0.0,0.0,0.0,0.0,0.0,0.0
732427319045882,solwezi people made enough noise zoona suffering 15 hours day power hope zesco follow schedule,False,-0.0516,negative,-0.0516,0.153,0.684,0.163,negative,-0.0516,negative,False,0.0,,15,3,0.0,0.0666666666666666,0.0666666666666666,0.0666666666666666,0.0666666666666666,0.0666666666666666,0.0333333333333333
1550415722277796,bertha chisala mulenga ask sister,False,0.0,neutral,0.0,0.0,1.0,0.0,neutral,0.0,neutral,False,0.0,,5,0,0.0,0.0,0.0,0.0,0.0,0.0,0.0
1596646810862520,s 9 years still giving stories zesco complete sham full corruption,False,0.34,positive,0.34,0.231,0.769,0.0,positive,0.34,positive,False,0.0,,11,4,0.0909090909090909,0.0,0.0,0.0,0.0,0.0,0.0454545454545454
1212182749711840,muziba like know hakainde hichilema people ain t obeying following time put selvs,False,0.3612,positive,0.3612,0.185,0.815,0.0,positive,0.3612,positive,False,0.0,,13,1,0.0,0.0769230769230769,0.0,0.0,0.0,0.0769230769230769,0.0
967038334570462,zambians like complaining too much,False,0.1779,positive,0.1779,0.342,0.411,0.247,positive,0.1779,positive,False,0.0,,5,0,0.0,0.0,0.0,0.0,0.0,0.0,0.0
1681413012651571,bruce mwanza even import power tanzania also make sense than telling people appreciate anyhow import power adjust tariffs blame know drought giving people fake solutions 3hours per day,False,0.0772,positive,0.0772,0.193,0.652,0.156,positive,0.0772,positive,False,0.0,,28,5,0.0357142857142857,0.0,0.0,0.0,0.0,0.0,0.0178571428571428
1283679469436607,work even without power,False,0.0,neutral,0.0,0.0,1.0,0.0,neutral,0.0,neutral,False,0.0,,4,0,0.0,0.0,0.0,0.0,0.0,0.0,0.0
2498876370301527,people well trained lying long ago promised 3 hours power supply per day 3 days power supply s annoying,False,-0.3612,negative,-0.3612,0.203,0.529,0.269,negative,-0.3612,negative,False,0.0,,19,5,0.1052631578947368,0.0526315789473684,0.0,0.0,0.0,0.0526315789473684,0.0526315789473684
1781667235550337,y still going twice day,False,0.0,neutral,0.0,0.0,1.0,0.0,neutral,0.0,neutral,False,0.0,,5,0,0.0,0.0,0.0,0.0,0.0,0.0,0.0
1327338021394468,zesco useless company,False,-0.4215,negative,-0.4215,0.0,0.417,0.583,negative,-0.4215,negative,False,0.0,,3,1,0.0,0.0,0.0,0.0,0.0,0.0,0.0
1366446937441510,nsama patrick awe sure chipante pante government,False,0.3182,positive,-0.3818,0.277,0.723,0.0,negative,-0.3818,negative,True,-0.7,awe,7,1,0.0,0.0,0.1428571428571428,0.0,0.0,0.0,0.0
317082224093086,sit down drink water friend just 6 weeks complaining paid 2017 only connected 2019 during pf,False,0.34,positive,0.34,0.178,0.722,0.1,positive,0.34,positive,False,0.0,,16,1,0.0,0.0,0.0,0.0625,0.0,0.0,0.0
798953401736314,grem cephas mbewe jr maybe s units shotad,False,0.0,neutral,0.0,0.0,1.0,0.0,neutral,0.0,neutral,False,0.0,,8,0,0.0,0.0,0.0,0.0,0.0,0.0,0.0
527188406053799,rebecca sakala mumbi elo mathematicians saying ifwe very lost terms understanding,False,-0.3804,negative,-0.3804,0.0,0.794,0.206,negative,-0.3804,negative,False,0.0,,11,2,0.0,0.0,0.0,0.0909090909090909,0.0909090909090909,0.0,0.0454545454545454
1646550196207032,joseph kapambwe jnr ala kutiwapapa nabalaba nako,False,0.0,neutral,0.0,0.0,1.0,0.0,neutral,0.0,neutral,False,0.0,,7,0,0.0,0.0,0.0,0.0,0.0,0.0,0.0
489266630038074,reuben mwense friend leader see problems solutions now leading give us solutions kaili just busy blaming past,False,-0.0772,negative,-0.2772,0.269,0.49,0.241,negative,-0.2772,negative,True,-0.2,kaili,17,3,0.0,0.0,0.0,0.1764705882352941,0.0,0.0,0.0
461680426175485,ackim c sikaundi boi tefintu us everyday 16 04 kuwayawayafye boi,False,0.0,neutral,-0.7,0.0,1.0,0.0,negative,-0.7,negative,True,-0.7,tefintu,11,0,0.0,0.0,0.0,0.0,0.0,0.0,0.0
1201653761087990,soka shetani balitumpa sana ati iyo stability ifyabupuba fye,False,0.0,neutral,-1.0,0.0,1.0,0.0,negative,-1.0,negative,True,-1.0,ifyabupuba,9,0,0.0,0.0,0.0,0.0,0.0,0.0,0.0
807091348033010,susan j stephens sue,False,0.0,neutral,0.0,0.0,1.0,0.0,neutral,0.0,neutral,False,0.0,,4,1,0.25,0.0,0.0,0.0,0.25,0.0,0.25
441824974988148,zesco limited nishi powering nation now going slogan cause having issue loashedding long time upto now nothing sorted going through kashi every year,False,-0.2263,negative,-0.2263,0.0,0.921,0.079,negative,-0.2263,negative,False,0.0,,23,4,0.0434782608695652,0.0869565217391304,0.0,0.0434782608695652,0.0434782608695652,0.0869565217391304,0.0434782608695652
1379539882755762,should posting advance t waking power without warning,False,0.2584,positive,0.2584,0.253,0.747,0.0,positive,0.2584,positive,False,0.0,,8,2,0.0,0.125,0.25,0.0,0.0,0.125,0.0
2866434620199461,thank ba zesco slept electricity woke electricity even ironed boxer today use black label brush teeth,False,0.3612,positive,0.3612,0.143,0.857,0.0,positive,0.3612,positive,False,0.0,,16,4,0.0,0.0,0.0,0.0625,0.0625,0.0,0.03125
987006009760428,abraham mwale may mwandi told came cut kuma 6,False,-0.2732,negative,-0.2732,0.0,0.769,0.231,negative,-0.2732,negative,False,0.0,,9,0,0.0,0.0,0.0,0.0,0.0,0.0,0.0
552697647224346,give us power kamwala south yesterday 04 sure,False,0.3182,positive,0.3182,0.247,0.753,0.0,positive,0.3182,positive,False,0.0,,8,0,0.0,0.0,0.0,0.0,0.0,0.0,0.0
518066994189067,mu zo exactly give power ridiculous hours because know people asleep using s like mocking people giving something cannot use,False,-0.0772,negative,-0.0772,0.195,0.598,0.207,negative,-0.0772,negative,False,0.0,,20,3,0.1,0.0,0.0,0.0,0.05,0.0,0.075
1111889359476601,ati six hour break kwati balewamya,False,0.0,neutral,0.0,0.0,1.0,0.0,neutral,0.0,neutral,False,0.0,,6,1,0.0,0.0,0.0,0.0,0.0,0.0,0.0
2154609558274184,serious okay t give nation such urgent message think everyone online come guys better phones off due load shading others travelling ll only see maybe tomorrow many reasons mention few seems like looking faults people issues please already load shading ve gotten used s enough ba zesco limited,False,0.6249,positive,0.6249,0.205,0.682,0.113,positive,0.6249,positive,False,0.0,,48,4,0.0208333333333333,0.0416666666666666,0.0208333333333333,0.0208333333333333,0.0208333333333333,0.0416666666666666,0.0208333333333333
509688665139568,kapiri power 05hrs u stick same schedule expect see power 21hrs kindly update us,False,0.4939,positive,0.4939,0.211,0.789,0.0,positive,0.4939,positive,False,0.0,,14,1,0.0,0.0714285714285714,0.0,0.0714285714285714,0.0,0.0714285714285714,0.0
484840467176643,vee bana daniel very irritating ala tulelapila,False,-0.5095,negative,-1.0,0.0,0.646,0.354,negative,-1.0,negative,True,-0.6,bana,7,1,0.1428571428571428,0.0,0.0,0.0,0.0,0.0,0.0714285714285714
1138801970873531,zesco limited find survey want heavily campaign specific time table especially night people sleeping 02hours 10hours,False,-0.1531,negative,-0.1531,0.076,0.814,0.11,negative,-0.1531,negative,False,0.0,,16,3,0.0625,0.0625,0.0,0.0,0.0625,0.0625,0.0625
8713786182007378,lelo nipa wanu kuno power cut kuma 05 lesa akaya myocha pa zesco kubufi elo carry fire extinguisher pantu going hell,False,-0.8442,negative,-0.8442,0.0,0.664,0.336,negative,-0.8442,negative,False,0.0,,21,2,0.0476190476190476,0.0,0.0952380952380952,0.0,0.0476190476190476,0.0,0.0476190476190476
780603110184852,awe three days now today forth day,False,0.0,neutral,-0.7,0.0,1.0,0.0,negative,-0.7,negative,True,-0.7,awe,7,0,0.0,0.0,0.0,0.0,0.0,0.0,0.0
879154983427096,habasimbi h abbigail people thought easy claiming end load shedding,False,0.4404,positive,0.4404,0.266,0.734,0.0,positive,0.4404,positive,False,0.0,,10,1,0.0,0.1,0.0,0.0,0.0,0.1,0.0
612476807988749,zesco limited ndeke village s too much,False,-0.2263,negative,-0.2263,0.0,0.725,0.275,negative,-0.2263,negative,False,0.0,,7,1,0.1428571428571428,0.0,0.0,0.0,0.1428571428571428,0.0,0.1428571428571428
958142769405125,mashata sebby given mines power taxes 5 years zambia kuchalo,False,0.0,neutral,0.0,0.0,1.0,0.0,neutral,0.0,neutral,False,0.0,,10,0,0.0,0.0,0.0,0.0,0.0,0.0,0.0
863257598281875,first time ever ba zesco exactly 11 00hrs power restored,False,0.34,positive,0.34,0.211,0.789,0.0,positive,0.34,positive,False,0.0,,10,1,0.0,0.1,0.0,0.0,0.0,0.1,0.0
544356284413657,zesco people same same chinese people sinker small small going open barber shop saloon welder 05 want power available 23 00 through 05hrs people asleep,False,0.0772,positive,0.0772,0.051,0.949,0.0,positive,0.0772,positive,False,0.0,,25,3,0.04,0.0,0.0,0.0,0.0,0.0,0.02
1516799665459834,cone mukwila come bak 18hrs tho supozd 2 go 12hrs,False,0.0,neutral,0.0,0.0,1.0,0.0,neutral,0.0,neutral,False,0.0,,10,0,0.0,0.0,0.0,0.0,0.0,0.0,0.0
579465021066443,continue without electricity upto decide ai,False,0.0,neutral,0.0,0.0,1.0,0.0,neutral,0.0,neutral,False,0.0,,6,2,0.0,0.1666666666666666,0.0,0.1666666666666666,0.0,0.1666666666666666,0.0
1267785197286982,loadshedding 18hrs 12hrs,False,0.0,neutral,0.0,0.0,1.0,0.0,neutral,0.0,neutral,False,0.0,,3,0,0.0,0.0,0.0,0.0,0.0,0.0,0.0
1191955834833849,welcome back civilization admin kindly man s zesco know better thanks 4 info though,False,0.9001,positive,0.9001,0.6,0.4,0.0,positive,0.9001,positive,False,0.0,,14,1,0.0,0.0,0.0,0.0714285714285714,0.0,0.0,0.0
424667420210424,power went 01hrs chalala even now still power now 9 hrs schedule saying group even,False,0.0,neutral,0.0,0.0,1.0,0.0,neutral,0.0,neutral,False,0.0,,15,0,0.0,0.0,0.0,0.0,0.0,0.0,0.0
858763822055995,yvonne yasini chilonge zesco limited s truth,False,0.1027,positive,0.1027,0.28,0.488,0.232,positive,0.1027,positive,False,0.0,,7,2,0.1428571428571428,0.0,0.0,0.1428571428571428,0.1428571428571428,0.0,0.1428571428571428
1322610832456208,encourage zesco employees lock offices go home thank,False,0.7003,positive,0.7003,0.492,0.508,0.0,positive,0.7003,positive,False,0.0,,8,1,0.0,0.0,0.0,0.125,0.0,0.0,0.0
841218527168887,rhoda zgambo same imagine ai,False,0.0,neutral,0.0,0.0,1.0,0.0,neutral,0.0,neutral,False,0.0,,5,0,0.0,0.0,0.0,0.0,0.0,0.0,0.0
578739588183932,meter prepaid doesn t hash key how update,False,0.0,neutral,0.0,0.0,1.0,0.0,neutral,0.0,neutral,False,0.0,,8,1,0.0,0.0,0.0,0.0,0.0,0.0,0.0
1293999082039855,rose zulu s don t care type arrangements shows regards customers,False,0.4939,positive,0.4939,0.286,0.714,0.0,positive,0.4939,positive,False,0.0,,11,1,0.0,0.0,0.0,0.0909090909090909,0.0,0.0,0.0
1285478359500648,chilufya chanda thawe s everywhere dearest,False,0.5574,positive,0.5574,0.474,0.526,0.0,positive,0.5574,positive,False,0.0,,6,0,0.0,0.0,0.0,0.0,0.0,0.0,0.0
644107217775772,mê mó ry yes just kept trying,False,0.4019,positive,0.4019,0.31,0.69,0.0,positive,0.4019,positive,False,0.0,,7,0,0.0,0.0,0.0,0.0,0.0,0.0,0.0
878212423369353,such schedule apply area stop playing around people s feelings,False,-0.1027,negative,-0.1027,0.164,0.636,0.2,negative,-0.1027,negative,False,0.0,,10,0,0.0,0.0,0.0,0.0,0.0,0.0,0.0
529585439141995,priority very important parent t feed others well own children starving think s making sense rules regulations supposed reviewed revisited revised favor country first,False,0.4754,positive,0.4754,0.249,0.65,0.101,positive,0.4754,positive,False,0.0,,24,3,0.0,0.0,0.0,0.0416666666666666,0.0,0.0,0.0
3428870804055475,far know schedule doesn t work stipulated area power going twice day don t think normal,False,0.0,neutral,0.0,0.0,1.0,0.0,neutral,0.0,neutral,False,0.0,,16,1,0.0,0.0,0.0,0.0625,0.0,0.0,0.0
1017811669249469,how miss mr henry kapata day 2 without power,False,-0.1531,negative,-0.1531,0.0,0.814,0.186,negative,-0.1531,negative,False,0.0,,9,0,0.0,0.0,0.0,0.0,0.0,0.0,0.0
547271547324936,power cut 05 00 11 36 yet restored,False,0.0772,positive,0.0772,0.229,0.571,0.2,positive,0.0772,positive,False,0.0,,8,0,0.0,0.0,0.0,0.0,0.0,0.0,0.0
1112572957094230,time supposed cos just seeing today 23rd,False,0.0,neutral,0.0,0.0,1.0,0.0,neutral,0.0,neutral,False,0.0,,7,1,0.0,0.1428571428571428,0.0,0.0,0.0,0.1428571428571428,0.0
683917853232648,reduction hours s better,False,0.4404,positive,0.4404,0.592,0.408,0.0,positive,0.4404,positive,False,0.0,,4,0,0.0,0.0,0.0,0.0,0.0,0.0,0.0
1391164684756543,veronica oputa imagine online students businesses depend power re killing us slowly without even realizing,False,-0.6597,negative,-0.6597,0.0,0.761,0.239,negative,-0.6597,negative,False,0.0,,15,2,0.0666666666666666,0.0666666666666666,0.0666666666666666,0.0666666666666666,0.0666666666666666,0.0666666666666666,0.0666666666666666
1674580923397339,s 1st october promised,False,0.3612,positive,0.3612,0.556,0.444,0.0,positive,0.3612,positive,False,0.0,,4,0,0.0,0.0,0.0,0.0,0.0,0.0,0.0
577374840868329,tell also loadshed areas live only sacrifise areas those think noentities,False,0.0,neutral,0.0,0.0,1.0,0.0,neutral,0.0,neutral,False,0.0,,11,0,0.0,0.0,0.0,0.0,0.0,0.0,0.0
1539253826550352,cynthia chawah yes coz u look king sauls life during reign over israel especially turning away israel living god s really scary,False,0.079,positive,0.079,0.19,0.672,0.138,positive,0.079,positive,False,0.0,,22,2,0.0,0.0454545454545454,0.0454545454545454,0.0454545454545454,0.0,0.0454545454545454,0.0
402137349350108,essa group d unlucky,False,0.0,neutral,0.0,0.0,1.0,0.0,neutral,0.0,neutral,False,0.0,,4,1,0.25,0.0,0.25,0.0,0.25,0.0,0.25
311438738223605,s clocking 6 months,False,0.0,neutral,0.0,0.0,1.0,0.0,neutral,0.0,neutral,False,0.0,,4,0,0.0,0.0,0.0,0.0,0.0,0.0,0.0
824334343050817,us belong ziba zako schedule zesco created outside published schedule schedule rotate runs 11 hours daily,False,0.25,positive,0.25,0.118,0.882,0.0,positive,0.25,positive,False,0.0,,16,1,0.0,0.0625,0.0,0.0,0.0,0.0625,0.0
1196199424340136,means experiencing loadshedding every 6hrs still gives us 12hrs loadshedding 24hrs awe naikosa,False,0.0,neutral,-0.7,0.0,1.0,0.0,negative,-0.7,negative,True,-0.7,awe,13,0,0.0,0.0,0.0,0.0,0.0,0.0,0.0
1567383927241606,chila cn chirwa even go check remembered power,False,0.0,neutral,0.0,0.0,1.0,0.0,neutral,0.0,neutral,False,0.0,,8,0,0.0,0.0,0.0,0.0,0.0,0.0,0.0
513652114864664,natasha mwaba well,False,0.2732,positive,0.2732,0.512,0.488,0.0,positive,0.2732,positive,False,0.0,,3,0,0.0,0.0,0.0,0.0,0.0,0.0,0.0
573222181654205,eyee mayo kanshi order food us kaili s yowa problem,False,-0.4019,negative,-0.6019,0.0,0.748,0.252,negative,-0.6019,negative,True,-0.2,kaili,10,2,0.0,0.0,0.1,0.1,0.1,0.0,0.05
514597724685937,energy bills would offset self sustained solar power,False,0.2732,positive,0.2732,0.231,0.769,0.0,positive,0.2732,positive,False,0.0,,8,1,0.0,0.125,0.0,0.0,0.0,0.125,0.0
406400082182640,chilengi derrick understand meaning word schedule,False,0.0,neutral,0.0,0.0,1.0,0.0,neutral,0.0,neutral,False,0.0,,6,1,0.0,0.0,0.0,0.1666666666666666,0.0,0.0,0.0
1697546660718686,zesco limited how come meters still counting try pause just want notice something,False,-0.1531,negative,-0.1531,0.092,0.775,0.134,negative,-0.1531,negative,False,0.0,,13,1,0.0769230769230769,0.0,0.0,0.0,0.0769230769230769,0.0,0.0769230769230769
1985322245319642,avoid reconnecting power 02 disturb sleeping schedules elo lilayi power 1 hour still waiting 2 hours left zesco limited,False,-0.7003,negative,-0.7003,0.0,0.673,0.327,negative,-0.7003,negative,False,0.0,,19,2,0.0526315789473684,0.0,0.0526315789473684,0.0,0.0526315789473684,0.0,0.0526315789473684
629974652427334,increased tariffs,False,0.2732,positive,0.2732,0.677,0.323,0.0,positive,0.2732,positive,False,0.0,,2,0,0.0,0.0,0.0,0.0,0.0,0.0,0.0
610802407817623,violet zimba same dear,False,0.3818,positive,0.3818,0.464,0.536,0.0,positive,0.3818,positive,False,0.0,,4,1,0.0,0.0,0.0,0.0,0.0,0.0,0.0
590586309997553,ba zesco limited sure account hacked coz ifi tafilepanga sense just waking kuma 01 update mtr,False,-0.3182,negative,-0.3182,0.116,0.653,0.231,negative,-0.3182,negative,False,0.0,,16,3,0.0625,0.0,0.0,0.0625,0.0625,0.0,0.0625
3578373739112848,mr moonga just relax note only applied connection due time connected,False,0.4404,positive,0.4404,0.225,0.775,0.0,positive,0.4404,positive,False,0.0,,11,1,0.0,0.0909090909090909,0.0,0.0,0.0,0.0909090909090909,0.0
858763822055995,yesterday power came 7 minutes riverside extension kitwe never came back until today today 11 15 hrs electricity finally came before could run switch appliances gone less than 3 minutes s happening,True,0.0,neutral,0.0,0.0,1.0,0.0,negative,0.0,negative,False,0.0,,32,2,0.0,0.03125,0.0,0.03125,0.0,0.03125,0.0
319999207052686,u r complaining 6 weeks mwayamba bwangu zesco even connect u 4 years neighborhood now 2 plus years bring pole go bring another pole 6 months go peace,False,0.4019,positive,-0.2981,0.144,0.782,0.074,negative,-0.2981,negative,True,-0.7,mwayamba,28,2,0.0,0.0714285714285714,0.0,0.0357142857142857,0.0,0.0714285714285714,0.0
579463417922799,awe want just cut completely pantu use power doesn t come while awake kwaliba amaliti ayesa na 02hrs 03hrs yaya elo re busy asking us buy k10 units now used charge kuma dollar nama genset mwe,False,-0.2023,negative,-0.9023,0.036,0.907,0.058,negative,-0.9023,negative,True,-0.7,awe,36,1,0.0,0.0,0.0,0.0,0.0,0.0,0.0
1109813473024180,bwalani muchi tenge chi transformer chanu,False,0.0,neutral,0.0,0.0,1.0,0.0,neutral,0.0,neutral,False,0.0,,6,0,0.0,0.0,0.0,0.0,0.0,0.0,0.0
707873887745003,anfield sinkman benefits just political leadership capwa get loans accomodation security,False,0.6124,positive,0.6124,0.357,0.643,0.0,positive,0.6124,positive,False,0.0,,11,0,0.0,0.0,0.0,0.0,0.0,0.0,0.0
475797351387622,susan j stephens plus zesco don t things time 6 hour periods ll running into 7 each ka 14 day,False,0.0,neutral,0.0,0.0,1.0,0.0,neutral,0.0,neutral,False,0.0,,20,2,0.0,0.05,0.0,0.05,0.0,0.05,0.0
1185924779266258,people ridiculus sure enough didn t know schedule before already making effect sure none prepare advance,False,0.5574,positive,0.5574,0.261,0.739,0.0,positive,0.5574,positive,False,0.0,,16,2,0.0,0.125,0.0625,0.0,0.0,0.125,0.0
1539253826550352,kapyelele kerris feel sorry trusting politicians s sad u think loadshedding end first place loadshedding caused same politicians nampower electricity supplying company namibia stopped importing power escom south africa zesco supplying whilst guy s being told lies s loadshedding s over net just google u find unless just want ignore reality coz love president,False,-0.34,negative,-0.34,0.137,0.669,0.194,negative,-0.34,negative,False,0.0,,54,4,0.0,0.0,0.0,0.0185185185185185,0.0,0.0,0.0
1172944700752848,mello tachila regret inconvenience caused please note cases may installations feeders switched off early delayed restoration may arise given time however mean schedule changed only due system constraints published schedules remain same regards cj,False,-0.5994,negative,-0.5994,0.058,0.759,0.182,negative,-0.5994,negative,False,0.0,,34,4,0.0,0.0294117647058823,0.0,0.0294117647058823,0.0294117647058823,0.0294117647058823,0.0147058823529411
844195164551003,haven t seen power two days,False,0.0,neutral,0.0,0.0,1.0,0.0,neutral,0.0,neutral,False,0.0,,6,1,0.0,0.0,0.0,0.1666666666666666,0.0,0.0,0.0
127467017046268,please ve bought power 300 ve given 163 units explain customer service pathetic,False,-0.34,negative,-0.34,0.135,0.647,0.218,negative,-0.34,negative,False,0.0,,13,3,0.0,0.0,0.0,0.0769230769230769,0.0769230769230769,0.0,0.0384615384615384
1067016445144046,company ever reliable,False,0.0,neutral,0.0,0.0,1.0,0.0,neutral,0.0,neutral,False,0.0,,3,1,0.0,0.0,0.0,0.3333333333333333,0.0,0.0,0.0
988561902286469,stella amukena nowonder failing buy units,False,-0.5106,negative,-0.5106,0.0,0.602,0.398,negative,-0.5106,negative,False,0.0,,6,1,0.1666666666666666,0.1666666666666666,0.1666666666666666,0.0,0.1666666666666666,0.1666666666666666,0.1666666666666666
698220705272026,whole zesco management never thought 12 hours good economy guys just jokers,False,0.4404,positive,0.4404,0.209,0.791,0.0,positive,0.4404,positive,False,0.0,,12,4,0.0,0.1666666666666666,0.0,0.25,0.0,0.1666666666666666,0.0
885707319525548,shares,False,0.296,positive,0.296,1.0,0.0,0.0,positive,0.296,positive,False,0.0,,1,0,0.0,0.0,0.0,0.0,0.0,0.0,0.0
691055962549616,kuno power went yestrday around 11hrs came back today around 15hrs,False,0.0,neutral,0.0,0.0,1.0,0.0,neutral,0.0,neutral,False,0.0,,11,0,0.0,0.0,0.0,0.0,0.0,0.0,0.0
1133780710671114,emily m mbewe ifwe used tropical rubbers,False,0.0,neutral,0.0,0.0,1.0,0.0,neutral,0.0,neutral,False,0.0,,7,0,0.0,0.0,0.0,0.0,0.0,0.0,0.0
442381161642601,lelo nipa 1 october don t power home problem learn speak truth,False,-0.1027,negative,-0.1027,0.177,0.615,0.208,negative,-0.1027,negative,False,0.0,,12,4,0.0,0.0,0.0833333333333333,0.1666666666666666,0.0833333333333333,0.0,0.0416666666666666
714443850629043,sharon jangia biggie bachilamo batinkisana,False,0.0,neutral,-0.8,0.0,1.0,0.0,negative,-0.8,negative,True,-0.8,bachilamo,5,0,0.0,0.0,0.0,0.0,0.0,0.0,0.0
1540969093038226,own different load shedding 23 05 30 11 00 17 30,False,0.0,neutral,0.0,0.0,1.0,0.0,neutral,0.0,neutral,False,0.0,,11,0,0.0,0.0,0.0,0.0,0.0,0.0,0.0
475797351387622,susan j stephens kaili give breather given snorkel since technically still under water,False,0.0,neutral,-0.2,0.0,1.0,0.0,negative,-0.2,negative,True,-0.2,kaili,13,0,0.0,0.0,0.0,0.0,0.0,0.0,0.0
1045021707103658,siven rowland bwembya upnd,False,0.0,neutral,0.0,0.0,1.0,0.0,neutral,0.0,neutral,False,0.0,,4,0,0.0,0.0,0.0,0.0,0.0,0.0,0.0
858763822055995,yvonne yasini chilonge exactly fail stick time table mostly off period prolonged,False,-0.5423,negative,-0.5423,0.0,0.759,0.241,negative,-0.5423,negative,False,0.0,,12,1,0.0,0.0833333333333333,0.0,0.0,0.0,0.0833333333333333,0.0
1073009573776254,zesco limited charge load shedding time without prior notice also don t bring power time unacceptable power went 06 hrs 5 2 30 haven t water since because pump water electricity toilets full fecal matter urine shall get sick now,False,-0.7964,negative,-0.7964,0.027,0.775,0.199,negative,-0.7964,negative,False,0.0,,40,10,0.025,0.05,0.0,0.05,0.075,0.05,0.05
492310796602094,kindly advise how check without power,False,0.4939,positive,0.4939,0.39,0.61,0.0,positive,0.4939,positive,False,0.0,,6,1,0.0,0.0,0.0,0.1666666666666666,0.0,0.0,0.0
1246634919988812,okay ba zesco limited joke s even funny mxxxm,False,0.6249,positive,0.6249,0.543,0.31,0.147,positive,0.6249,positive,False,0.0,,9,2,0.1111111111111111,0.0,0.0,0.0,0.1111111111111111,0.0,0.1111111111111111
1865856943823296,u provide equipment ayi,False,0.0,neutral,0.0,0.0,1.0,0.0,neutral,0.0,neutral,False,0.0,,4,1,0.0,0.0,0.0,0.25,0.0,0.0,0.0
3817640505157682,zesco limitedzesco limited restore power chelston green area tired tired calling buying minutes nothing,False,-0.6705,negative,-0.6705,0.111,0.503,0.387,negative,-0.6705,negative,False,0.0,,14,4,0.0714285714285714,0.0,0.0,0.0714285714285714,0.0714285714285714,0.0,0.0714285714285714
1045021707103658,politicians make heaven,False,0.5106,positive,0.5106,0.623,0.377,0.0,positive,0.5106,positive,False,0.0,,3,0,0.0,0.0,0.0,0.0,0.0,0.0,0.0
976862873282333,caroline miyoba nchimwe buyo ncobeni,False,0.0,neutral,0.0,0.0,1.0,0.0,neutral,0.0,neutral,False,0.0,,5,0,0.0,0.0,0.0,0.0,0.0,0.0,0.0
1085244139231643,hi wìl lìámś apologize inconvenience caused please may confirm power restored appreciate patience regards cj,False,0.6486,positive,0.6486,0.413,0.469,0.117,positive,0.6486,positive,False,0.0,,15,2,0.0,0.0666666666666666,0.0,0.1333333333333333,0.0666666666666666,0.0666666666666666,0.0333333333333333
671130691524244,entering token id like 30 mins s just saying error thinking must entered wrong prepaid number,False,-0.4588,negative,-0.4588,0.184,0.534,0.282,negative,-0.4588,negative,False,0.0,,16,2,0.0,0.0,0.0,0.0,0.0625,0.0,0.03125
612476807988749,hi chibwe petronella kunda cpk thank reaching kindly note adjustment power rationing schedule entailing supply between 2hrs 7hrs per day especially peak hours night temporary adjustment due unavailability 330 megawatts power imports arising import route constraints sincerely apologize inconvenience caused regards cj,False,0.8176,positive,0.8176,0.238,0.713,0.05,positive,0.8176,positive,False,0.0,,42,2,0.0,0.0,0.0,0.0238095238095238,0.0238095238095238,0.0,0.0119047619047619
1032891124985265,jasmine lungu chewe swear how start waking midnight charge utu ma light nama phone awe eku chula uku,False,-0.0516,negative,-0.7515999999999999,0.0,0.934,0.066,negative,-0.7515999999999999,negative,True,-0.7,awe,18,2,0.0,0.0555555555555555,0.0,0.0555555555555555,0.0,0.0555555555555555,0.0
481698757452496,bally mukali entire zesco including ministers thought meanwhile people still asking difference make atleast someone saloon barbershop chance work 6hrs day nganafikupita lobe,False,0.25,positive,0.25,0.083,0.917,0.0,positive,0.25,positive,False,0.0,,23,4,0.0434782608695652,0.0434782608695652,0.0,0.0,0.0,0.0434782608695652,0.0217391304347826
1842449472788951,s good time seen now days power going aware,False,0.4404,positive,0.4404,0.293,0.707,0.0,positive,0.4404,positive,False,0.0,,9,2,0.0,0.2222222222222222,0.0,0.1111111111111111,0.0,0.2222222222222222,0.0
3415997808707920,thought signed memorandum power going october ba zesco how come yesterday afternoon 12hrs now s power area twaingila mu october without power zoona awe lesa amipale na boss wenu hakaivotela heka,False,0.0,neutral,-0.7,0.0,1.0,0.0,negative,-0.7,negative,True,-0.7,awe,31,1,0.0,0.032258064516129,0.0,0.0,0.0,0.032258064516129,0.0
754014609808724,s still refusing,False,-0.4019,negative,-0.4019,0.0,0.27,0.73,negative,-0.4019,negative,False,0.0,,3,0,0.0,0.0,0.0,0.0,0.0,0.0,0.0
311057938684793,mirriam chilwashi re right mama,False,0.0,neutral,0.0,0.0,1.0,0.0,neutral,0.0,neutral,False,0.0,,5,0,0.0,0.0,0.0,0.0,0.0,0.0,0.0
847279377585164,gloriouse nuttip most dull person seeing read understand told u ruling party check yourself should keep quite affected loadshedding even read comment ego mislead take poverty frustration side,False,-0.8218,negative,-0.8218,0.075,0.611,0.314,negative,-0.8218,negative,False,0.0,,28,4,0.1071428571428571,0.0,0.0714285714285714,0.0357142857142857,0.0714285714285714,0.0,0.0892857142857142
707873887745003,mwelwa phillip whole country benefits terms foreign exchange helps zesco stay afloat like said zesco makes like 4 times amount money exporting than selling locally,False,0.8481,positive,0.8481,0.338,0.662,0.0,positive,0.8481,positive,False,0.0,,25,3,0.04,0.04,0.0,0.08,0.0,0.04,0.02
3889000111379095,prepaid meters key,False,0.0,neutral,0.0,0.0,1.0,0.0,neutral,0.0,neutral,False,0.0,,3,0,0.0,0.0,0.0,0.0,0.0,0.0,0.0
4080830578803466,stability promised,False,0.3612,positive,0.3612,0.714,0.286,0.0,positive,0.3612,positive,False,0.0,,2,0,0.0,0.0,0.0,0.0,0.0,0.0,0.0
892982335172530,aware people depend electricity small businesses,False,0.0,neutral,0.0,0.0,1.0,0.0,neutral,0.0,neutral,False,0.0,,6,3,0.0,0.1666666666666666,0.0,0.1666666666666666,0.0,0.1666666666666666,0.0
857388412176185,makeni power went midnight came kuma 11hrs talking,False,0.0,neutral,0.0,0.0,1.0,0.0,neutral,0.0,neutral,False,0.0,,8,0,0.0,0.0,0.0,0.0,0.0,0.0,0.0
1121022023058539,moses muleba mumba people likes play mind,False,0.6369,positive,0.6369,0.51,0.49,0.0,positive,0.6369,positive,False,0.0,,7,0,0.0,0.0,0.0,0.0,0.0,0.0,0.0
1840818453024242,group d worst,False,-0.6249,negative,-0.6249,0.0,0.196,0.804,negative,-0.6249,negative,False,0.0,,3,0,0.0,0.0,0.0,0.0,0.0,0.0,0.0
1681413012651571,koma chimwana iwe ndiwe chituzu,False,0.0,neutral,0.0,0.0,1.0,0.0,neutral,0.0,neutral,False,0.0,,5,0,0.0,0.0,0.0,0.0,0.0,0.0,0.0
6877744568925424,fred snr m just using airtel money,False,0.0,neutral,0.0,0.0,1.0,0.0,neutral,0.0,neutral,False,0.0,,7,1,0.1428571428571428,0.1428571428571428,0.0,0.1428571428571428,0.0,0.1428571428571428,0.0714285714285714
1307712497246378,luisa yamba ask mwandi,False,0.0,neutral,0.0,0.0,1.0,0.0,neutral,0.0,neutral,False,0.0,,4,0,0.0,0.0,0.0,0.0,0.0,0.0,0.0
570328218425156,kind load shedding,False,0.5267,positive,0.5267,0.63,0.37,0.0,positive,0.5267,positive,False,0.0,,3,1,0.0,0.0,0.0,0.3333333333333333,0.0,0.0,0.0
1616817652057206,enock silungwe same since 05 00hrs,False,0.0,neutral,0.0,0.0,1.0,0.0,neutral,0.0,neutral,False,0.0,,6,0,0.0,0.0,0.0,0.0,0.0,0.0,0.0
951841213661230,how u check without power,False,0.0,neutral,0.0,0.0,1.0,0.0,neutral,0.0,neutral,False,0.0,,5,0,0.0,0.0,0.0,0.0,0.0,0.0,0.0
841449014595749,chilufya chinombwe zambia electrometer,False,0.0,neutral,0.0,0.0,1.0,0.0,neutral,0.0,neutral,False,0.0,,4,0,0.0,0.0,0.0,0.0,0.0,0.0,0.0
3286589204915236,interchanging,False,0.0,neutral,0.0,0.0,1.0,0.0,neutral,0.0,neutral,False,0.0,,1,0,0.0,0.0,0.0,0.0,0.0,0.0,0.0
1681413012651571,dennis zulu muli ulichipuba kaah nagu mulelwishiya ichito ku zesco mwila supportah ifya mugulu ichilubeyo,False,0.0,neutral,0.0,0.0,1.0,0.0,neutral,0.0,neutral,False,0.0,,15,0,0.0,0.0,0.0,0.0,0.0,0.0,0.0
1990117874793593,lusaka only province how other zesco limited,False,-0.2263,negative,-0.2263,0.0,0.759,0.241,negative,-0.2263,negative,False,0.0,,7,1,0.1428571428571428,0.0,0.0,0.0,0.1428571428571428,0.0,0.1428571428571428
575236308529715,ata fyalungula,False,0.0,neutral,0.0,0.0,1.0,0.0,neutral,0.0,neutral,False,0.0,,2,0,0.0,0.0,0.0,0.0,0.0,0.0,0.0
1359686844867765,zesco please serious power less than 6 hrs,False,0.25,positive,0.25,0.267,0.581,0.151,positive,0.25,positive,False,0.0,,8,0,0.0,0.0,0.0,0.0,0.0,0.0,0.0
754014609808724,mwansa mulenga s still refusing,False,-0.4019,negative,-0.4019,0.0,0.526,0.474,negative,-0.4019,negative,False,0.0,,5,0,0.0,0.0,0.0,0.0,0.0,0.0,0.0
531724349507465,should come office calendars today 1,False,0.0,neutral,0.0,0.0,1.0,0.0,neutral,0.0,neutral,False,0.0,,6,0,0.0,0.0,0.0,0.0,0.0,0.0,0.0
406400082182640,innocent ij very self centered don t even listen people s complaints very inconsiderate,False,-0.5413,negative,-0.5413,0.139,0.52,0.341,negative,-0.5413,negative,False,0.0,,14,3,0.0714285714285714,0.0,0.0,0.1428571428571428,0.0714285714285714,0.0,0.0714285714285714
1251050899466961,killian marcus imagine bakamba,False,0.0,neutral,0.0,0.0,1.0,0.0,neutral,0.0,neutral,False,0.0,,4,0,0.0,0.0,0.0,0.0,0.0,0.0,0.0
311057938684793,christian chrishinah shamah saying truth koma rains nothing president unless say import power neighboring countries apo help way situation niyokosa,False,0.6124,positive,0.6124,0.217,0.783,0.0,positive,0.6124,positive,False,0.0,,20,2,0.0,0.0,0.0,0.1,0.0,0.0,0.0
860112232179571,mazabuka very fast,False,0.0,neutral,0.0,0.0,1.0,0.0,neutral,0.0,neutral,False,0.0,,3,0,0.0,0.0,0.0,0.0,0.0,0.0,0.0
962024962124923,ba zesco limitedd apart rotating schedule anything being done completely resolve loadshedding issue cause people unable run businesses effectively sometimes muleposako amano kufintu,True,0.6997,positive,0.6997,0.216,0.784,0.0,negative,0.6997,negative,False,0.0,,23,2,0.0,0.0,0.0,0.0,0.0434782608695652,0.0,0.0217391304347826
417441801371727,ba zesco said pa 1 october loadsheding ata vaupuba,False,0.0,neutral,0.0,0.0,1.0,0.0,neutral,0.0,neutral,False,0.0,,9,0,0.0,0.0,0.0,0.0,0.0,0.0,0.0
7977232225716698,good morning zesco limitedd last week mentioned reduction load management question how many hours since today 1st october 2024 looking forward statement line same kindly update,False,0.7269,positive,0.7269,0.203,0.797,0.0,positive,0.7269,positive,False,0.0,,26,5,0.0,0.0384615384615384,0.0,0.1153846153846153,0.0,0.0384615384615384,0.0
688403376277911,lesina nomazala zulu couldn t agree u find places work like cbd industrial area power during working hours majority places work back power instead switching schedule people knock off power homes other way around talema nabo ba loadshedding mweh,False,0.6124,positive,0.6124,0.125,0.875,0.0,positive,0.6124,positive,False,0.0,,39,3,0.0,0.0,0.0,0.0256410256410256,0.0,0.0,0.0
869672600961795,zesco limited keep times religiously already frustrated zesco 24 00hrs 23 32 like tonight switch us stick times please monga muzungu eskom says 1600hrs check watch 16 00 hrs time keeping pathetic very anti govt,False,-0.7778,negative,-0.7778,0.106,0.639,0.255,negative,-0.7778,negative,False,0.0,,35,5,0.0571428571428571,0.0571428571428571,0.0285714285714285,0.0,0.0571428571428571,0.0571428571428571,0.0571428571428571
2498876370301527,brown chikwanda s next year maybe,False,0.0,neutral,0.0,0.0,1.0,0.0,neutral,0.0,neutral,False,0.0,,6,0,0.0,0.0,0.0,0.0,0.0,0.0,0.0
610802407817623,joseph zulu working,False,0.0,neutral,0.0,0.0,1.0,0.0,neutral,0.0,neutral,False,0.0,,3,1,0.0,0.0,0.0,0.0,0.0,0.0,0.0
499261102909445,1st october today haven t forgotten,False,-0.2263,negative,-0.2263,0.0,0.678,0.322,negative,-0.2263,negative,False,0.0,,6,2,0.0,0.0,0.1666666666666666,0.1666666666666666,0.1666666666666666,0.0,0.0833333333333333
1285478359500648,3 days completely power honestly chilenje south lazymens area zesco fault area because too much,False,0.1477,positive,0.1477,0.182,0.667,0.15,positive,0.1477,positive,False,0.0,,15,2,0.0,0.0,0.0,0.0,0.0666666666666666,0.0,0.0333333333333333
1235114530763821,bet pf sympathisers cant get thing zesco tried manipulate wud maybe free education jst maybe cud catch shall tell submissions,False,0.5106,positive,0.5106,0.148,0.852,0.0,positive,0.5106,positive,False,0.0,,20,2,0.0,0.0,0.0,0.0,0.0,0.0,0.0
841218527168887,christina keila kunda coz mwandi would power whole day since came morning,False,0.0,neutral,0.0,0.0,1.0,0.0,neutral,0.0,neutral,False,0.0,,12,0,0.0,0.0,0.0,0.0,0.0,0.0,0.0
6164825023528034,deedyianna mumu ati ba pf balinwina zigolo amenshi awe military kuti yabafye bwino,False,0.0,neutral,-1.0,0.0,1.0,0.0,negative,-1.0,negative,True,-1.5,"awe,bwino,kuti",13,1,0.0,0.0,0.0769230769230769,0.0,0.0,0.0,0.0
489266630038074,ackim katebe money come u written how u stabilise economy featuring same time u expect u written done 1year 4 months,False,0.0,neutral,0.0,0.0,1.0,0.0,neutral,0.0,neutral,False,0.0,,21,4,0.0476190476190476,0.1428571428571428,0.0,0.1428571428571428,0.0,0.1428571428571428,0.0238095238095238
556304406417908,tired nonsense ba zesco mweh fridge just gone damaged today because failure nonsense apologizing kamanga area cut off power twice day same people working against presidential direction wake right imwe,False,-0.9423,negative,-0.9423,0.0,0.562,0.438,negative,-0.9423,negative,False,0.0,,30,5,0.0,0.0,0.0333333333333333,0.0,0.0333333333333333,0.0,0.0166666666666666
1317728269152724,patient meantime using candle,False,0.0,neutral,0.0,0.0,1.0,0.0,neutral,0.0,neutral,False,0.0,,4,1,0.0,0.25,0.0,0.0,0.0,0.25,0.0
1252220168979432,ernest kasamba english ain t iphone user want go back android,False,0.0772,positive,0.0772,0.126,0.874,0.0,positive,0.0772,positive,False,0.0,,11,0,0.0,0.0,0.0,0.0,0.0,0.0,0.0
1237631794251548,24 03 how make use scheduled time,False,0.0,neutral,0.0,0.0,1.0,0.0,neutral,0.0,neutral,False,0.0,,7,1,0.0,0.1428571428571428,0.0,0.0,0.0,0.1428571428571428,0.0
503200179151387,zambians don t forget nipa lelo just needful,False,-0.2263,negative,-0.2263,0.0,0.759,0.241,negative,-0.2263,negative,False,0.0,,8,3,0.0,0.0,0.0,0.125,0.0,0.0,0.0
644107217775772,nangwabale l nalishiwa eh too bad think try calling,False,-0.5423,negative,-0.5423,0.0,0.667,0.333,negative,-0.5423,negative,False,0.0,,9,1,0.1111111111111111,0.0,0.1111111111111111,0.0,0.1111111111111111,0.0,0.1111111111111111
1231419171518161,ba zesco incse u ve forgotten lelo nipa tipaseni malaiti pulizi,False,-0.2263,negative,-0.4263,0.0,0.826,0.174,negative,-0.4263,negative,True,-0.2,malaiti,11,1,0.0,0.0,0.0909090909090909,0.0,0.0909090909090909,0.0,0.0454545454545454
1260580134572878,thanks information,False,0.4404,positive,0.4404,0.744,0.256,0.0,positive,0.4404,positive,False,0.0,,2,1,0.0,0.0,0.0,0.0,0.0,0.0,0.0
5946382015423168,still unacceptable considering fact s rain season should consider stopping power exports other countries let explain people still load shedding january expect end infact should come apologize mwee akakena apusa bally,False,-0.4939,negative,-0.4939,0.042,0.818,0.139,negative,-0.4939,negative,False,0.0,,31,5,0.0,0.032258064516129,0.0,0.1290322580645161,0.064516129032258,0.032258064516129,0.032258064516129
887207466696116,agreement ati bwanji should buy relish,False,0.4939,positive,0.4939,0.39,0.61,0.0,positive,0.4939,positive,False,0.0,,6,1,0.0,0.0,0.0,0.1666666666666666,0.0,0.0,0.0
696804132160570,yes s loadshedding us re very fortunate power don t go even bit s previllage living village less populated areas re powered every time thank zesco,False,0.8122,positive,0.8122,0.296,0.704,0.0,positive,0.8122,positive,False,0.0,,26,3,0.0,0.0384615384615384,0.0,0.0384615384615384,0.0,0.0384615384615384,0.0
3768551740030995,miracle year zesco turned 8hours 12 hours,False,0.5859,positive,0.5859,0.388,0.612,0.0,positive,0.5859,positive,False,0.0,,7,1,0.0,0.1428571428571428,0.0,0.1428571428571428,0.0,0.1428571428571428,0.0
404972345757790,don t see reason importing power continue power three hours total madness didn t meant saying stable supply,False,-0.1779,negative,-0.1779,0.115,0.733,0.152,negative,-0.1779,negative,False,0.0,,18,6,0.0555555555555555,0.0555555555555555,0.0555555555555555,0.1666666666666666,0.0,0.0555555555555555,0.0277777777777777
332411952476019,us s 5 months now since paid stories stories,False,0.0,neutral,0.0,0.0,1.0,0.0,neutral,0.0,neutral,False,0.0,,9,0,0.0,0.0,0.0,0.0,0.0,0.0,0.0
1112572957094230,belinda thole imagine aii yet power only comes 01hrs,False,0.0,neutral,0.0,0.0,1.0,0.0,neutral,0.0,neutral,False,0.0,,9,0,0.0,0.0,0.0,0.0,0.0,0.0,0.0
779141997582861,please noti ifi give us schedule today 1st october,False,0.3182,positive,0.3182,0.223,0.777,0.0,positive,0.3182,positive,False,0.0,,9,0,0.0,0.0,0.0,0.0,0.0,0.0,0.0
932327372058526,net metering vaupuba just restore power atase,False,0.296,positive,0.296,0.268,0.732,0.0,positive,0.296,positive,False,0.0,,7,0,0.0,0.0,0.0,0.0,0.0,0.0,0.0
962024962124923,bright mpofu sinkozi imagine praying miracle water rains whilest water everywhere water underground water other rivers t think use,False,0.8481,positive,0.8481,0.38,0.62,0.0,positive,0.8481,positive,False,0.0,,19,1,0.0,0.0526315789473684,0.0,0.0526315789473684,0.0,0.0526315789473684,0.0
847279377585164,zambian stories kaili said own mouth,False,0.0,neutral,-0.2,0.0,1.0,0.0,negative,-0.2,negative,True,-0.2,kaili,6,1,0.0,0.0,0.0,0.0,0.0,0.0,0.0
3799239766956172,how expect us haven t power chalala group e,False,0.0,neutral,0.0,0.0,1.0,0.0,neutral,0.0,neutral,False,0.0,,9,2,0.0,0.1111111111111111,0.0,0.2222222222222222,0.0,0.1111111111111111,0.0
1077796063324363,marie michelle heviamoorima great observation most industries don t operate sundays load reduced already,False,0.6249,positive,0.6249,0.255,0.745,0.0,positive,0.6249,positive,False,0.0,,14,1,0.0,0.0,0.0,0.0714285714285714,0.0,0.0,0.0
894707085907298,moise sichilima just forget boi nimbushi last futi,False,-0.2263,negative,-0.2263,0.0,0.787,0.213,negative,-0.2263,negative,False,0.0,,8,1,0.0,0.0,0.0,0.0,0.0,0.0,0.0
409864024658433,load shedding problem decades shut let people resolve,False,-0.0258,neutral,-0.0258,0.23,0.531,0.239,neutral,-0.0258,neutral,False,0.0,,8,1,0.0,0.0,0.125,0.0,0.125,0.0,0.0625
461680426175485,givo mak tefintu alternative sources power needs explored kaili even next year same thing,False,0.0,neutral,-0.8999999999999999,0.0,1.0,0.0,negative,-0.8999999999999999,negative,True,-0.8999999999999999,"kaili,tefintu",14,0,0.0,0.0,0.0,0.0,0.0,0.0,0.0
2206170783118435,how check meter power,False,0.0,neutral,0.0,0.0,1.0,0.0,neutral,0.0,neutral,False,0.0,,4,0,0.0,0.0,0.0,0.0,0.0,0.0,0.0
1311207946549485,sure only targeted customers following facebook,False,0.3182,positive,0.3182,0.315,0.685,0.0,positive,0.3182,positive,False,0.0,,6,0,0.0,0.0,0.0,0.0,0.0,0.0,0.0
928131458810342,update ok motive behind us customers updating tell us rather than giving us scarey notice having electricity hence venture into solar energy period excessive loadshadding yet update needed motives telll us zesco company need rest case,False,0.4588,positive,0.4588,0.162,0.773,0.065,positive,0.4588,positive,False,0.0,,36,5,0.0,0.0,0.0277777777777777,0.0,0.0277777777777777,0.0,0.0138888888888888
1644602329812779,ba zesco namumpesha calling saturday last week date help get same explanations surely how long should take u rectify problem,False,0.4404,positive,0.4404,0.23,0.658,0.111,positive,0.4404,positive,False,0.0,,20,3,0.0,0.05,0.05,0.0,0.05,0.05,0.025
1587349058462447,s taken 3 years because being quite,False,0.0,neutral,0.0,0.0,1.0,0.0,neutral,0.0,neutral,False,0.0,,7,0,0.0,0.0,0.0,0.0,0.0,0.0,0.0
1322610832456208,mukuka lushomo m now wondering stability means company called zesco limited,False,-0.2263,negative,-0.2263,0.0,0.826,0.174,negative,-0.2263,negative,False,0.0,,11,1,0.0909090909090909,0.0,0.0,0.0,0.0909090909090909,0.0,0.0909090909090909
1014045236652457,doesn t make sense difference leave home without electricity knock find electricity,False,-0.0516,negative,-0.0516,0.0,0.893,0.107,negative,-0.0516,negative,False,0.0,,12,4,0.0,0.0,0.0,0.0,0.0833333333333333,0.0,0.0416666666666666
749034703219609,samathar j funilo need company beat services,False,0.0,neutral,0.0,0.0,1.0,0.0,neutral,0.0,neutral,False,0.0,,7,0,0.0,0.0,0.0,0.0,0.0,0.0,0.0
1142773309757283,truth company got capabilities enough electricity stop loadshedding s just something telling us,False,0.0258,neutral,0.0258,0.159,0.69,0.152,neutral,0.0258,neutral,False,0.0,,13,2,0.0,0.0,0.0,0.0769230769230769,0.0,0.0,0.0
3458034251121189,thanks much otherwise affected us conducts online discussions lectures nursing students across board,False,0.3182,positive,0.3182,0.187,0.71,0.103,positive,0.3182,positive,False,0.0,,13,1,0.0,0.0769230769230769,0.0,0.0,0.0,0.0769230769230769,0.0
652305977019970,timetable joke wake control room 14 hours power today because process automated,False,0.296,positive,0.296,0.167,0.833,0.0,positive,0.296,positive,False,0.0,,12,1,0.0,0.0,0.0,0.0,0.0,0.0,0.0
702753057925751,far ba 2 8m now 2 5m continue exporting power make us suffer ba kambwanga imwe,False,-0.5423,negative,-0.5423,0.0,0.788,0.212,negative,-0.5423,negative,False,0.0,,16,2,0.0,0.0625,0.0,0.0625,0.0,0.0625,0.0
774361318090707,waiting change minister said himself lelo nipa 1 october 2024,False,0.0,neutral,0.0,0.0,1.0,0.0,neutral,0.0,neutral,False,0.0,,10,1,0.0,0.0,0.1,0.0,0.0,0.0,0.0
1085032883086669,chomba lesa malembeka t even purchase units top,False,0.2023,positive,0.2023,0.231,0.769,0.0,positive,0.2023,positive,False,0.0,,8,1,0.0,0.125,0.0,0.125,0.0,0.125,0.0
414546447498017,right,False,0.0,neutral,0.0,0.0,1.0,0.0,neutral,0.0,neutral,False,0.0,,1,0,0.0,0.0,0.0,0.0,0.0,0.0,0.0
1681413012651571,dennis zulu see failing answer simple question yet commenting matter don t understand commenting based stories told heard hear young man drought issue first zambia even 2019 poor rainfall experienced kind nonsense load shedding,False,-0.6808,negative,-0.6808,0.108,0.673,0.219,negative,-0.6808,negative,False,0.0,,34,8,0.0294117647058823,0.0588235294117647,0.0294117647058823,0.088235294117647,0.0294117647058823,0.0588235294117647,0.0294117647058823
1261667831139909,only chinese company trade king run company tired guys since yesterday power vintu vika ola tizavi leta ku head office kwanu,False,-0.4404,negative,-0.4404,0.0,0.873,0.127,negative,-0.4404,negative,False,0.0,,21,3,0.0,0.0,0.0,0.0476190476190476,0.0,0.0,0.0
2469974976477174,paul lupupa s better kaili pa 18 00hrs yayenda 24 00hrs nishi tilimutulo yambwela 06 00 tikauka tipeza yayenda,True,0.4404,positive,0.2404,0.146,0.854,0.0,negative,0.2404,negative,True,-0.2,kaili,19,0,0.0,0.0,0.0,0.0,0.0,0.0,0.0
1222158615368774,imwe ba zesco ninshi ifyabupuba u saying ati 18hrs now power gone 16 50 ninshi ifyabupuba awe twapapata just give us accurate timetable,False,0.0,neutral,-1.0,0.0,1.0,0.0,negative,-1.0,negative,True,-1.0,"awe,ifyabupuba",23,1,0.0,0.0,0.0,0.0434782608695652,0.0,0.0,0.0
8966443923383710,zambia repost potential scammer,False,0.0,neutral,0.0,0.0,1.0,0.0,neutral,0.0,neutral,False,0.0,,4,0,0.0,0.0,0.0,0.0,0.0,0.0,0.0
25805848672339431,ku group e mwanama ba zesco malaiti ni 06 hrs mpaka 16 hrs,False,0.0,neutral,-0.2,0.0,1.0,0.0,negative,-0.2,negative,True,-0.2,malaiti,13,0,0.0,0.0,0.0,0.0,0.0,0.0,0.0
1082442872837798,jonas m chabu just 8hrs paper even lusaka 11 12 hrs,False,0.0,neutral,0.0,0.0,1.0,0.0,neutral,0.0,neutral,False,0.0,,11,0,0.0,0.0,0.0,0.0,0.0,0.0,0.0
492310796602094,christine joanna julio thoughts too,False,0.0,neutral,0.0,0.0,1.0,0.0,neutral,0.0,neutral,False,0.0,,5,0,0.0,0.0,0.0,0.0,0.0,0.0,0.0
1359240402134655,zesco limited kindly sharing day before planning purposes system helping either check using ussd response load shedding scheduled area,False,0.743,positive,0.743,0.327,0.598,0.076,positive,0.743,positive,False,0.0,,19,3,0.0526315789473684,0.0526315789473684,0.0,0.1052631578947368,0.0526315789473684,0.0526315789473684,0.0526315789473684
898460641614147,ni pa 1october lelo want see change ivo,False,0.0772,positive,0.0772,0.157,0.843,0.0,positive,0.0772,positive,False,0.0,,8,1,0.0,0.0,0.125,0.0,0.0,0.0,0.0
2576349285890892,teng ani xulu eehhh ndimwe okwiya,False,0.0,neutral,0.0,0.0,1.0,0.0,neutral,0.0,neutral,False,0.0,,6,0,0.0,0.0,0.0,0.0,0.0,0.0,0.0
425161906424474,caesar alibaba ali same difference,False,0.0,neutral,0.0,0.0,1.0,0.0,neutral,0.0,neutral,False,0.0,,5,0,0.0,0.0,0.0,0.0,0.0,0.0,0.0
970125784243676,zesco loadshedding confusing us toke power 9 till now don t power,False,-0.2263,negative,-0.2263,0.0,0.826,0.174,negative,-0.2263,negative,False,0.0,,12,1,0.0,0.0,0.0,0.0833333333333333,0.0,0.0,0.0
1840818453024242,hi janet massino mwanza regret inconvenience caused please note timetable rotational next week monday 06 14hrs regards cj,False,-0.4588,negative,-0.4588,0.102,0.664,0.235,negative,-0.4588,negative,False,0.0,,18,1,0.0,0.0,0.0,0.0,0.0555555555555555,0.0,0.0277777777777777
474638938079741,ba kateka applying bodmas 12 2 2 0 imoneke kwati nafiwama ifintu trying decorate actual sense s still 12 hours divided,False,0.0,neutral,0.0,0.0,1.0,0.0,neutral,0.0,neutral,False,0.0,,21,2,0.0,0.0,0.0,0.0,0.0,0.0,0.0
876960783573740,martin jnr friends enjoy life,False,0.743,positive,0.743,0.677,0.323,0.0,positive,0.743,positive,False,0.0,,5,1,0.0,0.2,0.0,0.2,0.0,0.2,0.0
230568016489685,alice lungu ok thanks,False,0.6249,positive,0.6249,0.718,0.282,0.0,positive,0.6249,positive,False,0.0,,4,0,0.0,0.0,0.0,0.0,0.0,0.0,0.0
1227401631787100,zesco limited starting today ka loadsheding should end,False,-0.2263,negative,-0.2263,0.0,0.787,0.213,negative,-0.2263,negative,False,0.0,,8,1,0.125,0.0,0.0,0.0,0.125,0.0,0.125
448299428257849,penelope kamungwa never trust guys,False,-0.4023,negative,-0.4023,0.0,0.597,0.403,negative,-0.4023,negative,False,0.0,,5,1,0.0,0.0,0.0,0.2,0.0,0.0,0.0
8713786182007378,musonda chipampata swear,False,-0.0516,negative,-0.0516,0.0,0.625,0.375,negative,-0.0516,negative,False,0.0,,3,1,0.0,0.0,0.0,0.3333333333333333,0.0,0.0,0.0
518066994189067,mu zo right think president failed s point giving power people sleeping group e most abused group meaning salons barbershops other small businesses fall group e doing business midnight kuti walila mwe,False,-0.6697,negative,-1.0,0.068,0.737,0.195,negative,-1.0,negative,True,-0.4,kuti walila,32,4,0.0,0.0,0.0,0.03125,0.03125,0.0,0.015625
710373020624161,better shortened staggered period than straight 12 hr outage way just phase too shall pass,False,0.5859,positive,0.5859,0.27,0.73,0.0,positive,0.5859,positive,False,0.0,,15,0,0.0,0.0,0.0,0.0,0.0,0.0,0.0
2688712201265424,levy musonda jr ala mwandi,False,0.0,neutral,0.0,0.0,1.0,0.0,neutral,0.0,neutral,False,0.0,,5,1,0.0,0.0,0.0,0.0,0.0,0.0,0.0
610802407817623,richard chilawo sikaleya numbers those,False,0.0,neutral,0.0,0.0,1.0,0.0,neutral,0.0,neutral,False,0.0,,5,1,0.0,0.0,0.0,0.0,0.0,0.0,0.0
1065511448911076,chanda phiri never happen zambia know politician assumes office president always sale power corrupt agendas means stealing forget load shedding end zambia,False,-0.6808,negative,-0.6808,0.0,0.781,0.219,negative,-0.6808,negative,False,0.0,,22,5,0.0,0.0454545454545454,0.0454545454545454,0.0454545454545454,0.0,0.0454545454545454,0.0
569865021722572,ipanga james hanga twayoya mwane,False,0.0,neutral,0.0,0.0,1.0,0.0,neutral,0.0,neutral,False,0.0,,5,0,0.0,0.0,0.0,0.0,0.0,0.0,0.0
5642840952511209,nkani yamu kachasu power restored 14 goes 16 idea restored ba call center nabo sibaziba timetable,False,0.5859,positive,0.5859,0.255,0.745,0.0,positive,0.5859,positive,False,0.0,,16,1,0.0,0.0,0.0,0.0625,0.0,0.0,0.0
391629953185764,power exports reduced announced minister loadshedding hours still same,False,0.0,neutral,0.0,0.0,1.0,0.0,neutral,0.0,neutral,False,0.0,,9,0,0.0,0.0,0.0,0.0,0.0,0.0,0.0
728866435418240,problem president doing everything alone visiting dam advised zesco,False,-0.5719,negative,-0.5719,0.0,0.598,0.402,negative,-0.5719,negative,False,0.0,,9,3,0.0,0.0,0.1111111111111111,0.2222222222222222,0.1111111111111111,0.0,0.0555555555555555
2182068691972856,m expert viewing analyzing post beginning end line line word word letter letter came conclusion say t say anything because said beginning m expert,False,0.0,neutral,0.0,0.0,1.0,0.0,neutral,0.0,neutral,False,0.0,,24,6,0.0,0.0833333333333333,0.0,0.1666666666666666,0.0,0.0833333333333333,0.0
862952321491126,awe don t even follow time table power goes time,False,0.0,neutral,-0.7,0.0,1.0,0.0,negative,-0.7,negative,True,-0.7,awe,10,3,0.0,0.2,0.0,0.1,0.0,0.2,0.0
1023901229028987,infact worse t solve simple faults every week contact deal same problems becoming useless day being monopoly problem need competition,False,-0.9118,negative,-0.9118,0.062,0.445,0.493,negative,-0.9118,negative,False,0.0,,20,6,0.0,0.1,0.1,0.05,0.1,0.1,0.05
1539253826550352,siwimoji siwi l remember re hot soup,False,0.0,neutral,0.0,0.0,1.0,0.0,neutral,0.0,neutral,False,0.0,,7,2,0.1428571428571428,0.0,0.0,0.0,0.0,0.0,0.0714285714285714
311057938684793,fridah chibesa thank,False,0.3612,positive,0.3612,0.556,0.444,0.0,positive,0.3612,positive,False,0.0,,3,0,0.0,0.0,0.0,0.0,0.0,0.0,0.0
1711668552902047,m sure now ve already drafted next excuse ll stable supply t trusted,False,0.7845,positive,0.7845,0.56,0.44,0.0,positive,0.7845,positive,False,0.0,,13,3,0.0,0.0,0.0,0.0769230769230769,0.0,0.0,0.0
1492129967976597,ohms law states difference same change,False,0.0,neutral,0.0,0.0,1.0,0.0,neutral,0.0,neutral,False,0.0,,6,2,0.0,0.0,0.1666666666666666,0.1666666666666666,0.0,0.0,0.0
1789346824805825,just give us money excess power supply akaso imwe sure,False,0.3182,positive,0.3182,0.204,0.796,0.0,positive,0.3182,positive,False,0.0,,10,3,0.1,0.1,0.0,0.1,0.0,0.1,0.05
879154983427096,felix kumwamwasa truth hurts repeat 2026 home ground know mount tears drop heard matter how louder cry ballot paper speak only language hear meanwell citizen beautiful mother zambia,False,-0.4404,negative,-0.4404,0.19,0.545,0.265,negative,-0.4404,negative,False,0.0,,28,7,0.0,0.0714285714285714,0.0,0.1428571428571428,0.0714285714285714,0.0714285714285714,0.0357142857142857
610802407817623,joseph zulu okay thank,False,0.5267,positive,0.5267,0.688,0.312,0.0,positive,0.5267,positive,False,0.0,,4,0,0.0,0.0,0.0,0.0,0.0,0.0,0.0
867405641174083,lily mununga ni same fye mwe kaili saw ma wow wow most pages nati maybe fyampita,False,0.8225,positive,0.6225,0.352,0.648,0.0,positive,0.6225,positive,True,-0.2,kaili,16,0,0.0,0.0,0.0,0.0,0.0,0.0,0.0
1118211136318311,hon evans kabwita imagine ai,False,0.0,neutral,0.0,0.0,1.0,0.0,neutral,0.0,neutral,False,0.0,,5,0,0.0,0.0,0.0,0.0,0.0,0.0,0.0
1731139997724597,sometimes people act like bunch primary children,False,0.3612,positive,0.3612,0.294,0.706,0.0,positive,0.3612,positive,False,0.0,,7,1,0.0,0.0,0.0,0.0,0.0,0.0,0.0
443843871493347,jabwe jacklyn siakalonga yes sis,False,0.4019,positive,0.4019,0.403,0.597,0.0,positive,0.4019,positive,False,0.0,,5,0,0.0,0.0,0.0,0.0,0.0,0.0,0.0
502478876083855,moses miracle snr,False,0.5859,positive,0.5859,0.655,0.345,0.0,positive,0.5859,positive,False,0.0,,3,1,0.0,0.3333333333333333,0.0,0.3333333333333333,0.0,0.3333333333333333,0.0
586949507054810,ba zesco limited iyo deadline without electricity how us going,False,-0.2263,negative,-0.2263,0.0,0.826,0.174,negative,-0.2263,negative,False,0.0,,10,2,0.1,0.0,0.0,0.0,0.1,0.0,0.1
1322434861928316,umungulufye first how suddenly start load shedding middle rain season tell people water october past ten years story same without solution,False,-0.2411,negative,-0.2411,0.0,0.911,0.089,negative,-0.2411,negative,False,0.0,,21,3,0.0,0.0476190476190476,0.0,0.0,0.0,0.0476190476190476,0.0
500869045466973,new schedule miss needs revised make rotational leave home 07hrs power come back home 18hrs still power power restored 24hrs cuts 06hrs relief,False,0.3612,positive,0.3612,0.193,0.632,0.175,positive,0.3612,positive,False,0.0,,23,2,0.0,0.0,0.0,0.0,0.0434782608695652,0.0,0.0217391304347826
962511389037694,serious outdated prepaids yours don t button,False,-0.0772,negative,-0.0772,0.0,0.794,0.206,negative,-0.0772,negative,False,0.0,,7,1,0.0,0.0,0.0,0.1428571428571428,0.0,0.0,0.0
739437660630695,like beyond 12 hours,False,0.3612,positive,0.3612,0.455,0.545,0.0,positive,0.3612,positive,False,0.0,,4,0,0.0,0.0,0.0,0.0,0.0,0.0,0.0
570498601194220,pamex siamaleke support u,False,0.4019,positive,0.4019,0.574,0.426,0.0,positive,0.4019,positive,False,0.0,,4,0,0.0,0.0,0.0,0.0,0.0,0.0,0.0
1865887573811568,dear customer transaction failed txn id mp230701 1008 n98812 receiver barred please try later thank,False,0.4767,positive,0.4767,0.341,0.507,0.152,positive,0.4767,positive,False,0.0,,15,4,0.0,0.0,0.0,0.0666666666666666,0.0,0.0,0.0
652731433469685,way how much connection fee urban area,False,0.0,neutral,0.0,0.0,1.0,0.0,neutral,0.0,neutral,False,0.0,,7,1,0.1428571428571428,0.0,0.0,0.0,0.0,0.0,0.0714285714285714
4020407858281027,maseka geofrey point mwandi useless leadership,False,-0.4215,negative,-0.4215,0.0,0.641,0.359,negative,-0.4215,negative,False,0.0,,6,1,0.0,0.0,0.0,0.0,0.0,0.0,0.0
1010964830031996,also same boots paid 6 weeks ago nothing today hurting neighbor whom paid same time connected 2 weeks ago,False,0.3089,positive,0.3089,0.124,0.876,0.0,positive,0.3089,positive,False,0.0,,19,3,0.0526315789473684,0.1052631578947368,0.0526315789473684,0.0526315789473684,0.0526315789473684,0.1052631578947368,0.0526315789473684
1091858975810538,carolyn bwalya boi serious,False,-0.0772,negative,-0.0772,0.0,0.698,0.302,negative,-0.0772,negative,False,0.0,,4,0,0.0,0.0,0.0,0.0,0.0,0.0,0.0
1134179511233052,hello nandu kalopa sincere apologies delayed restoration back supply fp,False,0.2023,positive,0.2023,0.214,0.635,0.151,positive,0.2023,positive,False,0.0,,10,3,0.0,0.0,0.0,0.1,0.0,0.0,0.0
700699698437908,fair manager tamulemona mukote,False,0.3182,positive,0.3182,0.434,0.566,0.0,positive,0.3182,positive,False,0.0,,4,1,0.0,0.0,0.0,0.0,0.0,0.0,0.0
883781467228647,well zesco limited care investing central update system restore power graveyard hours how expect clients update meters off,False,0.5267,positive,0.5267,0.305,0.528,0.167,positive,0.5267,positive,False,0.0,,18,3,0.0555555555555555,0.0555555555555555,0.0,0.1111111111111111,0.0555555555555555,0.0555555555555555,0.0555555555555555
1616817652057206,tj malambo system restored,False,0.34,positive,0.34,0.444,0.556,0.0,positive,0.34,positive,False,0.0,,4,1,0.0,0.0,0.0,0.25,0.0,0.0,0.0
285141100702509,eh people stressed work faster even know 1st people buy power,False,-0.34,negative,-0.34,0.0,0.806,0.194,negative,-0.34,negative,False,0.0,,11,0,0.0,0.0,0.0,0.0,0.0,0.0,0.0
522437007099349,electricity chelstone extension 3 days now yet people group receiving,False,0.0,neutral,0.0,0.0,1.0,0.0,neutral,0.0,neutral,False,0.0,,10,2,0.0,0.1,0.0,0.0,0.0,0.1,0.0
1239494149970811,ifwe power went yesterday kuma 08 came back kuma 17 just less hour came back kaya ini kuma 20 chakuti 05 morning power imwe sure how leave like sure,False,0.7096,positive,0.4096,0.213,0.751,0.036,positive,0.4096,positive,True,-0.3,kaya,29,1,0.0,0.0,0.0,0.0,0.0344827586206896,0.0,0.0172413793103448
147288791751887,guess s first time apply electricity connection otherwise 6 weeks nothing waiting wait than year start complaining,False,-0.2023,negative,-0.2023,0.0,0.886,0.114,negative,-0.2023,negative,False,0.0,,17,5,0.0,0.1764705882352941,0.0,0.0,0.0,0.1764705882352941,0.0
5126549930780929,6 miles electricity goes 05 comes back 12 14 electricity goes comes back 21 very reasons other party power lik enough,False,0.4522,positive,0.4522,0.135,0.865,0.0,positive,0.4522,positive,False,0.0,,21,2,0.0,0.0,0.0,0.0,0.0,0.0,0.0
1669206313485845,zesco limited least power should going morning night m buy electricity bulbs che,False,-0.2263,negative,-0.2263,0.0,0.853,0.147,negative,-0.2263,negative,False,0.0,,13,2,0.0769230769230769,0.0,0.0,0.0,0.0769230769230769,0.0,0.0769230769230769
466910658989722,manzi yamasila mu rain season chee fund lasting solution please,False,0.5574,positive,0.5574,0.365,0.635,0.0,positive,0.5574,positive,False,0.0,,10,1,0.0,0.0,0.0,0.0,0.0,0.0,0.0
2299770710224782,astron sibbuku chiyuni thy lieing,False,0.0,neutral,0.0,0.0,1.0,0.0,neutral,0.0,neutral,False,0.0,,5,0,0.0,0.0,0.0,0.0,0.0,0.0,0.0
1332848168092256,emy emelia ask mwandi,False,0.0,neutral,0.0,0.0,1.0,0.0,neutral,0.0,neutral,False,0.0,,4,0,0.0,0.0,0.0,0.0,0.0,0.0,0.0
442822361760933,ritah yess right behind,False,0.0,neutral,0.0,0.0,1.0,0.0,neutral,0.0,neutral,False,0.0,,4,0,0.0,0.0,0.0,0.0,0.0,0.0,0.0
813050617570452,congrat loadshedind completing finish yesterday afternoon even now still power children isreal could said god saved us,False,0.5994,positive,0.5994,0.246,0.754,0.0,positive,0.5994,positive,False,0.0,,17,2,0.0,0.1176470588235294,0.0588235294117647,0.0588235294117647,0.0,0.1176470588235294,0.0
1077796063324363,hi marie michelle heviamoorima regret inconvenience caused taken note suggestion however please follow schedule lusaka being implemented every monday 12 20 hrs c residential 14 22 hrs d residential 06 14 hrs e residential 10 18 hrs g level 1 clinics avondale 2 chelston lwsc chaz lines 16 24 hrs industrial 05 13 hrs b industrial regards cj,False,-0.4588,negative,-0.4588,0.041,0.863,0.095,negative,-0.4588,negative,False,0.0,,58,3,0.0,0.0,0.0172413793103448,0.0172413793103448,0.0172413793103448,0.0,0.0086206896551724
832105195751637,stability making noise really need therapy over ndafya tachiona mwandi dropping tears joy sight cold water drink uhmmm,False,0.4404,positive,-0.3596,0.175,0.737,0.088,negative,-0.3596,negative,True,-0.8,ndafya,18,3,0.0,0.0,0.0,0.0,0.0,0.0,0.0
754014609808724,diana kakula kauseni same m still trying mtn,False,0.0,neutral,0.0,0.0,1.0,0.0,neutral,0.0,neutral,False,0.0,,8,0,0.0,0.0,0.0,0.0,0.0,0.0,0.0
1681413012651571,dennis zulu stop smoking ll stop talking nonsense,False,-0.7269,negative,-0.7269,0.0,0.413,0.587,negative,-0.7269,negative,False,0.0,,8,1,0.0,0.0,0.0,0.0,0.0,0.0,0.0
957257449022006,please bring back 4 hour staggered pattern 8 hours thing unbearable y know how feels electricity people viewing comfortable 8 hours like honestly please comment 4 hour pattern perfect only down side inefficiency restoring zesco limited done,False,0.9468,positive,0.9468,0.427,0.531,0.042,positive,0.9468,positive,False,0.0,,37,6,0.027027027027027,0.027027027027027,0.0,0.027027027027027,0.081081081081081,0.027027027027027,0.054054054054054
8614055101985186,lelo ni pa 1st october ati didn t mention year 1st october know meant today work well dearest zesco,False,0.6908,positive,0.6908,0.263,0.737,0.0,positive,0.6908,positive,False,0.0,,19,0,0.0,0.0,0.0,0.0,0.0,0.0,0.0
1386596358812892,area only goes 2 hours,False,0.0,neutral,0.0,0.0,1.0,0.0,neutral,0.0,neutral,False,0.0,,5,0,0.0,0.0,0.0,0.0,0.0,0.0,0.0
610802407817623,evelyn kapanga same 3600 option report faults google ka number kaba zesco,False,-0.4215,negative,-0.4215,0.09,0.694,0.215,negative,-0.4215,negative,False,0.0,,12,1,0.0,0.0,0.0,0.0,0.0,0.0,0.0
2194417584274876,jock,False,0.0,neutral,0.0,0.0,1.0,0.0,neutral,0.0,neutral,False,0.0,,1,0,0.0,0.0,0.0,0.0,0.0,0.0,0.0
890179399251123,gabriel chishimba wafyalwa na gold spoon mouth u t understand pain people use put meal selling freezits barbing soloons nd welding,False,-0.5106,negative,-0.5106,0.0,0.845,0.155,negative,-0.5106,negative,False,0.0,,21,3,0.0,0.0,0.0476190476190476,0.0,0.0476190476190476,0.0,0.0238095238095238
351375454585445,hello grace franks kindly register complaint still off supply may due fault dialing 3600 follow prompts sincerely apologize inconvenience caused fp,False,0.4767,positive,0.4767,0.329,0.439,0.232,positive,0.4767,positive,False,0.0,,21,5,0.0476190476190476,0.0,0.0,0.0476190476190476,0.0952380952380952,0.0,0.0714285714285714
1989644291473922,people buying units close 5 months now missed monies just bought own units 31st july 2024 update still 86 units think reach march 2025 feel pity business money cophers,False,-0.7096,negative,-0.7096,0.034,0.748,0.218,negative,-0.7096,negative,False,0.0,,29,3,0.0344827586206896,0.0344827586206896,0.0,0.0344827586206896,0.0344827586206896,0.0344827586206896,0.0344827586206896
1287182618738988,9 22 still power went exactly 0 36,False,0.0,neutral,0.0,0.0,1.0,0.0,neutral,0.0,neutral,False,0.0,,8,0,0.0,0.0,0.0,0.0,0.0,0.0,0.0
847279377585164,gloriouse nuttip seems love sex,False,0.6369,positive,0.6369,0.512,0.488,0.0,positive,0.6369,positive,False,0.0,,5,2,0.0,0.2,0.0,0.2,0.0,0.2,0.0
958142769405125,trudy mwansa chisanga lol boss,False,0.4215,positive,0.4215,0.412,0.588,0.0,positive,0.4215,positive,False,0.0,,5,0,0.0,0.0,0.0,0.0,0.0,0.0,0.0
1149469195755648,reeves ray chibamba yes right called explained,False,0.4019,positive,0.4019,0.31,0.69,0.0,positive,0.4019,positive,False,0.0,,7,0,0.0,0.0,0.0,0.0,0.0,0.0,0.0
1148425092705733,mr kapata something new kasama power went yesterday sunday around 16hrs came back midnight went morning monday around 05 came 11 went 12 6hrs break talked morning,False,0.0,neutral,0.0,0.0,1.0,0.0,neutral,0.0,neutral,False,0.0,,27,1,0.0,0.0,0.0,0.0,0.0,0.0,0.0
690303226021072,sarjestion zesco conects kafuwe lake kariba other rivers,False,0.0,neutral,0.0,0.0,1.0,0.0,neutral,0.0,neutral,False,0.0,,8,0,0.0,0.0,0.0,0.0,0.0,0.0,0.0
841908887534142,re talking 6 weeks us taken over year even buying own transformer spending over k600 000 trust day power shall feel cost because spend fuel genset everyday gas every week keep hoping ll come s office haven t,False,0.7269,positive,0.7269,0.156,0.844,0.0,positive,0.7269,positive,False,0.0,,38,2,0.0,0.0,0.0,0.0526315789473684,0.0,0.0,0.0
1681413012651571,dennis zulu learn appreciate 3 hours power wow really dropped down standards,True,0.7579,positive,0.7579,0.419,0.581,0.0,negative,0.7579,negative,False,0.0,,12,1,0.0,0.0,0.0,0.0,0.0,0.0,0.0
704829604692684,think children let jst continue old schedule used reduced vaboza che,False,0.0,neutral,0.0,0.0,1.0,0.0,neutral,0.0,neutral,False,0.0,,11,1,0.0,0.0909090909090909,0.0,0.0909090909090909,0.0,0.0909090909090909,0.0
1184716522154006,gome s chulu 12 baby 11,False,0.0,neutral,0.0,0.0,1.0,0.0,neutral,0.0,neutral,False,0.0,,6,1,0.0,0.0,0.0,0.0,0.0,0.0,0.0
1103012624588457,now considering zesco part papa s zambia now end year papa lied say things better also zesco papa lied say pa 1 electricity stable,False,-0.0258,neutral,-0.0258,0.18,0.636,0.184,neutral,-0.0258,neutral,False,0.0,,24,2,0.0,0.0,0.0,0.0416666666666666,0.0,0.0,0.0
1152546408730967,having power outage twice day how frustrating,False,-0.4404,negative,-0.4404,0.0,0.674,0.326,negative,-0.4404,negative,False,0.0,,7,0,0.0,0.0,0.0,0.0,0.0,0.0,0.0
1176666836760199,ve become foolish extent failing fulfill promised us call 3hrs stable,False,0.296,positive,0.296,0.4,0.316,0.284,positive,0.296,positive,False,0.0,,11,4,0.0909090909090909,0.0909090909090909,0.0909090909090909,0.0909090909090909,0.0909090909090909,0.0909090909090909,0.0909090909090909
837954824387458,chichi babz chilala same,False,0.0,neutral,0.0,0.0,1.0,0.0,neutral,0.0,neutral,False,0.0,,4,0,0.0,0.0,0.0,0.0,0.0,0.0,0.0
1213069430480148,non those hours applicable area s sickening,False,-0.5267,negative,-0.5267,0.0,0.595,0.405,negative,-0.5267,negative,False,0.0,,7,1,0.1428571428571428,0.0,0.1428571428571428,0.0,0.1428571428571428,0.0,0.1428571428571428
732690135708333,schedule followed ndola northrise kansenshi loadshedding always 13 hours 21 hours past 21hrs everyday t reschedule also want time table 05 hrs 13hours please,False,0.3818,positive,0.3818,0.146,0.854,0.0,positive,0.3818,positive,False,0.0,,24,1,0.0,0.0416666666666666,0.0,0.0,0.0,0.0416666666666666,0.0
1483273142358575,thank update,False,0.3612,positive,0.3612,0.714,0.286,0.0,positive,0.3612,positive,False,0.0,,2,0,0.0,0.0,0.0,0.0,0.0,0.0,0.0
667471854997744,owen haafwa too much nichekeleko nichekeleko,False,0.0,neutral,0.0,0.0,1.0,0.0,neutral,0.0,neutral,False,0.0,,6,0,0.0,0.0,0.0,0.0,0.0,0.0,0.0
847777384145634,ck mable s power 48 hours now today 1 october,False,0.0,neutral,0.0,0.0,1.0,0.0,neutral,0.0,neutral,False,0.0,,10,0,0.0,0.0,0.0,0.0,0.0,0.0,0.0
967967008188073,zesco limited power gone 05 55 till now nothing s over 8 hours s going,False,-0.2263,negative,-0.2263,0.0,0.853,0.147,negative,-0.2263,negative,False,0.0,,15,1,0.0666666666666666,0.0,0.0,0.0,0.0666666666666666,0.0,0.0666666666666666
600557148585058,waiting units refund month 2 days now,False,0.0,neutral,0.0,0.0,1.0,0.0,neutral,0.0,neutral,False,0.0,,7,0,0.0,0.0,0.0,0.0,0.0,0.0,0.0
1178664122855506,fred simeja imagine company respect customers,False,0.4767,positive,0.4767,0.383,0.617,0.0,positive,0.4767,positive,False,0.0,,6,1,0.0,0.1666666666666666,0.0,0.1666666666666666,0.0,0.1666666666666666,0.0
945939189709485,best way help zesco improve services allowing competitor sure zesco won t same problem decades,False,0.9201,positive,0.9201,0.596,0.302,0.102,positive,0.9201,positive,False,0.0,,15,2,0.0,0.0666666666666666,0.0666666666666666,0.0666666666666666,0.0666666666666666,0.0666666666666666,0.0333333333333333
428268609869139,ba zesco asking power ku kamwala south drink cold water,False,0.0,neutral,0.0,0.0,1.0,0.0,neutral,0.0,neutral,False,0.0,,10,1,0.0,0.0,0.0,0.0,0.0,0.0,0.0
1657317551537951,nancy prisháàn s mum should advise how check absence power,False,0.0,neutral,0.0,0.0,1.0,0.0,neutral,0.0,neutral,False,0.0,,10,3,0.0,0.0,0.2,0.1,0.1,0.0,0.05
523683313778542,ba zesco limited lelo ni pa 1st october time expected stable power,False,0.0772,positive,0.0772,0.156,0.709,0.135,positive,0.0772,positive,False,0.0,,12,4,0.0833333333333333,0.1666666666666666,0.0,0.0833333333333333,0.0833333333333333,0.1666666666666666,0.0833333333333333
1099465205216878,good news waiting,False,0.4404,positive,0.4404,0.592,0.408,0.0,positive,0.4404,positive,False,0.0,,3,1,0.0,0.3333333333333333,0.0,0.3333333333333333,0.0,0.3333333333333333,0.0
1550477338905911,patricia kantumoya makukula too much,False,0.0,neutral,0.0,0.0,1.0,0.0,neutral,0.0,neutral,False,0.0,,5,0,0.0,0.0,0.0,0.0,0.0,0.0,0.0
2046338615703217,need serious disaster recovery audit,False,-0.6597,negative,-0.6597,0.0,0.357,0.643,negative,-0.6597,negative,False,0.0,,5,2,0.2,0.0,0.2,0.0,0.2,0.0,0.2
1912761259204872,give us update today its1st october ifyo,False,0.0,neutral,0.0,0.0,1.0,0.0,neutral,0.0,neutral,False,0.0,,7,0,0.0,0.0,0.0,0.0,0.0,0.0,0.0
1443124209655080,fails make sense meter number appears group e yet area group d explain disparity,False,-0.3612,negative,-0.3612,0.092,0.709,0.199,negative,-0.3612,negative,False,0.0,,14,3,0.0714285714285714,0.0,0.0,0.0714285714285714,0.0714285714285714,0.0,0.0714285714285714
1045021707103658,siven rowland bwembya s true,False,0.4215,positive,0.4215,0.483,0.517,0.0,positive,0.4215,positive,False,0.0,,5,1,0.0,0.0,0.0,0.2,0.0,0.0,0.0
1472368846776985,currently zesco thinking properly tell us how expect us update without power please,False,-0.2411,negative,-0.2411,0.0,0.859,0.141,negative,-0.2411,negative,False,0.0,,13,1,0.0,0.0769230769230769,0.0,0.0769230769230769,0.0,0.0769230769230769,0.0
8692384657478567,installed system would give excess power would even disconnect grid,False,0.0,neutral,0.0,0.0,1.0,0.0,neutral,0.0,neutral,False,0.0,,10,3,0.0,0.0,0.0,0.1,0.1,0.0,0.05
1794540987673306,re waiting official apology mtn now,False,0.0516,positive,0.0516,0.194,0.806,0.0,positive,0.0516,positive,False,0.0,,6,2,0.0,0.0,0.0,0.1666666666666666,0.0,0.0,0.0
1502869543919002,groups rotational,False,0.0,neutral,0.0,0.0,1.0,0.0,neutral,0.0,neutral,False,0.0,,2,0,0.0,0.0,0.0,0.0,0.0,0.0,0.0
518066994189067,government scam say 3 s 2 same same naba impiya sha balanda,False,-0.5719,negative,-0.5719,0.0,0.684,0.316,negative,-0.5719,negative,False,0.0,,12,1,0.0,0.0,0.0833333333333333,0.0,0.0,0.0,0.0
502478876083855,only power zambia power god other powers fake,False,-0.25,negative,-0.25,0.188,0.536,0.277,negative,-0.25,negative,False,0.0,,8,2,0.0,0.125,0.125,0.125,0.0,0.125,0.0
1212320566709406,waiting press briefing katwishi maybe ni update lelo niseputemba 1nu,False,0.0,neutral,0.0,0.0,1.0,0.0,neutral,0.0,neutral,False,0.0,,10,0,0.0,0.0,0.0,0.0,0.0,0.0,0.0
8338747846207300,hold lelo ni pa 1st s story pantu useless things re quick update us,False,-0.4215,negative,-0.4215,0.0,0.811,0.189,negative,-0.4215,negative,False,0.0,,14,1,0.0,0.0,0.0,0.0,0.0,0.0,0.0
489266630038074,ackim katebe s solution,False,0.3182,positive,0.3182,0.535,0.465,0.0,positive,0.3182,positive,False,0.0,,4,1,0.0,0.0,0.0,0.0,0.0,0.0,0.0
1716024345824604,forgotten 1st october power supply stability may walk talk please,False,0.1027,positive,0.1027,0.189,0.656,0.156,positive,0.1027,positive,False,0.0,,10,3,0.0,0.0,0.1,0.0,0.1,0.0,0.05
582250733742042,schedule effective today olo bwanji,False,0.4767,positive,0.4767,0.437,0.563,0.0,positive,0.4767,positive,False,0.0,,5,1,0.0,0.0,0.0,0.2,0.0,0.0,0.0
1085032883086669,levis b sinks thought exactly besides everyone facebook liked page bazesco limited,False,0.2263,positive,0.2263,0.204,0.657,0.139,positive,0.2263,positive,False,0.0,,12,2,0.0833333333333333,0.0833333333333333,0.0,0.0,0.0833333333333333,0.0833333333333333,0.0833333333333333
4846508602140505,people still complaining s easy talk criticize u aren t league put u president forever darkness,False,-0.3612,negative,-0.3612,0.168,0.462,0.37,negative,-0.3612,negative,False,0.0,,16,5,0.125,0.0,0.125,0.0625,0.125,0.0,0.125
1681413012651571,dennis zulu appreciate nonsense real things say mwe,True,0.0,neutral,0.0,0.237,0.526,0.237,negative,0.0,negative,False,0.0,,8,2,0.0,0.0,0.0,0.125,0.0,0.0,0.0
1011208566969150,ha ha ha 6 weeks ago,False,0.7351,positive,0.7351,0.783,0.217,0.0,positive,0.7351,positive,False,0.0,,6,0,0.0,0.0,0.0,0.0,0.0,0.0,0.0
558946559494916,ndeleki mugande u thought aware happening interms loadshedding loadsheded full knowledge,False,0.0,neutral,0.0,0.0,1.0,0.0,neutral,0.0,neutral,False,0.0,,11,3,0.0,0.0909090909090909,0.0,0.0,0.0,0.0909090909090909,0.0
546124994932032,manje ba zesco limited ninshi prepaid meters started working s power how upgrade haven t given us power two days now smh,False,-0.4939,negative,-0.7939,0.0,0.811,0.189,negative,-0.7939,negative,True,-0.3,manje,22,3,0.0454545454545454,0.0,0.0,0.0454545454545454,0.0454545454545454,0.0,0.0454545454545454
690068096131577,chuma favor chilekwa better than 12hrs straight load shedding,False,0.7579,positive,0.7579,0.556,0.444,0.0,positive,0.7579,positive,False,0.0,,9,0,0.0,0.0,0.0,0.0,0.0,0.0,0.0
489662936581792,zambia circus show,False,0.0,neutral,0.0,0.0,1.0,0.0,neutral,0.0,neutral,False,0.0,,3,1,0.0,0.0,0.0,0.3333333333333333,0.0,0.0,0.0
1519424676126182,neighborhood power come around 01hours hoping bit stability now like promised shockingly 02 30hours ya pwimo,False,0.7269,positive,0.7269,0.363,0.558,0.079,positive,0.7269,positive,False,0.0,,16,2,0.0,0.0625,0.0,0.0,0.0,0.0625,0.0
140270599079498,frackson kasuko well placed understand coming side plate u shared those ideas bandwagon jump jump into better criticism anymore,False,0.5423,positive,0.5423,0.305,0.576,0.119,positive,0.5423,positive,False,0.0,,19,4,0.0526315789473684,0.0526315789473684,0.0,0.0,0.0526315789473684,0.0526315789473684,0.0526315789473684
1104749081073997,manje 24 03 niyachani better keep,False,0.4404,positive,0.1404,0.367,0.633,0.0,positive,0.1404,positive,True,-0.3,manje,6,0,0.0,0.0,0.0,0.0,0.0,0.0,0.0
1056556399810818,zesco limited also re share schedule shows area group honestly don t expect us memorize something didn t work maamba collieries back grid power imports being made would made sense least upto 6 hours power per day even 6 hours rationed 2 x 3 hours per day,False,0.5106,positive,0.5106,0.118,0.839,0.043,positive,0.5106,positive,False,0.0,,47,5,0.0212765957446808,0.0425531914893617,0.0,0.0638297872340425,0.0212765957446808,0.0425531914893617,0.0212765957446808
1077101027019576,michy susan musenge lol epomwaba sister,False,0.4215,positive,0.4215,0.359,0.641,0.0,positive,0.4215,positive,False,0.0,,6,0,0.0,0.0,0.0,0.0,0.0,0.0,0.0
282495681581362,tapali nefyo chililabombwe power cut even 8 hours experiencing 10 12 hours loadshedding how expect people work aini imwe,False,-0.2732,negative,-0.7732,0.0,0.89,0.11,negative,-0.7732,negative,True,-0.5,tapali,19,1,0.0,0.0526315789473684,0.0,0.0526315789473684,0.0,0.0526315789473684,0.0
2447755438739129,ok year u bloody murdered us honestly texting hour s ain t even followed truthfully just hope new dawn civil servants helps avoid inconveniences power very important effective us,False,0.8211,positive,0.8211,0.428,0.359,0.213,positive,0.8211,positive,False,0.0,,29,7,0.0344827586206896,0.0689655172413793,0.0689655172413793,0.1379310344827586,0.0344827586206896,0.0689655172413793,0.0344827586206896
285285353906261,just deliberate move choose technical difficulties first day month,False,-0.296,negative,-0.296,0.0,0.784,0.216,negative,-0.296,negative,False,0.0,,9,2,0.0,0.0,0.0,0.0,0.1111111111111111,0.0,0.0555555555555555
6164825023528034,before sleep ba praise remember zambia having load shedding during rain season ask yourselves happen between april october way excuses banene comes unacceptable,False,0.1531,positive,0.1531,0.13,0.761,0.109,positive,0.1531,positive,False,0.0,,23,3,0.0,0.0434782608695652,0.0,0.0434782608695652,0.0434782608695652,0.0434782608695652,0.0217391304347826
199961242674660,bought power received token units took money please pay back,False,0.2263,positive,0.2263,0.197,0.684,0.12,positive,0.2263,positive,False,0.0,,10,3,0.1,0.2,0.0,0.2,0.0,0.2,0.05
1329032821280592,stella nyirenda too much balemona kwati naba chenjela,False,0.0,neutral,0.0,0.0,1.0,0.0,neutral,0.0,neutral,False,0.0,,8,0,0.0,0.0,0.0,0.0,0.0,0.0,0.0
1929059257593982,tulelola update nipa 1 october lelo,False,0.0,neutral,0.0,0.0,1.0,0.0,neutral,0.0,neutral,False,0.0,,6,0,0.0,0.0,0.0,0.0,0.0,0.0,0.0
1251971946038674,ba zesco limited nabaja bane tumeni ama nrc number impiya shabalanda nashifuma ni same same bones ndimwe ma scammer,False,-0.1531,negative,-0.1531,0.064,0.842,0.094,negative,-0.1531,negative,False,0.0,,19,2,0.1052631578947368,0.0,0.0526315789473684,0.0,0.0526315789473684,0.0,0.0789473684210526
2955989011226579,s 1st october yaliko malaiti kwanu guys,False,0.0,neutral,-0.2,0.0,1.0,0.0,negative,-0.2,negative,True,-0.2,malaiti,7,0,0.0,0.0,0.0,0.0,0.0,0.0,0.0
703402968046208,think let s go ku zesco everyone beat lying us kumenya including manager,False,-0.5267,negative,-0.5267,0.0,0.764,0.236,negative,-0.5267,negative,False,0.0,,13,2,0.0769230769230769,0.0,0.0,0.0,0.0,0.0,0.0384615384615384
879154983427096,frank banda imwe first time load shedded country remember load shedded under pf than six months load shedding less than week complaining already buy solar genset stop complaining,False,-0.5061,negative,-0.5061,0.0,0.826,0.174,negative,-0.5061,negative,False,0.0,,28,2,0.0,0.0357142857142857,0.0,0.0357142857142857,0.0,0.0357142857142857,0.0
1244610026216795,technicians failed,False,-0.5106,negative,-0.5106,0.0,0.233,0.767,negative,-0.5106,negative,False,0.0,,2,0,0.0,0.0,0.0,0.0,0.0,0.0,0.0
1595205558092251,zesco limited chipata overspil along chipata road lines separated those national housing side us left other side power doesn t come only see power other side us nothing,False,-0.2263,negative,-0.2263,0.0,0.932,0.068,negative,-0.2263,negative,False,0.0,,28,2,0.0357142857142857,0.0,0.0357142857142857,0.0,0.0357142857142857,0.0,0.0357142857142857
308336305627892,s power last week going 12 20 week 14 22 s time people most business schedule cut 4 12,False,-0.3321,negative,-0.3321,0.0,0.864,0.136,negative,-0.3321,negative,False,0.0,,19,1,0.0,0.0526315789473684,0.0,0.0,0.0,0.0526315789473684,0.0
1879945789176597,ťĥë ĝřeàţ mŵå pė stress absolutely nothing understand even wrote post understand,False,-0.4215,negative,-0.4215,0.0,0.797,0.203,negative,-0.4215,negative,False,0.0,,12,1,0.0,0.0,0.0,0.0,0.0,0.0,0.0
311057938684793,mirriam chilwashi opposition used experience loadsheding now president always power residence 24 7,False,0.0,neutral,0.0,0.0,1.0,0.0,neutral,0.0,neutral,False,0.0,,13,2,0.0769230769230769,0.0,0.0,0.0769230769230769,0.0,0.0,0.0384615384615384
739499391127080,water worsted victoria falls thought bally hero superman matter confidence speaking made adade look idiotic government workers safe side naka salary increment prevent sectors production affected due loadshading self employed won t coin end day yet government workers theirs fully good eyes seeing people don t forget ka,False,0.8955,positive,0.8955,0.305,0.581,0.115,positive,0.8955,positive,False,0.0,,48,15,0.0208333333333333,0.1041666666666666,0.0833333333333333,0.1666666666666666,0.0,0.1041666666666666,0.0104166666666666
519800004002125,need update calender today 1st october,False,0.0,neutral,0.0,0.0,1.0,0.0,neutral,0.0,neutral,False,0.0,,6,0,0.0,0.0,0.0,0.0,0.0,0.0,0.0
1354102469308281,prester nkonde question well time only switch geyser,False,0.2732,positive,0.2732,0.231,0.769,0.0,positive,0.2732,positive,False,0.0,,8,2,0.0,0.125,0.0,0.0,0.0,0.125,0.0
1616817652057206,enock silungwe thanks bro,False,0.4404,positive,0.4404,0.492,0.508,0.0,positive,0.4404,positive,False,0.0,,4,0,0.0,0.0,0.0,0.0,0.0,0.0,0.0
724725065639374,shy gibbs international graphics think s funny,False,0.2263,positive,0.2263,0.326,0.449,0.225,positive,0.2263,positive,False,0.0,,7,0,0.0,0.0,0.0,0.0,0.0,0.0,0.0
311057938684793,mirriam chilwashi question too,False,0.0,neutral,0.0,0.0,1.0,0.0,neutral,0.0,neutral,False,0.0,,4,1,0.0,0.0,0.0,0.0,0.0,0.0,0.0
1066248175115849,believed lies power coming 1st october zesco politicians both lying continued lying just avoid buying first month units see,False,-0.8957,negative,-0.8957,0.0,0.56,0.44,negative,-0.8957,negative,False,0.0,,19,5,0.1052631578947368,0.0526315789473684,0.0526315789473684,0.0526315789473684,0.0,0.0526315789473684,0.0526315789473684
885707319525548,johnson njobvu s re njobvu elephant,False,0.0,neutral,0.0,0.0,1.0,0.0,neutral,0.0,neutral,False,0.0,,6,0,0.0,0.0,0.0,0.0,0.0,0.0,0.0
1085032883086669,chomba lesa malembeka please share cpc contacts power week now despite reporting zesco,False,0.5423,positive,0.5423,0.29,0.71,0.0,positive,0.5423,positive,False,0.0,,13,1,0.0,0.0769230769230769,0.0,0.0769230769230769,0.0,0.0769230769230769,0.0
644107217775772,nangwabale l nalishiwa even buy next s first payment right,False,0.0,neutral,0.0,0.0,1.0,0.0,neutral,0.0,neutral,False,0.0,,10,1,0.0,0.0,0.0,0.0,0.0,0.0,0.0
1197230877868149,well done indeed capable hands thanks mr president visit maamba sisvonga meaningful,False,0.836,positive,0.836,0.553,0.447,0.0,positive,0.836,positive,False,0.0,,12,2,0.0,0.0,0.0,0.0833333333333333,0.0,0.0,0.0
753921863538850,makes sense under circumstance,False,0.0,neutral,0.0,0.0,1.0,0.0,neutral,0.0,neutral,False,0.0,,4,1,0.0,0.0,0.0,0.0,0.0,0.0,0.0
807091348033010,susan j stephens,False,0.0,neutral,0.0,0.0,1.0,0.0,neutral,0.0,neutral,False,0.0,,3,0,0.0,0.0,0.0,0.0,0.0,0.0,0.0
774328217816405,sibeso mukelabai masiye similar thing happened,False,0.0,neutral,0.0,0.0,1.0,0.0,neutral,0.0,neutral,False,0.0,,6,0,0.0,0.0,0.0,0.0,0.0,0.0,0.0
1567925287179979,rubbish telling writing even zambian citizen get paid better keep guys brought harm country than good,False,0.3182,positive,0.3182,0.26,0.583,0.157,positive,0.3182,positive,False,0.0,,16,4,0.0,0.0625,0.0625,0.0625,0.0,0.0625,0.0
3677915165765533,network back thank,False,0.3612,positive,0.3612,0.556,0.444,0.0,positive,0.3612,positive,False,0.0,,3,1,0.0,0.3333333333333333,0.0,0.0,0.0,0.3333333333333333,0.0
1594589981168933,now how going check without power show us another way,False,0.0,neutral,0.0,0.0,1.0,0.0,neutral,0.0,neutral,False,0.0,,10,1,0.0,0.0,0.0,0.1,0.0,0.0,0.0
516120604508207,doesn t energy bills,False,0.2732,positive,0.2732,0.512,0.488,0.0,positive,0.2732,positive,False,0.0,,4,0,0.0,0.0,0.0,0.0,0.0,0.0,0.0
459654403759915,lelo nipa 1st october just remind,False,0.0,neutral,0.0,0.0,1.0,0.0,neutral,0.0,neutral,False,0.0,,6,0,0.0,0.0,0.0,0.0,0.0,0.0,0.0
1539253826550352,moses chewe kwateni order nesukulu tata s hh faults experiencing loadshedding believe people want tarnish name president how come just president visited kariba dam everything changes imwee lekeni umuntu abombe,False,-0.4215,negative,-1.0,0.041,0.86,0.099,negative,-1.0,negative,True,-0.6000000000000001,"lekeni,tata",30,3,0.0,0.0,0.0,0.0666666666666666,0.0333333333333333,0.0,0.0166666666666666
565876345064568,good solution find better solution help everyone benefit,False,0.9337,positive,0.9337,0.89,0.11,0.0,positive,0.9337,positive,False,0.0,,8,4,0.0,0.125,0.0,0.125,0.0,0.125,0.0
962024962124923,allow cec take over failed us businesses going down slowly,False,-0.34,negative,-0.34,0.144,0.606,0.25,negative,-0.34,negative,False,0.0,,10,0,0.0,0.0,0.0,0.0,0.0,0.0,0.0
991351619361086,kunda changwe mahata image 05 making sense,False,0.0,neutral,0.0,0.0,1.0,0.0,neutral,0.0,neutral,False,0.0,,7,1,0.0,0.0,0.0,0.0,0.0,0.0,0.0
937514670872468,reagan mufuzi problem too,False,-0.4019,negative,-0.4019,0.0,0.526,0.474,negative,-0.4019,negative,False,0.0,,4,1,0.0,0.0,0.25,0.0,0.25,0.0,0.125
949282917177253,gift christopher mwale notice 2023 check date,False,0.4404,positive,0.4404,0.326,0.674,0.0,positive,0.4404,positive,False,0.0,,7,1,0.0,0.1428571428571428,0.0,0.0,0.0,0.1428571428571428,0.0
1539253826550352,isaac zulu also remember prophecy,False,0.0,neutral,0.0,0.0,1.0,0.0,neutral,0.0,neutral,False,0.0,,5,1,0.0,0.2,0.0,0.0,0.0,0.2,0.0
1947229325798355,m sure whether laugh cry kind irresponsibility zesco surely failed project customer service team highly irrelevant,False,0.7003,positive,0.7003,0.442,0.326,0.232,positive,0.7003,positive,False,0.0,,16,6,0.0,0.0,0.0,0.125,0.0625,0.0,0.03125
1412640559380275,hello louise naudé thank reaching zesco kindly note power goes outside loadshedding hours could experiencing fault report dialing 3600 following prompts complaint registration assisted bz,False,0.4588,positive,0.4588,0.271,0.579,0.149,positive,0.4588,positive,False,0.0,,25,2,0.04,0.0,0.0,0.0,0.04,0.0,0.04
472159101770561,mwebantu better than 12hrs continuously,False,0.4404,positive,0.4404,0.42,0.58,0.0,positive,0.4404,positive,False,0.0,,5,0,0.0,0.0,0.0,0.0,0.0,0.0,0.0
517019694618676,s 1 october loadshedding worse,False,-0.4767,negative,-0.4767,0.0,0.392,0.608,negative,-0.4767,negative,False,0.0,,5,1,0.0,0.0,0.2,0.0,0.2,0.0,0.1
1366583860557111,elo really inconvenienced us,False,0.0,neutral,0.0,0.0,1.0,0.0,neutral,0.0,neutral,False,0.0,,4,0,0.0,0.0,0.0,0.0,0.0,0.0,0.0
897215618497398,group e time sleeping still wakeup dark chalo ichi,False,0.0,neutral,0.0,0.0,1.0,0.0,neutral,0.0,neutral,False,0.0,,9,2,0.0,0.1111111111111111,0.0,0.0,0.1111111111111111,0.1111111111111111,0.0555555555555555
1259562757957102,bafakako half time manje monga bola,False,0.0,neutral,-0.3,0.0,1.0,0.0,negative,-0.3,negative,True,-0.3,manje,6,1,0.0,0.1666666666666666,0.0,0.0,0.0,0.1666666666666666,0.0
479734924316779,yesterday power went 12 00 came back 18 00 went 24 00 came 06 00 katwishi tulelola,False,0.0,neutral,0.0,0.0,1.0,0.0,neutral,0.0,neutral,False,0.0,,17,0,0.0,0.0,0.0,0.0,0.0,0.0,0.0
1372754633458866,fridge got damaged because loadshedding issue,False,-0.4404,negative,-0.4404,0.0,0.633,0.367,negative,-0.4404,negative,False,0.0,,6,0,0.0,0.0,0.0,0.0,0.0,0.0,0.0
501129308798021,kumba kuku diallo ok boo,False,0.296,positive,0.296,0.355,0.645,0.0,positive,0.296,positive,False,0.0,,5,1,0.0,0.0,0.0,0.0,0.0,0.0,0.0
492310796602094,christine joanna julio thank asking question,False,0.3612,positive,0.3612,0.333,0.667,0.0,positive,0.3612,positive,False,0.0,,6,1,0.0,0.0,0.0,0.0,0.0,0.0,0.0
534155958660120,even option just please re s driving us,False,0.3182,positive,0.3182,0.277,0.723,0.0,positive,0.3182,positive,False,0.0,,8,1,0.0,0.0,0.0,0.0,0.0,0.0,0.0
489266630038074,ackim katebe agree serious problem kariba dam insinuating just being failed move bally mwasumina sir te,False,-0.5859,negative,-0.5859,0.115,0.55,0.335,negative,-0.5859,negative,False,0.0,,16,3,0.0,0.0,0.0625,0.0625,0.0625,0.0,0.03125
441831339024765,point should updated load shedding 24hrs everyday mulabuta imwe aii,False,0.0,neutral,-0.6,0.0,1.0,0.0,negative,-0.6,negative,True,-0.6,mulabuta,10,0,0.0,0.0,0.0,0.0,0.0,0.0,0.0
1357331375102374,lynda simbula work near area power restored 14hrs kaya kapena nizingati hours,False,0.34,positive,0.04,0.179,0.821,0.0,neutral,0.04,neutral,True,-0.3,kaya,12,0,0.0,0.0,0.0,0.0,0.0,0.0,0.0
496921279841379,even energy type schedule ya 3 hours kwena joke ati went work made schedule ya 3 hrs power rationing,False,0.5106,positive,0.5106,0.223,0.777,0.0,positive,0.5106,positive,False,0.0,,19,1,0.0,0.0,0.0,0.0,0.0,0.0,0.0
541049748464792,promised us starting 1st october power stabilize meant coz honestly things gotten worse now plz stop promising people things cannot manage don t need false promises,True,0.7003,positive,0.7003,0.342,0.508,0.15,negative,0.7003,negative,False,0.0,,26,4,0.0,0.0,0.0384615384615384,0.0769230769230769,0.0384615384615384,0.0,0.0192307692307692
931374732181605,nansi miti awe sure,False,0.3182,positive,-0.3818,0.434,0.566,0.0,negative,-0.3818,negative,True,-0.7,awe,4,0,0.0,0.0,0.0,0.0,0.0,0.0,0.0
1171984817015612,jacqueline favour mulenga atleast 6hours x2 manje ise 17hours daily without power honestly,False,0.1078,positive,-0.1921999999999999,0.177,0.672,0.151,negative,-0.1921999999999999,negative,True,-0.3,manje,13,1,0.0,0.0769230769230769,0.0,0.0,0.0,0.0769230769230769,0.0
1479913309593876,hi enock mangowa good morning cases may installations feeders switched off early delayed restoration may arise given time however mean schedule changed only due system constraints published schedules remain same network may constrained times making impossible us stick times schedule regards cj,False,0.1531,positive,0.1531,0.064,0.863,0.073,positive,0.1531,positive,False,0.0,,42,7,0.0,0.0714285714285714,0.0,0.0476190476190476,0.0238095238095238,0.0714285714285714,0.0119047619047619
1069042698046603,feedback pls how many hours having power starting today,False,0.0772,positive,0.0772,0.14,0.86,0.0,positive,0.0772,positive,False,0.0,,9,0,0.0,0.0,0.0,0.0,0.0,0.0,0.0
962024962124923,bright mpofu sinkozi brilliant response,False,0.7717,positive,0.7717,0.691,0.309,0.0,positive,0.7717,positive,False,0.0,,5,1,0.0,0.2,0.0,0.2,0.0,0.2,0.0
956052558995726,units deplete don t cut power,False,-0.2732,negative,-0.2732,0.0,0.656,0.344,negative,-0.2732,negative,False,0.0,,6,1,0.0,0.0,0.0,0.1666666666666666,0.0,0.0,0.0
2394502344055380,finally ve managed via mtn,False,0.0,neutral,0.0,0.0,1.0,0.0,neutral,0.0,neutral,False,0.0,,5,1,0.0,0.2,0.0,0.2,0.0,0.2,0.0
1978437159337183,solochi levison house,False,0.0,neutral,0.0,0.0,1.0,0.0,neutral,0.0,neutral,False,0.0,,3,0,0.0,0.0,0.0,0.0,0.0,0.0,0.0
1353704408648041,happy new week zesco limited only electricity company went private school,False,0.4215,positive,0.4215,0.253,0.616,0.13,positive,0.4215,positive,False,0.0,,11,4,0.0909090909090909,0.0909090909090909,0.0,0.1818181818181818,0.0909090909090909,0.0909090909090909,0.0909090909090909
633645125228896,cristinah lay s things,False,0.0,neutral,0.0,0.0,1.0,0.0,neutral,0.0,neutral,False,0.0,,4,0,0.0,0.0,0.0,0.0,0.0,0.0,0.0
1044035077453110,tired stories irritate us kind post thought today s 1st october,False,-0.3182,negative,-0.3182,0.211,0.435,0.354,negative,-0.3182,negative,False,0.0,,11,3,0.0,0.0909090909090909,0.0,0.0909090909090909,0.0,0.0909090909090909,0.0
1185260018763736,zesco limited problem even schedule comes stuffs bavichitilamo switch off anyhow working against new dawn government,False,-0.5574,negative,-0.5574,0.0,0.753,0.247,negative,-0.5574,negative,False,0.0,,16,5,0.0625,0.0625,0.125,0.0625,0.125,0.0625,0.09375
656890259509193,credo musialike u lucky boi send phone pa bus boi kikikiki,False,0.4215,positive,0.4215,0.237,0.763,0.0,positive,0.4215,positive,False,0.0,,11,1,0.0,0.0,0.0,0.0,0.0,0.0,0.0
1289225959190705,phany stephens mba gander,False,0.0,neutral,0.0,0.0,1.0,0.0,neutral,0.0,neutral,False,0.0,,4,0,0.0,0.0,0.0,0.0,0.0,0.0,0.0
1776648382722259,m loadsheded yet fridge tv house electricity definitely m using touch finger batteries loadsheding probably equalizing neighbors electricity tulibamo bene apa,False,0.4019,positive,0.4019,0.13,0.87,0.0,positive,0.4019,positive,False,0.0,,21,2,0.0,0.0,0.0,0.0,0.0,0.0,0.0
890179399251123,kudos zesco re doing well s just us people don t understand efforts re putting address disastrous power crisis please possible give us power just 1hr 24hrs ll see how best work those don t want well explore other power sources corresponding financial muscle vizimyeeeeeeee iweeee,False,0.6486,positive,0.6486,0.262,0.6,0.137,positive,0.6486,positive,False,0.0,,46,6,0.0217391304347826,0.0217391304347826,0.0217391304347826,0.0434782608695652,0.0217391304347826,0.0217391304347826,0.0217391304347826
1220521216023322,hi kalwila nyambing ching embuwe regret inconvenience please register complaint outage beyond load shedding schedule especially still off supply dialing 3600 call 322 speak agent use whatsapp number 260762626977 following prompts register fault follow ups cj,False,-0.765,negative,-0.765,0.082,0.685,0.233,negative,-0.765,negative,False,0.0,,36,4,0.0277777777777777,0.0,0.0,0.0,0.0555555555555555,0.0,0.0416666666666666
1794074577659321,how possible coh mtutendere b power came around 18 hrs 23 went until now meaning meaning only seeing power 3 s gone re structure time table well eeh,False,0.2732,positive,0.2732,0.08,0.92,0.0,positive,0.2732,positive,False,0.0,,28,2,0.0,0.0357142857142857,0.0,0.0357142857142857,0.0,0.0357142857142857,0.0
1674271583028487,time table mwe bantu even school s call duty roster time table very important,False,0.2716,positive,0.2716,0.149,0.851,0.0,positive,0.2716,positive,False,0.0,,14,4,0.0,0.1428571428571428,0.0,0.1428571428571428,0.0,0.1428571428571428,0.0
1681413012651571,dennis zulu told because rains having 3hrs power,False,0.0,neutral,0.0,0.0,1.0,0.0,neutral,0.0,neutral,False,0.0,,8,0,0.0,0.0,0.0,0.0,0.0,0.0,0.0
914665813794231,government school used pass number last 70 father too angry until changed private school passed number 9 father very happy even bought chicken didn t know 9 class follow page,False,0.3167,positive,0.3167,0.2,0.699,0.1,positive,0.3167,positive,False,0.0,,30,8,0.0333333333333333,0.0333333333333333,0.0666666666666666,0.1666666666666666,0.0,0.0333333333333333,0.0166666666666666
543396097838713,chomi white forming boi,False,0.0,neutral,0.0,0.0,1.0,0.0,neutral,0.0,neutral,False,0.0,,4,2,0.0,0.5,0.0,0.25,0.0,0.5,0.0
7721292354568793,zesco limited hours accurate power goes 10hrs 20hrs instead 12hrs 20hrs,False,-0.2263,negative,-0.2263,0.0,0.84,0.16,negative,-0.2263,negative,False,0.0,,11,2,0.0909090909090909,0.0,0.0,0.0909090909090909,0.0909090909090909,0.0,0.0909090909090909
851116133455292,estella chetulo imagine every time group e ni night shift,False,0.0,neutral,0.0,0.0,1.0,0.0,neutral,0.0,neutral,False,0.0,,10,1,0.0,0.1,0.0,0.0,0.0,0.1,0.0
561908562619454,calculations loadshedding hours increased promax way kaili good terms math teacher used very calculative method only literate understand good morning,True,0.7845,positive,0.5845,0.317,0.683,0.0,negative,0.5845,negative,True,-0.2,kaili,20,3,0.0,0.1,0.0,0.15,0.0,0.1,0.0
233194139652219,malita chola mutanya money bounce back like 5 times,False,0.3612,positive,0.3612,0.263,0.737,0.0,positive,0.3612,positive,False,0.0,,9,1,0.1111111111111111,0.1111111111111111,0.0,0.1111111111111111,0.0,0.1111111111111111,0.0555555555555555
544512224276231,ameno yapela staggering won t help,False,0.7506,positive,0.7506,0.681,0.319,0.0,positive,0.7506,positive,False,0.0,,6,1,0.0,0.0,0.0,0.0,0.0,0.0,0.0
489266630038074,ackim katebe note group ds pupils ones end businesses employee ba group lol,False,0.4215,positive,0.4215,0.189,0.811,0.0,positive,0.4215,positive,False,0.0,,13,0,0.0,0.0,0.0,0.0,0.0,0.0,0.0
521765260803010,give us money cash units,False,0.0,neutral,0.0,0.0,1.0,0.0,neutral,0.0,neutral,False,0.0,,5,2,0.4,0.4,0.2,0.4,0.0,0.4,0.2
1244984169485590,sön îlé kupusa ba zesco,False,0.0,neutral,0.0,0.0,1.0,0.0,neutral,0.0,neutral,False,0.0,,5,0,0.0,0.0,0.0,0.0,0.0,0.0,0.0
903706750632464,don t understand schedule according s time loadshedding thing promise should anything get damaged switching off time supposed take each other far way said 6 hour particular time yet power only blinks goes comes back next 6 hours kind schedule,True,0.4215,positive,0.4215,0.137,0.793,0.07,negative,0.4215,negative,False,0.0,,40,6,0.0,0.075,0.0,0.075,0.0,0.075,0.0
688737036293807,good solution starters keep coming,False,0.6369,positive,0.6369,0.634,0.366,0.0,positive,0.6369,positive,False,0.0,,5,3,0.0,0.4,0.0,0.2,0.0,0.4,0.0
879154983427096,elizabeth mwanza insult ai,False,-0.5106,negative,-0.5106,0.0,0.476,0.524,negative,-0.5106,negative,False,0.0,,4,1,0.25,0.0,0.0,0.0,0.25,0.0,0.25
794388042755039,other parts lusaka experiencing load shedding yet s us experiencing 8hrs day,False,0.0,neutral,0.0,0.0,1.0,0.0,neutral,0.0,neutral,False,0.0,,12,0,0.0,0.0,0.0,0.0,0.0,0.0,0.0
1730481487806792,how restored power ku group e,False,0.34,positive,0.34,0.375,0.625,0.0,positive,0.34,positive,False,0.0,,6,0,0.0,0.0,0.0,0.0,0.0,0.0,0.0
409833535482657,s 1st october zesco limited,False,-0.2263,negative,-0.2263,0.0,0.612,0.388,negative,-0.2263,negative,False,0.0,,5,1,0.2,0.0,0.0,0.0,0.2,0.0,0.2
790989579596628,someone introduced eiz 60 years still depending water source power just admit tulifikopofye bonse different levels schools remembering,False,0.2023,positive,0.2023,0.096,0.904,0.0,positive,0.2023,positive,False,0.0,,18,0,0.0,0.0,0.0,0.0,0.0,0.0,0.0
1251041295755993,brian silwamba people want trick us think dull,False,-0.3818,negative,-0.3818,0.127,0.49,0.382,negative,-0.3818,negative,False,0.0,,8,2,0.0,0.0,0.0,0.0,0.125,0.0,0.0625
1107824777667206,how people check without power mad s like upnd government came free weed give cause too much thinking backwards lies taking everything granted,False,0.4621,positive,0.4621,0.266,0.57,0.165,positive,0.4621,positive,False,0.0,,23,4,0.0434782608695652,0.0,0.0869565217391304,0.0,0.0434782608695652,0.0,0.0434782608695652
579738547916602,chilala onyego hachikuyu too bro let s hope s something new,False,0.4404,positive,0.4404,0.266,0.734,0.0,positive,0.4404,positive,False,0.0,,11,1,0.0,0.0909090909090909,0.0,0.0909090909090909,0.0,0.0909090909090909,0.0
610802407817623,yes ve managed,False,0.4019,positive,0.4019,0.574,0.426,0.0,positive,0.4019,positive,False,0.0,,3,0,0.0,0.0,0.0,0.0,0.0,0.0,0.0
707336194302751,zesco limited us depends electricity 100 killed us jokes aside,False,-0.6597,negative,-0.6597,0.13,0.455,0.416,negative,-0.6597,negative,False,0.0,,10,2,0.1,0.0,0.0,0.0,0.1,0.0,0.1
547623657410795,huge problem,False,-0.1027,negative,-0.1027,0.46,0.0,0.54,negative,-0.1027,negative,False,0.0,,2,1,0.0,0.0,0.5,0.0,0.5,0.0,0.25
1096573222127959,bridget tembo s worry trying 250 units disappear awe ba zesco sivintu,False,-0.5859,negative,-1.0,0.0,0.652,0.348,negative,-1.0,negative,True,-0.7,awe,12,2,0.0,0.0833333333333333,0.1666666666666666,0.0,0.0833333333333333,0.0833333333333333,0.0416666666666666
559218576126862,kkatongo kapekele 5days power valid explanation people hakainde hichilema restructure mgt because way happen told fault happens relish fridge weather bathing cold water school going children aikona man zesco limited,False,-0.5574,negative,-0.5574,0.0,0.859,0.141,negative,-0.5574,negative,False,0.0,,30,5,0.0333333333333333,0.0333333333333333,0.0,0.0333333333333333,0.0666666666666666,0.0333333333333333,0.05
1057941779045556,just pay us cash need power credits anymore,False,0.2732,positive,0.2732,0.253,0.606,0.141,positive,0.2732,positive,False,0.0,,8,2,0.125,0.25,0.125,0.25,0.0,0.25,0.0625
418526810978140,pa wanu lelo received great shock life power only blinked,False,0.3612,positive,0.3612,0.279,0.544,0.177,positive,0.3612,positive,False,0.0,,10,2,0.1,0.0,0.1,0.0,0.0,0.0,0.05
3048240672151024,chunza kamanga true bro,False,0.4215,positive,0.4215,0.483,0.517,0.0,positive,0.4215,positive,False,0.0,,4,1,0.0,0.0,0.0,0.25,0.0,0.0,0.0
1529471604224151,lies though,False,-0.4215,negative,-0.4215,0.0,0.263,0.737,negative,-0.4215,negative,False,0.0,,2,0,0.0,0.0,0.0,0.0,0.0,0.0,0.0
2190094668002415,don t worry ba zesco limited accept egypt moses take us promised land ine hate how inconvenience lives annoying,False,-0.8225,negative,-0.8225,0.171,0.369,0.46,negative,-0.8225,negative,False,0.0,,19,6,0.1578947368421052,0.0526315789473684,0.1052631578947368,0.0526315789473684,0.1578947368421052,0.0526315789473684,0.1578947368421052
203704999305901,imwe naimwe serious ive wanting buy since 06 now re behaving like rejected sacrifices,False,-0.2732,negative,-0.6732,0.138,0.608,0.254,negative,-0.6732,negative,True,-0.4,naimwe,14,3,0.0,0.0,0.0714285714285714,0.0,0.1428571428571428,0.0,0.0714285714285714
1217111515654394,don t water mwebantu activate zesco limited,False,-0.2263,negative,-0.2263,0.0,0.725,0.275,negative,-0.2263,negative,False,0.0,,7,2,0.1428571428571428,0.0,0.0,0.1428571428571428,0.1428571428571428,0.0,0.1428571428571428
876960783573740,martin jnr s others,False,0.0,neutral,0.0,0.0,1.0,0.0,neutral,0.0,neutral,False,0.0,,4,0,0.0,0.0,0.0,0.0,0.0,0.0,0.0
561240262529112,horence muzo musonda exactly,False,0.0,neutral,0.0,0.0,1.0,0.0,neutral,0.0,neutral,False,0.0,,4,0,0.0,0.0,0.0,0.0,0.0,0.0,0.0
253553684272165,ocha chabe see results,False,0.0,neutral,0.0,0.0,1.0,0.0,neutral,0.0,neutral,False,0.0,,4,0,0.0,0.0,0.0,0.0,0.0,0.0,0.0
837517727541875,philimo voice afrika,False,0.0,neutral,0.0,0.0,1.0,0.0,neutral,0.0,neutral,False,0.0,,3,0,0.0,0.0,0.0,0.0,0.0,0.0,0.0
1171463883850517,dorryc c mwila exactly mwandi ba zesco really good working hard frustrate citizens,False,-0.1206,negative,-0.1206,0.189,0.534,0.277,negative,-0.1206,negative,False,0.0,,13,3,0.0769230769230769,0.0769230769230769,0.0,0.0769230769230769,0.0769230769230769,0.0769230769230769,0.0769230769230769
581793644374084,uncle zesco good news counting down play too much apa seen people aren t buying units manje come way make us buy ati deadline 2024,False,0.6486,positive,0.3485999999999999,0.194,0.806,0.0,positive,0.3485999999999999,positive,True,-0.3,manje,25,1,0.0,0.04,0.0,0.04,0.0,0.04,0.0
724725065639374,shy gibbs international graphics kkkkkkkkk sounds fun,False,0.3182,positive,0.3182,0.32,0.485,0.194,positive,0.3182,positive,False,0.0,,7,1,0.0,0.1428571428571428,0.0,0.0,0.0,0.1428571428571428,0.0
562479005929095,lie area power went around 24hrs now,False,0.0,neutral,0.0,0.0,1.0,0.0,neutral,0.0,neutral,False,0.0,,7,1,0.1428571428571428,0.0,0.0,0.0,0.1428571428571428,0.0,0.1428571428571428
644107217775772,should get less units first payment,False,0.0,neutral,0.0,0.0,1.0,0.0,neutral,0.0,neutral,False,0.0,,6,1,0.0,0.0,0.0,0.0,0.0,0.0,0.0
854564492441400,01 yashima 04 yaisa 05 yashima 16 chakuti yaisa same 16 chakuti yashima feel pity bashi ma butcher saloons barbershops etc fact let power go good aren t interested anymore,False,0.5267,positive,0.5267,0.166,0.769,0.065,positive,0.5267,positive,False,0.0,,30,5,0.0333333333333333,0.0333333333333333,0.0333333333333333,0.0666666666666666,0.0666666666666666,0.0333333333333333,0.05
1170215497417996,embarrassing zesco limited those unnecessary announcements power improving 2months maintenance best,False,0.5423,positive,0.5423,0.378,0.378,0.243,positive,0.5423,positive,False,0.0,,11,4,0.0909090909090909,0.0,0.0,0.0909090909090909,0.0909090909090909,0.0,0.0909090909090909
814032123947125,good evening ndonia kahinga sincere apologies prolonged outage experiencing kindly share meter number phone number nearest landmark via inbox bz,False,0.9062,positive,0.9062,0.576,0.424,0.0,positive,0.9062,positive,False,0.0,,20,4,0.0,0.1,0.0,0.2,0.0,0.1,0.0
1539253826550352,isaac zulu remember hero s stadium,False,0.5574,positive,0.5574,0.474,0.526,0.0,positive,0.5574,positive,False,0.0,,6,1,0.0,0.1666666666666666,0.0,0.1666666666666666,0.0,0.1666666666666666,0.0
719771349541429,stick schedule once atleast feel relief 6 hours,False,0.4767,positive,0.4767,0.341,0.659,0.0,positive,0.4767,positive,False,0.0,,8,1,0.0,0.0,0.0,0.0,0.0,0.0,0.0
807091348033010,group e let s create whatsapp group wake each other 24 charge phones iron cook beans just celebrate watch electricity,False,0.7003,positive,0.7003,0.266,0.734,0.0,positive,0.7003,positive,False,0.0,,20,4,0.0,0.05,0.05,0.05,0.0,0.05,0.0
428259989439534,prudence dakaprudence daka pungamo,False,0.0,neutral,0.0,0.0,1.0,0.0,neutral,0.0,neutral,False,0.0,,4,1,0.0,0.0,0.0,0.0,0.0,0.0,0.0
1348446522586686,while complain 12 hour schedule currently 20hrs literally 4 hours power day without shame schedule even saying 00 20hrs smh still won t followed,False,0.3515,positive,0.3515,0.215,0.62,0.165,positive,0.3515,positive,False,0.0,,24,2,0.0416666666666666,0.0,0.0416666666666666,0.0,0.0833333333333333,0.0,0.0625
7647602908640872,zesco limited think need change page zesco limited zesco lusaka say because seems only reply concerns raised people based lusaka leave others seen once comment page wrong ask should fail reply comments non lusaka residents learn consider everyone,False,-0.8625,negative,-0.8625,0.0,0.74,0.26,negative,-0.8625,negative,False,0.0,,38,6,0.0526315789473684,0.0,0.0263157894736842,0.0,0.0789473684210526,0.0,0.0657894736842105
1077796063324363,zesco limited loading schedule true group e power goes 06hrs back 15 30 16hrs 14hrs ve schedule,False,0.2263,positive,0.2263,0.15,0.749,0.102,positive,0.2263,positive,False,0.0,,17,2,0.0588235294117647,0.0,0.0,0.0588235294117647,0.0588235294117647,0.0,0.0588235294117647
1943142506191343,told 01 october 2024 power come s normal function tell us minister energy meant otherwise uko kutwangasha,False,0.2732,positive,0.2732,0.123,0.877,0.0,positive,0.2732,positive,False,0.0,,17,0,0.0,0.0,0.0,0.0,0.0,0.0,0.0
2097613640630766,hend rix yes just cable wen s pole needed takes long connected,False,0.4019,positive,0.4019,0.213,0.787,0.0,positive,0.4019,positive,False,0.0,,12,3,0.0,0.0833333333333333,0.0,0.0,0.0,0.0833333333333333,0.0
506474755550925,sibongile bongani munthali least switch fan whilst mosquitoes attack charge phone work lol,False,0.25,positive,0.25,0.28,0.549,0.17,positive,0.25,positive,False,0.0,,13,1,0.0769230769230769,0.0,0.0769230769230769,0.0,0.0,0.0,0.0384615384615384
8363272740435473,even people trust zesco country,False,0.5106,positive,0.5106,0.452,0.548,0.0,positive,0.5106,positive,False,0.0,,5,1,0.0,0.0,0.0,0.2,0.0,0.0,0.0
735064844592414,kuno yayenda kuma 10 wondering really 6 hours,False,0.0,neutral,0.0,0.0,1.0,0.0,neutral,0.0,neutral,False,0.0,,8,0,0.0,0.0,0.0,0.0,0.0,0.0,0.0
543396097838713,thawila simataa schedule effective monday 9 january 2023,False,0.4767,positive,0.4767,0.341,0.659,0.0,positive,0.4767,positive,False,0.0,,8,1,0.0,0.0,0.0,0.125,0.0,0.0,0.0
991351619361086,group c d chingola even necessary mwe uh,False,0.0,neutral,0.0,0.0,1.0,0.0,neutral,0.0,neutral,False,0.0,,8,0,0.0,0.0,0.0,0.0,0.0,0.0,0.0
732749352071328,whole load shedding ine natinkiwa much s power deficit plan b supposed implemented manje kulibe plan b make matters worse re going beyond 8hour schedule deliberately obviously guys just increased load shedding hours 10hours won t tell us only april happens october s question ba zesco limited really doing curb 10hour load shedding plan b right,True,-0.2023,negative,-0.5023,0.118,0.751,0.131,negative,-0.5023,negative,True,-0.3,manje,56,7,0.0178571428571428,0.0535714285714285,0.0178571428571428,0.0,0.0357142857142857,0.0535714285714285,0.0267857142857142
1354677755466141,psalms chingaipe guys care,False,0.4939,positive,0.4939,0.516,0.484,0.0,positive,0.4939,positive,False,0.0,,4,0,0.0,0.0,0.0,0.0,0.0,0.0,0.0
1135886531575155,erica chayi how long take come ur aid aii,False,0.0,neutral,0.0,0.0,1.0,0.0,neutral,0.0,neutral,False,0.0,,9,2,0.0,0.1111111111111111,0.0,0.0,0.0,0.1111111111111111,0.0
512424555043487,r interested pliz give us schedule s 1st october lelo,False,0.4019,positive,0.4019,0.278,0.722,0.0,positive,0.4019,positive,False,0.0,,10,1,0.0,0.0,0.0,0.0,0.1,0.0,0.05
492310796602094,christine joanna julio imagine someone should wake 02am just update prepaid metre,False,0.0,neutral,0.0,0.0,1.0,0.0,neutral,0.0,neutral,False,0.0,,12,0,0.0,0.0,0.0,0.0,0.0,0.0,0.0
1032171577953568,imagine 42 days sure,False,0.3182,positive,0.3182,0.434,0.566,0.0,positive,0.3182,positive,False,0.0,,4,0,0.0,0.0,0.0,0.0,0.0,0.0,0.0
767359114506134,only could stick time table power went 11 00hrs mongu restored now,False,0.34,positive,0.34,0.179,0.821,0.0,positive,0.34,positive,False,0.0,,12,1,0.0,0.0833333333333333,0.0,0.0,0.0,0.0833333333333333,0.0
683576683463546,failure s t even stick time table,False,-0.5106,negative,-0.5106,0.0,0.548,0.452,negative,-0.5106,negative,False,0.0,,7,2,0.0,0.1428571428571428,0.1428571428571428,0.0,0.1428571428571428,0.1428571428571428,0.0714285714285714
1199139634355511,layman s language still get 12 hours split two example power goes 23 hours 05 hours go let s say 11 hours 17 hours,False,0.0,neutral,0.0,0.0,1.0,0.0,neutral,0.0,neutral,False,0.0,,24,1,0.0,0.0,0.0,0.0,0.0,0.0,0.0
1093095268856355,chanda chanda should next year since happened year,False,0.0,neutral,0.0,0.0,1.0,0.0,neutral,0.0,neutral,False,0.0,,8,0,0.0,0.0,0.0,0.0,0.0,0.0,0.0
1002161181207109,only 2 weeks maybe scare m luapula,False,-0.4939,negative,-0.4939,0.0,0.556,0.444,negative,-0.4939,negative,False,0.0,,7,1,0.1428571428571428,0.1428571428571428,0.1428571428571428,0.0,0.0,0.1428571428571428,0.0714285714285714
838305480610651,ati mwa sova short term,False,0.0,neutral,0.0,0.0,1.0,0.0,neutral,0.0,neutral,False,0.0,,5,0,0.0,0.0,0.0,0.0,0.0,0.0,0.0
548620763967575,zesco re busy acting like re developing country taking away electricity mean m young entrepreneur depends electricity already went 6 hours just got back take 20 minutes later serious m personally protesting against injustice,False,-0.6486,negative,-0.6486,0.067,0.724,0.209,negative,-0.6486,negative,False,0.0,,34,4,0.0294117647058823,0.0294117647058823,0.0,0.0,0.0,0.0294117647058823,0.0147058823529411
8966443923383710,zesco luangwa ericka street power goes morning everyday business choose switch off power business place gives power three streets luangwa least should given us power also business place morning than night suffering family feed please please please look into,False,0.4215,positive,0.4215,0.153,0.778,0.069,positive,0.4215,positive,False,0.0,,39,1,0.0,0.0,0.0256410256410256,0.0,0.0256410256410256,0.0,0.0128205128205128
3690441941208138,si 1st october lelo kansi,False,0.0,neutral,0.0,0.0,1.0,0.0,neutral,0.0,neutral,False,0.0,,5,0,0.0,0.0,0.0,0.0,0.0,0.0,0.0
1595004077634111,kwena 12hours just divided into 2 include atleast day loadshedding day off kwaliba sure everyday amalaiti 05 thing very bad especially schools opened considerate,False,0.1706,positive,-0.0294,0.187,0.684,0.13,neutral,-0.0294,neutral,True,-0.2,amalaiti,24,3,0.0416666666666666,0.0,0.0416666666666666,0.0416666666666666,0.0416666666666666,0.0,0.0416666666666666
530236952214385,tell people switching off power stick schedule switch power 07 10hrs switches off 11 00hrs poseniko amano,False,0.0,neutral,0.0,0.0,1.0,0.0,neutral,0.0,neutral,False,0.0,,17,0,0.0,0.0,0.0,0.0,0.0,0.0,0.0
890179399251123,gabriel chishimba source power afford buy apa big boss,False,0.0,neutral,0.0,0.0,1.0,0.0,neutral,0.0,neutral,False,0.0,,9,1,0.0,0.0,0.0,0.0,0.0,0.0,0.0
475797351387622,power going twice day 6 hours,False,0.0,neutral,0.0,0.0,1.0,0.0,neutral,0.0,neutral,False,0.0,,6,0,0.0,0.0,0.0,0.0,0.0,0.0,0.0
442822361760933,ritah mwaba tembo tag president,False,0.0,neutral,0.0,0.0,1.0,0.0,neutral,0.0,neutral,False,0.0,,5,1,0.0,0.0,0.0,0.2,0.0,0.0,0.0
1487148675357714,please hurry buy power start month,False,0.3182,positive,0.3182,0.315,0.685,0.0,positive,0.3182,positive,False,0.0,,6,2,0.0,0.3333333333333333,0.0,0.0,0.0,0.3333333333333333,0.0
610802407817623,evelyn kapanga probably just missing utuma number otherwise network back don t send just same 3600,False,-0.2263,negative,-0.2263,0.079,0.788,0.133,negative,-0.2263,negative,False,0.0,,16,3,0.0,0.0625,0.0625,0.0625,0.0625,0.0625,0.03125
1122839391729639,don t follow time table,False,0.0,neutral,0.0,0.0,1.0,0.0,neutral,0.0,neutral,False,0.0,,5,2,0.0,0.2,0.0,0.2,0.0,0.2,0.0
158705943873533,michael robert lungu moonga imwe fi watchdog kuti fyakuletelela sana ifi fikabwa,False,0.0,neutral,-0.3,0.0,1.0,0.0,negative,-0.3,negative,True,-0.3,kuti,12,1,0.0,0.0,0.0,0.0833333333333333,0.0,0.0,0.0
1716024345824604,mulilo m edson ok think honour care,False,0.8442,positive,0.8442,0.752,0.248,0.0,positive,0.8442,positive,False,0.0,,7,0,0.0,0.0,0.0,0.0,0.0,0.0,0.0
909596051135756,given defending zesco now agree jokers,False,0.3612,positive,0.3612,0.333,0.667,0.0,positive,0.3612,positive,False,0.0,,6,2,0.0,0.0,0.0,0.0,0.0,0.0,0.0
1616817652057206,enock silungwe ine since 06hrs imagine,False,0.0,neutral,0.0,0.0,1.0,0.0,neutral,0.0,neutral,False,0.0,,6,0,0.0,0.0,0.0,0.0,0.0,0.0,0.0
583999740808276,zesco limited deadline sunday midnight saturday 23 11 24 midnight ok ba media communication awe late whose charge public relations extremely poor poor communication supposed start communicating month ago,False,-0.7569,negative,-1.0,0.061,0.697,0.242,negative,-1.0,negative,True,-0.7,awe,29,6,0.0344827586206896,0.0689655172413793,0.0,0.0689655172413793,0.0689655172413793,0.0689655172413793,0.0517241379310344
2299770710224782,george muls imagine boss,False,0.0,neutral,0.0,0.0,1.0,0.0,neutral,0.0,neutral,False,0.0,,4,0,0.0,0.0,0.0,0.0,0.0,0.0,0.0
647858186946473,mwila milambo uve told system down working restoring wat else u want,False,0.3612,positive,0.3612,0.28,0.72,0.0,positive,0.3612,positive,False,0.0,,12,3,0.0,0.0,0.0,0.0833333333333333,0.0,0.0,0.0
1356239715051294,very hopeless something t even follow,False,-0.5095,negative,-0.5095,0.0,0.548,0.452,negative,-0.5095,negative,False,0.0,,6,1,0.0,0.0,0.1666666666666666,0.0,0.1666666666666666,0.0,0.0833333333333333
6164825023528034,mwangala monde siyobo nothing like better than pf runing diwn country very fast pace very fact think clever than anyone else really makes angry lied way govt continue whilst govt decision messed each sector economy because egoes better than pf just good hiding true colours iam worried future generations,False,-0.8481,negative,-0.8481,0.134,0.566,0.3,negative,-0.8481,negative,False,0.0,,49,9,0.0204081632653061,0.0408163265306122,0.0204081632653061,0.1020408163265306,0.0204081632653061,0.0408163265306122,0.0204081632653061
2260599904134637,took president pump sense into ahhhh,False,0.0,neutral,0.0,0.0,1.0,0.0,neutral,0.0,neutral,False,0.0,,6,2,0.0,0.0,0.0,0.1666666666666666,0.0,0.0,0.0
3558389497766642,affected because get water hand pump use solar power need biogas bio energy solar,False,0.5719,positive,0.5719,0.296,0.615,0.089,positive,0.5719,positive,False,0.0,,14,0,0.0,0.0,0.0,0.0,0.0,0.0,0.0
1322610832456208,mukuka lushomo very true,False,0.4754,positive,0.4754,0.508,0.492,0.0,positive,0.4754,positive,False,0.0,,4,1,0.0,0.0,0.0,0.25,0.0,0.0,0.0
425161906424474,kaz lave same update hasn t posted zesco page hope s true 6 hrs better than 12 load shedding feels like dream now,False,0.9022,positive,0.9022,0.466,0.534,0.0,positive,0.9022,positive,False,0.0,,23,2,0.0,0.0434782608695652,0.0,0.0869565217391304,0.0,0.0434782608695652,0.0
1579095093030596,supposed depend water electricity beginning knowing fully well s landlocked country,False,0.3384,positive,0.3384,0.21,0.79,0.0,positive,0.3384,positive,False,0.0,,11,4,0.0,0.0909090909090909,0.0,0.1818181818181818,0.0,0.0909090909090909,0.0
1064385481806396,mitshelle mitchy k katewile chani baba lelo,False,0.0,neutral,-0.2,0.0,1.0,0.0,negative,-0.2,negative,True,-0.2,baba,7,0,0.0,0.0,0.0,0.0,0.0,0.0,0.0
1103289897723682,prepaid meter went off two years ago lights ever bills reported response,False,0.0,neutral,0.0,0.0,1.0,0.0,neutral,0.0,neutral,False,0.0,,12,0,0.0,0.0,0.0,0.0,0.0,0.0,0.0
481698757452496,frank curtis brown yes better,False,0.6808,positive,0.6808,0.651,0.349,0.0,positive,0.6808,positive,False,0.0,,5,1,0.0,0.0,0.0,0.2,0.0,0.0,0.0
1115855296300141,feels like s than 6 weeks how many weeks put,False,0.3612,positive,0.3612,0.263,0.737,0.0,positive,0.3612,positive,False,0.0,,10,0,0.0,0.0,0.0,0.0,0.0,0.0,0.0
749034703219609,chota m kalenga u right especially kuno,False,0.0,neutral,0.0,0.0,1.0,0.0,neutral,0.0,neutral,False,0.0,,7,0,0.0,0.0,0.0,0.0,0.0,0.0,0.0
1539253826550352,isaac zulu whose david s sad how shallow sometimes reason hh would just blues start loadshedding zambians prayers fails ain t going happen s great whatever happened power supply country happened now govt quickly fixes things before year ends loadshedding nolonger issue,False,-0.2023,negative,-0.2023,0.089,0.783,0.128,negative,-0.2023,negative,False,0.0,,42,5,0.0,0.0476190476190476,0.0238095238095238,0.0,0.0238095238095238,0.0476190476190476,0.0119047619047619
405020849302903,ba zesco limited nibopusa maningi,False,-0.2263,negative,-0.2263,0.0,0.678,0.322,negative,-0.2263,negative,False,0.0,,5,1,0.2,0.0,0.0,0.0,0.2,0.0,0.2
2309913445845051,just accepted bally specialist failure doesn t make sense,False,-0.296,negative,-0.296,0.184,0.526,0.289,negative,-0.296,negative,False,0.0,,9,3,0.0,0.0,0.1111111111111111,0.1111111111111111,0.1111111111111111,0.0,0.0555555555555555
2299770710224782,means power cut twice restored twice 12 hours still stands need calculator understand language used notice,False,0.0772,positive,0.0772,0.13,0.757,0.114,positive,0.0772,positive,False,0.0,,16,1,0.0,0.0,0.0,0.0625,0.0,0.0,0.0
1120296419426094,people need serious honestly how put deadline power cases s comes dreaming,False,0.4019,positive,0.4019,0.226,0.677,0.098,positive,0.4019,positive,False,0.0,,12,0,0.0,0.0,0.0,0.0,0.0,0.0,0.0
904817483868968,chipawa louie luwi volume,False,0.0,neutral,0.0,0.0,1.0,0.0,neutral,0.0,neutral,False,0.0,,4,0,0.0,0.0,0.0,0.0,0.0,0.0,0.0
455966740271427,zesco limited faults comes time restore power pakushimya takwaba ama faulty,False,-0.6249,negative,-0.6249,0.133,0.424,0.442,negative,-0.6249,negative,False,0.0,,11,3,0.0909090909090909,0.0909090909090909,0.0,0.0,0.0909090909090909,0.0909090909090909,0.0909090909090909
554645493697970,bachishitishefye ku machinese nangu ba mwenye,False,0.0,neutral,0.0,0.0,1.0,0.0,neutral,0.0,neutral,False,0.0,,6,0,0.0,0.0,0.0,0.0,0.0,0.0,0.0
418604890897874,precious chanda nabaya sana abantu aba into 3 days power nerve post bs,False,0.5719,positive,0.1718999999999999,0.252,0.748,0.0,positive,0.1718999999999999,positive,True,-0.4,aba,13,2,0.0,0.0769230769230769,0.0,0.0,0.0,0.0769230769230769,0.0
805818411407145,zesco limited called yesterday put hold eventually dropped call kindly advise being load shedded wrong hours 04189824388,False,-0.2023,negative,-0.2023,0.144,0.631,0.225,negative,-0.2023,negative,False,0.0,,17,3,0.0588235294117647,0.0,0.0,0.0588235294117647,0.0588235294117647,0.0,0.0588235294117647
1307930793383241,joseph mwiinga jay thank god,False,0.5574,positive,0.5574,0.605,0.395,0.0,positive,0.5574,positive,False,0.0,,5,1,0.0,0.2,0.2,0.2,0.0,0.2,0.0
2545808025751656,ma bwana nanga pawa stability kuli imwe mean said pa 1st october malaiti lelo ndiye peyayenda elo fast,False,0.0,neutral,-0.2,0.0,1.0,0.0,negative,-0.2,negative,True,-0.2,malaiti,18,0,0.0,0.0,0.0,0.0,0.0,0.0,0.0
1085032883086669,chomba lesa malembeka top post important information only facebook everyone sees post matotoli yankoko ababena,False,0.3818,positive,0.3818,0.217,0.783,0.0,positive,0.3818,positive,False,0.0,,15,3,0.0,0.0666666666666666,0.0,0.1333333333333333,0.0,0.0666666666666666,0.0
1503149840177852,oh spoke too soon ve done job,False,0.0,neutral,0.0,0.0,1.0,0.0,neutral,0.0,neutral,False,0.0,,7,2,0.0,0.0,0.0,0.0,0.0,0.0,0.0
3654329838127689,twice day ba criminal stop showing us fake timetable,False,-0.8271,negative,-0.8271,0.0,0.408,0.592,negative,-0.8271,negative,False,0.0,,9,2,0.1111111111111111,0.0,0.1111111111111111,0.0,0.0,0.0,0.0555555555555555
869819651007946,schedule being followed s problem,False,-0.4019,negative,-0.4019,0.0,0.526,0.474,negative,-0.4019,negative,False,0.0,,5,1,0.0,0.0,0.2,0.0,0.2,0.0,0.1
528561336436034,listened briefing realised country leadership president minister speech together everyone panel must resign moral grounds everyone sat clapped must slap themselves really docile people,False,-0.2023,negative,-0.2023,0.062,0.846,0.092,negative,-0.2023,negative,False,0.0,,24,5,0.125,0.0,0.0416666666666666,0.0833333333333333,0.0416666666666666,0.0,0.0833333333333333
1681413012651571,dennis zulu re just dull zesco limited first time re having drought country,False,-0.5574,negative,-0.5574,0.0,0.705,0.295,negative,-0.5574,negative,False,0.0,,13,4,0.0769230769230769,0.0769230769230769,0.0,0.0,0.1538461538461538,0.0769230769230769,0.1153846153846153
7359122830872795,zesco would great release schedule friday every week people plan mondays well imagine waking power because schedule wait monday better guys,False,0.8442,positive,0.8442,0.336,0.664,0.0,positive,0.8442,positive,False,0.0,,21,2,0.0,0.0952380952380952,0.0,0.0,0.0,0.0952380952380952,0.0
867405641174083,lily mununga mwebaileko kuma private schools twice day,False,0.0,neutral,0.0,0.0,1.0,0.0,neutral,0.0,neutral,False,0.0,,8,0,0.0,0.0,0.0,0.0,0.0,0.0,0.0
989869996242943,guys believed people balelolela fye mfula,False,0.0,neutral,0.0,0.0,1.0,0.0,neutral,0.0,neutral,False,0.0,,6,1,0.0,0.0,0.0,0.1666666666666666,0.0,0.0,0.0
726894725431554,s fair 05 ba zesco ok tipempako 07 00 ninshi done school business,False,0.5423,positive,0.5423,0.31,0.69,0.0,positive,0.5423,positive,False,0.0,,13,2,0.0,0.0,0.0,0.0769230769230769,0.0,0.0,0.0
427194769547971,chitambo mbewe re thinking people given 12hrs during day hours work 6hrs means people work 6hrs during day bad small scale businesses,False,-0.5423,negative,-0.5423,0.0,0.857,0.143,negative,-0.5423,negative,False,0.0,,22,2,0.0454545454545454,0.0,0.0454545454545454,0.0,0.0454545454545454,0.0,0.0454545454545454
551155510266670,rubbish power only lasting 20min than goes hours talking,False,0.0,neutral,0.0,0.0,1.0,0.0,neutral,0.0,neutral,False,0.0,,9,1,0.0,0.0,0.0,0.0,0.0,0.0,0.0
520241480737069,musa banda iwe ati shani ile runinga,False,0.0,neutral,0.0,0.0,1.0,0.0,neutral,0.0,neutral,False,0.0,,7,0,0.0,0.0,0.0,0.0,0.0,0.0,0.0
1289885832201841,those prepaid only numbers,False,0.0,neutral,0.0,0.0,1.0,0.0,neutral,0.0,neutral,False,0.0,,4,1,0.0,0.0,0.0,0.0,0.0,0.0,0.0
918822943645810,saviour alingo chisanga question too,False,0.0,neutral,0.0,0.0,1.0,0.0,neutral,0.0,neutral,False,0.0,,5,1,0.0,0.0,0.0,0.0,0.0,0.0,0.0
940333384787564,peter mbobela good ise uko nothing seeing power day,False,0.4404,positive,0.4404,0.266,0.734,0.0,positive,0.4404,positive,False,0.0,,9,1,0.0,0.1111111111111111,0.0,0.1111111111111111,0.0,0.1111111111111111,0.0
1301232927887051,kaili switch power update,False,0.0,neutral,-0.2,0.0,1.0,0.0,negative,-0.2,negative,True,-0.2,kaili,4,0,0.0,0.0,0.0,0.0,0.0,0.0,0.0
1085032883086669,chomba lesa malembeka imagine,False,0.0,neutral,0.0,0.0,1.0,0.0,neutral,0.0,neutral,False,0.0,,4,0,0.0,0.0,0.0,0.0,0.0,0.0,0.0
931374732181605,va zee today 1st usual power came 03 05 power went usual,False,0.0,neutral,-0.5,0.0,1.0,0.0,negative,-0.5,negative,True,-0.5,zee,12,2,0.0,0.0,0.0,0.1666666666666666,0.0,0.0,0.0
798953401736314,mellan likowa mbewe kwwf,False,0.0,neutral,0.0,0.0,1.0,0.0,neutral,0.0,neutral,False,0.0,,4,0,0.0,0.0,0.0,0.0,0.0,0.0,0.0
837954824387458,don t enough units inconveniences sort things,False,0.0,neutral,0.0,0.0,1.0,0.0,neutral,0.0,neutral,False,0.0,,7,1,0.0,0.0,0.0,0.1428571428571428,0.0,0.0,0.0
866372702125480,said imwee last time said pa 1 october nishi stop fooling us m shenu,False,-0.5994,negative,-0.5994,0.0,0.671,0.329,negative,-0.5994,negative,False,0.0,,14,1,0.0,0.0714285714285714,0.0,0.0,0.0,0.0714285714285714,0.0
492310796602094,christine joanna julio imagine even threatening ati 24 november else disconnection catches lol,False,-0.1531,negative,-0.1531,0.163,0.64,0.198,negative,-0.1531,negative,False,0.0,,13,2,0.0769230769230769,0.0,0.0769230769230769,0.0,0.0,0.0,0.0384615384615384
1681413012651571,pearl freeman difference between imported power having own power boss realize,False,0.4019,positive,0.4019,0.213,0.787,0.0,positive,0.4019,positive,False,0.0,,11,0,0.0,0.0,0.0,0.0,0.0,0.0,0.0
2942741362688052,bally ni munthu watu t destroy expensive machinery because forcing issue make situation worse t stop exporting power because need income policy free education zesco business needs money run zambians implore s just january starting february expect everything start normalizing bare us just supported us during election don t loose heart still need support ala naifwe bene sleepless nights over issue ground right now trying see how best fix matter put smile back every zambians face give little time exercise patience bally fix worry suffering endure night joy comes morning zambia forward hon seke,False,0.4215,positive,0.4215,0.175,0.675,0.15,positive,0.4215,positive,False,0.0,,94,17,0.0106382978723404,0.0744680851063829,0.0319148936170212,0.0851063829787234,0.0425531914893617,0.0744680851063829,0.026595744680851
1360095091474039,new time table even worse us having power only afternoon whoever came thinking bwino bwino,False,-0.4767,negative,-0.9767,0.0,0.819,0.181,negative,-0.9767,negative,True,-0.5,bwino,15,2,0.0,0.0666666666666666,0.0666666666666666,0.0,0.0666666666666666,0.0666666666666666,0.0333333333333333
1072248834287133,imwe lelo nipa wanu power,False,0.0,neutral,0.0,0.0,1.0,0.0,neutral,0.0,neutral,False,0.0,,5,0,0.0,0.0,0.0,0.0,0.0,0.0,0.0
455708920855129,instead power ve supplying lies,False,-0.4215,negative,-0.4215,0.0,0.588,0.412,negative,-0.4215,negative,False,0.0,,5,0,0.0,0.0,0.0,0.0,0.0,0.0,0.0
510634638569008,oky m sure those could afford solar heard those us don t solar s update since lelo nipa 1st october,False,0.3182,positive,0.3182,0.126,0.874,0.0,positive,0.3182,positive,False,0.0,,20,2,0.0,0.0,0.0,0.05,0.0,0.0,0.0
425161906424474,kaz lave mulenya mulelapila schedule revised listening govt indeed,False,0.0,neutral,0.0,0.0,1.0,0.0,neutral,0.0,neutral,False,0.0,,9,0,0.0,0.0,0.0,0.0,0.0,0.0,0.0
958142769405125,s true mr mashata sebby also means input cost investement cost production cost increase result high output cost cost selling products produced campanies let wait now,False,0.6249,positive,0.6249,0.181,0.819,0.0,positive,0.6249,positive,False,0.0,,26,5,0.0,0.1153846153846153,0.0,0.0384615384615384,0.0,0.1153846153846153,0.0
733724661505910,ninshi memo never reached kembo switches off power mufulira power went off monday 15 hours elo yabwela lelo tuesday 05hrs make sure employees know whats going before inform masses ninshi mupoka ama degree nama masters without learning communication skills,False,0.2509,positive,0.2509,0.057,0.911,0.032,positive,0.2509,positive,False,0.0,,39,4,0.0,0.0,0.0,0.0512820512820512,0.0,0.0,0.0
1351274098961732,power yesterday 05 14 17 23 today 5 gone ninshi ine ndipa schedule yisa bawesu total 15 hours loadsheding cumulated,False,0.0,neutral,0.0,0.0,1.0,0.0,neutral,0.0,neutral,False,0.0,,20,0,0.0,0.0,0.0,0.0,0.0,0.0,0.0
1234339967847834,hon evans kabwita s annoying now,False,-0.4019,negative,-0.4019,0.0,0.597,0.403,negative,-0.4019,negative,False,0.0,,6,1,0.1666666666666666,0.0,0.0,0.0,0.0,0.0,0.0833333333333333
7359122830872795,francesca f kabaso useless company,False,-0.4215,negative,-0.4215,0.0,0.517,0.483,negative,-0.4215,negative,False,0.0,,5,1,0.0,0.0,0.0,0.0,0.0,0.0,0.0
3370521426598168,us power went around 16 yesterday 6am sure still power,False,0.3182,positive,0.3182,0.204,0.796,0.0,positive,0.3182,positive,False,0.0,,10,0,0.0,0.0,0.0,0.0,0.0,0.0,0.0
1133189314375206,trevor musonda chabala good point,False,0.4404,positive,0.4404,0.42,0.58,0.0,positive,0.4404,positive,False,0.0,,5,1,0.0,0.2,0.0,0.2,0.0,0.2,0.0
862925762541040,zesco limited may please circulating schedule day before changes quite inconveniencing knowing new week s schedule possible make monthly advance thank please,False,0.6369,positive,0.6369,0.273,0.654,0.073,positive,0.6369,positive,False,0.0,,22,3,0.0454545454545454,0.0454545454545454,0.0454545454545454,0.0,0.0454545454545454,0.0454545454545454,0.0454545454545454
1681413012651571,another dull chap earstern power busy supporting va zee s ife vaku chipata batinena ati ndife vopwalala koma tu chawa,False,0.0516,positive,-1.0,0.128,0.752,0.119,negative,-1.0,negative,True,-1.2,"chawa,zee",20,2,0.0,0.0,0.0,0.05,0.05,0.0,0.025
1091858975810538,temwa kainga boi trying buy power today refused,False,-0.296,negative,-0.596,0.0,0.761,0.239,negative,-0.596,negative,True,-0.3,temwa,8,1,0.0,0.0,0.0,0.0,0.125,0.0,0.0625
1322610832456208,mukuka lushomo very upsetting,False,-0.5256,negative,-0.5256,0.0,0.469,0.531,negative,-0.5256,negative,False,0.0,,4,0,0.0,0.0,0.0,0.0,0.0,0.0,0.0
701761344765771,fixing,False,0.0,neutral,0.0,0.0,1.0,0.0,neutral,0.0,neutral,False,0.0,,1,0,0.0,0.0,0.0,0.0,0.0,0.0,0.0
618831263798949,zesco limited complete bullsh t re following stated time group d e only paper,False,-0.2263,negative,-0.2263,0.0,0.84,0.16,negative,-0.2263,negative,False,0.0,,14,2,0.0714285714285714,0.0714285714285714,0.0,0.0,0.0714285714285714,0.0714285714285714,0.0714285714285714
1162550751042225,still comes back 12 hours,False,0.0,neutral,0.0,0.0,1.0,0.0,neutral,0.0,neutral,False,0.0,,5,0,0.0,0.0,0.0,0.0,0.0,0.0,0.0
1681413012651571,dennis zulu dull,False,-0.4019,negative,-0.4019,0.0,0.426,0.574,negative,-0.4019,negative,False,0.0,,3,1,0.0,0.0,0.0,0.0,0.3333333333333333,0.0,0.1666666666666666
816832912953800,margret phiri iyeee now tricky hope work soon,False,0.3182,positive,0.3182,0.276,0.571,0.152,positive,0.3182,positive,False,0.0,,8,1,0.0,0.125,0.0,0.125,0.0,0.125,0.0
925463345846730,power outages today hill crest ndola destroyed phone know don t accept faults gave fake schedule since morning power flip loping,False,-0.7783,negative,-0.7783,0.093,0.571,0.336,negative,-0.7783,negative,False,0.0,,21,3,0.0476190476190476,0.0,0.0476190476190476,0.0476190476190476,0.0476190476190476,0.0,0.0476190476190476
931374732181605,melz melz kikikikik melz,False,0.0,neutral,0.0,0.0,1.0,0.0,neutral,0.0,neutral,False,0.0,,4,0,0.0,0.0,0.0,0.0,0.0,0.0,0.0
836337398695683,don t tell us just want care less won t even follow schedule,False,0.785,positive,0.785,0.497,0.503,0.0,positive,0.785,positive,False,0.0,,13,1,0.0,0.0,0.0,0.0769230769230769,0.0,0.0,0.0
565242785161269,wondering people still complaining bitterly even relief given instead demanding relief,False,0.128,positive,0.128,0.328,0.317,0.354,positive,0.128,positive,False,0.0,,11,4,0.0909090909090909,0.0,0.0,0.0,0.0909090909090909,0.0,0.0909090909090909
1393778251401137,ati s increase decrease,False,0.3182,positive,0.3182,0.535,0.465,0.0,positive,0.3182,positive,False,0.0,,4,2,0.0,0.0,0.0,0.0,0.0,0.0,0.0
1259562757957102,saidi masili banda iwe boi sumvela didn t know re hilarious,False,0.4019,positive,0.4019,0.231,0.769,0.0,positive,0.4019,positive,False,0.0,,11,1,0.0,0.0,0.0,0.0,0.0,0.0,0.0
1539253826550352,moses chewe umutwe kwati ni zambia electric learn understand things naumonapo 12 hours apa,False,0.0,neutral,0.0,0.0,1.0,0.0,neutral,0.0,neutral,False,0.0,,14,2,0.0,0.0,0.0,0.0,0.0,0.0,0.0
583394940850912,zesco limited 1 yesterday asked question concerning us buy using mobile money didn t answer dont token vendors kwatu s buy usung mobile money 2 give us deadline know very well zesco limited don t follow schedule just extend deadline because everyone make always want us understand faults whatnot s also turn understand us,False,-0.3626,negative,-0.3626,0.099,0.774,0.127,negative,-0.3626,negative,False,0.0,,54,9,0.074074074074074,0.074074074074074,0.0,0.0555555555555555,0.037037037037037,0.074074074074074,0.0555555555555555
1065511448911076,noble excellent governor felix get u could happen sometime because load shedding continues won t rely government future us come private organization could supply electricity,False,0.886,positive,0.886,0.342,0.658,0.0,positive,0.886,positive,False,0.0,,25,8,0.0,0.08,0.04,0.16,0.0,0.08,0.0
527188406053799,12 hours split into ma 6 hours difference make t understand mathematics,False,0.0,neutral,0.0,0.0,1.0,0.0,neutral,0.0,neutral,False,0.0,,12,1,0.0,0.0,0.0,0.0,0.0,0.0,0.0
1220659632309494,zesco chimo fye na,False,0.0,neutral,0.0,0.0,1.0,0.0,neutral,0.0,neutral,False,0.0,,4,0,0.0,0.0,0.0,0.0,0.0,0.0,0.0
540973198303459,lamecky lj melchizedek m immediately using ka statement recover back tumakongoles,False,0.0,neutral,0.0,0.0,1.0,0.0,neutral,0.0,neutral,False,0.0,,11,2,0.0,0.0909090909090909,0.0,0.0909090909090909,0.0,0.0909090909090909,0.0
963209262309928,mmmmmh consumer access internet,False,0.0,neutral,0.0,0.0,1.0,0.0,neutral,0.0,neutral,False,0.0,,4,0,0.0,0.0,0.0,0.0,0.0,0.0,0.0
837954824387458,selina banda imagine only 9 units left,False,0.0,neutral,0.0,0.0,1.0,0.0,neutral,0.0,neutral,False,0.0,,7,0,0.0,0.0,0.0,0.0,0.0,0.0,0.0
8604366572989515,waiting weeks schedule,False,0.0,neutral,0.0,0.0,1.0,0.0,neutral,0.0,neutral,False,0.0,,3,0,0.0,0.0,0.0,0.0,0.0,0.0,0.0
906478284119960,schedule lie basically group people lying us yesterday power went 05 came 14 later went 17 came 23 today s already gone,False,-0.5267,negative,-0.5267,0.0,0.855,0.145,negative,-0.5267,negative,False,0.0,,22,2,0.0909090909090909,0.0,0.0,0.0,0.0454545454545454,0.0,0.0681818181818181
425161906424474,alinjavwa selwa ati just split short having 2 hour break something sort yet understand s practical mmmm okay darkness something else,False,-0.0258,neutral,-0.0258,0.091,0.813,0.096,neutral,-0.0258,neutral,False,0.0,,21,3,0.0476190476190476,0.0,0.0476190476190476,0.0,0.0476190476190476,0.0,0.0476190476190476
1391164684756543,us worst 33hrs image kapiri mposhi chibwe mukonchi area yesterday 12hrs today 21hrs ine ukufwaya ukulila awe bwafya mweee,False,-0.6249,negative,-1.0,0.0,0.814,0.186,negative,-1.0,negative,True,-0.7,awe,19,0,0.0,0.0,0.0,0.0,0.0,0.0,0.0
551518730868936,nga ifi lelo nipa imwe,False,0.0,neutral,0.0,0.0,1.0,0.0,neutral,0.0,neutral,False,0.0,,5,0,0.0,0.0,0.0,0.0,0.0,0.0,0.0
1220697095185978,catherine chabula sichande very sad indeed t develop feeling good impact either,False,0.0018,neutral,0.0018,0.279,0.507,0.215,neutral,0.0018,neutral,False,0.0,,12,3,0.0833333333333333,0.25,0.0833333333333333,0.1666666666666666,0.0833333333333333,0.25,0.0833333333333333
1668102877083337,u keep giving power morning work charge phones please work power too,False,0.5719,positive,0.5719,0.343,0.657,0.0,positive,0.5719,positive,False,0.0,,12,1,0.0,0.0,0.0,0.0,0.0,0.0,0.0
1357331375102374,lynda simbula hahahahaha yaba,False,0.0,neutral,-0.3,0.0,1.0,0.0,negative,-0.3,negative,True,-0.3,yaba,4,0,0.0,0.0,0.0,0.0,0.0,0.0,0.0
688403376277911,think schedule should revised interchange times atleast areas rotation areas cutting power time every day areas power only cuts once s midnight 05 rest day zesco proper rotation like way 12hrs used,False,-0.0516,negative,-0.0516,0.073,0.819,0.108,negative,-0.0516,negative,False,0.0,,32,4,0.03125,0.03125,0.03125,0.0,0.03125,0.03125,0.03125
946618299664694,stick 12hours please tactics aren t helping us,False,0.5423,positive,0.5423,0.474,0.526,0.0,positive,0.5423,positive,False,0.0,,8,1,0.0,0.0,0.125,0.125,0.0,0.0,0.0
1005670357251191,samson banda how fair comment should,False,0.3182,positive,0.3182,0.315,0.685,0.0,positive,0.3182,positive,False,0.0,,6,1,0.0,0.0,0.0,0.0,0.0,0.0,0.0
6394524170577597,same introducing half time game anyways businesses two things during 6 hours day unlike experiencing power cut 05 hours 17 hours,False,-0.2732,negative,-0.2732,0.0,0.9,0.1,negative,-0.2732,negative,False,0.0,,21,1,0.0,0.0476190476190476,0.0,0.0,0.0,0.0476190476190476,0.0
1135298890473561,don t even stick timetable just un professional how expect citizens plan around cannot manage yourselves please let s fair people s bad enough cutting power 12 hours even us roma,False,-0.5664,negative,-0.5664,0.069,0.722,0.209,negative,-0.5664,negative,False,0.0,,31,8,0.064516129032258,0.064516129032258,0.064516129032258,0.1290322580645161,0.064516129032258,0.064516129032258,0.064516129032258
536181802295761,initially proposed increment tariffs import now proposed reduction promises head toes life always doing opposite say,False,0.3818,positive,0.3818,0.148,0.852,0.0,positive,0.3818,positive,False,0.0,,16,0,0.0,0.0,0.0,0.0,0.0,0.0,0.0
484840467176643,conrad kondwani chilambo u imagine s irritating,False,-0.4588,negative,-0.4588,0.0,0.571,0.429,negative,-0.4588,negative,False,0.0,,7,1,0.1428571428571428,0.0,0.0,0.0,0.0,0.0,0.0714285714285714
1366446937441510,people zambia ladies gentlemen remember journey israelites let hh take caenane moses today,False,0.0,neutral,0.0,0.0,1.0,0.0,neutral,0.0,neutral,False,0.0,,13,1,0.0,0.0769230769230769,0.0769230769230769,0.0,0.0,0.0769230769230769,0.0
2469974976477174,difference same,False,0.0,neutral,0.0,0.0,1.0,0.0,neutral,0.0,neutral,False,0.0,,2,0,0.0,0.0,0.0,0.0,0.0,0.0,0.0
1322610832456208,company us group e going use power 00 00 03 00 like honestly let s serious considerate,False,0.7964,positive,0.7964,0.406,0.531,0.063,positive,0.7964,positive,False,0.0,,17,1,0.0,0.0,0.0,0.0588235294117647,0.0,0.0,0.0
1160356592050838,group e lusaka s happening now 15hrs,False,0.0,neutral,0.0,0.0,1.0,0.0,neutral,0.0,neutral,False,0.0,,7,0,0.0,0.0,0.0,0.0,0.0,0.0,0.0
949062929693052,kwateni order ba zesco,False,0.0,neutral,0.0,0.0,1.0,0.0,neutral,0.0,neutral,False,0.0,,4,0,0.0,0.0,0.0,0.0,0.0,0.0,0.0
856613838923064,ba zesco six hours foot still 12hrs chilenje goes kuma 23 comes kuma 05 goes 11 comes 18 45 u say six hours,False,0.0,neutral,0.0,0.0,1.0,0.0,neutral,0.0,neutral,False,0.0,,23,0,0.0,0.0,0.0,0.0,0.0,0.0,0.0
725459902190932,t understand mathematics because most business depends electricity difference make,False,0.0,neutral,0.0,0.0,1.0,0.0,neutral,0.0,neutral,False,0.0,,10,1,0.0,0.0,0.0,0.0,0.0,0.0,0.0
1259562757957102,phiri knox lucas ndeve chaonekela boi,False,0.0,neutral,0.0,0.0,1.0,0.0,neutral,0.0,neutral,False,0.0,,6,0,0.0,0.0,0.0,0.0,0.0,0.0,0.0
311057938684793,mirriam chilwashi bally bring rains,False,0.0,neutral,0.0,0.0,1.0,0.0,neutral,0.0,neutral,False,0.0,,5,0,0.0,0.0,0.0,0.0,0.0,0.0,0.0
311057938684793,mambwe kalwila adrian s things okay even living umbrella ur busy rebelling against now president long re zambia president too bally till 2096,False,-0.0516,negative,-0.0516,0.079,0.833,0.088,negative,-0.0516,negative,False,0.0,,23,3,0.0,0.0434782608695652,0.0,0.0869565217391304,0.0,0.0434782608695652,0.0
1227401631787100,mutale mark chakonta surprised people actually believed,False,0.2263,positive,0.2263,0.241,0.759,0.0,positive,0.2263,positive,False,0.0,,7,2,0.0,0.0,0.0,0.1428571428571428,0.0,0.0,0.0
199667413102327,6 weeks crying us paid may now now connection yet saying backlog cleared,False,-0.4019,negative,-0.4019,0.097,0.69,0.214,negative,-0.4019,negative,False,0.0,,13,1,0.0,0.0,0.0,0.0,0.0769230769230769,0.0,0.0384615384615384
644107217775772,namakau lubasi bought got less units,False,0.0,neutral,0.0,0.0,1.0,0.0,neutral,0.0,neutral,False,0.0,,6,0,0.0,0.0,0.0,0.0,0.0,0.0,0.0
1098733607909887,mine updated though big news informed,False,0.0,neutral,0.0,0.0,1.0,0.0,neutral,0.0,neutral,False,0.0,,6,0,0.0,0.0,0.0,0.0,0.0,0.0,0.0
1366446937441510,nsama patrick people very impatient zambia wonder how manage wait blessings,False,0.2516,positive,0.2516,0.233,0.6,0.166,positive,0.2516,positive,False,0.0,,11,4,0.0,0.2727272727272727,0.0,0.1818181818181818,0.0,0.2727272727272727,0.0
2309913445845051,zollywood tv sir agree,False,0.3612,positive,0.3612,0.455,0.545,0.0,positive,0.3612,positive,False,0.0,,4,2,0.0,0.0,0.0,0.25,0.0,0.0,0.0
511570027736052,ni fuel just done weekly,False,0.0,neutral,0.0,0.0,1.0,0.0,neutral,0.0,neutral,False,0.0,,5,0,0.0,0.0,0.0,0.0,0.0,0.0,0.0
461680426175485,kuwayawayafye sure t come effective time table zesco better than way everytime power going 10 hours only comes back 22 print time table imwe ba zesco,False,0.8074,positive,0.8074,0.274,0.726,0.0,positive,0.8074,positive,False,0.0,,26,3,0.0,0.0769230769230769,0.0,0.0384615384615384,0.0,0.0769230769230769,0.0
8207205366024150,got played fooled even changed still 3 hours,False,-0.0516,negative,-0.0516,0.24,0.5,0.26,negative,-0.0516,negative,False,0.0,,8,0,0.0,0.0,0.0,0.0,0.0,0.0,0.0
1539253826550352,isaac zulu joshua iginla confused first said recently also said president zambia going deliver,False,-0.3182,negative,-0.3182,0.0,0.85,0.15,negative,-0.3182,negative,False,0.0,,14,1,0.0,0.0,0.0,0.0714285714285714,0.0,0.0,0.0
1681413012651571,dennis zulu ok u give us power during day,False,0.296,positive,0.296,0.239,0.761,0.0,positive,0.296,positive,False,0.0,,9,0,0.0,0.0,0.0,0.0,0.0,0.0,0.0
1096573222127959,bridget tembo don t key meter automatically just enter first ktc1 code meter automatically clear enter ktc2 code clear enter code units check units added means need call zesco come update,False,0.6369,positive,0.6369,0.157,0.843,0.0,positive,0.6369,positive,False,0.0,,31,1,0.0,0.0,0.0,0.032258064516129,0.0,0.0,0.0
492310796602094,christine joanna julio good question,False,0.4404,positive,0.4404,0.42,0.58,0.0,positive,0.4404,positive,False,0.0,,5,2,0.0,0.2,0.0,0.2,0.0,0.2,0.0
2938486026317644,seems like disconnected kuno didn t know anything don t follow page didn t receive other communication,False,0.3612,positive,0.3612,0.161,0.839,0.0,positive,0.3612,positive,False,0.0,,17,3,0.0,0.0,0.0,0.1176470588235294,0.0588235294117647,0.0,0.0294117647058823
3596317530688421,work fast coz amalaiti tushita pa,False,0.0,neutral,-0.2,0.0,1.0,0.0,negative,-0.2,negative,True,-0.2,amalaiti,6,0,0.0,0.0,0.0,0.0,0.0,0.0,0.0
534250465132209,useless instead reducing 14hour just split two halves doesn t change anything see reason creating board consisting zesco erb rest first place,False,-0.1531,negative,-0.1531,0.092,0.792,0.117,negative,-0.1531,negative,False,0.0,,22,6,0.0,0.0454545454545454,0.0454545454545454,0.0,0.0,0.0454545454545454,0.0
1354677755466141,mulenda lukhere see chairperson provincial sports weight once echo,False,0.0,neutral,0.0,0.0,1.0,0.0,neutral,0.0,neutral,False,0.0,,9,1,0.0,0.1111111111111111,0.1111111111111111,0.1111111111111111,0.1111111111111111,0.1111111111111111,0.0555555555555555
3872353856318219,mwila twangasha least normalized today kind nonsense telling us elo never,False,0.1779,positive,0.1779,0.225,0.596,0.179,positive,0.1779,positive,False,0.0,,11,2,0.0,0.0,0.0,0.0909090909090909,0.0,0.0,0.0
874509763853596,physics teacher would say work done equals zero,False,0.0,neutral,0.0,0.0,1.0,0.0,neutral,0.0,neutral,False,0.0,,8,2,0.0,0.0,0.0,0.125,0.0,0.0,0.0
709666733886586,monica mutakwa yachilamo mweeeee,False,0.0,neutral,0.0,0.0,1.0,0.0,neutral,0.0,neutral,False,0.0,,4,0,0.0,0.0,0.0,0.0,0.0,0.0,0.0
5952979198073758,power cult around 16hrs yesterday now 08 31 still don t malati worse loading shedding ever history country,False,-0.4767,negative,-0.4767,0.0,0.838,0.162,negative,-0.4767,negative,False,0.0,,18,3,0.0,0.0,0.1111111111111111,0.0555555555555555,0.0555555555555555,0.0,0.0277777777777777
2640596836083446,conspam ltc u us same,False,0.0,neutral,0.0,0.0,1.0,0.0,neutral,0.0,neutral,False,0.0,,5,0,0.0,0.0,0.0,0.0,0.0,0.0,0.0
547271547324936,george siamalambo same 10 miles,False,0.0,neutral,0.0,0.0,1.0,0.0,neutral,0.0,neutral,False,0.0,,5,0,0.0,0.0,0.0,0.0,0.0,0.0,0.0
3762070777372623,tefintu even used now,False,0.0,neutral,-0.7,0.0,1.0,0.0,negative,-0.7,negative,True,-0.7,tefintu,4,0,0.0,0.0,0.0,0.0,0.0,0.0,0.0
919438979228345,liars s 09 40min ve power ndeke,False,-0.5267,negative,-0.5267,0.0,0.595,0.405,negative,-0.5267,negative,False,0.0,,7,0,0.0,0.0,0.0,0.0,0.0,0.0,0.0
314467591038766,think people country expect too much company 20million population looks zesco services s possible zesco work speed people s expectations yet proposals dismantling zesco being shot down people same company generates electricity same company transmits electricity same company distributes electricity same company services homes electricity impossible efficient effective scenarios let zesco concentrate generating electricity transmission distribution should handled others case cec shall witness good customer services status dont expect much just patience dont want private sectors participate sector create three state companies participate generation transmission distribution electricity,False,0.865,positive,0.865,0.118,0.868,0.013,positive,0.865,positive,False,0.0,,87,20,0.0114942528735632,0.057471264367816,0.0229885057471264,0.0804597701149425,0.0344827586206896,0.057471264367816,0.0229885057471264
612476807988749,lloyd katongo s too much wusakile people even stock things fridges ku ndeke t,False,0.0,neutral,0.0,0.0,1.0,0.0,neutral,0.0,neutral,False,0.0,,14,0,0.0,0.0,0.0,0.0,0.0,0.0,0.0
1323607518593121,shame trying buy kansi kuli problem,False,-0.7003,negative,-0.7003,0.0,0.408,0.592,negative,-0.7003,negative,False,0.0,,6,2,0.0,0.0,0.3333333333333333,0.0,0.3333333333333333,0.0,0.1666666666666666
523722040251973,s 1st october waiting rationing schedule promise,False,0.3182,positive,0.3182,0.315,0.685,0.0,positive,0.3182,positive,False,0.0,,7,1,0.0,0.0,0.0,0.1428571428571428,0.0,0.0,0.0
1366211197495682,ba zesco try change workers isoka because just play around electricity switch off because day find self court law,False,0.34,positive,0.34,0.118,0.882,0.0,positive,0.34,positive,False,0.0,,19,4,0.0526315789473684,0.0526315789473684,0.1052631578947368,0.0526315789473684,0.0,0.0526315789473684,0.0263157894736842
306493691934195,alone mwandi even uncle paid everything date nothing even holes,False,-0.25,negative,-0.25,0.0,0.818,0.182,negative,-0.25,negative,False,0.0,,10,0,0.0,0.0,0.0,0.0,0.0,0.0,0.0
1128801438953530,bebetty yenesha s month since massages started popping,False,0.0,neutral,0.0,0.0,1.0,0.0,neutral,0.0,neutral,False,0.0,,8,0,0.0,0.0,0.0,0.0,0.0,0.0,0.0
899944854800892,guess reserving power 2026 politics like ramaposa south africans even give us hope anyways just say t failed think something other than depending ba zesco limited,False,0.0516,positive,0.0516,0.171,0.665,0.165,positive,0.0516,positive,False,0.0,,26,4,0.0769230769230769,0.0384615384615384,0.0,0.0384615384615384,0.0384615384615384,0.0384615384615384,0.0576923076923076
1180490613114188,florence chikanji aunty flo too tired lol,False,-0.0258,neutral,-0.0258,0.262,0.467,0.271,neutral,-0.0258,neutral,False,0.0,,7,1,0.0,0.0,0.0,0.0,0.0,0.0,0.0
499831529550033,group h don t power 2 days now ba zesco limited s going,False,-0.2263,negative,-0.2263,0.0,0.808,0.192,negative,-0.2263,negative,False,0.0,,13,2,0.0769230769230769,0.0,0.0,0.0769230769230769,0.0769230769230769,0.0,0.0769230769230769
494225406114471,admin us understand situation since need protect generating units accept current situation problem implementation said schedule load management example area power went off around 0530 restored 1400 within hour power off see complaining anyway s fine because won t able pay dstv subscription,False,0.802,positive,0.802,0.252,0.635,0.113,positive,0.802,positive,False,0.0,,43,4,0.0,0.0232558139534883,0.0232558139534883,0.0465116279069767,0.0232558139534883,0.0232558139534883,0.0116279069767441
1276441433554820,good morning please advise yet going over 36hrs without power called call center yesterday evening told before midnight would power still nothing going checked friend makeni experiencing little load shedding please guys people desperately depend little power provide household fighting cancer husband diabetes m sure only family medical conditions please please fair power distribution,False,0.3761,positive,0.3761,0.236,0.593,0.171,positive,0.3761,positive,False,0.0,,54,11,0.037037037037037,0.0555555555555555,0.037037037037037,0.1296296296296296,0.0185185185185185,0.0555555555555555,0.0277777777777777
1077796063324363,zesco limited take notice,False,-0.2263,negative,-0.2263,0.0,0.612,0.388,negative,-0.2263,negative,False,0.0,,4,1,0.25,0.0,0.0,0.0,0.25,0.0,0.25
6877744568925424,benson kanyembo m just getting through airtel,False,0.0,neutral,0.0,0.0,1.0,0.0,neutral,0.0,neutral,False,0.0,,7,0,0.0,0.0,0.0,0.0,0.0,0.0,0.0
724159483123342,only towns,False,0.0,neutral,0.0,0.0,1.0,0.0,neutral,0.0,neutral,False,0.0,,2,0,0.0,0.0,0.0,0.0,0.0,0.0,0.0
559218576126862,kkatongo kapekele hakainde hichilema please take mother suffered,False,-0.2263,negative,-0.2263,0.2,0.522,0.278,negative,-0.2263,negative,False,0.0,,8,1,0.0,0.125,0.0,0.125,0.125,0.125,0.0625
1539253826550352,francis muma bunda s good u remember well lets just pray god s mercy s preserve us come land coz wen look life king saul s really scary 1 jealous other peoples success case david 2 wanting others better than 3 turning pipo israel away god,False,0.8963,positive,0.8963,0.372,0.506,0.122,positive,0.8963,positive,False,0.0,,46,13,0.0217391304347826,0.108695652173913,0.0869565217391304,0.0869565217391304,0.0434782608695652,0.108695652173913,0.0326086956521739
442822361760933,ritah mwaba tembo tell mwadi s too much solwezi,False,0.0,neutral,0.0,0.0,1.0,0.0,neutral,0.0,neutral,False,0.0,,9,0,0.0,0.0,0.0,0.0,0.0,0.0,0.0
1091675505563821,ba zesco na boma yesu chipate patefye ni try error today say tomorrow thy ll say very inconsistent planning policy direction,False,-0.4019,negative,-0.4019,0.0,0.881,0.119,negative,-0.4019,negative,False,0.0,,21,4,0.0,0.0952380952380952,0.0,0.0952380952380952,0.0476190476190476,0.0952380952380952,0.0238095238095238
1350227855844217,least 6 weeks ifwe ma 3 years,False,0.0,neutral,0.0,0.0,1.0,0.0,neutral,0.0,neutral,False,0.0,,7,0,0.0,0.0,0.0,0.0,0.0,0.0,0.0
1331690454041080,monica malama silwamba sister awe awe imwe should thousand reasons lol,False,0.4215,positive,-0.2784999999999999,0.219,0.781,0.0,negative,-0.2784999999999999,negative,True,-0.7,awe,11,0,0.0,0.0,0.0,0.0,0.0,0.0,0.0
547271547324936,george siamalambo woodlands restored went,False,0.34,positive,0.34,0.375,0.625,0.0,positive,0.34,positive,False,0.0,,5,0,0.0,0.0,0.0,0.0,0.0,0.0,0.0
917793930254235,zesco stop playing games us need power umungulu mungulu fye stop playing games us today s 1st october,False,-0.2023,negative,-1.0,0.171,0.619,0.21,negative,-1.0,negative,True,-1.6,"mungulu,umungulu",18,0,0.0,0.0,0.0,0.0,0.0,0.0,0.0
1342606413164315,listening president progressive whilst wait permanent solution,False,0.3182,positive,0.3182,0.277,0.723,0.0,positive,0.3182,positive,False,0.0,,7,4,0.0,0.1428571428571428,0.0,0.1428571428571428,0.0,0.1428571428571428,0.0
873152884103138,kenny malungakenny malunga longtime indeed kenny moniter boi ku li watsup group ya class yatu,False,0.0,neutral,0.0,0.0,1.0,0.0,neutral,0.0,neutral,False,0.0,,15,0,0.0,0.0,0.0,0.0,0.0,0.0,0.0
509875321241534,practically say s 3days without power power coming midnight going before wake,False,0.0,neutral,0.0,0.0,1.0,0.0,neutral,0.0,neutral,False,0.0,,12,1,0.0,0.0833333333333333,0.0,0.0,0.0,0.0833333333333333,0.0
230441863205721,s zesco toll free number,False,0.5574,positive,0.5574,0.697,0.303,0.0,positive,0.5574,positive,False,0.0,,5,0,0.0,0.0,0.0,0.0,0.0,0.0,0.0
1045021707103658,siven rowland bwembyayou ve said everything mind thank,False,0.3612,positive,0.3612,0.263,0.737,0.0,positive,0.3612,positive,False,0.0,,8,0,0.0,0.0,0.0,0.0,0.0,0.0,0.0
1869499667315649,1st october dont forget,False,0.1695,positive,0.1695,0.357,0.643,0.0,positive,0.1695,positive,False,0.0,,4,1,0.0,0.0,0.0,0.0,0.0,0.0,0.0
1276937660351733,told director power stable starting 1st october two days now don t power,False,0.296,positive,0.296,0.167,0.833,0.0,positive,0.296,positive,False,0.0,,13,3,0.0,0.0,0.0,0.2307692307692307,0.0,0.0,0.0
1233562421097987,happened things getting back normal pa 1st october pa sunday power 05 11 suffering weeks 2 3 hrs day even power pa monday decide give us power 1st october power gets restored 03 20 exactly 1 20hr cut rubbish,False,-0.4215,negative,-0.4215,0.059,0.813,0.128,negative,-0.4215,negative,False,0.0,,39,2,0.0,0.0,0.0256410256410256,0.0,0.0256410256410256,0.0,0.0128205128205128
895080369249123,zesco limited area power t remember last power restored other areas power 3 4 hours daily basis,False,0.128,positive,0.128,0.147,0.736,0.117,positive,0.128,positive,False,0.0,,17,2,0.0588235294117647,0.0588235294117647,0.0,0.0,0.0588235294117647,0.0588235294117647,0.0588235294117647
1681413012651571,dennis zulu s ppl like u crisis u take down anything u would stress deal ppl like u,False,-0.4404,negative,-0.4404,0.239,0.431,0.33,negative,-0.4404,negative,False,0.0,,18,3,0.0,0.0555555555555555,0.0,0.0555555555555555,0.0,0.0555555555555555,0.0
489266630038074,ackim katebe welcome,False,0.4588,positive,0.4588,0.6,0.4,0.0,positive,0.4588,positive,False,0.0,,3,0,0.0,0.0,0.0,0.0,0.0,0.0,0.0
664331705475734,paul tembo eeeh kanshi,False,0.0,neutral,0.0,0.0,1.0,0.0,neutral,0.0,neutral,False,0.0,,4,0,0.0,0.0,0.0,0.0,0.0,0.0,0.0
1832152390496031,jordan chikula right bro,False,0.0,neutral,0.0,0.0,1.0,0.0,neutral,0.0,neutral,False,0.0,,4,0,0.0,0.0,0.0,0.0,0.0,0.0,0.0
841991163531334,grace nonde kombe line tripping while rest power,False,0.4215,positive,0.4215,0.286,0.714,0.0,positive,0.4215,positive,False,0.0,,8,3,0.125,0.0,0.0,0.0,0.125,0.0,0.125
1157680775112726,electricity went 11 59 means 17 59 must back still now still waiting stick time,False,0.0,neutral,0.0,0.0,1.0,0.0,neutral,0.0,neutral,False,0.0,,15,2,0.0,0.0666666666666666,0.0,0.0,0.0,0.0666666666666666,0.0
1052945053170961,collins chanda s total mess bru,False,-0.3612,negative,-0.3612,0.0,0.615,0.385,negative,-0.3612,negative,False,0.0,,6,1,0.0,0.0,0.0,0.0,0.0,0.0,0.0
311057938684793,mirriam chilwashi opposition possible solutions now implement,False,0.1779,positive,0.1779,0.221,0.779,0.0,positive,0.1779,positive,False,0.0,,7,1,0.1428571428571428,0.0,0.0,0.0,0.0,0.0,0.0714285714285714
842383250210740,please uulolesha kunkana college aposeko amano ifwe tatukwete amaalaiti bambi nabakwata ifyakuminkonka kuma officeses tatulefwaya,False,0.3182,positive,0.3182,0.141,0.859,0.0,positive,0.3182,positive,False,0.0,,15,0,0.0,0.0,0.0,0.0,0.0,0.0,0.0
1220785765502811,don t even stick timetable huh,False,0.0,neutral,0.0,0.0,1.0,0.0,neutral,0.0,neutral,False,0.0,,6,1,0.0,0.0,0.0,0.1666666666666666,0.0,0.0,0.0
1210435460175500,s unfortunately us since sunday haven t yet seen power 4 days now don t know whether timetable working accordingly just concerned having hard times understand term 3 hours stability supply power s right word use,False,-0.4215,negative,-0.4215,0.0,0.881,0.119,negative,-0.4215,negative,False,0.0,,36,6,0.0,0.0,0.0277777777777777,0.0833333333333333,0.0277777777777777,0.0,0.0138888888888888
2299770710224782,george muls znbc 19hrs said s reduced 6hrs only,False,0.0,neutral,0.0,0.0,1.0,0.0,neutral,0.0,neutral,False,0.0,,9,0,0.0,0.0,0.0,0.0,0.0,0.0,0.0
563104089600203,keep updating public don t even follow timeline eg rhodespark doesn t power days s restored s less than three hours stop wasting bundles ours mxxxxxxxxxxxm,False,-0.3612,negative,-0.3612,0.091,0.722,0.186,negative,-0.3612,negative,False,0.0,,26,3,0.0,0.0384615384615384,0.0384615384615384,0.0384615384615384,0.0384615384615384,0.0384615384615384,0.0192307692307692
1243604516887706,stop sneaking extra 45 mins set alarms 2 mins before don t forget restore power time thanks,True,-0.0258,neutral,-0.0258,0.239,0.469,0.291,negative,-0.0258,negative,False,0.0,,17,5,0.0,0.1176470588235294,0.0588235294117647,0.1176470588235294,0.0,0.1176470588235294,0.0
666239068516046,things getting bad worse food money even hope work find something family s gone how work without power mr president just bad every bad things happened 1 year,False,-0.8934,negative,-0.8934,0.077,0.56,0.363,negative,-0.8934,negative,False,0.0,,28,8,0.1428571428571428,0.0714285714285714,0.1428571428571428,0.1428571428571428,0.1428571428571428,0.0714285714285714,0.1428571428571428
1609197929976842,awe bane stop ichibeleshi lelo nipa wanu,False,-0.296,negative,-1.0,0.0,0.732,0.268,negative,-1.0,negative,True,-1.5,"awe,ichibeleshi",7,1,0.1428571428571428,0.0,0.1428571428571428,0.0,0.0,0.0,0.0714285714285714
1270080634361914,lelo nipa 1 october ba zesco noti ifyo mulelenda,False,0.0,neutral,0.0,0.0,1.0,0.0,neutral,0.0,neutral,False,0.0,,9,0,0.0,0.0,0.0,0.0,0.0,0.0,0.0
703536127845341,kuno yele kuma 11 47 t even keep time ba kolwe,False,0.0,neutral,0.0,0.0,1.0,0.0,neutral,0.0,neutral,False,0.0,,11,1,0.0,0.0909090909090909,0.0,0.0,0.0,0.0909090909090909,0.0
431150710039796,now us black how going even though prepaid off mean even don t power still press digits prepaid,False,0.0,neutral,0.0,0.0,1.0,0.0,neutral,0.0,neutral,False,0.0,,18,2,0.0,0.0,0.0,0.0555555555555555,0.0555555555555555,0.0,0.0277777777777777
1206656877068767,bob banda eventually went dm s seems like meter already updated remember e tearing stuff last time thought like different update,False,0.6124,positive,0.6124,0.227,0.773,0.0,positive,0.6124,positive,False,0.0,,21,2,0.0,0.0952380952380952,0.0,0.0,0.0,0.0952380952380952,0.0
2864588043685007,vian suwilanji simbaya difference same areas end experiencing load shedding even 3 times day 12 hours straight even better purposes planning day,False,0.5859,positive,0.5859,0.202,0.798,0.0,positive,0.5859,positive,False,0.0,,22,1,0.0,0.0454545454545454,0.0,0.0454545454545454,0.0,0.0454545454545454,0.0
2182068691972856,titus masumbuku ivunda still smoking kkkkkkkkkkk,False,0.0,neutral,0.0,0.0,1.0,0.0,neutral,0.0,neutral,False,0.0,,6,0,0.0,0.0,0.0,0.0,0.0,0.0,0.0
1056556399810818,bilha wairimu great opportunity look,False,0.7845,positive,0.7845,0.697,0.303,0.0,positive,0.7845,positive,False,0.0,,5,1,0.0,0.2,0.0,0.0,0.0,0.2,0.0
1192182698063836,someone want clapped crazy thing shortly u said dry now reach 6hours fact same because going twice day zesco don t think re ur family members jxt cut export power other countries,True,-0.4767,negative,-0.4767,0.073,0.79,0.137,negative,-0.4767,negative,False,0.0,,32,4,0.03125,0.03125,0.03125,0.0625,0.03125,0.03125,0.03125
311057938684793,mirriam chilwashi during time rains fairly well don t talk anger frustrations need country find other means power before october otherwise having week without power,False,-0.6808,negative,-0.6808,0.07,0.705,0.225,negative,-0.6808,negative,False,0.0,,25,5,0.04,0.04,0.0,0.08,0.0,0.04,0.02
861299598424277,ba zesco lesa amipale power gone 07 now suwa kind witchcraft emwe,False,0.5267,positive,0.5267,0.236,0.764,0.0,positive,0.5267,positive,False,0.0,,12,2,0.0833333333333333,0.0,0.0833333333333333,0.0833333333333333,0.0833333333333333,0.0,0.0833333333333333
402137349350108,namwaka nana wasilota group d 12 21 group e 14 22 last week 4 hours schedule group e 17 21,False,0.0,neutral,0.0,0.0,1.0,0.0,neutral,0.0,neutral,False,0.0,,20,0,0.0,0.0,0.0,0.0,0.0,0.0,0.0
646741773873357,16 become 18 power cut 06 came back 12 apa cut 16 isn t madness elo should appliances get burnt awe sure should ready person like,False,0.0516,positive,-0.6484,0.219,0.569,0.213,negative,-0.6484,negative,True,-0.7,awe,26,3,0.0384615384615384,0.0384615384615384,0.0384615384615384,0.0,0.0,0.0384615384615384,0.0192307692307692
954848399439499,good morning king general please refer inbox feedback over concerns regards cj,False,0.6369,positive,0.6369,0.342,0.658,0.0,positive,0.6369,positive,False,0.0,,12,3,0.0,0.0833333333333333,0.0,0.1666666666666666,0.0,0.0833333333333333,0.0
967128108506107,s october s power vama net metering apa,False,0.0,neutral,0.0,0.0,1.0,0.0,neutral,0.0,neutral,False,0.0,,8,0,0.0,0.0,0.0,0.0,0.0,0.0,0.0
2981527101988605,ppl should fixed timetable every week mulecinja cinja stick timetable please,False,0.3182,positive,0.3182,0.187,0.813,0.0,positive,0.3182,positive,False,0.0,,11,1,0.0,0.0,0.0,0.0909090909090909,0.0,0.0,0.0
910956080090584,happens us loadshadded fir than 12 hours mean laodshedded 8 hours split now,False,0.0,neutral,0.0,0.0,1.0,0.0,neutral,0.0,neutral,False,0.0,,13,1,0.0,0.0,0.0,0.0,0.0,0.0,0.0
550563374101318,s 1st today stop showing us sense get,False,-0.296,negative,-0.296,0.0,0.732,0.268,negative,-0.296,negative,False,0.0,,8,1,0.0,0.0,0.0,0.0,0.0,0.0,0.0
612476807988749,zesco limited explanation ndeke village being loadshade d 2 hrs daily always power coming midnight just 2 hrs switch off ndeke only place over uses power load shedding still worsening even cost tariffs increased under deception zesco capacity import power problem don t even stick timetable switch off whenever don t rotate should rotating write statements different,True,-0.8126,negative,-0.8126,0.035,0.789,0.176,negative,-0.8126,negative,False,0.0,,57,8,0.0175438596491228,0.0350877192982456,0.0175438596491228,0.0350877192982456,0.0526315789473684,0.0350877192982456,0.0350877192982456
2202786226779292,same situation paid april now,False,0.0,neutral,0.0,0.0,1.0,0.0,neutral,0.0,neutral,False,0.0,,5,0,0.0,0.0,0.0,0.0,0.0,0.0,0.0
1539253826550352,phiri davids thanks sir guys forgetting voted think s hatred since took over presidence moral decay country increased first time people being arrested protesting against homosexuality christian nation shunning away 18th oct day prayer fasting nation almost introduced legalized man marrying polygamy constitution serious issues nation,False,-0.8442,negative,-0.8442,0.088,0.665,0.247,negative,-0.8442,negative,False,0.0,,46,12,0.0652173913043478,0.0217391304347826,0.0652173913043478,0.1304347826086956,0.0652173913043478,0.0217391304347826,0.0652173913043478
856102363268876,zesco limited re serious company aside people having power exercise people business traveled different places country houses locked how supposed deal deadline tomorrow should come back update meter travel back continue businesses put month notice iyo 24hrs live same house same programs just because always go back house doesn t mean everyone just because leave people home doesn t mean everyone mwabako na logical s even load shedding keeps worsening,False,-0.6597,negative,-0.6597,0.0,0.895,0.105,negative,-0.6597,negative,False,0.0,,70,7,0.0142857142857142,0.0428571428571428,0.0,0.0285714285714285,0.0428571428571428,0.0428571428571428,0.0285714285714285
530851722153204,bupe kunda meanwhile leave home power come back darkness lol,False,0.1531,positive,0.1531,0.215,0.538,0.246,positive,0.1531,positive,False,0.0,,10,2,0.1,0.0,0.1,0.0,0.2,0.0,0.15
6170660102944681,better gives opportunity work 6hours,False,0.6908,positive,0.6908,0.655,0.345,0.0,positive,0.6908,positive,False,0.0,,5,1,0.0,0.2,0.0,0.0,0.0,0.2,0.0
6107112926000769,how come places still experiencing 12 hours load shedding matero shardricks area,False,0.0,neutral,0.0,0.0,1.0,0.0,neutral,0.0,neutral,False,0.0,,12,0,0.0,0.0,0.0,0.0,0.0,0.0,0.0
880439590817413,daniel kapandula mweene aaaah,False,0.0,neutral,0.0,0.0,1.0,0.0,neutral,0.0,neutral,False,0.0,,4,0,0.0,0.0,0.0,0.0,0.0,0.0,0.0
1121022023058539,how going update ifwe kimwesu takwaba amalaiti,False,0.0,neutral,-0.2,0.0,1.0,0.0,negative,-0.2,negative,True,-0.2,amalaiti,7,0,0.0,0.0,0.0,0.0,0.0,0.0,0.0
557230389626801,haven t power since yesterday 17 30 now 24 hours loadshedding,False,0.0,neutral,0.0,0.0,1.0,0.0,neutral,0.0,neutral,False,0.0,,11,1,0.0,0.0,0.0,0.0909090909090909,0.0,0.0,0.0
164833296506994,makumba l kabwela ching ambu,False,0.0,neutral,0.0,0.0,1.0,0.0,neutral,0.0,neutral,False,0.0,,5,0,0.0,0.0,0.0,0.0,0.0,0.0,0.0
428259989439534,ian bugar yaunfwika bwino,False,0.0,neutral,-0.5,0.0,1.0,0.0,negative,-0.5,negative,True,-0.5,bwino,4,0,0.0,0.0,0.0,0.0,0.0,0.0,0.0
1047142153559111,maryann franks s beyond joke hope doing ok message ever need anything,False,0.743,positive,0.743,0.477,0.523,0.0,positive,0.743,positive,False,0.0,,12,2,0.0,0.0833333333333333,0.0,0.0833333333333333,0.0,0.0833333333333333,0.0
