comment_id,text,timestamp,author_name,source_url
962024962124923,"Apart from rotating the schedule is there anything that is being done to completely resolve the loadshedding issue, we are unable to run our Businesses effectively",2026-05-04T13:59:33.354063+00:00,,https://www.facebook.com/100057335174945/posts/924732422781255/?app=fbl
1340593266586861,"You are supposed to be giving us updates on the measures taken to mitigate loadshedding and not telling us the same things every time. Give us a time frame when loads loadshedding will end, build confidence in your customers that you are working working around the clock to serve the nation better. Otherwise, these repeated statements you issue are a clear indication that someone is sleeping on his job",2026-05-04T13:59:33.354088+00:00,,https://www.facebook.com/100057335174945/posts/924732422781255/?app=fbl
1955060858245945,"Loadshedding is not the answer, STOP waiting for miracle water to fill up the Kariba Dam. 
Rain season has come to an end, all my businesses have come to a standstill because of you bro !",2026-05-04T13:59:33.354096+00:00,,https://www.facebook.com/100057335174945/posts/924732422781255/?app=fbl
380870341599348,I hope Bally will address this in his next  term of office because  u can't have a flourishing economy with loadsheding and currently small businesses are struggling to survive.In opposition he had solutions so we shall give him another term to sort out this evil in the name of loadsheding,2026-05-04T13:59:33.354102+00:00,,https://www.facebook.com/100057335174945/posts/924732422781255/?app=fbl
987006009760428,"I love my group E, the only problem is that you don't follow your timetable.",2026-05-04T13:59:33.354109+00:00,,https://www.facebook.com/100057335174945/posts/924732422781255/?app=fbl
957257449022006,"Please bring back the 4 hour staggered pattern. This 8 hours thing is unbearable. Do y'all know how it feels to not have electricity? People viewing this, are you comfortable with 8 hours? Like honestly? If so, please comment why. The 4 hour pattern was perfect, the only down side was their inefficiency to restoring it. Zesco Limited what can be done about that?",2026-05-04T13:59:33.354115+00:00,,https://www.facebook.com/100057335174945/posts/924732422781255/?app=fbl
954848399439499,"GIFT MWAMBA 
mwambagift938@gmail.com
CHINGOLA, COPPERBELT 

0764654087
24 WENS, APRIL, 2024

Dear Sir/Madam,

Re: Unreliable Power Supply in Chingola

I am writing to express my frustration and disappointment with the inconsistent power supply in Chingola, which has been ongoing for several weeks now. Despite the 8-hour load shedding schedule implemented by Zesco, we have been experiencing unpredictable and extended power outages in our area.

Specifically,started on 10th April 2024, The power went out at 06:10 and was only restored at 14:00, only to go out again at 19:00 and remain off until now. This erratic pattern has been the norm for the past few weeks, causing significant inconvenience and disruption to our daily lives.

As a customer, I expect a reliable and consistent power supply, especially considering the 8-hour load shedding schedule that was put in place to manage power distribution. The current situation is unacceptable and has resulted in food spoilage, disrupted work and study schedules, and additional expenses for alternative power sources.

I urge you to investigate this matter and take immediate action to address the issue. Please ensure that your team sticks to the scheduled load shedding times and works to minimize unscheduled outages.

I appreciate your prompt attention to this matter, and I look forward to a more reliable power supply in the near future.

Sincerely,

zesco Zambia kuchalo 

GIFT MWAMBA 
mwambagift938@gmail.com
CHINGOLA, COPPERBELT 

0764654087
24 WENS, APRIL, 2024

Dear Sir/Madam,

Re: Unreliable Power Supply in Chingola

I am writing to express my frustration and disappointment with the inconsistent power supply in Chingola, which has been ongoing for several weeks now. Despite the 8-hour load shedding schedule implemented by Zesco, we have been experiencing unpredictable and extended power outages in our area.

Specifically,started on 10th April 2024, The power went out at 06:10 and was only restored at 14:00, only to go out again at 19:00 and remain off until now. This erratic pattern has been the norm for the past few weeks, causing significant inconvenience and disruption to our daily lives.

As a customer, I expect a reliable and consistent power supply, especially considering the 8-hour load shedding schedule that was put in place to manage power distribution. The current situation is unacceptable and has resulted in food spoilage, disrupted work and study schedules, and additional expenses for alternative power sources.

I urge you to investigate this matter and take immediate action to address the issue. Please ensure that your team sticks to the scheduled load shedding times and works to minimize unscheduled outages.

I appreciate your prompt attention to this matter, and I look forward to a more reliable power supply in the near future.

Sincerely,

zesco Zambia kuchalo 
Zesco Limited",2026-05-04T13:59:33.354121+00:00,,https://www.facebook.com/100057335174945/posts/924732422781255/?app=fbl
792132815807256,Next time release the schedule Sunday evening so we make plans for the next dayZesco Limited,2026-05-04T13:59:33.354127+00:00,,https://www.facebook.com/100057335174945/posts/924732422781255/?app=fbl
423658663610885,"So you ba Zesco you have nothing to do than keep posting schedule please stop this load shedding OK you have destroyed our business 

You are hateless you people very hateless",2026-05-04T13:59:33.354133+00:00,,https://www.facebook.com/100057335174945/posts/924732422781255/?app=fbl
914665813794231,"When I was at government school I used to pass number last 70 and  my father was too angry not until he changed me to a private school and I passed number 9 my father was very happy he even bought chicken 🐔 but he didn't know that we were 9 in class.😂

Follow my page ♥️🙏🏼",2026-05-04T13:59:33.354139+00:00,,https://www.facebook.com/100057335174945/posts/924732422781255/?app=fbl
962024962124923,"Obey Silavwe Maliwanda seems like nothing,they stopped mentioning Maamba coal plant and solar projects",2026-05-04T13:59:33.354145+00:00,,https://www.facebook.com/100057335174945/posts/924732422781255/?app=fbl
962024962124923,"Obey Silavwe Maliwanda good question..

Now I don't think they are doing something. Because, just a week of loadsheding,was going to wake them up to curtail it. But no. It's going higher and higher each month. No change.",2026-05-04T13:59:33.354150+00:00,,https://www.facebook.com/100057335174945/posts/924732422781255/?app=fbl
962024962124923,"Obey Silavwe Maliwanda good question,
 I think they are not working on this loadsheding they think we're happy in this black out while our business are suffer alot",2026-05-04T13:59:33.354156+00:00,,https://www.facebook.com/100057335174945/posts/924732422781255/?app=fbl
962024962124923,Obey Silavwe Maliwanda they are waiting for next year's rains,2026-05-04T13:59:33.354162+00:00,,https://www.facebook.com/100057335174945/posts/924732422781255/?app=fbl
962024962124923,Zambia will never develop it will continue having unemployed people how can a country sale electricity n consider itself a slave to loadsheding,2026-05-04T13:59:33.354168+00:00,,https://www.facebook.com/100057335174945/posts/924732422781255/?app=fbl
962024962124923,Obey Silavwe Maliwanda good question,2026-05-04T13:59:33.354173+00:00,,https://www.facebook.com/100057335174945/posts/924732422781255/?app=fbl
962024962124923,Anna Chanda they owe money there .,2026-05-04T13:59:33.354179+00:00,,https://www.facebook.com/100057335174945/posts/924732422781255/?app=fbl
962024962124923,"Obey Silavwe Maliwanda while this is a valid question, Zesco Limited  is stuck and praying for miracle water. So now it's not about them but us business owners, what are we doing to help ourselves?",2026-05-04T13:59:33.354185+00:00,,https://www.facebook.com/100057335174945/posts/924732422781255/?app=fbl
962024962124923,Jeffrey Katawola it literally makes zero sense 😒 you sell so that your people suffer 🥲awe mwandi,2026-05-04T13:59:33.354191+00:00,,https://www.facebook.com/100057335174945/posts/924732422781255/?app=fbl
962024962124923,Fuma Apa how long are we going to depend on rains sure 😭 haven’t we learned that rain won’t always be there?,2026-05-04T13:59:33.354196+00:00,,https://www.facebook.com/100057335174945/posts/924732422781255/?app=fbl
957257449022006,Uncle Ticky real tho 🤣,2026-05-04T13:59:33.354202+00:00,,https://www.facebook.com/100057335174945/posts/924732422781255/?app=fbl
957257449022006,Uncle Ticky you are right 👍,2026-05-04T13:59:33.354208+00:00,,https://www.facebook.com/100057335174945/posts/924732422781255/?app=fbl
1955060858245945,"Petrel Whales Zesco planners are incompetent. They have been having the same problem with water levels every year, but they have failed to find permanent solutions. 

They should stop relying on hydro power so much, when they're other ways of generating electricity that do not even need rain.",2026-05-04T13:59:33.354214+00:00,,https://www.facebook.com/100057335174945/posts/924732422781255/?app=fbl
1955060858245945,Petrel Whales the water levels are there it's just that they are selling electricity outside,2026-05-04T13:59:33.354220+00:00,,https://www.facebook.com/100057335174945/posts/924732422781255/?app=fbl
1955060858245945,Bwalya Chungu true this is very true they are selling electricity to other countries whilst here we barely have electricity 😠😡🤬😤,2026-05-04T13:59:33.354225+00:00,,https://www.facebook.com/100057335174945/posts/924732422781255/?app=fbl
1955060858245945,Sure thing,2026-05-04T13:59:33.354231+00:00,,https://www.facebook.com/100057335174945/posts/924732422781255/?app=fbl
954848399439499,"Good morning, King General please refer to your inbox for our feedback over your concerns. Regards CJ",2026-05-04T13:59:33.354237+00:00,,https://www.facebook.com/100057335174945/posts/924732422781255/?app=fbl
987006009760428,ANSON honestly Pali na va liking apa🤣🤣,2026-05-04T13:59:33.354243+00:00,,https://www.facebook.com/100057335174945/posts/924732422781255/?app=fbl
987006009760428,ANSON true like today power outage was from 03:22 till now,2026-05-04T13:59:33.354249+00:00,,https://www.facebook.com/100057335174945/posts/924732422781255/?app=fbl
987006009760428,Meah Chulu it came back and it cut at 06hrs,2026-05-04T13:59:33.354255+00:00,,https://www.facebook.com/100057335174945/posts/924732422781255/?app=fbl
987006009760428,I'm sure you won't like the group coming this week,2026-05-04T13:59:33.354261+00:00,,https://www.facebook.com/100057335174945/posts/924732422781255/?app=fbl
987006009760428,Abraham Mwale meaning,2026-05-04T13:59:33.354267+00:00,,https://www.facebook.com/100057335174945/posts/924732422781255/?app=fbl
987006009760428,Faith Choolwe Maambo then that was after i left for work maybe,2026-05-04T13:59:33.354273+00:00,,https://www.facebook.com/100057335174945/posts/924732422781255/?app=fbl
987006009760428,Meah Chulu yes maybe,2026-05-04T13:59:33.354279+00:00,,https://www.facebook.com/100057335174945/posts/924732422781255/?app=fbl
987006009760428,Meah Chulu we have been sleeping in the dark for three weeks straight,2026-05-04T13:59:33.354284+00:00,,https://www.facebook.com/100057335174945/posts/924732422781255/?app=fbl
987006009760428,Abraham Mwale oh i see us it went kuma 03,2026-05-04T13:59:33.354290+00:00,,https://www.facebook.com/100057335174945/posts/924732422781255/?app=fbl
987006009760428,Meah Chulu it must be a fault 03 is not on the schedule,2026-05-04T13:59:33.354296+00:00,,https://www.facebook.com/100057335174945/posts/924732422781255/?app=fbl
326213627155585,Ba zesco how many hours is 8 hours  coz imwe your 8 hours goes beyond?,2026-05-04T13:59:33.354302+00:00,,https://www.facebook.com/100057335174945/posts/924732422781255/?app=fbl
991351619361086,Group C and D for Chingola is not even necessary mwe uh 🙄,2026-05-04T13:59:33.354311+00:00,,https://www.facebook.com/100057335174945/posts/924732422781255/?app=fbl
25805848672339431,Ku Group E Mwanama Ba Zesco Malaiti ni 06 hrs  mpaka 16 hrs 🙄,2026-05-04T13:59:33.354317+00:00,,https://www.facebook.com/100057335174945/posts/924732422781255/?app=fbl
1486010195630081,"Give us technical updates, are you now just a distributor or what ? It’s like you’re no longer on generation you’re always sounding awful. It’s like the entity who took over now sets conditions and you have to abide Zesco Limited",2026-05-04T13:59:33.354323+00:00,,https://www.facebook.com/100057335174945/posts/924732422781255/?app=fbl
3650597628601064,"Group E,people in charge please keep time ,we are tired of of apologies",2026-05-04T13:59:33.354329+00:00,,https://www.facebook.com/100057335174945/posts/924732422781255/?app=fbl
971752154406184,Here in six miles we don't have power since 11hrs,2026-05-04T13:59:33.354348+00:00,,https://www.facebook.com/100057335174945/posts/924732422781255/?app=fbl
399580692918563,What about Eastern,2026-05-04T13:59:33.354354+00:00,,https://www.facebook.com/100057335174945/posts/924732422781255/?app=fbl
441180861797808,"The problem is that: You guys don't follow these your timetables and this your so called 8hra loadsheding it's not even 8hrs. Here in Ndola JACARANDA AREA in the previous week power was going 05hrs and return 15:hrs sometimes 16rs. 

You should be serious",2026-05-04T13:59:33.354359+00:00,,https://www.facebook.com/100057335174945/posts/924732422781255/?app=fbl
953962346386219,Your criteria honestly speaking.....it's not tallying up with people's demands and expectations....how do you cutt off power during the day then bring it at midnight....then cutt it off again early morning??? Before you go through your schedules please make sure that things balance up ... because you are now becoming incompetent with your work .... standards reporting from johnlaiag chidundu area.Zesco Limited,2026-05-04T13:59:33.354365+00:00,,https://www.facebook.com/100057335174945/posts/924732422781255/?app=fbl
7721292354568793,Zesco Limited your  hours are not accurate power goes 10hrs to 20hrs instead  of 12hrs to 20hrs,2026-05-04T13:59:33.354371+00:00,,https://www.facebook.com/100057335174945/posts/924732422781255/?app=fbl
380870341599348,Stephen Sata he doesn't have a solution is blank too. 🤣,2026-05-04T13:59:33.354376+00:00,,https://www.facebook.com/100057335174945/posts/924732422781255/?app=fbl
380870341599348,Stephen Sata ba mister know it all apa tapali efyo beshibe he's blank,2026-05-04T13:59:33.354383+00:00,,https://www.facebook.com/100057335174945/posts/924732422781255/?app=fbl
380870341599348,Stephen Sata The Same Bally who Promised to End Loadsheading and bring down dollar rate 😂🙈He's not bothered besides they don't loadshead him..How can HE feel the impact this is on the Poor people kaili...Ba Bally Benu.    listen to his campaign preaching... yoooo lies,2026-05-04T13:59:33.354388+00:00,,https://www.facebook.com/100057335174945/posts/924732422781255/?app=fbl
380870341599348,"Stephen Sata you're on your own don't say ""we""",2026-05-04T13:59:33.354394+00:00,,https://www.facebook.com/100057335174945/posts/924732422781255/?app=fbl
380870341599348,Stephen Sata You mean in 2026??,2026-05-04T13:59:33.354400+00:00,,https://www.facebook.com/100057335174945/posts/924732422781255/?app=fbl
991351619361086,Kunda Changwe Mahata image the 05 is not making sense,2026-05-04T13:59:33.354405+00:00,,https://www.facebook.com/100057335174945/posts/924732422781255/?app=fbl
987006009760428,Abraham Mwale may be mwandi but am told it came and cut again kuma 6,2026-05-04T13:59:33.354411+00:00,,https://www.facebook.com/100057335174945/posts/924732422781255/?app=fbl
987006009760428,Abraham Mwale imagine ai ba zesco is so irritating 🤦,2026-05-04T13:59:33.354417+00:00,,https://www.facebook.com/100057335174945/posts/924732422781255/?app=fbl
363766932724317,Ise kuno ma light ni rumour che,2026-05-04T13:59:33.354423+00:00,,https://www.facebook.com/100057335174945/posts/924732422781255/?app=fbl
954115973046444,Zesco please find out whereLumbanya Kangwa stays because he always has power. Why is his area special? Why don’t you loadshed them?,2026-05-04T13:59:33.354428+00:00,,https://www.facebook.com/100057335174945/posts/924732422781255/?app=fbl
742161944668887,Why put out a schedule if you will fail to stick to it😑😑,2026-05-04T13:59:33.354434+00:00,,https://www.facebook.com/100057335174945/posts/924732422781255/?app=fbl
958279676009292,Group D nichikata,2026-05-04T13:59:33.354440+00:00,,https://www.facebook.com/100057335174945/posts/924732422781255/?app=fbl
2708756899294372,"Zesco Limited this schedule should be released a day before so we plan properly. 
Kindly take note!",2026-05-04T13:59:33.354445+00:00,,https://www.facebook.com/100057335174945/posts/924732422781255/?app=fbl
420292663949719,Kwena mulimbwa fye imwe. 10 years + since you realised there's a deficit but your solution is still loadshedding. You're not even powering the whole nation. Mulibakulekafye. If I were you I'd stop even going updates nokufichitilamofye kaili mi sula kale if we. Just do whatever you want.,2026-05-04T13:59:33.354453+00:00,,https://www.facebook.com/100057335174945/posts/924732422781255/?app=fbl
974631150331430,James we are in group E,2026-05-04T13:59:33.354459+00:00,,https://www.facebook.com/100057335174945/posts/924732422781255/?app=fbl
872217564661938,"Ba zesco imwe ndimwe ma big boys.
Why not invest in solar plants per district where electricity is a cardinal to cater for the 8hrs",2026-05-04T13:59:33.354464+00:00,,https://www.facebook.com/100057335174945/posts/924732422781255/?app=fbl
1373033290054352,Manje ise kuno kuli ba president side. Yaenda Kabili lelo 😞,2026-05-04T13:59:33.354470+00:00,,https://www.facebook.com/100057335174945/posts/924732422781255/?app=fbl
438116302138250,Trade kings should introduce another electricity company. Aba beve awe they’re rich. Don’t even care bout their customers cuz they’ve got mullah.,2026-05-04T13:59:33.354475+00:00,,https://www.facebook.com/100057335174945/posts/924732422781255/?app=fbl
326213627155585,"Prince Delle Mumba they're clever. In the statement above,they mentioned the word ""approximately 8hrs"", so don't complain when it goes slightly before or beyond that😂😂",2026-05-04T13:59:33.354481+00:00,,https://www.facebook.com/100057335174945/posts/924732422781255/?app=fbl
326213627155585,Kang Wa their slightly  beyond is just too beyond,2026-05-04T13:59:33.354487+00:00,,https://www.facebook.com/100057335174945/posts/924732422781255/?app=fbl
962024962124923,"Ba Zesco Limitedd Apart from rotating the schedule, is there anything that is being done to completely resolve the loadshedding issue, cause people are unable to run their Businesses effectively.
  Sometimes muleposako  amano kufintu.",2026-05-04T13:59:33.354493+00:00,,https://www.facebook.com/100057335174945/posts/924732422781255/?app=fbl
962024962124923,Bright Mpofu Sinkozi brilliant response 👏.,2026-05-04T13:59:33.354499+00:00,,https://www.facebook.com/100057335174945/posts/924732422781255/?app=fbl
962024962124923,Bright Mpofu Sinkozi imagine. Praying for miracle water. And rains... WHILEST we have water everywhere.....WATER UNDERGROUND. WATER IN OTHER RIVERS ...they can't think and use ....,2026-05-04T13:59:33.354504+00:00,,https://www.facebook.com/100057335174945/posts/924732422781255/?app=fbl
962024962124923,Obey Silavwe Maliwanda I agree we need a lasting solution to all this,2026-05-04T13:59:33.354511+00:00,,https://www.facebook.com/100057335174945/posts/924732422781255/?app=fbl
962024962124923,Allow cec to take over if you have failed us ... Our businesses are going down slowly,2026-05-04T13:59:33.354517+00:00,,https://www.facebook.com/100057335174945/posts/924732422781255/?app=fbl
962024962124923,Jeffrey Katawola Exactly. Zesco is exporting electricity while Zambians are suffering with daily power cuts. They put money before citizens.,2026-05-04T13:59:33.354523+00:00,,https://www.facebook.com/100057335174945/posts/924732422781255/?app=fbl
962024962124923,Puzo Phiri well spoken 🙏,2026-05-04T13:59:33.354528+00:00,,https://www.facebook.com/100057335174945/posts/924732422781255/?app=fbl
962024962124923,Chimuka J Samboko seems we haven't,2026-05-04T13:59:33.354533+00:00,,https://www.facebook.com/100057335174945/posts/924732422781255/?app=fbl
962024962124923,"Bright Mpofu Sinkozi yes, we are behaving like Zesco as well",2026-05-04T13:59:33.354537+00:00,,https://www.facebook.com/100057335174945/posts/924732422781255/?app=fbl
962024962124923,"Obey Silavwe Maliwanda nothing, this is why they enjoy the most because we can’t be talking about the same thing for years as a nation",2026-05-04T13:59:33.354540+00:00,,https://www.facebook.com/100057335174945/posts/924732422781255/?app=fbl
954115973046444,David Xavy BandaThe is power in the name of Jesus😂😂,2026-05-04T13:59:33.354545+00:00,,https://www.facebook.com/100057335174945/posts/924732422781255/?app=fbl
2708756899294372,Sharon TheEdupreneur it's true,2026-05-04T13:59:33.354549+00:00,,https://www.facebook.com/100057335174945/posts/924732422781255/?app=fbl
1839651823183184,Are sure this is the result of water or what? Myself I don't believe that,2026-05-04T13:59:33.354553+00:00,,https://www.facebook.com/100057335174945/posts/924732422781255/?app=fbl
3762070777372623,Suwilanji Khane Kaoma you’re in group 😂😂😂,2026-05-04T13:59:33.354556+00:00,,https://www.facebook.com/100057335174945/posts/924732422781255/?app=fbl
343011835031898,This is 9 hours bazesco communicate the truth and truth is what we call professionalism. Leave lies to politicians.,2026-05-04T13:59:33.354560+00:00,,https://www.facebook.com/100057335174945/posts/924732422781255/?app=fbl
2093442904369924,Solwezi is suffering too much from 06 to 19 hrs,2026-05-04T13:59:33.354564+00:00,,https://www.facebook.com/100057335174945/posts/924732422781255/?app=fbl
897159995517444,Invest in solar and wind naimwe sure 😂,2026-05-04T13:59:33.354568+00:00,,https://www.facebook.com/100057335174945/posts/924732422781255/?app=fbl
736340325238619,Sunday should be no load shedding what more God take a rest on Sunday.,2026-05-04T13:59:33.354571+00:00,,https://www.facebook.com/100057335174945/posts/924732422781255/?app=fbl
7482547598466126,Take us back to 4 hour chee,2026-05-04T13:59:33.354575+00:00,,https://www.facebook.com/100057335174945/posts/924732422781255/?app=fbl
3735760096660331,"This is so immature 🙄 of you people 
A whole company failing to understand TIME ⏲️  how can a city stay without power for 12 hours straight how will business work like this 😑",2026-05-04T13:59:33.354579+00:00,,https://www.facebook.com/100057335174945/posts/924732422781255/?app=fbl
1077796063324363,Can the sequence of rotation be made known to us for planning purposes also kindly consider Sunday a rest day with power as we recover from the previous week and prepare for then next week. This is important for the people ad the transitions into the next schedule are quite unfair. The transition will be more effective and less stressful if we can have power the whole day on Sunday and move into the next schedule on Monday to Saturday again,2026-05-04T13:59:33.354583+00:00,,https://www.facebook.com/100057335174945/posts/924732422781255/?app=fbl
415671438096711,"What other genuine ideas do you have to stop this loadshedding? 
Why can't you TAP water from other sources eg siavonga river...",2026-05-04T13:59:33.354587+00:00,,https://www.facebook.com/100057335174945/posts/924732422781255/?app=fbl
3762070777372623,Priscovia Banda E,2026-05-04T13:59:33.354592+00:00,,https://www.facebook.com/100057335174945/posts/924732422781255/?app=fbl
3762070777372623,Suwilanji Khane Kaoma  😂😂😂😂😂 that’s your power cut anyhow,2026-05-04T13:59:33.354594+00:00,,https://www.facebook.com/100057335174945/posts/924732422781255/?app=fbl
3762070777372623,Tefintu we even used now,2026-05-04T13:59:33.354596+00:00,,https://www.facebook.com/100057335174945/posts/924732422781255/?app=fbl
1077796063324363,"Marie-Michelle Heviamoorima great observation, most industries don't operate on Sundays, so the load is reduced already.",2026-05-04T13:59:33.354599+00:00,,https://www.facebook.com/100057335174945/posts/924732422781255/?app=fbl
1077796063324363,Zesco Limited read this comment,2026-05-04T13:59:33.354602+00:00,,https://www.facebook.com/100057335174945/posts/924732422781255/?app=fbl
1077796063324363,Zesco Limited take notice,2026-05-04T13:59:33.354604+00:00,,https://www.facebook.com/100057335174945/posts/924732422781255/?app=fbl
1077796063324363,"Marie-Michelle Heviamoorima  what a valid statement you have ,let Zesco put this into consideration",2026-05-04T13:59:33.354607+00:00,,https://www.facebook.com/100057335174945/posts/924732422781255/?app=fbl
1077796063324363,Marie-Michelle Heviamoorima you have spoken my mind,2026-05-04T13:59:33.354609+00:00,,https://www.facebook.com/100057335174945/posts/924732422781255/?app=fbl
1077796063324363,I know right.,2026-05-04T13:59:33.354611+00:00,,https://www.facebook.com/100057335174945/posts/924732422781255/?app=fbl
1077796063324363,Marie-Michelle Heviamoorima *highlight * Zesco read and reply,2026-05-04T13:59:33.354614+00:00,,https://www.facebook.com/100057335174945/posts/924732422781255/?app=fbl
1077796063324363,Marie-Michelle Heviamoorima nanga ise who are free on Saturday we suffer as well?,2026-05-04T13:59:33.354616+00:00,,https://www.facebook.com/100057335174945/posts/924732422781255/?app=fbl
1077796063324363,Marie-Michelle Heviamoorima Iwe ku heaven you have a place,2026-05-04T13:59:33.354618+00:00,,https://www.facebook.com/100057335174945/posts/924732422781255/?app=fbl
1077796063324363,"Hi Marie-Michelle Heviamoorima we regret the inconvenience caused and taken note of your suggestion. However please follow this schedule for Lusaka being implemented every Monday.
12 - 20 hrs C - Residential
14 - 22 hrs D - Residential 
06 - 14 hrs E - Residential
10 - 18 hrs G - Level 1 Clinics, Avondale 2 & Chelston LWSC/CHAZ lines
16 - 24 hrs A - Industrial -----------------------------
-05 -13 hrs B - Industrial 
Regards CJ",2026-05-04T13:59:33.354620+00:00,,https://www.facebook.com/100057335174945/posts/924732422781255/?app=fbl
1077796063324363,Marie-Michelle Heviamoorima pama weekends just its was going to be fair power does go.,2026-05-04T13:59:33.354624+00:00,,https://www.facebook.com/100057335174945/posts/924732422781255/?app=fbl
1077796063324363,Zesco Limited and for us in mtendere it's not fair last of Last week power going at 18 coming Kuma 22hrs last again 12 to 20hrs this week again 14 to 22hrs.,2026-05-04T13:59:33.354626+00:00,,https://www.facebook.com/100057335174945/posts/924732422781255/?app=fbl
1077796063324363,Zesco Limited why keep including industrial A which you don't even load shed meanwhile bakeries are running on losses in industrial B..,2026-05-04T13:59:33.354629+00:00,,https://www.facebook.com/100057335174945/posts/924732422781255/?app=fbl
1077796063324363,Zesco Limited this loading schedule is not true in group E power goes at 06hrs and is back at 15:30 or 16hrs not that 14hrs you’ve on your schedule,2026-05-04T13:59:33.354631+00:00,,https://www.facebook.com/100057335174945/posts/924732422781255/?app=fbl
1077796063324363,Elizabeth Mwale Kassinde,2026-05-04T13:59:33.354634+00:00,,https://www.facebook.com/100057335174945/posts/924732422781255/?app=fbl
441824974988148,"Zesco Limited so nishi the powering the nation as now going out the slogan, cause we have been having this issue of loashedding for long time but upto now nothing as sorted out what are you going through kashi of every year",2026-05-04T13:59:33.354636+00:00,,https://www.facebook.com/100057335174945/posts/924732422781255/?app=fbl
7359122830872795,ZESCO it would be great to release this schedule on Friday of every week so that people can plan their Mondays well. Imagine waking up to no power because this schedule had to wait for Monday. We can do better guys.,2026-05-04T13:59:33.354638+00:00,,https://www.facebook.com/100057335174945/posts/924732422781255/?app=fbl
1353740031979829,But why is it showing only in 3 cities? Someone to educate me please,2026-05-04T13:59:33.354641+00:00,,https://www.facebook.com/100057335174945/posts/924732422781255/?app=fbl
1243604516887706,"Can you stop sneaking in an extra 45 mins? As in set alarms 2 mins before so that you don't ""forget"" to restore power on time. Thanks!",2026-05-04T13:59:33.354643+00:00,,https://www.facebook.com/100057335174945/posts/924732422781255/?app=fbl
1133189314375206,It could have been better if this rotations are rotating on a daily basis it could have been better than this weekly basis it gives inconveniences too much,2026-05-04T13:59:33.354647+00:00,,https://www.facebook.com/100057335174945/posts/924732422781255/?app=fbl
618831263798949,Ninshi group D will always not have power in the night because week in week out our schedule is in the afternoon...kuseni kunalakwa chani🙄🙄,2026-05-04T13:59:33.354649+00:00,,https://www.facebook.com/100057335174945/posts/924732422781255/?app=fbl
1165467941315198,"The issue is that you do not follow your own schedule, that's an issue here.
Do your best by following your schedule and it will help us.
Thank you.",2026-05-04T13:59:33.354651+00:00,,https://www.facebook.com/100057335174945/posts/924732422781255/?app=fbl
311057938684793,Does bally know about this loadsheding issue coz I remember he was once against when all this started happening in PF anyway,2026-05-04T13:59:33.354654+00:00,,https://www.facebook.com/100057335174945/posts/924732422781255/?app=fbl
402137349350108,We should now rest ba group E. 14 to 22 was a nightmare 😭😭😭,2026-05-04T13:59:33.354656+00:00,,https://www.facebook.com/100057335174945/posts/924732422781255/?app=fbl
1151384696188187,We have not had power for 20 hours in our area since yesterday. Can you resolve our issue please. Your customer service and reporting channels are not helpful Zesco Limited,2026-05-04T13:59:33.354658+00:00,,https://www.facebook.com/100057335174945/posts/924732422781255/?app=fbl
7359122830872795,Francesca F. Kabaso useless company,2026-05-04T13:59:33.354661+00:00,,https://www.facebook.com/100057335174945/posts/924732422781255/?app=fbl
7359122830872795,"Francesca F. Kabaso you are right. This morning around 5 was trying to check the loadsheading schedule, and the message from Zesco was  "" your area is not due for loadsheading today"". After 10 min power went. I had to bath cold water.",2026-05-04T13:59:33.354663+00:00,,https://www.facebook.com/100057335174945/posts/924732422781255/?app=fbl
7359122830872795,Sam Micheal I swear very useless.honsetly with how much Sun light we have they couldn't put something with solor to benefit us all..not every one can afford solor.. instead they will put money into the transformer or they should be solar that can work..it's so frustrating,2026-05-04T13:59:33.354665+00:00,,https://www.facebook.com/100057335174945/posts/924732422781255/?app=fbl
7359122830872795,Francesca F. Kabaso true.,2026-05-04T13:59:33.354668+00:00,,https://www.facebook.com/100057335174945/posts/924732422781255/?app=fbl
1243604516887706,Stellia Zulu  they have already given us ka extra 50 kuno,2026-05-04T13:59:33.354670+00:00,,https://www.facebook.com/100057335174945/posts/924732422781255/?app=fbl
1243604516887706,Mxxxm,2026-05-04T13:59:33.354672+00:00,,https://www.facebook.com/100057335174945/posts/924732422781255/?app=fbl
1243604516887706,"Hi Stellia Zulu we regret the inconvenience caused, please note that in some cases, there may be installations / feeders switched off early or delayed restoration may arise at any given time. However, this does not mean the schedule has changed. This is only due to system constraints and the published schedules remain the same. Regards CJ",2026-05-04T13:59:33.354674+00:00,,https://www.facebook.com/100057335174945/posts/924732422781255/?app=fbl
1243604516887706,"Zesco Limited what’s happening with group E,power was supposed to be back at 14",2026-05-04T13:59:33.354677+00:00,,https://www.facebook.com/100057335174945/posts/924732422781255/?app=fbl
1243604516887706,Zittah Jengajenga iyee. They like sneaking in😁,2026-05-04T13:59:33.354679+00:00,,https://www.facebook.com/100057335174945/posts/924732422781255/?app=fbl
1243604516887706,Chantel Simmons power was supposed to be back around 14 and it's now 16 we are still waiting for power 🤦🏻‍♀️,2026-05-04T13:59:33.354681+00:00,,https://www.facebook.com/100057335174945/posts/924732422781255/?app=fbl
1243604516887706,Immanuel M Mulife it's too much 🤦🏻‍♀️,2026-05-04T13:59:33.354683+00:00,,https://www.facebook.com/100057335174945/posts/924732422781255/?app=fbl
1243604516887706,An Nie yeah,2026-05-04T13:59:33.354686+00:00,,https://www.facebook.com/100057335174945/posts/924732422781255/?app=fbl
1243604516887706,"Zesco Limited iwe CJ iwe 

In the same way you take power at 06hrs on time , restore back exact at 14hrs on time 

Yesterday power went 06hrs and it came back 17hrs 

Iwe Cj Iwe",2026-05-04T13:59:33.354688+00:00,,https://www.facebook.com/100057335174945/posts/924732422781255/?app=fbl
1243604516887706,Stellia Zulu You are very right,2026-05-04T13:59:33.354690+00:00,,https://www.facebook.com/100057335174945/posts/924732422781255/?app=fbl
618831263798949,Clara these guys play too much...very annoying,2026-05-04T13:59:33.354693+00:00,,https://www.facebook.com/100057335174945/posts/924732422781255/?app=fbl
618831263798949,Nhamo Afiya Chiwila I have noticed as well mwandi lyonse busiku mmmm awe shuwa tinalakwa zoona,2026-05-04T13:59:33.354695+00:00,,https://www.facebook.com/100057335174945/posts/924732422781255/?app=fbl
618831263798949,Susan Kay bwafya,2026-05-04T13:59:33.354697+00:00,,https://www.facebook.com/100057335174945/posts/924732422781255/?app=fbl
618831263798949,"Nhamo Afiya Chiwila imagine ai
Kaya tinalakwa chani",2026-05-04T13:59:33.354701+00:00,,https://www.facebook.com/100057335174945/posts/924732422781255/?app=fbl
618831263798949,Nhamo Afiya Chiwila it's not fair at all,2026-05-04T13:59:33.354703+00:00,,https://www.facebook.com/100057335174945/posts/924732422781255/?app=fbl
618831263798949,Elizabeth Destiny these guys can make you go crazy🤦‍♀️,2026-05-04T13:59:33.354705+00:00,,https://www.facebook.com/100057335174945/posts/924732422781255/?app=fbl
618831263798949,Nhamo Afiya Chiwila exactly what I asked even last week.,2026-05-04T13:59:33.354709+00:00,,https://www.facebook.com/100057335174945/posts/924732422781255/?app=fbl
618831263798949,This week will make it one month straight without power in the night.,2026-05-04T13:59:33.354711+00:00,,https://www.facebook.com/100057335174945/posts/924732422781255/?app=fbl
618831263798949,Gracious Nkumbu Nanyinza exactly,2026-05-04T13:59:33.354714+00:00,,https://www.facebook.com/100057335174945/posts/924732422781255/?app=fbl
618831263798949,Nhamo Afiya Chiwila am also surprised always group d niwusiku,2026-05-04T13:59:33.354716+00:00,,https://www.facebook.com/100057335174945/posts/924732422781255/?app=fbl
311057938684793,Mirriam Chilwashi you re right mama,2026-05-04T13:59:33.354718+00:00,,https://www.facebook.com/100057335174945/posts/924732422781255/?app=fbl
311057938684793,Mirriam Chilwashi my question too,2026-05-04T13:59:33.354720+00:00,,https://www.facebook.com/100057335174945/posts/924732422781255/?app=fbl
311057938684793,Mirriam Chilwashi when he was in opposition he had all the possible solutions he can now implement them,2026-05-04T13:59:33.354723+00:00,,https://www.facebook.com/100057335174945/posts/924732422781255/?app=fbl
311057938684793,Mirriam Chilwashi ohhhhh you didn't see what happened ku ceremony 😂🙈😂😂,2026-05-04T13:59:33.354725+00:00,,https://www.facebook.com/100057335174945/posts/924732422781255/?app=fbl
311057938684793,Ashley Prudney Daev come help me,2026-05-04T13:59:33.354727+00:00,,https://www.facebook.com/100057335174945/posts/924732422781255/?app=fbl
311057938684793,Khø NJē no idea,2026-05-04T13:59:33.354729+00:00,,https://www.facebook.com/100057335174945/posts/924732422781255/?app=fbl
311057938684793,Priscilla Banda eish,2026-05-04T13:59:33.354732+00:00,,https://www.facebook.com/100057335174945/posts/924732422781255/?app=fbl
311057938684793,Mirriam Chilwashi bally does not bring rains,2026-05-04T13:59:33.354734+00:00,,https://www.facebook.com/100057335174945/posts/924732422781255/?app=fbl
311057938684793,Jason Joshua nanga Edgar enze na nvula?,2026-05-04T13:59:33.354736+00:00,,https://www.facebook.com/100057335174945/posts/924732422781255/?app=fbl
311057938684793,"Mirriam Chilwashi power went when he was giving a speech on arrival , and this same zesco apologized for that, like what's there to apologize shouldn't he know how it feels though.",2026-05-04T13:59:33.354739+00:00,,https://www.facebook.com/100057335174945/posts/924732422781255/?app=fbl
784279843648678,"From my own memory, this problem has been there since 2015.
For 9 whole years, there was surely no other way to generate electricity other than the Kariba Dam?
You are failing Zambians.
There must be geniune repentance.",2026-05-04T13:59:33.354741+00:00,,https://www.facebook.com/100057335174945/posts/924732422781255/?app=fbl
1344317732910127,Ba Zesco limited block me coz I’m about to comment rubbish every time I come to your page hoping you will post ati load shedding naipwaa busy with stupid rotations,2026-05-04T13:59:33.354743+00:00,,https://www.facebook.com/100057335174945/posts/924732422781255/?app=fbl
455966740271427,"Why publish schedules that you dont even follow, power is restored at 17:00 from morning and you cut at 21. Why are learned people we belive are making consultative decissions in the best intrest of citizens acting like fools? You are killing our businesses. Mukwate order. How much more damage do you want to cause?.",2026-05-04T13:59:33.354745+00:00,,https://www.facebook.com/100057335174945/posts/924732422781255/?app=fbl
814032123947125,Ba Zesco from 06:00hrs Upto now we don't have power in Chalala Shantumbu road (group E). I thought you said power will be going for 8hrs what is happening!!!!!!,2026-05-04T13:59:33.354748+00:00,,https://www.facebook.com/100057335174945/posts/924732422781255/?app=fbl
955269169672570,The level of incompetence I have experienced from zesco has been appalling to say the least. I haven't had power for 1 week now. Reported it but every day I'm told that they will escalate. Someone even called me to ask for directions but was a no show up to now!! Twalaikala shani mwebantu? #Very angry customer,2026-05-04T13:59:33.354750+00:00,,https://www.facebook.com/100057335174945/posts/924732422781255/?app=fbl
389235414084415,Ba Zesco Limited I definitely prefer the 8 hours straight.So far you have been very consistent regarding the schedule in my area.Keep it up....,2026-05-04T13:59:33.354752+00:00,,https://www.facebook.com/100057335174945/posts/924732422781255/?app=fbl
794388042755039,Why is it that other parts of lusaka are not experiencing load shedding and yet there's us who are experiencing 8hrs a day,2026-05-04T13:59:33.354754+00:00,,https://www.facebook.com/100057335174945/posts/924732422781255/?app=fbl
1097325081324274,From 13hrs and this is 23hrs no power pamodzi area ndola I think 8hrs niyaboza,2026-05-04T13:59:33.354757+00:00,,https://www.facebook.com/100057335174945/posts/924732422781255/?app=fbl
1220521216023322,"Yesterday power was cut at 13:00 only restored at 22:00. Barely 3 hours later at 01:00 it was cut again. And right now it’s 15:20 and power has not been restored. If you create a schedule stick to it, don’t punish people like this.",2026-05-04T13:59:33.354759+00:00,,https://www.facebook.com/100057335174945/posts/924732422781255/?app=fbl
1406178173351497,This is a lie which 06 to 14 this is 15 still no power,2026-05-04T13:59:33.354761+00:00,,https://www.facebook.com/100057335174945/posts/924732422781255/?app=fbl
402137349350108,Elita SheleniElita Sheleni it was really rough 😔,2026-05-04T13:59:33.354763+00:00,,https://www.facebook.com/100057335174945/posts/924732422781255/?app=fbl
402137349350108,Elita Sheleni for real it was eish,2026-05-04T13:59:33.354766+00:00,,https://www.facebook.com/100057335174945/posts/924732422781255/?app=fbl
402137349350108,Elita Sheleni we should atleast maintain this schedule for the next 2 weeks because we suffered eish.,2026-05-04T13:59:33.354769+00:00,,https://www.facebook.com/100057335174945/posts/924732422781255/?app=fbl
402137349350108,Elita Sheleni it was traumatizing to experience 🥺🥺,2026-05-04T13:59:33.354772+00:00,,https://www.facebook.com/100057335174945/posts/924732422781255/?app=fbl
402137349350108,Elita Sheleni 14 to 22 is the worst of them all.,2026-05-04T13:59:33.354775+00:00,,https://www.facebook.com/100057335174945/posts/924732422781255/?app=fbl
402137349350108,Elita Sheleni I tell you we are tired,2026-05-04T13:59:33.354778+00:00,,https://www.facebook.com/100057335174945/posts/924732422781255/?app=fbl
402137349350108,Elita Sheleni eeeh ungalile pa last 😂😂😂,2026-05-04T13:59:33.354780+00:00,,https://www.facebook.com/100057335174945/posts/924732422781255/?app=fbl
402137349350108,Elita Sheleni that was group D though,2026-05-04T13:59:33.354782+00:00,,https://www.facebook.com/100057335174945/posts/924732422781255/?app=fbl
402137349350108,Elita Sheleni Ala mwandi 🥰,2026-05-04T13:59:33.354784+00:00,,https://www.facebook.com/100057335174945/posts/924732422781255/?app=fbl
402137349350108,"Namwaka Nana Wasilota group D was 12-21 when group E was 14-22 last week. In the 4 hours schedule, group E was 17-21.",2026-05-04T13:59:33.354787+00:00,,https://www.facebook.com/100057335174945/posts/924732422781255/?app=fbl
1133189314375206,Trevor Musonda Chabala Good Point,2026-05-04T13:59:33.354789+00:00,,https://www.facebook.com/100057335174945/posts/924732422781255/?app=fbl
1133189314375206,Yeah,2026-05-04T13:59:33.354791+00:00,,https://www.facebook.com/100057335174945/posts/924732422781255/?app=fbl
1133189314375206,"Trevor Musonda Chabala daily will mean 16 hrs of loadshedding. Weekly is better, its easy to plan",2026-05-04T13:59:33.354797+00:00,,https://www.facebook.com/100057335174945/posts/924732422781255/?app=fbl
1133189314375206,Jane Chiwila 16 hrs how? I think Trevor means rotating eg if today power goes at 12 and comes back at 20hrs then tomorrow it goes at 5hrs and comes back at 14🤷,2026-05-04T13:59:33.354800+00:00,,https://www.facebook.com/100057335174945/posts/924732422781255/?app=fbl
1133189314375206,"Trevor actually thought weekly is better for us to plan accordingly, not daily imagine today am shadded at 21PM-05AM then tomorrow 05AM-13PM meaning I'll be off power 16hrs straight out... Weekly is far much better",2026-05-04T13:59:33.354802+00:00,,https://www.facebook.com/100057335174945/posts/924732422781255/?app=fbl
1133189314375206,Alexis Kabamba my opinion madam. All in all 8 hrs weekly rotations are better and convenient for some of us.,2026-05-04T13:59:33.354804+00:00,,https://www.facebook.com/100057335174945/posts/924732422781255/?app=fbl
1133189314375206,Alexis Kabamba she didnt understand the point,2026-05-04T13:59:33.354806+00:00,,https://www.facebook.com/100057335174945/posts/924732422781255/?app=fbl
1133189314375206,BC Kaunda and so do you sir!,2026-05-04T13:59:33.354809+00:00,,https://www.facebook.com/100057335174945/posts/924732422781255/?app=fbl
1133189314375206,Jane Chiwila yes i do but not in support with the narrative,2026-05-04T13:59:33.354811+00:00,,https://www.facebook.com/100057335174945/posts/924732422781255/?app=fbl
1133189314375206,Trevor Musonda Chabala the current schedule is ok. Better planning for our homes and businesses.,2026-05-04T13:59:33.354813+00:00,,https://www.facebook.com/100057335174945/posts/924732422781255/?app=fbl
389235414084415,Mwelwa Kapaso 🤣🤣🤣🤣🤣ati keep it up,2026-05-04T13:59:33.354815+00:00,,https://www.facebook.com/100057335174945/posts/924732422781255/?app=fbl
389235414084415,Wisdom Mulenga yes.Kukosa,2026-05-04T13:59:33.354818+00:00,,https://www.facebook.com/100057335174945/posts/924732422781255/?app=fbl
389235414084415,Mwelwa Kapaso and in actual sense you ars supposed to have power throughout,2026-05-04T13:59:33.354820+00:00,,https://www.facebook.com/100057335174945/posts/924732422781255/?app=fbl
389235414084415,Wisdom Mulenga imagine I feel offended for using the word keep it up coz here in Solwezi it's hell mwebantu 😔😔,2026-05-04T13:59:33.354822+00:00,,https://www.facebook.com/100057335174945/posts/924732422781255/?app=fbl
814032123947125,"Good evening Ndonia Kahinga, sincere apologies for the prolonged outage you are experiencing. Kindly share your meter number, phone number and nearest landmark via our inbox. BZ",2026-05-04T13:59:33.354824+00:00,,https://www.facebook.com/100057335174945/posts/924732422781255/?app=fbl
814032123947125,Zesco Limited power was restored 30 minutes ago.,2026-05-04T13:59:33.354827+00:00,,https://www.facebook.com/100057335174945/posts/924732422781255/?app=fbl
455966740271427,"Hello Chanda Catherine Chisanga, we do regret the inconvenience caused to you. The outage you are experiencing may be due to a fault. Kindly register a complaint by dialing *3600# and follow the prompts. FP",2026-05-04T13:59:33.354829+00:00,,https://www.facebook.com/100057335174945/posts/924732422781255/?app=fbl
455966740271427,Zesco Limited and your faults comes when its time to restore power......pakushimya takwaba ama faulty 🤔🤔🤔,2026-05-04T13:59:33.354831+00:00,,https://www.facebook.com/100057335174945/posts/924732422781255/?app=fbl
455966740271427,"Zesco Limited zesco 😂😂😂

I wish we had 3 power supply in Zambia.

One company zesco is giving us problems every year muletwipaila mumano bane",2026-05-04T13:59:33.354833+00:00,,https://www.facebook.com/100057335174945/posts/924732422781255/?app=fbl
955269169672570,"Hello Amy Mwanza, we sincerely apologize for the inconvenience caused. Kindly inbox your complaint number for further assistance. PM",2026-05-04T13:59:33.354836+00:00,,https://www.facebook.com/100057335174945/posts/924732422781255/?app=fbl
955269169672570,"Zesco Limited I pray I get assistance this time. Every call center agent would just apologise but nipano tuli. My business has been terribly affected. 
Sending",2026-05-04T13:59:33.354838+00:00,,https://www.facebook.com/100057335174945/posts/924732422781255/?app=fbl
1097325081324274,"Hi Ndalela Nyambe, . we sincerely apologize for the inconvenience caused. Kindly inbox your meter number, nearest landmark to your premises and an active contact number for complaint registration. Alternatively, dial *3600# or use ZESCO WhatsApp number +260762626977 by following the prompts to register a fault and for follow-ups. Kind regards PM",2026-05-04T13:59:33.354840+00:00,,https://www.facebook.com/100057335174945/posts/924732422781255/?app=fbl
794388042755039,Zesco Limited please respond,2026-05-04T13:59:33.354842+00:00,,https://www.facebook.com/100057335174945/posts/924732422781255/?app=fbl
1220521216023322,This is Lusaka by the way. Avondale area.,2026-05-04T13:59:33.354844+00:00,,https://www.facebook.com/100057335174945/posts/924732422781255/?app=fbl
1220521216023322,Hi Kalwila Nyambing'a Ching'embuwe regret the inconvenience please register a complaint for any outage which is beyond load shedding schedule more especially if you are still off supply by dialing *3600# or call 322 to speak to our Agent or use our WhatsApp number +260762626977 by following the prompts to register a fault for follow-ups. CJ,2026-05-04T13:59:33.354847+00:00,,https://www.facebook.com/100057335174945/posts/924732422781255/?app=fbl
1220521216023322,Zesco Limited problem you don't even stick to the schedules that you made. What kind of nonsense is this now aii?,2026-05-04T13:59:33.354849+00:00,,https://www.facebook.com/100057335174945/posts/924732422781255/?app=fbl
311057938684793,Mirriam Chilwashi 🤣🤣🤣🤣 during his time the rains was fairly well don't talk out of anger 🤬 and frustrations what we need as a country is to find other means of power before October otherwise will be having a week without power,2026-05-04T13:59:33.354853+00:00,,https://www.facebook.com/100057335174945/posts/924732422781255/?app=fbl
311057938684793,Nazar N Hunter hahahaha,2026-05-04T13:59:33.354855+00:00,,https://www.facebook.com/100057335174945/posts/924732422781255/?app=fbl
311057938684793,Christian Chrishinah Shamah 🤣🤣🤣🤣 am saying the truth koma rains has nothing to do with the president unless we say we import power from neighboring countries apo it can help but as the way the situation is niyokosa,2026-05-04T13:59:33.354857+00:00,,https://www.facebook.com/100057335174945/posts/924732422781255/?app=fbl
311057938684793,Jason Joshua its u that came out with a frustration and anger comment I thought of reminding you how its done here on our blue app which ever the case we need solar systems,2026-05-04T13:59:33.354859+00:00,,https://www.facebook.com/100057335174945/posts/924732422781255/?app=fbl
311057938684793,Jason Joshua who had?,2026-05-04T13:59:33.354864+00:00,,https://www.facebook.com/100057335174945/posts/924732422781255/?app=fbl
311057938684793,"Jason Joshua and when your President was blaming the PF, did they have anything to do with the rains?",2026-05-04T13:59:33.354866+00:00,,https://www.facebook.com/100057335174945/posts/924732422781255/?app=fbl
311057938684793,Fridah Chibesa thank you,2026-05-04T13:59:33.354868+00:00,,https://www.facebook.com/100057335174945/posts/924732422781255/?app=fbl
311057938684793,Priscilla Banda the faith you have in him is funny,2026-05-04T13:59:33.354871+00:00,,https://www.facebook.com/100057335174945/posts/924732422781255/?app=fbl
311057938684793,Fridah Chibesa take it or leave the truth remains that the president doesn't make rainfall,2026-05-04T13:59:33.354873+00:00,,https://www.facebook.com/100057335174945/posts/924732422781255/?app=fbl
311057938684793,Mambwe Kalwila Adrian 🤣🤣🤣🤣🤣🤣 that's why things are not okay even you the one living in his umbrella 🏖️☔ ur busy rebelling against him so now he is my president 🤣🤣🤣🤣 so long you're in Zambia he is your president too bally till. 2096,2026-05-04T13:59:33.354875+00:00,,https://www.facebook.com/100057335174945/posts/924732422781255/?app=fbl
1353740031979829,Asah Those are major economic harbors .,2026-05-04T13:59:33.354877+00:00,,https://www.facebook.com/100057335174945/posts/924732422781255/?app=fbl
1353740031979829,Asah the rest of cities are not Zambia.,2026-05-04T13:59:33.354880+00:00,,https://www.facebook.com/100057335174945/posts/924732422781255/?app=fbl
1353740031979829,"Asah also wondering,",2026-05-04T13:59:33.354882+00:00,,https://www.facebook.com/100057335174945/posts/924732422781255/?app=fbl
618831263798949,"Nhamo Afiya Chiwila am happy for you guys who are having power during the day, coz I really want to use it that time and sleep at night",2026-05-04T13:59:33.354884+00:00,,https://www.facebook.com/100057335174945/posts/924732422781255/?app=fbl
618831263798949,Nhamo Afiya Chiwila imagine ai it’s now a month no power at night awe they hate us,2026-05-04T13:59:33.354886+00:00,,https://www.facebook.com/100057335174945/posts/924732422781255/?app=fbl
618831263798949,Nhamo Afiya Chiwila since load shedding started we have never had power in the  nights imagine 😩😩,2026-05-04T13:59:33.354889+00:00,,https://www.facebook.com/100057335174945/posts/924732422781255/?app=fbl
618831263798949,Nhamo Afiya Chiwila ngaiwe wapangwa shani ai 🤣🤣🤣🤣,2026-05-04T13:59:33.354892+00:00,,https://www.facebook.com/100057335174945/posts/924732422781255/?app=fbl
618831263798949,Nhamo Afiya Chiwila Zesco Limited there is a valid point here,2026-05-04T13:59:33.354895+00:00,,https://www.facebook.com/100057335174945/posts/924732422781255/?app=fbl
618831263798949,Nhamo Afiya Chiwila imagine this is now ridiculous,2026-05-04T13:59:33.354897+00:00,,https://www.facebook.com/100057335174945/posts/924732422781255/?app=fbl
618831263798949,Niza NsaNa Gondwe these guys nabampesha ine🤣🤣,2026-05-04T13:59:33.354899+00:00,,https://www.facebook.com/100057335174945/posts/924732422781255/?app=fbl
618831263798949,Susan Khondowe Mathews same kuno🤦‍♀️,2026-05-04T13:59:33.354901+00:00,,https://www.facebook.com/100057335174945/posts/924732422781255/?app=fbl
618831263798949,Nhamo Afiya Chiwila next week you will have 06-14,2026-05-04T13:59:33.354903+00:00,,https://www.facebook.com/100057335174945/posts/924732422781255/?app=fbl
618831263798949,Nhamo Afiya Chiwila imwe sure. We came from losing electricity upto 20. Now 22? All  week every week ummm imwe sure.,2026-05-04T13:59:33.354906+00:00,,https://www.facebook.com/100057335174945/posts/924732422781255/?app=fbl
1406178173351497,"Hi Mirriam Mwewa we regret the inconvenience caused, please note that in some cases, there may be installations / feeders switched off early or delayed restoration may arise at any given time. However, this does not mean the schedule has changed. This is only due to system constraints and the published schedules remain the same. Regards CJ",2026-05-04T13:59:33.354908+00:00,,https://www.facebook.com/100057335174945/posts/924732422781255/?app=fbl
402137349350108,Mary K oho okay,2026-05-04T13:59:33.354910+00:00,,https://www.facebook.com/100057335174945/posts/924732422781255/?app=fbl
402137349350108,Clara Mutambo I swear no power everyday when you knock off from work 😭,2026-05-04T13:59:33.354912+00:00,,https://www.facebook.com/100057335174945/posts/924732422781255/?app=fbl
402137349350108,Elita Sheleni it has left me traumatised.,2026-05-04T13:59:33.354915+00:00,,https://www.facebook.com/100057335174945/posts/924732422781255/?app=fbl
402137349350108,Namwaka Nana Wasilota group E not D,2026-05-04T13:59:33.354917+00:00,,https://www.facebook.com/100057335174945/posts/924732422781255/?app=fbl
402137349350108,Essa we Group D are so unlucky,2026-05-04T13:59:33.354919+00:00,,https://www.facebook.com/100057335174945/posts/924732422781255/?app=fbl
1133189314375206,Jane Chiwila You are right especially if you are a Baker it's helps in planing,2026-05-04T13:59:33.354921+00:00,,https://www.facebook.com/100057335174945/posts/924732422781255/?app=fbl
1133189314375206,"BC Kaunda the simplest narrative will be if today power goes at 14 comes back at 22hrs tomorrow morning it goes at 6 then comes again at 14, isn't that 16hrs of loadshedding?",2026-05-04T13:59:33.354923+00:00,,https://www.facebook.com/100057335174945/posts/924732422781255/?app=fbl
1133189314375206,Trevor Musonda Chabala for us it's not even weekly. We're constantly the same. Nothing like this week 6-13. Next week 12-20 no. They want us to be out every night. Pathetic.,2026-05-04T13:59:33.354926+00:00,,https://www.facebook.com/100057335174945/posts/924732422781255/?app=fbl
1134179511233052,It's 21:39 and am in Group A Chingola and we still have no power but it's indicated that 21hrs it's suppose to be back. The person in charge of flipping the switch is probably not there at all.,2026-05-04T13:59:33.354929+00:00,,https://www.facebook.com/100057335174945/posts/924732422781255/?app=fbl
1170309507311276,"I didn't know there was a 06 to 14 slot, I was caught unawares this morning.  Me thinking it was 10 to 18 . Oops!!",2026-05-04T13:59:33.354931+00:00,,https://www.facebook.com/100057335174945/posts/924732422781255/?app=fbl
975812750560377,"At this point , I don’t even know which group I fall under",2026-05-04T13:59:33.354934+00:00,,https://www.facebook.com/100057335174945/posts/924732422781255/?app=fbl
1412640559380275,"The schedule is not being kept! Rockfield Chalala,  power was supposed to go at 14:00, now it went at 11:00. It's 20:45 now still now power. Just keep to the schedule and maybe give us the whole month's schedule in advance",2026-05-04T13:59:33.354936+00:00,,https://www.facebook.com/100057335174945/posts/924732422781255/?app=fbl
2591175591054010,Who needs your schedule? You’renot following it 🤬,2026-05-04T13:59:33.354939+00:00,,https://www.facebook.com/100057335174945/posts/924732422781255/?app=fbl
1180544229774643,Ba Zesco Limited no power in chalala kasama road... what's going on..it went at 6hrs and was suppose to come at 14...awe pela mwativutisa wea..,2026-05-04T13:59:33.354941+00:00,,https://www.facebook.com/100057335174945/posts/924732422781255/?app=fbl
7441442685951742,"Problem fwaka ilamikola ba Zasco. Here in Ibex Hill, Main Street area power went at around 06 hrs and came at around 14 hrs just for 5 minutes and went again. I don't know if that's how the new time table works. 8+ hrs a day? Nonsense.",2026-05-04T13:59:33.354943+00:00,,https://www.facebook.com/100057335174945/posts/924732422781255/?app=fbl
1136542194140590,Has the schedule for group E changed?Power cuts at any time and goes beyond the known hours of load shedding. It’s really inconveniencing .,2026-05-04T13:59:33.354945+00:00,,https://www.facebook.com/100057335174945/posts/924732422781255/?app=fbl
975721170795448,"8 hours but it's been over 10 hours 🙄🙄
You people are so annoying 😡😡",2026-05-04T13:59:33.354948+00:00,,https://www.facebook.com/100057335174945/posts/924732422781255/?app=fbl
1180490613114188,"Zesco be serious Lusaka group C it's 12 to 20hrs,But 03:30hrs no power, infact update on when is loadshedding  issues going to end Kasi talema mwe😡",2026-05-04T13:59:33.354950+00:00,,https://www.facebook.com/100057335174945/posts/924732422781255/?app=fbl
618831263798949,"Greetings Nhamo Afiya Chiwila, thank you for reaching out to us. Kindly note that we have 3 schedules for residentials which are 06:00 to 14:00, 12:00 to 20:hrs and 14:00 to 22:00hrs. So, the rotations will be done in that way. Last week, group D was going off from 12: 00 to 20:00hrs hence this week, the schedule will be from 14:00 to 22:00hrs then next week, it will be from 06:00 to 14:00hrs respectively. Kind regards PM",2026-05-04T13:59:33.354952+00:00,,https://www.facebook.com/100057335174945/posts/924732422781255/?app=fbl
618831263798949,"Zesco Limited the week before that, load shedding went up to 22hrs for group D, how long can we endure a schedule that has had us in the dark for the past 3 weeks?",2026-05-04T13:59:33.354954+00:00,,https://www.facebook.com/100057335174945/posts/924732422781255/?app=fbl
618831263798949,Nhamo Afiya Chiwila 3 weeks now it’s too much mwe,2026-05-04T13:59:33.354957+00:00,,https://www.facebook.com/100057335174945/posts/924732422781255/?app=fbl
618831263798949,Nhamo Afiya Chiwila where do you stay,2026-05-04T13:59:33.354959+00:00,,https://www.facebook.com/100057335174945/posts/924732422781255/?app=fbl
618831263798949,Zesco Limited why has power cut at 11:00 for group D when the schedule clearly states 14:00 to 22:00?,2026-05-04T13:59:33.354961+00:00,,https://www.facebook.com/100057335174945/posts/924732422781255/?app=fbl
618831263798949,"Zesco Limited Even when we had that staggered 4hrs schedule, we were going off from 18:00 to 22:00...am not complaining from without, am tired...infact we are all tired.",2026-05-04T13:59:33.354963+00:00,,https://www.facebook.com/100057335174945/posts/924732422781255/?app=fbl
618831263798949,Nhamo Afiya Chiwila Good question and this schedule is affecting businesses,2026-05-04T13:59:33.354966+00:00,,https://www.facebook.com/100057335174945/posts/924732422781255/?app=fbl
618831263798949,"Zesco Limited you are saying the schedule for group D is 14 to 22hrs but why switching off today at 12hrs and then you switch on at 22hrs, it’s not fair, and what Nhamo Afiya chiwila is saying it’s true up ba group D power always goes at night, even the 4hrs schedule it was the same thing.",2026-05-04T13:59:33.354968+00:00,,https://www.facebook.com/100057335174945/posts/924732422781255/?app=fbl
618831263798949,We are tired to have no power at night mweh,2026-05-04T13:59:33.354970+00:00,,https://www.facebook.com/100057335174945/posts/924732422781255/?app=fbl
618831263798949,"Zesco Limited okay since manzi yavuta mu Zambia why can’t you come up with solar energy, the sun is just burning us.",2026-05-04T13:59:33.354972+00:00,,https://www.facebook.com/100057335174945/posts/924732422781255/?app=fbl
1180544229774643,"Hey Nasinine Nase thank you for contacting ZESCO. We apologise for the inconvenience caused,  kindly share your meter number to our inbox for assistance. >ES.",2026-05-04T13:59:33.354975+00:00,,https://www.facebook.com/100057335174945/posts/924732422781255/?app=fbl
311057938684793,Mirriam Chilwashi talk is always cheap...it's easy to criticise others while you haven't been in the situation...apa he has seen it's easier said than done.,2026-05-04T13:59:33.354977+00:00,,https://www.facebook.com/100057335174945/posts/924732422781255/?app=fbl
311057938684793,Jason Joshua I see. Ka normal kaudonselela . Good day.,2026-05-04T13:59:33.354979+00:00,,https://www.facebook.com/100057335174945/posts/924732422781255/?app=fbl
311057938684793,Mambwe Kalwila Adrian ambulance 🚑🚑🚑🚑🚑,2026-05-04T13:59:33.354981+00:00,,https://www.facebook.com/100057335174945/posts/924732422781255/?app=fbl
311057938684793,Jumma Mugala you are right,2026-05-04T13:59:33.354983+00:00,,https://www.facebook.com/100057335174945/posts/924732422781255/?app=fbl
311057938684793,Jason Joshua ka normal Kali questionable,2026-05-04T13:59:33.354986+00:00,,https://www.facebook.com/100057335174945/posts/924732422781255/?app=fbl
311057938684793,"Kingsley Chipulu very questionable. Someone talks about the rains, then uyo! He jumps to 2096 . if he's normal then amashilu takwaba.",2026-05-04T13:59:33.354988+00:00,,https://www.facebook.com/100057335174945/posts/924732422781255/?app=fbl
311057938684793,Jason Joshua always as a praise singer,2026-05-04T13:59:33.354990+00:00,,https://www.facebook.com/100057335174945/posts/924732422781255/?app=fbl
311057938684793,Vincent Chisala muli bu praise singer pa last bapenenamo,2026-05-04T13:59:33.354992+00:00,,https://www.facebook.com/100057335174945/posts/924732422781255/?app=fbl
311057938684793,Jason Joshua so did the former and he was callled names🙄,2026-05-04T13:59:33.354994+00:00,,https://www.facebook.com/100057335174945/posts/924732422781255/?app=fbl
311057938684793,Zambia is not a farm but a country 🤣😂🤣😂🤣 talk is cheap,2026-05-04T13:59:33.354997+00:00,,https://www.facebook.com/100057335174945/posts/924732422781255/?app=fbl
1412640559380275,"Hello Louise Naudé, thank you for reaching out to ZESCO. Kindly note that when power goes out outside loadshedding hours, you could be experiencing a fault. You can report this by dialing *3600# and following the prompts for complaint registration so that you can be assisted. BZ",2026-05-04T13:59:33.354999+00:00,,https://www.facebook.com/100057335174945/posts/924732422781255/?app=fbl
7441442685951742,Hey Shibeleka Shakalima Caesar we apologise for the inconvenience caused. Kindly share your meter number for assistance. >ES.,2026-05-04T13:59:33.355003+00:00,,https://www.facebook.com/100057335174945/posts/924732422781255/?app=fbl
7441442685951742,Zesco Limited 01321138123,2026-05-04T13:59:33.355005+00:00,,https://www.facebook.com/100057335174945/posts/924732422781255/?app=fbl
1136542194140590,"Hi Fredah Chipeta, thank you for reaching out to us. Kindly note that the schedule remains the same. The reason for the early outage is due to constraints on the system. We apologize for the inconvenience caused.PM.",2026-05-04T13:59:33.355007+00:00,,https://www.facebook.com/100057335174945/posts/924732422781255/?app=fbl
1136542194140590,Zesco Limited we have been experiencing this since last week. And I think it would be best if you inform your customers.,2026-05-04T13:59:33.355012+00:00,,https://www.facebook.com/100057335174945/posts/924732422781255/?app=fbl
1136542194140590,Zesco Limited it’s just sad electricity being restored at 21 from 9.,2026-05-04T13:59:33.355014+00:00,,https://www.facebook.com/100057335174945/posts/924732422781255/?app=fbl
2591175591054010,Natalie Natalie 15h00  group E still nothing. 1 hour over Zesco Limited,2026-05-04T13:59:33.355016+00:00,,https://www.facebook.com/100057335174945/posts/924732422781255/?app=fbl
2591175591054010,"Hi Natalie Natalie we regret the inconvenience caused, please note that in some cases, there may be installations / feeders switched off early or delayed restoration may arise at any given time. However, this does not mean the schedule has changed. This is only due to system constraints and the published schedules remain the same. Regards CJ",2026-05-04T13:59:33.355019+00:00,,https://www.facebook.com/100057335174945/posts/924732422781255/?app=fbl
2591175591054010,"Zesco Limited in essence you mean we should not trust your schedule?
One thing you're consistent with is not following your own schedule. When you change, you'll create a predictable environment where everyone can plan accordingly. We fully understand the situation that has necessitated the load management but your being inefficient is making the whole situation unbearable for everyone countrywide. Please put your act together.",2026-05-04T13:59:33.355021+00:00,,https://www.facebook.com/100057335174945/posts/924732422781255/?app=fbl
1170309507311276,Emma Lubansa my thoughts too,2026-05-04T13:59:33.355024+00:00,,https://www.facebook.com/100057335174945/posts/924732422781255/?app=fbl
1170309507311276,"Emma Lubansa Its there.l,for me its better than the rest.",2026-05-04T13:59:33.355026+00:00,,https://www.facebook.com/100057335174945/posts/924732422781255/?app=fbl
1180490613114188,Florence Chikanji Aunty flo me too i am tired lol,2026-05-04T13:59:33.355028+00:00,,https://www.facebook.com/100057335174945/posts/924732422781255/?app=fbl
1180490613114188,Good morning,2026-05-04T13:59:33.355030+00:00,,https://www.facebook.com/100057335174945/posts/924732422781255/?app=fbl
1180490613114188,"Good morning Florence Chikanji, sincere apologies for the inconvenience caused. Kindly note that this is due to unplanned outages. Our technical team is doing everything possible to serve you better. Always register a fault with us when you experience loss of supply beyond the load management schedule. You can use our self-service platforms such *3600#, use ZESCO WhatsApp number +260762626977 by following the prompts. Further note that due to the current load constraints, we are unable to announce the date Load Management is expected to end. However, once all factors have been fully considered and analyzed, an official date will be announced to the public. We will seek to always keep you informed. PM",2026-05-04T13:59:33.355032+00:00,,https://www.facebook.com/100057335174945/posts/924732422781255/?app=fbl
1180490613114188,"Hello Florence Chikanji, we apologize for the inconvenience caused. Kindly note that when power goes out outside loadshedding hours you can report this by dialing *3600# and following the prompts so that you can be assisted. MMM",2026-05-04T13:59:33.355035+00:00,,https://www.facebook.com/100057335174945/posts/924732422781255/?app=fbl
1180490613114188,Zesco Limited Noted thanks,2026-05-04T13:59:33.355037+00:00,,https://www.facebook.com/100057335174945/posts/924732422781255/?app=fbl
975812750560377,"Hi Chi My We regret the inconvenience caused, kindly dial our USSD code *3600# and go for option number 5 and follow the prompt to retrieve loadshedding Group. Regards CJ",2026-05-04T13:59:33.355039+00:00,,https://www.facebook.com/100057335174945/posts/924732422781255/?app=fbl
618831263798949,Nhamo Afiya Chiwila they are annoying mwe,2026-05-04T13:59:33.355042+00:00,,https://www.facebook.com/100057335174945/posts/924732422781255/?app=fbl
618831263798949,Zesco Limited what of CBD area?,2026-05-04T13:59:33.355044+00:00,,https://www.facebook.com/100057335174945/posts/924732422781255/?app=fbl
618831263798949,Zesco Limited this is complete bullsh#t! You’re not following the stated time. Not in group D and E. It only on paper.,2026-05-04T13:59:33.355046+00:00,,https://www.facebook.com/100057335174945/posts/924732422781255/?app=fbl
618831263798949,"Zesco Limited what's with the extra 1 of load shedding its 15 hours we have no power, we have work to catch up on and we are affected by these extra hour.",2026-05-04T13:59:33.355048+00:00,,https://www.facebook.com/100057335174945/posts/924732422781255/?app=fbl
618831263798949,"Nhamo Afiya Chiwila for
 Sure this not fair",2026-05-04T13:59:33.355051+00:00,,https://www.facebook.com/100057335174945/posts/924732422781255/?app=fbl
618831263798949,Nhamo Afiya Chiwila imagine,2026-05-04T13:59:33.355053+00:00,,https://www.facebook.com/100057335174945/posts/924732422781255/?app=fbl
618831263798949,"Zesco Limited  do us a favor on Sundays at least power shouldn’t be going 
Just Sundays",2026-05-04T13:59:33.355055+00:00,,https://www.facebook.com/100057335174945/posts/924732422781255/?app=fbl
1134179511233052,"Hello Nandu Kalopa, sincere apologies for the delayed restoration. Are you back on supply? FP",2026-05-04T13:59:33.355057+00:00,,https://www.facebook.com/100057335174945/posts/924732422781255/?app=fbl
1134179511233052,Zesco Limited i am back on supply but it came back at exactly 22:15hrs.,2026-05-04T13:59:33.355059+00:00,,https://www.facebook.com/100057335174945/posts/924732422781255/?app=fbl
979475779753264,"Lusaka schedule is a lie. we don't have a specific time , like yesterday power went 16:45 and it had come today around 13:30 johnlaing",2026-05-04T13:59:33.355062+00:00,,https://www.facebook.com/100057335174945/posts/924732422781255/?app=fbl
737064145299611,"Zesco Limited please consider going back to 4 hour split shifts, and also starting all the shedding schedules in early morning hours after 03 hrs so no one will have to suffer in the dark hours. This is too hard on the people. 
You are changing the image of Zambia to the world.",2026-05-04T13:59:33.355064+00:00,,https://www.facebook.com/100057335174945/posts/924732422781255/?app=fbl
1353704408648041,Happy new week Zesco Limited the only electricity company that went to a private school,2026-05-04T13:59:33.355066+00:00,,https://www.facebook.com/100057335174945/posts/924732422781255/?app=fbl
1359240402134655,"Zesco Limited Kindly be sharing this a day before for planning purposes. Your system is not helping either. When we check using ussd the response is that ""there is no load shedding scheduled for your area"".",2026-05-04T13:59:33.355068+00:00,,https://www.facebook.com/100057335174945/posts/924732422781255/?app=fbl
752216810383734,"You timetable is all wrong !!! We don’t have power from 10am !!! There isn’t any part of this that has loadshedding starting at 10am !!! 
This story is our problem in Villa forever !!! 
No lights no water !!! 
What nonsense is this",2026-05-04T13:59:33.355071+00:00,,https://www.facebook.com/100057335174945/posts/924732422781255/?app=fbl
1800858807049840,Zesco Limited The same efficiency you have when cutting power should be the same as when it is time to restore it,2026-05-04T13:59:33.355073+00:00,,https://www.facebook.com/100057335174945/posts/924732422781255/?app=fbl
7647602908640872,"Zesco Limited I think you need to change this page from zesco Limited to zesco Lusaka. I say so, because it seems you only reply to concerns raised by people based in Lusaka. You leave others on seen once they comment on this page, which is wrong If you ask me..why should you fail to reply to comments from non Lusaka residents? Learn to consider everyone.",2026-05-04T13:59:33.355076+00:00,,https://www.facebook.com/100057335174945/posts/924732422781255/?app=fbl
952904566836835,"Zesco Limited Complain no 2939548 zesco came around 20.30 and went off again at 21.50 note that our loadshedding schedule is ,12 to 20 hours ,pls check",2026-05-04T13:59:33.355079+00:00,,https://www.facebook.com/100057335174945/posts/924732422781255/?app=fbl
451590690574355,Can you at least post the schedule on Sundays? So we don’t wake up to surprises on Mondays….is it too much to ask 🥲,2026-05-04T13:59:33.355081+00:00,,https://www.facebook.com/100057335174945/posts/924732422781255/?app=fbl
976300290676028,"In group E zesco suppose to come by this time , it is now 15:06 , zesco not yet, is suppose to come 14 hours",2026-05-04T13:59:33.355083+00:00,,https://www.facebook.com/100057335174945/posts/924732422781255/?app=fbl
311057938684793,Mirriam Chilwashi rains or no no rains its not good to criticise certain things...bcoz if still in opposition they were going to be against...problem as Zambians we want to accommodate almost anything that comes just becoz we have been told...they can just utilise the CDF monies to import power for businesses to run after all in most places cdf is not even been utilised accordingly...loadshedding whether rains or not is just bringing poverty,2026-05-04T13:59:33.355085+00:00,,https://www.facebook.com/100057335174945/posts/924732422781255/?app=fbl
311057938684793,Mirriam Chilwashi I'm also surprised mwandi I think is not 🚫,2026-05-04T13:59:33.355088+00:00,,https://www.facebook.com/100057335174945/posts/924732422781255/?app=fbl
311057938684793,"Mirriam Chilwashi when he was in opposition, he used to experience loadsheding. Now that he is president, there is always power at his residence 24/7",2026-05-04T13:59:33.355090+00:00,,https://www.facebook.com/100057335174945/posts/924732422781255/?app=fbl
311057938684793,Mõñíçá Møsé Lwândõ So boss you forget the maintenance and construction that was happening to improve the power generation country wide.....,2026-05-04T13:59:33.355092+00:00,,https://www.facebook.com/100057335174945/posts/924732422781255/?app=fbl
311057938684793,Mõñíçá Møsé Lwândõ are you even listening to yourself? What were the water levels then compared to what's there currently? The records are on Zambezi River Authority. Check them then come and prove with a screenshot that during PF there was enough water at Kariba dam. Ati am not UPND lol.,2026-05-04T13:59:33.355094+00:00,,https://www.facebook.com/100057335174945/posts/924732422781255/?app=fbl
311057938684793,"Mõñíçá Møsé Lwândõ during the previous government when  power Will go at 06 it's06 for sure , now in this government there will tell you that power will go at 12 hours but power will leave you people by 10hours coming back 21hours is that necessary to you .",2026-05-04T13:59:33.355097+00:00,,https://www.facebook.com/100057335174945/posts/924732422781255/?app=fbl
311057938684793,Mõñíçá Møsé Lwândõ awe naimwe let's just be fair here and stop criticizing,2026-05-04T13:59:33.355099+00:00,,https://www.facebook.com/100057335174945/posts/924732422781255/?app=fbl
311057938684793,Michael Romario Mwala the faith died a long time🤣all I am saying is that he highly criticized the pf government now that he has the power he should do what he kept saying he’d do,2026-05-04T13:59:33.355101+00:00,,https://www.facebook.com/100057335174945/posts/924732422781255/?app=fbl
752216810383734,"Hi Ayesha Seedat we apologize for the inconvenienced caused, kindly report any outage outside the load shedding schedule by calling 322 to speak to an Agent or use our USSD code *3600# and follow the prompts or download ZESCO App or our WhatsApp number +260762626977 and register a fault for assistance.  Kind regards CJ",2026-05-04T13:59:33.355103+00:00,,https://www.facebook.com/100057335174945/posts/924732422781255/?app=fbl
952904566836835,"Hello Abdul Haq Good morning, we apologize for the inconvenience caused, please note that your timetable hasn't changed and what is affecting your area is a system overload which is being addressed by our technical teams on the ground. Kindly advise if you are still off supply. Regards CJ",2026-05-04T13:59:33.355106+00:00,,https://www.facebook.com/100057335174945/posts/924732422781255/?app=fbl
451590690574355,Tilolele Mwanza Sundays will be too late. They need to post on Friday.,2026-05-04T13:59:33.355108+00:00,,https://www.facebook.com/100057335174945/posts/924732422781255/?app=fbl
451590690574355,Tilolele Mwanza This. Its honestly frustrating and inconveniencing having to wait till the actual day to know what your schedule will be like.,2026-05-04T13:59:33.355110+00:00,,https://www.facebook.com/100057335174945/posts/924732422781255/?app=fbl
7647602908640872,"Hello Melody Banda Daka, thank you for reaching out to us. Please note that we value our customers, and we strive to serve you all better. Kindly advise how we may assist you. PM",2026-05-04T13:59:33.355112+00:00,,https://www.facebook.com/100057335174945/posts/924732422781255/?app=fbl
7647602908640872,"Zesco Limited did it honestly have to reach this far? Quiet disappointing, but it's good you have responded. Am writing to you from Chipata Eastern province. 
I'd like to know why 
1.Zesco Chipata has failed to avail Chipata residents with a schedule they are following, whenever they are asked  they say they don't have. It's inconveniencing to just cut power unannounced.
2. As far as we are all concerned, the schedule needs to change every after a week. Unfortunately for some areas like Chipata motel and some places in moth extension we have continued to be subjected to power being cut at 13 and they only restore power at 23 which is 10hours and not the agreed upon 8hours. 
3.They are times that we understand that we are subjected to power being cut centrally from Lusaka when we have an abnormal load as a town. My question is, why do you cut power from the same areas every now and then and leave others to benefit from power supply. Very unfair. Power will cut from 09 to 23. Where is the logic in that? 

Please consider and treat your customers the same .",2026-05-04T13:59:33.355115+00:00,,https://www.facebook.com/100057335174945/posts/924732422781255/?app=fbl
7647602908640872,Zesco Limited you see what I was saying ba Zesco Lusaka.,2026-05-04T13:59:33.355117+00:00,,https://www.facebook.com/100057335174945/posts/924732422781255/?app=fbl
1339228173576001,Zesco Limited your schedule for group D is not making sense or any difference because for the past three weeks power has been coming in the night. I request that you also start giving us power in the afternoon,2026-05-04T13:59:33.355119+00:00,,https://www.facebook.com/100057335174945/posts/924732422781255/?app=fbl
1081332879606942,"Zesco Limited I'm in chingola power went in the morning and came back around 17-18 .. Again now it has gone ,WHY??",2026-05-04T13:59:33.355122+00:00,,https://www.facebook.com/100057335174945/posts/924732422781255/?app=fbl
351375454585445,Zesco Limited the update is out but we don’t have power since morning what’s this now and you guys are busy with changing the updates every week,2026-05-04T13:59:33.355124+00:00,,https://www.facebook.com/100057335174945/posts/924732422781255/?app=fbl
1157102772410348,Work on getting and bringing power at the mentioned times,2026-05-04T13:59:33.355126+00:00,,https://www.facebook.com/100057335174945/posts/924732422781255/?app=fbl
1381059105941140,And yet still no power,2026-05-04T13:59:33.355130+00:00,,https://www.facebook.com/100057335174945/posts/924732422781255/?app=fbl
1134579711021493,"Follow your schedule ba Zesco ,Solwezi Group B.Power has never been restored at 05:00,its 06:20 on weekends its 07:20.",2026-05-04T13:59:33.355132+00:00,,https://www.facebook.com/100057335174945/posts/924732422781255/?app=fbl
2151152971916553,Zesco the problem is you don't follow the schedule.  You switched us off at 06 and power was supposed to be back 14 hours. It only came back at 20 hours. How do we plan sure and how do we work?,2026-05-04T13:59:33.355134+00:00,,https://www.facebook.com/100057335174945/posts/924732422781255/?app=fbl
390675337130657,solwezi doesn't have a schedule power goes around 02 back 17hrs what is that aii,2026-05-04T13:59:33.355136+00:00,,https://www.facebook.com/100057335174945/posts/924732422781255/?app=fbl
805818411407145,"Here in nyumba we’re in group E
But we’re are being load shedded from 13:00 up until now no power!
When I check on 3600 it says 06:00 to 14:00 group E? Zesco Limited",2026-05-04T13:59:33.355139+00:00,,https://www.facebook.com/100057335174945/posts/924732422781255/?app=fbl
1494654464782369,It's already 14hrs and no power in group E(Kamwala South). What's the point of all this schedules when you don't follow it? 🚶🚮,2026-05-04T13:59:33.355141+00:00,,https://www.facebook.com/100057335174945/posts/924732422781255/?app=fbl
979475779753264,"Hi Greenwell Westwood Njobvu we regret the inconvenience caused, please register a complaint by dialing *3600# or call 322 to speak to our Agent or use our WhatsApp number +260762626977 by following the prompts to register a fault for follow-ups. CJ",2026-05-04T13:59:33.355143+00:00,,https://www.facebook.com/100057335174945/posts/924732422781255/?app=fbl
976300290676028,"Hi Patel Ayaj we apologize for the inconvenience caused, please may you confirm if power has been restored? We appreciate your patience. Regards CJ",2026-05-04T13:59:33.355146+00:00,,https://www.facebook.com/100057335174945/posts/924732422781255/?app=fbl
1339228173576001,"Good morning Bernard C M Chipampe, thank you for reaching out to us. Kindly note that we have 3 schedules for residentials which are 06:00 to 14:00, 12:00 to 20:hrs and 14:00 to 22:00hrs. So, the rotations will be done in that way. Last week, group D was going off from 12: 00 to 20:00hrs hence this is week the schedule will be from 14:00 to 22:00hrs then next week, it will be from 06:00 to 14:00hrs respectively. Kind regards PM",2026-05-04T13:59:33.355148+00:00,,https://www.facebook.com/100057335174945/posts/924732422781255/?app=fbl
1081332879606942,The schedule is not being followed here and I'm tired of complaining but I'll continue until you start doing the right thing,2026-05-04T13:59:33.355151+00:00,,https://www.facebook.com/100057335174945/posts/924732422781255/?app=fbl
351375454585445,"Hello Grace Franks, kindly register a complaint if you are still off supply as it may be due to a fault. You can do so by dialing *3600# and follow the prompts. We sincerely apologize for any inconvenience caused. FP",2026-05-04T13:59:33.355154+00:00,,https://www.facebook.com/100057335174945/posts/924732422781255/?app=fbl
351375454585445,Thank you but power is back now and the problem is that some houses do have power and some don’t so please look into it am sure it’s a fault somewhere and our house is one of the houses that don’t have,2026-05-04T13:59:33.355156+00:00,,https://www.facebook.com/100057335174945/posts/924732422781255/?app=fbl
351375454585445,Zesco Limited please look into it,2026-05-04T13:59:33.355158+00:00,,https://www.facebook.com/100057335174945/posts/924732422781255/?app=fbl
390675337130657,"Rosina Lolo Mawhite 
we apologize for the inconvenienced caused, kindly report any outage outside the load shedding schedule by calling 322 to speak to an Agent or use our USSD code *3600# and follow the prompts or download ZESCO App or our WhatsApp number +260762626977 and register a fault for assistance.  Kind regards CJ",2026-05-04T13:59:33.355162+00:00,,https://www.facebook.com/100057335174945/posts/924732422781255/?app=fbl
1157102772410348,"Hi Thandi Anna Letwaba we do apologize for the inconvenience caused, please note that your timetable has not changed and the reason for the extended load management in your area is due to system overload which is currently being addressed by our technical teams on the ground. Regards CJ",2026-05-04T13:59:33.355164+00:00,,https://www.facebook.com/100057335174945/posts/924732422781255/?app=fbl
1134579711021493,"Hello Maggie Jambila, sincere apologies for the delayed restoration. Please note that this may occur due to system overloads. Are you back on supply? FP",2026-05-04T13:59:33.355166+00:00,,https://www.facebook.com/100057335174945/posts/924732422781255/?app=fbl
1134579711021493,Zesco Limited its was restored at 07:40,2026-05-04T13:59:33.355168+00:00,,https://www.facebook.com/100057335174945/posts/924732422781255/?app=fbl
805818411407145,Hi Mwila we regret the inconvenience please register a complaint for any outage which is beyond load shedding schedule more especially if you are still off supply by dialing *3600# or call 322 to speak to our Agent or use our WhatsApp number +260762626977 by following the prompts to register a fault for follow-ups. CJ,2026-05-04T13:59:33.355171+00:00,,https://www.facebook.com/100057335174945/posts/924732422781255/?app=fbl
805818411407145,Mwila babe girl Zesco has lost direction when I check it's showing 12 to 20hrs but power was disconnected around 06,2026-05-04T13:59:33.355173+00:00,,https://www.facebook.com/100057335174945/posts/924732422781255/?app=fbl
805818411407145,"Zesco Limited we called yesterday we were put on hold, and eventually they dropped the call. Kindly advise why we are being load shedded in the wrong hours 04189824388.",2026-05-04T13:59:33.355175+00:00,,https://www.facebook.com/100057335174945/posts/924732422781255/?app=fbl
805818411407145,Jenny Kays awe it’s so frustrating. Getting home thinking you will have power but nothing. Last week we were load shedding in the wrong hours again.😒,2026-05-04T13:59:33.355177+00:00,,https://www.facebook.com/100057335174945/posts/924732422781255/?app=fbl
805818411407145,Mwila imagine,2026-05-04T13:59:33.355180+00:00,,https://www.facebook.com/100057335174945/posts/924732422781255/?app=fbl
1381059105941140,"Hi Chanda Francina we apologize for the inconvenience caused, please may you confirm if power has been restored? We appreciate your patience. Regards CJ",2026-05-04T13:59:33.355182+00:00,,https://www.facebook.com/100057335174945/posts/924732422781255/?app=fbl
848821520593006,Zesco you don't follow sechdule as stipulated. POWER has gone before time and upto now it hasn't been restored and/or resolved. Question is What is your point of having stipulated sechdule when you don't follow it?,2026-05-04T13:59:33.355184+00:00,,https://www.facebook.com/100057335174945/posts/924732422781255/?app=fbl
956324979489132,Lusaka Group E its passed 14 yashani malaiti,2026-05-04T13:59:33.355186+00:00,,https://www.facebook.com/100057335174945/posts/924732422781255/?app=fbl
406400082182640,What kind of schedules are these? What time will people who depend on electricity for their jobs work? The problem is that schedules are just made without thinking about people. Just because you people at zesco have a salary. You don’t think about people who rely on their hands for income and have no one to pay them. Kutumpa uku,2026-05-04T13:59:33.355189+00:00,,https://www.facebook.com/100057335174945/posts/924732422781255/?app=fbl
979632593794458,Power went at 09hrs which group are we in....,2026-05-04T13:59:33.355191+00:00,,https://www.facebook.com/100057335174945/posts/924732422781255/?app=fbl
862925762541040,"Zesco Limited may you please be circulating the schedule a day before the changes. Its quite inconveniencing not knowing the new week's schedule. If possible make a monthly one in advance. 
Thank you and please 🙏",2026-05-04T13:59:33.355193+00:00,,https://www.facebook.com/100057335174945/posts/924732422781255/?app=fbl
8310575085636217,"This is so irritating mwe, what's with you changing schedule's kanshi 🤦🤦",2026-05-04T13:59:33.355196+00:00,,https://www.facebook.com/100057335174945/posts/924732422781255/?app=fbl
3607333279517531,As Zambians we shouldn’t be so gullible about the statement Zesco Limited is making about the water levels reducing one thing we all need to ask ourselves is how will they be able to contain the water level during summer time if we are being load shedded for 8hrs now what more during summer how many hours of load shedding will we experience there’s need for a lot of transparency and accountability because we know power is being exported at the expense of our development as it stands right now businesses are not doing so well as most of them rely on power supply and therefore we are calling on high authority to look into this matter,2026-05-04T13:59:33.355198+00:00,,https://www.facebook.com/100057335174945/posts/924732422781255/?app=fbl
1140715227116433,"Zesco Limited, kindly update tje population on what you are doing to alleviate this problem of loadshedding. Shouldn't we be encouraging the development of more nonhydro power stations?  What is wrong with more coal powered plants? Why shouldn't Zesco Limited be involved in developing massive solar power plants? Should we be telling you everything  sure?",2026-05-04T13:59:33.355200+00:00,,https://www.facebook.com/100057335174945/posts/924732422781255/?app=fbl
835011318684288,"It's like you pipo are just making time tables muma office and not finding a permanent solution these need for plan B, we can't go on like this ...please bring back the 4 hours twice a day schedule, small businesses are unable to run effectively",2026-05-04T13:59:33.355203+00:00,,https://www.facebook.com/100057335174945/posts/924732422781255/?app=fbl
717468737000213,"Zesco Limited keep your schedules accurate because households need to plan their day ahead!! You can’t put a schedule 06:00 to 14:00 and yet you cut at 10:00 to 18:00, what wahala be this kind?",2026-05-04T13:59:33.355205+00:00,,https://www.facebook.com/100057335174945/posts/924732422781255/?app=fbl
1800858807049840,"Hi Zindaba we regret the inconvenience caused, please note that in some cases, there may be installations / feeders switched off early or delayed restoration may arise at any given time. However, this does not mean the schedule has changed.  Regards CJ",2026-05-04T13:59:33.355207+00:00,,https://www.facebook.com/100057335174945/posts/924732422781255/?app=fbl
1800858807049840,"Zesco Limited power cut at 4 am and came back at 04:43 pm today in avondale, can you kindly give me a clearly explanation as to why it happened the way it did today",2026-05-04T13:59:33.355209+00:00,,https://www.facebook.com/100057335174945/posts/924732422781255/?app=fbl
848821520593006,"Hi Jyotz Misra, sincere apologies for the inconvenience caused. Kindly note that this is due to unplanned outages. Our technical team is doing everything possible to serve you better. Always register a fault with us when you experience loss of supply beyond the load management schedule. You can use our self-service platforms such *3600#, use ZESCO WhatsApp number +260762626977 by following the prompts. PM",2026-05-04T13:59:33.355212+00:00,,https://www.facebook.com/100057335174945/posts/924732422781255/?app=fbl
406400082182640,Lukundo Nawanzi Chiyangaya these are self-centred idiots,2026-05-04T13:59:33.355214+00:00,,https://www.facebook.com/100057335174945/posts/924732422781255/?app=fbl
406400082182640,Innocent Ij very self centered. They don’t even listen to people’s complaints. Very inconsiderate.,2026-05-04T13:59:33.355216+00:00,,https://www.facebook.com/100057335174945/posts/924732422781255/?app=fbl
406400082182640,Chilengi Derrick do you understand the meaning of the word schedule?,2026-05-04T13:59:33.355219+00:00,,https://www.facebook.com/100057335174945/posts/924732422781255/?app=fbl
1160356592050838,Group E in Lusaka what's happening this is now 15hrs?,2026-05-04T13:59:33.355221+00:00,,https://www.facebook.com/100057335174945/posts/924732422781255/?app=fbl
1571689290350502,Ba zesco stick to the time twapapata not power goes as early as 6hrs but coming back at 15hrs 🙄🙄🤦‍♀️,2026-05-04T13:59:33.355223+00:00,,https://www.facebook.com/100057335174945/posts/924732422781255/?app=fbl
1161742034820147,"It's no longer 8hours 
Zesco Limited
And it's getting out of hand here in luanshya 
You cut power around 05
Coming back 17hours,14 or even 15

The timetable changed you were supposed to cut power around 13 today 
But you cut at 11:30
Coming back around 21:15
Ninshi you want some alarms nangushani
Because you're very fast when it comes to cutting power",2026-05-04T13:59:33.355227+00:00,,https://www.facebook.com/100057335174945/posts/924732422781255/?app=fbl
790989579596628,"And someone introduced EIZ for what, 60 years we are still depending on water as a source of power just admit it tulifikopofye bonse at different levels from schools of remembering",2026-05-04T13:59:33.355229+00:00,,https://www.facebook.com/100057335174945/posts/924732422781255/?app=fbl
424667420210424,Power went at 01hrs in Chalala even now there still is no power this is now 9 hrs and what is that schedule saying ?????our group is not even there. Which one is it?,2026-05-04T13:59:33.355232+00:00,,https://www.facebook.com/100057335174945/posts/924732422781255/?app=fbl
1840818453024242,Group D is the worst😡,2026-05-04T13:59:33.355234+00:00,,https://www.facebook.com/100057335174945/posts/924732422781255/?app=fbl
2083979558653011,"Am in kabwe, kindly share also, itß you important to know that at such a time, will have no power, unlike what happened today,",2026-05-04T13:59:33.355236+00:00,,https://www.facebook.com/100057335174945/posts/924732422781255/?app=fbl
1085244139231643,"I don't if it's me 
But kwatu Ni 12hours 
And we have businesses to run please tell me if you have sepefic  hours other areas",2026-05-04T13:59:33.355238+00:00,,https://www.facebook.com/100057335174945/posts/924732422781255/?app=fbl
467360265627956,Group E power isn’t back and this is 15,2026-05-04T13:59:33.355240+00:00,,https://www.facebook.com/100057335174945/posts/924732422781255/?app=fbl
407599322250521,But why are some of us been loadedshedded for 10 hours from 11hrs  to 21hrs awe it's too much,2026-05-04T13:59:33.355243+00:00,,https://www.facebook.com/100057335174945/posts/924732422781255/?app=fbl
956324979489132,Jacob Israel Malinuchi imwe mwandi,2026-05-04T13:59:33.355245+00:00,,https://www.facebook.com/100057335174945/posts/924732422781255/?app=fbl
956324979489132,Jacob Israel Malinuchi just imagine 🤦‍♀️,2026-05-04T13:59:33.355247+00:00,,https://www.facebook.com/100057335174945/posts/924732422781255/?app=fbl
956324979489132,Emily Mwale they are not reliable,2026-05-04T13:59:33.355250+00:00,,https://www.facebook.com/100057335174945/posts/924732422781255/?app=fbl
956324979489132,"Hi Jacob Israel Malinuchi we apologize for the inconvenience caused, please may you confirm if power has been restored? We appreciate your patience. Regards CJ",2026-05-04T13:59:33.355253+00:00,,https://www.facebook.com/100057335174945/posts/924732422781255/?app=fbl
979632593794458,"Hi Chimwemwe Sam, thank you for reaching out to us. Kindly dial *3600# and go to option 5 or visit our website www.zesco.co.zm to access the schedule. Further note that the schedule is on a weekly rotational basis. Kind regards PM",2026-05-04T13:59:33.355256+00:00,,https://www.facebook.com/100057335174945/posts/924732422781255/?app=fbl
1840818453024242,"Hi Janet Massino Mwanza We regret the inconvenience caused, please note that the timetable is rotational and next week Monday it will be from 06-14hrs. Regards CJ",2026-05-04T13:59:33.355258+00:00,,https://www.facebook.com/100057335174945/posts/924732422781255/?app=fbl
1571689290350502,"Hi Pelly Mandah we do apologize for the inconvenience caused, please note that your timetable has not changed and the reason for the extended load management in your area is due to system overload which is currently being addressed by our technical teams on the ground. Regards CJ",2026-05-04T13:59:33.355260+00:00,,https://www.facebook.com/100057335174945/posts/924732422781255/?app=fbl
1571689290350502,Pelly Mandah imagine zoona 😅😅,2026-05-04T13:59:33.355262+00:00,,https://www.facebook.com/100057335174945/posts/924732422781255/?app=fbl
1160356592050838,"Krid Banda same thing boss, group E is highly hated",2026-05-04T13:59:33.355265+00:00,,https://www.facebook.com/100057335174945/posts/924732422781255/?app=fbl
1160356592050838,"Hi Krid Banda we apologize for the inconvenience caused, please may you confirm if power has been restored? We appreciate your patience. Regards CJ",2026-05-04T13:59:33.355267+00:00,,https://www.facebook.com/100057335174945/posts/924732422781255/?app=fbl
1160356592050838,Zesco Limited restored thank you.,2026-05-04T13:59:33.355269+00:00,,https://www.facebook.com/100057335174945/posts/924732422781255/?app=fbl
1160356592050838,Zesco Limited you want to apologize again? Do the right thing power went at 5.30 hrs,2026-05-04T13:59:33.355271+00:00,,https://www.facebook.com/100057335174945/posts/924732422781255/?app=fbl
1085244139231643,"Hi Wìl Lìámś we apologize for the inconvenience caused, please may you confirm if power has been restored? We appreciate your patience. Regards CJ",2026-05-04T13:59:33.355274+00:00,,https://www.facebook.com/100057335174945/posts/924732422781255/?app=fbl
1085244139231643,"Zesco Limited yes power has been restored, please let's try by all means to stick to the proposed time .....thank you in advance",2026-05-04T13:59:33.355276+00:00,,https://www.facebook.com/100057335174945/posts/924732422781255/?app=fbl
790989579596628,Chipe Lukona kkkkk imagine even giving us pressure to pay for their useless licenses,2026-05-04T13:59:33.355278+00:00,,https://www.facebook.com/100057335174945/posts/924732422781255/?app=fbl
407599322250521,"Hi Mumu Adams, sincere apologies for the inconvenience caused. Kindly note that this is due to unplanned outages. Our technical team is doing everything possible to serve you better. Always register a fault with us when you experience loss of supply beyond the load management schedule. You can use our self-service platforms such *3600#, use ZESCO WhatsApp number +260762626977 by following the prompts. PM",2026-05-04T13:59:33.355280+00:00,,https://www.facebook.com/100057335174945/posts/924732422781255/?app=fbl
353891757674580,"Zesco Limited how do you count your hours? Power cut at 06, this is now 16 still not restored 😑",2026-05-04T13:59:33.355282+00:00,,https://www.facebook.com/100057335174945/posts/924732422781255/?app=fbl
461854086198653,"This information is supposed to be published before you even make the changes to give people time to plan ,not palya mwashimya then you bring new schedule 😡",2026-05-04T13:59:33.355285+00:00,,https://www.facebook.com/100057335174945/posts/924732422781255/?app=fbl
1201798157900151,Ninshi alipa duty agona? Since yesterday 14 until now we don't have power sure,2026-05-04T13:59:33.355287+00:00,,https://www.facebook.com/100057335174945/posts/924732422781255/?app=fbl
714443850629043,"Va zee, u guys are very funny kuzimya malaiti 05:50 namulilelo no power. Is this the 8 hrs yakwanu or what? Be considerate for once",2026-05-04T13:59:33.355289+00:00,,https://www.facebook.com/100057335174945/posts/924732422781255/?app=fbl
316263504611207,"The schedule which you cnt even follow. You really need a competitor. Loadshedding over 8 hrs yet other places have power throughout. Behaving as if some people are less Zambians, you're all jokers.",2026-05-04T13:59:33.355291+00:00,,https://www.facebook.com/100057335174945/posts/924732422781255/?app=fbl
1130738321308110,"Ba ZESCO sure sure ba ZESCO, in all honesty, wisdom and your education how do you load shed the central business district of Lusaka, surely... 🤔 This is not normal. You load shed the CBD from 05hrs, when and how will people work... Come on.... can you be reasonable for once.",2026-05-04T13:59:33.355294+00:00,,https://www.facebook.com/100057335174945/posts/924732422781255/?app=fbl
291767720640696,But why can't you be cutting power in the night during the day u allow pipo to work cos this daylight loadshaidng is making it impossible for people to work 🙏🙏🙏🙏 how will we survive sure 🤧🤧🤧,2026-05-04T13:59:33.355296+00:00,,https://www.facebook.com/100057335174945/posts/924732422781255/?app=fbl
3751531488424414,"Na zesco,you keep saying 8 hours but it goes beyond,power which is supposed to go at 06:00 goes at 05, then comes back at 15:00 instead of 14:00 please consider time also.",2026-05-04T13:59:33.355298+00:00,,https://www.facebook.com/100057335174945/posts/924732422781255/?app=fbl
1082442872837798,So it's only in Lusaka where an 8 hours load-shedding is still working? Coz here in solwezi in the last  4 weeks we have been using 11-12hrs schedule. The 8hrs schedule was only applied in the first 2 weeks... Why do we use different timetables in Zambia? This is not acceptable!,2026-05-04T13:59:33.355302+00:00,,https://www.facebook.com/100057335174945/posts/924732422781255/?app=fbl
1450787622191278,I wonder where Bally's ideas on ending load shedding went to after becoming the prezdo..,2026-05-04T13:59:33.355304+00:00,,https://www.facebook.com/100057335174945/posts/924732422781255/?app=fbl
467360265627956,"Hi John Kasoma we apologize for the inconvenience caused, please may you confirm if power has been restored? We appreciate your patience. Regards CJ",2026-05-04T13:59:33.355306+00:00,,https://www.facebook.com/100057335174945/posts/924732422781255/?app=fbl
467360265627956,"John Kasoma that's what they did whole lot of last week. Power cuts at 6 to 15:30 no time keeping, so kosani.",2026-05-04T13:59:33.355309+00:00,,https://www.facebook.com/100057335174945/posts/924732422781255/?app=fbl
467360265627956,Zesco Limited this is 14 please not ma 15 nalelo,2026-05-04T13:59:33.355312+00:00,,https://www.facebook.com/100057335174945/posts/924732422781255/?app=fbl
467360265627956,Sibu Sakala I really don’t understand why adhering to a schedule is hard,2026-05-04T13:59:33.355315+00:00,,https://www.facebook.com/100057335174945/posts/924732422781255/?app=fbl
461854086198653,Rustine MJ Chilongo kwati mashilu,2026-05-04T13:59:33.355317+00:00,,https://www.facebook.com/100057335174945/posts/924732422781255/?app=fbl
1201798157900151,"Hi,Esmmy Azariah we apologize for the inconvenienced caused, kindly report any outage outside the load shedding schedule by calling 322 to speak to an Agent or use our USSD code *3600# and follow the prompts or download ZESCO App or our WhatsApp number +260762626977 and register a fault for assistance.  Kind regards CJ",2026-05-04T13:59:33.355319+00:00,,https://www.facebook.com/100057335174945/posts/924732422781255/?app=fbl
353891757674580,Hey Mwila B Tembo thank you for contacting ZESCO. Please share effected meter number to our inbox for assistance. >ES.,2026-05-04T13:59:33.355321+00:00,,https://www.facebook.com/100057335174945/posts/924732422781255/?app=fbl
353891757674580,Mwila B Tembo imagine,2026-05-04T13:59:33.355323+00:00,,https://www.facebook.com/100057335174945/posts/924732422781255/?app=fbl
1524074918143120,You are not even following your own program 😠 😡,2026-05-04T13:59:33.355326+00:00,,https://www.facebook.com/100057335174945/posts/924732422781255/?app=fbl
1079348606501008,Which 8 hour naimwe? It’s taking 10 hours for power to be restored here in mporokoso 😡,2026-05-04T13:59:33.355328+00:00,,https://www.facebook.com/100057335174945/posts/924732422781255/?app=fbl
1847628699057100,"Zesco Limited honestly group D should have been given a morning schedule for loadshedding this week because last week we had the 12-20, this is honestly unfair!.",2026-05-04T13:59:33.355330+00:00,,https://www.facebook.com/100057335174945/posts/924732422781255/?app=fbl
1109953940123493,"Morning Zesco Limited . I hope this revised schedule will not change midweek and I hope you will rotate the schedule  for real. In my area in changed mid week here and when I complained you gave me the USSD *3600# . Please don't send me the number , try and hear me out and resolve the complaint",2026-05-04T13:59:33.355333+00:00,,https://www.facebook.com/100057335174945/posts/924732422781255/?app=fbl
935348788601274,So apa power has gone around 14:49 so what group is this ai and am sure it will come Kuma 02 mxxxm mumanikola weh,2026-05-04T13:59:33.355336+00:00,,https://www.facebook.com/100057335174945/posts/924732422781255/?app=fbl
8185849108095006,"Will you plz provide the loadshedding schedule at least on Saturday/Sunday? so that people can be prepared in advance, knowing it after it starts on Monday seems really ridiculous and problematic..🥴🥴🥴",2026-05-04T13:59:33.355338+00:00,,https://www.facebook.com/100057335174945/posts/924732422781255/?app=fbl
3328333514137087,Imwe is not 14: you are talking here were is your power you like nonsense Vaziiiii 😏😏,2026-05-04T13:59:33.355340+00:00,,https://www.facebook.com/100057335174945/posts/924732422781255/?app=fbl
364158906010911,"Updating information on Facebook weekly isn't feasible. Instead, it would be more effective to hire a skilled developer to create a notification system, ensuring people are promptly informed rather than having to search for updates",2026-05-04T13:59:33.355343+00:00,,https://www.facebook.com/100057335174945/posts/924732422781255/?app=fbl
980538046288038,When will this load shedding end! our business has gone down mwebantu?,2026-05-04T13:59:33.355345+00:00,,https://www.facebook.com/100057335174945/posts/924732422781255/?app=fbl
418618254232008,Zesco Limited why are you not adhering to the schedule? It's 14:37 and power still hasn't been restored. Your schedule clearly indicates that power should cut from 6AM to 2PM.,2026-05-04T13:59:33.355347+00:00,,https://www.facebook.com/100057335174945/posts/924732422781255/?app=fbl
714443850629043,Womba Kampeu Siingwa imwe sure.this is almost 15 .ukubilima fukushima but ukwasha bale chelwa again,2026-05-04T13:59:33.355349+00:00,,https://www.facebook.com/100057335174945/posts/924732422781255/?app=fbl
714443850629043,"Nkisu Kampewu bachilamo, they are taken us for granted aba bantu",2026-05-04T13:59:33.355351+00:00,,https://www.facebook.com/100057335174945/posts/924732422781255/?app=fbl
714443850629043,Womba Kampeu Siingwa azanda Babe. Vazee,2026-05-04T13:59:33.355354+00:00,,https://www.facebook.com/100057335174945/posts/924732422781255/?app=fbl
714443850629043,Sharon Jangia Biggie bachilamo batinkisana,2026-05-04T13:59:33.355356+00:00,,https://www.facebook.com/100057335174945/posts/924732422781255/?app=fbl
714443850629043,"Hi Womba Kampeu Siingwa we apologize for the inconvenience caused, please may you confirm if power has been restored? We appreciate your patience. Regards CJ",2026-05-04T13:59:33.355358+00:00,,https://www.facebook.com/100057335174945/posts/924732422781255/?app=fbl
1450787622191278,Patience Kalipa 😂😂😂😂😂 ask him on his page  he was wise in opposition,2026-05-04T13:59:33.355360+00:00,,https://www.facebook.com/100057335174945/posts/924732422781255/?app=fbl
1450787622191278,Pearl Freeman I will ask him😂,2026-05-04T13:59:33.355363+00:00,,https://www.facebook.com/100057335174945/posts/924732422781255/?app=fbl
1082442872837798,Jonas M Chabu its just 8hrs on paper.Even here in Lusaka its 11 to 12 hrs,2026-05-04T13:59:33.355365+00:00,,https://www.facebook.com/100057335174945/posts/924732422781255/?app=fbl
1082442872837798,Marjorie T Maposa it's not things with guys,2026-05-04T13:59:33.355367+00:00,,https://www.facebook.com/100057335174945/posts/924732422781255/?app=fbl
980538046288038,"Hello Josephine K Mwalwembe, thank you for contacting us. Currently, due to the prevailing weather patterns, we are unable to announce when load management will end. However, once all factors have been fully considered and analyzed, an official date will be announced to the public. BZ.",2026-05-04T13:59:33.355371+00:00,,https://www.facebook.com/100057335174945/posts/924732422781255/?app=fbl
980538046288038,"Zesco Limited i was having the same question, thanks for your service and hard work you are doing 
Please let us know when will this loadshading end as soon as possible",2026-05-04T13:59:33.355373+00:00,,https://www.facebook.com/100057335174945/posts/924732422781255/?app=fbl
3281138615512027,Ts already 14hrs Zesco Limited wats happening group E still no power we want to eat,2026-05-04T13:59:33.355377+00:00,,https://www.facebook.com/100057335174945/posts/924732422781255/?app=fbl
1139232760450889,That's not a problem. My problem is the name 'George' it has so many letters for no reason. I mean 'joj' was just fine.,2026-05-04T13:59:33.355379+00:00,,https://www.facebook.com/100057335174945/posts/924732422781255/?app=fbl
1160149984999126,Zesco Limited kindly share the Schedule for Ndola because Kansenshi infill load shedding ninshi ni 13 hours to 21 hours and beyond everyday?you have even started load shedding us twice in a day efinshi ifyo sure🤷🏽‍♀️,2026-05-04T13:59:33.355381+00:00,,https://www.facebook.com/100057335174945/posts/924732422781255/?app=fbl
1443662106542694,Zesco Limited can't you split well the 8 hrs not during the day business and other Important things are affected cut 6 hrs at night then during the atleast 2 hrs not this,2026-05-04T13:59:33.355384+00:00,,https://www.facebook.com/100057335174945/posts/924732422781255/?app=fbl
1171463883850517,"Zesco Limited ask luapula management why we are have power outage for more than 10hrs in mansa(low density)
Power cuts at 11hrs only to be restored past 22hrs,what's that?",2026-05-04T13:59:33.355386+00:00,,https://www.facebook.com/100057335174945/posts/924732422781255/?app=fbl
964210588218573,"Good morning. You are so consistently inconsistent. I am in group B in Solwezi, but power went off around 06:00 this morning. I thought it says 20/21 hours?",2026-05-04T13:59:33.355388+00:00,,https://www.facebook.com/100057335174945/posts/924732422781255/?app=fbl
934856014849054,Zesco limited why do we have longer load shedding hours in Solwezi???,2026-05-04T13:59:33.355390+00:00,,https://www.facebook.com/100057335174945/posts/924732422781255/?app=fbl
938598631081785,"This time table doesn't work,here in chelstone power went 2minutes to 6am up to now there is no power ,shame",2026-05-04T13:59:33.355392+00:00,,https://www.facebook.com/100057335174945/posts/924732422781255/?app=fbl
984198436601199,Ati 06 to 14 but you took it at 05hrs. Ba Zesco Limited try to maintain time so we can at least prepare ourselves for work between 04 and 05,2026-05-04T13:59:33.355395+00:00,,https://www.facebook.com/100057335174945/posts/924732422781255/?app=fbl
750017720575912,My area in Ndola has had 17-01 for almost a month now. It’s really unfair I thought it’s supposed to change weekly.,2026-05-04T13:59:33.355397+00:00,,https://www.facebook.com/100057335174945/posts/924732422781255/?app=fbl
935348788601274,"Hi Namwaka Nana Wasilota we regret the inconvenience caused, please note that in some cases, there may be installations / feeders switched off early or delayed restoration may arise at any given time. However, this does not mean the schedule has changed. This is only due to system constraints and the published schedules remain the same. Regards CJ",2026-05-04T13:59:33.355399+00:00,,https://www.facebook.com/100057335174945/posts/924732422781255/?app=fbl
935348788601274,Zesco Limited elo you are good at explaining and apologizing mwandi.,2026-05-04T13:59:33.355401+00:00,,https://www.facebook.com/100057335174945/posts/924732422781255/?app=fbl
1847628699057100,Chanda Kay there not fair with group D,2026-05-04T13:59:33.355404+00:00,,https://www.facebook.com/100057335174945/posts/924732422781255/?app=fbl
1847628699057100,Nambisa Mercy not fair at all,2026-05-04T13:59:33.355406+00:00,,https://www.facebook.com/100057335174945/posts/924732422781255/?app=fbl
1171463883850517,Dorryc C. Mwila exactly mwandi. Ba Zesco are really up to no good. They are working so hard to frustrate the citizens,2026-05-04T13:59:33.355408+00:00,,https://www.facebook.com/100057335174945/posts/924732422781255/?app=fbl
975369947454687,From 05:54 - til now 16:00 we don’t have power ati 8 hrs awe this is failing zesco,2026-05-04T13:59:33.355410+00:00,,https://www.facebook.com/100057335174945/posts/924732422781255/?app=fbl
1185924779266258,"You people are ridiculus. Sure enough you didn't know schedule before already making in effect? To be sure, none can prepare in advance.",2026-05-04T13:59:33.355412+00:00,,https://www.facebook.com/100057335174945/posts/924732422781255/?app=fbl
308336305627892,"What's this, power last week was going from 12-20 this week 14-22, that's the time people do most business, where is that schedule when it had to cut at 4-12?",2026-05-04T13:59:33.355415+00:00,,https://www.facebook.com/100057335174945/posts/924732422781255/?app=fbl
1479913309593876,Stop even decieving us which 08hrs are you talking about from 06hrs to 17hrs is this 08hrs please you should stick to your time,2026-05-04T13:59:33.355417+00:00,,https://www.facebook.com/100057335174945/posts/924732422781255/?app=fbl
953911596108315,Kindly update us as ba section C. The time table is showing that power will be off from 12 to 20hra and just 06 power has gone. Us we have prepared to work with u time table kindly do the needful Zesco Limited.,2026-05-04T13:59:33.355419+00:00,,https://www.facebook.com/100057335174945/posts/924732422781255/?app=fbl
952347706548231,You have failed to adhere to the schedule which is not imposed on you.We know there's load shedding but please stick to your schedule,2026-05-04T13:59:33.355421+00:00,,https://www.facebook.com/100057335174945/posts/924732422781255/?app=fbl
970125784243676,"Zesco this your loadshedding is confusing us,we toke power at 9 till now we don't have power",2026-05-04T13:59:33.355424+00:00,,https://www.facebook.com/100057335174945/posts/924732422781255/?app=fbl
1443124209655080,What fails to make sense is our Meter Number appears in Group E yet our area is in Group D.  Can you explain this disparity?,2026-05-04T13:59:33.355426+00:00,,https://www.facebook.com/100057335174945/posts/924732422781255/?app=fbl
1502869543919002,Are these groups rotational 🤔,2026-05-04T13:59:33.355428+00:00,,https://www.facebook.com/100057335174945/posts/924732422781255/?app=fbl
975254380666765,"Dear ZESCO,

I wanted to confirm which 8-HOUR schedule we're on here in Chelstone, seeing that we had no power from 6AM to about 5PM yesterday. Apparently we're in group E, but I'm starting to think we have a special extended schedule as this is not the first time this week alone that we've experienced extended loadshedding. I and the people I'm with just want to know so that we can manage our expectations. 

Thank you kindly.",2026-05-04T13:59:33.355430+00:00,,https://www.facebook.com/100057335174945/posts/924732422781255/?app=fbl
975369947454687,"Hi Ruth Kay we do apologize for the inconvenience caused, please note that your timetable has not changed and the reason for the extended load management in your area is due to system overload which is currently being addressed by our technical teams on the ground. Regards CJ",2026-05-04T13:59:33.355432+00:00,,https://www.facebook.com/100057335174945/posts/924732422781255/?app=fbl
308336305627892,Jose Ph what would be point of load shedding during a time when people aren't using electricity?,2026-05-04T13:59:33.355435+00:00,,https://www.facebook.com/100057335174945/posts/924732422781255/?app=fbl
1479913309593876,"Hi Enock Mangowa Good morning, in some cases, there may be installations / feeders switched off early or delayed restoration may arise at any given time. However, this does not mean the schedule has changed. This is only due to system constraints and the published schedules remain the same.
The network may be constrained at times making it impossible for us to stick to the times on the schedule.
. Regards CJ",2026-05-04T13:59:33.355437+00:00,,https://www.facebook.com/100057335174945/posts/924732422781255/?app=fbl
1479913309593876,Zesco Limited you know you were saying it's 8hrs but that why I said it's not 8hrs because us here in mushitala area yesterday it went around 13hrs and it came back 24hrs that's why I said it like that sir,2026-05-04T13:59:33.355439+00:00,,https://www.facebook.com/100057335174945/posts/924732422781255/?app=fbl
975254380666765,Stanley Phiri II even today 14 has passed,2026-05-04T13:59:33.355441+00:00,,https://www.facebook.com/100057335174945/posts/924732422781255/?app=fbl
821071209837952,"Problem you don't plan smartly, we have many water body in Zambia 🇿🇲 but you ZESCO it's like you just like money instead of investing in many energy strategies shame on you for now puting our life in danger because of your reckless thinking..",2026-05-04T13:59:33.355443+00:00,,https://www.facebook.com/100057335174945/posts/924732422781255/?app=fbl
2981527101988605,You ppl should have a fixed timetable not every week mulecinja cinja can we stick to one timetable please,2026-05-04T13:59:33.355446+00:00,,https://www.facebook.com/100057335174945/posts/924732422781255/?app=fbl
445278351308826,Kaya ise we are in which group this week cause we are from 6-14 awe ba Zesco mwandi,2026-05-04T13:59:33.355449+00:00,,https://www.facebook.com/100057335174945/posts/924732422781255/?app=fbl
724159483123342,Are these the only towns we have,2026-05-04T13:59:33.355451+00:00,,https://www.facebook.com/100057335174945/posts/924732422781255/?app=fbl
778667507697537,"Zesco Limited mukamba mweka😂ise we haven't had power in area since Saturday 8hrs,only for it to be restored today 02 and cut pa 05 who does that!?",2026-05-04T13:59:33.355454+00:00,,https://www.facebook.com/100057335174945/posts/924732422781255/?app=fbl
402459122649633,"What time are we being restored, it's well over 8hrs here in chalala rockfield",2026-05-04T13:59:33.355456+00:00,,https://www.facebook.com/100057335174945/posts/924732422781255/?app=fbl
1147323056698749,The schedule is unknown now. Power cuts anyhow. What time table are you following?,2026-05-04T13:59:33.355458+00:00,,https://www.facebook.com/100057335174945/posts/924732422781255/?app=fbl
732690135708333,"The Schedule that is not followed🙄, here in Ndola Northrise/Kansenshi Loadshedding is always from 13 hours to 21 hours or past 21hrs everyday,  why can't you reschedule, we also want the time table from 05 hrs to 13hours please 🙏🥺🥺",2026-05-04T13:59:33.355462+00:00,,https://www.facebook.com/100057335174945/posts/924732422781255/?app=fbl
1628508394577742,How about Ndola? We’ve had the craziest load shedding schedule in Kansenshi today! No rhyme or reason to it.,2026-05-04T13:59:33.355465+00:00,,https://www.facebook.com/100057335174945/posts/924732422781255/?app=fbl
801496608143150,I really don't know the hours of load shedding since from 11hrs up to now mmmmm awe sure 🥴😔😔,2026-05-04T13:59:33.355468+00:00,,https://www.facebook.com/100057335174945/posts/924732422781255/?app=fbl
1857522798040993,"Zesco Limited for the past five days you have been Loadshedding solwezi ( kyawama area) for 17 hours from 05:00 hrs - 22:00hrs WHY? 
Please work within your stipulated time of Loadshedding.",2026-05-04T13:59:33.355470+00:00,,https://www.facebook.com/100057335174945/posts/924732422781255/?app=fbl
1265359951098590,How do we know the group we are in?,2026-05-04T13:59:33.355472+00:00,,https://www.facebook.com/100057335174945/posts/924732422781255/?app=fbl
453751753759877,Do you even consider student … like how will they study with this kind of schedule? Zesco Limited …… that’s why to student the fours hours schedule was nice sanafyeee,2026-05-04T13:59:33.355475+00:00,,https://www.facebook.com/100057335174945/posts/924732422781255/?app=fbl
1172944700752848,they lied it's not 6 to 14 its 6 to 15,2026-05-04T13:59:33.355477+00:00,,https://www.facebook.com/100057335174945/posts/924732422781255/?app=fbl
1115855296300141,Feels like it's been more than 6 weeks. How many more weeks do we have to put up with this?,2026-05-04T13:59:33.355479+00:00,,https://www.facebook.com/100057335174945/posts/924732422781255/?app=fbl
365520869192199,"So people remember how to switch off but forget to switch on ,cause how does power go at 05:00 and come back at 16:00",2026-05-04T13:59:33.355481+00:00,,https://www.facebook.com/100057335174945/posts/924732422781255/?app=fbl
474913735043308,So in short zesco only does this for Lusaka other provinces it how they feel ??,2026-05-04T13:59:33.355483+00:00,,https://www.facebook.com/100057335174945/posts/924732422781255/?app=fbl
1150733482615962,Can you post these schedules a day before and not on the actual day,2026-05-04T13:59:33.355486+00:00,,https://www.facebook.com/100057335174945/posts/924732422781255/?app=fbl
959519825385073,Zesco you have failed to honor the schedule you created yourselves. You are truly a let down how can power go from 13:30 coming back 23hrs.,2026-05-04T13:59:33.355488+00:00,,https://www.facebook.com/100057335174945/posts/924732422781255/?app=fbl
1073009573776254,"Zesco Limited you charge load shedding time without prior notice and also you don't bring power on time! This is so unacceptable,power went at 06 hrs and this is 5 to 2:30.we haven't had water since because we pump water with electricity,the toilets are full of fecal matter and urine. We shall get sick now.",2026-05-04T13:59:33.355491+00:00,,https://www.facebook.com/100057335174945/posts/924732422781255/?app=fbl
801496608143150,"Hello Holland Owens Jepoy, sincere apologies for the delayed restoration. Are you back on supply? FP",2026-05-04T13:59:33.355494+00:00,,https://www.facebook.com/100057335174945/posts/924732422781255/?app=fbl
724159483123342,Florence Mwape ask mwandi,2026-05-04T13:59:33.355496+00:00,,https://www.facebook.com/100057335174945/posts/924732422781255/?app=fbl
1172944700752848,"Mello Tachila we regret the inconvenience caused, please note that in some cases, there may be installations / feeders switched off early or delayed restoration may arise at any given time. However, this does not mean the schedule has changed. This is only due to system constraints and the published schedules remain the same. Regards CJ",2026-05-04T13:59:33.355498+00:00,,https://www.facebook.com/100057335174945/posts/924732422781255/?app=fbl
1172944700752848,Zesco Limited mansa no power from 6 up now why children of God,2026-05-04T13:59:33.355501+00:00,,https://www.facebook.com/100057335174945/posts/924732422781255/?app=fbl
7499396103448309,Group E...is it 8 hours or 10-11 hours because what was that stunt you pulled yesterday? It's 2pm power better be restored soon,2026-05-04T13:59:33.355503+00:00,,https://www.facebook.com/100057335174945/posts/924732422781255/?app=fbl
970070727972858,"I do not understand how Zesco big as it is, can make a schedule and fail to follow it themselves. 

Just stop making it !",2026-05-04T13:59:33.355505+00:00,,https://www.facebook.com/100057335174945/posts/924732422781255/?app=fbl
442822361760933,"You liers we loose power at 5 and it's restored at 22 and you call that normal, we have areas in Lusaka that have power for a week, why do you want to capitalize on solwezi, elo if you don't follow this schedule, this time we are dealing with you,  we are tired of your nonsense, you think no one can speak out in Solwezi,  you fear people from Lusaka and Copperbelt. Atah be professional and if operations has failed find someone eligible",2026-05-04T13:59:33.355507+00:00,,https://www.facebook.com/100057335174945/posts/924732422781255/?app=fbl
420747464242930,"fya fake ifi, we have been loadshedded since 13:00",2026-05-04T13:59:33.355509+00:00,,https://www.facebook.com/100057335174945/posts/924732422781255/?app=fbl
824334343050817,Some of us belong to Ziba Zako schedule which Zesco have created outside the published schedule.This schedule does not rotate . It runs from 11 hours daily .,2026-05-04T13:59:33.355512+00:00,,https://www.facebook.com/100057335174945/posts/924732422781255/?app=fbl
1425992378122539,Ba Zesco Limited thought you said it's 12 to 20...it is almost 21and we still don't have power,2026-05-04T13:59:33.355514+00:00,,https://www.facebook.com/100057335174945/posts/924732422781255/?app=fbl
410923395213213,"Ba ZESCO, the problem is you don't follow your schedule ever since you started load shedding, always always you find ways of adding extra 40 to 60 minutes of the official 8 hours, so practically we are experiencing 9 of no power everyday..",2026-05-04T13:59:33.355516+00:00,,https://www.facebook.com/100057335174945/posts/924732422781255/?app=fbl
785494693222158,So ninshi ku solwezi they have no use for electricity for you to put these hours muleti nokuti at about kwati fyamano and already your power supply even without load shedding is pathetic yet the country does collect enough revenue from northwest you guys are jokers,2026-05-04T13:59:33.355518+00:00,,https://www.facebook.com/100057335174945/posts/924732422781255/?app=fbl
1127582905216953,Zesco Limited is there anything being done to improve the situation or you have already just arrived at this as the only solution? Nga abakwata population iyikulu how do they manage? Takwaba ukuyako mwasambililako pantu takwaba,2026-05-04T13:59:33.355521+00:00,,https://www.facebook.com/100057335174945/posts/924732422781255/?app=fbl
747337933896198,Time table iyabupuba eyo tamukonka nokukonka. 😡😡😡😡😡,2026-05-04T13:59:33.355523+00:00,,https://www.facebook.com/100057335174945/posts/924732422781255/?app=fbl
1265359951098590,Shaks James check your WhatsApp,2026-05-04T13:59:33.355527+00:00,,https://www.facebook.com/100057335174945/posts/924732422781255/?app=fbl
1265359951098590,Hosea Mbewe thanks bro,2026-05-04T13:59:33.355529+00:00,,https://www.facebook.com/100057335174945/posts/924732422781255/?app=fbl
365520869192199,Mwandu Mulenga it’s a scam,2026-05-04T13:59:33.355531+00:00,,https://www.facebook.com/100057335174945/posts/924732422781255/?app=fbl
365520869192199,Mwandu Mulenga imagine mweebanthu,2026-05-04T13:59:33.355533+00:00,,https://www.facebook.com/100057335174945/posts/924732422781255/?app=fbl
7499396103448309,Chichi Carter here we go again. Day loadshedding is a trap,2026-05-04T13:59:33.355536+00:00,,https://www.facebook.com/100057335174945/posts/924732422781255/?app=fbl
7499396103448309,John Kasoma it was restored for less than a minute 🤦🏽‍♀️🤦🏽‍♀️🤦🏽‍♀️,2026-05-04T13:59:33.355538+00:00,,https://www.facebook.com/100057335174945/posts/924732422781255/?app=fbl
1358972131485358,"Apart from changing/rotating the schedules,what are you doing to end the loadsheeding?no one will pour water in Kariba dam to fill it up hope you know that.",2026-05-04T13:59:33.355540+00:00,,https://www.facebook.com/100057335174945/posts/924732422781255/?app=fbl
461881846183654,Where is group A for Lusaka,2026-05-04T13:59:33.355542+00:00,,https://www.facebook.com/100057335174945/posts/924732422781255/?app=fbl
1140333603671525,Why can't you just share for all provinces to help us,2026-05-04T13:59:33.355545+00:00,,https://www.facebook.com/100057335174945/posts/924732422781255/?app=fbl
411834361599433,Zesco Limited What are you doing to mitigate this problem of loadsheding awe talema mwe!Will Zambia develop?You should be proactive with this change of weather rather waiting on the rains.,2026-05-04T13:59:33.355547+00:00,,https://www.facebook.com/100057335174945/posts/924732422781255/?app=fbl
1577641209755812,"Good morning Zesco Limited, my regards to the CEO.",2026-05-04T13:59:33.355549+00:00,,https://www.facebook.com/100057335174945/posts/924732422781255/?app=fbl
1356239715051294,Very hopeless. Something you can't even follow,2026-05-04T13:59:33.355551+00:00,,https://www.facebook.com/100057335174945/posts/924732422781255/?app=fbl
2190094668002415,"Don't worry ba Zesco Limited we accept that we are in Egypt. Moses will take us to the promised land. Ine I hate how you inconvenience our lives, so annoying 😤😤😤😤",2026-05-04T13:59:33.355553+00:00,,https://www.facebook.com/100057335174945/posts/924732422781255/?app=fbl
1284761466245257,I was in group C but power went at 6.,2026-05-04T13:59:33.355556+00:00,,https://www.facebook.com/100057335174945/posts/924732422781255/?app=fbl
971753054509375,Today you have entered into our space and ruined our programs as bakers with orders to deliver... We are in 06 to 12 hrs schedule of having power.. nomba amalaiti yaya kuma 9hrs what time will it come Zesco Limited awe kwateniko order mwandini... Elo apa an Sorry word is been misused mwandini mwe.... How can we plan with our tuma side hustles when you can't keep your own schedule..,2026-05-04T13:59:33.355558+00:00,,https://www.facebook.com/100057335174945/posts/924732422781255/?app=fbl
1905602866545786,When is this loadshedding ending it's too much,2026-05-04T13:59:33.355560+00:00,,https://www.facebook.com/100057335174945/posts/924732422781255/?app=fbl
442822361760933,Ritah Mwaba Tembo go deeper,2026-05-04T13:59:33.355562+00:00,,https://www.facebook.com/100057335174945/posts/924732422781255/?app=fbl
442822361760933,Ritah yess am right behind you..,2026-05-04T13:59:33.355565+00:00,,https://www.facebook.com/100057335174945/posts/924732422781255/?app=fbl
442822361760933,Ritah Mwaba Tembo our load shedding spokes person 🙌😅 tiye nabo,2026-05-04T13:59:33.355567+00:00,,https://www.facebook.com/100057335174945/posts/924732422781255/?app=fbl
442822361760933,Emmy Aaliyah'z awe banipesha,2026-05-04T13:59:33.355569+00:00,,https://www.facebook.com/100057335174945/posts/924732422781255/?app=fbl
442822361760933,Ritah Mwaba Tembo Tell them mwadi it's too much in solwezi,2026-05-04T13:59:33.355571+00:00,,https://www.facebook.com/100057335174945/posts/924732422781255/?app=fbl
442822361760933,"If we all unite and speak one voice, they will behave",2026-05-04T13:59:33.355574+00:00,,https://www.facebook.com/100057335174945/posts/924732422781255/?app=fbl
442822361760933,Ritah Mwaba Tembo tag the president,2026-05-04T13:59:33.355576+00:00,,https://www.facebook.com/100057335174945/posts/924732422781255/?app=fbl
442822361760933,Hakainde Hichilema twafweni Bally,2026-05-04T13:59:33.355578+00:00,,https://www.facebook.com/100057335174945/posts/924732422781255/?app=fbl
1284761466245257,Daniel Nyundu ise it will go at 12 to 20 ba group c,2026-05-04T13:59:33.355580+00:00,,https://www.facebook.com/100057335174945/posts/924732422781255/?app=fbl
1356239715051294,"Good morning, Shaque Shaluvuna when the system dictates otherwise the technical teams may have no other options but to put up measures that will preserve the network from collapsing this entails effecting emergency load management (switching off early) and or delayed restoration (switching on late) these are inevitable for the wellbeing of the grid. However, our dedicated engineers are working round the clock to ameliorate the situation. We regret the inconvenience caused. Regards CJ",2026-05-04T13:59:33.355583+00:00,,https://www.facebook.com/100057335174945/posts/924732422781255/?app=fbl
1356239715051294,Zesco Limited In Meanwood ndeke Lusaka power has now started going at 06hrs to 20hrs. What's the excuse there? We part of group c....,2026-05-04T13:59:33.355585+00:00,,https://www.facebook.com/100057335174945/posts/924732422781255/?app=fbl
278041545273125,U are very good when it comes to switching off now when it’s time to switch on awe sure don’t know what happens ….Do the have a clock to check the time the guys in charge of switching on ?? Coz those hours you say we don’t experience power but an hour after that so please do add at +an hour ku last .,2026-05-04T13:59:33.355587+00:00,,https://www.facebook.com/100057335174945/posts/924732422781255/?app=fbl
732749352071328,"This whole load shedding ine natinkiwa 😒, in as much as there's that power deficit, plan B was supposed to be implemented manje kulibe plan B. To make matters worse you're going beyond the 8hour schedule, deliberately obviously. You guys just increased the load shedding hours to 10hours+ but you won't tell us. This is only April, what happens in October?

Here's a question ba Zesco Limited what really are you doing to curb the 10hour+ load shedding? You have plan B right?",2026-05-04T13:59:33.355589+00:00,,https://www.facebook.com/100057335174945/posts/924732422781255/?app=fbl
2202872113378368,How is it approximately 8 hours when power goes at 5 and comes back 14?,2026-05-04T13:59:33.355592+00:00,,https://www.facebook.com/100057335174945/posts/924732422781255/?app=fbl
789596089437969,"Why such uncertainty in Solwezi,can we have a straight forward schedule like other Towns,ako nikapatula ba ZESCO!",2026-05-04T13:59:33.355594+00:00,,https://www.facebook.com/100057335174945/posts/924732422781255/?app=fbl
1080618649704670,"Load shedding is only solution you can find, so all the best qualified engineers and technicians they went to plan load shedding time table, Zesco ka ntemba",2026-05-04T13:59:33.355596+00:00,,https://www.facebook.com/100057335174945/posts/924732422781255/?app=fbl
235303116308348,"You are just training us to leave your grid, otherwise soon we will become self sufficient and you will start loosing clients.",2026-05-04T13:59:33.355600+00:00,,https://www.facebook.com/100057335174945/posts/924732422781255/?app=fbl
441254438285010,Do you even follow your timetable? Coz Kuno we don't belong in any group apo....so kaya,2026-05-04T13:59:33.355602+00:00,,https://www.facebook.com/100057335174945/posts/924732422781255/?app=fbl
732427319045882,"My Solwezi people have made enough noise zoona. We are suffering 15 hours a day of no power, I hope zesco will follow this schedule!",2026-05-04T13:59:33.355604+00:00,,https://www.facebook.com/100057335174945/posts/924732422781255/?app=fbl
452943217182057,From 06 to 16 in libala south this is not right we are already frustrated can you work on being professional,2026-05-04T13:59:33.355607+00:00,,https://www.facebook.com/100057335174945/posts/924732422781255/?app=fbl
1669206313485845,Zesco Limited at least power should be going in the morning not at night 😔 m I buy electricity for bulbs che 😂😂😂,2026-05-04T13:59:33.355611+00:00,,https://www.facebook.com/100057335174945/posts/924732422781255/?app=fbl
420747464242930,"Hello Wisdom Hazard Chipi, are you back on supply? FP",2026-05-04T13:59:33.355614+00:00,,https://www.facebook.com/100057335174945/posts/924732422781255/?app=fbl
420747464242930,Zesco Limited yes after 9 hours 30 minutes 🙆🙆,2026-05-04T13:59:33.355617+00:00,,https://www.facebook.com/100057335174945/posts/924732422781255/?app=fbl
785876140160178,Ehe from 12 to 22 hrs to you follow your time table ai,2026-05-04T13:59:33.355619+00:00,,https://www.facebook.com/100057335174945/posts/924732422781255/?app=fbl
1379539882755762,"You should be posting this in advance, we can’t be waking up to no power without warning",2026-05-04T13:59:33.355621+00:00,,https://www.facebook.com/100057335174945/posts/924732422781255/?app=fbl
1174378643935570,"Power is supposed to go at 6 for group E while we are in dreamland, ZESCO takes advantage of us and cuts power Kuma 3 nichani sure?",2026-05-04T13:59:33.355623+00:00,,https://www.facebook.com/100057335174945/posts/924732422781255/?app=fbl
967967008188073,"Zesco Limited here power has been gone from 05:55 till now nothing , it’s over 8 hours what’s going on😔🤒",2026-05-04T13:59:33.355626+00:00,,https://www.facebook.com/100057335174945/posts/924732422781255/?app=fbl
346474445108446,How come group D category has from 8th April experienced load shedding in the evenings?,2026-05-04T13:59:33.355628+00:00,,https://www.facebook.com/100057335174945/posts/924732422781255/?app=fbl
282495681581362,"Tapali nefyo here in chililabombwe power cut is not even for 8 hours, we are experiencing 10 to 12 hours of loadshedding and how do you expect people to work aini imwe 🙄",2026-05-04T13:59:33.355630+00:00,,https://www.facebook.com/100057335174945/posts/924732422781255/?app=fbl
1138801970873531,Zesco Limited where can we find the survey I want to heavily campaign for a specific time table especially in the night when people are sleeping from 02hours  to 10hours,2026-05-04T13:59:33.355632+00:00,,https://www.facebook.com/100057335174945/posts/924732422781255/?app=fbl
451014530602483,Zesco Limited is it 10hrs or 8hrs? What the hell is this when you come to think of it?,2026-05-04T13:59:33.355635+00:00,,https://www.facebook.com/100057335174945/posts/924732422781255/?app=fbl
1439060506976290,"Please remember that by end of 2026 you will start laying off workers. If you work for ZESCO, now is the time to settle and ensure that whatever salary you get you put it to good use. Ukwali insoke takwafwile umuntu. Necisosa naco cipa amano. To be forewarned is to be forearmed. Uli achuulu uukwiila 😂😂",2026-05-04T13:59:33.355637+00:00,,https://www.facebook.com/100057335174945/posts/924732422781255/?app=fbl
