comment_id,text,timestamp,author_name,source_url
1547993305840267,Don’t play with us just restore power uko,2026-05-04T14:01:35.261172+00:00,,https://www.facebook.com/100057335174945/posts/1029321325655697/?app=fbl
1628658844662216,Sipa 1 lelo,2026-05-04T14:01:35.261191+00:00,,https://www.facebook.com/100057335174945/posts/1029321325655697/?app=fbl
1912761259204872,Give us an update today its1st October not ifyo,2026-05-04T14:01:35.261196+00:00,,https://www.facebook.com/100057335174945/posts/1029321325655697/?app=fbl
455708920855129,"Instead of power, you've been supplying lies🥺😳",2026-05-04T14:01:35.261199+00:00,,https://www.facebook.com/100057335174945/posts/1029321325655697/?app=fbl
1023281382878588,Today is 1st of okutoba please they’ll your friends to stick to what u said bakaluku luku imwe,2026-05-04T14:01:35.261202+00:00,,https://www.facebook.com/100057335174945/posts/1029321325655697/?app=fbl
8681389835237254,Imwe ba Zesco Limited why muliso ai?,2026-05-04T14:01:35.261204+00:00,,https://www.facebook.com/100057335174945/posts/1029321325655697/?app=fbl
513134628239402,"Ba zesco tell us another lie!!
Because today is 1 October.............",2026-05-04T14:01:35.261207+00:00,,https://www.facebook.com/100057335174945/posts/1029321325655697/?app=fbl
895802559169859,Ba Zesco Limited just give us power not ivo,2026-05-04T14:01:35.261209+00:00,,https://www.facebook.com/100057335174945/posts/1029321325655697/?app=fbl
1591127564804080,"Ndemonapofye solar inganda nefi ifima pole tumona ngatuleya ku solwezi 

Someone to explain what it means please 😩",2026-05-04T14:01:35.261212+00:00,,https://www.facebook.com/100057335174945/posts/1029321325655697/?app=fbl
866372702125480,You Said what imwee last time you said pa 1 October Nishi what???stop fooling us M shenu,2026-05-04T14:01:35.261214+00:00,,https://www.facebook.com/100057335174945/posts/1029321325655697/?app=fbl
1628658844662216,Angela Baker exactly we are waiting,2026-05-04T14:01:35.261217+00:00,,https://www.facebook.com/100057335174945/posts/1029321325655697/?app=fbl
1628658844662216,Tri Cia Phiri Bunch of crooks,2026-05-04T14:01:35.261219+00:00,,https://www.facebook.com/100057335174945/posts/1029321325655697/?app=fbl
1628658844662216,Jay Mtonga ungadabwe,2026-05-04T14:01:35.261222+00:00,,https://www.facebook.com/100057335174945/posts/1029321325655697/?app=fbl
384445361400659,Why can't you buy solar mweimwe to add to the grid ? Citizens have a lot of problems mailiti should not be our issue plus tiziba imwe uko mufola bwino vima salary monga pension yama civil servants ×4,2026-05-04T14:01:35.261224+00:00,,https://www.facebook.com/100057335174945/posts/1029321325655697/?app=fbl
1035849027994152,Maybe you meant Next year 1st October Zesco Limited 🤭🤭,2026-05-04T14:01:35.261226+00:00,,https://www.facebook.com/100057335174945/posts/1029321325655697/?app=fbl
1879945789176597,I can't understand anything apa 😂😂😂,2026-05-04T14:01:35.261229+00:00,,https://www.facebook.com/100057335174945/posts/1029321325655697/?app=fbl
8388516171255825,Today is 1st October you think we have forgotten what you promised aini 🙄,2026-05-04T14:01:35.261231+00:00,,https://www.facebook.com/100057335174945/posts/1029321325655697/?app=fbl
1523376245205969,I can't see 123 here its complex maybe Electric engineers can see the 123 otherwise ine i can only 375 not 123,2026-05-04T14:01:35.261234+00:00,,https://www.facebook.com/100057335174945/posts/1029321325655697/?app=fbl
1721243698715220,Ba zesco  is today  not 1 October  fyabupuba  dot post  things wch u are not sure of,2026-05-04T14:01:35.261236+00:00,,https://www.facebook.com/100057335174945/posts/1029321325655697/?app=fbl
1568167390452068,Nipa wanu lelo pulizi,2026-05-04T14:01:35.261238+00:00,,https://www.facebook.com/100057335174945/posts/1029321325655697/?app=fbl
917793930254235,"Zesco stop playing games with us. We need power not umungulu mungulu fye.. stop playing games with us.
Today it's 1st October...",2026-05-04T14:01:35.261240+00:00,,https://www.facebook.com/100057335174945/posts/1029321325655697/?app=fbl
3804098406537834,Ba swine you lied that today electricity will be back to normal kanshi ni abnormal yabufi,2026-05-04T14:01:35.261243+00:00,,https://www.facebook.com/100057335174945/posts/1029321325655697/?app=fbl
509975758482056,"People don't have money to buy solar system many are poor.

Today is 1 October you said power will stabilize",2026-05-04T14:01:35.261245+00:00,,https://www.facebook.com/100057335174945/posts/1029321325655697/?app=fbl
500176419600800,Not izo nkani zamukachaso imwe lelo nipa 1 weh!!,2026-05-04T14:01:35.261247+00:00,,https://www.facebook.com/100057335174945/posts/1029321325655697/?app=fbl
1269660250728104,"Lelo mukwai tepalichili, chitatu, but nipa 1 mukwai. So nga ifi ifyama metering?? So Ninshi muletweba ukuti amaiti yalakonkanyapo ukuya",2026-05-04T14:01:35.261249+00:00,,https://www.facebook.com/100057335174945/posts/1029321325655697/?app=fbl
1716024345824604,"We have not forgotten 1st October - power supply stability. May you walk the talk, please.",2026-05-04T14:01:35.261252+00:00,,https://www.facebook.com/100057335174945/posts/1029321325655697/?app=fbl
513652114864664,"How is it that some areas are having power the whole day but my area only for 2 hours???? What’s really happening? Elo today is the first, advise, can I buy relish? I am tired eating eggs and Kapenta ine",2026-05-04T14:01:35.261257+00:00,,https://www.facebook.com/100057335174945/posts/1029321325655697/?app=fbl
847279377585164,We need ka feed back today its 1st October!,2026-05-04T14:01:35.261260+00:00,,https://www.facebook.com/100057335174945/posts/1029321325655697/?app=fbl
418604890897874,It's 1st October imwe mbuzi za bantu and it's now 2 days have some shame,2026-05-04T14:01:35.261262+00:00,,https://www.facebook.com/100057335174945/posts/1029321325655697/?app=fbl
521413643944406,"Ba Zesco Limited  today is 1st October, we want to know the power rationing schedule noti ifi muletulanga we are only interested in seeing the schedule table chapwafye...",2026-05-04T14:01:35.261266+00:00,,https://www.facebook.com/100057335174945/posts/1029321325655697/?app=fbl
515597774510137,"Happy 1st October Ba Zesco
1 October 😂",2026-05-04T14:01:35.261269+00:00,,https://www.facebook.com/100057335174945/posts/1029321325655697/?app=fbl
555859273554605,This net metering business should be about giving the citizens cash when they supply power to ZESCO. Noti ifyama credit in units.,2026-05-04T14:01:35.261271+00:00,,https://www.facebook.com/100057335174945/posts/1029321325655697/?app=fbl
382025698309470,Get serious about 1st October not net metering,2026-05-04T14:01:35.261273+00:00,,https://www.facebook.com/100057335174945/posts/1029321325655697/?app=fbl
1716024345824604,Mulilo M. Edson OK do you think this they will honour? As if they care... 🤣🤣🤣🤣🤣,2026-05-04T14:01:35.261276+00:00,,https://www.facebook.com/100057335174945/posts/1029321325655697/?app=fbl
1716024345824604,"Joshua Mayuya
Ours is to remind them according to their word",2026-05-04T14:01:35.261278+00:00,,https://www.facebook.com/100057335174945/posts/1029321325655697/?app=fbl
1547993305840267,Joyce Nkhoma kkk not things,2026-05-04T14:01:35.261281+00:00,,https://www.facebook.com/100057335174945/posts/1029321325655697/?app=fbl
1547993305840267,Joyce Nkhoma 😁,2026-05-04T14:01:35.261283+00:00,,https://www.facebook.com/100057335174945/posts/1029321325655697/?app=fbl
554598666988182,Today is first October. But yesterday we didn't have power and only to restore it today for one hour and cut it. Were we not promised stability of power? Does it mean the minister lied to us? This is too much. Don't play with us.,2026-05-04T14:01:35.261286+00:00,,https://www.facebook.com/100057335174945/posts/1029321325655697/?app=fbl
955135689986216,Please give us feedback.. today is October 1st... Tells if the Maamba station is fully active and how many hours of loadsheeding will be reduced.. Zesco Limited,2026-05-04T14:01:35.261288+00:00,,https://www.facebook.com/100057335174945/posts/1029321325655697/?app=fbl
546688957835092,Which energy bill to offset again when you are off the grid and supplying to zesco? Pay for the supply like we also pay,2026-05-04T14:01:35.261291+00:00,,https://www.facebook.com/100057335174945/posts/1029321325655697/?app=fbl
1571738356757226,We need new schedule ba zesco kindly update us so that we plan for October.,2026-05-04T14:01:35.261293+00:00,,https://www.facebook.com/100057335174945/posts/1029321325655697/?app=fbl
416807327778717,You can’t start telling us about net metering today nipa 1 we expect you to fulfill your words otherwise tachawame mwatubelesha Sana bamumbwe,2026-05-04T14:01:35.261296+00:00,,https://www.facebook.com/100057335174945/posts/1029321325655697/?app=fbl
510634638569008,"Oky I'm sure those who could afford solar have heard. 
So for those of us who don't have solar what's the update since lelo nipa 1st of October.",2026-05-04T14:01:35.261298+00:00,,https://www.facebook.com/100057335174945/posts/1029321325655697/?app=fbl
405758108990762,"In case your calendars are not working properly today is first October 2024 , we don't want to hear stories about the stabilization of power Ba Zesco ltd because yesterday we didn't have power.",2026-05-04T14:01:35.261301+00:00,,https://www.facebook.com/100057335174945/posts/1029321325655697/?app=fbl
456336917448513,Tepa  one October lelo ba zesco limited? We expect positive results as promised.,2026-05-04T14:01:35.261303+00:00,,https://www.facebook.com/100057335174945/posts/1029321325655697/?app=fbl
523722040251973,"It's 1st October, am waiting for  rationing schedule you promise .....",2026-05-04T14:01:35.261306+00:00,,https://www.facebook.com/100057335174945/posts/1029321325655697/?app=fbl
8617337251665022,"Zesco Limited please we have suffered in phi, for four days power is coming with low voltage, our water pumps cannot pump water, our fridges cannot get cold, we ve brought in complaints nothing, please help us we will get sick we ve completely run out of water... Twafweni.. Nangufye 1hr our pumps just pump..complaint number 30178863 nearest landmark phi mall",2026-05-04T14:01:35.261308+00:00,,https://www.facebook.com/100057335174945/posts/1029321325655697/?app=fbl
418604890897874,Mark Mwandila you pray when you come pa zesco page you sin.. Ndipo we ve suffered😭😭😭,2026-05-04T14:01:35.261310+00:00,,https://www.facebook.com/100057335174945/posts/1029321325655697/?app=fbl
418604890897874,Mark Mwandila true,2026-05-04T14:01:35.261313+00:00,,https://www.facebook.com/100057335174945/posts/1029321325655697/?app=fbl
418604890897874,Mark Mwandila 🤣🤣🤣,2026-05-04T14:01:35.261315+00:00,,https://www.facebook.com/100057335174945/posts/1029321325655697/?app=fbl
418604890897874,Mark Mwandila kkkk,2026-05-04T14:01:35.261318+00:00,,https://www.facebook.com/100057335174945/posts/1029321325655697/?app=fbl
418604890897874,Mark Mwandila 😂😂😂😂😂😂😂😂,2026-05-04T14:01:35.261320+00:00,,https://www.facebook.com/100057335174945/posts/1029321325655697/?app=fbl
418604890897874,Mark Mwandila but Imwe lol,2026-05-04T14:01:35.261323+00:00,,https://www.facebook.com/100057335174945/posts/1029321325655697/?app=fbl
418604890897874,"Precious Chanda nabaya sana abantu aba .into 3,days no power and they have the nerve to post bs here",2026-05-04T14:01:35.261325+00:00,,https://www.facebook.com/100057335174945/posts/1029321325655697/?app=fbl
418604890897874,Mark Mwandila bama mbala niba boza ati by 1st October 2024,2026-05-04T14:01:35.261328+00:00,,https://www.facebook.com/100057335174945/posts/1029321325655697/?app=fbl
418604890897874,Jay Praise Nkhata mwenzo chetekela nochetekela 🤣🤣 apa bachinja na goalpost,2026-05-04T14:01:35.261330+00:00,,https://www.facebook.com/100057335174945/posts/1029321325655697/?app=fbl
418604890897874,Mark Mwandila iwe nkumba just report. Didn't you hear the zesco announcements???,2026-05-04T14:01:35.261333+00:00,,https://www.facebook.com/100057335174945/posts/1029321325655697/?app=fbl
847279377585164,Zambian Stories exactly not this which doesn’t make sense,2026-05-04T14:01:35.261335+00:00,,https://www.facebook.com/100057335174945/posts/1029321325655697/?app=fbl
847279377585164,Zambian Stories they can't give us anything. This is the company Lungu could have sold to China,2026-05-04T14:01:35.261338+00:00,,https://www.facebook.com/100057335174945/posts/1029321325655697/?app=fbl
847279377585164,Mweene Omedy Keny Just keep quiet sometimes...,2026-05-04T14:01:35.261340+00:00,,https://www.facebook.com/100057335174945/posts/1029321325655697/?app=fbl
847279377585164,Former Zambian when it is my right to voice out...keep quiet for you...who are you,2026-05-04T14:01:35.261344+00:00,,https://www.facebook.com/100057335174945/posts/1029321325655697/?app=fbl
847279377585164,Zambian Stories kaili they said it with there own mouth. 🤣,2026-05-04T14:01:35.261346+00:00,,https://www.facebook.com/100057335174945/posts/1029321325655697/?app=fbl
847279377585164,Mweene Omedy Keny aba beve..... Remove even the chi gown u showing ur ignorant here,2026-05-04T14:01:35.261349+00:00,,https://www.facebook.com/100057335174945/posts/1029321325655697/?app=fbl
847279377585164,"Mweene Omedy Keny We know you are Tonga, let's not politicize even something which is affect a lot Zambia just because we are of a certain ethnic group...",2026-05-04T14:01:35.261351+00:00,,https://www.facebook.com/100057335174945/posts/1029321325655697/?app=fbl
847279377585164,Gloriouse Nuttip so what is political about my comment? And why talk about my tribe? You must be foolish,2026-05-04T14:01:35.261354+00:00,,https://www.facebook.com/100057335174945/posts/1029321325655697/?app=fbl
847279377585164,"Mweene Omedy Keny As long as u talk about other politicians and you say something which didn't happen that's politics my dear ... I expected a normal person to just say whats on the group, you father busy having sex with your wife ati because he's my father I can't talk... Camon , most of us we are of this rulling party but being affected",2026-05-04T14:01:35.261357+00:00,,https://www.facebook.com/100057335174945/posts/1029321325655697/?app=fbl
847279377585164,Gloriouse Nuttip you are the most dull person have seeing. Read to understand. And who told u am not for the ruling party...check yourself. So I should keep quite when am affected with your loadshedding. Did you even read my comment or your ego mislead you. Take your poverty frustration out of my side,2026-05-04T14:01:35.261359+00:00,,https://www.facebook.com/100057335174945/posts/1029321325655697/?app=fbl
382025698309470,Lilmah Kayz Imagine sure,2026-05-04T14:01:35.261362+00:00,,https://www.facebook.com/100057335174945/posts/1029321325655697/?app=fbl
382025698309470,Phoebe Nachandeh these guys are not taking things serious,2026-05-04T14:01:35.261364+00:00,,https://www.facebook.com/100057335174945/posts/1029321325655697/?app=fbl
382025698309470,"Lilmah Kayz They see we are not serious as well, we let them do as they please",2026-05-04T14:01:35.261366+00:00,,https://www.facebook.com/100057335174945/posts/1029321325655697/?app=fbl
382025698309470,Phoebe Nachandeh exactly we are too peaceful and tolerant otherwise enough of their stories,2026-05-04T14:01:35.261369+00:00,,https://www.facebook.com/100057335174945/posts/1029321325655697/?app=fbl
513652114864664,"Natasha Mwaba imagine, elo in ngombe from Friday they've had power",2026-05-04T14:01:35.261371+00:00,,https://www.facebook.com/100057335174945/posts/1029321325655697/?app=fbl
513652114864664,Natasha Mwaba the kids have learned to eat nemilembwe apa so 🤣🤣,2026-05-04T14:01:35.261373+00:00,,https://www.facebook.com/100057335174945/posts/1029321325655697/?app=fbl
513652114864664,"Same with us here,our neighbor has power ise it only came around 2030 by 22 it went still our neighbor has awe🤧🤧🤧🤧",2026-05-04T14:01:35.261376+00:00,,https://www.facebook.com/100057335174945/posts/1029321325655697/?app=fbl
513652114864664,Natasha Mwaba  Ng'andwe Kapotwe 😂😂😂😂our fate,2026-05-04T14:01:35.261378+00:00,,https://www.facebook.com/100057335174945/posts/1029321325655697/?app=fbl
513652114864664,Natasha Mwaba you as well 😅,2026-05-04T14:01:35.261381+00:00,,https://www.facebook.com/100057335174945/posts/1029321325655697/?app=fbl
513652114864664,Jolie Dai Kaps somehow I knew that’s the strategy they ll use😁,2026-05-04T14:01:35.261385+00:00,,https://www.facebook.com/100057335174945/posts/1029321325655697/?app=fbl
513652114864664,Sharon Mupeta not fair,2026-05-04T14:01:35.261388+00:00,,https://www.facebook.com/100057335174945/posts/1029321325655697/?app=fbl
513652114864664,"Natasha Mwaba the way am tired of eating eggs , kapenta and soya chunks awe ba zesco can make you sin",2026-05-04T14:01:35.261390+00:00,,https://www.facebook.com/100057335174945/posts/1029321325655697/?app=fbl
513652114864664,Natasha Mwaba at last you have that 2 hrs daily ise ni 3 days and when it comes it's only 30 minutes  ndipo bativutisa Bana ba nfwiti aba😢😢,2026-05-04T14:01:35.261392+00:00,,https://www.facebook.com/100057335174945/posts/1029321325655697/?app=fbl
521413643944406,"Kakunta Maggie Chibale you are right, imagine we don't know exactly power is when going or coming back,no time table iyamano , they can switch off power apobalefyaila kwangala uku,in kabwe Luangwa at Ericka street power goes on same schedule morning,elo we have business ,",2026-05-04T14:01:35.261395+00:00,,https://www.facebook.com/100057335174945/posts/1029321325655697/?app=fbl
521413643944406,Kakunta Maggie Chibale points,2026-05-04T14:01:35.261397+00:00,,https://www.facebook.com/100057335174945/posts/1029321325655697/?app=fbl
521413643944406,Hildah Regina's Mwamba Chisala bakonkolokefye other wise people will rise,2026-05-04T14:01:35.261400+00:00,,https://www.facebook.com/100057335174945/posts/1029321325655697/?app=fbl
1879945789176597,Ťĥë Ĝřeàţ Mŵå Pė do not stress. There is absolutely nothing to understand. Even the one who wrote this post does not understand it,2026-05-04T14:01:35.261402+00:00,,https://www.facebook.com/100057335174945/posts/1029321325655697/?app=fbl
418604890897874,Bev Fairplay Justice nkhumba niwebo idiot,2026-05-04T14:01:35.261404+00:00,,https://www.facebook.com/100057335174945/posts/1029321325655697/?app=fbl
895080369249123,"Zesco Limited in my area we have had no
Power. I can’t remember when last we had power restored. 
Why is it that other areas are have power 3-4 hours on a daily basis",2026-05-04T14:01:35.261407+00:00,,https://www.facebook.com/100057335174945/posts/1029321325655697/?app=fbl
1711668552902047,I'm sure by now you've already drafted your next excuse as to why we'll not have stable supply. You can't be trusted,2026-05-04T14:01:35.261409+00:00,,https://www.facebook.com/100057335174945/posts/1029321325655697/?app=fbl
1694491787993458,Lelo nipa 1 honestly we are tired and hope u stick to your promises ba zesco otherwise we have suffered like hell giving us 3 hours of electricity nayo from 01 to 04,2026-05-04T14:01:35.261412+00:00,,https://www.facebook.com/100057335174945/posts/1029321325655697/?app=fbl
506443998939798,Lelo nipa 1 we have no power even yesterday we dint have. Rationing yanu ilibwa olo ni story as usual,2026-05-04T14:01:35.261414+00:00,,https://www.facebook.com/100057335174945/posts/1029321325655697/?app=fbl
552697647224346,Give us power kamwala South from yesterday 04 sure,2026-05-04T14:01:35.261416+00:00,,https://www.facebook.com/100057335174945/posts/1029321325655697/?app=fbl
372554349145393,"About Solar Waste in the next 25 to 35 years. 
How true that solar waste is 300 times toxic per energy consumed & nuclear energy?
What measures would be taken in waste management of solar equipment? To prevent environmental impact or disaster. 
Can solar panels catch fire? 
Net metering  can be done with other alternatives too. 
Like Bio energy. Something not much talked about. From this energy soruce there's electricity generation, gas production, fuel & liquid manure or fertilizer Production.  
Which is cheaper? Solar or Bio energy in the long run. Efficient. The ratio of toxicity between the two.",2026-05-04T14:01:35.261419+00:00,,https://www.facebook.com/100057335174945/posts/1029321325655697/?app=fbl
901235591912417,"I'm not rich but yesterday I donated my IPhone, smart watch, and wallet to a homeless guy. You can't imagine the happiness that I felt as I saw him putting the knife back in his pocket. 

KINDNESS IS EVERYTHING🤗",2026-05-04T14:01:35.261421+00:00,,https://www.facebook.com/100057335174945/posts/1029321325655697/?app=fbl
416841741112021,"Thank you Zesco Limited but we are also reminding you that today is 1st October 
I hope tusange amaliti lelo pantu last seen was Sunday",2026-05-04T14:01:35.261425+00:00,,https://www.facebook.com/100057335174945/posts/1029321325655697/?app=fbl
2159092774486716,Pushing my excess power into the national grid where there's a lot of power? Just what physics are you even using? And what infrastructure is required for the connection? Is it worth it? Kindly explain.,2026-05-04T14:01:35.261428+00:00,,https://www.facebook.com/100057335174945/posts/1029321325655697/?app=fbl
505103499003493,"We are waiting for power 
You will share this later 
NIPA 1 lelo",2026-05-04T14:01:35.261430+00:00,,https://www.facebook.com/100057335174945/posts/1029321325655697/?app=fbl
546688957835092,Zambia Repost  scammer!,2026-05-04T14:01:35.261432+00:00,,https://www.facebook.com/100057335174945/posts/1029321325655697/?app=fbl
847279377585164,Gloriouse Nuttip and it seems you love sex,2026-05-04T14:01:35.261435+00:00,,https://www.facebook.com/100057335174945/posts/1029321325655697/?app=fbl
847279377585164,"Mweene Omedy Keny We expect an update today as promised by Zesco MD,imwe busy talking about Lungu..Lungu was a president for 7 years yet he didn't sale it.Why do you enjoy embarrassing yourself in public?",2026-05-04T14:01:35.261437+00:00,,https://www.facebook.com/100057335174945/posts/1029321325655697/?app=fbl
847279377585164,Former Zambian you lucky understand...no wondering who should be embarrassed,2026-05-04T14:01:35.261439+00:00,,https://www.facebook.com/100057335174945/posts/1029321325655697/?app=fbl
554598666988182,Current Affairs  politics,2026-05-04T14:01:35.261442+00:00,,https://www.facebook.com/100057335174945/posts/1029321325655697/?app=fbl
554598666988182,Current Affairs They're all liers.,2026-05-04T14:01:35.261444+00:00,,https://www.facebook.com/100057335174945/posts/1029321325655697/?app=fbl
1694491787993458,Sammy Rose Chanda ala mwandi,2026-05-04T14:01:35.261446+00:00,,https://www.facebook.com/100057335174945/posts/1029321325655697/?app=fbl
1711668552902047,Jeff Chomwa Chindele no they can't be trusted,2026-05-04T14:01:35.261449+00:00,,https://www.facebook.com/100057335174945/posts/1029321325655697/?app=fbl
552697647224346,Lulu Nkowani Nguni same na kamwala near prison. No power,2026-05-04T14:01:35.261451+00:00,,https://www.facebook.com/100057335174945/posts/1029321325655697/?app=fbl
552697647224346,Cynthia Muloto imagine UpTo now awe we have suffered,2026-05-04T14:01:35.261453+00:00,,https://www.facebook.com/100057335174945/posts/1029321325655697/?app=fbl
552697647224346,Lulu Nkowani Nguni it's too much we have two lines mu yard kwinangu they do have power group c awe sure,2026-05-04T14:01:35.261456+00:00,,https://www.facebook.com/100057335174945/posts/1029321325655697/?app=fbl
552697647224346,Cynthia Muloto and that's unfair weh,2026-05-04T14:01:35.261459+00:00,,https://www.facebook.com/100057335174945/posts/1029321325655697/?app=fbl
416841741112021,Chanda Victoria Mulundu it's reduced loadshedding not an end,2026-05-04T14:01:35.261462+00:00,,https://www.facebook.com/100057335174945/posts/1029321325655697/?app=fbl
416841741112021,Chansa Joe Kapema yes it is but we haven’t had from Sunday 01 meaning almost two days now,2026-05-04T14:01:35.261464+00:00,,https://www.facebook.com/100057335174945/posts/1029321325655697/?app=fbl
416841741112021,Chanda Victoria Mulundu that sounds like a fault and not loadshedding. Had a similar experience until l reported the fault. You know with this loadshedding comes a lot of faults on the system. Report,2026-05-04T14:01:35.261467+00:00,,https://www.facebook.com/100057335174945/posts/1029321325655697/?app=fbl
416841741112021,"Chansa Joe Kapema it's just loadshedding, coz some off us have even made phone calls to the customer care line and they've confirmed themselves",2026-05-04T14:01:35.261469+00:00,,https://www.facebook.com/100057335174945/posts/1029321325655697/?app=fbl
416841741112021,"Emmanuel Musonda well....won't say much. Logically, that sounds like a fault. But l hear you .",2026-05-04T14:01:35.261471+00:00,,https://www.facebook.com/100057335174945/posts/1029321325655697/?app=fbl
1034750305328057,Ba Zesco it's 1st October now what time exactly here still no power.,2026-05-04T14:01:35.261474+00:00,,https://www.facebook.com/100057335174945/posts/1029321325655697/?app=fbl
540973198303459,Lelo nipa 1 atibwanji tuja tunthu,2026-05-04T14:01:35.261476+00:00,,https://www.facebook.com/100057335174945/posts/1029321325655697/?app=fbl
547690607655414,People complain in these comments like someone normal Zesco Limited will see their complains... the person who runs this page is a simple kawayawaya human. Call zesco even if they won't also do anything but don't complain here. You are just giving this page comment traffic.,2026-05-04T14:01:35.261478+00:00,,https://www.facebook.com/100057335174945/posts/1029321325655697/?app=fbl
8966443923383710,"Zesco here in Luangwa at Ericka street power goes in morning everyday,and we have business there, so you choose  to switch off power at the  business place,and gives power to Three streets in Luangwa, at least you should given us power also at our business place in the morning than night,we are suffering we have family to feed, please please please look into that 🙏🙏🙏🙏",2026-05-04T14:01:35.261481+00:00,,https://www.facebook.com/100057335174945/posts/1029321325655697/?app=fbl
1532390074051752,"Dear Zesco Limited we understand we are in this crisis together, but you also have to keep your word. Today is the first of October we had our hopes up. What’s the update ??",2026-05-04T14:01:35.261483+00:00,,https://www.facebook.com/100057335174945/posts/1029321325655697/?app=fbl
1249250492878220,Give us the solars kaili,2026-05-04T14:01:35.261486+00:00,,https://www.facebook.com/100057335174945/posts/1029321325655697/?app=fbl
1752883328798712,Yabwelako lelo coz you promised us this month to reduce the hours how far is your project try to update to the Nation so that we know epo tuleendela,2026-05-04T14:01:35.261488+00:00,,https://www.facebook.com/100057335174945/posts/1029321325655697/?app=fbl
1201200271113616,"We heard that power supply is stabilising beginning today, how is the progress so far?",2026-05-04T14:01:35.261490+00:00,,https://www.facebook.com/100057335174945/posts/1029321325655697/?app=fbl
1043763430412037,But today it's 1st October what's this for aii 🤔🤐,2026-05-04T14:01:35.261493+00:00,,https://www.facebook.com/100057335174945/posts/1029321325655697/?app=fbl
1968490243632701,Lelo pa 1st October power came at 03:30 yayenda 05:30 this is after almost 2 days of no power supply in my area... ndiye stable power supply iyi?,2026-05-04T14:01:35.261496+00:00,,https://www.facebook.com/100057335174945/posts/1029321325655697/?app=fbl
1201200271113616,Hurst Mwale No progress 🤦🤦,2026-05-04T14:01:35.261498+00:00,,https://www.facebook.com/100057335174945/posts/1029321325655697/?app=fbl
540973198303459,Lamecky LJ Melchizedek tuja tuja tunthu mwanipanga 😅,2026-05-04T14:01:35.261500+00:00,,https://www.facebook.com/100057335174945/posts/1029321325655697/?app=fbl
540973198303459,Lamecky LJ Melchizedek zoona boss ask on behalf of us who don't have power for 3 days now😭😭,2026-05-04T14:01:35.261504+00:00,,https://www.facebook.com/100057335174945/posts/1029321325655697/?app=fbl
540973198303459,Lamecky LJ Melchizedek u don't listen 😂😂😂,2026-05-04T14:01:35.261507+00:00,,https://www.facebook.com/100057335174945/posts/1029321325655697/?app=fbl
540973198303459,🤣🤣🤣,2026-05-04T14:01:35.261509+00:00,,https://www.facebook.com/100057335174945/posts/1029321325655697/?app=fbl
540973198303459,Lamecky LJ Melchizedek I'm immediately using this ka statement to recover back all my tumakongoles,2026-05-04T14:01:35.261513+00:00,,https://www.facebook.com/100057335174945/posts/1029321325655697/?app=fbl
1249250492878220,Precious Namainza,2026-05-04T14:01:35.261515+00:00,,https://www.facebook.com/100057335174945/posts/1029321325655697/?app=fbl
1249250492878220,Milambo Milimo 😂😂😂😂😂😂early in the morning,2026-05-04T14:01:35.261518+00:00,,https://www.facebook.com/100057335174945/posts/1029321325655697/?app=fbl
1043763430412037,Boniface Lwiindi imagine this wasn't our agreement naba mudala🤣,2026-05-04T14:01:35.261521+00:00,,https://www.facebook.com/100057335174945/posts/1029321325655697/?app=fbl
1968490243632701,Chabwela Mwanza same here,2026-05-04T14:01:35.261523+00:00,,https://www.facebook.com/100057335174945/posts/1029321325655697/?app=fbl
1547545499239088,Imwe si 1st October lelo? We don’t have power since Sunday🙄,2026-05-04T14:01:35.261525+00:00,,https://www.facebook.com/100057335174945/posts/1029321325655697/?app=fbl
548644267823048,Where's stable power,2026-05-04T14:01:35.261528+00:00,,https://www.facebook.com/100057335174945/posts/1029321325655697/?app=fbl
1448794839128330,"Electricity only comes Kuma 23 and goes 04.... Wat can we do with,,,,u are failing to Even give us electricity on Sundays wen we are home........... Allow other companies to supply power if u have no enough energy source.....not this",2026-05-04T14:01:35.261530+00:00,,https://www.facebook.com/100057335174945/posts/1029321325655697/?app=fbl
1567925287179979,"Rubbish the one telling you to be writing these is not even a Zambian citizen but you get paid better keep it up guys, you have brought more harm to this country than good,",2026-05-04T14:01:35.261532+00:00,,https://www.facebook.com/100057335174945/posts/1029321325655697/?app=fbl
2006828819763061,I thought pa October 1 load shedding hours will reduce?🤔 Everything is a lie mu new dawn 🤥,2026-05-04T14:01:35.261535+00:00,,https://www.facebook.com/100057335174945/posts/1029321325655697/?app=fbl
7977232225716698,"Good morning Zesco Limitedd, last week you mentioned a reduction in load management, my question is how many hours since today is 1st October, 2024. We are looking forward to a statement in line with the same kindly update...",2026-05-04T14:01:35.261537+00:00,,https://www.facebook.com/100057335174945/posts/1029321325655697/?app=fbl
532172419460803,Lelo nipa ONE tell us now give us amalaiti.Don't start telling us ivo vama net metering lelo just fulfill your promise,2026-05-04T14:01:35.261539+00:00,,https://www.facebook.com/100057335174945/posts/1029321325655697/?app=fbl
8410970128987163,Zesco did you say 1st or 31st? Because power already came & went all under 2hours 🙄,2026-05-04T14:01:35.261542+00:00,,https://www.facebook.com/100057335174945/posts/1029321325655697/?app=fbl
8755673427817629,Ba zesco babufi some areas they only experiencing 12 hours loadshedding while in my area fima 21 hours this is not fair 😔,2026-05-04T14:01:35.261544+00:00,,https://www.facebook.com/100057335174945/posts/1029321325655697/?app=fbl
1567403450514218,It's the 1st of October today what time should we be expecting power to come?,2026-05-04T14:01:35.261546+00:00,,https://www.facebook.com/100057335174945/posts/1029321325655697/?app=fbl
8966443923383710,Zambia Repost  you are a potential scammer!!!!!,2026-05-04T14:01:35.261549+00:00,,https://www.facebook.com/100057335174945/posts/1029321325655697/?app=fbl
1547545499239088,Maiwase Lungu imagine sure since Sunday nothing,2026-05-04T14:01:35.261551+00:00,,https://www.facebook.com/100057335174945/posts/1029321325655697/?app=fbl
905418728156204,Lelo ni pa 1 October and we still don't have power.and you explaining things you yourself don't understand,2026-05-04T14:01:35.261553+00:00,,https://www.facebook.com/100057335174945/posts/1029321325655697/?app=fbl
2403852459810762,Lelo nipa one but power has already gone,2026-05-04T14:01:35.261556+00:00,,https://www.facebook.com/100057335174945/posts/1029321325655697/?app=fbl
3835705476756731,"Just tell us what we want to hear, honor your promise. There's so much anxiety, we cannot carry on like this.",2026-05-04T14:01:35.261558+00:00,,https://www.facebook.com/100057335174945/posts/1029321325655697/?app=fbl
1342913303784146,Why not pay cash cause I need to service.,2026-05-04T14:01:35.261560+00:00,,https://www.facebook.com/100057335174945/posts/1029321325655697/?app=fbl
8556098244482014,Imwe bafikala where is the stable power supply you promised 🤬🤬 sipa 1 October lelo,2026-05-04T14:01:35.261563+00:00,,https://www.facebook.com/100057335174945/posts/1029321325655697/?app=fbl
1776645833112512,Ka update bane lelo nipa wenu....,2026-05-04T14:01:35.261566+00:00,,https://www.facebook.com/100057335174945/posts/1029321325655697/?app=fbl
517690330984872,1.Nyumba Yanga😂2.Ma Solar Panels Yanga😂 3. Inverter yanga.😂 4.Ma Lithium batteries Yanga 😂...5 Definitely nimalaiti Yanga😂...I'm not against net metering it's a brilliant idea but it could have been better and more attractive for consumers to join the band wagon if they were given money equivalent to the excess power they supply into the national grid unlike sending them units they are likely not to use because of loadshedding.,2026-05-04T14:01:35.261570+00:00,,https://www.facebook.com/100057335174945/posts/1029321325655697/?app=fbl
894189272588192,I installed my 5.5kV and have a load of 2kV. I need to apply for net metering form please in Monze,2026-05-04T14:01:35.261572+00:00,,https://www.facebook.com/100057335174945/posts/1029321325655697/?app=fbl
8363272740435473,So there are even people who trust Zesco in this country?,2026-05-04T14:01:35.261574+00:00,,https://www.facebook.com/100057335174945/posts/1029321325655697/?app=fbl
445818668015541,Today it's 1 October we are waiting ilishani zohona,2026-05-04T14:01:35.261577+00:00,,https://www.facebook.com/100057335174945/posts/1029321325655697/?app=fbl
8363272740435473,Gravea Mofya iwe naiwe,2026-05-04T14:01:35.261579+00:00,,https://www.facebook.com/100057335174945/posts/1029321325655697/?app=fbl
1810080229730690,So you lied to us just like our ex’s used to lie to us!!!,2026-05-04T14:01:35.261581+00:00,,https://www.facebook.com/100057335174945/posts/1029321325655697/?app=fbl
1040374210748815,"Zesco Limited 1st October 2024 Sunu, lelo, nomba and now!!!!!! I need to see what you promised",2026-05-04T14:01:35.261584+00:00,,https://www.facebook.com/100057335174945/posts/1029321325655697/?app=fbl
1985322245319642,"Avoid reconnecting power at 02. You disturb our sleeping schedules. Elo here in Lilayi, we had power for 1 hour. We are still waiting for the 2 hours left Zesco Limited",2026-05-04T14:01:35.261586+00:00,,https://www.facebook.com/100057335174945/posts/1029321325655697/?app=fbl
517308877910726,"Net metering iyo won't pay our bills,just restore power in chalala already,over 36hrs",2026-05-04T14:01:35.261588+00:00,,https://www.facebook.com/100057335174945/posts/1029321325655697/?app=fbl
3415997808707920,"We thought that we signed a memorandum of power not going in October ba zesco...How come yesterday in the afternoon 12hrs up to now there's no power in our area..so twaingila mu October without power zoona, awe Lesa amipale na boss wenu Hakaivotela Heka",2026-05-04T14:01:35.261590+00:00,,https://www.facebook.com/100057335174945/posts/1029321325655697/?app=fbl
1583425558912770,Just go live when addressing us so that they insult you properly 😂😂😂nochi ifi,2026-05-04T14:01:35.261593+00:00,,https://www.facebook.com/100057335174945/posts/1029321325655697/?app=fbl
8500947319944440,Just restore power as the minister assured the nation not what you are saying.... What's your problem iwe admin,2026-05-04T14:01:35.261595+00:00,,https://www.facebook.com/100057335174945/posts/1029321325655697/?app=fbl
3818434161746095,"Lelo nipa 1 October, and we still don’t have power since Sunday 😂😂😂😂 misula shenu",2026-05-04T14:01:35.261597+00:00,,https://www.facebook.com/100057335174945/posts/1029321325655697/?app=fbl
1258711135126376,1st October yafika ba zesco incase your calendar is lost,2026-05-04T14:01:35.261600+00:00,,https://www.facebook.com/100057335174945/posts/1029321325655697/?app=fbl
894707085907298,Imwe lelo nipa 1 tell us wat we going to hear not efyo,2026-05-04T14:01:35.261602+00:00,,https://www.facebook.com/100057335174945/posts/1029321325655697/?app=fbl
894707085907298,Moise Sichilima just forget boi nimbushi Last futi,2026-05-04T14:01:35.261605+00:00,,https://www.facebook.com/100057335174945/posts/1029321325655697/?app=fbl
8500947319944440,Zambia Repost iwe stop tagging me in your rubbish,2026-05-04T14:01:35.261607+00:00,,https://www.facebook.com/100057335174945/posts/1029321325655697/?app=fbl
1040374210748815,Daphne Shishengula sweetie kumayadi ku woodlands no ma lighti ba Zesco Limited Woodlands no power since Sunday,2026-05-04T14:01:35.261609+00:00,,https://www.facebook.com/100057335174945/posts/1029321325655697/?app=fbl
925009902989799,"Net metering lectures can come later. Lelo Nipa one October, so muchitika bwanji nkani yamalaiti?",2026-05-04T14:01:35.261611+00:00,,https://www.facebook.com/100057335174945/posts/1029321325655697/?app=fbl
450975834030417,Kanshi you don't even give money? Awe mwe,2026-05-04T14:01:35.261614+00:00,,https://www.facebook.com/100057335174945/posts/1029321325655697/?app=fbl
459654403759915,Lelo nipa 1st October just to remind you,2026-05-04T14:01:35.261616+00:00,,https://www.facebook.com/100057335174945/posts/1029321325655697/?app=fbl
7788987291207932,Pa wanu lelo only 1 hour of power. Iye,2026-05-04T14:01:35.261618+00:00,,https://www.facebook.com/100057335174945/posts/1029321325655697/?app=fbl
1153742569052184,We are expecting things to stabilize effective today chili bwanji??,2026-05-04T14:01:35.261621+00:00,,https://www.facebook.com/100057335174945/posts/1029321325655697/?app=fbl
1077714713966584,Today is 1st October. Update us on the new load shading respectively!,2026-05-04T14:01:35.261627+00:00,,https://www.facebook.com/100057335174945/posts/1029321325655697/?app=fbl
3677510509226540,"And I quote,  ""power is set to stabilise by 30th of September when mamba collieries begins to be fully functional."" End of quote.",2026-05-04T14:01:35.261629+00:00,,https://www.facebook.com/100057335174945/posts/1029321325655697/?app=fbl
1231244388148338,Is Maamba back online and how's the Interconnector ku Mozambique na Namibia.,2026-05-04T14:01:35.261631+00:00,,https://www.facebook.com/100057335174945/posts/1029321325655697/?app=fbl
989869996242943,So you guys believed these people balelolela fye mfula 😂😂😂,2026-05-04T14:01:35.261634+00:00,,https://www.facebook.com/100057335174945/posts/1029321325655697/?app=fbl
1243843656799398,Apa zesco has decided to come at 01:24am this life of waiting for it like some females waiting for their men to come home awe mwe 😆,2026-05-04T14:01:35.261636+00:00,,https://www.facebook.com/100057335174945/posts/1029321325655697/?app=fbl
1810080229730690,Precious Chanda : 😂😂😂,2026-05-04T14:01:35.261640+00:00,,https://www.facebook.com/100057335174945/posts/1029321325655697/?app=fbl
1231244388148338,Bashi Kabunda Mingalato bamudala . Zambia Forward ⏩ imwe,2026-05-04T14:01:35.261642+00:00,,https://www.facebook.com/100057335174945/posts/1029321325655697/?app=fbl
450975834030417,Munsa Mibenge 🤣🤣🤣🤣,2026-05-04T14:01:35.261645+00:00,,https://www.facebook.com/100057335174945/posts/1029321325655697/?app=fbl
925009902989799,Alex Chama Bachilamo kuti shinka butter manje ba ZESCO mwe. There is need for real solutions not just stories all the time,2026-05-04T14:01:35.261648+00:00,,https://www.facebook.com/100057335174945/posts/1029321325655697/?app=fbl
1946474972532971,Every day no power when it comes it's like a child is playing with it who will switch on and off what is this no no no this is too much,2026-05-04T14:01:35.261650+00:00,,https://www.facebook.com/100057335174945/posts/1029321325655697/?app=fbl
465755943090502,Today is 1st October… be true to your words for once chabe fi Zesco Limited,2026-05-04T14:01:35.261652+00:00,,https://www.facebook.com/100057335174945/posts/1029321325655697/?app=fbl
514597724685937,What energy bills would I offset if I am self sustained on solar power?,2026-05-04T14:01:35.261655+00:00,,https://www.facebook.com/100057335174945/posts/1029321325655697/?app=fbl
543743174876584,We want power🔋 stability not zeo,2026-05-04T14:01:35.261657+00:00,,https://www.facebook.com/100057335174945/posts/1029321325655697/?app=fbl
505147292410440,But kwena mula sebanya ubuteko 😂😂😂 apa even the power we used to have from 22-01 Walah,2026-05-04T14:01:35.261661+00:00,,https://www.facebook.com/100057335174945/posts/1029321325655697/?app=fbl
450507421367067,Zesco Limited what is happening to power in Nyumba yanga?today is the 1st thought this situation was to change today,2026-05-04T14:01:35.261665+00:00,,https://www.facebook.com/100057335174945/posts/1029321325655697/?app=fbl
2687376171423275,It's 1st October today 🙄,2026-05-04T14:01:35.261667+00:00,,https://www.facebook.com/100057335174945/posts/1029321325655697/?app=fbl
1635812790689193,Kindly advice if we can start buying tu nyama coz nipa first lelo tata 🤦‍♀️🤦‍♀️🤦‍♀️,2026-05-04T14:01:35.261670+00:00,,https://www.facebook.com/100057335174945/posts/1029321325655697/?app=fbl
443843871493347,Today is 1st October we are anxiously waiting oooh,2026-05-04T14:01:35.261672+00:00,,https://www.facebook.com/100057335174945/posts/1029321325655697/?app=fbl
541796478261332,Instead of schedule mutiuza va net metering. 😂🤣,2026-05-04T14:01:35.261674+00:00,,https://www.facebook.com/100057335174945/posts/1029321325655697/?app=fbl
459654403759915,Winnie Kawanu  🤣🤣🤣🤣,2026-05-04T14:01:35.261677+00:00,,https://www.facebook.com/100057335174945/posts/1029321325655697/?app=fbl
459654403759915,Nancy N Naks 🤣🤣😂😂,2026-05-04T14:01:35.261679+00:00,,https://www.facebook.com/100057335174945/posts/1029321325655697/?app=fbl
443843871493347,Jabwe Jacklyn Siakalonga yes sis,2026-05-04T14:01:35.261682+00:00,,https://www.facebook.com/100057335174945/posts/1029321325655697/?app=fbl
450507421367067,Chiteta Machile Can you imagine,2026-05-04T14:01:35.261684+00:00,,https://www.facebook.com/100057335174945/posts/1029321325655697/?app=fbl
450507421367067,Tony Muzo awe it’s too much,2026-05-04T14:01:35.261686+00:00,,https://www.facebook.com/100057335174945/posts/1029321325655697/?app=fbl
450507421367067,Chiteta Machile Very much bro,2026-05-04T14:01:35.261688+00:00,,https://www.facebook.com/100057335174945/posts/1029321325655697/?app=fbl
1635812790689193,Eunice Stephens Phiri Tabesha mummy 😂,2026-05-04T14:01:35.261691+00:00,,https://www.facebook.com/100057335174945/posts/1029321325655697/?app=fbl
774361318090707,"We are waiting for change ,your Minister said it himself, lelo nipa 1 October, 2024.",2026-05-04T14:01:35.261693+00:00,,https://www.facebook.com/100057335174945/posts/1029321325655697/?app=fbl
1865856943823296,U will provide the equipment ayi 😁,2026-05-04T14:01:35.261696+00:00,,https://www.facebook.com/100057335174945/posts/1029321325655697/?app=fbl
3448759512094857,Isn't loadshedding supposed to be a thing of the past this month? We don't need solar,2026-05-04T14:01:35.261699+00:00,,https://www.facebook.com/100057335174945/posts/1029321325655697/?app=fbl
880352367363656,You are buying us inverters?,2026-05-04T14:01:35.261701+00:00,,https://www.facebook.com/100057335174945/posts/1029321325655697/?app=fbl
875070617634533,"Today is first Oktober please, give us a update  ba powering the nation ....",2026-05-04T14:01:35.261704+00:00,,https://www.facebook.com/100057335174945/posts/1029321325655697/?app=fbl
556551486764073,Today is1 st oct,2026-05-04T14:01:35.261706+00:00,,https://www.facebook.com/100057335174945/posts/1029321325655697/?app=fbl
405020849302903,"Why has power been cut? It came for 3hrs only? Mwimweneshamo ba minister, imwe fi kembo. 
Restore it shaaaaa.",2026-05-04T14:01:35.261709+00:00,,https://www.facebook.com/100057335174945/posts/1029321325655697/?app=fbl
1002841158277667,Lelo nipa wanu okutoba. Bwanji ma gesi,2026-05-04T14:01:35.261711+00:00,,https://www.facebook.com/100057335174945/posts/1029321325655697/?app=fbl
1039765907939177,Do u pay cash money for the excess power or not.,2026-05-04T14:01:35.261713+00:00,,https://www.facebook.com/100057335174945/posts/1029321325655697/?app=fbl
991407806072715,Give us panels kaili,2026-05-04T14:01:35.261715+00:00,,https://www.facebook.com/100057335174945/posts/1029321325655697/?app=fbl
3448759512094857,Zambia Repost  scammer!!!!,2026-05-04T14:01:35.261718+00:00,,https://www.facebook.com/100057335174945/posts/1029321325655697/?app=fbl
405020849302903,Gusha Lawrence Kasongo us just 1 hour so,2026-05-04T14:01:35.261720+00:00,,https://www.facebook.com/100057335174945/posts/1029321325655697/?app=fbl
405020849302903,Ba Zesco Limited nibopusa maningi,2026-05-04T14:01:35.261723+00:00,,https://www.facebook.com/100057335174945/posts/1029321325655697/?app=fbl
405020849302903,"Gusha Lawrence Kasongo ,😭😭😭😭😭 God wil reward them",2026-05-04T14:01:35.261725+00:00,,https://www.facebook.com/100057335174945/posts/1029321325655697/?app=fbl
405020849302903,Gusha Lawrence Kasongo yaba🤣🤣🤣,2026-05-04T14:01:35.261727+00:00,,https://www.facebook.com/100057335174945/posts/1029321325655697/?app=fbl
8713786182007378,Lelo nipa wanu but Kuno power cut kuma 05💀😅 Lesa akaya myocha pa Zesco kubufi. Elo carry a fire extinguisher pantu you are going to hell,2026-05-04T14:01:35.261730+00:00,,https://www.facebook.com/100057335174945/posts/1029321325655697/?app=fbl
522640114029936,Nipa wanu lelo don't forget,2026-05-04T14:01:35.261732+00:00,,https://www.facebook.com/100057335174945/posts/1029321325655697/?app=fbl
442605075003774,"Zesco LimitedSo you guys from Zesco Limited you don't see anything wrong with yo picture what engineers you have kanshi,kindly go through and see what's wrong.",2026-05-04T14:01:35.261734+00:00,,https://www.facebook.com/100057335174945/posts/1029321325655697/?app=fbl
3798400183763567,Alow ba ZESCO just ka reminder nipa 1 lelo,2026-05-04T14:01:35.261737+00:00,,https://www.facebook.com/100057335174945/posts/1029321325655697/?app=fbl
3988612268023542,1st October no power since yesterday 11 hours ba Zesiko mwema samba mbata,2026-05-04T14:01:35.261739+00:00,,https://www.facebook.com/100057335174945/posts/1029321325655697/?app=fbl
779141997582861,Please noti ifi give us the schedule today is 1st October,2026-05-04T14:01:35.261743+00:00,,https://www.facebook.com/100057335174945/posts/1029321325655697/?app=fbl
847777384145634,Here at ck Mable's no power 48 hours now today is 1 October,2026-05-04T14:01:35.261745+00:00,,https://www.facebook.com/100057335174945/posts/1029321325655697/?app=fbl
1182241866192013,Explain step 2 and 3: what is excess energy? And how does one feed into your greed?,2026-05-04T14:01:35.261747+00:00,,https://www.facebook.com/100057335174945/posts/1029321325655697/?app=fbl
4080830578803466,This is the stability they promised 😡😡😒,2026-05-04T14:01:35.261750+00:00,,https://www.facebook.com/100057335174945/posts/1029321325655697/?app=fbl
539697025131841,Today is first October.post the schedule,2026-05-04T14:01:35.261754+00:00,,https://www.facebook.com/100057335174945/posts/1029321325655697/?app=fbl
8713786182007378,Ato Twe may be they ment wanu October 2025😂😂,2026-05-04T14:01:35.261756+00:00,,https://www.facebook.com/100057335174945/posts/1029321325655697/?app=fbl
8713786182007378,Musonda Chipampata I swear 😂😂😂,2026-05-04T14:01:35.261758+00:00,,https://www.facebook.com/100057335174945/posts/1029321325655697/?app=fbl
8604366572989515,We are waiting for this weeks schedule,2026-05-04T14:01:35.261761+00:00,,https://www.facebook.com/100057335174945/posts/1029321325655697/?app=fbl
1221012179175891,"I'm one of the people who expect that power will normalize today, thank you in advance.",2026-05-04T14:01:35.261763+00:00,,https://www.facebook.com/100057335174945/posts/1029321325655697/?app=fbl
1477914929584817,Ba zesco ni pa one lelo please tell us so that we know if it to buy amalaiti or not mwe,2026-05-04T14:01:35.261766+00:00,,https://www.facebook.com/100057335174945/posts/1029321325655697/?app=fbl
1270080634361914,Lelo nipa 1 October ba zesco noti ifyo mulelenda,2026-05-04T14:01:35.261768+00:00,,https://www.facebook.com/100057335174945/posts/1029321325655697/?app=fbl
2620993884749517,"This is the first of October,  2024 give us the update we need not this ...",2026-05-04T14:01:35.261772+00:00,,https://www.facebook.com/100057335174945/posts/1029321325655697/?app=fbl
8267421929961933,Lelo nipa one ma laiti yayenda zero fo,2026-05-04T14:01:35.261774+00:00,,https://www.facebook.com/100057335174945/posts/1029321325655697/?app=fbl
1494724321182321,"Ba ZESCO
Nobody cares about Net metering 

Let’s address the more important issues please. Today is first October 😒",2026-05-04T14:01:35.261777+00:00,,https://www.facebook.com/100057335174945/posts/1029321325655697/?app=fbl
524354203575480,Me approach October in darkness 🥹🤣🤣🤣,2026-05-04T14:01:35.261780+00:00,,https://www.facebook.com/100057335174945/posts/1029321325655697/?app=fbl
1609197929976842,Awe bane stop ichibeleshi lelo nipa wanu,2026-05-04T14:01:35.261782+00:00,,https://www.facebook.com/100057335174945/posts/1029321325655697/?app=fbl
1040263964437101,Don't pretend lelo nipa one viyasheni vima laiti,2026-05-04T14:01:35.261784+00:00,,https://www.facebook.com/100057335174945/posts/1029321325655697/?app=fbl
524354203575480,"Mìldrëd Pęźò imagine,elo the whole day yesterday we never had power.",2026-05-04T14:01:35.261787+00:00,,https://www.facebook.com/100057335174945/posts/1029321325655697/?app=fbl
524354203575480,Mildred Ching'umba Metisala exactly sake 🥹,2026-05-04T14:01:35.261789+00:00,,https://www.facebook.com/100057335174945/posts/1029321325655697/?app=fbl
1477914929584817,Theresa Lombe Bombeki 🤣🤣🤣🤣🤣 Daughter leka ifwoyo iwe 🤣🤣🤣,2026-05-04T14:01:35.261791+00:00,,https://www.facebook.com/100057335174945/posts/1029321325655697/?app=fbl
1477914929584817,Pauline Chiti Muma 🤣🤣🤣🤣🤣,2026-05-04T14:01:35.261794+00:00,,https://www.facebook.com/100057335174945/posts/1029321325655697/?app=fbl
892420218950260,Lelo nipa first October!,2026-05-04T14:01:35.261796+00:00,,https://www.facebook.com/100057335174945/posts/1029321325655697/?app=fbl
1561655581093868,Lelo nipa 1st October,2026-05-04T14:01:35.261798+00:00,,https://www.facebook.com/100057335174945/posts/1029321325655697/?app=fbl
2281702645561700,"Ise we had power from 04:00 to 05:32 today, so wondering if you meant October yamu 2025",2026-05-04T14:01:35.261801+00:00,,https://www.facebook.com/100057335174945/posts/1029321325655697/?app=fbl
544026224972081,Lelo nipa wanu tayakile na lelo,2026-05-04T14:01:35.261803+00:00,,https://www.facebook.com/100057335174945/posts/1029321325655697/?app=fbl
461079726246812,Zesco Limited can power be transmitted into the grid when your area is being loadshed?,2026-05-04T14:01:35.261805+00:00,,https://www.facebook.com/100057335174945/posts/1029321325655697/?app=fbl
1219169032566708,Nipa wanu lelo,2026-05-04T14:01:35.261808+00:00,,https://www.facebook.com/100057335174945/posts/1029321325655697/?app=fbl
3350829441893428,Imwe inform us about the repairs maamba coal is doing! 15 days naipwa but muli ndwi!,2026-05-04T14:01:35.261810+00:00,,https://www.facebook.com/100057335174945/posts/1029321325655697/?app=fbl
931374732181605,VA zee🙄. Today is the 1st as usual power came 03 by 05 power went as usual,2026-05-04T14:01:35.261812+00:00,,https://www.facebook.com/100057335174945/posts/1029321325655697/?app=fbl
554645493697970,Bachishitishefye ku machinese nangu ba mwenye 💊🍾,2026-05-04T14:01:35.261815+00:00,,https://www.facebook.com/100057335174945/posts/1029321325655697/?app=fbl
418526810978140,Pa wanu lelo we received the great shock of our life power only blinked 🌚,2026-05-04T14:01:35.261817+00:00,,https://www.facebook.com/100057335174945/posts/1029321325655697/?app=fbl
536054232162266,Zesco Limited we don’t have power in libala since Sunday till today awe mwandi,2026-05-04T14:01:35.261819+00:00,,https://www.facebook.com/100057335174945/posts/1029321325655697/?app=fbl
1674580923397339,It’s 1st October as promised,2026-05-04T14:01:35.261823+00:00,,https://www.facebook.com/100057335174945/posts/1029321325655697/?app=fbl
1050761583155246,"Good morning Ba Zesco 🤗❤️
Happy 1st October to you all @ Zesco Limited",2026-05-04T14:01:35.261826+00:00,,https://www.facebook.com/100057335174945/posts/1029321325655697/?app=fbl
3410335215937370,Kwati mashilu😏,2026-05-04T14:01:35.261828+00:00,,https://www.facebook.com/100057335174945/posts/1029321325655697/?app=fbl
2625406304287358,Today its 1st October 🙄...,2026-05-04T14:01:35.261831+00:00,,https://www.facebook.com/100057335174945/posts/1029321325655697/?app=fbl
8088184044640951,Iwe lelo nipa 1 October,2026-05-04T14:01:35.261833+00:00,,https://www.facebook.com/100057335174945/posts/1029321325655697/?app=fbl
448299428257849,Post the apology for today and this month please.,2026-05-04T14:01:35.261835+00:00,,https://www.facebook.com/100057335174945/posts/1029321325655697/?app=fbl
503148379258598,Nanga behavior iyo ba Zesco Limited  lelo nipa chani kanshi stop boza and walk the talk,2026-05-04T14:01:35.261837+00:00,,https://www.facebook.com/100057335174945/posts/1029321325655697/?app=fbl
1513088685989791,Imwe bafikile nipa 1 not ifyo mwayamba,2026-05-04T14:01:35.261840+00:00,,https://www.facebook.com/100057335174945/posts/1029321325655697/?app=fbl
1008296467716297,Hope you know it's 1st October,2026-05-04T14:01:35.261842+00:00,,https://www.facebook.com/100057335174945/posts/1029321325655697/?app=fbl
931374732181605,"Melz Melz At least you guys
Us it went yesterday 05 until now  no show",2026-05-04T14:01:35.261844+00:00,,https://www.facebook.com/100057335174945/posts/1029321325655697/?app=fbl
931374732181605,Nansi Miti awe sure,2026-05-04T14:01:35.261847+00:00,,https://www.facebook.com/100057335174945/posts/1029321325655697/?app=fbl
931374732181605,Melz Melz kikikikik 😂 Melz,2026-05-04T14:01:35.261849+00:00,,https://www.facebook.com/100057335174945/posts/1029321325655697/?app=fbl
1008296467716297,Zambia Repost  scammer!!!!!!!,2026-05-04T14:01:35.261852+00:00,,https://www.facebook.com/100057335174945/posts/1029321325655697/?app=fbl
448299428257849,Chisebuka Oliver We only had power for 30 minutes 😂😂😂😂😂😂,2026-05-04T14:01:35.261854+00:00,,https://www.facebook.com/100057335174945/posts/1029321325655697/?app=fbl
448299428257849,Penelope Kamungwa we can never trust these guys.,2026-05-04T14:01:35.261857+00:00,,https://www.facebook.com/100057335174945/posts/1029321325655697/?app=fbl
846282780909704,"Ba zesco I have an ask, did you  mean 1st October 2024 or 1st  October 2025? 💀",2026-05-04T14:01:35.261859+00:00,,https://www.facebook.com/100057335174945/posts/1029321325655697/?app=fbl
1588010745485401,Are you checking the calender ba Zesco. Today its 1st October,2026-05-04T14:01:35.261861+00:00,,https://www.facebook.com/100057335174945/posts/1029321325655697/?app=fbl
516120604508207,And if one doesn’t have energy bills?,2026-05-04T14:01:35.261863+00:00,,https://www.facebook.com/100057335174945/posts/1029321325655697/?app=fbl
1371224124283415,"Teli lelo nipa 1???
Nge iyo behavior??",2026-05-04T14:01:35.261867+00:00,,https://www.facebook.com/100057335174945/posts/1029321325655697/?app=fbl
2378563272492038,How does one sign up?,2026-05-04T14:01:35.261869+00:00,,https://www.facebook.com/100057335174945/posts/1029321325655697/?app=fbl
1057941779045556,"Just pay us cash, we do not need your power credits anymore",2026-05-04T14:01:35.261871+00:00,,https://www.facebook.com/100057335174945/posts/1029321325655697/?app=fbl
516029631205793,Bane bwesheni ama schedule twishibe inshita amalaiti yalebwela lelo,2026-05-04T14:01:35.261875+00:00,,https://www.facebook.com/100057335174945/posts/1029321325655697/?app=fbl
882136727197131,Nilelo pa 1 October ifyo ifya net metering,2026-05-04T14:01:35.261877+00:00,,https://www.facebook.com/100057335174945/posts/1029321325655697/?app=fbl
973737307890749,Uhmmmm ba Zesco Limited sure nipa 1 lelo ili bwanji sichu,2026-05-04T14:01:35.261879+00:00,,https://www.facebook.com/100057335174945/posts/1029321325655697/?app=fbl
526037213706414,Ifyo labeniko first. Lelo ni pa 1.,2026-05-04T14:01:35.261882+00:00,,https://www.facebook.com/100057335174945/posts/1029321325655697/?app=fbl
516120604508207,Nabusuma Zulu  I can't see the logic with this arrangement. If one is giving excess power to the grid then they obviously don't need energy from Zesco.,2026-05-04T14:01:35.261884+00:00,,https://www.facebook.com/100057335174945/posts/1029321325655697/?app=fbl
516120604508207,"Chansa Chishala Kakoma maybe past bills? Which doesn’t make sense because we are on prepaid. I honestly don’t get it. 
This information is lacking a lot mweh. Smh",2026-05-04T14:01:35.261886+00:00,,https://www.facebook.com/100057335174945/posts/1029321325655697/?app=fbl
516029631205793,Mwango David Zulu Net metering should be a story for another day lelo nipa 1,2026-05-04T14:01:35.261889+00:00,,https://www.facebook.com/100057335174945/posts/1029321325655697/?app=fbl
526037213706414,Shamba Kanguya ayi balefwaya ukutuchita distract 😅,2026-05-04T14:01:35.261891+00:00,,https://www.facebook.com/100057335174945/posts/1029321325655697/?app=fbl
526037213706414,Shamba Kanguya yaba 🤣🤣🤣,2026-05-04T14:01:35.261895+00:00,,https://www.facebook.com/100057335174945/posts/1029321325655697/?app=fbl
2378563272492038,"Hello Tione. Kindly note that the net metering applications should be done on line, see the guide below.
• Click the application link (Net Metering Management System (zesco.co.zm)) and create a new application.
• Have the following items handy: 
o You must be an existing customer
o You must have A service or Meter Number
o Attach Copy of NRC or Passport
o Attach Certificate of Incorporation (if applying as a business)
o TPIN
o If Rented property at Tenancy Agreement
• Landmark or GPS Coordinates of the property you wish to connect.
• Ensure the installer is fully certified.
• Ensure (None Refundable) Administrative Fee of K1,738.00 for all service categories is paid to the ZESCO Account provided on the left pane. Proof of payment will be required to be uploaded during the application process
Thank you for contacting Zesco, regards FC",2026-05-04T14:01:35.261897+00:00,,https://www.facebook.com/100057335174945/posts/1029321325655697/?app=fbl
517656467553542,Lelo nipa 1 wee,2026-05-04T14:01:35.261899+00:00,,https://www.facebook.com/100057335174945/posts/1029321325655697/?app=fbl
534213329304365,"O1/10/2024 eclipse ya angoni, we are waiting ✋️",2026-05-04T14:01:35.261903+00:00,,https://www.facebook.com/100057335174945/posts/1029321325655697/?app=fbl
1040670324511272,"These people are not normal from head to toe
Coz what is this?",2026-05-04T14:01:35.261906+00:00,,https://www.facebook.com/100057335174945/posts/1029321325655697/?app=fbl
1220659632309494,"Zesco chimo fye na.,
...........",2026-05-04T14:01:35.261908+00:00,,https://www.facebook.com/100057335174945/posts/1029321325655697/?app=fbl
1065276868545722,Tracy Lwando I think we need to remind these guys kuti lelo nipa 1 ka,2026-05-04T14:01:35.261910+00:00,,https://www.facebook.com/100057335174945/posts/1029321325655697/?app=fbl
2248608598832483,As you promised 1st octomber,2026-05-04T14:01:35.261913+00:00,,https://www.facebook.com/100057335174945/posts/1029321325655697/?app=fbl
3783186418590911,Ba zesco does it mean chilenje south will never have power same area one side of the road they is power and other nothing for so many days what is this please please please 🥺 you are so annoying,2026-05-04T14:01:35.261915+00:00,,https://www.facebook.com/100057335174945/posts/1029321325655697/?app=fbl
1663660647510775,Ati 123 kwati tupuba 🤣🤣🤣🤣,2026-05-04T14:01:35.261917+00:00,,https://www.facebook.com/100057335174945/posts/1029321325655697/?app=fbl
557991783348504,todays it's the first,2026-05-04T14:01:35.261920+00:00,,https://www.facebook.com/100057335174945/posts/1029321325655697/?app=fbl
1869499667315649,"Its 1st October 

We dont forget",2026-05-04T14:01:35.261923+00:00,,https://www.facebook.com/100057335174945/posts/1029321325655697/?app=fbl
904043811583053,Let's talk about stability first.,2026-05-04T14:01:35.261925+00:00,,https://www.facebook.com/100057335174945/posts/1029321325655697/?app=fbl
384096258091266,Nice try,2026-05-04T14:01:35.261927+00:00,,https://www.facebook.com/100057335174945/posts/1029321325655697/?app=fbl
844438917810234,Today is the 1st of OCTOBER WHAT YOUR STORY?,2026-05-04T14:01:35.261930+00:00,,https://www.facebook.com/100057335174945/posts/1029321325655697/?app=fbl
1048360353168082,1st October not ifi,2026-05-04T14:01:35.261932+00:00,,https://www.facebook.com/100057335174945/posts/1029321325655697/?app=fbl
510100265225826,"Pa 1 nipa 1 ba Ze 
   Ka hint atishani 🤷‍♀️@followers",2026-05-04T14:01:35.261934+00:00,,https://www.facebook.com/100057335174945/posts/1029321325655697/?app=fbl
2216626628706016,"Ka Promise kalya Ati Shani???

Ni pa Wanu lelo!!",2026-05-04T14:01:35.261937+00:00,,https://www.facebook.com/100057335174945/posts/1029321325655697/?app=fbl
543388588052603,Koma nikuti doba uku manje,2026-05-04T14:01:35.261939+00:00,,https://www.facebook.com/100057335174945/posts/1029321325655697/?app=fbl
910394347810206,"Manje bamene  imwe have you bought ma Sola ya net  metering ?lead by example not telling us koma naimwe vimikanga, we will not net miter with u",2026-05-04T14:01:35.261941+00:00,,https://www.facebook.com/100057335174945/posts/1029321325655697/?app=fbl
8382745345142486,Ati pa wanu nyoko nyoko! Misula shenu,2026-05-04T14:01:35.261944+00:00,,https://www.facebook.com/100057335174945/posts/1029321325655697/?app=fbl
1227401631787100,"Zesco Limited starting from today,ka loadsheding should end",2026-05-04T14:01:35.261946+00:00,,https://www.facebook.com/100057335174945/posts/1029321325655697/?app=fbl
1065276868545722,Nonde Sinkala Michili tikali mu September,2026-05-04T14:01:35.261949+00:00,,https://www.facebook.com/100057335174945/posts/1029321325655697/?app=fbl
514317037868664,Today is October 1st Zesco Limited what’s the story?it’s over 24hrs here in Zanimuone filter lane without power atishani?,2026-05-04T14:01:35.261951+00:00,,https://www.facebook.com/100057335174945/posts/1029321325655697/?app=fbl
499261102909445,"1st October today, we haven't forgotten",2026-05-04T14:01:35.261953+00:00,,https://www.facebook.com/100057335174945/posts/1029321325655697/?app=fbl
1048814180244579,"You thought October won't arrive ka, here we are in October. Give us the schedule boss",2026-05-04T14:01:35.261956+00:00,,https://www.facebook.com/100057335174945/posts/1029321325655697/?app=fbl
896520882399751,"Fake promise, in obama 2days no malaiti",2026-05-04T14:01:35.261958+00:00,,https://www.facebook.com/100057335174945/posts/1029321325655697/?app=fbl
875684670865234,Wanu lelo atibwanji,2026-05-04T14:01:35.261961+00:00,,https://www.facebook.com/100057335174945/posts/1029321325655697/?app=fbl
1609116960021869,"You promised us today pa 1, give us power kaili Hakainde Hichilemaa ..
They said pa 1 things will be better but still no power in some areas, no feedback, no any communication. Sir please we depending on these little little electricity, we are qualified but still we are being left out, some of us just being sidelined.. please ba HH... We are suffering n our saloons can't work, selling Ice blocks same, if we go in streets we are being chased by council people. We have no connections, on phones you telling us we shouldn't be on TikTok or Facebook.. should we be like zombies now ?? Where only the rich n well to do are happy... Youth alila ... ... Please",2026-05-04T14:01:35.261963+00:00,,https://www.facebook.com/100057335174945/posts/1029321325655697/?app=fbl
409833535482657,It's 1st October Zesco Limited,2026-05-04T14:01:35.261967+00:00,,https://www.facebook.com/100057335174945/posts/1029321325655697/?app=fbl
442265938341101,Have you forgotten that today is the first of October just update us on this. Not for net metering not every one can afford to put up solar.,2026-05-04T14:01:35.261969+00:00,,https://www.facebook.com/100057335174945/posts/1029321325655697/?app=fbl
3073901196085728,1st October lelo give us the update we need not vama metering what what uko 🤔🤔🤔,2026-05-04T14:01:35.261972+00:00,,https://www.facebook.com/100057335174945/posts/1029321325655697/?app=fbl
520241480737069,Nipa 1 lelo noti atishani 😂,2026-05-04T14:01:35.261974+00:00,,https://www.facebook.com/100057335174945/posts/1029321325655697/?app=fbl
1227401631787100,Kinyala Petros Thats impossible boi,2026-05-04T14:01:35.261977+00:00,,https://www.facebook.com/100057335174945/posts/1029321325655697/?app=fbl
1227401631787100,Mutale Mark Chakonta surprised that people actually believed this,2026-05-04T14:01:35.261980+00:00,,https://www.facebook.com/100057335174945/posts/1029321325655697/?app=fbl
1227401631787100,"Sharon Mupeta People misinterpreted the statement. I think what they meant by ""Stabilize"" is power coming at the time specified in the rationing schedule.",2026-05-04T14:01:35.261983+00:00,,https://www.facebook.com/100057335174945/posts/1029321325655697/?app=fbl
1227401631787100,Mutale Mark Chakonta even that will not happen..so it was just talk as usual pa zed..sadly,2026-05-04T14:01:35.261985+00:00,,https://www.facebook.com/100057335174945/posts/1029321325655697/?app=fbl
967128108506107,It's October and there's no power not vama net metering apa,2026-05-04T14:01:35.261987+00:00,,https://www.facebook.com/100057335174945/posts/1029321325655697/?app=fbl
1873621619794130,Ba Ze nipa 1 Okotomber lelo,2026-05-04T14:01:35.261990+00:00,,https://www.facebook.com/100057335174945/posts/1029321325655697/?app=fbl
1071911881603793,Just a reminder what is the date today ba zesco,2026-05-04T14:01:35.261992+00:00,,https://www.facebook.com/100057335174945/posts/1029321325655697/?app=fbl
877511147806307,Imwe ba zesco mwlilenga batutafya mu nga nda umulandu wamalaite causes tapali abengesa ku saluni ku ma 22 to 05 hours.,2026-05-04T14:01:35.261994+00:00,,https://www.facebook.com/100057335174945/posts/1029321325655697/?app=fbl
1192961215096622,Today it's 1st October....🚶🚶,2026-05-04T14:01:35.261997+00:00,,https://www.facebook.com/100057335174945/posts/1029321325655697/?app=fbl
888351559872858,"Did they mention which year???
Yes it's first October but they didn't mention which year of the first October.
Ba sir politicain is not your friend",2026-05-04T14:01:35.261999+00:00,,https://www.facebook.com/100057335174945/posts/1029321325655697/?app=fbl
548100504477085,Power just came for 20mins and cut te pa 1 lelo,2026-05-04T14:01:35.262001+00:00,,https://www.facebook.com/100057335174945/posts/1029321325655697/?app=fbl
2263675380677956,Va  zee vo zizila,2026-05-04T14:01:35.262004+00:00,,https://www.facebook.com/100057335174945/posts/1029321325655697/?app=fbl
837714051859880,Somebody to please hack this page 🤣,2026-05-04T14:01:35.262006+00:00,,https://www.facebook.com/100057335174945/posts/1029321325655697/?app=fbl
1188692592189237,Convert this into cash then many of us will subscribe. Short of that what do I need extra units for when we barely have power and are basically off grid? Make this more attractive,2026-05-04T14:01:35.262008+00:00,,https://www.facebook.com/100057335174945/posts/1029321325655697/?app=fbl
520241480737069,"Musa Banda ,iwe ati shani,Ile runinga?",2026-05-04T14:01:35.262013+00:00,,https://www.facebook.com/100057335174945/posts/1029321325655697/?app=fbl
520241480737069,Joshua Thabo Mulele lol...IMEI is still running lol,2026-05-04T14:01:35.262015+00:00,,https://www.facebook.com/100057335174945/posts/1029321325655697/?app=fbl
409833535482657,Ali Ce you're even a top fan🤣🤣🤣😩,2026-05-04T14:01:35.262017+00:00,,https://www.facebook.com/100057335174945/posts/1029321325655697/?app=fbl
842048671057065,"But these guys are jokers aiii,
Today is 1st October and your play with 18million Zambians really. Muntu ninsoni",2026-05-04T14:01:35.262020+00:00,,https://www.facebook.com/100057335174945/posts/1029321325655697/?app=fbl
1208188187127504,"Today is 1 October...not the issue of net metering boss,we are waiting to hear the news that Load shedding is over",2026-05-04T14:01:35.262023+00:00,,https://www.facebook.com/100057335174945/posts/1029321325655697/?app=fbl
532525116031949,Lelo nipa 1 October buti us ku off shantumbu its a tradition for you to do us dirty 48 hours thank you so much Zesco Limited ndimwe muliko 😏🙄,2026-05-04T14:01:35.262026+00:00,,https://www.facebook.com/100057335174945/posts/1029321325655697/?app=fbl
1069042698046603,Feedback pls how many hours will we be having power starting from today,2026-05-04T14:01:35.262028+00:00,,https://www.facebook.com/100057335174945/posts/1029321325655697/?app=fbl
1221935542342664,😤😤 1 October! 1 October!  1 October! 1 October!,2026-05-04T14:01:35.262030+00:00,,https://www.facebook.com/100057335174945/posts/1029321325655697/?app=fbl
902291978449122,1st October lelo ka new time table kaili,2026-05-04T14:01:35.262033+00:00,,https://www.facebook.com/100057335174945/posts/1029321325655697/?app=fbl
1103012624588457,We are now considering ZESCO to be part of papa's in Zambia..... We are now at the end of the year and that papa lied to say things will be better also Zesco papa lied to say pa 1 electricity will be stable....,2026-05-04T14:01:35.262035+00:00,,https://www.facebook.com/100057335174945/posts/1029321325655697/?app=fbl
1056115379518486,Today is 1 and we still don't have electricity....,2026-05-04T14:01:35.262038+00:00,,https://www.facebook.com/100057335174945/posts/1029321325655697/?app=fbl
1316815805966276,1st October mukali ku kamba vama excess power fed to the grid nama solar?😬😄,2026-05-04T14:01:35.262040+00:00,,https://www.facebook.com/100057335174945/posts/1029321325655697/?app=fbl
1526210814682432,Ba zesiko in my area thieves has stolen your chitambo chamalaiti coz of you faki pulomisezi  since Friday we haven't seen  amalait elo today Nipa wanu October wee 😒😒tizachita bwanji apa loomba????,2026-05-04T14:01:35.262042+00:00,,https://www.facebook.com/100057335174945/posts/1029321325655697/?app=fbl
1668102877083337,U Keep giving power in the morning when we are at work . When do we charge our phones please. At work no power too...,2026-05-04T14:01:35.262045+00:00,,https://www.facebook.com/100057335174945/posts/1029321325655697/?app=fbl
3690441941208138,Si 1st October lelo kansi 🤔,2026-05-04T14:01:35.262047+00:00,,https://www.facebook.com/100057335174945/posts/1029321325655697/?app=fbl
442381161642601,"Lelo nipa 1 October but we don't have power at home, what is your problem, learn to speak the truth",2026-05-04T14:01:35.262049+00:00,,https://www.facebook.com/100057335174945/posts/1029321325655697/?app=fbl
1233562421097987,"What happened to things getting back to normal pa 1st October?
Pa Sunday we had power from 05-11
After suffering for weeks with 2-3 hrs a day or even no power
Pa monday you decide not to give us power ,1st October power gets restored at 03 :20 exactly 1:20hr you cut !what rubbish is this",2026-05-04T14:01:35.262052+00:00,,https://www.facebook.com/100057335174945/posts/1029321325655697/?app=fbl
1265653284447473,"BREAKING NEWS.
ZESCO just said 1st October Power situation will stabilize, they didn't specify which year.
😂😂😂😂😂😂😂
#zescosaysso",2026-05-04T14:01:35.262054+00:00,,https://www.facebook.com/100057335174945/posts/1029321325655697/?app=fbl
1276441433554820,Good morning please advise. Yet again going on for over 36hrs without power!!!! When I called the call center yesterday evening I was told before midnight we would have power still nothing! What is going on. Again checked on my friend in Makeni and she is experiencing little to no load shedding! Please guys we are people that desperately depend on what little power you provide. In this household I am fighting cancer and my husband diabetes. I'm sure we are not the only family with medical conditions so please please be fair on the power distribution,2026-05-04T14:01:35.262057+00:00,,https://www.facebook.com/100057335174945/posts/1029321325655697/?app=fbl
27616934051227122,You are still ku meeting aiii you guys,2026-05-04T14:01:35.262060+00:00,,https://www.facebook.com/100057335174945/posts/1029321325655697/?app=fbl
8614055101985186,"Lelo ni pa 1st October, not ati we didn't mention which year of 1st October, we know your meant today.
Work well our dearest Zesco.",2026-05-04T14:01:35.262063+00:00,,https://www.facebook.com/100057335174945/posts/1029321325655697/?app=fbl
395302033621457,You meant October next year? Ifya Stability?,2026-05-04T14:01:35.262065+00:00,,https://www.facebook.com/100057335174945/posts/1029321325655697/?app=fbl
1604015197209519,"Imwe bakembo nipa 1 lelo, don't start tuma stories kwayamba ukukaba",2026-05-04T14:01:35.262068+00:00,,https://www.facebook.com/100057335174945/posts/1029321325655697/?app=fbl
1969815846775559,"All these guyz needs to be fired and bring people on board with open minded and zealous to find solutions. There people out there who are capable to find solutions, we need to avoid this same situation next year.",2026-05-04T14:01:35.262070+00:00,,https://www.facebook.com/100057335174945/posts/1029321325655697/?app=fbl
1575250153344568,Ninshi namulaba🤣🤣🤣🤣,2026-05-04T14:01:35.262072+00:00,,https://www.facebook.com/100057335174945/posts/1029321325655697/?app=fbl
832086569082021,Today is the 1st ..I want to see something nd be proven wrong🤔🤔🤔🤔..cos I know it's easier said than done..#beans#😂😂,2026-05-04T14:01:35.262075+00:00,,https://www.facebook.com/100057335174945/posts/1029321325655697/?app=fbl
561852836192549,"Indeed tables turn. A key life lesson can be drawn from this situation. Anyway, what am I even saying? Today is 1 October we expect 3 hrs of load shading as articulated by the minister last month.",2026-05-04T14:01:35.262077+00:00,,https://www.facebook.com/100057335174945/posts/1029321325655697/?app=fbl
813050617570452,"congrat loadshedind has completing finish.

from yesterday afternoon even now still have power.
if its was the children of isreal could have said God has saved us♥️",2026-05-04T14:01:35.262080+00:00,,https://www.facebook.com/100057335174945/posts/1029321325655697/?app=fbl
412250048574132,"Today is 1st October yaya kuno ...So that Director"" sir""  smeared us butter.",2026-05-04T14:01:35.262083+00:00,,https://www.facebook.com/100057335174945/posts/1029321325655697/?app=fbl
1073389894142647,The president lies. How do you guys expect them not to lie?,2026-05-04T14:01:35.262085+00:00,,https://www.facebook.com/100057335174945/posts/1029321325655697/?app=fbl
2827202157439681,Just reduce load shedding,2026-05-04T14:01:35.262087+00:00,,https://www.facebook.com/100057335174945/posts/1029321325655697/?app=fbl
3042702465872753,Kuno ku mansa we have noticed kuti it's October. Let's hope you will maintain the stability,2026-05-04T14:01:35.262089+00:00,,https://www.facebook.com/100057335174945/posts/1029321325655697/?app=fbl
1261000141932510,"This does not address critical questions ba Zesco Limited. 1. What infrastructure upgrades do you need to do to accomplish bidirectional supply?
2. Are special meters required for this implementation? 2 a. If yes, has the procurement or manufacturing of the same started? 2 b. When do we expect them on the market? and 2 c. At what price?",2026-05-04T14:01:35.262092+00:00,,https://www.facebook.com/100057335174945/posts/1029321325655697/?app=fbl
1073389894142647,Mwewa Gift we know you have freedom but don't closs the line,2026-05-04T14:01:35.262094+00:00,,https://www.facebook.com/100057335174945/posts/1029321325655697/?app=fbl
1073389894142647,MrGarry Zambia get out,2026-05-04T14:01:35.262096+00:00,,https://www.facebook.com/100057335174945/posts/1029321325655697/?app=fbl
412250048574132,Silvia Flaviour Kanyanta ifwe takuli,2026-05-04T14:01:35.262099+00:00,,https://www.facebook.com/100057335174945/posts/1029321325655697/?app=fbl
412250048574132,Mwamba Konsolo-Njelesani they are not honest aba bantu...,2026-05-04T14:01:35.262101+00:00,,https://www.facebook.com/100057335174945/posts/1029321325655697/?app=fbl
2827202157439681,King Sido Last Dictator 😂😂😂 iwe just sign up😂😂,2026-05-04T14:01:35.262103+00:00,,https://www.facebook.com/100057335174945/posts/1029321325655697/?app=fbl
524506786963375,Uhmmmm net metering futi? Let's talk about your promise about first October,2026-05-04T14:01:35.262106+00:00,,https://www.facebook.com/100057335174945/posts/1029321325655697/?app=fbl
1076544780741227,Goodmorning today is the first,2026-05-04T14:01:35.262108+00:00,,https://www.facebook.com/100057335174945/posts/1029321325655697/?app=fbl
523683313778542,Ba Zesco Limited lelo ni pa 1st October. What time are we expected to have stable power?,2026-05-04T14:01:35.262110+00:00,,https://www.facebook.com/100057335174945/posts/1029321325655697/?app=fbl
1594442388149478,Emukwai banjeleleko ( in typical Bemba tone) Bushe kanshi excess power fed to the grid tekushitisha nangu ukukupela akanyapuku? What energy bills again will those credits settle when I am I am generating my own power. Olo it's to settle for other people then they give you Cash?,2026-05-04T14:01:35.262113+00:00,,https://www.facebook.com/100057335174945/posts/1029321325655697/?app=fbl
731207595845957,"Iwe Admini,how do you come here and post stuff when you know the expectations of the power? It is also wise not to communicate anything until you have an update",2026-05-04T14:01:35.262115+00:00,,https://www.facebook.com/100057335174945/posts/1029321325655697/?app=fbl
1083479376500628,But today is 1 October why is the country still experiencing loadsheding?,2026-05-04T14:01:35.262117+00:00,,https://www.facebook.com/100057335174945/posts/1029321325655697/?app=fbl
1042984403955740,Is it October 2025 or October 2024 clarification on that one ☝️ pliz diya zesco,2026-05-04T14:01:35.262119+00:00,,https://www.facebook.com/100057335174945/posts/1029321325655697/?app=fbl
8567251433357034,Todays the first please we are waiting for electricity!,2026-05-04T14:01:35.262122+00:00,,https://www.facebook.com/100057335174945/posts/1029321325655697/?app=fbl
1276937660351733,We were told by your director that power will be stable starting from 1st October for two days now we don't have power,2026-05-04T14:01:35.262124+00:00,,https://www.facebook.com/100057335174945/posts/1029321325655697/?app=fbl
3872353856318219,Mwila twangasha it was at least to be normalized today but what kind of nonsense are you telling us again elo it can never me,2026-05-04T14:01:35.262127+00:00,,https://www.facebook.com/100057335174945/posts/1029321325655697/?app=fbl
422348020498351,Naka kuchita stabilise vintu kwalakwa cha? Sipa 1 lelo🤨,2026-05-04T14:01:35.262129+00:00,,https://www.facebook.com/100057335174945/posts/1029321325655697/?app=fbl
850448113530235,We want our schedule noti this,2026-05-04T14:01:35.262131+00:00,,https://www.facebook.com/100057335174945/posts/1029321325655697/?app=fbl
562976119490416,Kikikikiki agony is wen u are waiting for Zesco to restore power has promised pa wanu🤣they are educating us on net metering 😂needs to have human shock obsorber to withstand mechanical stress and strain,2026-05-04T14:01:35.262134+00:00,,https://www.facebook.com/100057335174945/posts/1029321325655697/?app=fbl
1585824725364023,Positive results as promised are the things we are looking for don't ama panel fyaku mushi ifyoo,2026-05-04T14:01:35.262138+00:00,,https://www.facebook.com/100057335174945/posts/1029321325655697/?app=fbl
1269584484485241,"Lelo nipa wanu,so chilibwa?

Problem muli naboza bonse uko Ku side😕",2026-05-04T14:01:35.262141+00:00,,https://www.facebook.com/100057335174945/posts/1029321325655697/?app=fbl
876487240776944,Some post clearly indicate that things are not yet stable🙆🏻‍♂️ the date can not fix the issue at hand,2026-05-04T14:01:35.262143+00:00,,https://www.facebook.com/100057335174945/posts/1029321325655697/?app=fbl
1646550196207032,Lelo ni pa 1st October tiyeni tulande pali promise not iyi story. Mukamba mweka,2026-05-04T14:01:35.262145+00:00,,https://www.facebook.com/100057335174945/posts/1029321325655697/?app=fbl
1674547056660858,Libala south hasn’t had power since Sunday imwe ba mbuli,2026-05-04T14:01:35.262149+00:00,,https://www.facebook.com/100057335174945/posts/1029321325655697/?app=fbl
509688665139568,Here in kapiri power at 05hrs if u stick to the same schedule we expect to see power again at 21hrs.kindly update us.,2026-05-04T14:01:35.262151+00:00,,https://www.facebook.com/100057335174945/posts/1029321325655697/?app=fbl
2573420396189664,You better stop sending this statement on Facebook coz we are not interested in such things to us,2026-05-04T14:01:35.262154+00:00,,https://www.facebook.com/100057335174945/posts/1029321325655697/?app=fbl
1646550196207032,"Joseph Kapambwe Jnr ala kutiwapapa, nabalaba nako",2026-05-04T14:01:35.262156+00:00,,https://www.facebook.com/100057335174945/posts/1029321325655697/?app=fbl
932445842026434,Can excess power be fed into the grid during loadshedding?,2026-05-04T14:01:35.262158+00:00,,https://www.facebook.com/100057335174945/posts/1029321325655697/?app=fbl
571034538582324,Lelo nipa 1 but we are already in 24hrs without power,2026-05-04T14:01:35.262161+00:00,,https://www.facebook.com/100057335174945/posts/1029321325655697/?app=fbl
2520746544780980,"Net metering futi na lelo but nipa 1? I think Zesco Limited must have a competitor mwee! Mwatikola papaka, enough is enough with your fake and unfulfilled promises.",2026-05-04T14:01:35.262163+00:00,,https://www.facebook.com/100057335174945/posts/1029321325655697/?app=fbl
2738688156304007,"This is actually brilliant am glad Zesco has finally caught up with this system, it's how they do it in most European countries... Those laughing at this needs exposure and   proper education",2026-05-04T14:01:35.262165+00:00,,https://www.facebook.com/100057335174945/posts/1029321325655697/?app=fbl
1120646499625992,Tell us what is going on... it's first October as per your promise....,2026-05-04T14:01:35.262167+00:00,,https://www.facebook.com/100057335174945/posts/1029321325655697/?app=fbl
8338747846207300,"Hold on, lelo ni pa 1st .what's the story? Pantu useless things you're quick to update us..",2026-05-04T14:01:35.262170+00:00,,https://www.facebook.com/100057335174945/posts/1029321325655697/?app=fbl
1201392767782115,But ishi shena nimbwa. Awe mulibwa imwe mwefipuba. Imwe muletwangasha ati pa 1 October ninshi amaliti yaba stable. Instead of posting ifyo abantu balefwaya ukumfwa you start posting ati net metering. What a company ful of dogs with no tails. Kwati fipuba......nga nicho chi Managing director chenu all of last week chilekwata nama seminar kwati fyamano chilechita chileslan'ga noku slan'ga nechisungu chaku swatila........you rabid dogs....,2026-05-04T14:01:35.262172+00:00,,https://www.facebook.com/100057335174945/posts/1029321325655697/?app=fbl
512424555043487,We r not interested in this pliz give us the schedule it's 1st October lelo,2026-05-04T14:01:35.262174+00:00,,https://www.facebook.com/100057335174945/posts/1029321325655697/?app=fbl
2545808025751656,Ma bwana nanga pawa stability kuli imwe what does it mean you said pa 1st October but malaiti lelo ndiye peyayenda elo fast,2026-05-04T14:01:35.262177+00:00,,https://www.facebook.com/100057335174945/posts/1029321325655697/?app=fbl
936268835214047,The are doing phase three annual maintenance ku mamba starting Lelo 😭😭😭🤣,2026-05-04T14:01:35.262179+00:00,,https://www.facebook.com/100057335174945/posts/1029321325655697/?app=fbl
1167439817688661,Lelo nipa 1 Imwe ba kariba dam,2026-05-04T14:01:35.262181+00:00,,https://www.facebook.com/100057335174945/posts/1029321325655697/?app=fbl
2790708381106235,it's first October today and yet power only came for like 30 minutes here kabwata site and service last night,2026-05-04T14:01:35.262184+00:00,,https://www.facebook.com/100057335174945/posts/1029321325655697/?app=fbl
1077288923765680,U said 1 October what's happening still no power since from Sunday,2026-05-04T14:01:35.262186+00:00,,https://www.facebook.com/100057335174945/posts/1029321325655697/?app=fbl
521654363945432,where's the new schedule?,2026-05-04T14:01:35.262188+00:00,,https://www.facebook.com/100057335174945/posts/1029321325655697/?app=fbl
353641967739469,"This is 1st October , net metering is not what we want to hear right now!🙄",2026-05-04T14:01:35.262190+00:00,,https://www.facebook.com/100057335174945/posts/1029321325655697/?app=fbl
1256885915323255,When I saw this post iwas very happy thinking that it's a new schedule since you promised on 1 October... not interested in this,2026-05-04T14:01:35.262194+00:00,,https://www.facebook.com/100057335174945/posts/1029321325655697/?app=fbl
1781796899224303,Imwe you said pa 1 te? Tiyeni give us kaili🙄,2026-05-04T14:01:35.262196+00:00,,https://www.facebook.com/100057335174945/posts/1029321325655697/?app=fbl
363593323497555,Did you mean 1 October 2024 or which year,2026-05-04T14:01:35.262199+00:00,,https://www.facebook.com/100057335174945/posts/1029321325655697/?app=fbl
3776966142524873,Lelo ni pa 1 manje bakamba chani futi,2026-05-04T14:01:35.262201+00:00,,https://www.facebook.com/100057335174945/posts/1029321325655697/?app=fbl
521765260803010,Give us money/cash and not units,2026-05-04T14:01:35.262203+00:00,,https://www.facebook.com/100057335174945/posts/1029321325655697/?app=fbl
3776966142524873,Kanyuka Benjamin iwe nipase ndalama zanga,2026-05-04T14:01:35.262205+00:00,,https://www.facebook.com/100057335174945/posts/1029321325655697/?app=fbl
457455043313164,Why are we still talking about Net metering Pa 1st October?,2026-05-04T14:01:35.262208+00:00,,https://www.facebook.com/100057335174945/posts/1029321325655697/?app=fbl
456754636736710,"Today is 1st October, we don't have power here,Mulungushi university",2026-05-04T14:01:35.262210+00:00,,https://www.facebook.com/100057335174945/posts/1029321325655697/?app=fbl
1075077654215790,This is the dumbest institution in Zambia right now.you want citizens to give you the (GOVT) their expensive solar power.power that you an entire power utility company has failed to provide.do you people use your brains nicely?,2026-05-04T14:01:35.262212+00:00,,https://www.facebook.com/100057335174945/posts/1029321325655697/?app=fbl
8441020179344485,You thought 1st October was that far.,2026-05-04T14:01:35.262216+00:00,,https://www.facebook.com/100057335174945/posts/1029321325655697/?app=fbl
1051169236545872,Ba zesco mulibafufi saana imwe today is 1st  how come I had  power 1 hr ; 30 minutes,2026-05-04T14:01:35.262218+00:00,,https://www.facebook.com/100057335174945/posts/1029321325655697/?app=fbl
1499961210724690,Where is power?,2026-05-04T14:01:35.262221+00:00,,https://www.facebook.com/100057335174945/posts/1029321325655697/?app=fbl
1748496755688371,Bartar system kwena just start giving them money I will encourage many 😂,2026-05-04T14:01:35.262223+00:00,,https://www.facebook.com/100057335174945/posts/1029321325655697/?app=fbl
927068532778482,"It's 1St October today, why did power only come for an hour in group E?",2026-05-04T14:01:35.262225+00:00,,https://www.facebook.com/100057335174945/posts/1029321325655697/?app=fbl
936973861600142,We are still waiting for the new schedule kindly update us.,2026-05-04T14:01:35.262228+00:00,,https://www.facebook.com/100057335174945/posts/1029321325655697/?app=fbl
437924385477912,Nothing to follow here today it's 1st of October bamakaka imwe,2026-05-04T14:01:35.262230+00:00,,https://www.facebook.com/100057335174945/posts/1029321325655697/?app=fbl
838013541725501,Imwe tinvela ati October vichinja futi mwayamba Ku poster ma solar ndiye chani mwanje,2026-05-04T14:01:35.262232+00:00,,https://www.facebook.com/100057335174945/posts/1029321325655697/?app=fbl
887207466696116,Agreement ati bwanji? Should we buy relish??,2026-05-04T14:01:35.262234+00:00,,https://www.facebook.com/100057335174945/posts/1029321325655697/?app=fbl
499284339694859,Give us updates on power today it's 1st October kutumpa uku,2026-05-04T14:01:35.262237+00:00,,https://www.facebook.com/100057335174945/posts/1029321325655697/?app=fbl
1045319783999017,All we want is your announcement ati power has stopped going,2026-05-04T14:01:35.262239+00:00,,https://www.facebook.com/100057335174945/posts/1029321325655697/?app=fbl
901202714847821,Ba zesco have you forget that today is the first week of October,2026-05-04T14:01:35.262241+00:00,,https://www.facebook.com/100057335174945/posts/1029321325655697/?app=fbl
1060427922191525,"Zesco Limited People are not interested to hear about net metering but about power stability which you promised and laboured to explain, today is 1st October we are still in black outs. You need to be consistent with your statements",2026-05-04T14:01:35.262243+00:00,,https://www.facebook.com/100057335174945/posts/1029321325655697/?app=fbl
1212320566709406,We are waiting for a press briefing katwishi maybe ni update 🤔 lelo niseputemba 1nu,2026-05-04T14:01:35.262246+00:00,,https://www.facebook.com/100057335174945/posts/1029321325655697/?app=fbl
1943142506191343,"We were told that 01 October 2024 power will come in it's normal function
Tell us what you and the minister of energy meant? 
Otherwise uko kutwangasha",2026-05-04T14:01:35.262248+00:00,,https://www.facebook.com/100057335174945/posts/1029321325655697/?app=fbl
1044035077453110,We are tired of your stories and you irritate us with this kind of post...I thought today it's 1st October???,2026-05-04T14:01:35.262250+00:00,,https://www.facebook.com/100057335174945/posts/1029321325655697/?app=fbl
428711543157509,"1st October  1st October  not ivo Vama 1,2,3 make sure you do what you promised Ba zesco",2026-05-04T14:01:35.262253+00:00,,https://www.facebook.com/100057335174945/posts/1029321325655697/?app=fbl
1190504552175436,Today is 1 October give us reasonable updates,2026-05-04T14:01:35.262255+00:00,,https://www.facebook.com/100057335174945/posts/1029321325655697/?app=fbl
522437007099349,No electricity in Chelstone Extension for 3 days now. Yet people in our group have been receiving.,2026-05-04T14:01:35.262257+00:00,,https://www.facebook.com/100057335174945/posts/1029321325655697/?app=fbl
2955989011226579,It's 1st October yaliko malaiti kwanu guys 🤣😭,2026-05-04T14:01:35.262259+00:00,,https://www.facebook.com/100057335174945/posts/1029321325655697/?app=fbl
551518730868936,Nga ifi lelo nipa one imwe,2026-05-04T14:01:35.262262+00:00,,https://www.facebook.com/100057335174945/posts/1029321325655697/?app=fbl
428268609869139,Ba Zesco we are asking for power ku kamwala south we drink some cold water 💀,2026-05-04T14:01:35.262264+00:00,,https://www.facebook.com/100057335174945/posts/1029321325655697/?app=fbl
531528582802053,We don't need to know about net metering coz today LOAD SHEDDING will be the thing of the past. Thank you 😊🙏 Zesco Limited,2026-05-04T14:01:35.262266+00:00,,https://www.facebook.com/100057335174945/posts/1029321325655697/?app=fbl
1789346824805825,Just give us money for the excess power we supply. Akaso imwe sure😕,2026-05-04T14:01:35.262269+00:00,,https://www.facebook.com/100057335174945/posts/1029321325655697/?app=fbl
433286195995598,"No power since yesterday, elo Nishi it's 1st October 😂😂😂😂😭😭😭 kuti walila",2026-05-04T14:01:35.262273+00:00,,https://www.facebook.com/100057335174945/posts/1029321325655697/?app=fbl
424091323650696,Not ify lelo ni pa 1 October you just misleading the nation ..,2026-05-04T14:01:35.262275+00:00,,https://www.facebook.com/100057335174945/posts/1029321325655697/?app=fbl
932327372058526,Which Net Metering?. Vaupuba just restore power atase,2026-05-04T14:01:35.262277+00:00,,https://www.facebook.com/100057335174945/posts/1029321325655697/?app=fbl
904776834841201,So we are still in September aini🙄🙄,2026-05-04T14:01:35.262280+00:00,,https://www.facebook.com/100057335174945/posts/1029321325655697/?app=fbl
1072248834287133,Imwe lelo nipa wanu...where is power...,2026-05-04T14:01:35.262282+00:00,,https://www.facebook.com/100057335174945/posts/1029321325655697/?app=fbl
516808784438740,"01/10/24.

How come Mindolo Police Camp (Kitwe) has power 24/7?",2026-05-04T14:01:35.262284+00:00,,https://www.facebook.com/100057335174945/posts/1029321325655697/?app=fbl
1066248175115849,So we all believed the lies about power coming on the 1st of October. Zesco and the Politicians were both lying and they continued lying. Just avoid buying first month units we see,2026-05-04T14:01:35.262287+00:00,,https://www.facebook.com/100057335174945/posts/1029321325655697/?app=fbl
2164323483968986,Today is 1 October still of stability you promised here at ck Mable's village,2026-05-04T14:01:35.262290+00:00,,https://www.facebook.com/100057335174945/posts/1029321325655697/?app=fbl
558304969953346,Net metering can't never better I leave everything on Kaili yandi solar with the free sunlight,2026-05-04T14:01:35.262294+00:00,,https://www.facebook.com/100057335174945/posts/1029321325655697/?app=fbl
2729295837245226,You talking about signing up iwe us we want power not Ivo,2026-05-04T14:01:35.262296+00:00,,https://www.facebook.com/100057335174945/posts/1029321325655697/?app=fbl
1253617688994665,Honorable nipa first October lelo mwachita shani,2026-05-04T14:01:35.262299+00:00,,https://www.facebook.com/100057335174945/posts/1029321325655697/?app=fbl
583637210656528,Alo ma workers ba bashi promise lelo nipa 1 weh,2026-05-04T14:01:35.262301+00:00,,https://www.facebook.com/100057335174945/posts/1029321325655697/?app=fbl
531724349507465,"Should we come to your office with calendars, today is 1",2026-05-04T14:01:35.262303+00:00,,https://www.facebook.com/100057335174945/posts/1029321325655697/?app=fbl
944683267676775,Tell us something we want to hear not these noses,2026-05-04T14:01:35.262306+00:00,,https://www.facebook.com/100057335174945/posts/1029321325655697/?app=fbl
1573916223485199,"We don't want ma metering yanu ayo 
Lelo nipa wanu ala",2026-05-04T14:01:35.262308+00:00,,https://www.facebook.com/100057335174945/posts/1029321325655697/?app=fbl
1483851318962910,"1 October where are getting water to make Kariba dam full,",2026-05-04T14:01:35.262310+00:00,,https://www.facebook.com/100057335174945/posts/1029321325655697/?app=fbl
504731289021709,Today it's 1st October or but maybe they are still sleeping 😊,2026-05-04T14:01:35.262312+00:00,,https://www.facebook.com/100057335174945/posts/1029321325655697/?app=fbl
1246723476333540,"Zesco Limited today is 1 October, but they is no power in my area since yesterday",2026-05-04T14:01:35.262315+00:00,,https://www.facebook.com/100057335174945/posts/1029321325655697/?app=fbl
504392969145135,"Today is 1st October, we are counting the hours, tag the minister.",2026-05-04T14:01:35.262317+00:00,,https://www.facebook.com/100057335174945/posts/1029321325655697/?app=fbl
1452000772140115,Ba zesco said 1st October but they didn't specify the year 🤫lol so tekanyeni,2026-05-04T14:01:35.262319+00:00,,https://www.facebook.com/100057335174945/posts/1029321325655697/?app=fbl
403212272830364,Lelo it’s October we are waiting for you not this rubbish,2026-05-04T14:01:35.262322+00:00,,https://www.facebook.com/100057335174945/posts/1029321325655697/?app=fbl
1048478440104816,"It's been a month now of power coming at midnight in mitec solwezi,aren't we rotating so we can also have power during the day?",2026-05-04T14:01:35.262324+00:00,,https://www.facebook.com/100057335174945/posts/1029321325655697/?app=fbl
1453290252004950,Awe lelo ni pa 1🤧 just do as you promised,2026-05-04T14:01:35.262326+00:00,,https://www.facebook.com/100057335174945/posts/1029321325655697/?app=fbl
9106502839378476,"Is this the stability you promised us?,i knew it.",2026-05-04T14:01:35.262330+00:00,,https://www.facebook.com/100057335174945/posts/1029321325655697/?app=fbl
523673053604838,"Tali lelo nipa one.
This is not the update we want 😒....",2026-05-04T14:01:35.262332+00:00,,https://www.facebook.com/100057335174945/posts/1029321325655697/?app=fbl
1251003042919019,I have power 24/7 and need to sell extra to the grid,2026-05-04T14:01:35.262334+00:00,,https://www.facebook.com/100057335174945/posts/1029321325655697/?app=fbl
3907429466155481,Nipa 1 lelo weh,2026-05-04T14:01:35.262336+00:00,,https://www.facebook.com/100057335174945/posts/1029321325655697/?app=fbl
847368884258959,U thought 1st October is far,2026-05-04T14:01:35.262339+00:00,,https://www.facebook.com/100057335174945/posts/1029321325655697/?app=fbl
1214282973156766,Zesco.......... just apply for CDF,2026-05-04T14:01:35.262341+00:00,,https://www.facebook.com/100057335174945/posts/1029321325655697/?app=fbl
1469553703616764,Imwe na bashi promise same Whatsapp group 😔😔😔,2026-05-04T14:01:35.262343+00:00,,https://www.facebook.com/100057335174945/posts/1029321325655697/?app=fbl
2722259621287522,I want to hear the feedback ba Zesco Limitedd today it first October not net meeting,2026-05-04T14:01:35.262346+00:00,,https://www.facebook.com/100057335174945/posts/1029321325655697/?app=fbl
1067016445144046,Will this company ever be reliable?🤦,2026-05-04T14:01:35.262348+00:00,,https://www.facebook.com/100057335174945/posts/1029321325655697/?app=fbl
3812597232319896,Ar u telling pipo wat to.do or u don't have solution u ar all confused as a nation kumo nabakateka this loadsheding mmm,2026-05-04T14:01:35.262350+00:00,,https://www.facebook.com/100057335174945/posts/1029321325655697/?app=fbl
1064695111311518,Lelo nipa wanu okutoba. Shani that ka thing you promised,2026-05-04T14:01:35.262353+00:00,,https://www.facebook.com/100057335174945/posts/1029321325655697/?app=fbl
555968896785221,Chilishani kanshi tepa wanu lelo😏,2026-05-04T14:01:35.262355+00:00,,https://www.facebook.com/100057335174945/posts/1029321325655697/?app=fbl
3786187644928676,From yesterday 05hrs until now we don't have power,2026-05-04T14:01:35.262357+00:00,,https://www.facebook.com/100057335174945/posts/1029321325655697/?app=fbl
877475911019261,One October... Ati bwanji ba Zesco Ka promise,2026-05-04T14:01:35.262359+00:00,,https://www.facebook.com/100057335174945/posts/1029321325655697/?app=fbl
519800004002125,You need to update your calender .. today is 1st October,2026-05-04T14:01:35.262362+00:00,,https://www.facebook.com/100057335174945/posts/1029321325655697/?app=fbl
379837271849114,"Give these incompetent power service provider at your own risk, they don't have stable power and think of what will happen when you offload your power into their grid. 

Just saying. . .",2026-05-04T14:01:35.262364+00:00,,https://www.facebook.com/100057335174945/posts/1029321325655697/?app=fbl
1513984719324060,It’s 1 October what’s your plan?,2026-05-04T14:01:35.262368+00:00,,https://www.facebook.com/100057335174945/posts/1029321325655697/?app=fbl
538309055404165,We are waiting for Another Lie cause today it's 1 October emwe ba fika............,2026-05-04T14:01:35.262370+00:00,,https://www.facebook.com/100057335174945/posts/1029321325655697/?app=fbl
2518494965028155,"We are waiting for stable power 🔋, lelo nipa 1",2026-05-04T14:01:35.262372+00:00,,https://www.facebook.com/100057335174945/posts/1029321325655697/?app=fbl
564369692691968,Icemeni and do the needful...,2026-05-04T14:01:35.262375+00:00,,https://www.facebook.com/100057335174945/posts/1029321325655697/?app=fbl
503200179151387,Zambians don't forget nipa one lelo just do the needful,2026-05-04T14:01:35.262377+00:00,,https://www.facebook.com/100057335174945/posts/1029321325655697/?app=fbl
1528680551089815,Imwe give us the time table no one will come through pali ivo.,2026-05-04T14:01:35.262379+00:00,,https://www.facebook.com/100057335174945/posts/1029321325655697/?app=fbl
859834229600014,Definition of a toxic relationship 🤣🙌🏽🔥,2026-05-04T14:01:35.262382+00:00,,https://www.facebook.com/100057335174945/posts/1029321325655697/?app=fbl
1503361923689260,Thank you will net fimo fimo later for now You promised BENE...,2026-05-04T14:01:35.262384+00:00,,https://www.facebook.com/100057335174945/posts/1029321325655697/?app=fbl
1163113941452762,lol am not trading my excess to anyone  better fye I leave all my appliances on 😎😎🤣😂,2026-05-04T14:01:35.262386+00:00,,https://www.facebook.com/100057335174945/posts/1029321325655697/?app=fbl
1069480061446724,No power kuno it's been 3 days chipata maplot,2026-05-04T14:01:35.262389+00:00,,https://www.facebook.com/100057335174945/posts/1029321325655697/?app=fbl
8564364463676203,"Wiyu said pa 1st October, loadshedding will stabilize but it’s worse 
Power restored kuma midnight 01 gone 
03 back 04 gone gone gone awe mwandi",2026-05-04T14:01:35.262391+00:00,,https://www.facebook.com/100057335174945/posts/1029321325655697/?app=fbl
1743981886415173,Lelo nipa 1 October ba zesco,2026-05-04T14:01:35.262395+00:00,,https://www.facebook.com/100057335174945/posts/1029321325655697/?app=fbl
3825460564449235,so people took it seriously about first October 🤣🤣 benzo sekako chabe 🤣🤣,2026-05-04T14:01:35.262397+00:00,,https://www.facebook.com/100057335174945/posts/1029321325655697/?app=fbl
312523601952340,Ati Shani ka update 🙄🙄🙄🙄 today it's 1st October,2026-05-04T14:01:35.262400+00:00,,https://www.facebook.com/100057335174945/posts/1029321325655697/?app=fbl
541130431730854,Zesco you talk too much... people need action today is first October...,2026-05-04T14:01:35.262402+00:00,,https://www.facebook.com/100057335174945/posts/1029321325655697/?app=fbl
1246520773349267,Zesco doesn't have conscious... And once a human being loses conscious you are finished,2026-05-04T14:01:35.262404+00:00,,https://www.facebook.com/100057335174945/posts/1029321325655697/?app=fbl
609610001875505,We don’t have power two days now chili bwanji,2026-05-04T14:01:35.262407+00:00,,https://www.facebook.com/100057335174945/posts/1029321325655697/?app=fbl
557238280211906,"Patiently waiting, kaili lelo nipa is 1 October",2026-05-04T14:01:35.262409+00:00,,https://www.facebook.com/100057335174945/posts/1029321325655697/?app=fbl
422427644204786,Maybe they meant 1st October 2025 🤔🤔,2026-05-04T14:01:35.262411+00:00,,https://www.facebook.com/100057335174945/posts/1029321325655697/?app=fbl
551414327397588,Today is 1 October you lied te,2026-05-04T14:01:35.262414+00:00,,https://www.facebook.com/100057335174945/posts/1029321325655697/?app=fbl
898460641614147,Ni pa 1october lelo we want to see change not ivo,2026-05-04T14:01:35.262416+00:00,,https://www.facebook.com/100057335174945/posts/1029321325655697/?app=fbl
1616014412679372,Bushe ukuba stable efinshi?? Elo stability ikengila mufumu bwaka Lesa???,2026-05-04T14:01:35.262418+00:00,,https://www.facebook.com/100057335174945/posts/1029321325655697/?app=fbl
1281782283189242,Shame on you who have posted this coz you don't feel for your people,2026-05-04T14:01:35.262420+00:00,,https://www.facebook.com/100057335174945/posts/1029321325655697/?app=fbl
1996734767427902,Stop playing with us naimwe lelo nipa1 October and those tuma silly steps keep it for your self nabambi nabambi,2026-05-04T14:01:35.262423+00:00,,https://www.facebook.com/100057335174945/posts/1029321325655697/?app=fbl
1231419171518161,Ba Zesco  incse u've forgotten lelo nipa one tipaseni malaiti pulizi😏,2026-05-04T14:01:35.262425+00:00,,https://www.facebook.com/100057335174945/posts/1029321325655697/?app=fbl
502609179262350,One day I'll do at the moment I don't have capacity to do that,2026-05-04T14:01:35.262427+00:00,,https://www.facebook.com/100057335174945/posts/1029321325655697/?app=fbl
1595205558092251,"Zesco Limited chipata overspil along chipata road , lines have been separated with those who are on the national housing side, then us who have been left on the other side ,power doesn't come , we only see power  on the other side. Us nothing",2026-05-04T14:01:35.262430+00:00,,https://www.facebook.com/100057335174945/posts/1029321325655697/?app=fbl
881221193942363,Kabiyeni uko mweee...we are a tired people😞😞,2026-05-04T14:01:35.262432+00:00,,https://www.facebook.com/100057335174945/posts/1029321325655697/?app=fbl
1248234216619932,Give us power nipa wanu lelo,2026-05-04T14:01:35.262434+00:00,,https://www.facebook.com/100057335174945/posts/1029321325655697/?app=fbl
2866434620199461,"Thank you ba zesco, slept with electricity and woke up with electricity. I even ironed my boxer today and I did not use Black Label to brush my teeth.",2026-05-04T14:01:35.262437+00:00,,https://www.facebook.com/100057335174945/posts/1029321325655697/?app=fbl
545311258019066,Imwe teh pa 1 October lelo ???,2026-05-04T14:01:35.262439+00:00,,https://www.facebook.com/100057335174945/posts/1029321325655697/?app=fbl
562146562944498,ZESCO stop fooling us today is 1st October,2026-05-04T14:01:35.262441+00:00,,https://www.facebook.com/100057335174945/posts/1029321325655697/?app=fbl
2163186534066582,Bushe ni October yalelo nangula tuli nokulolela naimb?,2026-05-04T14:01:35.262446+00:00,,https://www.facebook.com/100057335174945/posts/1029321325655697/?app=fbl
1491689211709555,"Today is the 1st, not this useless post",2026-05-04T14:01:35.262449+00:00,,https://www.facebook.com/100057335174945/posts/1029321325655697/?app=fbl
842823977934327,But mumatisobelesa bafikala zoona ai,2026-05-04T14:01:35.262451+00:00,,https://www.facebook.com/100057335174945/posts/1029321325655697/?app=fbl
1082611520097179,"Today marks exactly 2 weeks ,go and do a press briefing.",2026-05-04T14:01:35.262453+00:00,,https://www.facebook.com/100057335174945/posts/1029321325655697/?app=fbl
517019694618676,It's 1 October and loadshedding is worse.,2026-05-04T14:01:35.262455+00:00,,https://www.facebook.com/100057335174945/posts/1029321325655697/?app=fbl
8870257303008232,Alo it's already more than 5 hours of no power today is 1st October,2026-05-04T14:01:35.262458+00:00,,https://www.facebook.com/100057335174945/posts/1029321325655697/?app=fbl
509595481969680,It’s first week of October. We have no power 😅,2026-05-04T14:01:35.262460+00:00,,https://www.facebook.com/100057335174945/posts/1029321325655697/?app=fbl
1171229410649895,Today is 1st October just incase  namulaba.,2026-05-04T14:01:35.262462+00:00,,https://www.facebook.com/100057335174945/posts/1029321325655697/?app=fbl
1519424676126182,"In my neighborhood power come around 01hours hoping that there is a bit of stability now, like they had promised, shockingly after  at 02:30hours ya pwimo 😂🤣😡😭😡",2026-05-04T14:01:35.262465+00:00,,https://www.facebook.com/100057335174945/posts/1029321325655697/?app=fbl
459736713082726,But the consumer is already generating Energy,2026-05-04T14:01:35.262467+00:00,,https://www.facebook.com/100057335174945/posts/1029321325655697/?app=fbl
1060003232145889,Zesco Limited how do one get that system and is it free installation,2026-05-04T14:01:35.262469+00:00,,https://www.facebook.com/100057335174945/posts/1029321325655697/?app=fbl
3817289971932417,"Zesco Limited kindly tell us what is going on, today it's 1 October, and I remember you said things will get better,🤔🤔🤔 ehhhhhh give us update please",2026-05-04T14:01:35.262472+00:00,,https://www.facebook.com/100057335174945/posts/1029321325655697/?app=fbl
1787411975126833,We don't have power since last month here,2026-05-04T14:01:35.262474+00:00,,https://www.facebook.com/100057335174945/posts/1029321325655697/?app=fbl
520533447253136,"Tafikwete nchito ifyo,  just give us what you promised us. Stop provoking us.",2026-05-04T14:01:35.262476+00:00,,https://www.facebook.com/100057335174945/posts/1029321325655697/?app=fbl
1508207213391561,Lelo nipa one  ba zesco kwateni order ka update,2026-05-04T14:01:35.262479+00:00,,https://www.facebook.com/100057335174945/posts/1029321325655697/?app=fbl
1800675874007908,😂😂😂 aaaah ok muli na courage imwe  aii,2026-05-04T14:01:35.262481+00:00,,https://www.facebook.com/100057335174945/posts/1029321325655697/?app=fbl
550563374101318,It's 1st today stop showing us no sense and get on with it,2026-05-04T14:01:35.262485+00:00,,https://www.facebook.com/100057335174945/posts/1029321325655697/?app=fbl
8692384657478567,"If I installed a system that would give me excess power, I would even disconnect from your grid.",2026-05-04T14:01:35.262487+00:00,,https://www.facebook.com/100057335174945/posts/1029321325655697/?app=fbl
886948149657384,Just admit that you have field.... 😎,2026-05-04T14:01:35.262489+00:00,,https://www.facebook.com/100057335174945/posts/1029321325655697/?app=fbl
460121943730295,"It's been 3 days now no power in my area,,,",2026-05-04T14:01:35.262492+00:00,,https://www.facebook.com/100057335174945/posts/1029321325655697/?app=fbl
2197084240647204,People are not being honest here. 😏,2026-05-04T14:01:35.262494+00:00,,https://www.facebook.com/100057335174945/posts/1029321325655697/?app=fbl
1929059257593982,Tulelola update nipa 1 October lelo,2026-05-04T14:01:35.262496+00:00,,https://www.facebook.com/100057335174945/posts/1029321325655697/?app=fbl
1066598031064027,Lelo ni pa 1 Ati bwanji nkana yamaliti a promise is a promise… kwatu no power lelo ni day 3..,2026-05-04T14:01:35.262499+00:00,,https://www.facebook.com/100057335174945/posts/1029321325655697/?app=fbl
412751625181361,"Today is 1st October
We're waiting on your promise
Which already seems to be only a promise unfulfilled because tubukile no amalaiti",2026-05-04T14:01:35.262501+00:00,,https://www.facebook.com/100057335174945/posts/1029321325655697/?app=fbl
417441801371727,"Ba zesco you said pa 1 October they will be no loadsheding , ata vaupuba",2026-05-04T14:01:35.262503+00:00,,https://www.facebook.com/100057335174945/posts/1029321325655697/?app=fbl
1079063196891487,1st October ka feedback bwangu bwangu,2026-05-04T14:01:35.262505+00:00,,https://www.facebook.com/100057335174945/posts/1029321325655697/?app=fbl
