comment_id,text,timestamp,author_name,source_url
1045021707103658,"So where has the 400 Magawattes gone? The truth is Zesco and the government are not willing to be giving power to residential customers, we are grown up people to understand they motive.
We are in the hands of pure Capitalists no hearts for citizens, 
I'm so disappointed on this issue and there was no need to have that press briefing where people were made to clap without knowing what they were clapping for...... 
Boma we are your people and have mercy on us, some of us we can't afford those solars for K34,000, if anything 70 percent of Zambians cannot afford reasonable solars , even those ma Sun king solar people are struggling to buy them.....",2026-05-04T13:56:54.826118+00:00,,https://www.facebook.com/100057335174945/posts/1030474368873726/?app=fbl
518066994189067,People need electricity ⚡️ in day not sleeping time you can make time table where by you give us electricity from 7 to 23 then you turn off what’s difficult is that sure how can you bring electricity around 24 when people are sleeping that’s be crazy if l was a president l would have failed all Zesco minister this is too much,2026-05-04T13:56:54.826147+00:00,,https://www.facebook.com/100057335174945/posts/1030474368873726/?app=fbl
380111615196118,This right here is a circus act,2026-05-04T13:56:54.826153+00:00,,https://www.facebook.com/100057335174945/posts/1030474368873726/?app=fbl
1935125996964359,"I don't know who needs to hear this, but 

Isaiah 60:22 
says, ""when time is right I the Lord will make it happen"".

Ecclesiastes 3 vs 11 says He makes everything beautiful in its time. 
So my encouragement today is 'don't give up'. God is mindful of you. He will also make you prosper. God knows you're tired. He knows you’re frustrated. Pray and wait. Trust His timing. He won’t let you down.
Please Bless my day with a follow, I will be glad to be followed by you🤲🏽. 
It could mean alot. Thank you 🤍",2026-05-04T13:56:54.826158+00:00,,https://www.facebook.com/100057335174945/posts/1030474368873726/?app=fbl
862608649273728,"Why are we still on 3hours ai😡😡😡
Imwe simuna kambe ati effective October vizachinja vintu🙄",2026-05-04T13:56:54.826163+00:00,,https://www.facebook.com/100057335174945/posts/1030474368873726/?app=fbl
1056556399810818,"Zesco Limited Also re-share the schedule which shows which area is in which group. You honestly don't expect us to memorize something that didn't work. With the Maamba collieries back on the grid and power imports being made, it would have made sense if we had at least upto 6 hours of power per day. Even if the 6 hours is rationed in 2 x 3 hours per day.",2026-05-04T13:56:54.826167+00:00,,https://www.facebook.com/100057335174945/posts/1030474368873726/?app=fbl
1479688996132867,Nothing has changed. It's all drama everytime!,2026-05-04T13:56:54.826172+00:00,,https://www.facebook.com/100057335174945/posts/1030474368873726/?app=fbl
1462887677749584,At least we had power from 10 -14hrs and my battery was full for the first time in many months lol,2026-05-04T13:56:54.826176+00:00,,https://www.facebook.com/100057335174945/posts/1030474368873726/?app=fbl
823574169989210,These guys promised 17 hours of load shedding in September and they failed to deliver and we thought they would give even 6 hours of power to residential areas in October they have failed the short term plan for zesco now is to wait for the rains ☔let's just pray the rains start early and they should last long and they should be heavy,2026-05-04T13:56:54.826180+00:00,,https://www.facebook.com/100057335174945/posts/1030474368873726/?app=fbl
502478876083855,"The only power we have in Zambia is the ""POWER OF GOD"" any other powers are fake",2026-05-04T13:56:54.826184+00:00,,https://www.facebook.com/100057335174945/posts/1030474368873726/?app=fbl
1045021707103658,Siven Rowland Bwembya iyeee ulupato ububi,2026-05-04T13:56:54.826188+00:00,,https://www.facebook.com/100057335174945/posts/1030474368873726/?app=fbl
1045021707103658,"Siven Rowland Bwembya totally agree
They are punishing the defenceless citizens while shacking up to rich kids who can afford solar and other industries who can import of make alternative power solutions",2026-05-04T13:56:54.826193+00:00,,https://www.facebook.com/100057335174945/posts/1030474368873726/?app=fbl
1045021707103658,Andrew Mwansa hahaha 🤣 you are insulting?,2026-05-04T13:56:54.826197+00:00,,https://www.facebook.com/100057335174945/posts/1030474368873726/?app=fbl
1045021707103658,Andrew Mwansa you don't even know what an insult is sir. I have forgiven you,2026-05-04T13:56:54.826201+00:00,,https://www.facebook.com/100057335174945/posts/1030474368873726/?app=fbl
1045021707103658,Siven Rowland Bwembya  upnd for you 😂,2026-05-04T13:56:54.826205+00:00,,https://www.facebook.com/100057335174945/posts/1030474368873726/?app=fbl
1045021707103658,Andrew Mwansa even if it's an insult I support you bro!,2026-05-04T13:56:54.826212+00:00,,https://www.facebook.com/100057335174945/posts/1030474368873726/?app=fbl
1045021707103658,Mendral Chitongo Arsenal Aaah you're stupid my love💜🤣,2026-05-04T13:56:54.826220+00:00,,https://www.facebook.com/100057335174945/posts/1030474368873726/?app=fbl
1045021707103658,Maxwell Chongu,2026-05-04T13:56:54.826226+00:00,,https://www.facebook.com/100057335174945/posts/1030474368873726/?app=fbl
1045021707103658,"Mendral Chitongo Arsenal  Thats a plan comment without ulupato as you said, We expect more and better from our government because we are the government.. Think of those who has businesses which depends on electricity, welders, saloons, fresh products, car wash and others...",2026-05-04T13:56:54.826233+00:00,,https://www.facebook.com/100057335174945/posts/1030474368873726/?app=fbl
1045021707103658,Andrew Mwansa ok you are an idiot,2026-05-04T13:56:54.826241+00:00,,https://www.facebook.com/100057335174945/posts/1030474368873726/?app=fbl
502478876083855,Moses Miracle Snr where is it?,2026-05-04T13:56:54.826246+00:00,,https://www.facebook.com/100057335174945/posts/1030474368873726/?app=fbl
502478876083855,"Vasilis Marosoulis

all things are possible to those who believe. 
     Have you even felt the POWER OF GOD ?",2026-05-04T13:56:54.826251+00:00,,https://www.facebook.com/100057335174945/posts/1030474368873726/?app=fbl
502478876083855,"Moses Miracle Snr ..just look around u in the world where all ppl r suffering from wars,hunger,drought,innocent KIDS DIE of hunger,diseases and so many other reasons and when u see this power,let me know..have a good night..I wont continue a conversation with no end..thank you",2026-05-04T13:56:54.826255+00:00,,https://www.facebook.com/100057335174945/posts/1030474368873726/?app=fbl
502478876083855,"Vasilis Marosoulis

      The problem is that you only focus on the situations and not what God has done. anyway may you see God in your life",2026-05-04T13:56:54.826259+00:00,,https://www.facebook.com/100057335174945/posts/1030474368873726/?app=fbl
502478876083855,Moses Miracle Snr whatever..,2026-05-04T13:56:54.826264+00:00,,https://www.facebook.com/100057335174945/posts/1030474368873726/?app=fbl
380111615196118,That Ranting Guy you forgot to say classic 😆😆,2026-05-04T13:56:54.826275+00:00,,https://www.facebook.com/100057335174945/posts/1030474368873726/?app=fbl
380111615196118,That Ranting Guy people should resign on moral grounds,2026-05-04T13:56:54.826278+00:00,,https://www.facebook.com/100057335174945/posts/1030474368873726/?app=fbl
380111615196118,That Ranting Guy it's lies after lies 🤧🤧 sometimes it's better to keep quiet 🤐 than busy make some false hopes,2026-05-04T13:56:54.826281+00:00,,https://www.facebook.com/100057335174945/posts/1030474368873726/?app=fbl
823574169989210,"JoHn Mapoma Jr. Even if it rains heavily, Zesco Limited will still make excuses  for not supplying, just wait and see.",2026-05-04T13:56:54.826286+00:00,,https://www.facebook.com/100057335174945/posts/1030474368873726/?app=fbl
823574169989210,"Kethan B of course,  they will sell everything. If it rains heavy this year, great, more to sell!",2026-05-04T13:56:54.826289+00:00,,https://www.facebook.com/100057335174945/posts/1030474368873726/?app=fbl
823574169989210,"Katerina Altop is it true that they have been selling to other countries? Seems like alot of people are sayong the same. If they are, i really have no words to express my disappointment",2026-05-04T13:56:54.826292+00:00,,https://www.facebook.com/100057335174945/posts/1030474368873726/?app=fbl
823574169989210,"JoHn Mapoma Jr. The whole senior management must resign, they have failed the institution.",2026-05-04T13:56:54.826295+00:00,,https://www.facebook.com/100057335174945/posts/1030474368873726/?app=fbl
862608649273728,Maclean Sandra Phiri ask them,2026-05-04T13:56:54.826298+00:00,,https://www.facebook.com/100057335174945/posts/1030474368873726/?app=fbl
862608649273728,Maclean Sandra Phiri good question,2026-05-04T13:56:54.826301+00:00,,https://www.facebook.com/100057335174945/posts/1030474368873726/?app=fbl
862608649273728,Maclean Sandra Phiri They didn't say which year😂😂😂😂 zesco kuwayawaya fye,2026-05-04T13:56:54.826304+00:00,,https://www.facebook.com/100057335174945/posts/1030474368873726/?app=fbl
862608649273728,Maclean Sandra Phiri ndiye change yamene iyi 😂😂😂😂😂,2026-05-04T13:56:54.826307+00:00,,https://www.facebook.com/100057335174945/posts/1030474368873726/?app=fbl
862608649273728,Maclean Sandra Phiri they meant sm of us will not see power frm 03hrs to 00:00,2026-05-04T13:56:54.826309+00:00,,https://www.facebook.com/100057335174945/posts/1030474368873726/?app=fbl
862608649273728,Maclean Sandra Phiri My question too.Why give wrong information?,2026-05-04T13:56:54.826312+00:00,,https://www.facebook.com/100057335174945/posts/1030474368873726/?app=fbl
1462887677749584,ACTIVIST-HON MUNSANJE Bally is fixing badaala,2026-05-04T13:56:54.826315+00:00,,https://www.facebook.com/100057335174945/posts/1030474368873726/?app=fbl
1462887677749584,ACTIVIST-HON MUNSANJE 🤣,2026-05-04T13:56:54.826318+00:00,,https://www.facebook.com/100057335174945/posts/1030474368873726/?app=fbl
1462887677749584,ACTIVIST-HON MUNSANJE kkkkkk 🤣,2026-05-04T13:56:54.826320+00:00,,https://www.facebook.com/100057335174945/posts/1030474368873726/?app=fbl
1462887677749584,"Matimba Kanenga iwe, waala fifite kwangu... You have my number suntwe yebo",2026-05-04T13:56:54.826323+00:00,,https://www.facebook.com/100057335174945/posts/1030474368873726/?app=fbl
1056556399810818,O'Neil Mweemba- Hospitality Redefined as a nation we need to improve we can not  be daunted by the same problem for decades and are still unable to come up with  tangle solutions that are sustainable. It's clear there's lack of consideration at zesco and leadership,2026-05-04T13:56:54.826326+00:00,,https://www.facebook.com/100057335174945/posts/1030474368873726/?app=fbl
1056556399810818,Adrian Mutentha So true. We need robust leadership abilities in this crisis.,2026-05-04T13:56:54.826329+00:00,,https://www.facebook.com/100057335174945/posts/1030474368873726/?app=fbl
1056556399810818,Bilha Wairimu great opportunity. Will look it up,2026-05-04T13:56:54.826331+00:00,,https://www.facebook.com/100057335174945/posts/1030474368873726/?app=fbl
1056556399810818,Bilha Wairimu what prompted that madam,2026-05-04T13:56:54.826335+00:00,,https://www.facebook.com/100057335174945/posts/1030474368873726/?app=fbl
1056556399810818,O'Neil Mweemba- Hospitality Redefined exactly what we were expecting when they announced stability,2026-05-04T13:56:54.826339+00:00,,https://www.facebook.com/100057335174945/posts/1030474368873726/?app=fbl
1056556399810818,O'Neil Mweemba- Hospitality Redefined Dial *3600#. It will show you the group and the area,2026-05-04T13:56:54.826342+00:00,,https://www.facebook.com/100057335174945/posts/1030474368873726/?app=fbl
1479688996132867,Jackson Kay Kalonda imagine,2026-05-04T13:56:54.826347+00:00,,https://www.facebook.com/100057335174945/posts/1030474368873726/?app=fbl
1479688996132867,Jackson Kay Kalonda exactly,2026-05-04T13:56:54.826352+00:00,,https://www.facebook.com/100057335174945/posts/1030474368873726/?app=fbl
518066994189067,Mu Zo exactly! They give you power at these ridiculous hours because they know that people are asleep and not using it. It's like mocking people by giving them something that they cannot use.,2026-05-04T13:56:54.826357+00:00,,https://www.facebook.com/100057335174945/posts/1030474368873726/?app=fbl
518066994189067,They wont see heaven.,2026-05-04T13:56:54.826363+00:00,,https://www.facebook.com/100057335174945/posts/1030474368873726/?app=fbl
518066994189067,"Mu Zo you are right, I think the president has failed on this, what's the point of giving power when people are sleeping? Group E is the most abused group. So meaning salons, barbershops and other small businesses which fall in group E will be doing their business after midnight? Kuti walila mwe",2026-05-04T13:56:54.826367+00:00,,https://www.facebook.com/100057335174945/posts/1030474368873726/?app=fbl
518066994189067,Mu Zo he is part of them. He hired them. They represent his will,2026-05-04T13:56:54.826372+00:00,,https://www.facebook.com/100057335174945/posts/1030474368873726/?app=fbl
518066994189067,Mu Zo this is what he also use to say 🤔🤔🤔🤔🤔🤔,2026-05-04T13:56:54.826378+00:00,,https://www.facebook.com/100057335174945/posts/1030474368873726/?app=fbl
518066994189067,Katerina Altop exactly 😡😫,2026-05-04T13:56:54.826381+00:00,,https://www.facebook.com/100057335174945/posts/1030474368873726/?app=fbl
518066994189067,I don't even know  if these people have passed to school coz they can't bring power Around 24 hrs when people have sleep and the power is not staying within 2 hrs,2026-05-04T13:56:54.826384+00:00,,https://www.facebook.com/100057335174945/posts/1030474368873726/?app=fbl
518066994189067,Imagine there on timetable it's showing up 24 but the power is coming around 01:30 to 02:30,2026-05-04T13:56:54.826388+00:00,,https://www.facebook.com/100057335174945/posts/1030474368873726/?app=fbl
518066994189067,Mu Zo  imagine,2026-05-04T13:56:54.826390+00:00,,https://www.facebook.com/100057335174945/posts/1030474368873726/?app=fbl
518066994189067,This government is a scam they say 3 but it's 2 same same naba impiya sha balanda,2026-05-04T13:56:54.826395+00:00,,https://www.facebook.com/100057335174945/posts/1030474368873726/?app=fbl
1045021707103658,Siven Rowland Bwembya The minister was even laughing and asking us to clap for them kwati fya mano,2026-05-04T13:56:54.826397+00:00,,https://www.facebook.com/100057335174945/posts/1030474368873726/?app=fbl
1045021707103658,Susan J Stephens  Thanks never did pre school  but I think it was the malfunction of my keyboard...,2026-05-04T13:56:54.826400+00:00,,https://www.facebook.com/100057335174945/posts/1030474368873726/?app=fbl
1045021707103658,"Jack Jones Chandalala because even before bragging about 400megawatts we were having these tuma 3hrs of lights moment so what about this additional of 400megawatts, could be having at least ma 6hrs of power not ifii additional with same results yaba",2026-05-04T13:56:54.826403+00:00,,https://www.facebook.com/100057335174945/posts/1030474368873726/?app=fbl
1045021707103658,I think they invest in solar system,2026-05-04T13:56:54.826406+00:00,,https://www.facebook.com/100057335174945/posts/1030474368873726/?app=fbl
1045021707103658,Susan J Stephens it’s folks,2026-05-04T13:56:54.826409+00:00,,https://www.facebook.com/100057335174945/posts/1030474368873726/?app=fbl
1045021707103658,Siven Rowland Bwembya it's true,2026-05-04T13:56:54.826412+00:00,,https://www.facebook.com/100057335174945/posts/1030474368873726/?app=fbl
1045021707103658,Fred Hangandu Thank you sir thats my thought too,2026-05-04T13:56:54.826415+00:00,,https://www.facebook.com/100057335174945/posts/1030474368873726/?app=fbl
1045021707103658,Siven Rowland Bwembya 😢😭🫂,2026-05-04T13:56:54.826417+00:00,,https://www.facebook.com/100057335174945/posts/1030474368873726/?app=fbl
1045021707103658,Becky Mukako  talk Becky let share views.,2026-05-04T13:56:54.826420+00:00,,https://www.facebook.com/100057335174945/posts/1030474368873726/?app=fbl
1045021707103658,Feli Lex how when he is just speaking the truth … wake up,2026-05-04T13:56:54.826423+00:00,,https://www.facebook.com/100057335174945/posts/1030474368873726/?app=fbl
1935125996964359,"Jay Christian Official 
For how long will u be calling this dead man Isaiah?",2026-05-04T13:56:54.826426+00:00,,https://www.facebook.com/100057335174945/posts/1030474368873726/?app=fbl
1935125996964359,Micah M Mbewe awe mwandi you can ask mwa😅😅,2026-05-04T13:56:54.826428+00:00,,https://www.facebook.com/100057335174945/posts/1030474368873726/?app=fbl
1935125996964359,Don't brig God here our pipo needs plan not just say yah yah,2026-05-04T13:56:54.826431+00:00,,https://www.facebook.com/100057335174945/posts/1030474368873726/?app=fbl
1177718989955439,24:00-03:00. It’s for using to practice witchcraft? 🙈,2026-05-04T13:56:54.826434+00:00,,https://www.facebook.com/100057335174945/posts/1030474368873726/?app=fbl
1080839880079636,"Our simple plea is that the Republican President, His Excellency should with immediate effect dissolve the Zesco management board and Fire some individuals without sentiments.

Why playing mind games with the majority of citizens.",2026-05-04T13:56:54.826436+00:00,,https://www.facebook.com/100057335174945/posts/1030474368873726/?app=fbl
1681413012651571,"County men and women it's not zesco who drops rain , we are even lucky that Zesco company is making efforts to maintain 3hrs stability of power it's good let us learn to appreciate , Thank you",2026-05-04T13:56:54.826439+00:00,,https://www.facebook.com/100057335174945/posts/1030474368873726/?app=fbl
1232796554698276,Namufilwafye ba zesco ..A Total failure this is .😡,2026-05-04T13:56:54.826443+00:00,,https://www.facebook.com/100057335174945/posts/1030474368873726/?app=fbl
1964079714067506,They is no difference between you and upnd both of you have no direction u live on lies,2026-05-04T13:56:54.826448+00:00,,https://www.facebook.com/100057335174945/posts/1030474368873726/?app=fbl
940333384787564,"Yesterday and today, I have seen stabilization, electricity was restored at 10hours and at 13hours it said nayenda. If the trend will be like this, it will be possible to plan.",2026-05-04T13:56:54.826451+00:00,,https://www.facebook.com/100057335174945/posts/1030474368873726/?app=fbl
546622177758220,Ndiye stable iyi,2026-05-04T13:56:54.826458+00:00,,https://www.facebook.com/100057335174945/posts/1030474368873726/?app=fbl
6806898842767818,Nothing has changed mwe😭,2026-05-04T13:56:54.826462+00:00,,https://www.facebook.com/100057335174945/posts/1030474368873726/?app=fbl
899944854800892,I guess there are reserving power for 2026 politics like ramaposa did to the south Africans and why do they even give us hope anyways they can just say that we can't do it we have failed we think of something other than depending on Ba Zesco Limited,2026-05-04T13:56:54.826469+00:00,,https://www.facebook.com/100057335174945/posts/1030474368873726/?app=fbl
512477794982260,This government is brok,2026-05-04T13:56:54.826477+00:00,,https://www.facebook.com/100057335174945/posts/1030474368873726/?app=fbl
518066994189067,Cynthia Kabwe Mubanga kkkkk,2026-05-04T13:56:54.826483+00:00,,https://www.facebook.com/100057335174945/posts/1030474368873726/?app=fbl
518066994189067,Kkkkkk,2026-05-04T13:56:54.826489+00:00,,https://www.facebook.com/100057335174945/posts/1030474368873726/?app=fbl
518066994189067,Michael Kangwa at least u r strong enough to wait ese we just find phones fully charged 😭😭,2026-05-04T13:56:54.826495+00:00,,https://www.facebook.com/100057335174945/posts/1030474368873726/?app=fbl
518066994189067,Spinx Hamududu😂😂😂😂,2026-05-04T13:56:54.826500+00:00,,https://www.facebook.com/100057335174945/posts/1030474368873726/?app=fbl
1080839880079636,Kabungo Edward ED his he not part of the board😡,2026-05-04T13:56:54.826506+00:00,,https://www.facebook.com/100057335174945/posts/1030474368873726/?app=fbl
1080839880079636,Happy Kabwe He's not,2026-05-04T13:56:54.826512+00:00,,https://www.facebook.com/100057335174945/posts/1030474368873726/?app=fbl
1080839880079636,Kabungo Edward ED in has much as the board is independent do you know that every decision the board makes has to pass through the president before it's implemented???,2026-05-04T13:56:54.826518+00:00,,https://www.facebook.com/100057335174945/posts/1030474368873726/?app=fbl
940333384787564,"Peter Mbobela good for you,ise uko nothing we seeing power after a day.",2026-05-04T13:56:54.826524+00:00,,https://www.facebook.com/100057335174945/posts/1030474368873726/?app=fbl
940333384787564,"Trish K Charisma
Hopefully the situation will change from tomorrow onwards",2026-05-04T13:56:54.826533+00:00,,https://www.facebook.com/100057335174945/posts/1030474368873726/?app=fbl
940333384787564,Peter Mbobela waba Pump ⛽ tea ☕,2026-05-04T13:56:54.826539+00:00,,https://www.facebook.com/100057335174945/posts/1030474368873726/?app=fbl
940333384787564,We had an hour of power and when I called them all they told me was we have a challenge on our system 😢,2026-05-04T13:56:54.826547+00:00,,https://www.facebook.com/100057335174945/posts/1030474368873726/?app=fbl
940333384787564,Which trend they are saying 3 hours per day 😂😂😂😂,2026-05-04T13:56:54.826553+00:00,,https://www.facebook.com/100057335174945/posts/1030474368873726/?app=fbl
940333384787564,"Luciah MB Yes, 3hours per day if it comes consistency on the same time, we are able to use it effectively.",2026-05-04T13:56:54.826558+00:00,,https://www.facebook.com/100057335174945/posts/1030474368873726/?app=fbl
546622177758220,Moses JJ Ngulube imagine! Just twisting words.,2026-05-04T13:56:54.826564+00:00,,https://www.facebook.com/100057335174945/posts/1030474368873726/?app=fbl
546622177758220,Moses JJ Ngulube imagine,2026-05-04T13:56:54.826569+00:00,,https://www.facebook.com/100057335174945/posts/1030474368873726/?app=fbl
1681413012651571,"Dennis Zulu ZESCO should have invested in other sources of energy other than Hydro.

They should have harnessed the wind, Solar, bio matter (we have a lot of garbage) that can be turned into thermo energy later on electricity.

The problem with our curriculum is that it is based on proving other people's theories other than teaching  people to be innovative.

That is why we have theory engineers who cannot invent.",2026-05-04T13:56:54.826577+00:00,,https://www.facebook.com/100057335174945/posts/1030474368873726/?app=fbl
1681413012651571,Dennis Zulu you're just as dull as Zesco Limited ..is this the first time we're having a drought in this country?,2026-05-04T13:56:54.826582+00:00,,https://www.facebook.com/100057335174945/posts/1030474368873726/?app=fbl
1681413012651571,Dennis Zulu Don't be a weak man stand for your rights this isn't the first time we are experiencing droughts and there's always solutions that can be put in place to easy the issue of load shedding Zesco works for the people of Zambia not for their own interest there are people whose houses have electricity 7 days without cutting because they're government employees and you are here feeling pity for Zesco,2026-05-04T13:56:54.826603+00:00,,https://www.facebook.com/100057335174945/posts/1030474368873726/?app=fbl
1681413012651571,Dennis Zulu who told you its because of rains why we are having 3hrs of  power,2026-05-04T13:56:54.826626+00:00,,https://www.facebook.com/100057335174945/posts/1030474368873726/?app=fbl
1681413012651571,Pearl Freeman there is a difference between imported power and having our own power boss do you realize that...,2026-05-04T13:56:54.826632+00:00,,https://www.facebook.com/100057335174945/posts/1030474368873726/?app=fbl
1681413012651571,Dennis Zulu you are fool just like them,2026-05-04T13:56:54.826638+00:00,,https://www.facebook.com/100057335174945/posts/1030474368873726/?app=fbl
1681413012651571,"Dennis Zulu see you failing to answer simple question yet you commenting on matter that you don't understand  you commenting based on stories you been told or heard ...

Hear me young man drought issue its not first in Zambia  even in 2019 we had poor rainfall .. Did you experienced this kind of  nonsense load shedding",2026-05-04T13:56:54.826644+00:00,,https://www.facebook.com/100057335174945/posts/1030474368873726/?app=fbl
1681413012651571,Dennis Zulu iwe in Dubai there no rains but power is there 24/7......,2026-05-04T13:56:54.826650+00:00,,https://www.facebook.com/100057335174945/posts/1030474368873726/?app=fbl
1681413012651571,Dennis Zulu even though they should always think outside the boxes they should find solutions,2026-05-04T13:56:54.826656+00:00,,https://www.facebook.com/100057335174945/posts/1030474368873726/?app=fbl
1681413012651571,Dennis Zulu importing?,2026-05-04T13:56:54.826662+00:00,,https://www.facebook.com/100057335174945/posts/1030474368873726/?app=fbl
2498876370301527,"Manje which Wednesday, 3 October 2024 is that, otherwise it doesn't exist on my calendar 🗓️.

You have too much drama there",2026-05-04T13:56:54.826668+00:00,,https://www.facebook.com/100057335174945/posts/1030474368873726/?app=fbl
863524105753795,At least we had 10-16hrs,2026-05-04T13:56:54.826676+00:00,,https://www.facebook.com/100057335174945/posts/1030474368873726/?app=fbl
470970355979460,Yesterday group C power came for 10 minutes kuno even after saying 3 hours of stable  supply ba Zesco Limited  restored at 22:17 cuts at 22:27🤦‍♂️🤦‍♂️,2026-05-04T13:56:54.826683+00:00,,https://www.facebook.com/100057335174945/posts/1030474368873726/?app=fbl
518184514159231,Can u change the schedule for kawama in Kitwe naifwe tubombeko akasubaZesco Limited,2026-05-04T13:56:54.826689+00:00,,https://www.facebook.com/100057335174945/posts/1030474368873726/?app=fbl
753921863538850,Makes sense under the circumstance,2026-05-04T13:56:54.826696+00:00,,https://www.facebook.com/100057335174945/posts/1030474368873726/?app=fbl
1322610832456208,I encourage all Zesco employees to lock their offices and go home. Thank you,2026-05-04T13:56:54.826702+00:00,,https://www.facebook.com/100057335174945/posts/1030474368873726/?app=fbl
845287861054648,Hasn’t this already in effect?,2026-05-04T13:56:54.826708+00:00,,https://www.facebook.com/100057335174945/posts/1030474368873726/?app=fbl
1288868128957482,"We are used in using katolitoli so ivi va malaiti it seems latest kuno..
From yesterday we are still in lights.. you forgot to switch OFF..",2026-05-04T13:56:54.826714+00:00,,https://www.facebook.com/100057335174945/posts/1030474368873726/?app=fbl
1228470591529386,By nation they mean just Lusaka olo bwanji,2026-05-04T13:56:54.826723+00:00,,https://www.facebook.com/100057335174945/posts/1030474368873726/?app=fbl
1084590416364090,"Just keep quiet if you have nothing to say. We have no power here in zaingalume . Today it's day two.
Don't take us to be fo*LS okay, it's better to keep quiet that kusabaila.
Mtchew",2026-05-04T13:56:54.826729+00:00,,https://www.facebook.com/100057335174945/posts/1030474368873726/?app=fbl
1177718989955439,Namatama Magdalene Lubinda- The Mental Health Activist  imagine,2026-05-04T13:56:54.826736+00:00,,https://www.facebook.com/100057335174945/posts/1030474368873726/?app=fbl
1681413012651571,Pearl Freeman how many turbines were shut in 2019 due to low water level,2026-05-04T13:56:54.826742+00:00,,https://www.facebook.com/100057335174945/posts/1030474368873726/?app=fbl
1681413012651571,It's just ur area some of us we have been staying UpTo a week without power so kaya,2026-05-04T13:56:54.826750+00:00,,https://www.facebook.com/100057335174945/posts/1030474368873726/?app=fbl
1681413012651571,"Dennis Zulu learn to appreciate...3 hours of power! Wow, you really dropped down your standards.",2026-05-04T13:56:54.826756+00:00,,https://www.facebook.com/100057335174945/posts/1030474368873726/?app=fbl
1681413012651571,Dennis Zulu musula obe,2026-05-04T13:56:54.826762+00:00,,https://www.facebook.com/100057335174945/posts/1030474368873726/?app=fbl
1681413012651571,"I believe you do nothing with power because if you do, then you are no nonsense man..3hrs ati appreciate people are fooling you and you are busy dance to their tune",2026-05-04T13:56:54.826770+00:00,,https://www.facebook.com/100057335174945/posts/1030474368873726/?app=fbl
1681413012651571,You're not serious,2026-05-04T13:56:54.826778+00:00,,https://www.facebook.com/100057335174945/posts/1030474368873726/?app=fbl
1681413012651571,"Jnr Church Boy May God almighty bless you bro ,",2026-05-04T13:56:54.826783+00:00,,https://www.facebook.com/100057335174945/posts/1030474368873726/?app=fbl
1681413012651571,Dennis Zulu you're... let me not finish the sentence,2026-05-04T13:56:54.826790+00:00,,https://www.facebook.com/100057335174945/posts/1030474368873726/?app=fbl
1681413012651571,Dennis Zulu your presindent once said in Dubai there is no rain but they have power 24/7 why can't he do what they do in Dubai to have power,2026-05-04T13:56:54.826803+00:00,,https://www.facebook.com/100057335174945/posts/1030474368873726/?app=fbl
1681413012651571,Mulenga Chitimukulu I don't care bro,2026-05-04T13:56:54.826813+00:00,,https://www.facebook.com/100057335174945/posts/1030474368873726/?app=fbl
2498876370301527,Brown Chikwanda seriously its disappointing,2026-05-04T13:56:54.826823+00:00,,https://www.facebook.com/100057335174945/posts/1030474368873726/?app=fbl
2498876370301527,These people have really run out of ideas and they are all working under pressure,2026-05-04T13:56:54.826834+00:00,,https://www.facebook.com/100057335174945/posts/1030474368873726/?app=fbl
2498876370301527,Brown Chikwanda it's next year maybe 🤔,2026-05-04T13:56:54.826842+00:00,,https://www.facebook.com/100057335174945/posts/1030474368873726/?app=fbl
2498876370301527,"These people are well trained in lying, not so long ago we were promised 3 hours of power supply per day, it was 3 days of no power supply 😂😂it's so annoying",2026-05-04T13:56:54.826845+00:00,,https://www.facebook.com/100057335174945/posts/1030474368873726/?app=fbl
2498876370301527,Brown Chikwanda imagine that🤣🤣🤣🤣,2026-05-04T13:56:54.826848+00:00,,https://www.facebook.com/100057335174945/posts/1030474368873726/?app=fbl
2498876370301527,Doris Chuwa Chela it could have been better if they are able to follow their schedules otherwise it's very disturbing,2026-05-04T13:56:54.826851+00:00,,https://www.facebook.com/100057335174945/posts/1030474368873726/?app=fbl
2498876370301527,Brown Chikwanda even me I can't understand maybe ni next year,2026-05-04T13:56:54.826854+00:00,,https://www.facebook.com/100057335174945/posts/1030474368873726/?app=fbl
2498876370301527,Lovemore Simapuka they are just confusing themselves,2026-05-04T13:56:54.826857+00:00,,https://www.facebook.com/100057335174945/posts/1030474368873726/?app=fbl
2498876370301527,Brown Chikwanda ask them 🤣🤣🤣🤣,2026-05-04T13:56:54.826860+00:00,,https://www.facebook.com/100057335174945/posts/1030474368873726/?app=fbl
2498876370301527,Brown Chikwanda it's a similar story everywhere. Remember the 14 hours story. These people are chronic liers,2026-05-04T13:56:54.826862+00:00,,https://www.facebook.com/100057335174945/posts/1030474368873726/?app=fbl
1045021707103658,"Feli Lex I broke you, I think you are not worth seen my post.. There is nothing being bitter here, This electricity crisis is even affecting you so what are you supporting ? 
Let's learn to be honest and say the truth.",2026-05-04T13:56:54.826865+00:00,,https://www.facebook.com/100057335174945/posts/1030474368873726/?app=fbl
1045021707103658,Some politicians will not make it to Heaven 😥,2026-05-04T13:56:54.826868+00:00,,https://www.facebook.com/100057335174945/posts/1030474368873726/?app=fbl
1045021707103658,"Pantu we celebrated when ERB rejected your proposal to increase electrical tariffs now you want to make it kwati ni mwala chimona.awe bane have the heart for the people..from China,to Malawi,to mammba to a lacuna of 1 October of 3 hours which already is..awe bane we are watching..",2026-05-04T13:56:54.826871+00:00,,https://www.facebook.com/100057335174945/posts/1030474368873726/?app=fbl
1045021707103658,Siven Rowland Bwembyayou've said everything in my mind. Thank you,2026-05-04T13:56:54.826873+00:00,,https://www.facebook.com/100057335174945/posts/1030474368873726/?app=fbl
1322610832456208,Mukuka Lushomo very true.,2026-05-04T13:56:54.826876+00:00,,https://www.facebook.com/100057335174945/posts/1030474368873726/?app=fbl
1322610832456208,"This company so us in group E what are we going to use power for, 00:00- 03:00 like honestly❓ let's be serious and considerate 😦",2026-05-04T13:56:54.826879+00:00,,https://www.facebook.com/100057335174945/posts/1030474368873726/?app=fbl
1322610832456208,Mukuka Lushomo imagine waking up to go and use power to download movies 😡😡😡,2026-05-04T13:56:54.826882+00:00,,https://www.facebook.com/100057335174945/posts/1030474368873726/?app=fbl
1322610832456208,Kabika Harriet Imagine that sis! They have been lying to us with straight faces.Bachilamo. The more reason they have to go home.,2026-05-04T13:56:54.826885+00:00,,https://www.facebook.com/100057335174945/posts/1030474368873726/?app=fbl
1322610832456208,Mukuka Lushomo very upsetting 😦😞,2026-05-04T13:56:54.826887+00:00,,https://www.facebook.com/100057335174945/posts/1030474368873726/?app=fbl
1322610832456208,"Mukuka Lushomo looking at all the promise for 01.10.2024, why should liars be tolerated in a big company like Zesco Limited ❓😦",2026-05-04T13:56:54.826890+00:00,,https://www.facebook.com/100057335174945/posts/1030474368873726/?app=fbl
1322610832456208,Mukuka Lushomo I'm now wondering what stability means in this company called Zesco Limited,2026-05-04T13:56:54.826894+00:00,,https://www.facebook.com/100057335174945/posts/1030474368873726/?app=fbl
1322610832456208,Mukuka Lushomo they need some rest maybe they are tired,2026-05-04T13:56:54.826896+00:00,,https://www.facebook.com/100057335174945/posts/1030474368873726/?app=fbl
1322610832456208,Mukuka Lushomo best advice ever 👏🏼👏🏼👏🏼,2026-05-04T13:56:54.826899+00:00,,https://www.facebook.com/100057335174945/posts/1030474368873726/?app=fbl
1322610832456208,"Government of liars starting from the top.
He's the chief liar.",2026-05-04T13:56:54.826902+00:00,,https://www.facebook.com/100057335174945/posts/1030474368873726/?app=fbl
863524105753795,Hussein Abdi and for how long do you think that will last ? Don't you know some people go  4 days without  power ?,2026-05-04T13:56:54.826907+00:00,,https://www.facebook.com/100057335174945/posts/1030474368873726/?app=fbl
863524105753795,✌,2026-05-04T13:56:54.826910+00:00,,https://www.facebook.com/100057335174945/posts/1030474368873726/?app=fbl
2498876370301527,Carter Bay you can say that again 😂,2026-05-04T13:56:54.826915+00:00,,https://www.facebook.com/100057335174945/posts/1030474368873726/?app=fbl
2498876370301527,Pêzõ Phyllis Sinta kuwaya waya fye,2026-05-04T13:56:54.826918+00:00,,https://www.facebook.com/100057335174945/posts/1030474368873726/?app=fbl
1322610832456208,"Mukuka Lushomo I swear, so they are even getting paid aii 😩",2026-05-04T13:56:54.826920+00:00,,https://www.facebook.com/100057335174945/posts/1030474368873726/?app=fbl
1322610832456208,Mukuka Lushomo volume,2026-05-04T13:56:54.826923+00:00,,https://www.facebook.com/100057335174945/posts/1030474368873726/?app=fbl
1322610832456208,Kabika Harriet imagine,2026-05-04T13:56:54.826926+00:00,,https://www.facebook.com/100057335174945/posts/1030474368873726/?app=fbl
1322610832456208,Mukuka Lushomo capwafye!,2026-05-04T13:56:54.826928+00:00,,https://www.facebook.com/100057335174945/posts/1030474368873726/?app=fbl
1322610832456208,Mukuka Lushomo better 🤣🤣🤣🤣,2026-05-04T13:56:54.826931+00:00,,https://www.facebook.com/100057335174945/posts/1030474368873726/?app=fbl
1322610832456208,Mukuka Lushomo are you gonna feed their families 😂?,2026-05-04T13:56:54.826934+00:00,,https://www.facebook.com/100057335174945/posts/1030474368873726/?app=fbl
1681413012651571,You've never been to school we understand cause that disability is too much😒,2026-05-04T13:56:54.826937+00:00,,https://www.facebook.com/100057335174945/posts/1030474368873726/?app=fbl
1681413012651571,Dennis Zulu this comment seems to be funded by someone,2026-05-04T13:56:54.826939+00:00,,https://www.facebook.com/100057335174945/posts/1030474368873726/?app=fbl
1681413012651571,Dennis Zulu it's for ppl like u that there is this crisis..u take down anything they do to u..why would they stress when they deal with ppl like u?,2026-05-04T13:56:54.826942+00:00,,https://www.facebook.com/100057335174945/posts/1030474368873726/?app=fbl
1681413012651571,Dennis Zulu you sound like one of the foolish men of this generation,2026-05-04T13:56:54.826945+00:00,,https://www.facebook.com/100057335174945/posts/1030474368873726/?app=fbl
1681413012651571,Dennis Zulu son of the director uyu,2026-05-04T13:56:54.826948+00:00,,https://www.facebook.com/100057335174945/posts/1030474368873726/?app=fbl
1681413012651571,"Mayaya Jae imagine  and also those living near clinics they have never experienced what we are going through ,true this is not about rain but poor planning . Honestly speaking we have suffered.",2026-05-04T13:56:54.826950+00:00,,https://www.facebook.com/100057335174945/posts/1030474368873726/?app=fbl
1681413012651571,"Dennis Zulu with all due respect madam because you cannot and you will never be sir,,, you're ***********!!!!!!!!",2026-05-04T13:56:54.826953+00:00,,https://www.facebook.com/100057335174945/posts/1030474368873726/?app=fbl
1681413012651571,Dennis Zulu I just hope you won't be insulted for your comment,2026-05-04T13:56:54.826956+00:00,,https://www.facebook.com/100057335174945/posts/1030474368873726/?app=fbl
1681413012651571,Dennis Zulu yaba you can do better,2026-05-04T13:56:54.826958+00:00,,https://www.facebook.com/100057335174945/posts/1030474368873726/?app=fbl
1681413012651571,"Dennis Zulu iwe upanga che chongo,keep quiet if you don't have wise things to say",2026-05-04T13:56:54.826961+00:00,,https://www.facebook.com/100057335174945/posts/1030474368873726/?app=fbl
1681413012651571,Dennis Zulu poor mindset,2026-05-04T13:56:54.826964+00:00,,https://www.facebook.com/100057335174945/posts/1030474368873726/?app=fbl
1681413012651571,Joana Shula thanks for reminding this one who’s talking like a 5 years old man 😂😂 that he can’t remember what HH told us 🤦🏽‍♂️,2026-05-04T13:56:54.826967+00:00,,https://www.facebook.com/100057335174945/posts/1030474368873726/?app=fbl
1681413012651571,"Dennis Zulu they are responsible for formulating the time table....do you really understand how many businesses have been crippled by zesco ..three hour of electrical during the day would have greatly lessen the burden of not  having  worked at   ... however, who needs electricity when people are sleeping that was really poor planning from Zesco Limited  they can do better and be considerate",2026-05-04T13:56:54.826970+00:00,,https://www.facebook.com/100057335174945/posts/1030474368873726/?app=fbl
1681413012651571,"Dennis Zulu we have the right to electricity, it means zesco has failed the people of Zambia,whether draught or during floods, zesco is just supposed to supply power to the people of Zambia. Every day of Zesco's day engineers must be thinking how to expand their grids not just thinking of exporting to neighbouring countries, but it's people first. Mind you the population is fast growing and zesco seems to be sleeping on that note.",2026-05-04T13:56:54.826973+00:00,,https://www.facebook.com/100057335174945/posts/1030474368873726/?app=fbl
1681413012651571,Dennis Zulu stability?,2026-05-04T13:56:54.826975+00:00,,https://www.facebook.com/100057335174945/posts/1030474368873726/?app=fbl
1681413012651571,Dennis Zulu what are you saying,2026-05-04T13:56:54.826978+00:00,,https://www.facebook.com/100057335174945/posts/1030474368873726/?app=fbl
1681413012651571,Dennis Zulu stop cutting trees for a start.,2026-05-04T13:56:54.826983+00:00,,https://www.facebook.com/100057335174945/posts/1030474368873726/?app=fbl
1681413012651571,"Dennis Zulu your statement would make more sense if this was happening to all the countries affected by this years drought. 

Do you know what loadshedding hours are in Zim for example ?",2026-05-04T13:56:54.826986+00:00,,https://www.facebook.com/100057335174945/posts/1030474368873726/?app=fbl
1681413012651571,Joana Shula go sn start living ku Dubai,2026-05-04T13:56:54.826989+00:00,,https://www.facebook.com/100057335174945/posts/1030474368873726/?app=fbl
1681413012651571,If you compare Zambia an Dubai ninshi ulicikopo mumutwe #PompweIwe,2026-05-04T13:56:54.826992+00:00,,https://www.facebook.com/100057335174945/posts/1030474368873726/?app=fbl
1681413012651571,Dennis Zulu Lishilu ili don't mind him at all...3hrs ati appreciate 🤣🤣🤣🤣🤣🤣,2026-05-04T13:56:54.826995+00:00,,https://www.facebook.com/100057335174945/posts/1030474368873726/?app=fbl
1681413012651571,Bruce Mwanza this is very true I wonder why they never plan for the future,2026-05-04T13:56:54.826997+00:00,,https://www.facebook.com/100057335174945/posts/1030474368873726/?app=fbl
1681413012651571,Dennis Zulu ndiwe kapuba. Zesco and customers signed contract to supply them with power . We don't care if that power comes from rains or air.,2026-05-04T13:56:54.827001+00:00,,https://www.facebook.com/100057335174945/posts/1030474368873726/?app=fbl
1681413012651571,"Dennis Zulu muli ulichipuba kaah...!!! Nagu mulelwishiya ichito ku ZESCO,mwila supportah ifya mugulu...!!..  ... ""Ichilubeyo""",2026-05-04T13:56:54.827005+00:00,,https://www.facebook.com/100057335174945/posts/1030474368873726/?app=fbl
1681413012651571,Ninshi ndiwe ka activist kuma 24?,2026-05-04T13:56:54.827008+00:00,,https://www.facebook.com/100057335174945/posts/1030474368873726/?app=fbl
1681413012651571,Dennis Zulu learn to appreciate what? We are quick to sell than buy. We have neighboring countries who have excess power why are we not buying from those countries? And mind you we are still exporting power.,2026-05-04T13:56:54.827010+00:00,,https://www.facebook.com/100057335174945/posts/1030474368873726/?app=fbl
1681413012651571,Nothing to appreciate Dennis zulu. People need electricity everyday..appreciate what?mungulu uyo.,2026-05-04T13:56:54.827013+00:00,,https://www.facebook.com/100057335174945/posts/1030474368873726/?app=fbl
1681413012651571,"Dennis Zulu osalengese we insult you pamozi naba zesco... don't you know that the people kuntanshi were given an offer on other ways to generate power from mines and other sources, Zambia is a very blessed country but because of poor leadership and selfishness all this can never end",2026-05-04T13:56:54.827015+00:00,,https://www.facebook.com/100057335174945/posts/1030474368873726/?app=fbl
1681413012651571,Dennis Zulu musula obe na ba zesco 😏 abobene,2026-05-04T13:56:54.827018+00:00,,https://www.facebook.com/100057335174945/posts/1030474368873726/?app=fbl
1681413012651571,Dennis Zuluwith all duel respect polo yanu boss.🖕,2026-05-04T13:56:54.827021+00:00,,https://www.facebook.com/100057335174945/posts/1030474368873726/?app=fbl
1681413012651571,Dennis Zulu see your life 😏😏😏😏😏😏,2026-05-04T13:56:54.827025+00:00,,https://www.facebook.com/100057335174945/posts/1030474368873726/?app=fbl
1681413012651571,Koma chimwana iwe ndiwe chituzu,2026-05-04T13:56:54.827027+00:00,,https://www.facebook.com/100057335174945/posts/1030474368873726/?app=fbl
1681413012651571,Dennis Zulu the problem is that we feel too comfortable when we are suffering 🥺🥺,2026-05-04T13:56:54.827030+00:00,,https://www.facebook.com/100057335174945/posts/1030474368873726/?app=fbl
1681413012651571,"Dennis Zulu you need to forfeit your voters card, people that think like you should not be involved in important decisions",2026-05-04T13:56:54.827033+00:00,,https://www.facebook.com/100057335174945/posts/1030474368873726/?app=fbl
1681413012651571,"Ba Zulu are u in Zambia or on earth or heaven , when power is off were do they take power selling for some of us we need power to take care of our family",2026-05-04T13:56:54.827036+00:00,,https://www.facebook.com/100057335174945/posts/1030474368873726/?app=fbl
1681413012651571,Dennis Zulu uko,2026-05-04T13:56:54.827038+00:00,,https://www.facebook.com/100057335174945/posts/1030474368873726/?app=fbl
1681413012651571,Dennis Zulu stop smoking you'll stop talking nonsense,2026-05-04T13:56:54.827041+00:00,,https://www.facebook.com/100057335174945/posts/1030474368873726/?app=fbl
1681413012651571,Dennis Zulu ok so u not give us the some power during the day,2026-05-04T13:56:54.827043+00:00,,https://www.facebook.com/100057335174945/posts/1030474368873726/?app=fbl
1681413012651571,Dennis Zulu panyo Pako,2026-05-04T13:56:54.827051+00:00,,https://www.facebook.com/100057335174945/posts/1030474368873726/?app=fbl
1681413012651571,Meé BurÑà thank you,2026-05-04T13:56:54.827054+00:00,,https://www.facebook.com/100057335174945/posts/1030474368873726/?app=fbl
1681413012651571,Dennis Zulu this one is dull,2026-05-04T13:56:54.827056+00:00,,https://www.facebook.com/100057335174945/posts/1030474368873726/?app=fbl
1681413012651571,Emmishia Mbewe ok..,2026-05-04T13:56:54.827059+00:00,,https://www.facebook.com/100057335174945/posts/1030474368873726/?app=fbl
1681413012651571,Bruce Mwanza and even import power from Tanzania that can also make sense than telling people to appreciate anyhow. They import power and adjust up the tariffs no one can blame them we know the drought we had. Not giving people fake solutions of 3hours per day.,2026-05-04T13:56:54.827061+00:00,,https://www.facebook.com/100057335174945/posts/1030474368873726/?app=fbl
1681413012651571,Dennis Zulu 🙆🤦🤦,2026-05-04T13:56:54.827064+00:00,,https://www.facebook.com/100057335174945/posts/1030474368873726/?app=fbl
1681413012651571,Dennis Zulu stop commenting rubbish,2026-05-04T13:56:54.827067+00:00,,https://www.facebook.com/100057335174945/posts/1030474368873726/?app=fbl
1681413012651571,Dennis Zulu appreciate nonsense ? Be real in some of the things you say mwe 🤦🏽‍♀️,2026-05-04T13:56:54.827069+00:00,,https://www.facebook.com/100057335174945/posts/1030474368873726/?app=fbl
1681413012651571,"Another dull chap from earstern power busy supporting va zee, that's why Ife vaku chipata batinena ati ndife vopwalala koma tu chawa",2026-05-04T13:56:54.827072+00:00,,https://www.facebook.com/100057335174945/posts/1030474368873726/?app=fbl
1681413012651571,Dennis Zulu Some comments kwati nindoshi,2026-05-04T13:56:54.827074+00:00,,https://www.facebook.com/100057335174945/posts/1030474368873726/?app=fbl
556562440150002,"24 to 03, imwe finshi ifi?",2026-05-04T13:56:54.827077+00:00,,https://www.facebook.com/100057335174945/posts/1030474368873726/?app=fbl
1990117874793593,"Is Lusaka the only province we have, how about other Zesco Limited",2026-05-04T13:56:54.827079+00:00,,https://www.facebook.com/100057335174945/posts/1030474368873726/?app=fbl
2194417584274876,This is a jock,2026-05-04T13:56:54.827082+00:00,,https://www.facebook.com/100057335174945/posts/1030474368873726/?app=fbl
2251977241829025,Vaupuba che...this govt ought to be ashamed..,2026-05-04T13:56:54.827084+00:00,,https://www.facebook.com/100057335174945/posts/1030474368873726/?app=fbl
1104749081073997,manje 24 to 03 niyachani better you keep it,2026-05-04T13:56:54.827087+00:00,,https://www.facebook.com/100057335174945/posts/1030474368873726/?app=fbl
508574368732227,Ala we thought Zesco Limited director said power will be more stable what wahala is this now,2026-05-04T13:56:54.827089+00:00,,https://www.facebook.com/100057335174945/posts/1030474368873726/?app=fbl
1204375977535861,Tikangiwa ku recorder nyimbo because of your excuses....vizimyeni chabe azawizi 😜,2026-05-04T13:56:54.827092+00:00,,https://www.facebook.com/100057335174945/posts/1030474368873726/?app=fbl
1592074491745426,You mean fili hawazi ine day 😭😭 awe Lesa wabonse ba Zesco Limited naifwe kakasanika,2026-05-04T13:56:54.827096+00:00,,https://www.facebook.com/100057335174945/posts/1030474368873726/?app=fbl
1065511448911076,No matter what I still have faith in Jesus name... that some day load shedding will remain a history🙏😭,2026-05-04T13:56:54.827099+00:00,,https://www.facebook.com/100057335174945/posts/1030474368873726/?app=fbl
2326982624319969,VA ziiiii,2026-05-04T13:56:54.827101+00:00,,https://www.facebook.com/100057335174945/posts/1030474368873726/?app=fbl
556562440150002,Gutta Beats August almost here,2026-05-04T13:56:54.827104+00:00,,https://www.facebook.com/100057335174945/posts/1030474368873726/?app=fbl
1104749081073997,"Royd Mulenga better than nothing boi, just go solar.",2026-05-04T13:56:54.827106+00:00,,https://www.facebook.com/100057335174945/posts/1030474368873726/?app=fbl
1104749081073997,The voice of chilolo which better naiwe 24 hrs finshi wingabomfya amalaiti,2026-05-04T13:56:54.827109+00:00,,https://www.facebook.com/100057335174945/posts/1030474368873726/?app=fbl
1104749081073997,Royd Mulenga we still have to hire genset in mid morning to pump water,2026-05-04T13:56:54.827112+00:00,,https://www.facebook.com/100057335174945/posts/1030474368873726/?app=fbl
1036704091281880,Imwe ba Zesco Limited it’s Ben 4 days we don’t have power ju zingalume is this the stable you talked about,2026-05-04T13:56:54.827115+00:00,,https://www.facebook.com/100057335174945/posts/1030474368873726/?app=fbl
1080319553682590,Ili che new normal in Zambia 🇿🇲,2026-05-04T13:56:54.827117+00:00,,https://www.facebook.com/100057335174945/posts/1030474368873726/?app=fbl
503926359183192,Muleikalafye nga bufi mubepa,2026-05-04T13:56:54.827123+00:00,,https://www.facebook.com/100057335174945/posts/1030474368873726/?app=fbl
530793942990369,Why can't you just make a solar plant since it's a company am telling you people here has started making their own power using what we thought in toilets which you know so soon it's bye bye zesco,2026-05-04T13:56:54.827132+00:00,,https://www.facebook.com/100057335174945/posts/1030474368873726/?app=fbl
499831529550033,We are group h but we don't have power for 2 days now ba Zesco Limited what's going on,2026-05-04T13:56:54.827142+00:00,,https://www.facebook.com/100057335174945/posts/1030474368873726/?app=fbl
846955437609615,Mbo ncizi eeci,2026-05-04T13:56:54.827149+00:00,,https://www.facebook.com/100057335174945/posts/1030474368873726/?app=fbl
844212421225503,Just remove zesco and bring Chinese since mwakangiwa we try china now or Japan,2026-05-04T13:56:54.827154+00:00,,https://www.facebook.com/100057335174945/posts/1030474368873726/?app=fbl
1035293141732345,Nothing as changed kumwesu,2026-05-04T13:56:54.827163+00:00,,https://www.facebook.com/100057335174945/posts/1030474368873726/?app=fbl
891631489062518,What about muchinga Zesco Limited,2026-05-04T13:56:54.827171+00:00,,https://www.facebook.com/100057335174945/posts/1030474368873726/?app=fbl
1483273142358575,Thank you for the update,2026-05-04T13:56:54.827177+00:00,,https://www.facebook.com/100057335174945/posts/1030474368873726/?app=fbl
508574368732227,Olivia Mulenga we are talking about zesco you also writing umungulu,2026-05-04T13:56:54.827187+00:00,,https://www.facebook.com/100057335174945/posts/1030474368873726/?app=fbl
2251977241829025,Melinda K Banda Me I always say they can't wait to be voted out. They are tired they want to be out 😔,2026-05-04T13:56:54.827193+00:00,,https://www.facebook.com/100057335174945/posts/1030474368873726/?app=fbl
2251977241829025,Sharon Kalambo you are so right....they still can't believe they were voted in...and now they are failing to manage the system.,2026-05-04T13:56:54.827197+00:00,,https://www.facebook.com/100057335174945/posts/1030474368873726/?app=fbl
1065511448911076,"Chanda Phiri this can never happen in Zambia do you know why? Any politician who assumes office of the president will always sale power for their corrupt agendas, which means stealing, so forget load shedding to end in Zambia",2026-05-04T13:56:54.827203+00:00,,https://www.facebook.com/100057335174945/posts/1030474368873726/?app=fbl
1065511448911076,Noble Excellent Governor Felix wala,2026-05-04T13:56:54.827211+00:00,,https://www.facebook.com/100057335174945/posts/1030474368873726/?app=fbl
1065511448911076,"Chanda Phiri mark my words, and see if load shedding will ever end in Zambia, load shedding has been with us since time in memorial, no one has been able to do something about it so that it can end",2026-05-04T13:56:54.827218+00:00,,https://www.facebook.com/100057335174945/posts/1030474368873726/?app=fbl
1065511448911076,"Noble Excellent Governor Felix I get u, that could happen for sometime because if load shedding continues.., we won't rely on government in future, some of us will come up with some private organization that could supply electricity 🤷",2026-05-04T13:56:54.827224+00:00,,https://www.facebook.com/100057335174945/posts/1030474368873726/?app=fbl
1070057597856274,🤣🤣🤣 you guys you are so funny,2026-05-04T13:56:54.827230+00:00,,https://www.facebook.com/100057335174945/posts/1030474368873726/?app=fbl
1056516059295271,Life is spiritual,2026-05-04T13:56:54.827236+00:00,,https://www.facebook.com/100057335174945/posts/1030474368873726/?app=fbl
511004544901503,God have mercy,2026-05-04T13:56:54.827242+00:00,,https://www.facebook.com/100057335174945/posts/1030474368873726/?app=fbl
539670581926451,I will go ku farm kansi tumalaiti tunkhalako Kuma farmers,2026-05-04T13:56:54.827249+00:00,,https://www.facebook.com/100057335174945/posts/1030474368873726/?app=fbl
844195164551003,We haven't seen power for two days here,2026-05-04T13:56:54.827255+00:00,,https://www.facebook.com/100057335174945/posts/1030474368873726/?app=fbl
1246634919988812,Okay ba Zesco Limited you are a joke that's not even funny mxxxm,2026-05-04T13:56:54.827263+00:00,,https://www.facebook.com/100057335174945/posts/1030474368873726/?app=fbl
1213752056497264,12:00 - 1205 atleast the bulb blinked today🙏,2026-05-04T13:56:54.827269+00:00,,https://www.facebook.com/100057335174945/posts/1030474368873726/?app=fbl
8568999953161611,Al kabiye uko. Just leave us!,2026-05-04T13:56:54.827278+00:00,,https://www.facebook.com/100057335174945/posts/1030474368873726/?app=fbl
3911864205725331,So the 15 days was just a way of preparing us for the waste,2026-05-04T13:56:54.827288+00:00,,https://www.facebook.com/100057335174945/posts/1030474368873726/?app=fbl
420600777720942,"Ati ""schedules take effect Wednesday"" again ati ""3 October"" ukamba chani iweh? 🤣🤣🤣",2026-05-04T13:56:54.827292+00:00,,https://www.facebook.com/100057335174945/posts/1030474368873726/?app=fbl
420600777720942,Mathews Tonga Jr. Am also wondering 🤣🤣🤣,2026-05-04T13:56:54.827294+00:00,,https://www.facebook.com/100057335174945/posts/1030474368873726/?app=fbl
2326982624319969,Danny Zee Zambia hope so if it's true,2026-05-04T13:56:54.827297+00:00,,https://www.facebook.com/100057335174945/posts/1030474368873726/?app=fbl
2326982624319969,Prince Levy boi these hijotiiii are just lying,2026-05-04T13:56:54.827300+00:00,,https://www.facebook.com/100057335174945/posts/1030474368873726/?app=fbl
8568999953161611,Roxanne Barratt ati come 1st October power 🔋 situation will stabilise only to present us with this rubbish.,2026-05-04T13:56:54.827303+00:00,,https://www.facebook.com/100057335174945/posts/1030474368873726/?app=fbl
8568999953161611,Carol Mulenga This same rubbish they won’t follow . Adult engineers gather to make a timetable when they know they won’t follow it,2026-05-04T13:56:54.827306+00:00,,https://www.facebook.com/100057335174945/posts/1030474368873726/?app=fbl
8568999953161611,Roxanne Barratt 🤣🤣💔,2026-05-04T13:56:54.827309+00:00,,https://www.facebook.com/100057335174945/posts/1030474368873726/?app=fbl
1460986971279979,Why can't you just switch them off for good than you keep stressing people for no reason.... You have failed the nation,2026-05-04T13:56:54.827311+00:00,,https://www.facebook.com/100057335174945/posts/1030474368873726/?app=fbl
1176666836760199,You've become so foolish to an extent of failing to fulfill what you promised us and you call 3hrs stable?,2026-05-04T13:56:54.827314+00:00,,https://www.facebook.com/100057335174945/posts/1030474368873726/?app=fbl
958142769405125,"It’s common sense that industries can manage to buy their own Gen sets and other alternative sources of power than a mere Komboni resident. Am living on K20 per day and you are busy taunting me to consider buying solar or gen set!
Allocate more hours to residential areas and markets, reduce for industries (mines inclusive) and encourage them to consider alternative sources of power.",2026-05-04T13:56:54.827317+00:00,,https://www.facebook.com/100057335174945/posts/1030474368873726/?app=fbl
8207205366024150,"We got played, and fooled. So what has even changed if we are still on 3 hours?",2026-05-04T13:56:54.827320+00:00,,https://www.facebook.com/100057335174945/posts/1030474368873726/?app=fbl
865174698928835,Atase! This is the stability you promised us?? But kwena🤧🤧🤧,2026-05-04T13:56:54.827323+00:00,,https://www.facebook.com/100057335174945/posts/1030474368873726/?app=fbl
4020407858281027,So now zesco has started making time tables for us as if it's the teacher and pupils. I feel like we are seated on the desks and the teacher is addressing us in class 🙄,2026-05-04T13:56:54.827325+00:00,,https://www.facebook.com/100057335174945/posts/1030474368873726/?app=fbl
1495100374531875,Zesco should now only have one employee who will witch on and off power since there's no much work to do there,2026-05-04T13:56:54.827328+00:00,,https://www.facebook.com/100057335174945/posts/1030474368873726/?app=fbl
1492804684761161,Vitengeni che vimalaiti vanu imwe,2026-05-04T13:56:54.827331+00:00,,https://www.facebook.com/100057335174945/posts/1030474368873726/?app=fbl
841967881446936,Not good enough.  Stress levels are too high in this kantry,2026-05-04T13:56:54.827333+00:00,,https://www.facebook.com/100057335174945/posts/1030474368873726/?app=fbl
1763062227781516,Zesco Limited we only had power for 30 minutes here in kamwala south,2026-05-04T13:56:54.827336+00:00,,https://www.facebook.com/100057335174945/posts/1030474368873726/?app=fbl
4020407858281027,"Maseka Geofrey point mwandi

This are useless leadership",2026-05-04T13:56:54.827339+00:00,,https://www.facebook.com/100057335174945/posts/1030474368873726/?app=fbl
890179399251123,"Kudos Zesco you're doing well, it's just that us people don't understand the efforts you're putting in to address this disastrous power crisis. Please if possible give us power for just 1hr in 24hrs. We'll see how best we can work with it, those who don't want can as well explore other power sources corresponding to their financial muscle. 

Vizimyeeeeeeee iweeee🥵🖤🖤🖤🖤🖤🖤🖤🖤🖤🖤🖤🖤🖤🖤🖤🖤🖤🖤🖤🖤🖤🖤🖤🖤🖤🖤🖤🖤🖤🖤🖤🖤🖤🖤🖤🖤🖤🖤🖤🖤🖤🖤",2026-05-04T13:56:54.827343+00:00,,https://www.facebook.com/100057335174945/posts/1030474368873726/?app=fbl
1464374354271951,"Va zeereth! Va zee! 🥱🥱We have not hadeth power for 2days straighteth from Group E…🙄 Keep thy power,we needeth it not at this juntureth…iyi relationship ili toxic..Let’s Break Up!",2026-05-04T13:56:54.827346+00:00,,https://www.facebook.com/100057335174945/posts/1030474368873726/?app=fbl
1018856230036237,"Twalakosa
HH mpaka 2090",2026-05-04T13:56:54.827349+00:00,,https://www.facebook.com/100057335174945/posts/1030474368873726/?app=fbl
1064385481806396,"Sure the boss even instructed the subordinates Kaya ni board ya load shedding committee to sit and come up with a 3 hour schedule even arguing which group gets 24 to 03, just wasting time putting up an extremely useless schedule.  Just leave us alone and do whatever. We moved on kudala",2026-05-04T13:56:54.827351+00:00,,https://www.facebook.com/100057335174945/posts/1030474368873726/?app=fbl
1093095268856355,We are waiting for u to specify which year of the said 1st October to stabilize loadshedding!...,2026-05-04T13:56:54.827354+00:00,,https://www.facebook.com/100057335174945/posts/1030474368873726/?app=fbl
851116133455292,"Is this what you call stable sure? Group E, power is for what at that hour ayi???  Zambia will be a punishment center soon... ""I sentence you to Zambia with hard labour.""",2026-05-04T13:56:54.827356+00:00,,https://www.facebook.com/100057335174945/posts/1030474368873726/?app=fbl
807091348033010,"Group E, let’s create a WhatsApp group to wake each other up at 24 to charge phones, iron, cook beans and just celebrate/watch electricity.",2026-05-04T13:56:54.827361+00:00,,https://www.facebook.com/100057335174945/posts/1030474368873726/?app=fbl
1354102469308281,24-03 what will I be doing that time ok this is going to be rough,2026-05-04T13:56:54.827364+00:00,,https://www.facebook.com/100057335174945/posts/1030474368873726/?app=fbl
919118116907903,"I think the question needs to be asked of Zesco management; when you announced an end to load shedding, what exactly had you taken into consideration if not the source of your supply? To go from “no load shedding” to a “normal” of 3 inhumane allocation of hours a day is abhorrent!",2026-05-04T13:56:54.827366+00:00,,https://www.facebook.com/100057335174945/posts/1030474368873726/?app=fbl
1201653761087990,"Atase but kwena mulatwangasha in this country. 3hrs nshi?? Is this now normal kutumpa uku bambuli imwe.

Not even a Power bank can charge in those hours, even a phone, laptop and other gadgets can not fully be charged.

Later on ati 24hrs to 03hrs so barbermen, boiler makers that's when they will be working? Na Diesel yakidula then talk about price of a Genset.

Chafina mweπkoπK0 mwey, awe muli nCall Coal",2026-05-04T13:56:54.827369+00:00,,https://www.facebook.com/100057335174945/posts/1030474368873726/?app=fbl
8207205366024150,Kennedy Muzyamba its from 3 days to 3 hours.  I think that's what they meant,2026-05-04T13:56:54.827372+00:00,,https://www.facebook.com/100057335174945/posts/1030474368873726/?app=fbl
8207205366024150,Kennedy Muzyamba  nothing has changed they are just playing with our minds,2026-05-04T13:56:54.827376+00:00,,https://www.facebook.com/100057335174945/posts/1030474368873726/?app=fbl
8207205366024150,Kennedy Muzyamba I can't believe we have been played like a three year old 😂,2026-05-04T13:56:54.827379+00:00,,https://www.facebook.com/100057335174945/posts/1030474368873726/?app=fbl
8207205366024150,Mercy Neta Mwambushi you think 🙄?,2026-05-04T13:56:54.827383+00:00,,https://www.facebook.com/100057335174945/posts/1030474368873726/?app=fbl
8207205366024150,"Kennedy Muzyamba lucky you who had 3hrs, us in lusaka it has been 3hrs every after 2 to 3days.",2026-05-04T13:56:54.827386+00:00,,https://www.facebook.com/100057335174945/posts/1030474368873726/?app=fbl
8207205366024150,Kennedy Muzyamba imagine,2026-05-04T13:56:54.827389+00:00,,https://www.facebook.com/100057335174945/posts/1030474368873726/?app=fbl
8207205366024150,Kennedy Muzyamba exactly my point. The 1 month  wait was for a 3 hour a day schedule?,2026-05-04T13:56:54.827392+00:00,,https://www.facebook.com/100057335174945/posts/1030474368873726/?app=fbl
8207205366024150,Kennedy Muzyamba I said it,2026-05-04T13:56:54.827394+00:00,,https://www.facebook.com/100057335174945/posts/1030474368873726/?app=fbl
8207205366024150,Kennedy Muzyamba ndise ma Imbwa,2026-05-04T13:56:54.827397+00:00,,https://www.facebook.com/100057335174945/posts/1030474368873726/?app=fbl
8207205366024150,Mercy Neta Mwambushi 3 Weeks to 3 Hours,2026-05-04T13:56:54.827399+00:00,,https://www.facebook.com/100057335174945/posts/1030474368873726/?app=fbl
958142769405125,Mashata Sebby well spoken,2026-05-04T13:56:54.827402+00:00,,https://www.facebook.com/100057335174945/posts/1030474368873726/?app=fbl
958142769405125,Mashata Sebby you’re right because these so called industries and farmers consume even more power..,2026-05-04T13:56:54.827404+00:00,,https://www.facebook.com/100057335174945/posts/1030474368873726/?app=fbl
958142769405125,Mashata Sebby ahh Muli bamano Elders,2026-05-04T13:56:54.827407+00:00,,https://www.facebook.com/100057335174945/posts/1030474368873726/?app=fbl
958142769405125,Mashata Sebby  They have given mines more power with NO taxes for 5 years. Zambia kuchalo,2026-05-04T13:56:54.827410+00:00,,https://www.facebook.com/100057335174945/posts/1030474368873726/?app=fbl
958142769405125,Mashata Sebby that will call for less production and high price in manufactured commodities. Gen set consume alot of fuel and most machinery we have in Zambia are run by electrical power if we say solar adjusting to solar powered machinery which may take longer to be shipped in for continuous supply of goods meaning a great negative impact on the already crippled economy..,2026-05-04T13:56:54.827412+00:00,,https://www.facebook.com/100057335174945/posts/1030474368873726/?app=fbl
958142769405125,Mashata Sebby you are the next minister of energy fimo fimo,2026-05-04T13:56:54.827415+00:00,,https://www.facebook.com/100057335174945/posts/1030474368873726/?app=fbl
958142769405125,"that-s true mr Mashata Sebby that also means input cost, investement cost,production cost will increase which will result in high output cost,the cost of selling the products,produced by these campanies let wait for now",2026-05-04T13:56:54.827418+00:00,,https://www.facebook.com/100057335174945/posts/1030474368873726/?app=fbl
958142769405125,Natalia Phiri well noted👏. And I hope you understand where am coming from too.,2026-05-04T13:56:54.827421+00:00,,https://www.facebook.com/100057335174945/posts/1030474368873726/?app=fbl
958142769405125,Trudy Mwansa Chisanga lol boss 🤭,2026-05-04T13:56:54.827423+00:00,,https://www.facebook.com/100057335174945/posts/1030474368873726/?app=fbl
958142769405125,"Blessed Adan Mangonja sure boss. It’s the responsibility of govt to subsidize on behalf of the citizens certain costs, especially when faced with challenges. 
Let the industries provide their own power, to produce mealie meal e.g,… and let our government subsidize for us the mealie meal 🤭.",2026-05-04T13:56:54.827427+00:00,,https://www.facebook.com/100057335174945/posts/1030474368873726/?app=fbl
1201653761087990,Welcome to Zambia,2026-05-04T13:56:54.827430+00:00,,https://www.facebook.com/100057335174945/posts/1030474368873726/?app=fbl
1201653761087990,Soka Shetani balitumpa sana ati iyo stability ifyabupuba fye,2026-05-04T13:56:54.827433+00:00,,https://www.facebook.com/100057335174945/posts/1030474368873726/?app=fbl
1201653761087990,Marvelous Ilunga Mpola lelo naimwe mwalila?🤣,2026-05-04T13:56:54.827436+00:00,,https://www.facebook.com/100057335174945/posts/1030474368873726/?app=fbl
1201653761087990,Paul Bwalya awe chafina😂😂😂,2026-05-04T13:56:54.827438+00:00,,https://www.facebook.com/100057335174945/posts/1030474368873726/?app=fbl
890179399251123,"Gabriel Chishimba mmmmm consider even the poorest Zambian citizen who can afford those other power sources, ebuntu.",2026-05-04T13:56:54.827441+00:00,,https://www.facebook.com/100057335174945/posts/1030474368873726/?app=fbl
890179399251123,"Gabriel Chishimba wafyalwa na  gold spoon in your mouth, u can't understand the pain of people who use to put a meal on the from selling freezits, barbing, soloons nd welding.",2026-05-04T13:56:54.827444+00:00,,https://www.facebook.com/100057335174945/posts/1030474368873726/?app=fbl
890179399251123,Gabriel Chishimba this one charges people's phones using ma solar,2026-05-04T13:56:54.827447+00:00,,https://www.facebook.com/100057335174945/posts/1030474368873726/?app=fbl
890179399251123,Gabriel Chishimba what source of power can you afford to buy apa big boss,2026-05-04T13:56:54.827450+00:00,,https://www.facebook.com/100057335174945/posts/1030474368873726/?app=fbl
890179399251123,Deborah Mbewe Chinyimba Tru e😅😅,2026-05-04T13:56:54.827453+00:00,,https://www.facebook.com/100057335174945/posts/1030474368873726/?app=fbl
890179399251123,"Gabriel Chishimba 
Ba ba Chisimba nzelu mulibe.",2026-05-04T13:56:54.827456+00:00,,https://www.facebook.com/100057335174945/posts/1030474368873726/?app=fbl
890179399251123,"Gabriel Chishimba praise singers , the Choire master with the loudest voice",2026-05-04T13:56:54.827460+00:00,,https://www.facebook.com/100057335174945/posts/1030474368873726/?app=fbl
890179399251123,Noble Excellent Governor Felix wanjipaya but ine I like him 🤣🤣🤣🤣,2026-05-04T13:56:54.827463+00:00,,https://www.facebook.com/100057335174945/posts/1030474368873726/?app=fbl
890179399251123,Micah M Mbewe naiwe nzelu ulibe mbuya,2026-05-04T13:56:54.827466+00:00,,https://www.facebook.com/100057335174945/posts/1030474368873726/?app=fbl
890179399251123,Gabriel Chishimba they are not doing well at all this is poor plan,2026-05-04T13:56:54.827469+00:00,,https://www.facebook.com/100057335174945/posts/1030474368873726/?app=fbl
8207205366024150,Nkululeko Matulula sorry..also in lsk but never experienced 24hrs without power,2026-05-04T13:56:54.827474+00:00,,https://www.facebook.com/100057335174945/posts/1030474368873726/?app=fbl
8207205366024150,"Kennedy Muzyamba us in  barastone power comes after one day,  and it only lasts for an hour",2026-05-04T13:56:54.827476+00:00,,https://www.facebook.com/100057335174945/posts/1030474368873726/?app=fbl
1093095268856355,Chanda Chanda it was randomly coming pakati apa and now they have stabilized the schedule meaning now you will be knowing what time it's coming and going that's the message in the English they said,2026-05-04T13:56:54.827480+00:00,,https://www.facebook.com/100057335174945/posts/1030474368873726/?app=fbl
1093095268856355,Mulenga Adrian you are right with the explanation. In Zambia we are just too many of us who are ignorant....I wish I could remember the page where someone explained what zesco meant on load shedding stability if they import power....,2026-05-04T13:56:54.827483+00:00,,https://www.facebook.com/100057335174945/posts/1030474368873726/?app=fbl
1093095268856355,Mulenga Adrian can u explain what they are simply saying about having power for 3 hours per day,2026-05-04T13:56:54.827486+00:00,,https://www.facebook.com/100057335174945/posts/1030474368873726/?app=fbl
1093095268856355,"Chanda Chanda it should be next year, since it has not happened this year",2026-05-04T13:56:54.827488+00:00,,https://www.facebook.com/100057335174945/posts/1030474368873726/?app=fbl
1093095268856355,"Manfred Kazia Simusokwe like they said you will be having 3hrs of power till the going on power solutions start working or when water comes but recently when 1 Maamba plant was being serviced the couldn't follow the schedule coz the pressure was too much even in the 3 hours and now that it's done, they will be able to schedule the loadshedding",2026-05-04T13:56:54.827491+00:00,,https://www.facebook.com/100057335174945/posts/1030474368873726/?app=fbl
1093095268856355,Chanda Chanda what a good question,2026-05-04T13:56:54.827494+00:00,,https://www.facebook.com/100057335174945/posts/1030474368873726/?app=fbl
1093095268856355,Chanda Chanda I guess they meant 1st October 2026 😂,2026-05-04T13:56:54.827496+00:00,,https://www.facebook.com/100057335174945/posts/1030474368873726/?app=fbl
1093095268856355,"Chanda Chanda it's October 2025 my dear, elections the following year ☹️",2026-05-04T13:56:54.827499+00:00,,https://www.facebook.com/100057335174945/posts/1030474368873726/?app=fbl
1464374354271951,Gracious T Kalyondo 😂😂😂😂😂 awe mwandi you can laugh when you supposed to get upset,2026-05-04T13:56:54.827501+00:00,,https://www.facebook.com/100057335174945/posts/1030474368873726/?app=fbl
1464374354271951,Mutinta Tintili 😂😂😂Batipesha aba bantu..they should just keep their power ah ma excuse deileee😂😂😂,2026-05-04T13:56:54.827504+00:00,,https://www.facebook.com/100057335174945/posts/1030474368873726/?app=fbl
1464374354271951,Gracious T Kalyondo   Elo they just announce things that are already the ground,2026-05-04T13:56:54.827507+00:00,,https://www.facebook.com/100057335174945/posts/1030474368873726/?app=fbl
1464374354271951,Gracious T Kalyondo I wanted to tag you I don't know what distracted me 😂,2026-05-04T13:56:54.827510+00:00,,https://www.facebook.com/100057335174945/posts/1030474368873726/?app=fbl
1464374354271951,Mutinta Tintili Exactly! Same story everyday..🚩🚩🚩😂,2026-05-04T13:56:54.827512+00:00,,https://www.facebook.com/100057335174945/posts/1030474368873726/?app=fbl
1464374354271951,Masapula Tembo Chipeta Awe they should stop updating😂,2026-05-04T13:56:54.827515+00:00,,https://www.facebook.com/100057335174945/posts/1030474368873726/?app=fbl
958142769405125,It can be a good but in a few months things would go sideways from bad to worse cus the economy and the cost of living would be raised higher than we’re facing now.,2026-05-04T13:56:54.827517+00:00,,https://www.facebook.com/100057335174945/posts/1030474368873726/?app=fbl
958142769405125,Mashata Sebby you have a point there,2026-05-04T13:56:54.827519+00:00,,https://www.facebook.com/100057335174945/posts/1030474368873726/?app=fbl
958142769405125,"Mashata Sebby kkkkk subsidizing mealmeal cant be a suistanable solution, atleast let the goverment have goverment farms,to be producing enough maize too feed the nation,so that the maize from farmers will be left oh targeted for export, the only things they can subsidize is fuel,using cdf money, 30million per constiuency is too much,let it be reduced to 10 million,so that the 10million multiply by the total number of constituency,which is 156,that money will be used to lower price of things on the market",2026-05-04T13:56:54.827524+00:00,,https://www.facebook.com/100057335174945/posts/1030474368873726/?app=fbl
851116133455292,"Estella Chetulo imagine,every time group E ni night shift",2026-05-04T13:56:54.827526+00:00,,https://www.facebook.com/100057335174945/posts/1030474368873726/?app=fbl
851116133455292,Estella Chetulo hehehehe I see,2026-05-04T13:56:54.827529+00:00,,https://www.facebook.com/100057335174945/posts/1030474368873726/?app=fbl
851116133455292,Estella Chetulo Imagine sure ise ma salon😭😭😭😭,2026-05-04T13:56:54.827532+00:00,,https://www.facebook.com/100057335174945/posts/1030474368873726/?app=fbl
851116133455292,Estella Chetulo last time it came around 0340,2026-05-04T13:56:54.827534+00:00,,https://www.facebook.com/100057335174945/posts/1030474368873726/?app=fbl
851116133455292,Hope Eastwoodss see this comment 😂,2026-05-04T13:56:54.827537+00:00,,https://www.facebook.com/100057335174945/posts/1030474368873726/?app=fbl
851116133455292,"Estella Chetulo imagine ai atleast  early morning  we can wash ,fetch some water and clean .zesco serious what am I doing midnight kuno ku Kamwala south those who don’t have boreholes fetch water at midnight kids girls midnight",2026-05-04T13:56:54.827540+00:00,,https://www.facebook.com/100057335174945/posts/1030474368873726/?app=fbl
851116133455292,Feli Lex how's she bitter?,2026-05-04T13:56:54.827543+00:00,,https://www.facebook.com/100057335174945/posts/1030474368873726/?app=fbl
851116133455292,"Feli Lex and you just praise for nothing 

Sometimes stand for the truth shaaa",2026-05-04T13:56:54.827545+00:00,,https://www.facebook.com/100057335174945/posts/1030474368873726/?app=fbl
851116133455292,Feli Lex ....yes am bitter!!!! Why won't I be when am being subjected to mediocracy???,2026-05-04T13:56:54.827548+00:00,,https://www.facebook.com/100057335174945/posts/1030474368873726/?app=fbl
851116133455292,Feli Lex .. let it my guy since you are God....why should my comment make you mad?,2026-05-04T13:56:54.827551+00:00,,https://www.facebook.com/100057335174945/posts/1030474368873726/?app=fbl
1037256991273637,"This is a joke of some kind, you guys running this company are just failures milking it further, you have run down our small businesses, it's getting bad on the ground yet you sit in those offices doing nothing to improve the situation, who can honestly use electricity at midnight? Jokers",2026-05-04T13:56:54.827553+00:00,,https://www.facebook.com/100057335174945/posts/1030474368873726/?app=fbl
1085326269775559,"Manje nivi chani ivi manje 00:00 to 03 🤦🏽‍♂️🤦🏽‍♂️🤦🏽‍♂️
This is supposed to be a bit better? Ahhhh",2026-05-04T13:56:54.827556+00:00,,https://www.facebook.com/100057335174945/posts/1030474368873726/?app=fbl
880439590817413,"You give us electricity from 00:00 to 03:00, then we do what with it? We use to find a missing candle 🕯? Just distribute it to other 3 residential areas and give them 4hrs instead.",2026-05-04T13:56:54.827559+00:00,,https://www.facebook.com/100057335174945/posts/1030474368873726/?app=fbl
506363162192492,"We have a serious problem at ZESCO.  This level of incompetence has continued for far too long. How do we end up with 3 hours of power per day, the same as before the availability of 300 MW from Maamba, the importation of 400 MW max, etc 🤔. Zesco Limited should be serious",2026-05-04T13:56:54.827563+00:00,,https://www.facebook.com/100057335174945/posts/1030474368873726/?app=fbl
1676940039539889,Is this the stability of power we have been hearing from Zesco management. Wow!! this is a joke. I thought we will move to 7 hours from 3 hours kanshi It's the same. I wish you just kept quiet than raising our hopes,2026-05-04T13:56:54.827566+00:00,,https://www.facebook.com/100057335174945/posts/1030474368873726/?app=fbl
404972345757790,"I don't see a reason for importing power, if we can continue to have power for three hours, this is total madness. I didn't no that this is what they meant when they where saying stable supply...",2026-05-04T13:56:54.827568+00:00,,https://www.facebook.com/100057335174945/posts/1030474368873726/?app=fbl
496921279841379,You even have energy to type schedule ya 3 hours. Kwena this is a joke 😆. Ati I went to work & made schedule ya 3 hrs power rationing.,2026-05-04T13:56:54.827571+00:00,,https://www.facebook.com/100057335174945/posts/1030474368873726/?app=fbl
566088905874675,"So we are still with 3 hours of power for residentials dispite the coming back of Maamba Coaliers and the much talked about of importation of Power?
Why not just come out in the open and tell Nation ""the whole truth and nothing but the truth"" ?",2026-05-04T13:56:54.827574+00:00,,https://www.facebook.com/100057335174945/posts/1030474368873726/?app=fbl
519598280878257,"That last part of this statement wasn't necessary cause you know others go for over 48 hours without power.
We just pray God grants us good rains this season cause these write ups aren't helping. 
Even the resilient get tired. We are tired.
With this heat we can't even drink ice cold water. May we never experience this in our lives again.",2026-05-04T13:56:54.827576+00:00,,https://www.facebook.com/100057335174945/posts/1030474368873726/?app=fbl
512809911557124,"Zesco Limited and ERB,is this what we were waiting for the entire month of September? Just 3 hours of power in a day?You should learn to keep quiet and let the work speak for it self.and the energy minister was even bringing when talking shame on you.",2026-05-04T13:56:54.827579+00:00,,https://www.facebook.com/100057335174945/posts/1030474368873726/?app=fbl
1354102469308281,Prester Nkonde muli nobuloshi .,2026-05-04T13:56:54.827582+00:00,,https://www.facebook.com/100057335174945/posts/1030474368873726/?app=fbl
1354102469308281,Prester Nkonde my question as well what can you do at that time? Only switch on the geyser,2026-05-04T13:56:54.827587+00:00,,https://www.facebook.com/100057335174945/posts/1030474368873726/?app=fbl
1354102469308281,Prester Nkonde it’s hurting n traumatising,2026-05-04T13:56:54.827590+00:00,,https://www.facebook.com/100057335174945/posts/1030474368873726/?app=fbl
1354102469308281,Imagine waking up to iron at that time elo you're supposed to be productive at work the following day.,2026-05-04T13:56:54.827593+00:00,,https://www.facebook.com/100057335174945/posts/1030474368873726/?app=fbl
890179399251123,Gabriel Chishimba malaika 😂,2026-05-04T13:56:54.827596+00:00,,https://www.facebook.com/100057335174945/posts/1030474368873726/?app=fbl
1676940039539889,Lee Vag ati the learned people I really wonder what these guys think of us Zambians,2026-05-04T13:56:54.827599+00:00,,https://www.facebook.com/100057335174945/posts/1030474368873726/?app=fbl
404972345757790,"Dargly Chibwe even @ the hospital when a doctor say,the situation is stable just know the situation na same same,nimu new dawn boi",2026-05-04T13:56:54.827601+00:00,,https://www.facebook.com/100057335174945/posts/1030474368873726/?app=fbl
404972345757790,Dargly Chibwe imagine ai,2026-05-04T13:56:54.827604+00:00,,https://www.facebook.com/100057335174945/posts/1030474368873726/?app=fbl
506363162192492,"Nayunda Wamunyima , good analysis!",2026-05-04T13:56:54.827607+00:00,,https://www.facebook.com/100057335174945/posts/1030474368873726/?app=fbl
506363162192492,"Nayunda Wamunyima your majesty, bweshenimo umutima",2026-05-04T13:56:54.827610+00:00,,https://www.facebook.com/100057335174945/posts/1030474368873726/?app=fbl
506363162192492,"Chisenga Suleiman Kasolo people should earn their salaries. Right now, ZESCO are getting free money at the expense of the tax payers.",2026-05-04T13:56:54.827613+00:00,,https://www.facebook.com/100057335174945/posts/1030474368873726/?app=fbl
506363162192492,Nayunda Wamunyima  im confused...can someone wake me up......God have mercy on us,2026-05-04T13:56:54.827616+00:00,,https://www.facebook.com/100057335174945/posts/1030474368873726/?app=fbl
880439590817413,Wiza Simuchimba exactly my thought power comes kuma 01 really what do you do with it aiiii ba Zesco Limited you can do better,2026-05-04T13:56:54.827620+00:00,,https://www.facebook.com/100057335174945/posts/1030474368873726/?app=fbl
880439590817413,Wiza Simuchimba ala mwandi kuti wapapa. .... Elo Whoever suggested midnight to 03 is not serious,2026-05-04T13:56:54.827622+00:00,,https://www.facebook.com/100057335174945/posts/1030474368873726/?app=fbl
880439590817413,"So The whole of Zesco Management sat to deliberate on the hours.... And came up with midnight to 03🤔, bafolelapo na sitting allowance.",2026-05-04T13:56:54.827625+00:00,,https://www.facebook.com/100057335174945/posts/1030474368873726/?app=fbl
880439590817413,Monde Naomi Havuluma But it's rotational,2026-05-04T13:56:54.827627+00:00,,https://www.facebook.com/100057335174945/posts/1030474368873726/?app=fbl
880439590817413,Daniel Kapandula Mweene aaaah,2026-05-04T13:56:54.827630+00:00,,https://www.facebook.com/100057335174945/posts/1030474368873726/?app=fbl
880439590817413,Wiza Simuchimba I swear this is so unbearable 😭😭😭,2026-05-04T13:56:54.827633+00:00,,https://www.facebook.com/100057335174945/posts/1030474368873726/?app=fbl
880439590817413,Wiza Simuchimba 🤣🤣,2026-05-04T13:56:54.827636+00:00,,https://www.facebook.com/100057335174945/posts/1030474368873726/?app=fbl
1037256991273637,"Elton PC Hambaba The failed project 😞😞 Bro 
They have failed ma sweet talkers aba",2026-05-04T13:56:54.827639+00:00,,https://www.facebook.com/100057335174945/posts/1030474368873726/?app=fbl
1462108041154175,"This does not align with the Minister's pronouncement. He said the load shedding will be for 17 hours effective first week of October.. Meaning consumers we will be having power for 7 hours. This three hours has always been there, the only new thing is just the timetable that ZESCO has published.",2026-05-04T13:56:54.827641+00:00,,https://www.facebook.com/100057335174945/posts/1030474368873726/?app=fbl
1198753218076537,We thought that from 1st October things will be better as in having electricity at least 5hrs to 6hrs per day but it's just the same. I don't know the better they were talking about or what they meant 🤔🤔,2026-05-04T13:56:54.827644+00:00,,https://www.facebook.com/100057335174945/posts/1030474368873726/?app=fbl
451194920685373,This is the improvement they promised zambia people?,2026-05-04T13:56:54.827647+00:00,,https://www.facebook.com/100057335174945/posts/1030474368873726/?app=fbl
1242573350102183,"Even drafting a timetable for the 3 hours supply?
You should have just kept quiet and ignored what the minister Said under pressure from Costa.",2026-05-04T13:56:54.827650+00:00,,https://www.facebook.com/100057335174945/posts/1030474368873726/?app=fbl
9109257635755225,You should t have even posted this rubbish  otherwise we are using seating in the dark,2026-05-04T13:56:54.827653+00:00,,https://www.facebook.com/100057335174945/posts/1030474368873726/?app=fbl
1250069156002665,Group E always has the worst schedule. What are we supposed to do with power from Mid-night to 03?,2026-05-04T13:56:54.827657+00:00,,https://www.facebook.com/100057335174945/posts/1030474368873726/?app=fbl
1170215497417996,This is embarrassing Zesco Limited  ..after all those unnecessary announcements of power improving and 2months of maintenance..this is the best you can do,2026-05-04T13:56:54.827659+00:00,,https://www.facebook.com/100057335174945/posts/1030474368873726/?app=fbl
928730689070139,Group E tinalakwa chani mulungu wanga sure? You are now openly telling us we are witches and wizards.,2026-05-04T13:56:54.827662+00:00,,https://www.facebook.com/100057335174945/posts/1030474368873726/?app=fbl
906324284760959,You promised that come 1st October power will stabilize .... Honestly is this the stability you were talking about?? Awe zesco you play too much and taking citizens for granted,2026-05-04T13:56:54.827665+00:00,,https://www.facebook.com/100057335174945/posts/1030474368873726/?app=fbl
1198520671491711,What difference has the same power you ve imported nd the Mega watts you ve sourced from maamba made..........close ZESCO its so useless its not serving its purpose,2026-05-04T13:56:54.827668+00:00,,https://www.facebook.com/100057335174945/posts/1030474368873726/?app=fbl
851116133455292,Feli Lex who wouldn't be bitter with 3 hours of electricity? Are you okay ba Feli?,2026-05-04T13:56:54.827671+00:00,,https://www.facebook.com/100057335174945/posts/1030474368873726/?app=fbl
807091348033010,Susan J Stephens am in..,2026-05-04T13:56:54.827675+00:00,,https://www.facebook.com/100057335174945/posts/1030474368873726/?app=fbl
807091348033010,Susan J Stephens count me in,2026-05-04T13:56:54.827678+00:00,,https://www.facebook.com/100057335174945/posts/1030474368873726/?app=fbl
807091348033010,Susan J Stephens for real 🤣,2026-05-04T13:56:54.827680+00:00,,https://www.facebook.com/100057335174945/posts/1030474368873726/?app=fbl
807091348033010,Susan J Stephens u😁😁 u have killed me ma'am 😁😁,2026-05-04T13:56:54.827683+00:00,,https://www.facebook.com/100057335174945/posts/1030474368873726/?app=fbl
807091348033010,Susan J Stephens I'm in,2026-05-04T13:56:54.827685+00:00,,https://www.facebook.com/100057335174945/posts/1030474368873726/?app=fbl
807091348033010,Zainab Mohammed I am in,2026-05-04T13:56:54.827688+00:00,,https://www.facebook.com/100057335174945/posts/1030474368873726/?app=fbl
807091348033010,"Susan J Stephens, let's do it inbox your number i create",2026-05-04T13:56:54.827691+00:00,,https://www.facebook.com/100057335174945/posts/1030474368873726/?app=fbl
807091348033010,Susan J Stephens Am in,2026-05-04T13:56:54.827693+00:00,,https://www.facebook.com/100057335174945/posts/1030474368873726/?app=fbl
807091348033010,Susan J Stephens good idea 😂😂😂,2026-05-04T13:56:54.827696+00:00,,https://www.facebook.com/100057335174945/posts/1030474368873726/?app=fbl
807091348033010,Susan J Stephens am telling you 😪,2026-05-04T13:56:54.827698+00:00,,https://www.facebook.com/100057335174945/posts/1030474368873726/?app=fbl
1064385481806396,"Kony Kumz 
Imagine aiii… what will we do with it at midnight?",2026-05-04T13:56:54.827701+00:00,,https://www.facebook.com/100057335174945/posts/1030474368873726/?app=fbl
1064385481806396,Kony Kumz imagine sis ayi...grown ups with degrees and PHDs....I blame the president he is too soft.,2026-05-04T13:56:54.827704+00:00,,https://www.facebook.com/100057335174945/posts/1030474368873726/?app=fbl
1064385481806396,Kony Kumz imagine!,2026-05-04T13:56:54.827707+00:00,,https://www.facebook.com/100057335174945/posts/1030474368873726/?app=fbl
1064385481806396,Mitshelle Mitchy K Katewile chani baba lelo,2026-05-04T13:56:54.827709+00:00,,https://www.facebook.com/100057335174945/posts/1030474368873726/?app=fbl
1064385481806396,Erica Mwewa pain good straight to the heart,2026-05-04T13:56:54.827713+00:00,,https://www.facebook.com/100057335174945/posts/1030474368873726/?app=fbl
1064385481806396,Kony Kumz imagine ba chita na approve lol seriously 🤣 😐 😆  zambian 🇿🇲 must work up,2026-05-04T13:56:54.827716+00:00,,https://www.facebook.com/100057335174945/posts/1030474368873726/?app=fbl
1064385481806396,Chawezi Mwale ATI approved for immediate action🤣🤣🤣,2026-05-04T13:56:54.827719+00:00,,https://www.facebook.com/100057335174945/posts/1030474368873726/?app=fbl
1064385481806396,Kony Kumz ba tota no tota 👏👏👏👏 na sitting allowance na transport allowance yah ngena no chongesa ticket ya salary lol 😆 😄  come month end fully paid 😆 😄,2026-05-04T13:56:54.827722+00:00,,https://www.facebook.com/100057335174945/posts/1030474368873726/?app=fbl
1064385481806396,Feli Lex is that a new word for you? Did you just learn it? Do you even know what it means?,2026-05-04T13:56:54.827726+00:00,,https://www.facebook.com/100057335174945/posts/1030474368873726/?app=fbl
1064385481806396,Feli Lex please ba ma motoka osa ngenela nkani ya ise ba ma Ganda. Bu pee brain uko,2026-05-04T13:56:54.827729+00:00,,https://www.facebook.com/100057335174945/posts/1030474368873726/?app=fbl
928730689070139,Flavia Mwenzi Phiri imagine sure everytime it's us power coming in the night,2026-05-04T13:56:54.827732+00:00,,https://www.facebook.com/100057335174945/posts/1030474368873726/?app=fbl
928730689070139,Flavia Mwenzi Phiri tiyeni che tiba lowe be ZESCO pa last 😅ine I am tired,2026-05-04T13:56:54.827734+00:00,,https://www.facebook.com/100057335174945/posts/1030474368873726/?app=fbl
928730689070139,Mwewa Kashell Mwaba ayamu tayadi too. I literally ran away from my rented apartment. Mudima everyday. Nayo ma nyumba yavuta kupeza,2026-05-04T13:56:54.827737+00:00,,https://www.facebook.com/100057335174945/posts/1030474368873726/?app=fbl
928730689070139,Flavia Mwenzi Phiri I know what you mean.,2026-05-04T13:56:54.827739+00:00,,https://www.facebook.com/100057335174945/posts/1030474368873726/?app=fbl
928730689070139,Mwewa Kashell Mwaba it's frustrating 😑,2026-05-04T13:56:54.827742+00:00,,https://www.facebook.com/100057335174945/posts/1030474368873726/?app=fbl
9109257635755225,Tiyeko Muyunji Rosemary Mwase a bunch of clowns,2026-05-04T13:56:54.827745+00:00,,https://www.facebook.com/100057335174945/posts/1030474368873726/?app=fbl
1462108041154175,Able Mwambela my sediments too jus wondering,2026-05-04T13:56:54.827749+00:00,,https://www.facebook.com/100057335174945/posts/1030474368873726/?app=fbl
1198520671491711,Christine none at all!,2026-05-04T13:56:54.827752+00:00,,https://www.facebook.com/100057335174945/posts/1030474368873726/?app=fbl
925974862884776,"Which fault, coz the whole Zesco is all a fault,, and you want us to report a fault to a fault",2026-05-04T13:56:54.827755+00:00,,https://www.facebook.com/100057335174945/posts/1030474368873726/?app=fbl
1285478359500648,"3 days of completely no power honestly? Chilenje south, Lazymens area.  ZESCO is there a fault in this area because this is too much.",2026-05-04T13:56:54.827758+00:00,,https://www.facebook.com/100057335174945/posts/1030474368873726/?app=fbl
1084462483195353,"Is it that you people think we are dull or you're just playing naive? Before your routine maintenance at maamba collieries, you announced load shedding of UpTo 17 hours which got interrupted by your maintenance, that's why you announced that we will only be having supply of 3 hours until things normalize on 1 October. Come the day, you people want to maintain the 3 hours instead of cutting supply for the scheduled 17 hours before the maintenance. Seriously, elo this your timetable if you won't follow it and it happens I am baking you cut before time, I tell you, I'll come to your office and you'll refund me.😡",2026-05-04T13:56:54.827761+00:00,,https://www.facebook.com/100057335174945/posts/1030474368873726/?app=fbl
1246213213250298,"So this is stable? Let's sale this country and share the money . This is nosense. From 2 hrs to 3 hrs ATI stable? Sale to Elon musk, then we share the money . Everybody goes were they want.",2026-05-04T13:56:54.827764+00:00,,https://www.facebook.com/100057335174945/posts/1030474368873726/?app=fbl
1036372294614865,"3 hours of power only mu country sure, ati iyo tuleteka! 2026 voter's card isebenze please!",2026-05-04T13:56:54.827766+00:00,,https://www.facebook.com/100057335174945/posts/1030474368873726/?app=fbl
1196126074773508,"We need a schedule for Kitwe,we are not all  residents of Lusaka.",2026-05-04T13:56:54.827769+00:00,,https://www.facebook.com/100057335174945/posts/1030474368873726/?app=fbl
882125813911804,So you bring power at 24 and switch of at 03?Are we witches to stay up awake during that time....be serious,2026-05-04T13:56:54.827772+00:00,,https://www.facebook.com/100057335174945/posts/1030474368873726/?app=fbl
385043538016882,"Then there is no improvement, no need of getting 400megawatt because nothing has changed. Stop even posting your Schedule there no difference we are used",2026-05-04T13:56:54.827775+00:00,,https://www.facebook.com/100057335174945/posts/1030474368873726/?app=fbl
901209128559441,Why do we need power from 24:00 to 03:00,2026-05-04T13:56:54.827777+00:00,,https://www.facebook.com/100057335174945/posts/1030474368873726/?app=fbl
1191499471964636,"Why was the entire MD and Minister of Energy giving speeches like some significant improvements were going to happen.? You should've just kept quiet this is a joke to say the list. All those headlines in the press giving people hope only to be told we are going to ""enjoy"" 3 hours of electricity? 🤦🏿🤦🏿",2026-05-04T13:56:54.827780+00:00,,https://www.facebook.com/100057335174945/posts/1030474368873726/?app=fbl
1250069156002665,Constance Chibuye sure we should be ironing clothes at midnight,2026-05-04T13:56:54.827783+00:00,,https://www.facebook.com/100057335174945/posts/1030474368873726/?app=fbl
807091348033010,Susan J Stephens am in Sue🤣😅,2026-05-04T13:56:54.827786+00:00,,https://www.facebook.com/100057335174945/posts/1030474368873726/?app=fbl
807091348033010,Susan J Stephens am in 😂😂,2026-05-04T13:56:54.827788+00:00,,https://www.facebook.com/100057335174945/posts/1030474368873726/?app=fbl
807091348033010,Susan J Stephens have people sent numbers??? please let's create this group,2026-05-04T13:56:54.827794+00:00,,https://www.facebook.com/100057335174945/posts/1030474368873726/?app=fbl
807091348033010,Susan J Stephens  Share link please because ine I can't manage,2026-05-04T13:56:54.827797+00:00,,https://www.facebook.com/100057335174945/posts/1030474368873726/?app=fbl
1191499471964636,Francis Musamba Nkhoma vazee che,2026-05-04T13:56:54.827803+00:00,,https://www.facebook.com/100057335174945/posts/1030474368873726/?app=fbl
1191499471964636,Francis Musamba Nkhoma FIRST IT WAS DISCUSSED DURING THEIR CABINET MEETING AND THEN DELIVERED TO THE PUBLIC. AND WE ALL KNOW WHO IS THE HEAD OF CABINET,2026-05-04T13:56:54.827807+00:00,,https://www.facebook.com/100057335174945/posts/1030474368873726/?app=fbl
853539713619064,We are on 3 hours and yet you are saying starting from today you'll be giving us 3hrs of power then what are you doing. Let's just wait for the rains don't confuse us.,2026-05-04T13:56:54.827811+00:00,,https://www.facebook.com/100057335174945/posts/1030474368873726/?app=fbl
950199157151460,"Please don't do this thing for groups n specific timings? I think we're getting used to the current timings...  unlike this for groups where if we don't have for extended periods when we enquire we're ever told that we are following timing of the wrong group, the things I have to say regarding or repeating the responses we've recieved,  it's a sad thing",2026-05-04T13:56:54.827816+00:00,,https://www.facebook.com/100057335174945/posts/1030474368873726/?app=fbl
1047142153559111,Are these schedules changing on a weekly basis?  We cannot survive with power only from 24 hrs to 03 hrs for the foreseeable future.,2026-05-04T13:56:54.827819+00:00,,https://www.facebook.com/100057335174945/posts/1030474368873726/?app=fbl
1076865154013169,"My area has had no power for 3 days, I call ZESCO and they tell me to wait for power what's that honestly",2026-05-04T13:56:54.827822+00:00,,https://www.facebook.com/100057335174945/posts/1030474368873726/?app=fbl
1052945053170961,Increase the tarrif and import electricity and let people have electricity. This is unacceptable and it's affecting people's lives very negatively,2026-05-04T13:56:54.827830+00:00,,https://www.facebook.com/100057335174945/posts/1030474368873726/?app=fbl
755024906748125,Zesco  stop this rubbish.  Can you start rotation  in Nkwazi  overspill Ndola. 5 months on fixed  timetable   lights only comes after 01 and goes 3/4. Who will be up on this time. Somewhere else there enjoying.  We can't  afford  solar come 2026 will be voting  according to what we're seeing no need of people  coming  to tell us lies.,2026-05-04T13:56:54.827838+00:00,,https://www.facebook.com/100057335174945/posts/1030474368873726/?app=fbl
1236182667430092,"But zoona, after giving us hope that October things will stabilise, kanshi u are giving us the same 3 hours that u failed to maintain/follow. On my part I thought it would 12 hours of plenty of power and 12 hours of black out, but nuh..Ishhh.",2026-05-04T13:56:54.827844+00:00,,https://www.facebook.com/100057335174945/posts/1030474368873726/?app=fbl
1638738503353870,"So after the fuss and statements and press briefings, only to have power for 3 hours 🙄 oh my...",2026-05-04T13:56:54.827852+00:00,,https://www.facebook.com/100057335174945/posts/1030474368873726/?app=fbl
509915288589240,So when Mamba was under going maintenance in September we where subjected to 3 hrs loadshedding daily know with mamba at full operations plus imports form  SA and we are still in 3 hrs of power. Things don't add up. It's incompetence at it's highest level.,2026-05-04T13:56:54.827858+00:00,,https://www.facebook.com/100057335174945/posts/1030474368873726/?app=fbl
890124622628496,in Chilenje south kalomo road we have no power since Sunday  it only came today at 16:hrs for less than 10minutes and went  so what is zesco saying  stops fooling people,2026-05-04T13:56:54.827886+00:00,,https://www.facebook.com/100057335174945/posts/1030474368873726/?app=fbl
901209128559441,Donald Tembo 😂😂😂😂awe you can ask,2026-05-04T13:56:54.827890+00:00,,https://www.facebook.com/100057335174945/posts/1030474368873726/?app=fbl
901209128559441,Tolopa M Jurat Imagine,2026-05-04T13:56:54.827892+00:00,,https://www.facebook.com/100057335174945/posts/1030474368873726/?app=fbl
901209128559441,Donald Tembo have really laughed.....you sleep without power and wake up without power,2026-05-04T13:56:54.827897+00:00,,https://www.facebook.com/100057335174945/posts/1030474368873726/?app=fbl
901209128559441,Donald Tembo to see where the chemba is placed🤣🤣🤣,2026-05-04T13:56:54.827900+00:00,,https://www.facebook.com/100057335174945/posts/1030474368873726/?app=fbl
901209128559441,Daniel Mwanza Imagine ayi,2026-05-04T13:56:54.827902+00:00,,https://www.facebook.com/100057335174945/posts/1030474368873726/?app=fbl
1285478359500648,Chilufya Chanda Thawe it's everywhere my dearest,2026-05-04T13:56:54.827905+00:00,,https://www.facebook.com/100057335174945/posts/1030474368873726/?app=fbl
1285478359500648,"Alice Mwenya no it's not everywhere, other areas have been having power.",2026-05-04T13:56:54.827907+00:00,,https://www.facebook.com/100057335174945/posts/1030474368873726/?app=fbl
882125813911804,Moffat Nel Mudenda 🤣🤣🤣🤣🤣🤣u have me laughing in slow motion,2026-05-04T13:56:54.827909+00:00,,https://www.facebook.com/100057335174945/posts/1030474368873726/?app=fbl
882125813911804,Moffat Nel Mudenda totally ridiculous.,2026-05-04T13:56:54.827912+00:00,,https://www.facebook.com/100057335174945/posts/1030474368873726/?app=fbl
882125813911804,Moffat Nel Mudenda imagine what can we do at 24hrs,2026-05-04T13:56:54.827915+00:00,,https://www.facebook.com/100057335174945/posts/1030474368873726/?app=fbl
509915288589240,Lase Mwachisakulo the formula Zesco is using is not in any syllabus found on earth I suspect astronauts came with it from jupter,2026-05-04T13:56:54.827917+00:00,,https://www.facebook.com/100057335174945/posts/1030474368873726/?app=fbl
509915288589240,Geofrey Chimanda 🤣🤣🤣🤣🤣🤣,2026-05-04T13:56:54.827920+00:00,,https://www.facebook.com/100057335174945/posts/1030474368873726/?app=fbl
509915288589240,Lase Mwachisakulo 😂😂,2026-05-04T13:56:54.827922+00:00,,https://www.facebook.com/100057335174945/posts/1030474368873726/?app=fbl
950199157151460,"As mentioned,  power came and went twice during the night within the given 3 hours, we dont even have power now... what stability is this? I woke up to the smell of a burning cable",2026-05-04T13:56:54.827925+00:00,,https://www.facebook.com/100057335174945/posts/1030474368873726/?app=fbl
1047142153559111,"Maryann Franks it's beyond a joke, hope you are doing ok, message me if you ever need anything",2026-05-04T13:56:54.827927+00:00,,https://www.facebook.com/100057335174945/posts/1030474368873726/?app=fbl
832210558868472,"What nonsense is this, like we have nothing to all day, can you please rethink your stupid schedules, who will be waiting for power around that time. You can’t be switching on power ku 01 kwati ndise fwiti futi… I know you are useless but be reasonable in your timing no switching on power between 22 to 05 or 08 to 16… we go for work for crying out loud…",2026-05-04T13:56:54.827930+00:00,,https://www.facebook.com/100057335174945/posts/1030474368873726/?app=fbl
457696760614575,"We have been in group E for the past 1 month, even witches know us now. We wake up to draw water and prepare uniforms for work and school when others are sleeping. Awe this is just too much",2026-05-04T13:56:54.827933+00:00,,https://www.facebook.com/100057335174945/posts/1030474368873726/?app=fbl
2269644953433951,The good part I like with zesco is that to them this is stabilizing of power,2026-05-04T13:56:54.827935+00:00,,https://www.facebook.com/100057335174945/posts/1030474368873726/?app=fbl
838247315137285,Always shift the goal post. You already announced this in September and i am surprised you are again announcing it. The minister of energy communicated something else contrary to what you are talking about. Please consult each before you come to the public,2026-05-04T13:56:54.827938+00:00,,https://www.facebook.com/100057335174945/posts/1030474368873726/?app=fbl
1691605448079726,I have been in Lusaka for almost 3 weeks and have never seen power at home. Patiently waiting for 2026😝,2026-05-04T13:56:54.827943+00:00,,https://www.facebook.com/100057335174945/posts/1030474368873726/?app=fbl
1776953126445489,So basically we'll still not have power because you will be bringing power at ungodly hours. Anyway we are even used now.,2026-05-04T13:56:54.827945+00:00,,https://www.facebook.com/100057335174945/posts/1030474368873726/?app=fbl
832105195751637,"Is this the stability you were making noise about?🤣🤣🤣...we really will need therapy after all this over ndafya tachiona mwandi,dropping tears of joy at the sight of cold water to drink uhmmm ..",2026-05-04T13:56:54.827948+00:00,,https://www.facebook.com/100057335174945/posts/1030474368873726/?app=fbl
518678517458127,"Ba Zesco Limited  are a serious let down mwandi, haaaaaaa this is the hope you want to give us ai. 3 hrs for residential is supposed to do what for us ai, elo you same ones won't even be following theses stupid schedules ai.mxxxzzm",2026-05-04T13:56:54.827951+00:00,,https://www.facebook.com/100057335174945/posts/1030474368873726/?app=fbl
1077996387191257,So we are supposed to go outside at midnight to turn on the pump when it is no longer safe for us. Our electric fences don't work anymore. Awe ba ZESCO. Umumgulu WA so muleke,2026-05-04T13:56:54.827953+00:00,,https://www.facebook.com/100057335174945/posts/1030474368873726/?app=fbl
563119976377813,What rubbish 24hrs to 03 what’s the power for then??,2026-05-04T13:56:54.827956+00:00,,https://www.facebook.com/100057335174945/posts/1030474368873726/?app=fbl
1052945053170961,"Paul Ngonde Lukama Before increasing the tariff, can we be made to understand how much ZESCO makes, how much they spend on administrative costs and what their plan is. If truelly ZESCO is a loss making company, why are ZESCO employs among the most well renumeration workers? This idea of thinking more money solves management problems does not help the country. We keep talking about cost reflective tariff, ask how much electricity is in North Africa, a desert, its way cheaper. What we need is good management and remove the political hand from ZESCO. ZESCO has always been a cash cow for politicians and more recently (starting from PF Government), NAPSA is also becoming a cash cow. The deal with the real problems not imaginary ones",2026-05-04T13:56:54.827959+00:00,,https://www.facebook.com/100057335174945/posts/1030474368873726/?app=fbl
1052945053170961,Collins Chanda it's a total mess bru,2026-05-04T13:56:54.827961+00:00,,https://www.facebook.com/100057335174945/posts/1030474368873726/?app=fbl
1052945053170961,"Paul Ngonde Lukama Exactly and more money will nor solve it. Tariffs get to be increased in every regime yet things get worse. Already the budget for next year is very gloomy for an ordinary Zambian, how much more do we want to squeeze them?",2026-05-04T13:56:54.827964+00:00,,https://www.facebook.com/100057335174945/posts/1030474368873726/?app=fbl
853539713619064,Vuuse Mungaga nice DP 😊,2026-05-04T13:56:54.827966+00:00,,https://www.facebook.com/100057335174945/posts/1030474368873726/?app=fbl
853539713619064,Chabo Ta thanks lol,2026-05-04T13:56:54.827969+00:00,,https://www.facebook.com/100057335174945/posts/1030474368873726/?app=fbl
853539713619064,Vuuse Mungaga They lied again...,2026-05-04T13:56:54.827971+00:00,,https://www.facebook.com/100057335174945/posts/1030474368873726/?app=fbl
856562380018486,But we have had 2 to 3hrs of power for some time now…not making sense,2026-05-04T13:56:54.827973+00:00,,https://www.facebook.com/100057335174945/posts/1030474368873726/?app=fbl
574783971566588,You have said that if customers have not received power in 24hrs they should report but what about if we have excessive hours of power should we report also,2026-05-04T13:56:54.827976+00:00,,https://www.facebook.com/100057335174945/posts/1030474368873726/?app=fbl
1244428236983552,This is unacceptable we will be getting 300 from maamba and importing 500 making it 800 but we only be getting three hours  per day ? Mr President  make this make sense,2026-05-04T13:56:54.827979+00:00,,https://www.facebook.com/100057335174945/posts/1030474368873726/?app=fbl
563104089600203,"Why do you keep updating the public when you don’t even follow the timeline, eg Rhodespark doesn’t have power for days and when it’s restored it’s less than three hours 
Stop wasting your bundles and ours mxxxxxxxxxxxm 😤😤😤😤😡😡😡",2026-05-04T13:56:54.827983+00:00,,https://www.facebook.com/100057335174945/posts/1030474368873726/?app=fbl
1728395714667226,U don’t have brains ba zesco the country on normal basis it’s 750 mgw and now you have currently 400 mgw and you give people 3hrs and you think people are of the nation are too dumb for you,2026-05-04T13:56:54.827986+00:00,,https://www.facebook.com/100057335174945/posts/1030474368873726/?app=fbl
3457293421231217,A whole press conference was called just for customers to receive 3 hours of power at awkward hours. Stand up comedy.,2026-05-04T13:56:54.827988+00:00,,https://www.facebook.com/100057335174945/posts/1030474368873726/?app=fbl
1581010249505049,"Nanga 06-09hrs and 19-22hrs ina lakwa chani..because that timetable for residential areas is giving us nothing, I wonder who planned that..SMH",2026-05-04T13:56:54.827991+00:00,,https://www.facebook.com/100057335174945/posts/1030474368873726/?app=fbl
508895165447192,Connecting power in the most useless hours of the day for Residentials is equivalent to no Power at all.... 🤦‍♂️ so that we what with power from 10 to 13hrs 🤌🤌?? 17 to 22hrs would have made a bit more sense.... 400 mega something down the drain . No difference et al,2026-05-04T13:56:54.827994+00:00,,https://www.facebook.com/100057335174945/posts/1030474368873726/?app=fbl
1041242257441372,"Very useless company indeed.
If I may ask, how many hours was being supplied the previous month of September, coz I thought it was already 3 hours.
Now which stability was being talked about.",2026-05-04T13:56:54.827996+00:00,,https://www.facebook.com/100057335174945/posts/1030474368873726/?app=fbl
1210435460175500,It's so unfortunately for us since Sunday we haven't yet seen power for 4 Days now we don't know whether this timetable is working accordingly or not. Just concerned am having hard times to understand the term 3-hours stability supply of power if it's the right word to use....,2026-05-04T13:56:54.827999+00:00,,https://www.facebook.com/100057335174945/posts/1030474368873726/?app=fbl
1691605448079726,Charlie Jr Carlos Tembo welcome to mongu iwe next week 🤣🤣🤣,2026-05-04T13:56:54.828002+00:00,,https://www.facebook.com/100057335174945/posts/1030474368873726/?app=fbl
1728395714667226,"Gabriel Sean Sumaili Jr. Yalipita 1000mw apa nomba,",2026-05-04T13:56:54.828004+00:00,,https://www.facebook.com/100057335174945/posts/1030474368873726/?app=fbl
1728395714667226,Frank Gee 🤣🤣🤣🤣🤣 I swear mbuzi zabanthu ishi,2026-05-04T13:56:54.828007+00:00,,https://www.facebook.com/100057335174945/posts/1030474368873726/?app=fbl
512977621524991,So what is new ba ZESCO?at least ka 6 hrs would have made sense.,2026-05-04T13:56:54.828010+00:00,,https://www.facebook.com/100057335174945/posts/1030474368873726/?app=fbl
8359233627524528,"Ba ZESCO should not get full salary pa month end because clearly they are telling us they will only be working for 3hrs . 

I mean, what will they be doing for the rest of the hours ?",2026-05-04T13:56:54.828012+00:00,,https://www.facebook.com/100057335174945/posts/1030474368873726/?app=fbl
1072713587703648,Zesco Limited kindly reproduce the spreadsheet for groups. We have lost track of our groups sir/madam. The groups have lost meaning as at present.,2026-05-04T13:56:54.828016+00:00,,https://www.facebook.com/100057335174945/posts/1030474368873726/?app=fbl
563949529398985,"Me as a Zambian citizen, there is nothing I can say…. In that 3hrs…. My phone and pc will be charged 😂😂😂😂😂😂😂… even cook soya pieces pa last😫😫😫😫😫",2026-05-04T13:56:54.828019+00:00,,https://www.facebook.com/100057335174945/posts/1030474368873726/?app=fbl
1558742851734596,So what do the group E members do with power at 24:00 hours - 03 hours!! Ninshii tulindoshiiiii Zesco Limited! You would have created that schedule in a such a way that you allow everyone to have access to power between 6 and 22 hours.,2026-05-04T13:56:54.828021+00:00,,https://www.facebook.com/100057335174945/posts/1030474368873726/?app=fbl
783967233759443,So this is the stable you were talking and I saw some people were even singing national anthem and busy mentioning the name of the president that is working hard as if it's something sensible.... Why can't you just say Takangiwa in Hon Garry Nkombo's voice Takangiwa unlike these madongo dongo,2026-05-04T13:56:54.828026+00:00,,https://www.facebook.com/100057335174945/posts/1030474368873726/?app=fbl
528561336436034,I listened to that briefing and I realised that my country has NO LEADERSHIP.  The president and the minister who did the speech together with everyone on that panel must resign on moral grounds.  Everyone who sat there and clapped must slap themselves. We are really a docile people.  😞😪😪😪.,2026-05-04T13:56:54.828028+00:00,,https://www.facebook.com/100057335174945/posts/1030474368873726/?app=fbl
536181802295761,"You initially proposed an increment in tariffs so that you import and now you have proposed a reduction. Promises from the head to the toes.
What a life. 
Always doing the opposite of what you say.",2026-05-04T13:56:54.828031+00:00,,https://www.facebook.com/100057335174945/posts/1030474368873726/?app=fbl
553686270397537,Here it's agony today... Power came yesterday around 22:00 and went at 07:30. 09:30 power was restored till now we still have power,2026-05-04T13:56:54.828033+00:00,,https://www.facebook.com/100057335174945/posts/1030474368873726/?app=fbl
418103374308192,One of the foolish updates I have heard today. Which one October you said you will end loadsheding?  Awe imbwa ndise for keeping hope's on you. Dead project. Please go for an industry break and close your officers. Va zee ala.,2026-05-04T13:56:54.828036+00:00,,https://www.facebook.com/100057335174945/posts/1030474368873726/?app=fbl
1072713587703648,Kelyson Mang'ola Zesco PR and their MD 🤔🤔🤔🙆🙅,2026-05-04T13:56:54.828039+00:00,,https://www.facebook.com/100057335174945/posts/1030474368873726/?app=fbl
1072713587703648,Michelo Joseph correct.,2026-05-04T13:56:54.828041+00:00,,https://www.facebook.com/100057335174945/posts/1030474368873726/?app=fbl
512977621524991,Dineo Karen you know...,2026-05-04T13:56:54.828044+00:00,,https://www.facebook.com/100057335174945/posts/1030474368873726/?app=fbl
1558742851734596,"Kelvis Chit's Musonda 
Bunching everyone in that period would overload the system.
They're doing everything possible but we also need to adjust to the current situation mune.",2026-05-04T13:56:54.828046+00:00,,https://www.facebook.com/100057335174945/posts/1030474368873726/?app=fbl
1558742851734596,"Petr Besa ba Besa, we have already sacrificed 21 hours, having power between 01 and 05 is tantamount to sacrificing 24 hours. Cause what do you do with power at that time. I understand it’s called load management, but I mean they are already cutting power for 21 hours to manage the load. I think splicing this three hours just to ensure people have access to power at the time they could find it useful would be great",2026-05-04T13:56:54.828049+00:00,,https://www.facebook.com/100057335174945/posts/1030474368873726/?app=fbl
783967233759443,Enock Banda 🤣🤣🤣🤣🤣🤣 as simple as that,2026-05-04T13:56:54.828052+00:00,,https://www.facebook.com/100057335174945/posts/1030474368873726/?app=fbl
783967233759443,Phillimon Junior Musachi exactly kuchila kunama bantu all the time...,2026-05-04T13:56:54.828054+00:00,,https://www.facebook.com/100057335174945/posts/1030474368873726/?app=fbl
783967233759443,Enock Banda ati 10 to 13 when power goes at 6 comes the other day 18hrs,2026-05-04T13:56:54.828057+00:00,,https://www.facebook.com/100057335174945/posts/1030474368873726/?app=fbl
783967233759443,Phillimon Junior Musachi Vikakanga vakanga no two ways and those who praise I don't know ngati Bali bwino or not cause hmmmm it's too much,2026-05-04T13:56:54.828059+00:00,,https://www.facebook.com/100057335174945/posts/1030474368873726/?app=fbl
528561336436034,Ngosa Chai Jemachi they think we are desperate for power ei,2026-05-04T13:56:54.828062+00:00,,https://www.facebook.com/100057335174945/posts/1030474368873726/?app=fbl
524806366833946,Our hosptal is load shaded everyday despite making communication with your public relation team to exempt it. Kwwf,2026-05-04T13:56:54.828064+00:00,,https://www.facebook.com/100057335174945/posts/1030474368873726/?app=fbl
836337398695683,Don't tell us just do what you want we care less.  You won't even? follow the schedule.,2026-05-04T13:56:54.828067+00:00,,https://www.facebook.com/100057335174945/posts/1030474368873726/?app=fbl
887467009989212,"At this point in time i doubt if this will even be true or possible, a whole Minister lied on tv unless he was speaking on matters he lacks competence in.",2026-05-04T13:56:54.828071+00:00,,https://www.facebook.com/100057335174945/posts/1030474368873726/?app=fbl
3396926853935962,Zesco can teach you how to insult it seems they have an enemy or ex in group E,2026-05-04T13:56:54.828074+00:00,,https://www.facebook.com/100057335174945/posts/1030474368873726/?app=fbl
1590117018602894,"We appreciate your efforts ba Zesco Limited amidst the storm, you're standing tall tirelessly. May it rain heavily so that your good works will be shown by everyone.",2026-05-04T13:56:54.828076+00:00,,https://www.facebook.com/100057335174945/posts/1030474368873726/?app=fbl
1199230334693940,Same old story just on a different day. Thought you are reducing the number of load shedding hours .,2026-05-04T13:56:54.828079+00:00,,https://www.facebook.com/100057335174945/posts/1030474368873726/?app=fbl
1579095093030596,You were not supposed to depend on water for electricity in the beginning knowing fully well it’s a landlocked country 😭😭😭😭🤦🏾‍♀️🤦🏾‍♀️🤦🏾‍♀️🤦🏾‍♀️,2026-05-04T13:56:54.828082+00:00,,https://www.facebook.com/100057335174945/posts/1030474368873726/?app=fbl
2216673018696203,"But even when Maamba was on Mantainance, it was three hours? What is going on imwe ayi! Stop tempting our temporary temper on this Subject! We expected 6hrs of lights on!!! 400 is quite huge! If we may ask, how many megawatts does Lusaka Consume alone?",2026-05-04T13:56:54.828084+00:00,,https://www.facebook.com/100057335174945/posts/1030474368873726/?app=fbl
545624321378045,"U gave 3 hrs bcoz of mamba maintainance,  now that mamba as bn restored to full capacity,  why are you guys playing with people's mind? Fishimyenifye twanaka,  u think everyone can afford to buy solar worth K50, 000? U jokers,  some of us we will not b reporting anything, muleshimyafye capwa 🙏🙏🙏🙏",2026-05-04T13:56:54.828087+00:00,,https://www.facebook.com/100057335174945/posts/1030474368873726/?app=fbl
1663711887818549,Vaupuba che... where is the 400mw you're importing and the much talked about mamba 3000mw? So that useless minister was just saying things and the opposite is happening,2026-05-04T13:56:54.828090+00:00,,https://www.facebook.com/100057335174945/posts/1030474368873726/?app=fbl
2216673018696203,Royd Kanyungu Boi these chaps are useless. In my area it doesn't even come for 3 to 4 days and when it comes it's only 1 hr 45mins.,2026-05-04T13:56:54.828093+00:00,,https://www.facebook.com/100057335174945/posts/1030474368873726/?app=fbl
2216673018696203,Maclan Siambilu boi Zesco is done,2026-05-04T13:56:54.828095+00:00,,https://www.facebook.com/100057335174945/posts/1030474368873726/?app=fbl
2717078595167447,And what happens to that welder who needs to feed his family 🥺24hrs to 03:hrs,2026-05-04T13:56:54.828098+00:00,,https://www.facebook.com/100057335174945/posts/1030474368873726/?app=fbl
541049748464792,"You promised us that starting from 1st October power will stabilize , so is this what you meant ?? Coz honestly things have gotten worse now. And plz stop promising people things you cannot manage we don't need your false promises.",2026-05-04T13:56:54.828100+00:00,,https://www.facebook.com/100057335174945/posts/1030474368873726/?app=fbl
1195076778383619,A grade 3 school drop out is asking that does this apply in Ndola or it's just Lusaka,2026-05-04T13:56:54.828103+00:00,,https://www.facebook.com/100057335174945/posts/1030474368873726/?app=fbl
513836767949976,"You told us that you will stabilized power and you will increase supply from 3 to more you told us about maamba Corries megga watts you promised us that from starting today will have power, my question is why did you have that press briefing were you mocking us or what, you are the worst management ever",2026-05-04T13:56:54.828106+00:00,,https://www.facebook.com/100057335174945/posts/1030474368873726/?app=fbl
1523971754908595,"Nga mwachiisunga fye 3 hours yenu iyo... Your services are by far the most Lousiest and disappointing,... How pathetic!",2026-05-04T13:56:54.828108+00:00,,https://www.facebook.com/100057335174945/posts/1030474368873726/?app=fbl
411363221999347,We sympathise with you thanks for the transparency 🙌🏾,2026-05-04T13:56:54.828111+00:00,,https://www.facebook.com/100057335174945/posts/1030474368873726/?app=fbl
557392640055746,"Mr Hakainde Hichilema , Zesco Limited is de-compaigning you sir.
Their promises are not true and as citizens we are angry. They promised us stable power supply, that is 3 hours per day. But as I'm typing, power came at Half past midnight, instead of midnight, and it has gone at 02:12am. That is exactly 1 hour and 42 minutes. 
In as much as we want to support this institution, they have made us to question their management.
Help us sir.
We have lost a lot of resources during this situation.",2026-05-04T13:56:54.828114+00:00,,https://www.facebook.com/100057335174945/posts/1030474368873726/?app=fbl
416899997778816,"Stop raising people's hopes, last month you were busy announcing how loadsheding was going to reduce in October today you are saying something different... For now just keep quiet",2026-05-04T13:56:54.828118+00:00,,https://www.facebook.com/100057335174945/posts/1030474368873726/?app=fbl
1088001716249717,Here in chirundu once power cuts even water it's automatic mwebantu Zesco Limited please kuno with the heat at 41 degrees we shall die we cry for me elderly and babies who can not defend themselves or speak Hakainde Hichilema help us here it's been so far 1 month without water and when we say it's hot we mean it,2026-05-04T13:56:54.828120+00:00,,https://www.facebook.com/100057335174945/posts/1030474368873726/?app=fbl
441218815638092,But isn’t this the same schedule we have been having,2026-05-04T13:56:54.828123+00:00,,https://www.facebook.com/100057335174945/posts/1030474368873726/?app=fbl
524806366833946,"Bwalya Lufungulo how do you conduct ama deliveries
Awe Zesco posako amano
🤔🤔",2026-05-04T13:56:54.828125+00:00,,https://www.facebook.com/100057335174945/posts/1030474368873726/?app=fbl
3396926853935962,Cathe Rine These awe mwe kuti twalufyanya,2026-05-04T13:56:54.828128+00:00,,https://www.facebook.com/100057335174945/posts/1030474368873726/?app=fbl
1043768537239482,"Foolishness is blaming HH for this, while Lungu and his administration used to loot mukula tree!  Lungu messed with climate! Deforestation! And here comes an idiot blaming HH for the current situation 🙄",2026-05-04T13:56:54.828131+00:00,,https://www.facebook.com/100057335174945/posts/1030474368873726/?app=fbl
525005757197715,"So this what the President hosted a meeting for at statehouse a few days ago,they even drunk mineral water for🤣🤣🤣🤣🤣,and this is all the MD sitting on a 300pin salary was making allowances for in public appearances.... I swear we're all jokers as a nation.",2026-05-04T13:56:54.828133+00:00,,https://www.facebook.com/100057335174945/posts/1030474368873726/?app=fbl
546781691262383,Why restoring power at midnight when people are sleeping? The one who makes this schedule is somehow bitter with Group D and E,2026-05-04T13:56:54.828136+00:00,,https://www.facebook.com/100057335174945/posts/1030474368873726/?app=fbl
506474755550925,Ba group E twali chula 🤣🤣🤣 you know what just keep your 3 hours,2026-05-04T13:56:54.828138+00:00,,https://www.facebook.com/100057335174945/posts/1030474368873726/?app=fbl
1322481728721964,So honestly speaking this is what the Minister and Zesco Limited MD have been bragging all this time kikikikiki.,2026-05-04T13:56:54.828141+00:00,,https://www.facebook.com/100057335174945/posts/1030474368873726/?app=fbl
1032543051998819,Is this schedule for lusaka residencies only  or the whole Zambia?,2026-05-04T13:56:54.828144+00:00,,https://www.facebook.com/100057335174945/posts/1030474368873726/?app=fbl
343388622192217,"Fishimwenifye completely...we have been experiencing 2-3days of no power, 3 hours doesn't even make sense",2026-05-04T13:56:54.828146+00:00,,https://www.facebook.com/100057335174945/posts/1030474368873726/?app=fbl
1546921865941095,"Is this the stability they were boasting about in parliament 2 weeks ago.
Hmmmmm",2026-05-04T13:56:54.828149+00:00,,https://www.facebook.com/100057335174945/posts/1030474368873726/?app=fbl
857993329821358,That's not good better you close it till further notice what is 3hours ati stabilize,2026-05-04T13:56:54.828151+00:00,,https://www.facebook.com/100057335174945/posts/1030474368873726/?app=fbl
1032891124985265,Finally the stable schedule is out😂😂😂 3hrs of nonsense. Awe 2024 is a year on its own.,2026-05-04T13:56:54.828155+00:00,,https://www.facebook.com/100057335174945/posts/1030474368873726/?app=fbl
506474755550925,"Sibongile Bongani Munthali :: 
I have been noticing how you have been complaining about Group E in style through out the year.. 😂😂😂",2026-05-04T13:56:54.828161+00:00,,https://www.facebook.com/100057335174945/posts/1030474368873726/?app=fbl
506474755550925,Sifuba P C Moola it’s pure torture these ends,2026-05-04T13:56:54.828164+00:00,,https://www.facebook.com/100057335174945/posts/1030474368873726/?app=fbl
506474755550925,"Sibongile Bongani Munthali :: 
I think ba Group E are just hated.. 
A lot from your group are very upset 😂😂😂",2026-05-04T13:56:54.828166+00:00,,https://www.facebook.com/100057335174945/posts/1030474368873726/?app=fbl
506474755550925,Sibongile Bongani Munthali at least you can switch one the fan whilst the mosquitoes attack and charge your phone for work lol,2026-05-04T13:56:54.828169+00:00,,https://www.facebook.com/100057335174945/posts/1030474368873726/?app=fbl
1032543051998819,Tika Deluca Lusaka residents,2026-05-04T13:56:54.828171+00:00,,https://www.facebook.com/100057335174945/posts/1030474368873726/?app=fbl
1032543051998819,"Flo Banda ok awe mwandi , nga ku kitwe filishani?",2026-05-04T13:56:54.828174+00:00,,https://www.facebook.com/100057335174945/posts/1030474368873726/?app=fbl
8541775629214624,Awe kulima update after update problem you think we are all from shang'ombo district,2026-05-04T13:56:54.828176+00:00,,https://www.facebook.com/100057335174945/posts/1030474368873726/?app=fbl
1248977712870266,Who wants to bet? For group E the next schedule will be from 22:00 to 01:00 hours,2026-05-04T13:56:54.828179+00:00,,https://www.facebook.com/100057335174945/posts/1030474368873726/?app=fbl
546850294398405,This is the highest mediocrity I ever experienced in this country. It's sad and painful to see this kind of nonsense being accepted and tolerated. We deserve better and not this. If they knew that they were not ready to stabilize power they should have just kept quiet,2026-05-04T13:56:54.828182+00:00,,https://www.facebook.com/100057335174945/posts/1030474368873726/?app=fbl
515069861139768,What's the purpose of having power from 24-03? You can't even charge your phone coz you'll be fast asleep!!!,2026-05-04T13:56:54.828184+00:00,,https://www.facebook.com/100057335174945/posts/1030474368873726/?app=fbl
1614093579487368,I think we are not in any group because no power for 3 days now,2026-05-04T13:56:54.828187+00:00,,https://www.facebook.com/100057335174945/posts/1030474368873726/?app=fbl
2198700187183517,I thought ZESCO was going to update us about the current situation for Manchester united coach 😒,2026-05-04T13:56:54.828189+00:00,,https://www.facebook.com/100057335174945/posts/1030474368873726/?app=fbl
8029215543854611,Some one to explain this in simpler terms🤔,2026-05-04T13:56:54.828192+00:00,,https://www.facebook.com/100057335174945/posts/1030474368873726/?app=fbl
897215618497398,Group E that time will be sleeping and still wakeup in the dark... Chalo ichi,2026-05-04T13:56:54.828195+00:00,,https://www.facebook.com/100057335174945/posts/1030474368873726/?app=fbl
575236308529715,"What is This😩😔😩
Ata🙅 Fyalungula",2026-05-04T13:56:54.828197+00:00,,https://www.facebook.com/100057335174945/posts/1030474368873726/?app=fbl
1237631794251548,From 24 to 03??? How does one make use of this scheduled time?,2026-05-04T13:56:54.828200+00:00,,https://www.facebook.com/100057335174945/posts/1030474368873726/?app=fbl
1546921865941095,Gretchen Chiluba ala bwafya my daughter. Let them just keep it 😂😂😂,2026-05-04T13:56:54.828202+00:00,,https://www.facebook.com/100057335174945/posts/1030474368873726/?app=fbl
1546921865941095,Gretchen Chiluba imagine 🤣,2026-05-04T13:56:54.828205+00:00,,https://www.facebook.com/100057335174945/posts/1030474368873726/?app=fbl
1546921865941095,Ruth Chanda imagine mummy boasting balelanda na yeah yeah yeah kwati fyamano fikesa awe mweee.,2026-05-04T13:56:54.828208+00:00,,https://www.facebook.com/100057335174945/posts/1030474368873726/?app=fbl
1032891124985265,Jasmine Lungu Chewe I swear.  How do we start waking up at midnight to charge utu ma light nama phone 🙄😂🤣 awe eku chula uku 🤣🤣,2026-05-04T13:56:54.828210+00:00,,https://www.facebook.com/100057335174945/posts/1030474368873726/?app=fbl
1032891124985265,Aggie Chanza Chewe Namachila Ala kuchula😂😂,2026-05-04T13:56:54.828213+00:00,,https://www.facebook.com/100057335174945/posts/1030474368873726/?app=fbl
2198700187183517,Chipeta Oscar wena😂😂,2026-05-04T13:56:54.828215+00:00,,https://www.facebook.com/100057335174945/posts/1030474368873726/?app=fbl
