comment_id,text,timestamp,author_name,source_url
976862873282333,Lweendo Miyoba Namakobo my sister it's like saying 2+5=7 and 1+6=7....nchimwi biyo .....,2026-05-04T13:54:42.207107+00:00,,https://www.facebook.com/100064560977290/posts/6124054071047970/?app=fbl
1393778251401137,Ati it’s increase to decrease 😝,2026-05-04T13:54:42.207138+00:00,,https://www.facebook.com/100064560977290/posts/6124054071047970/?app=fbl
408819144761920,This is not the first time we are been load shedded in this country....i remember we were load shedded under PF for more than six months...load shedding has been here for less than one week and you are complaining already. buy solar or genset and stop complaining.,2026-05-04T13:54:42.207147+00:00,,https://www.facebook.com/100064560977290/posts/6124054071047970/?app=fbl
1361256761308377,Oh I remember the tactics they are using they call it reverse reduction meaning you increase by 200% then you reduce by 100%.,2026-05-04T13:54:42.207154+00:00,,https://www.facebook.com/100064560977290/posts/6124054071047970/?app=fbl
1539253826550352,I remember the prophecy of Joshua ignla after he said  he's gonna win but he's not David but Saul,2026-05-04T13:54:42.207159+00:00,,https://www.facebook.com/100064560977290/posts/6124054071047970/?app=fbl
844750029934598,Mmmmm eya Mayo! So ati what have you done apapene! Anyway guys kuno ku Tee’s I’m even selling charcoal now so if you need malasha I’m available,2026-05-04T13:54:42.207165+00:00,,https://www.facebook.com/100064560977290/posts/6124054071047970/?app=fbl
879154983427096,"THIS is UPND Time but remember 2026 they will be on our home ground begging for mercy,,. We are watching",2026-05-04T13:54:42.207170+00:00,,https://www.facebook.com/100064560977290/posts/6124054071047970/?app=fbl
1338452506889039,"Power went at 05:00 came back around 16:00, again went at 22:00, came back around 04:00, so apa I’m just working up kuma 07:00 yaya 😡😡. They’ll damage our properties!!",2026-05-04T13:54:42.207175+00:00,,https://www.facebook.com/100064560977290/posts/6124054071047970/?app=fbl
8497039393670777,"Nonsense, only those with limited reasoning will celebrate this , otherwise work done is equal to negative 0.",2026-05-04T13:54:42.207180+00:00,,https://www.facebook.com/100064560977290/posts/6124054071047970/?app=fbl
724725065639374,I went in a shop and asked for Chelsea jersey the salesman said I should come back when I'm serious.,2026-05-04T13:54:42.207185+00:00,,https://www.facebook.com/100064560977290/posts/6124054071047970/?app=fbl
976862873282333,Caroline Miyoba nchimwe buyo ncobeni...,2026-05-04T13:54:42.207190+00:00,,https://www.facebook.com/100064560977290/posts/6124054071047970/?app=fbl
1338452506889039,Towera us it's 03:00 to 13:30 that same day again 17: 00 to 02: 39 next day,2026-05-04T13:54:42.207195+00:00,,https://www.facebook.com/100064560977290/posts/6124054071047970/?app=fbl
1338452506889039,Miche Warren's now can fridges survive?,2026-05-04T13:54:42.207200+00:00,,https://www.facebook.com/100064560977290/posts/6124054071047970/?app=fbl
1338452506889039,"Towera same here, it's went from 13 to 18 that same day again 23 to 05",2026-05-04T13:54:42.207204+00:00,,https://www.facebook.com/100064560977290/posts/6124054071047970/?app=fbl
1338452506889039,Buy fridge guard,2026-05-04T13:54:42.207208+00:00,,https://www.facebook.com/100064560977290/posts/6124054071047970/?app=fbl
1338452506889039,"Towera same here it went at 6hrs came back at 13:30hrs but again it's gone at 20:30hrs,, don't know the 6hrs they are talking about🙄",2026-05-04T13:54:42.207213+00:00,,https://www.facebook.com/100064560977290/posts/6124054071047970/?app=fbl
1393778251401137,Tinnah Shenky Shugah so you thought they were jocking ai,2026-05-04T13:54:42.207218+00:00,,https://www.facebook.com/100064560977290/posts/6124054071047970/?app=fbl
408819144761920,Felix Kumwamwasa bakamba finshi mulelanda namutupela indalama sha genset,2026-05-04T13:54:42.207223+00:00,,https://www.facebook.com/100064560977290/posts/6124054071047970/?app=fbl
408819144761920,Joshua Mukwemba who gives you money to buy Electricity units?,2026-05-04T13:54:42.207228+00:00,,https://www.facebook.com/100064560977290/posts/6124054071047970/?app=fbl
408819144761920,"Felix Kumwamwasa  I support you sir, load shedding was there even before upnd came into power, especially in Lusaka.",2026-05-04T13:54:42.207233+00:00,,https://www.facebook.com/100064560977290/posts/6124054071047970/?app=fbl
408819144761920,Phenia Chikakaila Exactly....all we have to do is understand that this too shall pass.,2026-05-04T13:54:42.207238+00:00,,https://www.facebook.com/100064560977290/posts/6124054071047970/?app=fbl
408819144761920,"Felix Kumwamwasa don't forget people voted out PF because HH promised to change this issue of load shedding, he was busy telling people ati it's not acceptable or you were not following?",2026-05-04T13:54:42.207242+00:00,,https://www.facebook.com/100064560977290/posts/6124054071047970/?app=fbl
408819144761920,Nickter Shartel Chanda Ask him.....,2026-05-04T13:54:42.207247+00:00,,https://www.facebook.com/100064560977290/posts/6124054071047970/?app=fbl
879154983427096,Frank Banda No mercy in 2026,2026-05-04T13:54:42.207252+00:00,,https://www.facebook.com/100064560977290/posts/6124054071047970/?app=fbl
879154983427096,Frank Banda Imwe this is not the first time we are been load shedded in this country....i remember we were load shedded under PF for more than six months...load shedding has been here for less than one week and you are complaining already. buy solar or genset and stop complaining.,2026-05-04T13:54:42.207256+00:00,,https://www.facebook.com/100064560977290/posts/6124054071047970/?app=fbl
879154983427096,Elizabeth Mwanza but why insult me ai?,2026-05-04T13:54:42.207261+00:00,,https://www.facebook.com/100064560977290/posts/6124054071047970/?app=fbl
879154983427096,Elizabeth Mwanza I feel sorry for your husband for Marrying an empty tin who can't even brain storm,2026-05-04T13:54:42.207267+00:00,,https://www.facebook.com/100064560977290/posts/6124054071047970/?app=fbl
879154983427096,"Felix Kumwamwasa the truth hurts I Repeat 2026 it will be home ground,,  

We know that no Mount of tears we can drop 💧 we can not Heard no matter how louder we can cry,, but ballot 🗳️ paper will speak the only language The will hear from a meanwell citizen of this beautiful mother Zambia",2026-05-04T13:54:42.207272+00:00,,https://www.facebook.com/100064560977290/posts/6124054071047970/?app=fbl
879154983427096,"Nelly Daka you are right no mercy,, The some way we have been told to fimba then after be bursted,,",2026-05-04T13:54:42.207276+00:00,,https://www.facebook.com/100064560977290/posts/6124054071047970/?app=fbl
879154983427096,Felix Kumwamwasa its  true  my  brother  some  people  think  they  are clever  then  others. The problem  is that we only look for the bad part  not good  part nowonder they kill each other.,2026-05-04T13:54:42.207281+00:00,,https://www.facebook.com/100064560977290/posts/6124054071047970/?app=fbl
879154983427096,Don't tell me that you were deaf and blind when (public failures pf) were in power,2026-05-04T13:54:42.207286+00:00,,https://www.facebook.com/100064560977290/posts/6124054071047970/?app=fbl
879154983427096,Frank Banda yes I agree with you,2026-05-04T13:54:42.207291+00:00,,https://www.facebook.com/100064560977290/posts/6124054071047970/?app=fbl
879154983427096,"Esther Mangala Yes baka fimba baka poka,,",2026-05-04T13:54:42.207295+00:00,,https://www.facebook.com/100064560977290/posts/6124054071047970/?app=fbl
1539253826550352,Isaac Zulu i miss that prophecy,2026-05-04T13:54:42.207310+00:00,,https://www.facebook.com/100064560977290/posts/6124054071047970/?app=fbl
1539253826550352,Isaac Zulu so you take these papas seriously? In Nigeria they're having elections in February but all papas are quiet because people of Nigeria know that they're conmen...,2026-05-04T13:54:42.207315+00:00,,https://www.facebook.com/100064560977290/posts/6124054071047970/?app=fbl
1539253826550352,Aimed Kahama Omar same here🥺 that's why God was avoiding him on the previous elections,2026-05-04T13:54:42.207320+00:00,,https://www.facebook.com/100064560977290/posts/6124054071047970/?app=fbl
1539253826550352,Isaac Zulu what did saul do,2026-05-04T13:54:42.207326+00:00,,https://www.facebook.com/100064560977290/posts/6124054071047970/?app=fbl
1539253826550352,Chishiba Jackie who appointed saul to the throne,2026-05-04T13:54:42.207330+00:00,,https://www.facebook.com/100064560977290/posts/6124054071047970/?app=fbl
1539253826550352,"Isaac Zulu u are lying and stop misleading people, Joshua ignla never said that, th prophet only said HH is destined to be th president of Zambia.",2026-05-04T13:54:42.207336+00:00,,https://www.facebook.com/100064560977290/posts/6124054071047970/?app=fbl
1539253826550352,Isaac Zulu true,2026-05-04T13:54:42.207340+00:00,,https://www.facebook.com/100064560977290/posts/6124054071047970/?app=fbl
1539253826550352,"Ann Hamatu Mulenga he mentioned it in his prophecy,,",2026-05-04T13:54:42.207345+00:00,,https://www.facebook.com/100064560977290/posts/6124054071047970/?app=fbl
1539253826550352,Isaac Zulu it's true,2026-05-04T13:54:42.207350+00:00,,https://www.facebook.com/100064560977290/posts/6124054071047970/?app=fbl
1539253826550352,Chishiba Jackie relax,2026-05-04T13:54:42.207355+00:00,,https://www.facebook.com/100064560977290/posts/6124054071047970/?app=fbl
724725065639374,Shy Gibbs-International Graphics not funny🥺 not all days are Sundays,2026-05-04T13:54:42.207359+00:00,,https://www.facebook.com/100064560977290/posts/6124054071047970/?app=fbl
724725065639374,Shy Gibbs-International Graphics so you think it's funny 😭,2026-05-04T13:54:42.207364+00:00,,https://www.facebook.com/100064560977290/posts/6124054071047970/?app=fbl
724725065639374,Shy Gibbs-International Graphics tell him ati we will arrest him together with that Harry Potter 🤣🤣,2026-05-04T13:54:42.207369+00:00,,https://www.facebook.com/100064560977290/posts/6124054071047970/?app=fbl
724725065639374,Shy Gibbs-International Graphics Let The Potter Ball Continue 😂😂,2026-05-04T13:54:42.207374+00:00,,https://www.facebook.com/100064560977290/posts/6124054071047970/?app=fbl
724725065639374,Wilfred J. Mwanza listen to this 🤣😂,2026-05-04T13:54:42.207378+00:00,,https://www.facebook.com/100064560977290/posts/6124054071047970/?app=fbl
724725065639374,Which means the seller is also not serious,2026-05-04T13:54:42.207383+00:00,,https://www.facebook.com/100064560977290/posts/6124054071047970/?app=fbl
724725065639374,Shy Gibbs-International Graphics Simbarashe Soko your behavior kuno😅,2026-05-04T13:54:42.207388+00:00,,https://www.facebook.com/100064560977290/posts/6124054071047970/?app=fbl
724725065639374,I feel attacked as a Chelsea fan,2026-05-04T13:54:42.207392+00:00,,https://www.facebook.com/100064560977290/posts/6124054071047970/?app=fbl
724725065639374,Shy Gibbs-International Graphics kkkkkkkkk it sounds fun,2026-05-04T13:54:42.207397+00:00,,https://www.facebook.com/100064560977290/posts/6124054071047970/?app=fbl
724725065639374,Protasio Mwelwa Jr. The sales man understands the assignment 😂,2026-05-04T13:54:42.207402+00:00,,https://www.facebook.com/100064560977290/posts/6124054071047970/?app=fbl
837517727541875,Covid yawamapo pali ba zesco 🤣🤣🤣🤣🤣🤣🤣🤣🤣🤣🤣🤣🤣🤣🤣🤣🤣🤣🤣🤣🤣🤣🤣🤣🤣🤣🤣🤣,2026-05-04T13:54:42.207407+00:00,,https://www.facebook.com/100064560977290/posts/6124054071047970/?app=fbl
2309913445845051,"Just  accepted  Bally is a specialist in  failure,  this doesn't make sense",2026-05-04T13:54:42.207412+00:00,,https://www.facebook.com/100064560977290/posts/6124054071047970/?app=fbl
1091675505563821,"Ba zesco na boma yesu chipate patefye,ni try and error.today they will say this and tomorrow thy ll say that, very inconsistent in planning and policy direction.",2026-05-04T13:54:42.207417+00:00,,https://www.facebook.com/100064560977290/posts/6124054071047970/?app=fbl
1213964482806850,"I didn't bargain for this.....
And so i will remember this load shedding.",2026-05-04T13:54:42.207422+00:00,,https://www.facebook.com/100064560977290/posts/6124054071047970/?app=fbl
534250465132209,"This is useless instead of reducing  from 14hour you just split in two halves that doesn't change anything, I see no reason creating that board consisting the zesco, ERB and rest in the first place.",2026-05-04T13:54:42.207427+00:00,,https://www.facebook.com/100064560977290/posts/6124054071047970/?app=fbl
6266739920037792,"This is not making sense better to have power during working hours than sleeping hours knowing that only phones and fridges are left using power the rest are off. Bane tiyeni tusalapuke this issue of water ku Kariba is not new it started mu pf meaning that the plan should have been implemented from the word go when power was handed over to you but I guess someone overlooked this. See now the effect a lot of businesses have been affected and at the end of the day someone has to pay TAX, RENTALS, BILLS and take care of his/her family. Come on amigos",2026-05-04T13:54:42.207431+00:00,,https://www.facebook.com/100064560977290/posts/6124054071047970/?app=fbl
707873887745003,Nothing good to write home about... Why can't they just terminate contracts of exporting power. They visited kariba and nothing like low levels was the cause.  Our slogan should always be Zambians first not this path you have taken sir,2026-05-04T13:54:42.207436+00:00,,https://www.facebook.com/100064560977290/posts/6124054071047970/?app=fbl
484235327119582,I remember in 1997 there was a German anchor by the name Nebuzburzimbeletbagker . since you have jumped the name I will not tell you the whole story.🙄🙄🙄🙄🙄,2026-05-04T13:54:42.207441+00:00,,https://www.facebook.com/100064560977290/posts/6124054071047970/?app=fbl
1545406125960538,Ni course ya coartem nomba.,2026-05-04T13:54:42.207446+00:00,,https://www.facebook.com/100064560977290/posts/6124054071047970/?app=fbl
8895988010418731,Tiyeni uko,2026-05-04T13:54:42.207450+00:00,,https://www.facebook.com/100064560977290/posts/6124054071047970/?app=fbl
879154983427096,Felix Kumwamwasa foolish you,2026-05-04T13:54:42.207455+00:00,,https://www.facebook.com/100064560977290/posts/6124054071047970/?app=fbl
879154983427096,Habasimbi H Abbigail some people thought it was easy claiming they can end load shedding  but here we are.,2026-05-04T13:54:42.207463+00:00,,https://www.facebook.com/100064560977290/posts/6124054071047970/?app=fbl
1539253826550352,Isaac Zulu This person he doesn't have the heart for the pipo of Zambia electricity can't be going for 12hrs that's too much.the time of PF power never went for 12hrs this person has filled???,2026-05-04T13:54:42.207469+00:00,,https://www.facebook.com/100064560977290/posts/6124054071047970/?app=fbl
1539253826550352,Chishiba Jackie and why did he put him there?,2026-05-04T13:54:42.207474+00:00,,https://www.facebook.com/100064560977290/posts/6124054071047970/?app=fbl
1539253826550352,Isaac Zulu I remember that prophecy very well.,2026-05-04T13:54:42.207479+00:00,,https://www.facebook.com/100064560977290/posts/6124054071047970/?app=fbl
1539253826550352,Isaac Zulu I also remember this prophecy.,2026-05-04T13:54:42.207483+00:00,,https://www.facebook.com/100064560977290/posts/6124054071047970/?app=fbl
1539253826550352,Nipano tuli,2026-05-04T13:54:42.207488+00:00,,https://www.facebook.com/100064560977290/posts/6124054071047970/?app=fbl
1539253826550352,Moses Chewe umutwe kwati ni Zambia electric 😂😂😂😂 learn to understand things. Naumonapo 12 hours apa?,2026-05-04T13:54:42.207493+00:00,,https://www.facebook.com/100064560977290/posts/6124054071047970/?app=fbl
1539253826550352,Isaac Zulu (he is not the David but Saul) this prophecy,2026-05-04T13:54:42.207497+00:00,,https://www.facebook.com/100064560977290/posts/6124054071047970/?app=fbl
1539253826550352,Ann Hamatu Mulenga he said HH is destined to be a presidendy but he is not David but a Saul,2026-05-04T13:54:42.207502+00:00,,https://www.facebook.com/100064560977290/posts/6124054071047970/?app=fbl
1539253826550352,Moses Chewe your English can cause miscarriage boss 😂,2026-05-04T13:54:42.207507+00:00,,https://www.facebook.com/100064560977290/posts/6124054071047970/?app=fbl
1539253826550352,Miles Jay Man iwe lekaifyo! They've split the 12 hours in two so that's why we're are experiencing double black outs in a day like it off from 05to 11hrs again same day 18 to 24 hrs,2026-05-04T13:54:42.207512+00:00,,https://www.facebook.com/100064560977290/posts/6124054071047970/?app=fbl
8895988010418731,Kadija Molly Tembo 🤣🤣🤣🤣,2026-05-04T13:54:42.207516+00:00,,https://www.facebook.com/100064560977290/posts/6124054071047970/?app=fbl
8895988010418731,Kadija Molly Tembo ma pressure ba c 😂,2026-05-04T13:54:42.207521+00:00,,https://www.facebook.com/100064560977290/posts/6124054071047970/?app=fbl
8895988010418731,Kadija Molly Tembo ba aunty nichani 🤣🤣😂😂😂😂,2026-05-04T13:54:42.207526+00:00,,https://www.facebook.com/100064560977290/posts/6124054071047970/?app=fbl
8895988010418731,Emma Ntongama ahhhhh mommy Emma twalema mukwabo ahhh😂😂🙈,2026-05-04T13:54:42.207531+00:00,,https://www.facebook.com/100064560977290/posts/6124054071047970/?app=fbl
837517727541875,Philimo Voice Of Afrika really 😂😂😂😂,2026-05-04T13:54:42.207535+00:00,,https://www.facebook.com/100064560977290/posts/6124054071047970/?app=fbl
837517727541875,Philimo Voice Of Afrika no covid ni ifa bwana.....,2026-05-04T13:54:42.207540+00:00,,https://www.facebook.com/100064560977290/posts/6124054071047970/?app=fbl
837517727541875,Philimo Voice Of Afrika nakana ine 😅😅 atleast this is much better,2026-05-04T13:54:42.207544+00:00,,https://www.facebook.com/100064560977290/posts/6124054071047970/?app=fbl
837517727541875,Philimo Voice Of Afrika 🤣🤣🤣,2026-05-04T13:54:42.207549+00:00,,https://www.facebook.com/100064560977290/posts/6124054071047970/?app=fbl
837517727541875,Philimo Voice Of Afrika mmmm covid yalimfumishe fwaka ine😂,2026-05-04T13:54:42.207553+00:00,,https://www.facebook.com/100064560977290/posts/6124054071047970/?app=fbl
837517727541875,Philimo Voice Of Afrika I hear you sir 🤣🤣🤣,2026-05-04T13:54:42.207575+00:00,,https://www.facebook.com/100064560977290/posts/6124054071047970/?app=fbl
837517727541875,Selly Nakamba 🤣🤣🤣🤣🤣,2026-05-04T13:54:42.207579+00:00,,https://www.facebook.com/100064560977290/posts/6124054071047970/?app=fbl
837517727541875,🤣🤣🤣🤣,2026-05-04T13:54:42.207583+00:00,,https://www.facebook.com/100064560977290/posts/6124054071047970/?app=fbl
837517727541875,Philimo Voice Of Afrika no thank you please.,2026-05-04T13:54:42.207587+00:00,,https://www.facebook.com/100064560977290/posts/6124054071047970/?app=fbl
837517727541875,Guuya Blessings Mainsa mum 🤣🤣🤣🤣,2026-05-04T13:54:42.207591+00:00,,https://www.facebook.com/100064560977290/posts/6124054071047970/?app=fbl
1091675505563821,Kelvin Zalawi Sichone bwafya ....try go,2026-05-04T13:54:42.207595+00:00,,https://www.facebook.com/100064560977290/posts/6124054071047970/?app=fbl
1091675505563821,Lazarus Siwale bwafya,2026-05-04T13:54:42.207598+00:00,,https://www.facebook.com/100064560977290/posts/6124054071047970/?app=fbl
1091675505563821,Kelvin Zalawi Sichone zambwino palibe,2026-05-04T13:54:42.207602+00:00,,https://www.facebook.com/100064560977290/posts/6124054071047970/?app=fbl
1091675505563821,Samantha A Kapukulo zp,2026-05-04T13:54:42.207606+00:00,,https://www.facebook.com/100064560977290/posts/6124054071047970/?app=fbl
707873887745003,Mwelwa Phillip Who signed the same contract aai?,2026-05-04T13:54:42.207611+00:00,,https://www.facebook.com/100064560977290/posts/6124054071047970/?app=fbl
707873887745003,"Chilyana Chitala whoever signed either pf or upnd, cancel. A country is not a company to make profits, make the people happy",2026-05-04T13:54:42.207614+00:00,,https://www.facebook.com/100064560977290/posts/6124054071047970/?app=fbl
707873887745003,Mwelwa Phillip but producing power is expensive... Are the local citizens going to manage to pay the same price the outsiders Are paying?,2026-05-04T13:54:42.207618+00:00,,https://www.facebook.com/100064560977290/posts/6124054071047970/?app=fbl
707873887745003,Chilyana Chitala it doesn't matter but exporting gives the country  foreign exchange...,2026-05-04T13:54:42.207624+00:00,,https://www.facebook.com/100064560977290/posts/6124054071047970/?app=fbl
707873887745003,"Anfield Sinkman and who benefits.... How do you feed your neighbours children if yours are hungry too. Let's not be selfish. Ngatapali tapali, so no export",2026-05-04T13:54:42.207628+00:00,,https://www.facebook.com/100064560977290/posts/6124054071047970/?app=fbl
707873887745003,"Anfield Sinkman who benefits, just the political leadership capwa, they get loans and accomodation with a security",2026-05-04T13:54:42.207632+00:00,,https://www.facebook.com/100064560977290/posts/6124054071047970/?app=fbl
707873887745003,"Mwelwa Phillip the whole country benefits in terms of foreign exchange. And it helps ZESCO stay afloat. Like I said, ZESCO makes like 4 times The amount of money exporting than selling locally",2026-05-04T13:54:42.207635+00:00,,https://www.facebook.com/100064560977290/posts/6124054071047970/?app=fbl
707873887745003,Anfield Sinkman educate him please,2026-05-04T13:54:42.207639+00:00,,https://www.facebook.com/100064560977290/posts/6124054071047970/?app=fbl
707873887745003,"Anfield Sinkman uncle fyesu....twicula just because of a few greed people, no",2026-05-04T13:54:42.207643+00:00,,https://www.facebook.com/100064560977290/posts/6124054071047970/?app=fbl
707873887745003,Mwelwa Phillip it's not easy as you think...we have an obligation to honour the part of the contract.,2026-05-04T13:54:42.207649+00:00,,https://www.facebook.com/100064560977290/posts/6124054071047970/?app=fbl
1545406125960538,Tarcicious Kashimba Musongo 🤣🤣🤣,2026-05-04T13:54:42.207656+00:00,,https://www.facebook.com/100064560977290/posts/6124054071047970/?app=fbl
2309913445845051,Zollywood Tv sir i agree,2026-05-04T13:54:42.207663+00:00,,https://www.facebook.com/100064560977290/posts/6124054071047970/?app=fbl
2309913445845051,Zollywood Tv bally is just ok,2026-05-04T13:54:42.207671+00:00,,https://www.facebook.com/100064560977290/posts/6124054071047970/?app=fbl
1539253826550352,And we all know what Saul did,2026-05-04T13:54:42.207680+00:00,,https://www.facebook.com/100064560977290/posts/6124054071047970/?app=fbl
1539253826550352,Miles Jay Man ka volume,2026-05-04T13:54:42.207689+00:00,,https://www.facebook.com/100064560977290/posts/6124054071047970/?app=fbl
1539253826550352,"Moses Chewe kwateni order nesukulu tata it's not HH faults that we are experiencing loadshedding I believe there are some people who want to tarnish the name of the president, how come just after the president visited the Kariba dam and everything changes imwee lekeni umuntu abombe.",2026-05-04T13:54:42.207698+00:00,,https://www.facebook.com/100064560977290/posts/6124054071047970/?app=fbl
1539253826550352,Siwimoji Siwi what could be the meaning of this prophecy sir?,2026-05-04T13:54:42.207709+00:00,,https://www.facebook.com/100064560977290/posts/6124054071047970/?app=fbl
1539253826550352,Isaac Zulu nimuzimu? 😂,2026-05-04T13:54:42.207718+00:00,,https://www.facebook.com/100064560977290/posts/6124054071047970/?app=fbl
1539253826550352,Judy Mulenga who are those???,2026-05-04T13:54:42.207728+00:00,,https://www.facebook.com/100064560977290/posts/6124054071047970/?app=fbl
1539253826550352,Isaac Zulu Joshua iginla is confused. At first he said that but recently he also said that the president of zambia is going to deliver.🤣🤣🤣,2026-05-04T13:54:42.207737+00:00,,https://www.facebook.com/100064560977290/posts/6124054071047970/?app=fbl
1539253826550352,Miles Jay Man it's still 12 hours per day but split into 2,2026-05-04T13:54:42.207748+00:00,,https://www.facebook.com/100064560977290/posts/6124054071047970/?app=fbl
1539253826550352,Isaac Zulu 🤣🤣🤣,2026-05-04T13:54:42.207757+00:00,,https://www.facebook.com/100064560977290/posts/6124054071047970/?app=fbl
1539253826550352,Isaac Zulu I remember it vividly 👌👌👌👌👌,2026-05-04T13:54:42.207768+00:00,,https://www.facebook.com/100064560977290/posts/6124054071047970/?app=fbl
484235327119582,Kalonde Chile kkkkkkk,2026-05-04T13:54:42.207777+00:00,,https://www.facebook.com/100064560977290/posts/6124054071047970/?app=fbl
570498601194220,"Zambians deserves better management of their resources than this, how i wish people in leadership would feel the pain and anguish the general public is undergoing through not such petty decisions being implemented, first thing first stop exporting power to those so called neighboring countries not until stable measures is attained in the country, secondly rearrange the top management by removing cadres from offices of high importance.",2026-05-04T13:54:42.207786+00:00,,https://www.facebook.com/100064560977290/posts/6124054071047970/?app=fbl
1366446937441510,"People of Zambia, ladies and gentlemen, remember the journey of Israelites, let HH take you to caenane in. He is moses of today",2026-05-04T13:54:42.207800+00:00,,https://www.facebook.com/100064560977290/posts/6124054071047970/?app=fbl
481698757452496,Bally mukali so the entire Zesco including ministers no one thought about this... meanwhile some people are still asking the difference it will make atleast someone with a saloon or barbershop will have a chance to work for 6hrs in a day nganafikupita lobe...🚶🚶🚶,2026-05-04T13:54:42.207810+00:00,,https://www.facebook.com/100064560977290/posts/6124054071047970/?app=fbl
688737036293807,That is a good solution for starters! Keep them coming!,2026-05-04T13:54:42.207820+00:00,,https://www.facebook.com/100064560977290/posts/6124054071047970/?app=fbl
1252220168979432,Doesn't change anything for IPhone users,2026-05-04T13:54:42.207829+00:00,,https://www.facebook.com/100064560977290/posts/6124054071047970/?app=fbl
633645125228896,Problem those people that switch off dont even  follow the time.. very quick to switch off but they take forever to switch on the lights they have no order.,2026-05-04T13:54:42.207839+00:00,,https://www.facebook.com/100064560977290/posts/6124054071047970/?app=fbl
1308233376575145,From fuel to electricity.....Headless chicken drama.,2026-05-04T13:54:42.207848+00:00,,https://www.facebook.com/100064560977290/posts/6124054071047970/?app=fbl
867405641174083,I have read this for more than 5 times I still can’t understand what they are trying to say I need bally’s calculator,2026-05-04T13:54:42.207858+00:00,,https://www.facebook.com/100064560977290/posts/6124054071047970/?app=fbl
3414252175453607,I wanted to say  something now I don't remember 🤔🤔🤔this life chai,2026-05-04T13:54:42.207868+00:00,,https://www.facebook.com/100064560977290/posts/6124054071047970/?app=fbl
876960783573740,Me I use solar panels and cooking I use gas stove so even a complete shut down it is okay😌,2026-05-04T13:54:42.207878+00:00,,https://www.facebook.com/100064560977290/posts/6124054071047970/?app=fbl
837517727541875,Philimo Voice Of Afrika awe Covid twakana..malasha better.,2026-05-04T13:54:42.207887+00:00,,https://www.facebook.com/100064560977290/posts/6124054071047970/?app=fbl
707873887745003,Mwelwa Phillip Yes it's yours but it takes money to run it. You are the same people who will be criticizing ZESCO and government if it goes bankrupt,2026-05-04T13:54:42.207901+00:00,,https://www.facebook.com/100064560977290/posts/6124054071047970/?app=fbl
707873887745003,"Mwelwa Phillip keep calm bro, they will misunderstand you",2026-05-04T13:54:42.207913+00:00,,https://www.facebook.com/100064560977290/posts/6124054071047970/?app=fbl
1539253826550352,Siwimoji Siwi l do remember we're in hot soup,2026-05-04T13:54:42.207923+00:00,,https://www.facebook.com/100064560977290/posts/6124054071047970/?app=fbl
1539253826550352,"Isaac Zulu very true,I do remember that prophecy",2026-05-04T13:54:42.207933+00:00,,https://www.facebook.com/100064560977290/posts/6124054071047970/?app=fbl
1539253826550352,Isaac Zulu  I advise you my brother to read the Bible and see the difference between David and Saul,2026-05-04T13:54:42.207942+00:00,,https://www.facebook.com/100064560977290/posts/6124054071047970/?app=fbl
1539253826550352,Bally you have my vote,2026-05-04T13:54:42.207952+00:00,,https://www.facebook.com/100064560977290/posts/6124054071047970/?app=fbl
1539253826550352,"Isaac Zulu totally agree with you......I too remember that part of the prophecy.
I now undestend why we are in this mess.
Anyway God bless our land.",2026-05-04T13:54:42.207961+00:00,,https://www.facebook.com/100064560977290/posts/6124054071047970/?app=fbl
1539253826550352,Isaac Zulu he's not even Saul,2026-05-04T13:54:42.207975+00:00,,https://www.facebook.com/100064560977290/posts/6124054071047970/?app=fbl
1539253826550352,Ignla always prophesy apposite,2026-05-04T13:54:42.207985+00:00,,https://www.facebook.com/100064560977290/posts/6124054071047970/?app=fbl
1539253826550352,"Isaac Zulu I
Remember to.hero's
Stadium",2026-05-04T13:54:42.207995+00:00,,https://www.facebook.com/100064560977290/posts/6124054071047970/?app=fbl
1539253826550352,Abigail Mkandawire yes everyone was furious about that part of Saul including me to be honest,2026-05-04T13:54:42.208005+00:00,,https://www.facebook.com/100064560977290/posts/6124054071047970/?app=fbl
1539253826550352,Isaac Zulu ....but will stabilize afterwards,2026-05-04T13:54:42.208014+00:00,,https://www.facebook.com/100064560977290/posts/6124054071047970/?app=fbl
633645125228896,Mary Tonga Imagine,2026-05-04T13:54:42.208024+00:00,,https://www.facebook.com/100064560977290/posts/6124054071047970/?app=fbl
633645125228896,Cristinah Lay it's not things,2026-05-04T13:54:42.208034+00:00,,https://www.facebook.com/100064560977290/posts/6124054071047970/?app=fbl
724725065639374,Simbarashe Soko 😅😅😅,2026-05-04T13:54:42.208044+00:00,,https://www.facebook.com/100064560977290/posts/6124054071047970/?app=fbl
724725065639374,Shy Gibbs-International Graphics 🤣🤣🤣🤣,2026-05-04T13:54:42.208053+00:00,,https://www.facebook.com/100064560977290/posts/6124054071047970/?app=fbl
1366446937441510,Nsama Patrick awe sure chipante pante🤣🤣🤣 government,2026-05-04T13:54:42.208063+00:00,,https://www.facebook.com/100064560977290/posts/6124054071047970/?app=fbl
1366446937441510,"Chilufya Daco  president from God, am wondering this people of Zambia they don't understand the story of Moses and Israelites",2026-05-04T13:54:42.208072+00:00,,https://www.facebook.com/100064560977290/posts/6124054071047970/?app=fbl
1366446937441510,Matako yobe,2026-05-04T13:54:42.208081+00:00,,https://www.facebook.com/100064560977290/posts/6124054071047970/?app=fbl
1366446937441510,"Nsama Patrick people are very impatient in Zambia,I wonder how they manage to wait for their blessings",2026-05-04T13:54:42.208093+00:00,,https://www.facebook.com/100064560977290/posts/6124054071047970/?app=fbl
1366446937441510,"Nsama Patrick Mose was chosen by God, unlike HH who was chosen by human  being, always do not compare God to humans. This is earthly issues. Please let God alone just Pray to him  to be forgiven. HH also should just be sincere. Thank you .",2026-05-04T13:54:42.208103+00:00,,https://www.facebook.com/100064560977290/posts/6124054071047970/?app=fbl
1366446937441510,Nsama Patrick I we,2026-05-04T13:54:42.208113+00:00,,https://www.facebook.com/100064560977290/posts/6124054071047970/?app=fbl
1366446937441510,Nsama Patrick 😂,2026-05-04T13:54:42.208127+00:00,,https://www.facebook.com/100064560977290/posts/6124054071047970/?app=fbl
1366446937441510,"Let us know this issue of comparing HH and God. In Catholic Church we have a song"" Umuntu nangu achindame, tewakulumba,, kano fye Lesa uwamumulu ewa kulumba ee"" So let us be very careful what we compare with. Zikomo.",2026-05-04T13:54:42.208138+00:00,,https://www.facebook.com/100064560977290/posts/6124054071047970/?app=fbl
1366446937441510,Nsama Patrick stop comparing Moses and HH naiwe let's just get used na  loadshedding ..,2026-05-04T13:54:42.208148+00:00,,https://www.facebook.com/100064560977290/posts/6124054071047970/?app=fbl
1366446937441510,Nsama Patrick,2026-05-04T13:54:42.208156+00:00,,https://www.facebook.com/100064560977290/posts/6124054071047970/?app=fbl
570498601194220,Pamex Siamaleke I support u,2026-05-04T13:54:42.208166+00:00,,https://www.facebook.com/100064560977290/posts/6124054071047970/?app=fbl
570498601194220,Pamex Siamaleke do you know why power is being exported while the locals are being loadshedded? It's because locals can't afford to pay the right amount of money for the power... Ask yourself why farmers prefer to sell there maize to Congo than Zambia?,2026-05-04T13:54:42.208175+00:00,,https://www.facebook.com/100064560977290/posts/6124054071047970/?app=fbl
570498601194220,"Anfield Sinkman such are minds we trying to clean, why accepting things which are beyond your income, let things in this country be attainable, not these complicated principles of economics which are applicable to the developed world.",2026-05-04T13:54:42.208185+00:00,,https://www.facebook.com/100064560977290/posts/6124054071047970/?app=fbl
570498601194220,Pamex Siamaleke the mindset of wanting to have free things is what should be cleaned. So you expect ZESCO to be giving you cheap electricity and run on a loss? How do you expect it to run it's operations when it isn't making any profits? Would you like it to run bankrupt and you start blaming the Government again? This is business,2026-05-04T13:54:42.208201+00:00,,https://www.facebook.com/100064560977290/posts/6124054071047970/?app=fbl
1252220168979432,"Misheck Cheleka Business wise 6 + 6 is better than 12 hours
I mean ; A 6+6=12
                B 12+0=12",2026-05-04T13:54:42.208211+00:00,,https://www.facebook.com/100064560977290/posts/6124054071047970/?app=fbl
1252220168979432,Misheck Cheleka and from all the things you just thought of an iphone,2026-05-04T13:54:42.208217+00:00,,https://www.facebook.com/100064560977290/posts/6124054071047970/?app=fbl
1252220168979432,Are we eating I phone,2026-05-04T13:54:42.208226+00:00,,https://www.facebook.com/100064560977290/posts/6124054071047970/?app=fbl
1252220168979432,Misheck Cheleka lol,2026-05-04T13:54:42.208231+00:00,,https://www.facebook.com/100064560977290/posts/6124054071047970/?app=fbl
1252220168979432,Misheck Cheleka it does.I charge my phone once nd doesn’t drain easily,2026-05-04T13:54:42.208234+00:00,,https://www.facebook.com/100064560977290/posts/6124054071047970/?app=fbl
1252220168979432,Misheck Cheleka ninshe which I phone are you using 😂😂😂,2026-05-04T13:54:42.208239+00:00,,https://www.facebook.com/100064560977290/posts/6124054071047970/?app=fbl
1252220168979432,Misheck Cheleka no change at all,2026-05-04T13:54:42.208243+00:00,,https://www.facebook.com/100064560977290/posts/6124054071047970/?app=fbl
1252220168979432,Ernest Kasamba this English ain't for an iPhone user. You want to go back IN android???,2026-05-04T13:54:42.208246+00:00,,https://www.facebook.com/100064560977290/posts/6124054071047970/?app=fbl
1252220168979432,Angela Ngoma depends with the kind of iPhone you have otherwise buy an iPhone X and above you won’t have problems thank you,2026-05-04T13:54:42.208250+00:00,,https://www.facebook.com/100064560977290/posts/6124054071047970/?app=fbl
1252220168979432,Dianah Z Bwendo buy x going up trust me you won’t complain I charge mine once as well,2026-05-04T13:54:42.208254+00:00,,https://www.facebook.com/100064560977290/posts/6124054071047970/?app=fbl
688737036293807,Ta Sha I see you 😉,2026-05-04T13:54:42.208259+00:00,,https://www.facebook.com/100064560977290/posts/6124054071047970/?app=fbl
876960783573740,Martin Jnr how about relish,2026-05-04T13:54:42.208262+00:00,,https://www.facebook.com/100064560977290/posts/6124054071047970/?app=fbl
876960783573740,Martin Jnr our friends who enjoy life,2026-05-04T13:54:42.208266+00:00,,https://www.facebook.com/100064560977290/posts/6124054071047970/?app=fbl
876960783573740,Martin Jnr It's you not others,2026-05-04T13:54:42.208270+00:00,,https://www.facebook.com/100064560977290/posts/6124054071047970/?app=fbl
876960783573740,Martin Jnr 😂😂😂😂 I'll be coming to so the cooking and go eat from my home,2026-05-04T13:54:42.208274+00:00,,https://www.facebook.com/100064560977290/posts/6124054071047970/?app=fbl
876960783573740,Mwiinga Mulinda Malambo ok,2026-05-04T13:54:42.208280+00:00,,https://www.facebook.com/100064560977290/posts/6124054071047970/?app=fbl
867405641174083,Lily Mununga the important thing is your family still loves you.,2026-05-04T13:54:42.208284+00:00,,https://www.facebook.com/100064560977290/posts/6124054071047970/?app=fbl
867405641174083,Milton Mwansa I need his calculator,2026-05-04T13:54:42.208288+00:00,,https://www.facebook.com/100064560977290/posts/6124054071047970/?app=fbl
867405641174083,Thando Kay still the same thing 12hours,2026-05-04T13:54:42.208292+00:00,,https://www.facebook.com/100064560977290/posts/6124054071047970/?app=fbl
867405641174083,Lily Mununga mwebaileko kuma private schools so twice a day? 🤣🤣🤣🤣,2026-05-04T13:54:42.208296+00:00,,https://www.facebook.com/100064560977290/posts/6124054071047970/?app=fbl
867405641174083,Chilufya Sophie ifyapalako 🤣🤣🤣🤣,2026-05-04T13:54:42.208300+00:00,,https://www.facebook.com/100064560977290/posts/6124054071047970/?app=fbl
867405641174083,Lily Mununga ni same fye mwe kaili I saw ma wow wow on most pages nati maybe fyampita🤣🤣🤣🤣🤣🤣,2026-05-04T13:54:42.208304+00:00,,https://www.facebook.com/100064560977290/posts/6124054071047970/?app=fbl
1366446937441510,Who told you he's a Moses??,2026-05-04T13:54:42.208308+00:00,,https://www.facebook.com/100064560977290/posts/6124054071047970/?app=fbl
1366446937441510,"Nsama Patrick Moses didn't enter the promised land, someone else took over, choose your point of reference wisely, read your Bible",2026-05-04T13:54:42.208312+00:00,,https://www.facebook.com/100064560977290/posts/6124054071047970/?app=fbl
1366446937441510,Ifyabupuba,2026-05-04T13:54:42.208316+00:00,,https://www.facebook.com/100064560977290/posts/6124054071047970/?app=fbl
1366446937441510,Nsama Patrick let him take us there but he won't enter the promised land,2026-05-04T13:54:42.208320+00:00,,https://www.facebook.com/100064560977290/posts/6124054071047970/?app=fbl
1366446937441510,Nsama Patrick let your spiritual eyes open please,2026-05-04T13:54:42.208324+00:00,,https://www.facebook.com/100064560977290/posts/6124054071047970/?app=fbl
1366446937441510,Nsama PatrickNsama Patrick Be careful God will punish you,2026-05-04T13:54:42.208328+00:00,,https://www.facebook.com/100064560977290/posts/6124054071047970/?app=fbl
1366446937441510,Nsama Patrick which moses? Don't mock the Spirit of God.,2026-05-04T13:54:42.208332+00:00,,https://www.facebook.com/100064560977290/posts/6124054071047970/?app=fbl
1366446937441510,Nsama Patrick that's Old testament and don't compare him to Moses please,2026-05-04T13:54:42.208339+00:00,,https://www.facebook.com/100064560977290/posts/6124054071047970/?app=fbl
1366446937441510,Nsama Patrick eeeeh who told you he's Moses but you get drunk with praise singing,2026-05-04T13:54:42.208343+00:00,,https://www.facebook.com/100064560977290/posts/6124054071047970/?app=fbl
1366446937441510,Nsama Patrick mmmmm where's?,2026-05-04T13:54:42.208349+00:00,,https://www.facebook.com/100064560977290/posts/6124054071047970/?app=fbl
1539253826550352,Dalitso Phiri yes and everyone was furious about that part of prophecy including me to be honest  and zambians went on his official page  to argue,2026-05-04T13:54:42.208353+00:00,,https://www.facebook.com/100064560977290/posts/6124054071047970/?app=fbl
1539253826550352,Dester Muzyamba ok we will see,2026-05-04T13:54:42.208359+00:00,,https://www.facebook.com/100064560977290/posts/6124054071047970/?app=fbl
1539253826550352,Franklyn Mbale yes he goes against the tide he's goes  popular opinions,2026-05-04T13:54:42.208363+00:00,,https://www.facebook.com/100064560977290/posts/6124054071047970/?app=fbl
1539253826550352,"Isaac Zulu it too didn't sit well with me.
But reality is now there for all of us to see",2026-05-04T13:54:42.208367+00:00,,https://www.facebook.com/100064560977290/posts/6124054071047970/?app=fbl
1539253826550352,Predious Chiinga it doesn't matter who prophecy's but u can see   the similarities of Saul in him such as moral decay  arresting someone for  protesting against homosexuality,2026-05-04T13:54:42.208371+00:00,,https://www.facebook.com/100064560977290/posts/6124054071047970/?app=fbl
1539253826550352,"Predious Chiinga 
The man is respected more in Nigeria. He has never missed try follow him. Many are false prophets but not him. He doesn't receive money from politicians he speaks the mind of God",2026-05-04T13:54:42.208375+00:00,,https://www.facebook.com/100064560977290/posts/6124054071047970/?app=fbl
1539253826550352,Isaac Zulu find his video for Zambia,2026-05-04T13:54:42.208379+00:00,,https://www.facebook.com/100064560977290/posts/6124054071047970/?app=fbl
1539253826550352,Isaac Zulu true increase the volume,2026-05-04T13:54:42.208382+00:00,,https://www.facebook.com/100064560977290/posts/6124054071047970/?app=fbl
1539253826550352,Isaac Zulu yes I remember very well that prophecy from Joshua ignla indeed he's not David but a Saul,2026-05-04T13:54:42.208386+00:00,,https://www.facebook.com/100064560977290/posts/6124054071047970/?app=fbl
1539253826550352,Pickrell Knowels true he speaks the mind of God and when he says he's not a David but  he's just a Saul he really mean it,2026-05-04T13:54:42.208390+00:00,,https://www.facebook.com/100064560977290/posts/6124054071047970/?app=fbl
2688712201265424,They have now introduced half time. Kutushako for 6 hrs then Boom nakabili yaya,2026-05-04T13:54:42.208394+00:00,,https://www.facebook.com/100064560977290/posts/6124054071047970/?app=fbl
904817483868968,Bally means well.......it's only that managing a country comes with unforseen circumstances...  🙏🙏🙏🙏,2026-05-04T13:54:42.208399+00:00,,https://www.facebook.com/100064560977290/posts/6124054071047970/?app=fbl
1251041295755993,I quote...to a minimum of 6 hours. That minimum could be 12 hrs during the day and 12hrs in the night. Will jst buy dry stuff.,2026-05-04T13:54:42.208403+00:00,,https://www.facebook.com/100064560977290/posts/6124054071047970/?app=fbl
472159101770561,"The drafters of this piece were smart, it's not reducing Load-shedding to 6hrs in 24hrs but splitting the 12hrs (of the whole day) into Two segments. This means, in 24hrs, instead of having a continuous 12hr load-shedding, we will be having the 12hrs but split as follows:

A day has 24hrs, meaning there are 4 Six hours(es), hence the first 6hrs you have power, the next 6hrs you have no power, again the next 6hrs you have power and the last 6hrs you don't have power, bringing the total to 12hrs with and 12hrs without power in a 24hrs day.

Hope this makes more sense now...

You've gatta be smart to appreciate this language.",2026-05-04T13:54:42.208407+00:00,,https://www.facebook.com/100064560977290/posts/6124054071047970/?app=fbl
873152884103138,These are problems of having a monopoly system. I wish I could start u an electrical company to compete with zesco. Otherwise this is the beginning of hunger in many homes,2026-05-04T13:54:42.208411+00:00,,https://www.facebook.com/100064560977290/posts/6124054071047970/?app=fbl
1212784172667362,These people want to play with us I’ve seen,2026-05-04T13:54:42.208415+00:00,,https://www.facebook.com/100064560977290/posts/6124054071047970/?app=fbl
741211864091012,Then they are not following their timetable... Muliko nakamungulu🙄🙄🙄,2026-05-04T13:54:42.208419+00:00,,https://www.facebook.com/100064560977290/posts/6124054071047970/?app=fbl
530851722153204,The incompetence at ZESCO che kaya. So it had to take the president to pump sense into them to stagger the outages. This is something that a commoner can think of.,2026-05-04T13:54:42.208423+00:00,,https://www.facebook.com/100064560977290/posts/6124054071047970/?app=fbl
475515214753875,So in this government it's only the president who should find solutions 🤔. Where are the Ministers sure???,2026-05-04T13:54:42.208427+00:00,,https://www.facebook.com/100064560977290/posts/6124054071047970/?app=fbl
583461980247503,Monga pali na tuma light.,2026-05-04T13:54:42.208430+00:00,,https://www.facebook.com/100064560977290/posts/6124054071047970/?app=fbl
1366446937441510,Nsama Patrick Moses didn't enter the promised land so HH7 he will not enter 2026😂😂😂,2026-05-04T13:54:42.208434+00:00,,https://www.facebook.com/100064560977290/posts/6124054071047970/?app=fbl
1366446937441510,"Shekinah Ntubungu Lifumbela Every one these days knows about the Bible my friends. The thing which is eating people's heart is: Over praising, Praising.",2026-05-04T13:54:42.208438+00:00,,https://www.facebook.com/100064560977290/posts/6124054071047970/?app=fbl
1366446937441510,Naimwe u will see the promised land but u won't enter kosenipo🥱🥱🥱,2026-05-04T13:54:42.208442+00:00,,https://www.facebook.com/100064560977290/posts/6124054071047970/?app=fbl
1366446937441510,Nsama Patrick 😂😂😂😂😂,2026-05-04T13:54:42.208446+00:00,,https://www.facebook.com/100064560977290/posts/6124054071047970/?app=fbl
1366446937441510,Nsama Patrick do not I repeat !!!!! Do not,2026-05-04T13:54:42.208450+00:00,,https://www.facebook.com/100064560977290/posts/6124054071047970/?app=fbl
1366446937441510,2026 someone is going back ku ma yard,2026-05-04T13:54:42.208454+00:00,,https://www.facebook.com/100064560977290/posts/6124054071047970/?app=fbl
1366446937441510,Nsama Patrick unless maybe Canaan 🤐,2026-05-04T13:54:42.208458+00:00,,https://www.facebook.com/100064560977290/posts/6124054071047970/?app=fbl
1366446937441510,Do not Insult but just commentar,2026-05-04T13:54:42.208461+00:00,,https://www.facebook.com/100064560977290/posts/6124054071047970/?app=fbl
1366446937441510,Nsama Patrick but kwena ati Moses instead spiritual son to  seer 1,2026-05-04T13:54:42.208465+00:00,,https://www.facebook.com/100064560977290/posts/6124054071047970/?app=fbl
1539253826550352,Pickrell Knowels what litmus test did you use that he's true?,2026-05-04T13:54:42.208470+00:00,,https://www.facebook.com/100064560977290/posts/6124054071047970/?app=fbl
1539253826550352,Heza Lawrence Mambwe ok I will definitely do so,2026-05-04T13:54:42.208473+00:00,,https://www.facebook.com/100064560977290/posts/6124054071047970/?app=fbl
1539253826550352,"Francis Muma Bunda  it's good u remember that as well  lets just pray for God's mercy's to preserve us for what is about to come on our land coz wen you  look at  the life of king Saul it's really scary,(1) jealous of other peoples success in the case of David and(2) not wanting others to do better than him (3) turning the pipo of Israel away from God",2026-05-04T13:54:42.208477+00:00,,https://www.facebook.com/100064560977290/posts/6124054071047970/?app=fbl
1539253826550352,Isaac Phiri (1)he introduced taxes(2) he was jealous of other peoples success he didn't want others to do better than him he nearly  killed David  coz some woman praised David over  him (3) he turned Israel away from the living God as u can the moral in our country in the name of order and human rights u can see for the first time the police arresting someone 4 protesting against homosexuality,2026-05-04T13:54:42.208482+00:00,,https://www.facebook.com/100064560977290/posts/6124054071047970/?app=fbl
1539253826550352,Cynthia Chawah yes I will coz when u look at king sauls life what he did during his reign over Israel especially of turning away Israel from the living God it's really scary,2026-05-04T13:54:42.208488+00:00,,https://www.facebook.com/100064560977290/posts/6124054071047970/?app=fbl
1539253826550352,Aimed Kahama Omar try to find it for you otherwise I was among the people who got upset over the same and I even went over to  the prophet's page  and started ranting u   know us zambian wen it comes to ka language otherwise rightnow I feel guilty for having done that,2026-05-04T13:54:42.208492+00:00,,https://www.facebook.com/100064560977290/posts/6124054071047970/?app=fbl
1539253826550352,Melody Mwelwa Evans glad u do otherwise tefintu bola naikosa,2026-05-04T13:54:42.208496+00:00,,https://www.facebook.com/100064560977290/posts/6124054071047970/?app=fbl
1539253826550352,"Isaac Zulu and whose the David?!.....it's sad how shallow we can sometimes reason. So, HH would just out of the blues start loadshedding Zambians?!.....if your prayers are that he fails it ain't going to happen. It's great that whatever has happened with the power supply in the country has happened now, so that govt quickly fixes things. Before this year ends loadshedding will nolonger be an issue.",2026-05-04T13:54:42.208500+00:00,,https://www.facebook.com/100064560977290/posts/6124054071047970/?app=fbl
1539253826550352,Brenda Kash that's true,2026-05-04T13:54:42.208504+00:00,,https://www.facebook.com/100064560977290/posts/6124054071047970/?app=fbl
1539253826550352,Kapyelele Kerris I feel sorry for you for trusting politicians it's sad that u think this loadshedding will end in the first place this loadshedding is caused by the same politicians (nampower an electricity supplying company in Namibia has stopped importing power from escom of south Africa zesco is the one supplying them whilst you guy's  are being told lies that it's loadshedding it's all over the net just Google it and u will find it unless you just want to ignore the reality coz of the love for the president,2026-05-04T13:54:42.208508+00:00,,https://www.facebook.com/100064560977290/posts/6124054071047970/?app=fbl
1251041295755993,"Brian Silwamba these people want to trick us, they think we are dull? 🤣",2026-05-04T13:54:42.208514+00:00,,https://www.facebook.com/100064560977290/posts/6124054071047970/?app=fbl
1212784172667362,Naomi Phiri They are already playing with us my dear 🤣🤣🤣 and ba praise are celebrating but it still remains 12hours of no power in a day and most Zambians sleep 8hours 🤣🤣,2026-05-04T13:54:42.208518+00:00,,https://www.facebook.com/100064560977290/posts/6124054071047970/?app=fbl
530851722153204,"Ryan Sikananu Sikananu Infact this is worse.6hrs you have power,the next 6hrs you don't.Let the 12 hrs stand than this mockery",2026-05-04T13:54:42.208522+00:00,,https://www.facebook.com/100064560977290/posts/6124054071047970/?app=fbl
530851722153204,Martha George this is done in order to keep the micro economy running.,2026-05-04T13:54:42.208526+00:00,,https://www.facebook.com/100064560977290/posts/6124054071047970/?app=fbl
530851722153204,Martha George It has people have a window to do pressing issues that need power in the intervening time.,2026-05-04T13:54:42.208531+00:00,,https://www.facebook.com/100064560977290/posts/6124054071047970/?app=fbl
530851722153204,Bupe Kunda Precisely.,2026-05-04T13:54:42.208535+00:00,,https://www.facebook.com/100064560977290/posts/6124054071047970/?app=fbl
530851722153204,Ryan Sikananu SikananuRyan Sikananu Sikananu Indeed,2026-05-04T13:54:42.208538+00:00,,https://www.facebook.com/100064560977290/posts/6124054071047970/?app=fbl
530851722153204,Bupe Kunda Meanwhile you leave home when there is no power then come back to darkness again lol.,2026-05-04T13:54:42.208542+00:00,,https://www.facebook.com/100064560977290/posts/6124054071047970/?app=fbl
530851722153204,Martha George I'd rather have small businesses run at the expense of cooking on the cooker and watching TV....,2026-05-04T13:54:42.208548+00:00,,https://www.facebook.com/100064560977290/posts/6124054071047970/?app=fbl
530851722153204,Bupe Kunda 🙄🙄,2026-05-04T13:54:42.208553+00:00,,https://www.facebook.com/100064560977290/posts/6124054071047970/?app=fbl
904817483868968,Chipawa Louie Luwi volume,2026-05-04T13:54:42.208556+00:00,,https://www.facebook.com/100064560977290/posts/6124054071047970/?app=fbl
904817483868968,Finna upoke,2026-05-04T13:54:42.208560+00:00,,https://www.facebook.com/100064560977290/posts/6124054071047970/?app=fbl
873152884103138,"Kenny MalungaKenny Malunga order order honourable malunga is on the floor,",2026-05-04T13:54:42.208564+00:00,,https://www.facebook.com/100064560977290/posts/6124054071047970/?app=fbl
873152884103138,Joseph Mu long time brother man,2026-05-04T13:54:42.208568+00:00,,https://www.facebook.com/100064560977290/posts/6124054071047970/?app=fbl
873152884103138,"Kenny MalungaKenny Malunga longtime ,indeed  Kenny our moniter boi ,ku li watsup group ya class yatu ?",2026-05-04T13:54:42.208572+00:00,,https://www.facebook.com/100064560977290/posts/6124054071047970/?app=fbl
873152884103138,Kenny Malunga,2026-05-04T13:54:42.208575+00:00,,https://www.facebook.com/100064560977290/posts/6124054071047970/?app=fbl
873152884103138,Joseph MuJoseph Mu awe boi ba guy bonse ba uzina tuma small itel,2026-05-04T13:54:42.208579+00:00,,https://www.facebook.com/100064560977290/posts/6124054071047970/?app=fbl
873152884103138,"Kenny Malunga  sonvela ,",2026-05-04T13:54:42.208583+00:00,,https://www.facebook.com/100064560977290/posts/6124054071047970/?app=fbl
472159101770561,We don't need classroom formulas to justify a wrong. This whole scenerio is bad and serves no purpose. They've failed to reasonably curb the challenge.,2026-05-04T13:54:42.208587+00:00,,https://www.facebook.com/100064560977290/posts/6124054071047970/?app=fbl
472159101770561,Peter Gondwe  it will help out partly unlike having no power the entire day.  You will achieve half way what you wouldn't have achieved without power for consistent 12hrs,2026-05-04T13:54:42.208591+00:00,,https://www.facebook.com/100064560977290/posts/6124054071047970/?app=fbl
472159101770561,Russell Hibajene Muvwende uliwano iwe.....nintalikana nefikopo uku!!,2026-05-04T13:54:42.208595+00:00,,https://www.facebook.com/100064560977290/posts/6124054071047970/?app=fbl
472159101770561,Russell Hibajene Muvwende you are wise my brother,2026-05-04T13:54:42.208599+00:00,,https://www.facebook.com/100064560977290/posts/6124054071047970/?app=fbl
472159101770561,"Russell Hibajene Muvwende Still a relief, having six hours in between with electricity.  Better than a continious 12 hour power outage.",2026-05-04T13:54:42.208603+00:00,,https://www.facebook.com/100064560977290/posts/6124054071047970/?app=fbl
472159101770561,Russell Hibajene Muvwende people just don't get it even straight foward things.🤷‍♀️,2026-05-04T13:54:42.208607+00:00,,https://www.facebook.com/100064560977290/posts/6124054071047970/?app=fbl
472159101770561,Saliya Litana  Hahaha am humbled,2026-05-04T13:54:42.208611+00:00,,https://www.facebook.com/100064560977290/posts/6124054071047970/?app=fbl
472159101770561,Russell Hibajene Muvwende atleast it's a relief because sometimes in 24 hours we only had power for 9hours when we calculate which wasn't good. They were not even following their schedule,2026-05-04T13:54:42.208615+00:00,,https://www.facebook.com/100064560977290/posts/6124054071047970/?app=fbl
472159101770561,"Russell Hibajene Muvwende wait wait wait🤦🤦🤦 I thought it's 6hrs of load shedding in a day. Like in the 24hrs it goes for 6hrs only.... Those groups.... Like if you are group F it cuts 05 to 11hrs then tomorrow it will maybe cut at 12 to 18 and the other day just like that..... If it's twice in the 24hrs then we so dead....
Anyways they don't even follow their own time table so🥴🥴🥴🥴",2026-05-04T13:54:42.208621+00:00,,https://www.facebook.com/100064560977290/posts/6124054071047970/?app=fbl
472159101770561,"Russell Hibajene Muvwende but then again, those double cuts of power will cause more harm than good. People need to be alert, and take more precautions in order to safeguard appliances and the like...",2026-05-04T13:54:42.208625+00:00,,https://www.facebook.com/100064560977290/posts/6124054071047970/?app=fbl
475515214753875,Bawishi Sophie which solutions ?,2026-05-04T13:54:42.208629+00:00,,https://www.facebook.com/100064560977290/posts/6124054071047970/?app=fbl
2688712201265424,"Levy Musonda Jr. Ala mwandi,🤣🤣🤣🤣",2026-05-04T13:54:42.208633+00:00,,https://www.facebook.com/100064560977290/posts/6124054071047970/?app=fbl
2688712201265424,"Levy Musonda Jr. Yaba, you have made my day, can't stop laughing",2026-05-04T13:54:42.208636+00:00,,https://www.facebook.com/100064560977290/posts/6124054071047970/?app=fbl
2688712201265424,Levy Musonda Jr. Kikikikikik kwati ni bola ka,2026-05-04T13:54:42.208640+00:00,,https://www.facebook.com/100064560977290/posts/6124054071047970/?app=fbl
2688712201265424,Levy Musonda Jr. Ala Tefintu 🤣🤣,2026-05-04T13:54:42.208644+00:00,,https://www.facebook.com/100064560977290/posts/6124054071047970/?app=fbl
1539253826550352,Ann Hamatu Mulenga  we can  argue all we want guys but the truth is truth  and  the prophecy is being fulfilled before our very eyes,2026-05-04T13:54:42.208648+00:00,,https://www.facebook.com/100064560977290/posts/6124054071047970/?app=fbl
1539253826550352,Phiri Davids thanks sir these guys are forgetting that we voted for him they think it's hatred we have for him no  since he took over the presidence the moral decay in our country has increased  for the first time people are being arrested for protesting against homosexuality in a Christian nation he has been  shunning away from 18th  oct day of prayer and fasting for the nation he almost introduced and legalized a man marrying one polygamy in the constitution  when we have  serious issues as a nation,2026-05-04T13:54:42.208652+00:00,,https://www.facebook.com/100064560977290/posts/6124054071047970/?app=fbl
1539253826550352,"Isaac Zulu it's true,,those are issues that must be addressed,,but once you speak something,,the praise singers will condemn you,,they want to pretend as if he's a god",2026-05-04T13:54:42.208657+00:00,,https://www.facebook.com/100064560977290/posts/6124054071047970/?app=fbl
1539253826550352,Moses Chewe its the filled for me,2026-05-04T13:54:42.208676+00:00,,https://www.facebook.com/100064560977290/posts/6124054071047970/?app=fbl
1539253826550352,Judy Mulenga What has changed? So you mean by dividing 12 hours of loadshedding into 2 this is the first time to experience such in Zambia,2026-05-04T13:54:42.208680+00:00,,https://www.facebook.com/100064560977290/posts/6124054071047970/?app=fbl
472159101770561,Since Iam a four eyes 👀 person I can't see anything changing it will be alternating still 12hrs.,2026-05-04T13:54:42.208684+00:00,,https://www.facebook.com/100064560977290/posts/6124054071047970/?app=fbl
472159101770561,Russell Hibajene Muvwende simple ad straight forward ad they think everyone is a child who can't analyse issues or understand there English awee sure,2026-05-04T13:54:42.208688+00:00,,https://www.facebook.com/100064560977290/posts/6124054071047970/?app=fbl
472159101770561,Russell Hibajene Muvwende playing on our minds,2026-05-04T13:54:42.208693+00:00,,https://www.facebook.com/100064560977290/posts/6124054071047970/?app=fbl
472159101770561,"Mwebantu better than 12hrs continuously,,🙏🙏",2026-05-04T13:54:42.208697+00:00,,https://www.facebook.com/100064560977290/posts/6124054071047970/?app=fbl
472159101770561,Russell Hibajene Muvwende mmmmi understand now awe Iliko bad,2026-05-04T13:54:42.208701+00:00,,https://www.facebook.com/100064560977290/posts/6124054071047970/?app=fbl
1133780710671114,Some pipo are complaining but Ninshi where they stay nama light takwaba,2026-05-04T13:54:42.208706+00:00,,https://www.facebook.com/100064560977290/posts/6124054071047970/?app=fbl
4523293367795418,Meaning what after every 6 hours of having power they switch off ? So loadshedding will be twice a day. Even more confusing,2026-05-04T13:54:42.208709+00:00,,https://www.facebook.com/100064560977290/posts/6124054071047970/?app=fbl
885707319525548,Bally means good for this country,2026-05-04T13:54:42.208713+00:00,,https://www.facebook.com/100064560977290/posts/6124054071047970/?app=fbl
3502869939982267,Are way ba Zesco bay na cool wire wire fee a.,2026-05-04T13:54:42.208717+00:00,,https://www.facebook.com/100064560977290/posts/6124054071047970/?app=fbl
425161906424474,Eish! The pressure is getting worser! Regardless now that the schools are open we need power from 5 in the morning to 7 in the morning....just to prepare these bundros of joy please!! Wish they can put that into consideration because uku kosha inkuni kuma zero 4 for warming water to bath...awe mu 2023 no....,2026-05-04T13:54:42.208721+00:00,,https://www.facebook.com/100064560977290/posts/6124054071047970/?app=fbl
2182068691972856,"I'm not an expert. But after viewing and analyzing this post from beginning to end, line by line, word by word, letter by letter. I came to the conclusion and i can say that i can't say anything because as i said at the beginning, I'm not an expert.😄",2026-05-04T13:54:42.208725+00:00,,https://www.facebook.com/100064560977290/posts/6124054071047970/?app=fbl
2260599904134637,It took the president to pump sense into them.  Ahhhh,2026-05-04T13:54:42.208729+00:00,,https://www.facebook.com/100064560977290/posts/6124054071047970/?app=fbl
1638398146614982,This is a bit fair mwe,2026-05-04T13:54:42.208733+00:00,,https://www.facebook.com/100064560977290/posts/6124054071047970/?app=fbl
558946559494916,"So was this so difficult to do on your own that it had to take the whole President to come and pump sense into your brains.12 hrs load shedding a small economy like this one which is dependent on the sme's?
The President is a good man but maybe he needs to bring back his  white gloves and shake things up a little bit.
Bakateka bring back the white gloves urgently.",2026-05-04T13:54:42.208737+00:00,,https://www.facebook.com/100064560977290/posts/6124054071047970/?app=fbl
1132178137441275,Bally these guys made lungu go back to chawama and they remain working whilst lungu went crying so be careful with these guy.....Just fire all and bring another board,2026-05-04T13:54:42.208741+00:00,,https://www.facebook.com/100064560977290/posts/6124054071047970/?app=fbl
2260599904134637,Fred K. Daka maybe,2026-05-04T13:54:42.208745+00:00,,https://www.facebook.com/100064560977290/posts/6124054071047970/?app=fbl
2182068691972856,Titus Masumbuku Ivunda just for likes,2026-05-04T13:54:42.208749+00:00,,https://www.facebook.com/100064560977290/posts/6124054071047970/?app=fbl
2182068691972856,Joseph Mayuya 😜😜,2026-05-04T13:54:42.208753+00:00,,https://www.facebook.com/100064560977290/posts/6124054071047970/?app=fbl
2182068691972856,Titus Masumbuku Ivunda 😂,2026-05-04T13:54:42.208757+00:00,,https://www.facebook.com/100064560977290/posts/6124054071047970/?app=fbl
2182068691972856,"Titus Masumbuku Ivunda you have made your point, you can now sleep.",2026-05-04T13:54:42.208761+00:00,,https://www.facebook.com/100064560977290/posts/6124054071047970/?app=fbl
2182068691972856,Titus Masumbuku Ivunda stop wasting our precious time,2026-05-04T13:54:42.208767+00:00,,https://www.facebook.com/100064560977290/posts/6124054071047970/?app=fbl
2182068691972856,"This is old now, literally on every page you see this.copy and paste🤦🏽‍♂️",2026-05-04T13:54:42.208773+00:00,,https://www.facebook.com/100064560977290/posts/6124054071047970/?app=fbl
2182068691972856,Titus Masumbuku Ivunda 🤣🤣🤣🤣 day made,2026-05-04T13:54:42.208777+00:00,,https://www.facebook.com/100064560977290/posts/6124054071047970/?app=fbl
2182068691972856,Titus Masumbuku Ivunda omg man kkkkk,2026-05-04T13:54:42.208781+00:00,,https://www.facebook.com/100064560977290/posts/6124054071047970/?app=fbl
2182068691972856,Titus Masumbuku Ivunda you are still smoking kkkkkkkkkkk,2026-05-04T13:54:42.208784+00:00,,https://www.facebook.com/100064560977290/posts/6124054071047970/?app=fbl
2182068691972856,Lee Ching Kusemwa What about you have you stopped??,2026-05-04T13:54:42.208789+00:00,,https://www.facebook.com/100064560977290/posts/6124054071047970/?app=fbl
558946559494916,Ndeleki Mugande thats why he said he cant say much coz is on a camera.am sure his upset,2026-05-04T13:54:42.208792+00:00,,https://www.facebook.com/100064560977290/posts/6124054071047970/?app=fbl
558946559494916,Ziwase Phiri Sanzi oho,2026-05-04T13:54:42.208796+00:00,,https://www.facebook.com/100064560977290/posts/6124054071047970/?app=fbl
558946559494916,What has he done has he reduced the loadsheding hours ? Kuti waseka,2026-05-04T13:54:42.208800+00:00,,https://www.facebook.com/100064560977290/posts/6124054071047970/?app=fbl
558946559494916,Ndeleki Mugande read to understand 🤣,2026-05-04T13:54:42.208804+00:00,,https://www.facebook.com/100064560977290/posts/6124054071047970/?app=fbl
558946559494916,Bakopo kaili they can't think on their own 😂😂,2026-05-04T13:54:42.208808+00:00,,https://www.facebook.com/100064560977290/posts/6124054071047970/?app=fbl
558946559494916,You sound dull man,2026-05-04T13:54:42.208812+00:00,,https://www.facebook.com/100064560977290/posts/6124054071047970/?app=fbl
558946559494916,Ndeleki Mugande so u thought he was not aware of what has been happening interms of loadshedding😂...we are been loadsheded in his full knowledge😂,2026-05-04T13:54:42.208816+00:00,,https://www.facebook.com/100064560977290/posts/6124054071047970/?app=fbl
558946559494916,Ndeleki Mugande but he promised to put an end to load shedding or have you forgotten?,2026-05-04T13:54:42.208822+00:00,,https://www.facebook.com/100064560977290/posts/6124054071047970/?app=fbl
1638398146614982,Mwewa Kennedy Praise you being realistic...thank you,2026-05-04T13:54:42.208826+00:00,,https://www.facebook.com/100064560977290/posts/6124054071047970/?app=fbl
1638398146614982,"Finidy George Sims yes, and we should be facing reality always.... you're welcome",2026-05-04T13:54:42.208830+00:00,,https://www.facebook.com/100064560977290/posts/6124054071047970/?app=fbl
1638398146614982,Mwewa Kennedy Praise you need  job at zesco,2026-05-04T13:54:42.208834+00:00,,https://www.facebook.com/100064560977290/posts/6124054071047970/?app=fbl
1638398146614982,Finidy George Sims offer me if there's one🙏😅,2026-05-04T13:54:42.208838+00:00,,https://www.facebook.com/100064560977290/posts/6124054071047970/?app=fbl
1638398146614982,Mwewa Kennedy Praise inbox me,2026-05-04T13:54:42.208841+00:00,,https://www.facebook.com/100064560977290/posts/6124054071047970/?app=fbl
3502869939982267,Besa J Mwansa not napanono wetata kuwayawaya saanfye,2026-05-04T13:54:42.208845+00:00,,https://www.facebook.com/100064560977290/posts/6124054071047970/?app=fbl
3502869939982267,Andrew Nsama ala tefintu mune.,2026-05-04T13:54:42.208849+00:00,,https://www.facebook.com/100064560977290/posts/6124054071047970/?app=fbl
885707319525548,Johnson Njobvu panyo,2026-05-04T13:54:42.208853+00:00,,https://www.facebook.com/100064560977290/posts/6124054071047970/?app=fbl
885707319525548,Johnson Njobvu get out mxxxm😏,2026-05-04T13:54:42.208858+00:00,,https://www.facebook.com/100064560977290/posts/6124054071047970/?app=fbl
885707319525548,Johnson Njobvu what happened to we have finished loadsheding just one year in power madam praise singer 🤪😆😂🤣,2026-05-04T13:54:42.208862+00:00,,https://www.facebook.com/100064560977290/posts/6124054071047970/?app=fbl
885707319525548,Johnson Njobvu very dull u are the fools who are making things worse,2026-05-04T13:54:42.208866+00:00,,https://www.facebook.com/100064560977290/posts/6124054071047970/?app=fbl
885707319525548,Ber Tha Mwango iwe,2026-05-04T13:54:42.208870+00:00,,https://www.facebook.com/100064560977290/posts/6124054071047970/?app=fbl
885707319525548,Johnson Njobvu that’s why you’re Njobvu an Elephant 🐘,2026-05-04T13:54:42.208873+00:00,,https://www.facebook.com/100064560977290/posts/6124054071047970/?app=fbl
885707319525548,Johnson Njobvu ubukopo,2026-05-04T13:54:42.208877+00:00,,https://www.facebook.com/100064560977290/posts/6124054071047970/?app=fbl
885707319525548,Leya Nakaona idiot,2026-05-04T13:54:42.208881+00:00,,https://www.facebook.com/100064560977290/posts/6124054071047970/?app=fbl
885707319525548,Ber Tha Mwango idiot,2026-05-04T13:54:42.208885+00:00,,https://www.facebook.com/100064560977290/posts/6124054071047970/?app=fbl
885707319525548,Kalunga Kunda Evans yes choir Master,2026-05-04T13:54:42.208888+00:00,,https://www.facebook.com/100064560977290/posts/6124054071047970/?app=fbl
1133780710671114,Emily M Mbewe it's one Zambia one Nation kaili 🤣🤣,2026-05-04T13:54:42.208894+00:00,,https://www.facebook.com/100064560977290/posts/6124054071047970/?app=fbl
1133780710671114,Rabecca Chimoni 😂😂😂😂😂,2026-05-04T13:54:42.208898+00:00,,https://www.facebook.com/100064560977290/posts/6124054071047970/?app=fbl
1133780710671114,Emily M Mbewe just mention them we know 🤣🤣🤣,2026-05-04T13:54:42.208902+00:00,,https://www.facebook.com/100064560977290/posts/6124054071047970/?app=fbl
1133780710671114,Elias Katonya number one it's you🤣🤣🤣🤣🤣🤣,2026-05-04T13:54:42.208906+00:00,,https://www.facebook.com/100064560977290/posts/6124054071047970/?app=fbl
1133780710671114,Emily M Mbewe 🤣,2026-05-04T13:54:42.208910+00:00,,https://www.facebook.com/100064560977290/posts/6124054071047970/?app=fbl
1133780710671114,Elias Katonya okey ku pamodzi ku ndola kwalibapo ama light 🤣🤣🤣🤣🤣,2026-05-04T13:54:42.208914+00:00,,https://www.facebook.com/100064560977290/posts/6124054071047970/?app=fbl
1133780710671114,Emily M Mbewe ifwe we are used to tropical rubbers 🤣🤣,2026-05-04T13:54:42.208918+00:00,,https://www.facebook.com/100064560977290/posts/6124054071047970/?app=fbl
1133780710671114,Emily M Mbewe vayolensi 🤣🤣🤣,2026-05-04T13:54:42.208922+00:00,,https://www.facebook.com/100064560977290/posts/6124054071047970/?app=fbl
1132178137441275,Ras Zulus Imwe Naimwe nkhalani chabe,2026-05-04T13:54:42.208925+00:00,,https://www.facebook.com/100064560977290/posts/6124054071047970/?app=fbl
1132178137441275,Onelia BandaOnelia BandaOnelia Banda You don't know that these made lungu cry and they are still working?,2026-05-04T13:54:42.208929+00:00,,https://www.facebook.com/100064560977290/posts/6124054071047970/?app=fbl
1132178137441275,Onelia Banda These guys are they don't joke it's no longer a limited company anymore,2026-05-04T13:54:42.208933+00:00,,https://www.facebook.com/100064560977290/posts/6124054071047970/?app=fbl
1132178137441275,Ras Zulus Kkkkkkk  let's move on forget the past and let us face the reality which is here now,2026-05-04T13:54:42.208937+00:00,,https://www.facebook.com/100064560977290/posts/6124054071047970/?app=fbl
1132178137441275,Onelia Banda There will never be the present without the past so we learn from the past on how lungu went crying so if Bally won't learn from that awe he will cry too mark my words. ...,2026-05-04T13:54:42.208941+00:00,,https://www.facebook.com/100064560977290/posts/6124054071047970/?app=fbl
1132178137441275,Onelia Banda So ba Banda history is important,2026-05-04T13:54:42.208944+00:00,,https://www.facebook.com/100064560977290/posts/6124054071047970/?app=fbl
1132178137441275,Ras Zulus why is lungu in your mouth too much and more over I never saw lungu cry  he held is head high with his daughter by his side or maybe  I missed the part when  he cried  and the only man I saw cry was the late RB may his soul rest in peace.,2026-05-04T13:54:42.208948+00:00,,https://www.facebook.com/100064560977290/posts/6124054071047970/?app=fbl
1132178137441275,Ras ZulusRas Zulus please for get fake history  even the Bible encourage us to forget about the former things ati the old has gone and the new has come,2026-05-04T13:54:42.208952+00:00,,https://www.facebook.com/100064560977290/posts/6124054071047970/?app=fbl
1132178137441275,Onelia BandaOnelia Banda Ask Bowman he knows it very well....How can someone cry in the stadium mmmmmmmmmm my sister power is good,2026-05-04T13:54:42.208956+00:00,,https://www.facebook.com/100064560977290/posts/6124054071047970/?app=fbl
1132178137441275,Ras Zulus nkhalani chabe new body is already there kkkkk,2026-05-04T13:54:42.208960+00:00,,https://www.facebook.com/100064560977290/posts/6124054071047970/?app=fbl
2182068691972856,🤣🤣🤣🤣🤣🤣.. commander,2026-05-04T13:54:42.208963+00:00,,https://www.facebook.com/100064560977290/posts/6124054071047970/?app=fbl
2182068691972856,Muhau Kabuku my boss 🙏🙏🙏,2026-05-04T13:54:42.208967+00:00,,https://www.facebook.com/100064560977290/posts/6124054071047970/?app=fbl
885707319525548,Johnson Njobvu there nothing mean well ba pf they worked and is DA first president to bring loadshelding in January shame,2026-05-04T13:54:42.208971+00:00,,https://www.facebook.com/100064560977290/posts/6124054071047970/?app=fbl
885707319525548,Do you have shares,2026-05-04T13:54:42.208977+00:00,,https://www.facebook.com/100064560977290/posts/6124054071047970/?app=fbl
885707319525548,Johnson Njobvu amano te sanna,2026-05-04T13:54:42.208981+00:00,,https://www.facebook.com/100064560977290/posts/6124054071047970/?app=fbl
885707319525548,Martin Mayembe maybe,2026-05-04T13:54:42.208985+00:00,,https://www.facebook.com/100064560977290/posts/6124054071047970/?app=fbl
1132178137441275,Ras Zulus awe baba nkhalani chabe your arguments are pointless and baseless,2026-05-04T13:54:42.208989+00:00,,https://www.facebook.com/100064560977290/posts/6124054071047970/?app=fbl
1132178137441275,Aposto Cz Josi Ibac please educate this boy who joined FB last year in April,2026-05-04T13:54:42.208992+00:00,,https://www.facebook.com/100064560977290/posts/6124054071047970/?app=fbl
667111548500682,So them thinks ifwee tatwakwata mano batinii aiii.6hrs we have power then after that 6hrs bashimya then yabwela bashimya tebupubo obo nomba,2026-05-04T13:54:42.208996+00:00,,https://www.facebook.com/100064560977290/posts/6124054071047970/?app=fbl
1196199424340136,"This means, will be experiencing loadshedding every 6hrs 😳 it still gives us 12hrs loadshedding in 24hrs. awe naikosa...",2026-05-04T13:54:42.209000+00:00,,https://www.facebook.com/100064560977290/posts/6124054071047970/?app=fbl
723300012465266,The audacity even to show us the Tym frame that they can’t even follow mxxxm,2026-05-04T13:54:42.209004+00:00,,https://www.facebook.com/100064560977290/posts/6124054071047970/?app=fbl
1949331072069915,This is better because most of the business depends on electricity,2026-05-04T13:54:42.209008+00:00,,https://www.facebook.com/100064560977290/posts/6124054071047970/?app=fbl
698220705272026,"So the whole zesco management, never thought 12 hours was not good for the economy. These guys are just jokers.",2026-05-04T13:54:42.209012+00:00,,https://www.facebook.com/100064560977290/posts/6124054071047970/?app=fbl
874509763853596,"My physics teacher would say...
Work done equals to Zero!",2026-05-04T13:54:42.209016+00:00,,https://www.facebook.com/100064560977290/posts/6124054071047970/?app=fbl
3458034251121189,Thanks so much otherwise we were affected us who conducts online discussions or lectures to nursing students across the board 💃💃💃💃💃💃,2026-05-04T13:54:42.209022+00:00,,https://www.facebook.com/100064560977290/posts/6124054071047970/?app=fbl
1204525363815936,"I wonder what zesco is going to say on judgement day .simple instruction ""let there be light "" they can't obey😢

Iyo 6hrs chimo kwati ni 2 days",2026-05-04T13:54:42.209026+00:00,,https://www.facebook.com/100064560977290/posts/6124054071047970/?app=fbl
1169109660383293,This is better. At least you have 6hrs of power during the day.Good for those small businesses.,2026-05-04T13:54:42.209030+00:00,,https://www.facebook.com/100064560977290/posts/6124054071047970/?app=fbl
729761978322271,"If I'm wrong correct me.. This message from Zesco simply means loadshedding will be reduced to 6hrs in the sense that if you have power In Kabulonga,Ibex,woodlands other areas will not have it.. then after 6hours it becomes vice versa...

Ba Zesco Kalingalinga and Helen Kaunda power hasn't gone for the past 7 days... This is not a complaint but a concern we are worried what is happening🙊🙊",2026-05-04T13:54:42.209037+00:00,,https://www.facebook.com/100064560977290/posts/6124054071047970/?app=fbl
723300012465266,Jojo Long exactly my thought 😂,2026-05-04T13:54:42.209041+00:00,,https://www.facebook.com/100064560977290/posts/6124054071047970/?app=fbl
489522783263968,And here I was thinking babweshamo kansi they have reduced to increase nabo ba ze powering ze nation.we have gotten used to the current schedule already lekeni ifyo,2026-05-04T13:54:42.209045+00:00,,https://www.facebook.com/100064560977290/posts/6124054071047970/?app=fbl
860026851917551,"I remember someone telling us that,there will be no loadshedding",2026-05-04T13:54:42.209049+00:00,,https://www.facebook.com/100064560977290/posts/6124054071047970/?app=fbl
512295627663520,Govt should construct more hydro power generations in luapula and north western provinces which receive more rainfall failure to do so LYASHI LYAKWAKALEYA.,2026-05-04T13:54:42.209053+00:00,,https://www.facebook.com/100064560977290/posts/6124054071047970/?app=fbl
720163412965790,The difference is the same,2026-05-04T13:54:42.209057+00:00,,https://www.facebook.com/100064560977290/posts/6124054071047970/?app=fbl
648295807070819,"Problem here in Zambia we always like politicking,the president here had to move from his comfort zone for fault finding mission where he med energy experts and we are told there will be some reduction in the number of loadshedding,but as usual other people are seeing this positive move with different lenses 🤔🤔",2026-05-04T13:54:42.209061+00:00,,https://www.facebook.com/100064560977290/posts/6124054071047970/?app=fbl
1016113056445921,This is the same as you know that you are selling something at k6 and you know the customers will come and negotiate you put the same thing at k12 to avoid loss then when the customer comes you say the price I can sale this thing is k6 and yet you that thing is k6 then the customer will say at least I have negotiated up to half without knowing that k6 is the actual price. Intellectual is very very important in all you do than working under pressure,2026-05-04T13:54:42.209064+00:00,,https://www.facebook.com/100064560977290/posts/6124054071047970/?app=fbl
489662936581792,Zambia is a circus show,2026-05-04T13:54:42.209068+00:00,,https://www.facebook.com/100064560977290/posts/6124054071047970/?app=fbl
1223746585019404,So ati titote?,2026-05-04T13:54:42.209072+00:00,,https://www.facebook.com/100064560977290/posts/6124054071047970/?app=fbl
410248704621176,Power went o5 came around 11 went again around 17,2026-05-04T13:54:42.209076+00:00,,https://www.facebook.com/100064560977290/posts/6124054071047970/?app=fbl
2317284321774525,🥲eh tigulise Iphone?,2026-05-04T13:54:42.209080+00:00,,https://www.facebook.com/100064560977290/posts/6124054071047970/?app=fbl
1204525363815936,Bàrbrà Phírí 🤣🤣🤣,2026-05-04T13:54:42.209084+00:00,,https://www.facebook.com/100064560977290/posts/6124054071047970/?app=fbl
698220705272026,Hon Mwinga just imagine mbuya,2026-05-04T13:54:42.209088+00:00,,https://www.facebook.com/100064560977290/posts/6124054071047970/?app=fbl
698220705272026,Hon Mwinga fire them all.,2026-05-04T13:54:42.209091+00:00,,https://www.facebook.com/100064560977290/posts/6124054071047970/?app=fbl
698220705272026,"Yes fire, fire",2026-05-04T13:54:42.209095+00:00,,https://www.facebook.com/100064560977290/posts/6124054071047970/?app=fbl
698220705272026,Well said hon,2026-05-04T13:54:42.209099+00:00,,https://www.facebook.com/100064560977290/posts/6124054071047970/?app=fbl
698220705272026,Hon Mwinga but it's still 12 hours,2026-05-04T13:54:42.209103+00:00,,https://www.facebook.com/100064560977290/posts/6124054071047970/?app=fbl
2317284321774525,Dipsy Zambia awe tigulise chabe,2026-05-04T13:54:42.209107+00:00,,https://www.facebook.com/100064560977290/posts/6124054071047970/?app=fbl
512295627663520,Alick Mwansa true,2026-05-04T13:54:42.209111+00:00,,https://www.facebook.com/100064560977290/posts/6124054071047970/?app=fbl
460000529681418,How can it be an improvement as it is now 24hrs as no places are indicated in the schedule to break it. This is not an authentic issue by ZESCO,2026-05-04T13:54:42.209115+00:00,,https://www.facebook.com/100064560977290/posts/6124054071047970/?app=fbl
1144498916255701,And I quote”the changed schedules are intended to provide customers some relief”. What relief??,2026-05-04T13:54:42.209119+00:00,,https://www.facebook.com/100064560977290/posts/6124054071047970/?app=fbl
1380815312686577,"6hrs of power,twafimba twapoka😭😭",2026-05-04T13:54:42.209123+00:00,,https://www.facebook.com/100064560977290/posts/6124054071047970/?app=fbl
2017595225100451,"We need to have a concrete and proper solution to this load shedding. Zambia is a developing country, without power for 6hrs its a urge setback, for small businesses that depends on electricity to operate.
The beginning of every year we experience load shedding, why not making a proper plan and been proactive 💭",2026-05-04T13:54:42.209126+00:00,,https://www.facebook.com/100064560977290/posts/6124054071047970/?app=fbl
1259562757957102,Bafakako half time manje monga bola🤔,2026-05-04T13:54:42.209130+00:00,,https://www.facebook.com/100064560977290/posts/6124054071047970/?app=fbl
527188406053799,12 hours split into ma 6 hours. What difference does it make?? I can't understand this mathematics.,2026-05-04T13:54:42.209134+00:00,,https://www.facebook.com/100064560977290/posts/6124054071047970/?app=fbl
2054844194718605,"And make sure you do the same hours not this rubbish we are experiencing in kamwala south,if you want just do away with zesco we will do with the sun ☀  tuchule",2026-05-04T13:54:42.209138+00:00,,https://www.facebook.com/100064560977290/posts/6124054071047970/?app=fbl
562895362167565,"Since there's nothing I can do guys,nasala option A from 23hrs to 05hrs 😎😅",2026-05-04T13:54:42.209142+00:00,,https://www.facebook.com/100064560977290/posts/6124054071047970/?app=fbl
520241180203543,Mu zambia kuti twalikala kanshi twaba muma celz tatwaishba 😹😹😹how can electricity be going the whole day mu chalo !😃💀,2026-05-04T13:54:42.209146+00:00,,https://www.facebook.com/100064560977290/posts/6124054071047970/?app=fbl
1142773309757283,"The truth is that this company has got the capabilities and enough electricity to stop loadshedding ,it's just that there is something there are not telling us",2026-05-04T13:54:42.209152+00:00,,https://www.facebook.com/100064560977290/posts/6124054071047970/?app=fbl
1144498916255701,Chikondi Rose Shawa imagine ayi.,2026-05-04T13:54:42.209155+00:00,,https://www.facebook.com/100064560977290/posts/6124054071047970/?app=fbl
1144498916255701,Chikondi Rose Shawa  imagine ai,2026-05-04T13:54:42.209160+00:00,,https://www.facebook.com/100064560977290/posts/6124054071047970/?app=fbl
493540736030616,"Please no load shedding pa weekend ? Loadshed but not when it's time to cook, watch 19 hrs news morning to make breakfast and iron clothes",2026-05-04T13:54:42.209166+00:00,,https://www.facebook.com/100064560977290/posts/6124054071047970/?app=fbl
903100007535654,Someone today has known that people have power not ATI PF did that this no people have power see not a laughing matter,2026-05-04T13:54:42.209172+00:00,,https://www.facebook.com/100064560977290/posts/6124054071047970/?app=fbl
509875321241534,I can practically say it's been 3days without power... Power coming after midnight and going before you wake up 😡😡,2026-05-04T13:54:42.209177+00:00,,https://www.facebook.com/100064560977290/posts/6124054071047970/?app=fbl
485405080193745,"THIS IS NOT GOOD AT ALL ,THEY ARE TORTURING PEOPLE WHO HAVE SMALL BUSINESSES WHICH ARE OPERATING VIA ELECTRICITY. Indeed poverty won't end in Zambia no matter how they claim to fix the economy.The question is,how are the people depending on electricity going to survive? coz the hours are too much.",2026-05-04T13:54:42.209183+00:00,,https://www.facebook.com/100064560977290/posts/6124054071047970/?app=fbl
1332443117593026,If I was Bally someone should have lost their job to serve as a lesson to others how can lie to the President that we now have excess power yet it's lie,2026-05-04T13:54:42.209189+00:00,,https://www.facebook.com/100064560977290/posts/6124054071047970/?app=fbl
696804132160570,"Yes they's loadshedding, but us we're very fortunate power don't go even a bit. That's the previllage of living in village. Less populated areas , we're powered every time thank you ZESCO.",2026-05-04T13:54:42.209193+00:00,,https://www.facebook.com/100064560977290/posts/6124054071047970/?app=fbl
1776648382722259,"I'm not loadsheded  yet, I have no fridge, no TV, no house with electricity definitely I'm using a touch with finger batteries  so this loadsheding is probably equalizing me with my neighbors with electricity 🤣🤣🤣🤣🤣🤣 tulibamo bene apa",2026-05-04T13:54:42.209210+00:00,,https://www.facebook.com/100064560977290/posts/6124054071047970/?app=fbl
511739577605415,But kuwena 05 sure some of us we got children awe Zambia has to change for sure 💪...... am sure some of employees is heart broken that's why he's changing ama timetable mwe😂😂 as if Ni fuel just that this one will be done weekly 😂,2026-05-04T13:54:42.209220+00:00,,https://www.facebook.com/100064560977290/posts/6124054071047970/?app=fbl
906861247329552,"Ala this loadshedding has brought more harm, with this rain season and schools have opened it's really difficult,and now how do we even prepare food and also water for bathing young children ummm it's a pity that these POLITICIANS are all LIARS! They always take us for granted! Shame!",2026-05-04T13:54:42.209230+00:00,,https://www.facebook.com/100064560977290/posts/6124054071047970/?app=fbl
3036557793303467,"And I quote, ""Zesco Limited (by default) has structured the load shedding exercise by staggering each outage to a MINIMUM 6 hour period"" End of quote. In case you didn't see it........ Masebela bhati",2026-05-04T13:54:42.209238+00:00,,https://www.facebook.com/100064560977290/posts/6124054071047970/?app=fbl
1259562757957102,Saidi Masili Banda Iwe boi sumvela. I didn't know you're this hilarious 🤣😆😂😅,2026-05-04T13:54:42.209246+00:00,,https://www.facebook.com/100064560977290/posts/6124054071047970/?app=fbl
1259562757957102,Phiri Knox Lucas lol,2026-05-04T13:54:42.209255+00:00,,https://www.facebook.com/100064560977290/posts/6124054071047970/?app=fbl
1259562757957102,Saidi Masili Banda Since ni champions league kuli ma Group Stages na ma Knock outs,2026-05-04T13:54:42.209264+00:00,,https://www.facebook.com/100064560977290/posts/6124054071047970/?app=fbl
1259562757957102,Phiri Knox Lucas ndeve chaonekela boi🤣,2026-05-04T13:54:42.209276+00:00,,https://www.facebook.com/100064560977290/posts/6124054071047970/?app=fbl
1380815312686577,Lingson Mwanza Na! It means power will be going 2 times a day😄,2026-05-04T13:54:42.209288+00:00,,https://www.facebook.com/100064560977290/posts/6124054071047970/?app=fbl
1380815312686577,Charles Ilunga We shall see..😅,2026-05-04T13:54:42.209761+00:00,,https://www.facebook.com/100064560977290/posts/6124054071047970/?app=fbl
1380815312686577,"Lingson Mwanza balengamo futi muchizungu key word ni ""Splits"" not reduce🤣🤣🤣🤣🤣",2026-05-04T13:54:42.209782+00:00,,https://www.facebook.com/100064560977290/posts/6124054071047970/?app=fbl
1380815312686577,"Charles Ilunga I did,read it again also, it’s not making sense na time table yabo",2026-05-04T13:54:42.209943+00:00,,https://www.facebook.com/100064560977290/posts/6124054071047970/?app=fbl
1380815312686577,"Lingson Mwanza It is making sense let me say when you're loadshed at 05hrs malaiti yazabwela na 11hrs,then you will have malaiti then around 17hrs yazayenda and it will come around 23hrs..",2026-05-04T13:54:42.209956+00:00,,https://www.facebook.com/100064560977290/posts/6124054071047970/?app=fbl
1380815312686577,Kukonka che time table apa kwati,2026-05-04T13:54:42.209966+00:00,,https://www.facebook.com/100064560977290/posts/6124054071047970/?app=fbl
562895362167565,Chengo Mukolo tefintu,2026-05-04T13:54:42.209976+00:00,,https://www.facebook.com/100064560977290/posts/6124054071047970/?app=fbl
1332443117593026,Sir Kenneth Ngulube my thoughts too,2026-05-04T13:54:42.209984+00:00,,https://www.facebook.com/100064560977290/posts/6124054071047970/?app=fbl
903100007535654,Angel Bernadette CK What does that even mean?,2026-05-04T13:54:42.210003+00:00,,https://www.facebook.com/100064560977290/posts/6124054071047970/?app=fbl
903100007535654,Sipalo Alex Ntoka if not the people to condemn they were still going to lie about water levels everyone was affected the youth begin to regret voting for them coz there's no change,2026-05-04T13:54:42.210013+00:00,,https://www.facebook.com/100064560977290/posts/6124054071047970/?app=fbl
903100007535654,"Angel Bernadette CK 
Under the PF we endured:

-Cadersim
-load shedding
-Loss of innocent lives 
-Scandal after scandal
-Fire tenders 
-Forest 27
-Kwacha loss of value
-Employment freeze
-Secret recruitment into the police and defense forces
-Lack of repair for government offices
-Lack of respect for men and women in uniform
-Name it. 

If u still can't see change, then u are a pharisee.",2026-05-04T13:54:42.210022+00:00,,https://www.facebook.com/100064560977290/posts/6124054071047970/?app=fbl
903100007535654,Angel Bernadette CK yes bro u have a point here but do u know that we better than south and zim in terms of power.and pf was ok the only thing I blame them it's about caderlism and the men in uniform not respected for that matter education was point less,2026-05-04T13:54:42.210031+00:00,,https://www.facebook.com/100064560977290/posts/6124054071047970/?app=fbl
3048240672151024,"This bally also he promised to end load shedding look at him now....time to teach these politicians in 2026 that lies will kick them out of power , one has to promise what is achievable not heaven on earth that you can’t manage....",2026-05-04T13:54:42.210039+00:00,,https://www.facebook.com/100064560977290/posts/6124054071047970/?app=fbl
864003481516603,"12hours was okay, we dont want DSTV to benefit😂",2026-05-04T13:54:42.210049+00:00,,https://www.facebook.com/100064560977290/posts/6124054071047970/?app=fbl
559716629070332,"Best is just to make sure power cuts immediately Chelsea is about to start playing…this will save a lot of Energy,Power and BP.",2026-05-04T13:54:42.210058+00:00,,https://www.facebook.com/100064560977290/posts/6124054071047970/?app=fbl
1576115159502762,"Mwebantu this company needs competitors I don’t see 05, 08 or 10hrs here and if you check there time schedule it’s saying 9hrs and not 6hrs … why behave as if your supplying us electricity for free . Stick to your schedule",2026-05-04T13:54:42.210072+00:00,,https://www.facebook.com/100064560977290/posts/6124054071047970/?app=fbl
730265781636519,Here in kamwala south it's now 14hrs since yesterday 16hrs really this is not fair the other day it was 2 days  no power how do we make our programmes on time like this. Work is getting affected!!!,2026-05-04T13:54:42.210082+00:00,,https://www.facebook.com/100064560977290/posts/6124054071047970/?app=fbl
1322434861928316,Umungulufye..... First of all how do you suddenly start load shedding in the middle of a rain season and tell people that there is no water 🤦🤦🤦🤦 what more October? For the past ten years the story has been the same without a solution,2026-05-04T13:54:42.210091+00:00,,https://www.facebook.com/100064560977290/posts/6124054071047970/?app=fbl
1369890623838604,"Doesn't change the fact that my pressing iron got damaged, ndechisa be mpoto... Smelling like ichimbala at work 🤨",2026-05-04T13:54:42.210101+00:00,,https://www.facebook.com/100064560977290/posts/6124054071047970/?app=fbl
475797351387622,So power will be going twice a day for 6 hours?,2026-05-04T13:54:42.210110+00:00,,https://www.facebook.com/100064560977290/posts/6124054071047970/?app=fbl
637927768087719,"ZESCO management is rotten completely.
Why giving us break .
Power went 05 hrs and came back at 14 hrs that is how many hours? 10 hours
Again 17 hours power went coming back 23hours and that is 7 hours totals is 17 hours .",2026-05-04T13:54:42.210119+00:00,,https://www.facebook.com/100064560977290/posts/6124054071047970/?app=fbl
666239068516046,Things are getting from bad to worse No food No money even the hope we had that if we work will find something for the family it’s gone how can we work without Power???Mr President this is just bad every bad things has happened in 1 year what more,2026-05-04T13:54:42.210128+00:00,,https://www.facebook.com/100064560977290/posts/6124054071047970/?app=fbl
1776648382722259,Rayton Mudenda 🤣🤣🤣🤣,2026-05-04T13:54:42.210138+00:00,,https://www.facebook.com/100064560977290/posts/6124054071047970/?app=fbl
527188406053799,Rebecca Sakala Mumbi Elo if you mathematicians are saying that ifwe very lost in-terms of  understanding …,2026-05-04T13:54:42.210148+00:00,,https://www.facebook.com/100064560977290/posts/6124054071047970/?app=fbl
527188406053799,"Rebecca Sakala Mumbi maybe they mean we will have 2 times of power outage separated by 6hours, it goes for 6hrs then comes for 6hours and goes again for 6 hrs. Will see what happens mwe otherwise mmm.",2026-05-04T13:54:42.210158+00:00,,https://www.facebook.com/100064560977290/posts/6124054071047970/?app=fbl
475797351387622,Susan J Stephens imagine. Absolutely no difference. This is fuckery of the highest order,2026-05-04T13:54:42.210167+00:00,,https://www.facebook.com/100064560977290/posts/6124054071047970/?app=fbl
475797351387622,"Peace Kandy it will bring even more confusion, let’s see how it unfolds 🤦‍♀️ smh",2026-05-04T13:54:42.210177+00:00,,https://www.facebook.com/100064560977290/posts/6124054071047970/?app=fbl
475797351387622,Susan J Stephens plus ZESCO don't do things on time so for these 6 hour periods they'll be running into 7 each so ka 14 a day,2026-05-04T13:54:42.210187+00:00,,https://www.facebook.com/100064560977290/posts/6124054071047970/?app=fbl
475797351387622,Susan J Stephens seems like,2026-05-04T13:54:42.210196+00:00,,https://www.facebook.com/100064560977290/posts/6124054071047970/?app=fbl
475797351387622,Susan J Stephens kaili to give you a breather 🤣🤣🤣 they have given you a snorkel since technically we are still under water 🤣😭,2026-05-04T13:54:42.210206+00:00,,https://www.facebook.com/100064560977290/posts/6124054071047970/?app=fbl
475797351387622,Peace Kandy true OMG,2026-05-04T13:54:42.210216+00:00,,https://www.facebook.com/100064560977290/posts/6124054071047970/?app=fbl
475797351387622,Susan J Stephens next ni 3 times,2026-05-04T13:54:42.210225+00:00,,https://www.facebook.com/100064560977290/posts/6124054071047970/?app=fbl
475797351387622,Susan J Stephens still 12 hours 😭😭😭😭😳😳,2026-05-04T13:54:42.210234+00:00,,https://www.facebook.com/100064560977290/posts/6124054071047970/?app=fbl
475797351387622,"Susan J Stephens Exactly my question
It went at 05 here and came at 13 and at 17 it went apa so still nothing.
Vaupuba chabe ba Zesco",2026-05-04T13:54:42.210244+00:00,,https://www.facebook.com/100064560977290/posts/6124054071047970/?app=fbl
3048240672151024,Chunza Kamanga True Bro,2026-05-04T13:54:42.210253+00:00,,https://www.facebook.com/100064560977290/posts/6124054071047970/?app=fbl
1633600697097916,"This is not a solution but definitely this will indirectly be a relief to those that run businesses that completely depend on electricity, like welders, barbermen and salons. The problem is huge and the government needs to find a way of cushioning the impact on the masses.",2026-05-04T13:54:42.210262+00:00,,https://www.facebook.com/100064560977290/posts/6124054071047970/?app=fbl
1077101027019576,I woke up at 02 in the morning to stand in line and vote and stayed till 15hrs😢😢 that's time in my life il never recover,2026-05-04T13:54:42.210270+00:00,,https://www.facebook.com/100064560977290/posts/6124054071047970/?app=fbl
507152648185346,If the loadshedding can be reduced to 6hours it means that it can also be reduced to 3hrs...fibweshenifye twapapata,2026-05-04T13:54:42.210279+00:00,,https://www.facebook.com/100064560977290/posts/6124054071047970/?app=fbl
701007491643584,"What kind of government do we have where people are ruled like animals who can't reason, a lot of small entrepreneurs will be affected by this ,many businesses will lose millions of kwacha, what a nation we have today",2026-05-04T13:54:42.210288+00:00,,https://www.facebook.com/100064560977290/posts/6124054071047970/?app=fbl
2864588043685007,Kindly explain what this means to some of us. Because the difference here sounds the same,2026-05-04T13:54:42.210297+00:00,,https://www.facebook.com/100064560977290/posts/6124054071047970/?app=fbl
6528614153822656,I don't see any sense in this. When I look at how hours have been split business that uses power are still at risk,2026-05-04T13:54:42.210306+00:00,,https://www.facebook.com/100064560977290/posts/6124054071047970/?app=fbl
5034726106630481,This is very very sad to say the least..let them just shut down zesco please..,2026-05-04T13:54:42.210316+00:00,,https://www.facebook.com/100064560977290/posts/6124054071047970/?app=fbl
409864024658433,We have had this load shedding problem for decades.  Shut up and let people resolve,2026-05-04T13:54:42.210330+00:00,,https://www.facebook.com/100064560977290/posts/6124054071047970/?app=fbl
511224641076840,"So in short you're saying you've created a crappy time-table of not having power during peak periods 😏
Anyway kuzumbana naba zesco is just nerve wrecking..... Mxxm",2026-05-04T13:54:42.210339+00:00,,https://www.facebook.com/100064560977290/posts/6124054071047970/?app=fbl
1755477978180396,It's like the break is for giving us time to charge phones only very pathetic,2026-05-04T13:54:42.210348+00:00,,https://www.facebook.com/100064560977290/posts/6124054071047970/?app=fbl
2864588043685007,"Vian Suwilanji Simbaya the difference is the same, some areas will end up experiencing load shedding even 3 times in one day. 12 hours straight was even better for purposes of planning the day",2026-05-04T13:54:42.210358+00:00,,https://www.facebook.com/100064560977290/posts/6124054071047970/?app=fbl
2864588043685007,Vian Suwilanji Simbaya naine kwati yampita 🤣,2026-05-04T13:54:42.210495+00:00,,https://www.facebook.com/100064560977290/posts/6124054071047970/?app=fbl
1077101027019576,Michy Susan Musenge lol epomwaba sister,2026-05-04T13:54:42.210517+00:00,,https://www.facebook.com/100064560977290/posts/6124054071047970/?app=fbl
1077101027019576,Jimmy AshTag  still going strong che😂,2026-05-04T13:54:42.210528+00:00,,https://www.facebook.com/100064560977290/posts/6124054071047970/?app=fbl
1077101027019576,Michy Susan Musenge lol ohgee. Keep strong. Only the strong will survive,2026-05-04T13:54:42.210537+00:00,,https://www.facebook.com/100064560977290/posts/6124054071047970/?app=fbl
409864024658433,Catherine Lumba Nyambe Tru,2026-05-04T13:54:42.210546+00:00,,https://www.facebook.com/100064560977290/posts/6124054071047970/?app=fbl
564043215736577,This load shedding is not from the way fuel prices are being increased and reduced.why is it so hard to make a solid decision once and for all,2026-05-04T13:54:42.210556+00:00,,https://www.facebook.com/100064560977290/posts/6124054071047970/?app=fbl
501367885418814,"My surprise is why this same loaddsheding is only happening in a few area's of Lusaka but within Lusaka some places have never experienced this power shortage....

It's nice if at all we all have to go through this but still only in a few places of Lusaka

Then again looking at other provinces they are even getting surprised to say this thing of load shedding is not happening  in there places.....

It's too much mwandi otherwise we run our businesses and family with the help of power supply....

It's not making sense if u are just interested in a few places in LUSAKA!!!!!!!!!!",2026-05-04T13:54:42.210832+00:00,,https://www.facebook.com/100064560977290/posts/6124054071047970/?app=fbl
853492429266225,"But they won't even follow this schedule,ise ku Chalala we are being loadshedded for 11 hours per day.. 🙄",2026-05-04T13:54:42.210873+00:00,,https://www.facebook.com/100064560977290/posts/6124054071047970/?app=fbl
1140285630023705,Then you're going to kill our Children.... Kabwata flats we are in ⚡ Danger ...Cholera will be the order of the day ... Because water we depend on a pump  Now if through the day  and night  (split) Not good enough ..Our lives are in danger ..please look into this issues....This scary,2026-05-04T13:54:42.210886+00:00,,https://www.facebook.com/100064560977290/posts/6124054071047970/?app=fbl
1386230895455401,I am trying to plot these time schedules on a frequency distribution table and they are not making any sense….The Data is continuous with no Breaks….palibe 6 hrs break🙈🙈🙈🙈,2026-05-04T13:54:42.210896+00:00,,https://www.facebook.com/100064560977290/posts/6124054071047970/?app=fbl
691055962549616,Kuno power went yestrday around 11hrs and came back today around 15hrs,2026-05-04T13:54:42.210906+00:00,,https://www.facebook.com/100064560977290/posts/6124054071047970/?app=fbl
722921442739592,"So mwalelolela ichalo chonse chilande, Zambians are good people, mufwayafye ukutonaula. Apapena mwalya.",2026-05-04T13:54:42.210923+00:00,,https://www.facebook.com/100064560977290/posts/6124054071047970/?app=fbl
1235114530763821,"You can bet PF sympathisers cant get a thing of what Zesco has tried to manipulate here. They wud maybe have to do some free education then, jst maybe they cud catch up. You shall tell from their submissions.",2026-05-04T13:54:42.210938+00:00,,https://www.facebook.com/100064560977290/posts/6124054071047970/?app=fbl
1569780666806418,"I don't care how u interpret or think of this, but to a wise person this is better n encouraging...having power for 18 hours out of 24 hours that 75% of 24 hours. Looking forward to further more deductions of hours.",2026-05-04T13:54:42.210947+00:00,,https://www.facebook.com/100064560977290/posts/6124054071047970/?app=fbl
868318260882424,6 hrs intervals with or without power. Can't still trust the process with Zesco.,2026-05-04T13:54:42.210957+00:00,,https://www.facebook.com/100064560977290/posts/6124054071047970/?app=fbl
853492429266225,Leah Nachilima awe for real munakuka boss even saying ku chalala..... But pama bedsitter mwenze zee🤣🤣🤣🤣 I miss you too boi,2026-05-04T13:54:42.210966+00:00,,https://www.facebook.com/100064560977290/posts/6124054071047970/?app=fbl
853492429266225,"Alex Mumba Iwe there was no loadshedding pama bedsitter,tenze bazungu..",2026-05-04T13:54:42.210975+00:00,,https://www.facebook.com/100064560977290/posts/6124054071047970/?app=fbl
853492429266225,Leah Nachilima kaili you moved Kuma yard so keep quiet ala,2026-05-04T13:54:42.210984+00:00,,https://www.facebook.com/100064560977290/posts/6124054071047970/?app=fbl
1653764831741282,"Let it be at night coz it's disturbing our business like the way it was here in shikoswe power went yesterday at 11:22 and it came back today at 15 :20 so now how are we going to be working for example us with stationary, saloons, butcheries etc",2026-05-04T13:54:42.210994+00:00,,https://www.facebook.com/100064560977290/posts/6124054071047970/?app=fbl
688893926352354,Year in year out nima regret chabe. And the polotishans all sing the same song. We have fixed loadshedding. Mulungu naye avala pompi yamvula. Zambia needs long term alternate energy solutions. Actual solutions not pakanwafye.,2026-05-04T13:54:42.211003+00:00,,https://www.facebook.com/100064560977290/posts/6124054071047970/?app=fbl
614862720641260,Let who ever is in charge of cutting power be promoted with immediate effect ndafya he is doing absolutely well In the field👏🤦🤦,2026-05-04T13:54:42.211013+00:00,,https://www.facebook.com/100064560977290/posts/6124054071047970/?app=fbl
1603467320124996,Rubbish power goes twice in a day,2026-05-04T13:54:42.211022+00:00,,https://www.facebook.com/100064560977290/posts/6124054071047970/?app=fbl
820122623123701,Very useless I how i wish it wasn't a monopoly  n had a competitor like mobile providers they wouldn't have had any customer,2026-05-04T13:54:42.211031+00:00,,https://www.facebook.com/100064560977290/posts/6124054071047970/?app=fbl
697366508700436,"This is like breaking up with your girl twice in one day, yaba any way 2026 zesco will vote for some one alone",2026-05-04T13:54:42.211041+00:00,,https://www.facebook.com/100064560977290/posts/6124054071047970/?app=fbl
879838946387363,Atleast we can see some improvements in the schedule.  Kudos!,2026-05-04T13:54:42.211052+00:00,,https://www.facebook.com/100064560977290/posts/6124054071047970/?app=fbl
856642012112606,"There is literally no difference, we are still been load shaded 12 hours but in 2 six hourly segments in a day ... This even makes it worse ☹",2026-05-04T13:54:42.211063+00:00,,https://www.facebook.com/100064560977290/posts/6124054071047970/?app=fbl
1761330254239982,Do you really think of people in hospitals depending on power because they are on oxygen if only you can visit  hospitals and see people dying out of your decision it's not right,2026-05-04T13:54:42.211073+00:00,,https://www.facebook.com/100064560977290/posts/6124054071047970/?app=fbl
921314262582264,UPND you are packing your bags. Wait,2026-05-04T13:54:42.211082+00:00,,https://www.facebook.com/100064560977290/posts/6124054071047970/?app=fbl
856642012112606,Suzyo Theo True,2026-05-04T13:54:42.211091+00:00,,https://www.facebook.com/100064560977290/posts/6124054071047970/?app=fbl
708646777547324,"And I Qoute ""MINIMUM""  which means we don't have the maximum we can Even go to 15hrs.",2026-05-04T13:54:42.211207+00:00,,https://www.facebook.com/100064560977290/posts/6124054071047970/?app=fbl
4846508602140505,People are still complaining.....it's easy to talk and criticize when u aren't in the league if we put u as president we can forever be in darkness😂😂,2026-05-04T13:54:42.211217+00:00,,https://www.facebook.com/100064560977290/posts/6124054071047970/?app=fbl
1197230877868149,"Well done indeed we are in capable hands thanks to you Mr president, your visit to maamba and sisvonga was meaningful.",2026-05-04T13:54:42.211224+00:00,,https://www.facebook.com/100064560977290/posts/6124054071047970/?app=fbl
2708694619260732,total rubish yestaday power went at 5 came bk 17 today at 6 gone nish vuto ilipati ayi,2026-05-04T13:54:42.211235+00:00,,https://www.facebook.com/100064560977290/posts/6124054071047970/?app=fbl
496420029268773,Electricity went 23hrs up to now theriz no.,2026-05-04T13:54:42.211239+00:00,,https://www.facebook.com/100064560977290/posts/6124054071047970/?app=fbl
549020607150674,Zesco just needs to be unbundled and you also need competition… this monopoly of yours means you can treat your customers any way you like because they have no where else to go,2026-05-04T13:54:42.211243+00:00,,https://www.facebook.com/100064560977290/posts/6124054071047970/?app=fbl
1698478740548102,IWE BA ZESCO YOU MEAN ITS TWICE IN A DAY? I DON'T UNDERSTAND CLARIFY ON THIS ONE 😕😕😕,2026-05-04T13:54:42.211247+00:00,,https://www.facebook.com/100064560977290/posts/6124054071047970/?app=fbl
726411752036852,Savenda electric has bulbs that last for 8 hours let's go and buy we should not be staying in the dark during the night.,2026-05-04T13:54:42.211251+00:00,,https://www.facebook.com/100064560977290/posts/6124054071047970/?app=fbl
857564435493695,Thing is they don't even follow their time table that's the biggest problem. They just switch it on whenever and how ever they like. If they could give us a solid timetable it would atleast help us plan.,2026-05-04T13:54:42.211255+00:00,,https://www.facebook.com/100064560977290/posts/6124054071047970/?app=fbl
1832152390496031,"Even in marriage when your wife becomes big headed, we introduce a side chick to tame her. That's why Zesco avichitilamo bcoz there is no other option  we can resort to, otherwise this company also needs to be replaced by a side chick( company) kkkkk",2026-05-04T13:54:42.211259+00:00,,https://www.facebook.com/100064560977290/posts/6124054071047970/?app=fbl
921314262582264,John Mulenga zero not until 2055,2026-05-04T13:54:42.211379+00:00,,https://www.facebook.com/100064560977290/posts/6124054071047970/?app=fbl
921314262582264,John Mulenga is this loadshedding new for you or can it be compared to what we passed through muli Adada..??,2026-05-04T13:54:42.211383+00:00,,https://www.facebook.com/100064560977290/posts/6124054071047970/?app=fbl
1832152390496031,Jordan Chikula you are right bro 🙌,2026-05-04T13:54:42.211387+00:00,,https://www.facebook.com/100064560977290/posts/6124054071047970/?app=fbl
481698757452496,Frank Curtis Brown still praising him,2026-05-04T13:54:42.211391+00:00,,https://www.facebook.com/100064560977290/posts/6124054071047970/?app=fbl
481698757452496,Frank Curtis Brown yes this is better..,2026-05-04T13:54:42.211395+00:00,,https://www.facebook.com/100064560977290/posts/6124054071047970/?app=fbl
481698757452496,"Frank Curtis Brown sonny, ama fridge bushe yali safe?",2026-05-04T13:54:42.211436+00:00,,https://www.facebook.com/100064560977290/posts/6124054071047970/?app=fbl
481698757452496,Febby K Munchini yalifye safe mammy 🤣🤣,2026-05-04T13:54:42.211441+00:00,,https://www.facebook.com/100064560977290/posts/6124054071047970/?app=fbl
481698757452496,Frank Curtis Brown  very true,2026-05-04T13:54:42.211446+00:00,,https://www.facebook.com/100064560977290/posts/6124054071047970/?app=fbl
481698757452496,Riddah Njovu 11 to 17 no power what time will they work from 8 to 11? 3 hours of work when most clients are cleaning? Anyway very true.,2026-05-04T13:54:42.211454+00:00,,https://www.facebook.com/100064560977290/posts/6124054071047970/?app=fbl
2708694619260732,Mulenga Trudy 😂 but they are saying starting Monday baby naimwe vuto ili pati 😂,2026-05-04T13:54:42.211458+00:00,,https://www.facebook.com/100064560977290/posts/6124054071047970/?app=fbl
2708694619260732,Jabes Shawa ok batipesha aba banthu elo i hope they will stikto it bt again cnt understand so power  will b going once? olo bwanji explain boss,2026-05-04T13:54:42.211462+00:00,,https://www.facebook.com/100064560977290/posts/6124054071047970/?app=fbl
2708694619260732,Everywhere power is (supposed) to go once unless otherwise. My understanding is instead of not having power for 12hrs the way it’s been we’ll now not be having power for 6hrs. So calm down bakazi banga 😂,2026-05-04T13:54:42.211466+00:00,,https://www.facebook.com/100064560977290/posts/6124054071047970/?app=fbl
2708694619260732,Jabes Shawa i shall kul my temper 😃,2026-05-04T13:54:42.211470+00:00,,https://www.facebook.com/100064560977290/posts/6124054071047970/?app=fbl
2708694619260732,Mulenga Trudy Iwe nichani kansi 😂,2026-05-04T13:54:42.211473+00:00,,https://www.facebook.com/100064560977290/posts/6124054071047970/?app=fbl
722882109195958,Please take your electricity forever,2026-05-04T13:54:42.211477+00:00,,https://www.facebook.com/100064560977290/posts/6124054071047970/?app=fbl
525771516014368,"I'll put it like this...
""Pafikoti 12 tulingile uku mifupula, twakulemifupula ifili sikisi...mwatushako filya elyo twamilutula nafimbi sikisi.."" 🤣🤣🤣🤣

Apa kushita fye Karen's, beans nemintesa pantu frozen food ni forget. I don't even remember the last time I saw ice on my freezer...

Pertinent question, why does it have to be 12 hours, why?",2026-05-04T13:54:42.211481+00:00,,https://www.facebook.com/100064560977290/posts/6124054071047970/?app=fbl
3238588863025453,"I am just from removing dust from my solar panels, once I get new batteries and a gas stove its bye bye",2026-05-04T13:54:42.211485+00:00,,https://www.facebook.com/100064560977290/posts/6124054071047970/?app=fbl
690677495877839,"In other words, Zesco has split the number of hours power will be available in a day, into two 6 separate hours...difference? Kaya",2026-05-04T13:54:42.211489+00:00,,https://www.facebook.com/100064560977290/posts/6124054071047970/?app=fbl
915468582944674,"When I'm drunk I'm very alert when crossing the road.I look left and right for cars and bikes,then I look up for aeroplanes and down for bombs,then I look back for kidnappers and then I hold my beer tight and start walking in zigzag to avoid bullets😂😂",2026-05-04T13:54:42.211494+00:00,,https://www.facebook.com/100064560977290/posts/6124054071047970/?app=fbl
5720330321376222,"Has anyone of you been Lord shaded before,If you have raise your hand.
Lord management is what is currently in effect.",2026-05-04T13:54:42.211498+00:00,,https://www.facebook.com/100064560977290/posts/6124054071047970/?app=fbl
922530655410557,"So all those brains in the Ministry of Energy, ZESCO LTD and Maamba Collieries could not figure out what their purpose of existence was?
Really?
It had to take the Head of State to tell them the purpose of their existence: ie to meet the needs of businesses and the population in general.
What exactly did these officials in the Ministry of Energy, ZESCO LTD and Maamba Collieries think their organisations existed for?
Very disappointing indeed. It's high time heads started rolling.",2026-05-04T13:54:42.211502+00:00,,https://www.facebook.com/100064560977290/posts/6124054071047970/?app=fbl
1202959720304622,We are even used to 12 hours ise,2026-05-04T13:54:42.211506+00:00,,https://www.facebook.com/100064560977290/posts/6124054071047970/?app=fbl
1329032821280592,This is an improvement as long as it's once a day,2026-05-04T13:54:42.211509+00:00,,https://www.facebook.com/100064560977290/posts/6124054071047970/?app=fbl
583801633560811,This doesn't change anything especially to us who works on private sector and we depend on electricity. Kitwe town centre we have suffered and still suffering.,2026-05-04T13:54:42.211513+00:00,,https://www.facebook.com/100064560977290/posts/6124054071047970/?app=fbl
1329032821280592,Stella Nyirenda once a day?,2026-05-04T13:54:42.211517+00:00,,https://www.facebook.com/100064560977290/posts/6124054071047970/?app=fbl
1329032821280592,Stella Nyirenda It's twice a day 😂😂,2026-05-04T13:54:42.211523+00:00,,https://www.facebook.com/100064560977290/posts/6124054071047970/?app=fbl
1329032821280592,Stella Nyirenda  Twice coming in batches of 6hrs,2026-05-04T13:54:42.211527+00:00,,https://www.facebook.com/100064560977290/posts/6124054071047970/?app=fbl
1329032821280592,Stella Nyirenda twice a day,2026-05-04T13:54:42.211531+00:00,,https://www.facebook.com/100064560977290/posts/6124054071047970/?app=fbl
1329032821280592,Kristina Nkhoma ni zeze dosage  ma ma  we are in trouble,2026-05-04T13:54:42.211535+00:00,,https://www.facebook.com/100064560977290/posts/6124054071047970/?app=fbl
1329032821280592,"Stella Nyirenda too much..
Balemona kwati naba chenjela",2026-05-04T13:54:42.211538+00:00,,https://www.facebook.com/100064560977290/posts/6124054071047970/?app=fbl
1329032821280592,Kebby Kayawe  these are straight mind games,2026-05-04T13:54:42.211542+00:00,,https://www.facebook.com/100064560977290/posts/6124054071047970/?app=fbl
1329032821280592,You can say that again 😀,2026-05-04T13:54:42.211546+00:00,,https://www.facebook.com/100064560977290/posts/6124054071047970/?app=fbl
601958428357758,It's still 12 hours in a day no difference......😂 Just conceal the contracts.,2026-05-04T13:54:42.211550+00:00,,https://www.facebook.com/100064560977290/posts/6124054071047970/?app=fbl
689335182889377,Why can't they do it from 24:00 to 06:00 hrs so that some people's businesses can keep rolling,2026-05-04T13:54:42.211554+00:00,,https://www.facebook.com/100064560977290/posts/6124054071047970/?app=fbl
914447856376330,They should split this further into 4hour intervals,2026-05-04T13:54:42.211557+00:00,,https://www.facebook.com/100064560977290/posts/6124054071047970/?app=fbl
696883355493456,Why not maintain just one? The 23 to 05...ayashala bayafumyeko,2026-05-04T13:54:42.211561+00:00,,https://www.facebook.com/100064560977290/posts/6124054071047970/?app=fbl
2392680880883194,"ZESCO Needs to go under the hammer, ZANACO use to be this useless not until it was sold it's now the most happening bank in Zambia",2026-05-04T13:54:42.211568+00:00,,https://www.facebook.com/100064560977290/posts/6124054071047970/?app=fbl
493404562903338,My friends in Kabwata are mocking us in SOS. I hear they have not been load-shaded in a long time. Please @ZESCO do what you are best at,2026-05-04T13:54:42.211576+00:00,,https://www.facebook.com/100064560977290/posts/6124054071047970/?app=fbl
1220697095185978,"Us here in copperbelt chililabombwe mine area,since yesterday at 11hrs upto today without power, the pain of seen our products getting rotten for us who runs butcheries😭😭😭 😭",2026-05-04T13:54:42.211580+00:00,,https://www.facebook.com/100064560977290/posts/6124054071047970/?app=fbl
480077054297097,"This is nonsense 
So what have they done 
Power should be cutting twice in a day doesn't make sense at all....
Awe you have really failed",2026-05-04T13:54:42.211584+00:00,,https://www.facebook.com/100064560977290/posts/6124054071047970/?app=fbl
710373020624161,Better to have a shortened /staggered period than a straight 12 hr outage. By the way this is just a phase and it too shall pass.,2026-05-04T13:54:42.211587+00:00,,https://www.facebook.com/100064560977290/posts/6124054071047970/?app=fbl
891555392161666,Awe ba Zesco order tamwakwata just like our relationships,2026-05-04T13:54:42.211591+00:00,,https://www.facebook.com/100064560977290/posts/6124054071047970/?app=fbl
1356117571869792,This is the right move...,2026-05-04T13:54:42.211595+00:00,,https://www.facebook.com/100064560977290/posts/6124054071047970/?app=fbl
1640236043100245,Reducing hours won't change anything bane that's not development,2026-05-04T13:54:42.211599+00:00,,https://www.facebook.com/100064560977290/posts/6124054071047970/?app=fbl
474734578203279,All lies...here power went around 05 and it's 13:30..,2026-05-04T13:54:42.211602+00:00,,https://www.facebook.com/100064560977290/posts/6124054071047970/?app=fbl
474565918207339,"The problem at ZESCO let us look at it in a broader perspective way. We seem just concentrate on word generation of power. Let us comb all areas of operations. Even the caliber of engineers in all departments of operations. Planning, maintenance, generation, distributions etc. Maybe also we do not have highly qualified persons in these areas. Most of the highly qualified engineers have left the country and maybe we have second grade engineers. Some of these areas we need proper experts in these areas. In other countries they do not bury there heads in the sand the have a provision to engage experts. Imagine you feed your family 4 meals per day for 10days then the rest 20 days 1 meal per day. No plans.",2026-05-04T13:54:42.211606+00:00,,https://www.facebook.com/100064560977290/posts/6124054071047970/?app=fbl
704829604692684,And they think we are children....let them jst continue with there old schedule we are used to it what have they reduced vaboza che,2026-05-04T13:54:42.211610+00:00,,https://www.facebook.com/100064560977290/posts/6124054071047970/?app=fbl
993046348748518,"My tv and fridge nafipoka.
Tomorrow im bringing them pa ZESCO HQ paka mushitile fimbi.",2026-05-04T13:54:42.211614+00:00,,https://www.facebook.com/100064560977290/posts/6124054071047970/?app=fbl
888207445939331,"Alot of homes will be at risk of being broken to by the thieves,23 to 05 schedule is a time bomb..",2026-05-04T13:54:42.211618+00:00,,https://www.facebook.com/100064560977290/posts/6124054071047970/?app=fbl
3411382362461599,"Strategy

It was 6 at first we were not okay with it 
They made it x2 so as to reduce it to 6 again so that people will say 6 is better😂😂 these people are very smart😏😏 uluse",2026-05-04T13:54:42.211621+00:00,,https://www.facebook.com/100064560977290/posts/6124054071047970/?app=fbl
546402790759342,"We have accepted your inconvenience caused but try by all means to fix that which starts at 16hrs,,,we need to reach home and find electricity all else we will be not reaching home early and it will be your fault",2026-05-04T13:54:42.211625+00:00,,https://www.facebook.com/100064560977290/posts/6124054071047970/?app=fbl
726894725431554,"It's not fair, 05 to🤔. Ba Zesco ok tipempako 07:00 ninshi we done with school business.🙏",2026-05-04T13:54:42.211629+00:00,,https://www.facebook.com/100064560977290/posts/6124054071047970/?app=fbl
601958428357758,Bright Mwika very true,2026-05-04T13:54:42.211633+00:00,,https://www.facebook.com/100064560977290/posts/6124054071047970/?app=fbl
1220697095185978,"Patricia Lusheto Chuunka that's sad mwandi, how do u develop like this?😡😡",2026-05-04T13:54:42.211637+00:00,,https://www.facebook.com/100064560977290/posts/6124054071047970/?app=fbl
1220697095185978,"Catherine Chabula Sichande Very sad indeed,we can't develop and them they are feeling good no impact either 😭",2026-05-04T13:54:42.211641+00:00,,https://www.facebook.com/100064560977290/posts/6124054071047970/?app=fbl
1220697095185978,iyeee sorry dear I can just imagine 😭😭😭,2026-05-04T13:54:42.211644+00:00,,https://www.facebook.com/100064560977290/posts/6124054071047970/?app=fbl
1220697095185978,Muliko nabwino ifwa kuno 3days without power 🤔🤔,2026-05-04T13:54:42.211648+00:00,,https://www.facebook.com/100064560977290/posts/6124054071047970/?app=fbl
1220697095185978,Patricia Lusheto Chuunka that's heart breaking 🥺🥺,2026-05-04T13:54:42.211655+00:00,,https://www.facebook.com/100064560977290/posts/6124054071047970/?app=fbl
1220697095185978,Regina Chilufya Mwale Am telling you it's sad😭😭,2026-05-04T13:54:42.211659+00:00,,https://www.facebook.com/100064560977290/posts/6124054071047970/?app=fbl
1220697095185978,Mirriam Hambotu very much,2026-05-04T13:54:42.211665+00:00,,https://www.facebook.com/100064560977290/posts/6124054071047970/?app=fbl
1220697095185978,Magret Alexanders Nakabaghe iyeee I feel for you😭😭😭kwisa,2026-05-04T13:54:42.211669+00:00,,https://www.facebook.com/100064560977290/posts/6124054071047970/?app=fbl
1220697095185978,Patricia Lusheto Chuunka kitwe west,2026-05-04T13:54:42.211673+00:00,,https://www.facebook.com/100064560977290/posts/6124054071047970/?app=fbl
1220697095185978,Magret Alexanders Nakabaghe My God😭,2026-05-04T13:54:42.211676+00:00,,https://www.facebook.com/100064560977290/posts/6124054071047970/?app=fbl
915468582944674,Âm Thãlkîfl ßhêëth 😂😂,2026-05-04T13:54:42.211680+00:00,,https://www.facebook.com/100064560977290/posts/6124054071047970/?app=fbl
915468582944674,Monica Wali 😅😅😆,2026-05-04T13:54:42.211684+00:00,,https://www.facebook.com/100064560977290/posts/6124054071047970/?app=fbl
704829604692684,Ayi boyi VA zee,2026-05-04T13:54:42.211688+00:00,,https://www.facebook.com/100064560977290/posts/6124054071047970/?app=fbl
1356117571869792,D Jin Marshal what does split means does it mean it will go after every 6 Hours,2026-05-04T13:54:42.211691+00:00,,https://www.facebook.com/100064560977290/posts/6124054071047970/?app=fbl
1356117571869792,Mwape Banda Sure this has been answered by now.,2026-05-04T13:54:42.211695+00:00,,https://www.facebook.com/100064560977290/posts/6124054071047970/?app=fbl
1356117571869792,D Jin Marshal experienced it its no a brainer,2026-05-04T13:54:42.211699+00:00,,https://www.facebook.com/100064560977290/posts/6124054071047970/?app=fbl
1356117571869792,Better than before no doubt.,2026-05-04T13:54:42.211703+00:00,,https://www.facebook.com/100064560977290/posts/6124054071047970/?app=fbl
1220697095185978,Patricia Lusheto Chuunka bwalya tukose,2026-05-04T13:54:42.211736+00:00,,https://www.facebook.com/100064560977290/posts/6124054071047970/?app=fbl
1220697095185978,Magret Alexanders Nakabaghe awe sure,2026-05-04T13:54:42.211741+00:00,,https://www.facebook.com/100064560977290/posts/6124054071047970/?app=fbl
1220697095185978,Patricia Lusheto Chuunka  no leadership capability no heart for small scale entrepreneurs,2026-05-04T13:54:42.211745+00:00,,https://www.facebook.com/100064560977290/posts/6124054071047970/?app=fbl
1220697095185978,Patricia Lusheto Chuunka abena chilizi ekwafumine big number to remove pf also complaining i thought you people u re comfortable than us in kitwe,2026-05-04T13:54:42.211748+00:00,,https://www.facebook.com/100064560977290/posts/6124054071047970/?app=fbl
1220697095185978,David Chewe Awe my brother ba yufi balituletelela ku chiliz,2026-05-04T13:54:42.211752+00:00,,https://www.facebook.com/100064560977290/posts/6124054071047970/?app=fbl
1220697095185978,David Chewe this has nothing to with the removal of Piiyeeffu this problem started in 2014 if am not mistaken,2026-05-04T13:54:42.211756+00:00,,https://www.facebook.com/100064560977290/posts/6124054071047970/?app=fbl
1220697095185978,Catherine Chabula Sichandesad and annoying,2026-05-04T13:54:42.211760+00:00,,https://www.facebook.com/100064560977290/posts/6124054071047970/?app=fbl
1220697095185978,Patricia Lusheto Chuunka very sad indeed!!!,2026-05-04T13:54:42.211764+00:00,,https://www.facebook.com/100064560977290/posts/6124054071047970/?app=fbl
1220697095185978,Patricia Lusheto Chuunka It too bad,2026-05-04T13:54:42.211768+00:00,,https://www.facebook.com/100064560977290/posts/6124054071047970/?app=fbl
8844975338875874,"This is not a good idea I left home no power Iam  back no power 
05-11 No power
11-17 power
17-23 No power
23-05 power
05-11........",2026-05-04T13:54:42.211771+00:00,,https://www.facebook.com/100064560977290/posts/6124054071047970/?app=fbl
5833093400115418,"That's just on paper, here in Kabangwe power went at 05 & this 12 :38",2026-05-04T13:54:42.211775+00:00,,https://www.facebook.com/100064560977290/posts/6124054071047970/?app=fbl
1228378974692366,Fake bcoz it has not been implemented bcoz here power went at 23 and now it’s almost 6 hrs and no power,2026-05-04T13:54:42.211779+00:00,,https://www.facebook.com/100064560977290/posts/6124054071047970/?app=fbl
698330298423080,This loadshedding is unacceptable,2026-05-04T13:54:42.211783+00:00,,https://www.facebook.com/100064560977290/posts/6124054071047970/?app=fbl
1249165352331515,Does staggering mean they will loadshedding us twice in a 2 day instead of 12hrs straight? Like 23 to 05am then 11 to 17 and so on?,2026-05-04T13:54:42.211787+00:00,,https://www.facebook.com/100064560977290/posts/6124054071047970/?app=fbl
717133766425327,Direction is zigizigizag. Not clear. Very inconsistent. 😴😴,2026-05-04T13:54:42.211791+00:00,,https://www.facebook.com/100064560977290/posts/6124054071047970/?app=fbl
1481001045743276,"I have taken a screenshot,,,to hold it has proof Incas u go against ur word,.....🤣🤣🤣",2026-05-04T13:54:42.211794+00:00,,https://www.facebook.com/100064560977290/posts/6124054071047970/?app=fbl
1218991585697288,This is better... Kuno yabwelele 11 something yachiya 05,2026-05-04T13:54:42.211798+00:00,,https://www.facebook.com/100064560977290/posts/6124054071047970/?app=fbl
1230387797514829,So are you people telling me his responsible for drying the kariba dam 🤔🤔,2026-05-04T13:54:42.211802+00:00,,https://www.facebook.com/100064560977290/posts/6124054071047970/?app=fbl
1536375690209571,"This means that power will be cut twice, and restored twice. The 12 hours still stands.🤔",2026-05-04T13:54:42.211808+00:00,,https://www.facebook.com/100064560977290/posts/6124054071047970/?app=fbl
1249165352331515,George K Nawa that is my understanding,2026-05-04T13:54:42.211813+00:00,,https://www.facebook.com/100064560977290/posts/6124054071047970/?app=fbl
1249165352331515,George K Nawa Yes... which is better than 12 hours straight in my opinion.,2026-05-04T13:54:42.211816+00:00,,https://www.facebook.com/100064560977290/posts/6124054071047970/?app=fbl
1249165352331515,George K Nawa yes I think it's better.,2026-05-04T13:54:42.211820+00:00,,https://www.facebook.com/100064560977290/posts/6124054071047970/?app=fbl
425161906424474,Kaz Lave this!! Morning is crucial for preparing school kids and bakuma nchito,2026-05-04T13:54:42.211824+00:00,,https://www.facebook.com/100064560977290/posts/6124054071047970/?app=fbl
425161906424474,Alinjavwa Selwa it's extremely crucial...and all inkuni's are wet during rainy 🤔🤔,2026-05-04T13:54:42.211828+00:00,,https://www.facebook.com/100064560977290/posts/6124054071047970/?app=fbl
425161906424474,Kaz Lave and this same update hasn’t been posted on the zesco page. I hope it’s true. 6 hrs is better than 12 but no load shedding feels like a dream now 🙁,2026-05-04T13:54:42.211832+00:00,,https://www.facebook.com/100064560977290/posts/6124054071047970/?app=fbl
425161906424474,Kaz Lave my exact worry,2026-05-04T13:54:42.211836+00:00,,https://www.facebook.com/100064560977290/posts/6124054071047970/?app=fbl
425161906424474,Alinjavwa Selwa ati they have just split it. In short we will be having a 2 hour break or something of that sort...yet to understand it when it's practical...mmmm okay darkness is something else.,2026-05-04T13:54:42.211840+00:00,,https://www.facebook.com/100064560977290/posts/6124054071047970/?app=fbl
425161906424474,Kaz Lave ahhhhh so it’ll be going twice a day? 🙄,2026-05-04T13:54:42.211844+00:00,,https://www.facebook.com/100064560977290/posts/6124054071047970/?app=fbl
425161906424474,Alinjavwa Selwa yes...😥😥,2026-05-04T13:54:42.211847+00:00,,https://www.facebook.com/100064560977290/posts/6124054071047970/?app=fbl
425161906424474,Kaz Lave mmmmh! Awe sure. Darkness sucks,2026-05-04T13:54:42.211853+00:00,,https://www.facebook.com/100064560977290/posts/6124054071047970/?app=fbl
425161906424474,"Kaz Lave  Mulenya Mulelapila!! 🤣🤣 Schedule revised,a listening govt indeed!!",2026-05-04T13:54:42.211857+00:00,,https://www.facebook.com/100064560977290/posts/6124054071047970/?app=fbl
425161906424474,Caesar Alibaba Ali 🙄🙄🙄. Same difference,2026-05-04T13:54:42.211861+00:00,,https://www.facebook.com/100064560977290/posts/6124054071047970/?app=fbl
1481001045743276,Chilambe Emmanuel 🤣🤣🤣🤣,2026-05-04T13:54:42.211865+00:00,,https://www.facebook.com/100064560977290/posts/6124054071047970/?app=fbl
428259989439534,"What happened to that man who generated electricity from the waste products!where is he. We have plenty of pit latrines muma ghetto, better we start generating electricity fwebene",2026-05-04T13:54:42.211869+00:00,,https://www.facebook.com/100064560977290/posts/6124054071047970/?app=fbl
980504803354844,Va zeee 😒,2026-05-04T13:54:42.211873+00:00,,https://www.facebook.com/100064560977290/posts/6124054071047970/?app=fbl
1200460504234580,I said it before that they should put someone who knows how to count the hours properly. So we didn't have power from Saturday 12:00hrs till Sunday 17:00 was that 12 hours surely. I have written everything mu ka book 2026 is coming 😏,2026-05-04T13:54:42.211877+00:00,,https://www.facebook.com/100064560977290/posts/6124054071047970/?app=fbl
563994755593886,"So does this mean 

6 + 6 hour loadshedding per day or,
Minimum 6 hrs/day which could easily still be 12 hours or,
Is it actually 6 hrs loadshedding/day?

This is so much lack of promise in this release.",2026-05-04T13:54:42.211881+00:00,,https://www.facebook.com/100064560977290/posts/6124054071047970/?app=fbl
842607610163169,You should reduce further at least 3 hours,2026-05-04T13:54:42.211885+00:00,,https://www.facebook.com/100064560977290/posts/6124054071047970/?app=fbl
685408256413529,"And this system of loadshedding some areas while others are enjoying the same power is not good at all, let's all part take of the misfortune, period!",2026-05-04T13:54:42.211889+00:00,,https://www.facebook.com/100064560977290/posts/6124054071047970/?app=fbl
529585439141995,"Priority is very important. 
As a parent you can't feed others well your own children are starving. . . Think of it if it's making sense. 🤔 Some rules and regulations are supposed to be reviewed, revisited and revised. To favor our country first. 🚶✌️",2026-05-04T13:54:42.211894+00:00,,https://www.facebook.com/100064560977290/posts/6124054071047970/?app=fbl
1619844888456733,Kikikikikik 😂😂😂 uku ndiye kusila manje. Staggering 12hrs into 6 hr period. Apa peve work done is equal to zero.,2026-05-04T13:54:42.211899+00:00,,https://www.facebook.com/100064560977290/posts/6124054071047970/?app=fbl
737502624769151,Problem is you cant even stick to your own schedule.🤦‍♀️and the people rejoicing ???electricity will still go for 12 hours a day just split into different times.this is still not a solution.cut down to 6 hours or 4 hours a day our businesses  wont survive this🤦‍♀️,2026-05-04T13:54:42.211906+00:00,,https://www.facebook.com/100064560977290/posts/6124054071047970/?app=fbl
567908948173003,But Muja mwenangu power use to go for 15hrs chiwamila galu kuluma Mbuzi those who are complaining about load shedding go and visit lake kariba you See what is happening that side  water level is very low,2026-05-04T13:54:42.211910+00:00,,https://www.facebook.com/100064560977290/posts/6124054071047970/?app=fbl
563994755593886,Ongani Dumisani Banda it's just 6hrs everyday,2026-05-04T13:54:42.211914+00:00,,https://www.facebook.com/100064560977290/posts/6124054071047970/?app=fbl
428259989439534,Ian Bugar yaunfwika bwino,2026-05-04T13:54:42.211918+00:00,,https://www.facebook.com/100064560977290/posts/6124054071047970/?app=fbl
428259989439534,Prudence DakaPrudence Daka pungamo🤜🤛,2026-05-04T13:54:42.211922+00:00,,https://www.facebook.com/100064560977290/posts/6124054071047970/?app=fbl
428259989439534,👊👊,2026-05-04T13:54:42.211926+00:00,,https://www.facebook.com/100064560977290/posts/6124054071047970/?app=fbl
547834547310799,"If water levels are causing the problem at the Kariba dam, why don’t our engineers emulate the Californians by building water banks. We’re tired of load shedding",2026-05-04T13:54:42.211930+00:00,,https://www.facebook.com/100064560977290/posts/6124054071047970/?app=fbl
689072199387114,We knew already don't so called bally this is zambia wait...👌,2026-05-04T13:54:42.211933+00:00,,https://www.facebook.com/100064560977290/posts/6124054071047970/?app=fbl
854564492441400,"01 yashima , 04 yaisa, 05 yashima, 16 chakuti yaisa again the same 16 chakuti yashima 🙄 I feel pity for bashi ma butcher, saloons, barbershops etc!!!   In fact let power go for good, we aren’t interested anymore!!!!!!!!",2026-05-04T13:54:42.211937+00:00,,https://www.facebook.com/100064560977290/posts/6124054071047970/?app=fbl
1146553176036377,So this is the result of the meeting 😂😂😂,2026-05-04T13:54:42.211943+00:00,,https://www.facebook.com/100064560977290/posts/6124054071047970/?app=fbl
500662882052175,TWENTY TWENTE FIX,2026-05-04T13:54:42.211947+00:00,,https://www.facebook.com/100064560977290/posts/6124054071047970/?app=fbl
489266630038074,"Apa solution palibe, but I see praise singers clapping kwati Baku group D mu class. Power will still go for 12 hours, which will be split into two which is 6 hours, a break then another 6 hours again. In short, Bally has no formidable solution or relief regarding the predicament that has befallen the nation",2026-05-04T13:54:42.211951+00:00,,https://www.facebook.com/100064560977290/posts/6124054071047970/?app=fbl
573302567561012,"I hope it's going to be rotational. Leaving home and returning without power, so draining",2026-05-04T13:54:42.211955+00:00,,https://www.facebook.com/100064560977290/posts/6124054071047970/?app=fbl
1128616484489374,Hopefully they maintain the 6hours,2026-05-04T13:54:42.211959+00:00,,https://www.facebook.com/100064560977290/posts/6124054071047970/?app=fbl
690068096131577,"This is failed project, just trying to confuse😕❓ people with cheap rotation, stop exporting power🔋💪⚡ period. The government should serious at times they're not dealing with toddlers.",2026-05-04T13:54:42.211963+00:00,,https://www.facebook.com/100064560977290/posts/6124054071047970/?app=fbl
6413669045319490,"This is taking the people of Zambia for granted, UNIP,MMD and PF were voted out and now UPND could only be a one term government. UNIP-27 yrs, MMD -20 yrs, PF -10 yrs. I end here",2026-05-04T13:54:42.211967+00:00,,https://www.facebook.com/100064560977290/posts/6124054071047970/?app=fbl
489266630038074,"Ackim Katebe the break is not necessary,

6 hours for us who make money using power. He might as well take my employees and employ them mweh. Pantu I don't see how we will have increased production and also pay people at the end of the month.",2026-05-04T13:54:42.211971+00:00,,https://www.facebook.com/100064560977290/posts/6124054071047970/?app=fbl
489266630038074,Ackim Katebedo you have a better solution yourself?,2026-05-04T13:54:42.211974+00:00,,https://www.facebook.com/100064560977290/posts/6124054071047970/?app=fbl
489266630038074,Lisa Nancha Banda it's a tough one for us who depend on Electricity. We pray for a better solution soon otherwise the impact has negative effects on Business,2026-05-04T13:54:42.211978+00:00,,https://www.facebook.com/100064560977290/posts/6124054071047970/?app=fbl
489266630038074,"Rodney Mwiinga in the meantime, government needs to identify priority areas where there are more Economic activities, for instance the Lusaka Business District, we all go to town to make money, to power should not be going during productivity hours in town, that is crippling the already crippled Economy. In order to reduce the hours of load shedding, load shedding itself must be accross the board. There are places where power does not go but are not even on the same line with Hospitals which is not fair at all. The purported maintainance at Mamba collieries much as it is overdue, was not supposed to happen now when there are challenges at Kariba, that would have waited a bit just so we don't have the famous Bally's 12 desciples we are having daily",2026-05-04T13:54:42.211982+00:00,,https://www.facebook.com/100064560977290/posts/6124054071047970/?app=fbl
489266630038074,Ackim Katebe what's the solution.,2026-05-04T13:54:42.211986+00:00,,https://www.facebook.com/100064560977290/posts/6124054071047970/?app=fbl
489266630038074,Ackim Katebe and what solutions do you hv youself Zambians mwabashanu,2026-05-04T13:54:42.211990+00:00,,https://www.facebook.com/100064560977290/posts/6124054071047970/?app=fbl
489266630038074,"Rodney Mwiinga it's not his job to find solutions to such problems.  That's why he wants the right person to find a solution.  Even if he had a solution,does he have the power to change anything,he is just a common citizen like you and I. Instead of attacking each other,let's ask questions to the powers that be",2026-05-04T13:54:42.211994+00:00,,https://www.facebook.com/100064560977290/posts/6124054071047970/?app=fbl
489266630038074,"Nchimunya Muleya my solution is above, follow the thread please. Also follow my Facebook, I will be sharing an article which I am writing full of Solutions",2026-05-04T13:54:42.211997+00:00,,https://www.facebook.com/100064560977290/posts/6124054071047970/?app=fbl
489266630038074,Mwila Daka thank you so much!,2026-05-04T13:54:42.212001+00:00,,https://www.facebook.com/100064560977290/posts/6124054071047970/?app=fbl
489266630038074,Ackim Katebe you are welcome,2026-05-04T13:54:42.212005+00:00,,https://www.facebook.com/100064560977290/posts/6124054071047970/?app=fbl
690068096131577,Chuma Favor Chilekwa better than 12hrs straight of load shedding.,2026-05-04T13:54:42.212009+00:00,,https://www.facebook.com/100064560977290/posts/6124054071047970/?app=fbl
721488806038541,"I thought it was going to be better but worse than 12hrs..power goes at 05hrs and comes back at almost 14hrs then 17hrs again goes until zero number 🤦‍♀️.

They can't even maintain their 6hrs.",2026-05-04T13:54:42.212013+00:00,,https://www.facebook.com/100064560977290/posts/6124054071047970/?app=fbl
678087460627687,Ba zesco when is load shedding starting kwatu 🫢🫢,2026-05-04T13:54:42.212017+00:00,,https://www.facebook.com/100064560977290/posts/6124054071047970/?app=fbl
2942741362688052,"Bally ni munthu watu... We can't destroy expensive machinery because forcing the issue will make the situation worse and we can't stop exporting power because we need the income, we have a policy of free education and Zesco is a business, it needs the money to run, so Zambians I implore you it's just January starting February we expect everything to start normalizing, bare with us. Just as you supported us during the election don't loose heart we still need your support... Ala naifwe bene we have sleepless nights over this issue, we are on the ground right now trying to see how best we can FIX this matter and put that smile back on every Zambians face. Give as a little more time and exercise some patience. Bally will fix it worry not for suffering will endure for the night but joy comes in the morning.
Zambia Forward.
Hon. Seke",2026-05-04T13:54:42.212021+00:00,,https://www.facebook.com/100064560977290/posts/6124054071047970/?app=fbl
1266676700937267,Now this is load management,2026-05-04T13:54:42.212024+00:00,,https://www.facebook.com/100064560977290/posts/6124054071047970/?app=fbl
867710671317165,Still this doesn't change the fact that PF was a worst political party that ruled this country's history,2026-05-04T13:54:42.212028+00:00,,https://www.facebook.com/100064560977290/posts/6124054071047970/?app=fbl
1834569630232737,"Ala efinshi ifi,who said we wanted to a break during loadshedding?? This is totally a zero performance.. public pressure was on the scandalous, selfish , inhuman long hours of loadshedding,you go sit and come  up with 12 hours all over again...😆😆😆😆😆😆😆😆😆😆😆.so this means exports continue..we are not dull please!",2026-05-04T13:54:42.212032+00:00,,https://www.facebook.com/100064560977290/posts/6124054071047970/?app=fbl
546017217547310,"Talking is easier done when are not in control, tiyeni nayo selelo mwenze ku bwatuka bwatuka, fix it we see. 
Hope you're learning a lesson, you know yourselves",2026-05-04T13:54:42.212036+00:00,,https://www.facebook.com/100064560977290/posts/6124054071047970/?app=fbl
562479005929095,This is a lie in my area power went around 24hrs up to now,2026-05-04T13:54:42.212039+00:00,,https://www.facebook.com/100064560977290/posts/6124054071047970/?app=fbl
1810122456027775,Are they also going to be adjusting like fuel every month? We just have to be ready with everything nowadays maa,2026-05-04T13:54:42.212043+00:00,,https://www.facebook.com/100064560977290/posts/6124054071047970/?app=fbl
1174234090118701,"Ifyabupuba fye. They cant follow a sinple schedule. They switch off power for 12hrs , switch on for an hour and switch off for another 12 hours tebukopo obu",2026-05-04T13:54:42.212047+00:00,,https://www.facebook.com/100064560977290/posts/6124054071047970/?app=fbl
489266630038074,Ackim Katebe Since you know so much sir and you are saying  this to is bad...offer a solution ...what is the solution honestly cant you see that this issue of power is legit and its not just a bad decision by the government!? if we suffered like this in the previous government don't you think this issue is serious and this country needs a serious solution....give us a formidable solution sir ...,2026-05-04T13:54:42.212051+00:00,,https://www.facebook.com/100064560977290/posts/6124054071047970/?app=fbl
489266630038074,"Lisa Nancha Banda with all due respect, I want to believe you know that HH and any other president are never in charge of Electricity production and that Projects such as Power Production are long term investments, not overnight investments.

I am no supporter of this Government but we need to be Logical people.. To blame the President for something he does not have the power to control simply shows us how ignorant and backwards we are as a Nation.

I want to believe you're learned enough and are running some business (from the context of your comment) as such I also want to believe that you're a solution finder, a problem solver..
In that regard, ADVICE the president and offer your solutions on the matter.

Whether you and I like it or not, whether we like him or not,  the water problem will not go away by Singing songs of his supposed failures.

Offer solutions !!
Lobby others and we sit down to plan for long lasting solutions. Complaining does not change our predicament, effort does.",2026-05-04T13:54:42.212055+00:00,,https://www.facebook.com/100064560977290/posts/6124054071047970/?app=fbl
489266630038074,Ackim Katebe so you agree that there is a serious problem at kariba dam and not what you where insinuating as it just being a failed move by bally ? Mwasumina sir te ...,2026-05-04T13:54:42.212059+00:00,,https://www.facebook.com/100064560977290/posts/6124054071047970/?app=fbl
489266630038074,Jacqueline Chongo even in pf it was the same...did you agree ackim,2026-05-04T13:54:42.212063+00:00,,https://www.facebook.com/100064560977290/posts/6124054071047970/?app=fbl
489266630038074,"Ackim Katebe 
I see sometimes ubukopo chisendo mwe",2026-05-04T13:54:42.212069+00:00,,https://www.facebook.com/100064560977290/posts/6124054071047970/?app=fbl
489266630038074,Terry Kumwenda They never offers solutions balya Bantu,2026-05-04T13:54:42.212073+00:00,,https://www.facebook.com/100064560977290/posts/6124054071047970/?app=fbl
489266630038074,Alfred Muloongo 🤣🤣🤣,2026-05-04T13:54:42.212076+00:00,,https://www.facebook.com/100064560977290/posts/6124054071047970/?app=fbl
489266630038074,Travis Williams well articulated 👏👏👏👏,2026-05-04T13:54:42.212080+00:00,,https://www.facebook.com/100064560977290/posts/6124054071047970/?app=fbl
489266630038074,don’t waste ur time to write an article just go and work coz they have made there solution already and yours won’t work,2026-05-04T13:54:42.212084+00:00,,https://www.facebook.com/100064560977290/posts/6124054071047970/?app=fbl
489266630038074,"Ackim Katebe He has failed let him resign,he promised to end loadsheding now where are we???",2026-05-04T13:54:42.212088+00:00,,https://www.facebook.com/100064560977290/posts/6124054071047970/?app=fbl
867710671317165,Charles Mpande don't compromise this issue of loadshedding condemn where it's necessary not when wrong things are been done then just because you're UPND cadre tuchulilemo awe,2026-05-04T13:54:42.212092+00:00,,https://www.facebook.com/100064560977290/posts/6124054071047970/?app=fbl
867710671317165,Charles Mpande bu cader won’t put food on ur table sir! Learn to be realistic and accept when things are bad,2026-05-04T13:54:42.212096+00:00,,https://www.facebook.com/100064560977290/posts/6124054071047970/?app=fbl
587133169913768,"Diversification from Hydro to solar,dust, nuclear power etc is urgently needed in Zambia,no blame game, this is a natural disaster due to climate change",2026-05-04T13:54:42.212099+00:00,,https://www.facebook.com/100064560977290/posts/6124054071047970/?app=fbl
739499391127080,"And all that water been worsted at Victoria falls , I thought Bally was a hero 🙄🙄🙄🙄 Superman for that matter , the confidence in his speaking made adade look idiotic. Government workers are at a safe side naka salary increment but the prevent sectors production is affected due to loadshading and the self employed won't have coin at the end of the day and yet government workers will have theirs fully . Not good at all our eyes are seeing and people don't forget ka.",2026-05-04T13:54:42.212106+00:00,,https://www.facebook.com/100064560977290/posts/6124054071047970/?app=fbl
561179429250208,Fact finding results,2026-05-04T13:54:42.212110+00:00,,https://www.facebook.com/100064560977290/posts/6124054071047970/?app=fbl
5803857333037143,There supposed to include areas also,2026-05-04T13:54:42.212116+00:00,,https://www.facebook.com/100064560977290/posts/6124054071047970/?app=fbl
427194769547971,"Going through the comments i can see Ati BALLY akupusikani... Stupidity yeka yeka.
Instead having 12hrs power outage during the day... They have given you at least 6hrs in the night And 6hrs black out during the day. This atleast gives chance Bama saloon, welders and other small businesses to operate.
Wamene chamubaba maningi ayende atundile mu kariba dam izule we.. Atase mufuna bally coz short term measure and in the long run we already have investors in green energy",2026-05-04T13:54:42.212120+00:00,,https://www.facebook.com/100064560977290/posts/6124054071047970/?app=fbl
1337454703686572,They are lucky trade kings can’t produce electricity 🤦🏾‍♂️,2026-05-04T13:54:42.212123+00:00,,https://www.facebook.com/100064560977290/posts/6124054071047970/?app=fbl
1418254931913129,"So, these guys think we're all Bembas ..... this doesn't end loadshedding",2026-05-04T13:54:42.212127+00:00,,https://www.facebook.com/100064560977290/posts/6124054071047970/?app=fbl
1595004077634111,But kwena the 12hours has just been divided into 2...include atleast a day of not loadshedding(day off)..kwaliba sure everyday no amalaiti...that 05 thing is so very bad especially that schools have opened..be considerate,2026-05-04T13:54:42.212131+00:00,,https://www.facebook.com/100064560977290/posts/6124054071047970/?app=fbl
549749810428788,Meaning we will be loadsheded twice in a Day. No people this is unacceptable! While other countries are enjoying our malaiti..aikona. Suspend exporting power. Chapwafye!!,2026-05-04T13:54:42.212135+00:00,,https://www.facebook.com/100064560977290/posts/6124054071047970/?app=fbl
565242785161269,Am wondering people still complaining bitterly even if the relief has been given instead of demanding more relief,2026-05-04T13:54:42.212139+00:00,,https://www.facebook.com/100064560977290/posts/6124054071047970/?app=fbl
2942741362688052,Isaac Seke really???😏,2026-05-04T13:54:42.212143+00:00,,https://www.facebook.com/100064560977290/posts/6124054071047970/?app=fbl
2942741362688052,Chewe Katilungu really,2026-05-04T13:54:42.212146+00:00,,https://www.facebook.com/100064560977290/posts/6124054071047970/?app=fbl
2942741362688052,"Isaac Seke Was this long script necessary??
Like really......",2026-05-04T13:54:42.212150+00:00,,https://www.facebook.com/100064560977290/posts/6124054071047970/?app=fbl
2942741362688052,"Hellen Zimba people need to understand that as UPND we are not a kantemba government, the wheels of change turn but they turn slowly...",2026-05-04T13:54:42.212154+00:00,,https://www.facebook.com/100064560977290/posts/6124054071047970/?app=fbl
2942741362688052,Isaac Seke Ba Seke..........,2026-05-04T13:54:42.212158+00:00,,https://www.facebook.com/100064560977290/posts/6124054071047970/?app=fbl
2942741362688052,Hellen Zimba it's Hon Seke 😎,2026-05-04T13:54:42.212161+00:00,,https://www.facebook.com/100064560977290/posts/6124054071047970/?app=fbl
2942741362688052,Isaac Seke Napapata ine,2026-05-04T13:54:42.212165+00:00,,https://www.facebook.com/100064560977290/posts/6124054071047970/?app=fbl
562479005929095,Joseph Jacks Phiri effective Monday today,2026-05-04T13:54:42.212169+00:00,,https://www.facebook.com/100064560977290/posts/6124054071047970/?app=fbl
678087460627687,Tutu Kasuli 🤣🤣🤣🤣,2026-05-04T13:54:42.212173+00:00,,https://www.facebook.com/100064560977290/posts/6124054071047970/?app=fbl
678087460627687,Tutu Kasuli Ala mwandi just hearing pipo complaining,2026-05-04T13:54:42.212177+00:00,,https://www.facebook.com/100064560977290/posts/6124054071047970/?app=fbl
678087460627687,Tutu Kasuli 🤣🤣🤣🏃🏃🏃,2026-05-04T13:54:42.212180+00:00,,https://www.facebook.com/100064560977290/posts/6124054071047970/?app=fbl
678087460627687,"Diana Gift Jere Banda not even a painkiller can relieve the pain we are going through.power came at midnight,already it is gone",2026-05-04T13:54:42.212184+00:00,,https://www.facebook.com/100064560977290/posts/6124054071047970/?app=fbl
678087460627687,"Tutu Kasuli eeeeh! Ba kapata kuno,,ma some of us are still enjoying 24/7 supply 😁😁",2026-05-04T13:54:42.212188+00:00,,https://www.facebook.com/100064560977290/posts/6124054071047970/?app=fbl
489266630038074,Ackim Katebe how can we experience loadsheding in rain season how about September and October will be worse am very much confused with this government. indeed ni ba chipante pante.,2026-05-04T13:54:42.212192+00:00,,https://www.facebook.com/100064560977290/posts/6124054071047970/?app=fbl
489266630038074,"Ackim Katebe On this one let me differ with you. A barber man can now have some six hour to make something between 12 and 18hrs if he was previously loadsheded from 6 to 18hrs. On the solution, we all expect a long term solution. This can't be solved overnight. PF was in power for ten years. Did they solve the problem? The answer is no. Did they try? Yes they did but they did not eliminate the problem completely. So let's try not be emotional when discussing developmental issues",2026-05-04T13:54:42.212198+00:00,,https://www.facebook.com/100064560977290/posts/6124054071047970/?app=fbl
489266630038074,"Andy C. P Andrews What puzzles me is, the president announced clearly that loadshedding is the thing of the past......he bragged having ended it.",2026-05-04T13:54:42.212202+00:00,,https://www.facebook.com/100064560977290/posts/6124054071047970/?app=fbl
489266630038074,"You people are asking what I have already answered. Please follow the thread from the top. We don't just criticize, we offer workable solutions too but the work is with those that implement to act on what we propose. So I will not respond to what I have already answered",2026-05-04T13:54:42.212206+00:00,,https://www.facebook.com/100064560977290/posts/6124054071047970/?app=fbl
489266630038074,Ackim Katebe this is beyond the president look guys to be honesty with you the president is innocent this power cuts its hight time you people the man behind all this.,2026-05-04T13:54:42.212210+00:00,,https://www.facebook.com/100064560977290/posts/6124054071047970/?app=fbl
489266630038074,Reuben Mwense have you stayed near the lake before???? It does dry rain season and water starts coming back Kuma march/April mahn so October you talking about that time ninshi that's wen it starts getting dry again,2026-05-04T13:54:42.212214+00:00,,https://www.facebook.com/100064560977290/posts/6124054071047970/?app=fbl
489266630038074,Reuben Mwense when your friend is the leader you see all the problems and all the solutions now when you are the one who is leading give us the solutions you had kaili just busy blaming the past,2026-05-04T13:54:42.212219+00:00,,https://www.facebook.com/100064560977290/posts/6124054071047970/?app=fbl
489266630038074,Ackim Katebe what solution do u have? 😁😁,2026-05-04T13:54:42.212223+00:00,,https://www.facebook.com/100064560977290/posts/6124054071047970/?app=fbl
489266630038074,Ackim Katebe note that group Ds pupils are the ones that end up with businesses them employee ba group  A...lol,2026-05-04T13:54:42.212227+00:00,,https://www.facebook.com/100064560977290/posts/6124054071047970/?app=fbl
489266630038074,"Robert Musowoya lol nice one my brother, go on my page, check latest update",2026-05-04T13:54:42.212231+00:00,,https://www.facebook.com/100064560977290/posts/6124054071047970/?app=fbl
427194769547971,"Chitambo Mbewe Some pipo are so dull, can u imagine they have failed to understand a simple loadshedding schedule.",2026-05-04T13:54:42.212235+00:00,,https://www.facebook.com/100064560977290/posts/6124054071047970/?app=fbl
427194769547971,"Chitambo Mbewe ala even this6 hours is suicide things are bad at Kariba dam, only we can understand",2026-05-04T13:54:42.212239+00:00,,https://www.facebook.com/100064560977290/posts/6124054071047970/?app=fbl
427194769547971,Chitambo Mbewe you're the one not thinking if people are given 12hrs during the day then more hours of work the 6hrs means people will have to work for 6hrs during the day which Is bad for small scale businesses,2026-05-04T13:54:42.212242+00:00,,https://www.facebook.com/100064560977290/posts/6124054071047970/?app=fbl
427194769547971,"Chitambo Mbewe you are too dull seriously. 
I fact they should stop selling power to South Africa and other countries",2026-05-04T13:54:42.212246+00:00,,https://www.facebook.com/100064560977290/posts/6124054071047970/?app=fbl
427194769547971,Busiku Lweendo it's not 6 hrs but 12 still,2026-05-04T13:54:42.212250+00:00,,https://www.facebook.com/100064560977290/posts/6124054071047970/?app=fbl
427194769547971,Mwansa Tamina  take it easy,2026-05-04T13:54:42.212254+00:00,,https://www.facebook.com/100064560977290/posts/6124054071047970/?app=fbl
5708382099228789,Never trust a document without a signature.  No accountability.,2026-05-04T13:54:42.212258+00:00,,https://www.facebook.com/100064560977290/posts/6124054071047970/?app=fbl
1352021075572196,"Hydropower with appropriate technology globally is recognised as one major  climate resilient source  of electricity for most developing  countries like Zambia. The challenge is the  implementation of the Intergrated Water Resource Management (IWRM) approach in the manament of the water resources given the economic sectors which are competing for its use  in Agriculture, Mining, Manufacturing, Tourism , Transport and INDEED in the crucial Energy sector NOW. We have abundant water to develop climate resilient hydropower plants but we have to scale down in size for plant capacities to not more than 20 megawatts on water bodies already identified in planning given the Zambia Water Investment Programme (ZIP) 2022 to 2026 launched by President Hakainde Hichilema last year in July on the side lines of the AU Meeting. Smaller climate resilient hydropower plants can then feed into the national grid as it is with some of them which have been developed already. Huge capacity hydropwer plants so far developed have shown us their disadvantages when water levels drop due to climate change. The Zambia Water Investment Programme has idenfied 13 Climate Resilient Hydropower Plants of above  20 megawatts capacity and 10 below 20 megawatts and these would mcrease electricity generation from 2714 megawatts to 3747 megawatts by 2030. Suffice to say that we can invest into solar , wind , biomass and other sources but climate resilient hydropower plants are topical globally as they respond to lesser emissions of carbon dioxide into the atmosphere given the global warming issues and proper hydropwer management has inherent features of  storage and stabilisation in the transmission and distribution of electricity to users and hence cope with demand even at peak times.
Lesson: Invest in smaller  capacity climate resilient hydropower plants in the North Western, Luapula, Northern and Southern Provinces based on the water basins or water catchment areas. I submit",2026-05-04T13:54:42.212262+00:00,,https://www.facebook.com/100064560977290/posts/6124054071047970/?app=fbl
1331690454041080,Ukutemwa ukwikala ku town.... Us in the rural areas are already  on this and power is restored before the scheduled time and sometimes loadshedding therez no....lol,2026-05-04T13:54:42.212265+00:00,,https://www.facebook.com/100064560977290/posts/6124054071047970/?app=fbl
1237187366867666,Bufi ise kwatu power went at 15:00it came back kuma 24:00then it went off at 05:00o’clock,2026-05-04T13:54:42.212269+00:00,,https://www.facebook.com/100064560977290/posts/6124054071047970/?app=fbl
1182331739155606,"this is 06 and power hasn't been restored yet. now i understand the meaning of ""bally will fix it"" its a metaphor meaning You will suffer my people 😣",2026-05-04T13:54:42.212273+00:00,,https://www.facebook.com/100064560977290/posts/6124054071047970/?app=fbl
2028947943966918,Which one is 9th when power goes twice here in kitwe,2026-05-04T13:54:42.212277+00:00,,https://www.facebook.com/100064560977290/posts/6124054071047970/?app=fbl
733709384648942,Exactly what the VP meant when she said we're increasing in order to reduce them.,2026-05-04T13:54:42.212281+00:00,,https://www.facebook.com/100064560977290/posts/6124054071047970/?app=fbl
1237943817078450,"Nothing to be happy about, we still stand at 12 hours of loadsheading so work done is equal to zero.",2026-05-04T13:54:42.212285+00:00,,https://www.facebook.com/100064560977290/posts/6124054071047970/?app=fbl
503871295207390,"Kwati fyamano
You have been in existence for more than 60 years and experience first hand of climate change of the years. How come you get large chunks of salaries where a guard gets upto an average of K20pin as monthly net salary, yet you fail to diversify and expand the in accordance with the population? Kwateniko amano.",2026-05-04T13:54:42.212289+00:00,,https://www.facebook.com/100064560977290/posts/6124054071047970/?app=fbl
424740966462494,"The idea is okay,the problem is implementation. That 6 hours is still 12hrs!",2026-05-04T13:54:42.212293+00:00,,https://www.facebook.com/100064560977290/posts/6124054071047970/?app=fbl
1331690454041080,Krysterbel NZ Nankamba Silwamba Hi hi. Long time Kryst.,2026-05-04T13:54:42.212296+00:00,,https://www.facebook.com/100064560977290/posts/6124054071047970/?app=fbl
1331690454041080,Moses Mbanje Hello Sir... long time! The rural awaits you...lol,2026-05-04T13:54:42.212300+00:00,,https://www.facebook.com/100064560977290/posts/6124054071047970/?app=fbl
1331690454041080,"Monica Malama Silwamba My sister for me, awe,awe imwe you should be there for a thousand reasons....lol",2026-05-04T13:54:42.212304+00:00,,https://www.facebook.com/100064560977290/posts/6124054071047970/?app=fbl
1352021075572196,Christopher Chilongo Spot on! Big hydro like the proposed Batoka dam will be prey to climate change. Zambia and Zimbabwe should see through the folly of putting up another mega dam up stream of the Kariba! Totally insane!,2026-05-04T13:54:42.212310+00:00,,https://www.facebook.com/100064560977290/posts/6124054071047970/?app=fbl
1352021075572196,Steve Zulu For sure!,2026-05-04T13:54:42.212314+00:00,,https://www.facebook.com/100064560977290/posts/6124054071047970/?app=fbl
489266630038074,Bullet Waters check on my page now,2026-05-04T13:54:42.212318+00:00,,https://www.facebook.com/100064560977290/posts/6124054071047970/?app=fbl
489266630038074,Ackim Katebe I will  check it out my brother but note that my comment was on a lighter note...,2026-05-04T13:54:42.212324+00:00,,https://www.facebook.com/100064560977290/posts/6124054071047970/?app=fbl
489266630038074,Ackim Katebe the 6 hours will give a serious reasonable person to do one or two things than staying the whole day without power completely for 12 hours.,2026-05-04T13:54:42.212328+00:00,,https://www.facebook.com/100064560977290/posts/6124054071047970/?app=fbl
489266630038074,Busiku Mike please check my page for my proposed solution to this,2026-05-04T13:54:42.212332+00:00,,https://www.facebook.com/100064560977290/posts/6124054071047970/?app=fbl
489266630038074,"LOAD SHEDDING, WHAT ARE OUR OPTIONS?

Most of you that follow me on these Socials by now you understand where I stand politically, but allow me to be apolitical as we look at this issue because it is not an issue for the greens, the reds or the blues, it's one issue that is affecting all of us directly.

Personally, I celebrated when the President assured the nation that load shedding was an issue of the past and he was quick to highlight what was done. On two more occasions, the President still affirmed his position.

So really, it is a shock for us to have load shedding now and I want to believe President HH is as shocked as all of us.

This challenge has befallen us as a nation and something has to be done in the interim to save the few jobs that we have around.

1. To begin with, 12 hours of load shedding is too way much. In 24 hours we sleep for 8 hours, we are load shedded for 12 hours, now have 4 hours to work in a day which has now been split into breaks of 2 hours. This alone has killed productivity in so many ways than we can imagine. My proposal is that load shedding must be done equally. There are places where there is no load shedding yet there is no hospital nearby. So if the hours have to reduce, it must be done equally!

2.1 Alternative sources of energy. Looking at the foregoing, the best government can do is to look at fuel pump prices quarterly as opposed to monthly as is the case so that people can be able to forecast longer. If we can't plan properly in business it becomes difficult.

2.2 Solar Energy. In one of my interactions on these Socials, I had a chat with the President of the Solar Industry in Zambia regarding Solar prices and government efforts to make the costs affordable, what came out of this interaction is that solar, much as it is good, is an expensive alternative and not everyone can afford it. Ni mutengo wa mutima, pwapwa naka nondo as a mbashela, how many people can afford that? My proposal is that, the few that have solar energy and are able generate excess energy, let them be allowed to channel that back into the grid, Zesco should pay for that so that we have more. This should also be able to encourage more people and Companies to go the solar way.

3. We need a 24 hour Economy like now. This can be done by repealing the labor act. What this will mean is that if I have a tailoring Business and I have 6 employees, instead of firing half of them in advent of load shedding, I just have to split them into night and day so that whether power is available in the night or day, production still goes on and I won't be sued for going against our labor laws as a business owner. This is very important! Extremely important because the ""load"" that we need to shed happens mostly between 7am and 5pm because those are our working hours currently but if we can spread the hours, we will literally shed the load, thereby increase productivity and save jobs.

4. Let us change the law on power generation. Let the private sector come in and invest in power generation. Let people with big money make solar farms and sale Electricity to Zesco, let people set up wind equipment for energy generation and sale to Zesco which has the infrastructure to distribute the power.

In concluding, fellow Zambians, allow me to point out that this is a crisis and as such requires our concerted effort if we have to overcome it.

No President will have peaceful sleep knowing what has befallen the nation, let us unite for the common good of our country.

If you think things are expensive now, they will be worse with the coming of load shedding, so we have to work together to save our ailing Economy.

Ackim Katebe
Patriotic Zambian",2026-05-04T13:54:42.212336+00:00,,https://www.facebook.com/100064560977290/posts/6124054071047970/?app=fbl
489266630038074,Ackim Katebe and where will the money come from what u have written? And how do u stabilise an economy which was featuring at the same time? Do u expect what u have written to be done in 1year 4 months?,2026-05-04T13:54:42.212340+00:00,,https://www.facebook.com/100064560977290/posts/6124054071047970/?app=fbl
489266630038074,Ackim Katebe will surely go through it Sir.,2026-05-04T13:54:42.212344+00:00,,https://www.facebook.com/100064560977290/posts/6124054071047970/?app=fbl
489266630038074,Ackim Katebe thanks for making me understand ifisungu ifii🤣😂😂🤣🤣 I thought only 6hours,2026-05-04T13:54:42.212348+00:00,,https://www.facebook.com/100064560977290/posts/6124054071047970/?app=fbl
489266630038074,Andy C. P Andrews U r right 100%,2026-05-04T13:54:42.212351+00:00,,https://www.facebook.com/100064560977290/posts/6124054071047970/?app=fbl
656890259509193,So as we speak... power has gone...hope it will be back by 11 hrs....we are watching,2026-05-04T13:54:42.212361+00:00,,https://www.facebook.com/100064560977290/posts/6124054071047970/?app=fbl
2295622980609739,It had to take the head of state to reason with you🤔.,2026-05-04T13:54:42.212365+00:00,,https://www.facebook.com/100064560977290/posts/6124054071047970/?app=fbl
546503710737176,"We should have this loadshedding which the president called unacceptable when he was in opposition. I though we should have a solution by now. Kanshi it's stop on paper? We are just amplifying what the PF used to explain, the situation at Kariba.Garry Nkombo is on record giving a simple solution in parliament to end loadshedding to the committee of supply in the ministry of energy. What has changed?",2026-05-04T13:54:42.212369+00:00,,https://www.facebook.com/100064560977290/posts/6124054071047970/?app=fbl
548161767329099,"Kuno from 11hrs yesterday till now, no power 😡😡",2026-05-04T13:54:42.212375+00:00,,https://www.facebook.com/100064560977290/posts/6124054071047970/?app=fbl
824418318637408,This started yesterday to us and way to go for posting this hours later. By far the worst possible company I. Zambia. You forget who gives you more money. Yet industrial companies have power 24/7 . Nice 👏🏻👏🏻👏🏻👏🏻,2026-05-04T13:54:42.212379+00:00,,https://www.facebook.com/100064560977290/posts/6124054071047970/?app=fbl
945939189709485,The best way to help Zesco improve their services is by allowing them to have a competitor and for sure Zesco won't have the same problem for decades.,2026-05-04T13:54:42.212383+00:00,,https://www.facebook.com/100064560977290/posts/6124054071047970/?app=fbl
683770073413810,"It took the whole president to reason on behalf of the whole group of educated kambwangazi at zesco,,, let the company be taken to state house",2026-05-04T13:54:42.212387+00:00,,https://www.facebook.com/100064560977290/posts/6124054071047970/?app=fbl
748433546894335,"I feel for the pipo in the the compounds who own butcheries, salons barbershops how do they survive lord..",2026-05-04T13:54:42.212391+00:00,,https://www.facebook.com/100064560977290/posts/6124054071047970/?app=fbl
879084503133919,Gud one our president a leader should always show concern when there people are in a crisis.and you showed that you care even when it's difficulty I don't regret my vote on you.,2026-05-04T13:54:42.212394+00:00,,https://www.facebook.com/100064560977290/posts/6124054071047970/?app=fbl
5946382015423168,"Still unacceptable considering the fact that it's rain season. He    should consider stopping power exports to other countries. 
Let him explain to people why we still have load shedding in January and when we expect this to end. Infact he should come out and apologize mwee....akakena apusa Bally.",2026-05-04T13:54:42.212398+00:00,,https://www.facebook.com/100064560977290/posts/6124054071047970/?app=fbl
525771516014368,Shumba Clive Shumba,2026-05-04T13:54:42.212402+00:00,,https://www.facebook.com/100064560977290/posts/6124054071047970/?app=fbl
489266630038074,Andy C. P Andrews I personally feel PF can boast because in their time the power supply was low compared to now. What excuse does UPND have now after their predecessor constructed kafue gorge lower?,2026-05-04T13:54:42.212411+00:00,,https://www.facebook.com/100064560977290/posts/6124054071047970/?app=fbl
489266630038074,Maxmillian Bwalya You can't construct a power station in one year. Judge them after five years,2026-05-04T13:54:42.212415+00:00,,https://www.facebook.com/100064560977290/posts/6124054071047970/?app=fbl
489266630038074,"Andy C. P Andrews you think upnd will construct any power station anytime soon? They can never, IMF can't allow them",2026-05-04T13:54:42.212419+00:00,,https://www.facebook.com/100064560977290/posts/6124054071047970/?app=fbl
656890259509193,Mutinta Chimz Babys boi just bring your phones we charge for you ku siavonga.ise we don't even know what loadshedding is kuno😂😂😂,2026-05-04T13:54:42.212423+00:00,,https://www.facebook.com/100064560977290/posts/6124054071047970/?app=fbl
656890259509193,Credo Musialike u are lucky boi...I will send the phone pa bus boi... kikikiki,2026-05-04T13:54:42.212427+00:00,,https://www.facebook.com/100064560977290/posts/6124054071047970/?app=fbl
544356284413657,"ZESCO people same, same Chinese people sinker small, small who is going to open a barber shop, saloon,welder at 05?so you want power available from 23:00 through to 05hrs when people are asleep?😏😏😏😏",2026-05-04T13:54:42.212431+00:00,,https://www.facebook.com/100064560977290/posts/6124054071047970/?app=fbl
1579413999173713,This is not a new problem.i didn't point Pf and am not going to point UPND for it.African leaders should think outside the box,2026-05-04T13:54:42.212435+00:00,,https://www.facebook.com/100064560977290/posts/6124054071047970/?app=fbl
543052894427696,Aaah let it just continue. I sleep without power and will wake up without again. It's a continuous thing I have failed to understand now.,2026-05-04T13:54:42.212439+00:00,,https://www.facebook.com/100064560977290/posts/6124054071047970/?app=fbl
5825080234266811,Good move. 12 hours straight was too much. Its going to be easy to plan for it.,2026-05-04T13:54:42.212442+00:00,,https://www.facebook.com/100064560977290/posts/6124054071047970/?app=fbl
466252772381945,It might have had been good if electricity can be switched off only around 23hrs to 05hrs when everyone is sleeping not during the day time. DD mata🖕,2026-05-04T13:54:42.212446+00:00,,https://www.facebook.com/100064560977290/posts/6124054071047970/?app=fbl
1371532063594197,"This isn't my problem , my problem is that maliati  kwatu yayenda 2days😥",2026-05-04T13:54:42.212450+00:00,,https://www.facebook.com/100064560977290/posts/6124054071047970/?app=fbl
1133431977339120,"This isn't still good a minimum of 6  hours so it can even be 12 hours or more, 6 hours should be the maximum.Rephrase your statement.",2026-05-04T13:54:42.212456+00:00,,https://www.facebook.com/100064560977290/posts/6124054071047970/?app=fbl
1250920245495063,"With the killings happening in other parts of the country, now loadsheding during the night security kaya.",2026-05-04T13:54:42.212460+00:00,,https://www.facebook.com/100064560977290/posts/6124054071047970/?app=fbl
2418646351616728,"Now we recommended that ZESCO loadsheds by level of economic significance or productivity. Areas of economic activity such as markets accommodate those who rely on electricity such as wielders, internet cafes, butcheries, barbershop etc. You may consider leaving such areas on for longer periods of day time and switch them of at night. Further, as a relief, may each zone have at least one full day without loadshedding.",2026-05-04T13:54:42.212464+00:00,,https://www.facebook.com/100064560977290/posts/6124054071047970/?app=fbl
3024817774331054,Work done equals to zero,2026-05-04T13:54:42.212468+00:00,,https://www.facebook.com/100064560977290/posts/6124054071047970/?app=fbl
1371532063594197,"Haddasa Esther too bad,bally is fixing us for sure",2026-05-04T13:54:42.212472+00:00,,https://www.facebook.com/100064560977290/posts/6124054071047970/?app=fbl
1371532063594197,Aaron Abdul ala mwandi,2026-05-04T13:54:42.212475+00:00,,https://www.facebook.com/100064560977290/posts/6124054071047970/?app=fbl
504093228477605,All those who want to go back to Edgar pf regime you can go ahead us we will remain with the current one,2026-05-04T13:54:42.212479+00:00,,https://www.facebook.com/100064560977290/posts/6124054071047970/?app=fbl
1231153124161242,Mmmmm finally something sensible now let’s wait for them to follow.at least we know he felt the pressure from the people,2026-05-04T13:54:42.212483+00:00,,https://www.facebook.com/100064560977290/posts/6124054071047970/?app=fbl
707838147519713,"Even the 6 hours is not working here in Lusaka west, mungwi Rd",2026-05-04T13:54:42.212487+00:00,,https://www.facebook.com/100064560977290/posts/6124054071047970/?app=fbl
565876345064568,This is a good solution but can you find a better solution that will help everyone to benefit,2026-05-04T13:54:42.212491+00:00,,https://www.facebook.com/100064560977290/posts/6124054071047970/?app=fbl
2007698236101483,"So Tha 12 Hours Thing Wasn't Necessary. If They Can Reduce It To 6 Hours, They Can Reduce It Further 🌏 Change",2026-05-04T13:54:42.212495+00:00,,https://www.facebook.com/100064560977290/posts/6124054071047970/?app=fbl
548221307215796,I DON'T UNDER STAND,2026-05-04T13:54:42.212498+00:00,,https://www.facebook.com/100064560977290/posts/6124054071047970/?app=fbl
709666733886586,Vamadongodongo past 48hrs no power ku kamwala south zipas area😡,2026-05-04T13:54:42.212502+00:00,,https://www.facebook.com/100064560977290/posts/6124054071047970/?app=fbl
894857098201135,"This is so disturbing and frustrating ba ZESCO just completely shutdown power until your Kariba Dam gets full and starts overflowing, if at all you are not just exporting power to our neighbouring  countries on the public expense otherwise this is tiring.",2026-05-04T13:54:42.212506+00:00,,https://www.facebook.com/100064560977290/posts/6124054071047970/?app=fbl
860149895255069,"What is still disappointing is that Zesco is still failing to follow its own schedule, I was checking my area using *3600#. It is saying my area is not under loadshedding, today, and yet power went off at 0600hrs and we are still under no power. 
Why has Zesco become this bad that apart from the unnecessary loadshedding Zesco can't even follow its own schedule?",2026-05-04T13:54:42.212510+00:00,,https://www.facebook.com/100064560977290/posts/6124054071047970/?app=fbl
713523457015118,Kudos to zesco management this is much better schedule 🖐️👏🙏,2026-05-04T13:54:42.212514+00:00,,https://www.facebook.com/100064560977290/posts/6124054071047970/?app=fbl
6122849527734335,"Ummm 12 hours was too much.. so if power at your place goes at 05 hrs it should be restored by 11 hrs, if it goes kuma 11 hrs it will be restored kuma 17 hrs and so on... which in my opinion is better than that 12hrs..",2026-05-04T13:54:42.212520+00:00,,https://www.facebook.com/100064560977290/posts/6124054071047970/?app=fbl
577374840868329,Tell them to also loadshed the areas where they live! Not to only sacrifise areas for those they think are noentities,2026-05-04T13:54:42.212524+00:00,,https://www.facebook.com/100064560977290/posts/6124054071047970/?app=fbl
698635551799988,So what difference will it make? It's still load shedding which was heavily criticized previously!,2026-05-04T13:54:42.212528+00:00,,https://www.facebook.com/100064560977290/posts/6124054071047970/?app=fbl
570312851622825,Bally will fix it I will never forget 😳😳🤫,2026-05-04T13:54:42.212532+00:00,,https://www.facebook.com/100064560977290/posts/6124054071047970/?app=fbl
1344270486113025,I will live to remember this load shedding till further notice....🥴🤭,2026-05-04T13:54:42.212536+00:00,,https://www.facebook.com/100064560977290/posts/6124054071047970/?app=fbl
695343998961984,"Don't be surprised if Zesco starts losing out their machines it's at this point people start stealing, too many hours given to thieves to steal your transformers and cable's keep pros and cons of your actions, and deliver the best to your country",2026-05-04T13:54:42.212540+00:00,,https://www.facebook.com/100064560977290/posts/6124054071047970/?app=fbl
724855342237637,"Let me explain in simple terms, it means 6 hours no power and the next 6hours you have power. After that again 6hours no power and the last 6hour of the day you have power. It is still 12hours without power and 12hours with power  but divided into 6 hours each. So nothing to celebrate about the same is the different .",2026-05-04T13:54:42.212544+00:00,,https://www.facebook.com/100064560977290/posts/6124054071047970/?app=fbl
629662045626549,With this six hours put up a table we should now what time we won't have power in particular areas for planning purposes,2026-05-04T13:54:42.212547+00:00,,https://www.facebook.com/100064560977290/posts/6124054071047970/?app=fbl
894187858248789,"It  still remains the same,  doesn't even make any sense",2026-05-04T13:54:42.212551+00:00,,https://www.facebook.com/100064560977290/posts/6124054071047970/?app=fbl
900978594666497,"""we have ended load Shedding in our first year, its a thing of the past, gone... Finished...0... Pa...""😂 Humbled, learning the hard way and man had no idea while at Kariba, blank so...",2026-05-04T13:54:42.212555+00:00,,https://www.facebook.com/100064560977290/posts/6124054071047970/?app=fbl
577374840868329,Chizapu Simatimbe totally agree I know people who to date have never had zesco go of in there area wondering who lives around those area's,2026-05-04T13:54:42.212559+00:00,,https://www.facebook.com/100064560977290/posts/6124054071047970/?app=fbl
577374840868329,Chizapu Simatimbe mmmmmm...yebo musololi🤣🤣🤣🤣,2026-05-04T13:54:42.212563+00:00,,https://www.facebook.com/100064560977290/posts/6124054071047970/?app=fbl
709666733886586,Mwansa Mukuka m thinking limbi nachilalisha napusa ayakusundilako🤔🤔🤔🤔 awe tukose,2026-05-04T13:54:42.212567+00:00,,https://www.facebook.com/100064560977290/posts/6124054071047970/?app=fbl
709666733886586,Monica Mutakwa yachilamo mweeeee,2026-05-04T13:54:42.212571+00:00,,https://www.facebook.com/100064560977290/posts/6124054071047970/?app=fbl
8901794233171641,Guys stop complaining this is what you wanted.he will fix it . sorry just passing,2026-05-04T13:54:42.212576+00:00,,https://www.facebook.com/100064560977290/posts/6124054071047970/?app=fbl
5952979198073758,Power was cult around 16hrs yesterday this is now 08:31 we still don't have Malati this is worse loading shedding ever in the history of country.,2026-05-04T13:54:42.212580+00:00,,https://www.facebook.com/100064560977290/posts/6124054071047970/?app=fbl
1342606413164315,A listening president...this is progressive  whilst we wait for a permanent solution.,2026-05-04T13:54:42.212586+00:00,,https://www.facebook.com/100064560977290/posts/6124054071047970/?app=fbl
534155958660120,Do we even have an option just do it as you please you're the one's driving us,2026-05-04T13:54:42.212590+00:00,,https://www.facebook.com/100064560977290/posts/6124054071047970/?app=fbl
1538782876633468,Ok but this more disturbing and retrogressive you can't do anything which makes sense. You could have just let the 12 hours be. You even call it load management what are managing being loadsheded twice and you call it managing  you have killed is😭😭😭😭,2026-05-04T13:54:42.212594+00:00,,https://www.facebook.com/100064560977290/posts/6124054071047970/?app=fbl
511570027736052,Ni fuel just that this one will be done weekly 😂😂,2026-05-04T13:54:42.212598+00:00,,https://www.facebook.com/100064560977290/posts/6124054071047970/?app=fbl
3428870804055475,"As far as I know. This schedule doesn't work as stipulated. In our area, power is going as twice in a day or so. So, I don't think this is normal",2026-05-04T13:54:42.212602+00:00,,https://www.facebook.com/100064560977290/posts/6124054071047970/?app=fbl
842848230280313,Let me just sleep. This doesn't change the fact that it's still 12hrs.,2026-05-04T13:54:42.212605+00:00,,https://www.facebook.com/100064560977290/posts/6124054071047970/?app=fbl
867921861203052,The pressure is getting worser 😂😂😂,2026-05-04T13:54:42.212609+00:00,,https://www.facebook.com/100064560977290/posts/6124054071047970/?app=fbl
1239494149970811,Ifwe power went yesterday kuma 08 came back kuma 17 for just less an hour came back again kaya ini kuma 20 chakuti 05 this morning again no power imwe sure how do we leave like this sure,2026-05-04T13:54:42.212613+00:00,,https://www.facebook.com/100064560977290/posts/6124054071047970/?app=fbl
900978594666497,Malango Musukuma it ended and it will be ended,2026-05-04T13:54:42.212617+00:00,,https://www.facebook.com/100064560977290/posts/6124054071047970/?app=fbl
466910658989722,So manzi yamasila mu rain 🌧️ season chee. fund a lasting solution please 🥺,2026-05-04T13:54:42.212621+00:00,,https://www.facebook.com/100064560977290/posts/6124054071047970/?app=fbl
2299770710224782,"This means that power will be cut twice, and restored twice. The 12 hours still stands. You need a calculator to understand the language used in the notice 🤔",2026-05-04T13:54:42.212625+00:00,,https://www.facebook.com/100064560977290/posts/6124054071047970/?app=fbl
852272325996896,Lol well this is a big help 😂😂,2026-05-04T13:54:42.212629+00:00,,https://www.facebook.com/100064560977290/posts/6124054071047970/?app=fbl
1298576814266650,Not making any sense..they are making schedules which they fail to follow …we’ve always been load shedded more than 12 hours daily!!!,2026-05-04T13:54:42.212635+00:00,,https://www.facebook.com/100064560977290/posts/6124054071047970/?app=fbl
915708749422175,Great. It's better than 12 hours straight.,2026-05-04T13:54:42.212639+00:00,,https://www.facebook.com/100064560977290/posts/6124054071047970/?app=fbl
5832684493491852,Just switch off all the machines ..,2026-05-04T13:54:42.212642+00:00,,https://www.facebook.com/100064560977290/posts/6124054071047970/?app=fbl
1126291694701077,2x 6 = 12 ? Unless it’s a different education to the rest of us,2026-05-04T13:54:42.212646+00:00,,https://www.facebook.com/100064560977290/posts/6124054071047970/?app=fbl
1174704796512339,Iyee kwaba na break time nomba.,2026-05-04T13:54:42.212650+00:00,,https://www.facebook.com/100064560977290/posts/6124054071047970/?app=fbl
878212423369353,Such schedule does not apply in my area so stop playing around with people's feelings,2026-05-04T13:54:42.212654+00:00,,https://www.facebook.com/100064560977290/posts/6124054071047970/?app=fbl
899680144399564,"There is nothing good,it still comes to the same.Before l left for work, there was no power and l come back at 17hrs at power yayenda to come at 23hrs.efinshi ifi.",2026-05-04T13:54:42.212658+00:00,,https://www.facebook.com/100064560977290/posts/6124054071047970/?app=fbl
511570027736052,Mwèzïmûpyá G Mùlwâñdà muntu wanga ine I have been attacked oooh be careful,2026-05-04T13:54:42.212662+00:00,,https://www.facebook.com/100064560977290/posts/6124054071047970/?app=fbl
1126291694701077,Karin Louise Neethling Monge' yes we still will have 12hours load sheading but broken in to 2 x 6 =12 in stead of just a straight 12 hours at once with no power,2026-05-04T13:54:42.212665+00:00,,https://www.facebook.com/100064560977290/posts/6124054071047970/?app=fbl
1126291694701077,Karin Louise Neethling Monge' at least if its split it gives us a couple of decent hours during the day to recharge batteries  and run fridge,2026-05-04T13:54:42.212669+00:00,,https://www.facebook.com/100064560977290/posts/6124054071047970/?app=fbl
1298576814266650,Today is Monday and we don’t have power,2026-05-04T13:54:42.212673+00:00,,https://www.facebook.com/100064560977290/posts/6124054071047970/?app=fbl
2299770710224782,George Muls But on ZNBC 19hrs they said it's been reduced to 6hrs only,2026-05-04T13:54:42.212677+00:00,,https://www.facebook.com/100064560977290/posts/6124054071047970/?app=fbl
2299770710224782,Astron Sibbuku Chiyuni that’s how they understood the language written on that notice. 🫣🤔🤔,2026-05-04T13:54:42.212681+00:00,,https://www.facebook.com/100064560977290/posts/6124054071047970/?app=fbl
2299770710224782,George Muls yes,2026-05-04T13:54:42.212684+00:00,,https://www.facebook.com/100064560977290/posts/6124054071047970/?app=fbl
2299770710224782,George Muls imagine boss,2026-05-04T13:54:42.212688+00:00,,https://www.facebook.com/100064560977290/posts/6124054071047970/?app=fbl
2299770710224782,"The power doesn't go at the same time from all compounds, they imply that in some other areas that will be the time it will be going.",2026-05-04T13:54:42.212692+00:00,,https://www.facebook.com/100064560977290/posts/6124054071047970/?app=fbl
2299770710224782,George Muls true ifwe kuno amalait yacisa 23 hours so apa ndelanda amalait yele 04 this is too much,2026-05-04T13:54:42.212696+00:00,,https://www.facebook.com/100064560977290/posts/6124054071047970/?app=fbl
2299770710224782,Astron Sibbuku Chiyuni thy are lieing,2026-05-04T13:54:42.212699+00:00,,https://www.facebook.com/100064560977290/posts/6124054071047970/?app=fbl
2299770710224782,George Muls it just the same,2026-05-04T13:54:42.212703+00:00,,https://www.facebook.com/100064560977290/posts/6124054071047970/?app=fbl
2299770710224782,Royce Kasongole same here,2026-05-04T13:54:42.212707+00:00,,https://www.facebook.com/100064560977290/posts/6124054071047970/?app=fbl
2299770710224782,"George Muls no dad it's not like that,  did the power go at the same time in all part of Lusaka ? The answer is no all part have it time to like here where I am it's 00 to 11hrs not knowing where you are",2026-05-04T13:54:42.212722+00:00,,https://www.facebook.com/100064560977290/posts/6124054071047970/?app=fbl
680128320520246,It is even worse coz at 11 hrs it comes and goes at 11 and come back at 17 17 it goes and come at 23 what is that so all day no power  awe you are fixing things no power from 05 to 23 hrs,2026-05-04T13:54:42.212727+00:00,,https://www.facebook.com/100064560977290/posts/6124054071047970/?app=fbl
715643390256377,Manje some parts of Lusaka are not being load shedding and some parts of the country too.Zesco never follows their load shedding schedule.,2026-05-04T13:54:42.212730+00:00,,https://www.facebook.com/100064560977290/posts/6124054071047970/?app=fbl
3221256778091552,Splitting....so we gonna be in darkness twice a day?... Mayo let me even charge my phone,2026-05-04T13:54:42.212734+00:00,,https://www.facebook.com/100064560977290/posts/6124054071047970/?app=fbl
461680426175485,Kuwayawayafye. Sure they can't come up with an effective time table? Zesco can do better than this. There is no way everytime power can be going at 10 hours and only comes back at 22. Print the time table imwe ba zesco,2026-05-04T13:54:42.212741+00:00,,https://www.facebook.com/100064560977290/posts/6124054071047970/?app=fbl
546528057386376,People who live in Livingston does this mean this heavy rainfall we are all experiencing for the past 2 weeks up to now apa uko tayiloka? let the government hire 40 of 10 thousands litres of water  bowsers it's just a day nishi karimba dam it's full of water than this it's really pathetic mu rain season ati 12 hours loadshedding,2026-05-04T13:54:42.212745+00:00,,https://www.facebook.com/100064560977290/posts/6124054071047970/?app=fbl
1334967317338464,For 17_23 awe it's a no for me.so that it can be easy for thieves to break in elo it's a rain 🌧️ season...,2026-05-04T13:54:42.212749+00:00,,https://www.facebook.com/100064560977290/posts/6124054071047970/?app=fbl
437263488525332,It won't matter in Heaven...,2026-05-04T13:54:42.212753+00:00,,https://www.facebook.com/100064560977290/posts/6124054071047970/?app=fbl
1353668848789272,"Okay! Things getting better by the day, but hoping for the best!",2026-05-04T13:54:42.212757+00:00,,https://www.facebook.com/100064560977290/posts/6124054071047970/?app=fbl
963697571683180,They are also lying they can't even keep their schedule as they promise.,2026-05-04T13:54:42.212761+00:00,,https://www.facebook.com/100064560977290/posts/6124054071047970/?app=fbl
548275573885493,"Now I have realized that most praise singers are dull. They just support blindly without knowing what they are supporting. What has changed here? Mubikuba hahulu bati. 

Let them work on this completely coz they said so. Not this rubbish & someone is busy praising naka phone ku power bank.",2026-05-04T13:54:42.212764+00:00,,https://www.facebook.com/100064560977290/posts/6124054071047970/?app=fbl
2299770710224782,Lameck Jalika pipo won't understand they go through comment without leading above bwafya Zambia,2026-05-04T13:54:42.212768+00:00,,https://www.facebook.com/100064560977290/posts/6124054071047970/?app=fbl
2299770710224782,"It's true, but it better.",2026-05-04T13:54:42.212772+00:00,,https://www.facebook.com/100064560977290/posts/6124054071047970/?app=fbl
2299770710224782,Astron Sibbuku Chiyuni znbc need listening skills or reading skills . Coz clearly the president said split .,2026-05-04T13:54:42.212776+00:00,,https://www.facebook.com/100064560977290/posts/6124054071047970/?app=fbl
2299770710224782,"George Muls No, what they mean is that they a will  same changes of power cut. example in you have power cut from 11 to17 then the next day it can be from 05 to 11 and so on 🙆‍♂️🙆‍♂️🙆‍♂️",2026-05-04T13:54:42.212780+00:00,,https://www.facebook.com/100064560977290/posts/6124054071047970/?app=fbl
2299770710224782,George Muls where doe ist say that?,2026-05-04T13:54:42.212783+00:00,,https://www.facebook.com/100064560977290/posts/6124054071047970/?app=fbl
461680426175485,Ackim C Sikaundi boi tefintu us everyday 16 to 04 kuwayawayafye boi,2026-05-04T13:54:42.212787+00:00,,https://www.facebook.com/100064560977290/posts/6124054071047970/?app=fbl
461680426175485,Givo Mak tefintu. Alternative sources of power needs to be explored. Kaili even next year it will be the same thing,2026-05-04T13:54:42.212791+00:00,,https://www.facebook.com/100064560977290/posts/6124054071047970/?app=fbl
461680426175485,Ackim C Sikaundi exactly boi,2026-05-04T13:54:42.212795+00:00,,https://www.facebook.com/100064560977290/posts/6124054071047970/?app=fbl
548275573885493,"Yen Yearned Moola Snr 
   Comment from a young boy who has lost hope in life🤣🤣🤣",2026-05-04T13:54:42.212798+00:00,,https://www.facebook.com/100064560977290/posts/6124054071047970/?app=fbl
548275573885493,Ilishebo Chris Mukelabai Wapila wena🤣🤣🤣,2026-05-04T13:54:42.212802+00:00,,https://www.facebook.com/100064560977290/posts/6124054071047970/?app=fbl
548275573885493,"Yen Yearned Moola Snr 
    Fit waesu",2026-05-04T13:54:42.212806+00:00,,https://www.facebook.com/100064560977290/posts/6124054071047970/?app=fbl
564248385578976,"They are not even sticking to this same schedule, it's just random here. Sometimes you can only have power for 30 minutes after waiting for more than 6 hours and they will still switch off",2026-05-04T13:54:42.212810+00:00,,https://www.facebook.com/100064560977290/posts/6124054071047970/?app=fbl
3558389497766642,I am not affected because I get water from a hand pump and use solar power. We need Biogas or bio energy and solar.,2026-05-04T13:54:42.212814+00:00,,https://www.facebook.com/100064560977290/posts/6124054071047970/?app=fbl
3792415490984887,"I'm sure you know how to express yourself, say it correctly... How many times do we expect power to cut n put the times in groups Eg (if power goes at 05:00- 11:00hrs expect it to cut again at 17:00 - 23:00hrs). This guess work is so inconveniencing.",2026-05-04T13:54:42.212818+00:00,,https://www.facebook.com/100064560977290/posts/6124054071047970/?app=fbl
719550152874845,"Don't worry we will fire your boss sooner than you think. And hire someone who will find you a competitor.......
Just like Zamtel, Airtel and MTM",2026-05-04T13:54:42.212821+00:00,,https://www.facebook.com/100064560977290/posts/6124054071047970/?app=fbl
1356712481811022,"Now, this is a public utility company. Zambia first.",2026-05-04T13:54:42.212825+00:00,,https://www.facebook.com/100064560977290/posts/6124054071047970/?app=fbl
700435511655738,I read comments for a living,2026-05-04T13:54:42.212829+00:00,,https://www.facebook.com/100064560977290/posts/6124054071047970/?app=fbl
1622974748123377,"Why did we stop Dangote to invest in a power plant 🥱 you guys are afraid of competition,anyway all the best",2026-05-04T13:54:42.212833+00:00,,https://www.facebook.com/100064560977290/posts/6124054071047970/?app=fbl
687725596207203,"We're dealing with mafia's, day light robbery 12hrs of load shedding remains the same 🙊🙊🙊",2026-05-04T13:54:42.212836+00:00,,https://www.facebook.com/100064560977290/posts/6124054071047970/?app=fbl
714750360018225,Let's just work and let the people talk,2026-05-04T13:54:42.212840+00:00,,https://www.facebook.com/100064560977290/posts/6124054071047970/?app=fbl
1911774525859132,I have a complaint to lodge as of why we should we have power at 23:00 when we are sleeping and having no power at 05:00 when we are suppose to have been working delivering service to the general public???,2026-05-04T13:54:42.212847+00:00,,https://www.facebook.com/100064560977290/posts/6124054071047970/?app=fbl
564248385578976,Ba mambala,2026-05-04T13:54:42.212850+00:00,,https://www.facebook.com/100064560977290/posts/6124054071047970/?app=fbl
1287182618738988,"This is 9:22, but still no power. It went at exactly 0:36.",2026-05-04T13:54:42.212854+00:00,,https://www.facebook.com/100064560977290/posts/6124054071047970/?app=fbl
944697196493811,This economy Crisis it's world wide we are even better people! South Africans they are used with load shedding,2026-05-04T13:54:42.212858+00:00,,https://www.facebook.com/100064560977290/posts/6124054071047970/?app=fbl
1199139634355511,"In a layman's language. We will still get 12 hours but it will be split in two.  For example if power goes from 23 hours -05 hours. Then again it will go at, let's say 11 hours - 17 hours.",2026-05-04T13:54:42.212862+00:00,,https://www.facebook.com/100064560977290/posts/6124054071047970/?app=fbl
1592824934504453,"2+4= 6 and 3×2 = 6. Nothing has changed , the answer is still the same .",2026-05-04T13:54:42.212866+00:00,,https://www.facebook.com/100064560977290/posts/6124054071047970/?app=fbl
3344874239087782,"How sure are we even that the dam is dry wen pf mentioned it the other party politicised it how different is the situation now like I always say people shouldn't talk about things they don't know now its ur turn we are waiting to see how u will solve this,let's be factual people who voted ain't fools",2026-05-04T13:54:42.212869+00:00,,https://www.facebook.com/100064560977290/posts/6124054071047970/?app=fbl
885370965986189,"I wonder why these pipo are like this, the same people increased connection fee from K1700 to KK6500
Units have gone high, now the loadsheding and no any plan to reduce it",2026-05-04T13:54:42.212873+00:00,,https://www.facebook.com/100064560977290/posts/6124054071047970/?app=fbl
5763763656992226,"12hours Loadshedding in rain season😂😂😂😂😂... what more when we reach ka October...? 
Kaya if we are using a ""chinese calculator""",2026-05-04T13:54:42.212877+00:00,,https://www.facebook.com/100064560977290/posts/6124054071047970/?app=fbl
2163643733823440,Better that way. I hope they will follow the schedule as such.,2026-05-04T13:54:42.212881+00:00,,https://www.facebook.com/100064560977290/posts/6124054071047970/?app=fbl
1023555565703316,"Thank you very much for that ba zesco we are in big problem 12 it was too much,we appreciate for that concert.",2026-05-04T13:54:42.212885+00:00,,https://www.facebook.com/100064560977290/posts/6124054071047970/?app=fbl
896228304714919,"Zero plus zero is zero, nothing has changed here.it is still 12hrs a day",2026-05-04T13:54:42.212889+00:00,,https://www.facebook.com/100064560977290/posts/6124054071047970/?app=fbl
719550152874845,Alleen Amukusana true boi basiyeni,2026-05-04T13:54:42.212895+00:00,,https://www.facebook.com/100064560977290/posts/6124054071047970/?app=fbl
719550152874845,Alleen Amukusana Hawe we are tired of hiring and firing siyani soche,2026-05-04T13:54:42.212899+00:00,,https://www.facebook.com/100064560977290/posts/6124054071047970/?app=fbl
719550152874845,Elimore Dube 🤣🤣🤣🤣🤣,2026-05-04T13:54:42.212903+00:00,,https://www.facebook.com/100064560977290/posts/6124054071047970/?app=fbl
5763763656992226,"SirGubu C Gilbest Just like we finished the whole 2022 without load-shedding, there will be nothing like October or whatever month.",2026-05-04T13:54:42.212907+00:00,,https://www.facebook.com/100064560977290/posts/6124054071047970/?app=fbl
5763763656992226,Afrikan Koh sana🤣🤣🤣🤣,2026-05-04T13:54:42.212910+00:00,,https://www.facebook.com/100064560977290/posts/6124054071047970/?app=fbl
1023555565703316,Kelvin Ngoma it's still 12 hours it has just been split🚶🚶😌😌,2026-05-04T13:54:42.212914+00:00,,https://www.facebook.com/100064560977290/posts/6124054071047970/?app=fbl
1592824934504453,Shadre Garcia Mwanza iweh 🤣🤣👧,2026-05-04T13:54:42.212918+00:00,,https://www.facebook.com/100064560977290/posts/6124054071047970/?app=fbl
1592824934504453,Kelvin Kayombo Simunza my guy😂😂😂,2026-05-04T13:54:42.212922+00:00,,https://www.facebook.com/100064560977290/posts/6124054071047970/?app=fbl
6394524170577597,"Same as introducing half time to the game. Anyways, businesses can do one or two things during 6 hours of the day unlike experiencing power cut from 05 hours to 17 hours.",2026-05-04T13:54:42.212926+00:00,,https://www.facebook.com/100064560977290/posts/6124054071047970/?app=fbl
6116084025109522,This is the dumbest shit I ever seen 😂😂😂😂,2026-05-04T13:54:42.212929+00:00,,https://www.facebook.com/100064560977290/posts/6124054071047970/?app=fbl
1219565888699321,Better we just suffer once then introducing half time into load shedding. They should be working on reducing or eliminating load shedding instead of this half time,2026-05-04T13:54:42.212933+00:00,,https://www.facebook.com/100064560977290/posts/6124054071047970/?app=fbl
3593312137659877,"Here in kitwe,  ndeke to be precise, just right about now we're being load shedded for the second time, 2026 how far are you",2026-05-04T13:54:42.212939+00:00,,https://www.facebook.com/100064560977290/posts/6124054071047970/?app=fbl
2219020448270652,@utopia things. Such decisions are made when bosses are incharge as opposed to leaders. How ironic!!!,2026-05-04T13:54:42.212943+00:00,,https://www.facebook.com/100064560977290/posts/6124054071047970/?app=fbl
569865021722572,Then comes me who isn't by any means affected by load shedding bcoz in our district therizno💃 Mwaculenipo mukwai😂ifwe na beans tuleipika pa stove🤣🤣,2026-05-04T13:54:42.212947+00:00,,https://www.facebook.com/100064560977290/posts/6124054071047970/?app=fbl
499029385648114,When is the voters card renewal exercise commencing?,2026-05-04T13:54:42.212951+00:00,,https://www.facebook.com/100064560977290/posts/6124054071047970/?app=fbl
1014045236652457,It doesn't make any sense no difference all i leave home  without electricity and i knock find no electricity again,2026-05-04T13:54:42.212955+00:00,,https://www.facebook.com/100064560977290/posts/6124054071047970/?app=fbl
6104072066312185,The difference is the same 🥺,2026-05-04T13:54:42.212958+00:00,,https://www.facebook.com/100064560977290/posts/6124054071047970/?app=fbl
1422039008571759,Stop playing with us do you expect us to believe that it's because of water levels ......if it was in October and other season yes we could have bought those lies now this rain 🌧️ season 😅😅😅,2026-05-04T13:54:42.212962+00:00,,https://www.facebook.com/100064560977290/posts/6124054071047970/?app=fbl
569865021722572,Hope Dave Rose that's my sister hangatwayoya,2026-05-04T13:54:42.212966+00:00,,https://www.facebook.com/100064560977290/posts/6124054071047970/?app=fbl
569865021722572,Ipanga James hanga twayoya mwane 💃💃💃,2026-05-04T13:54:42.212970+00:00,,https://www.facebook.com/100064560977290/posts/6124054071047970/?app=fbl
565495791785843,"We prophecy especially against the 17hrs to 23hrs schedule, you will not succeed in making darkness our portion, John 1:5, Isaiah 9:2,Micah 7:8..... repent this is the repacations of your previous iniquities...",2026-05-04T13:54:42.212976+00:00,,https://www.facebook.com/100064560977290/posts/6124054071047970/?app=fbl
885514166117473,Just give the copper belt energy to supply power in the copper belt province,2026-05-04T13:54:42.212980+00:00,,https://www.facebook.com/100064560977290/posts/6124054071047970/?app=fbl
846486149778987,Elo imwe people who were busy supporting upnd mulenya mulelapila especially fi youth this is what your government meant when they said they'll create more jobs for youths kkkkkkkk sorry fimbeni elo mupoke....yaba,2026-05-04T13:54:42.212983+00:00,,https://www.facebook.com/100064560977290/posts/6124054071047970/?app=fbl
703159451369461,It's not making...u affecting those running during the day as well as those that do business in the night...,2026-05-04T13:54:42.212989+00:00,,https://www.facebook.com/100064560977290/posts/6124054071047970/?app=fbl
903746417307421,"Experiment, job on training it costly and dangerous to someone  under.",2026-05-04T13:54:42.212996+00:00,,https://www.facebook.com/100064560977290/posts/6124054071047970/?app=fbl
673698251155345,Ooh okay  3 years remaining to 2026,2026-05-04T13:54:42.213000+00:00,,https://www.facebook.com/100064560977290/posts/6124054071047970/?app=fbl
702182464815624,Zesco tell your boss that our voters cards are still fresh,2026-05-04T13:54:42.213005+00:00,,https://www.facebook.com/100064560977290/posts/6124054071047970/?app=fbl
2718734371596506,Don't try to impress the president if it won't work better you tell him the truth. We don't want the situation to get out of hand. 6 hours should six hours. It has to be equal others should not receive it more than 6 hours. You should stop talking about water levels in the middle of rains. What wil happen in Sept and October without rains. Te total darkness iyo.,2026-05-04T13:54:42.213008+00:00,,https://www.facebook.com/100064560977290/posts/6124054071047970/?app=fbl
727259681946279,Everything was already planned i dont see the difference between 12 and 6hrs . Day time  charcoal night candles that's it.,2026-05-04T13:54:42.213015+00:00,,https://www.facebook.com/100064560977290/posts/6124054071047970/?app=fbl
588129303126508,I think let them increase to 10days cause you can keep any relish in fridge nishi kubola,2026-05-04T13:54:42.213019+00:00,,https://www.facebook.com/100064560977290/posts/6124054071047970/?app=fbl
868608854365775,Wat causes load shedding?? someone to clarify me?.. nevertheless at my area please let it be  23 to 05.. while we r aslip.,2026-05-04T13:54:42.213023+00:00,,https://www.facebook.com/100064560977290/posts/6124054071047970/?app=fbl
723665569106020,Infact let them spread it in 24hrs.,2026-05-04T13:54:42.213029+00:00,,https://www.facebook.com/100064560977290/posts/6124054071047970/?app=fbl
2348117345370169,They increased the hours in order to reduce...shame on these guys,2026-05-04T13:54:42.213033+00:00,,https://www.facebook.com/100064560977290/posts/6124054071047970/?app=fbl
696005628557085,Someone is playing a dirty game here.The zesco management don't need to be given some plans by the head of state but do it themselves,2026-05-04T13:54:42.213037+00:00,,https://www.facebook.com/100064560977290/posts/6124054071047970/?app=fbl
5126549930780929,6 miles electricity goes at 05 comes back at 12 then again 14 electricity goes and comes back at 21.....these are the very reasons why the other party is out power...lik we had enough.,2026-05-04T13:54:42.213040+00:00,,https://www.facebook.com/100064560977290/posts/6124054071047970/?app=fbl
479734924316779,So that was it yesterday power went at 12:00 came back at 18:00 and again went at 24:00 came at 06:00 so so katwishi tulelola,2026-05-04T13:54:42.213044+00:00,,https://www.facebook.com/100064560977290/posts/6124054071047970/?app=fbl
543396097838713,Here power went at 08:00 and came at 18:00 and went at 20:00,2026-05-04T13:54:42.213048+00:00,,https://www.facebook.com/100064560977290/posts/6124054071047970/?app=fbl
728866435418240,The problem the president is doing everything alone. so after visiting the dam he has advised zesco to do this,2026-05-04T13:54:42.213052+00:00,,https://www.facebook.com/100064560977290/posts/6124054071047970/?app=fbl
6164825023528034,"Before I sleep, ba praise Remember that Zambia is having load shedding during rain season, ask yourselves what will happen between April and October! By the way any excuses that Banene comes up with is unacceptable",2026-05-04T13:54:42.213056+00:00,,https://www.facebook.com/100064560977290/posts/6124054071047970/?app=fbl
697907062011250,But kwena it's still 12 hours so what relief are we getting,2026-05-04T13:54:42.213060+00:00,,https://www.facebook.com/100064560977290/posts/6124054071047970/?app=fbl
543396097838713,Thawila Simataa the schedule is effective Monday 9 January 2023.,2026-05-04T13:54:42.213064+00:00,,https://www.facebook.com/100064560977290/posts/6124054071047970/?app=fbl
543396097838713,"Edgar Shimalukwe I almost wrote the same but you replied already, good 👍👍👍",2026-05-04T13:54:42.213068+00:00,,https://www.facebook.com/100064560977290/posts/6124054071047970/?app=fbl
543396097838713,Thawila Simataa form cooperatives bwana,2026-05-04T13:54:42.213072+00:00,,https://www.facebook.com/100064560977290/posts/6124054071047970/?app=fbl
543396097838713,Edgar Shimalukwe From 05 yesterday only had 2hrs of power just to watch soccer Chelsea vs man city then went UpTo now still theres no 😊,2026-05-04T13:54:42.213075+00:00,,https://www.facebook.com/100064560977290/posts/6124054071047970/?app=fbl
543396097838713,Chomi White  we are forming boi 😂🤣🤣🤣😂,2026-05-04T13:54:42.213079+00:00,,https://www.facebook.com/100064560977290/posts/6124054071047970/?app=fbl
697907062011250,Kayumba Sande aii,2026-05-04T13:54:42.213083+00:00,,https://www.facebook.com/100064560977290/posts/6124054071047970/?app=fbl
914497929570223,"Whatever the ef, it's still 12 hours🤔 And you call that a relief😭",2026-05-04T13:54:42.213087+00:00,,https://www.facebook.com/100064560977290/posts/6124054071047970/?app=fbl
729177385497794,Cutting electricity for 12 hours was surely witchcraft. Who does that & ninshi where do you put us??. Insoni ba zesco ebuntu. Mistreating your own Zambian customers.  Somethings you don't even need to be told.,2026-05-04T13:54:42.213091+00:00,,https://www.facebook.com/100064560977290/posts/6124054071047970/?app=fbl
710247887346944,What?? 6 hours? That's too much . Just end load shedding that's what you promised zambian pipo.,2026-05-04T13:54:42.213095+00:00,,https://www.facebook.com/100064560977290/posts/6124054071047970/?app=fbl
711341783832512,23-05 works perfectly for me 💃🏼👌🏽,2026-05-04T13:54:42.213098+00:00,,https://www.facebook.com/100064560977290/posts/6124054071047970/?app=fbl
1348446522586686,"While you complain about 12 hour schedule we currently on 20hrs literally 4 hours of power a day…
Without Shame our schedule is even saying 00-20hrs smh which still won’t be followed",2026-05-04T13:54:42.213102+00:00,,https://www.facebook.com/100064560977290/posts/6124054071047970/?app=fbl
686040593192313,This will not end well. So zesco will over run the 6 hrs to 7 or 8 hrs and twice a day loadshedding will end into 14 to16 hrs of loadshedding per day 😭😭,2026-05-04T13:54:42.213106+00:00,,https://www.facebook.com/100064560977290/posts/6124054071047970/?app=fbl
3240389632939076,My son has come back with a half cut from the barbershop😡,2026-05-04T13:54:42.213112+00:00,,https://www.facebook.com/100064560977290/posts/6124054071047970/?app=fbl
1147226185984804,This is exactly how this was supposed to be it was 6 hours but they had to start with 12 so that when we complain it will be reduced to what they planned imagine if they started with six and we complain their plan wouldn't have worked so this is exactly how they planned from the beginning 6 hours loadshedding 🏌️🏌️,2026-05-04T13:54:42.213116+00:00,,https://www.facebook.com/100064560977290/posts/6124054071047970/?app=fbl
892982335172530,Are you aware there people who depend on electricity for there small businesses,2026-05-04T13:54:42.213120+00:00,,https://www.facebook.com/100064560977290/posts/6124054071047970/?app=fbl
910956080090584,And what happens to some of us who were loadshadded fir more than 12 hours?does it mean we will be laodshedded for 8 hours split now🤔,2026-05-04T13:54:42.213124+00:00,,https://www.facebook.com/100064560977290/posts/6124054071047970/?app=fbl
6164825023528034,Beverly Kunda Moore kkkkk asking 🤣🤣 let me sleep now,2026-05-04T13:54:42.213128+00:00,,https://www.facebook.com/100064560977290/posts/6124054071047970/?app=fbl
6164825023528034,"Mwangala Monde Siyobo the truth is they lied to the Zambian people that they will end load shedding, they also lied whilest in office that they have ended load shedding, they also decieved people that load shedding is as a reasult of poor leadership, they continue being deceitful when they tell the nation that it’s as a result of low water levels, engineers fault when they are actually selling power, using CEC which some politicians are share holders to distribute power to the mines so there can increase copper production from 830 000 metric tonnes to 3 million metric tones by 2031, CEC also for the first time in history retained $50million to its shareholders, and if you found out who these are , you will understand why Zambians are having abnormal hours of load shedding",2026-05-04T13:54:42.213132+00:00,,https://www.facebook.com/100064560977290/posts/6124054071047970/?app=fbl
6164825023528034,"Mwangala Monde Siyobo nothing like better than PF these are runing diwn the country at a very fast pace, and the very fact that they think they are clever than anyone else is what really makes me angry at them, they lied their way in govt they continue to do so whilst in govt! Their decision have messed up each sector of the economy because of their egoes! They are no where better than PF they are just good at hiding their true colours! Iam more worried about the future generations",2026-05-04T13:54:42.213136+00:00,,https://www.facebook.com/100064560977290/posts/6124054071047970/?app=fbl
6164825023528034,"Mwangala Monde Siyobo A conversation  we need to have on that regard, but it not for Facebook! I agree PF Lost their way! But so much was going on ! But its not a Facebook chat baby sis!",2026-05-04T13:54:42.213140+00:00,,https://www.facebook.com/100064560977290/posts/6124054071047970/?app=fbl
6164825023528034,Beverly Kunda Moore ifwe load shedding from midnight to 13hrs that is completely unacceptable.,2026-05-04T13:54:42.213144+00:00,,https://www.facebook.com/100064560977290/posts/6124054071047970/?app=fbl
6164825023528034,Beverly Kunda Moore Exporting is good for a country which has nothing else to export for  foreign exchange like Zambia,2026-05-04T13:54:42.213148+00:00,,https://www.facebook.com/100064560977290/posts/6124054071047970/?app=fbl
6164825023528034,"Even if we Zambians are dull,,
Ati we r having loadshading because pf misused water,,

The man shud just resign and let the solders rule this country",2026-05-04T13:54:42.213154+00:00,,https://www.facebook.com/100064560977290/posts/6124054071047970/?app=fbl
6164825023528034,Beverly Kunda Moore its the question that have been asking myself since the load shedding started,2026-05-04T13:54:42.213158+00:00,,https://www.facebook.com/100064560977290/posts/6124054071047970/?app=fbl
6164825023528034,Deedyianna Mumu ati ba pf balinwina zigolo amenshi😂😂😂😂😂awe military kuti yabafye bwino😊,2026-05-04T13:54:42.213165+00:00,,https://www.facebook.com/100064560977290/posts/6124054071047970/?app=fbl
1192182698063836,So someone will want to be clapped for this crazy thing... Shortly u said it dry now it has reach 6hours in fact it one  and the same because it be going twice in a day... Zesco don't think we re ur family members..... Jxt cut the export power to other countries,2026-05-04T13:54:42.213168+00:00,,https://www.facebook.com/100064560977290/posts/6124054071047970/?app=fbl
725459902190932,I can't understand this mathematics because most of  the business depends on electricity what difference does it make??,2026-05-04T13:54:42.213172+00:00,,https://www.facebook.com/100064560977290/posts/6124054071047970/?app=fbl
3405577213095566,But okay this is taking Zambians for granted sure...,2026-05-04T13:54:42.213176+00:00,,https://www.facebook.com/100064560977290/posts/6124054071047970/?app=fbl
6107112926000769,But how come some places are still experiencing 12 hours load shedding. Matero shardricks area.,2026-05-04T13:54:42.213180+00:00,,https://www.facebook.com/100064560977290/posts/6124054071047970/?app=fbl
904205397420066,"But that still doesn't change the fact that there are 49 million kangaroos in Australia and 3.4 million people in Uruguay. Which means if the kangaroos were to invade Uruguay, each person will have to fight 14 kangaroos.",2026-05-04T13:54:42.213184+00:00,,https://www.facebook.com/100064560977290/posts/6124054071047970/?app=fbl
888458732606058,How come there's no loadshedding in my area?  We are not even near a clinic or anything,2026-05-04T13:54:42.213188+00:00,,https://www.facebook.com/100064560977290/posts/6124054071047970/?app=fbl
1500295667147485,Doesn't change anything kuwayawayafye,2026-05-04T13:54:42.213191+00:00,,https://www.facebook.com/100064560977290/posts/6124054071047970/?app=fbl
683917853232648,"If there is a reduction in the hours, then it's better.",2026-05-04T13:54:42.213195+00:00,,https://www.facebook.com/100064560977290/posts/6124054071047970/?app=fbl
1244223689492224,"People are not understanding the word ""staggering"", they think loadshedding has been reduced to 6 hours lol",2026-05-04T13:54:42.213199+00:00,,https://www.facebook.com/100064560977290/posts/6124054071047970/?app=fbl
721345389615444,So basically we have not halted the export of electricity 🚶,2026-05-04T13:54:42.213203+00:00,,https://www.facebook.com/100064560977290/posts/6124054071047970/?app=fbl
711341783832512,"Loretta Wood yes manigy che, who needs power whilst they are asleep 😂😂😂😂",2026-05-04T13:54:42.213206+00:00,,https://www.facebook.com/100064560977290/posts/6124054071047970/?app=fbl
711341783832512,Neyomi Chabz exactly 🤣😂🤣,2026-05-04T13:54:42.213210+00:00,,https://www.facebook.com/100064560977290/posts/6124054071047970/?app=fbl
904205397420066,Chandah Chandah mwaiche ewee,2026-05-04T13:54:42.213214+00:00,,https://www.facebook.com/100064560977290/posts/6124054071047970/?app=fbl
3405577213095566,Mambwe Paul Chibichabo serious,2026-05-04T13:54:42.213218+00:00,,https://www.facebook.com/100064560977290/posts/6124054071047970/?app=fbl
3405577213095566,Boyd Kalubanca it's too much boss,2026-05-04T13:54:42.213222+00:00,,https://www.facebook.com/100064560977290/posts/6124054071047970/?app=fbl
721345389615444,Gabriel Phiri we need money,2026-05-04T13:54:42.213225+00:00,,https://www.facebook.com/100064560977290/posts/6124054071047970/?app=fbl
721345389615444,Humphrey Bwalya Bwalya Yeah it's a known story,2026-05-04T13:54:42.213229+00:00,,https://www.facebook.com/100064560977290/posts/6124054071047970/?app=fbl
882939279724233,2020 we never even had a planned load shedding. This is way better,2026-05-04T13:54:42.213233+00:00,,https://www.facebook.com/100064560977290/posts/6124054071047970/?app=fbl
1381491652659760,"This issue of us here in kabanana west we are experiencing for instance power cuts at the same scheduled time and we calculate and wait till it comes,and then just after having power back for like 30mins then you decide to cut again,ninshi ise tinalakwa chani???
Olo maybe we stole water mu Kariba?
Nkhalani fair mweh!!!💯😤",2026-05-04T13:54:42.213237+00:00,,https://www.facebook.com/100064560977290/posts/6124054071047970/?app=fbl
1110667202944607,All these are better except 17 to 23 buloshi,2026-05-04T13:54:42.213244+00:00,,https://www.facebook.com/100064560977290/posts/6124054071047970/?app=fbl
2474493102700192,At least Bena Siri will be charging some their phones na pa break time 😂,2026-05-04T13:54:42.213247+00:00,,https://www.facebook.com/100064560977290/posts/6124054071047970/?app=fbl
862952321491126,Awe they don’t even follow there time table power goes at any time 🙆🏾‍♂️🙆🏾‍♂️🙆🏾‍♂️🙆🏾‍♂️🙆🏾‍♂️,2026-05-04T13:54:42.213251+00:00,,https://www.facebook.com/100064560977290/posts/6124054071047970/?app=fbl
829943544862310,It's unfortunately that others have allowed bitterness and jealous to control their brains. They will still criticize. We have an understanding Leader. This is good and hope things will improve so that we can have no load management at all.,2026-05-04T13:54:42.213255+00:00,,https://www.facebook.com/100064560977290/posts/6124054071047970/?app=fbl
798380101728535,"Mr president is doing good let's learn to appreciate people when they are still alive, he has done a number of good things for Zambia, are you perfect yourself, pls leave Mr president alone.",2026-05-04T13:54:42.213259+00:00,,https://www.facebook.com/100064560977290/posts/6124054071047970/?app=fbl
664619908679381,"What good is reducing to 6 hours if it's sti going twice a day
Its still 12 hours",2026-05-04T13:54:42.213263+00:00,,https://www.facebook.com/100064560977290/posts/6124054071047970/?app=fbl
1316858762425751,"The impact of load shedding is always tantamount to the collapse of the country's economy.Hence, the need to critically think big and not to joke around",2026-05-04T13:54:42.213267+00:00,,https://www.facebook.com/100064560977290/posts/6124054071047970/?app=fbl
1535623010258606,This doesn't change anything if power will be gone for 12hrs per day.,2026-05-04T13:54:42.213270+00:00,,https://www.facebook.com/100064560977290/posts/6124054071047970/?app=fbl
829943544862310,Nchimunya Goldens it's my tall man for me 😂🤣🤣😂🤣here there is no road shedding 💃,2026-05-04T13:54:42.213274+00:00,,https://www.facebook.com/100064560977290/posts/6124054071047970/?app=fbl
829943544862310,Sandra Simatanga my kama short sweetie. 🤣🤣🤣🤣🤣🤣,2026-05-04T13:54:42.213278+00:00,,https://www.facebook.com/100064560977290/posts/6124054071047970/?app=fbl
829943544862310,Nchimunya Goldens be in class otherwise you will be punished 🤣,2026-05-04T13:54:42.213282+00:00,,https://www.facebook.com/100064560977290/posts/6124054071047970/?app=fbl
829943544862310,Sandra Simatanga ok boss 🤣🤣🤣🤣,2026-05-04T13:54:42.213286+00:00,,https://www.facebook.com/100064560977290/posts/6124054071047970/?app=fbl
1364848944053230,Reducing in order to increase.... Veep,2026-05-04T13:54:42.213290+00:00,,https://www.facebook.com/100064560977290/posts/6124054071047970/?app=fbl
1162550751042225,But this still comes back to 12 hours,2026-05-04T13:54:42.213294+00:00,,https://www.facebook.com/100064560977290/posts/6124054071047970/?app=fbl
561908562619454,"From my calculations, loadshedding hours has increased in a promax way kaili some of you were not in good terms with your math teacher so they used a very calculative method that only the literate can understand,  good morning",2026-05-04T13:54:42.213297+00:00,,https://www.facebook.com/100064560977290/posts/6124054071047970/?app=fbl
488157330134602,Little did I know ZESCO will at one time introduce break time like schools meanwhile the time of learning remains 12:00 🕛,2026-05-04T13:54:42.213301+00:00,,https://www.facebook.com/100064560977290/posts/6124054071047970/?app=fbl
855500669035982,"Soon and very soon, our properties and those of ZESCO will get damaged from this frequency of turning power on and off. Ukubipa kwena napabiipa.",2026-05-04T13:54:42.213305+00:00,,https://www.facebook.com/100064560977290/posts/6124054071047970/?app=fbl
1307930793383241,This still doesn't change anything for a Samsung phone user 🤣🤣🤣,2026-05-04T13:54:42.213309+00:00,,https://www.facebook.com/100064560977290/posts/6124054071047970/?app=fbl
1301433613735732,This time it makes sense to be from Mumbwa.. if you know you know. ...,2026-05-04T13:54:42.213313+00:00,,https://www.facebook.com/100064560977290/posts/6124054071047970/?app=fbl
2994287257547549,"Here it went at 11:00 and came back 17:00..
So far so good👍",2026-05-04T13:54:42.213317+00:00,,https://www.facebook.com/100064560977290/posts/6124054071047970/?app=fbl
940744006802774,The schedule will be for same area meaning we will be having power for just a period of 5hrs in between I guess,2026-05-04T13:54:42.213320+00:00,,https://www.facebook.com/100064560977290/posts/6124054071047970/?app=fbl
2469974976477174,The difference is the same,2026-05-04T13:54:42.213324+00:00,,https://www.facebook.com/100064560977290/posts/6124054071047970/?app=fbl
862952321491126,Jacob Njobvu icho chintu,2026-05-04T13:54:42.213328+00:00,,https://www.facebook.com/100064560977290/posts/6124054071047970/?app=fbl
1372754633458866,My fridge got damaged because of this loadshedding issue,2026-05-04T13:54:42.213332+00:00,,https://www.facebook.com/100064560977290/posts/6124054071047970/?app=fbl
684342116481386,Is this effective today or as of yesterday🤔. Cause here power went at 23 this is 10 still nothing😒😒😡😡😡😡,2026-05-04T13:54:42.213336+00:00,,https://www.facebook.com/100064560977290/posts/6124054071047970/?app=fbl
701761344765771,"He is fixing it,,,",2026-05-04T13:54:42.213339+00:00,,https://www.facebook.com/100064560977290/posts/6124054071047970/?app=fbl
474638938079741,"Ba Kateka Applying BODMAS (12÷2×2)+0 so that imoneke kwati nafiwama ifintu...
Trying to decorate it when in the actual sense it's still 12 hours but Divided.🙄🤔🙄",2026-05-04T13:54:42.213343+00:00,,https://www.facebook.com/100064560977290/posts/6124054071047970/?app=fbl
1359881898160314,Power went yesterday at 11 till now no power. If you tell us 12hrs load shedding let it be 12hrs. Hakainde Hichilema please sir can this issue be addressed.,2026-05-04T13:54:42.213347+00:00,,https://www.facebook.com/100064560977290/posts/6124054071047970/?app=fbl
1492129967976597,Ohms law states that when the difference is the same there is no change.,2026-05-04T13:54:42.213351+00:00,,https://www.facebook.com/100064560977290/posts/6124054071047970/?app=fbl
946618299664694,stick to 12hours please these tactics aren't helping us,2026-05-04T13:54:42.213357+00:00,,https://www.facebook.com/100064560977290/posts/6124054071047970/?app=fbl
687109739544246,"When you have a sensible and sensitive president at the helm of the nation, this is what happens. Ba Mwankole notusaka twandalama shakwiba mulikwi, come and tape some wisdom from Bally.",2026-05-04T13:54:42.213360+00:00,,https://www.facebook.com/100064560977290/posts/6124054071047970/?app=fbl
1747469492315179,"That's the way to go Your Excellency,, your quick response means a lot That's how a leader must be,, keep pushing Musankwaa..",2026-05-04T13:54:42.213366+00:00,,https://www.facebook.com/100064560977290/posts/6124054071047970/?app=fbl
5833959256691128,At least we have a president who's not shy from facing the problem,2026-05-04T13:54:42.213370+00:00,,https://www.facebook.com/100064560977290/posts/6124054071047970/?app=fbl
1307930793383241,Charles Chabatama Kano ise bama Tecno awe sure 4 days no charging 🤣🤣🤣🤣 how are you my brother,2026-05-04T13:54:42.213374+00:00,,https://www.facebook.com/100064560977290/posts/6124054071047970/?app=fbl
1307930793383241,Joseph Mwiinga Jay even one week Bro,2026-05-04T13:54:42.213378+00:00,,https://www.facebook.com/100064560977290/posts/6124054071047970/?app=fbl
1307930793383241,Nkwapu Happy I know right? 🤣🤣,2026-05-04T13:54:42.213382+00:00,,https://www.facebook.com/100064560977290/posts/6124054071047970/?app=fbl
1307930793383241,"Joseph Mwiinga Jay I'm fine brother
How are you?",2026-05-04T13:54:42.213386+00:00,,https://www.facebook.com/100064560977290/posts/6124054071047970/?app=fbl
1307930793383241,Charles Chabatama I am fine too zoona,2026-05-04T13:54:42.213389+00:00,,https://www.facebook.com/100064560977290/posts/6124054071047970/?app=fbl
1307930793383241,Joseph Mwiinga Jay we thank God for that,2026-05-04T13:54:42.213393+00:00,,https://www.facebook.com/100064560977290/posts/6124054071047970/?app=fbl
2469974976477174,Mazuba Hamusonde so baisiye che pa 12hrs ai😝,2026-05-04T13:54:42.213397+00:00,,https://www.facebook.com/100064560977290/posts/6124054071047970/?app=fbl
2469974976477174,"Paul Lupupa it's better, kaili pa 18:00hrs yayenda then 24:00hrs Nishi tilimutulo yambwela then 06:00 tikauka tipeza yayenda again 🤣🤣",2026-05-04T13:54:42.213401+00:00,,https://www.facebook.com/100064560977290/posts/6124054071047970/?app=fbl
2469974976477174,Mazuba Hamusonde nimavuto yekayeka 😝😝😝,2026-05-04T13:54:42.213405+00:00,,https://www.facebook.com/100064560977290/posts/6124054071047970/?app=fbl
1372754633458866,Suya Kingfred 😭 So sorry,2026-05-04T13:54:42.213408+00:00,,https://www.facebook.com/100064560977290/posts/6124054071047970/?app=fbl
