comment_id,text,timestamp,source_url,text_raw,text_clean,word_count,english_word_count,has_english_word,is_strict_english,emoji_removed_text,tokens,tokens_no_stopwords,tokens_lemmatized,processed_text,is_relevant,relevance_score,relevance_reason,relevance_terms,is_sarcastic,raw_compound,raw_label,compound,pos,neu,neg,label,corrected_compound,corrected_label,local_correction_applied,local_correction_score,local_correction_terms,nrc_token_count,nrc_matched_token_count,nrc_base_anger,nrc_base_anticipation,nrc_base_fear,nrc_base_trust,nrc_base_sadness,nrc_base_hope,nrc_base_frustration,local_emotion_applied,local_emotion_terms,local_emotion_match_count,local_anger_score,local_fear_score,local_trust_score,local_hope_score,local_sadness_score,local_frustration_score,nrc_anger,nrc_anticipation,nrc_fear,nrc_trust,nrc_sadness,nrc_hope,nrc_frustration,naive_bayes_prediction,logistic_regression_prediction,svm_prediction,analysis_batch_id,analysis_timestamp
976862873282333,Lweendo Miyoba Namakobo my sister it's like saying 2+5=7 and 1+6=7....nchimwi biyo .....,2026-05-04T13:54:42.207107+00:00,https://www.facebook.com/100064560977290/posts/6124054071047970/,Lweendo Miyoba Namakobo my sister it's like saying 2+5=7 and 1+6=7....nchimwi biyo .....,lweendo miyoba namakobo my sister it s like saying 2 5 7 and 1 6 7 nchimwi biyo,18,,,,lweendo miyoba namakobo my sister it s like saying 2 5 7 and 1 6 7 nchimwi biyo,"['lweendo', 'miyoba', 'namakobo', 'my', 'sister', 'it', 's', 'like', 'saying', '2', '5', '7', 'and', '1', '6', '7', 'nchimwi', 'biyo']","['lweendo', 'miyoba', 'namakobo', 'sister', 's', 'like', 'saying', '2', '5', '7', '1', '6', '7', 'nchimwi', 'biyo']","['lweendo', 'miyoba', 'namakobo', 'sister', 's', 'like', 'saying', '2', '5', '7', '1', '6', '7', 'nchimwi', 'biyo']",lweendo miyoba namakobo sister s like saying 2 5 7 1 6 7 nchimwi biyo,False,0,no_energy_or_zesco_terms,,False,0.3612,positive,0.3612,0.172,0.828,0.0,positive,0.3612,positive,False,0.0,,17,0,0.0,0.0,0.0,0.0,0.0,0.0,0.0,False,,0,0.0,0.0,0.0,0.0,0.0,0.0,0.0,0.0,0.0,0.0,0.0,0.0,0.0,neutral,neutral,neutral,20260731T131008Z-568f92e6a00d,2026-07-31T13:10:09.211947+00:00
1393778251401137,Ati it’s increase to decrease 😝,2026-05-04T13:54:42.207138+00:00,https://www.facebook.com/100064560977290/posts/6124054071047970/,Ati it’s increase to decrease 😝,ati it’s increase to decrease 😝,6,,,,ati it’s increase to decrease,"['ati', 'it', 's', 'increase', 'to', 'decrease']","['ati', 's', 'increase', 'decrease']","['ati', 's', 'increase', 'decrease']",ati s increase decrease,False,0,no_energy_or_zesco_terms,,False,0.3182,positive,0.3182,0.365,0.635,0.0,positive,0.3182,positive,False,0.0,,6,2,0.0,0.0,0.0,0.0,0.0,0.0,0.0,False,,0,0.0,0.0,0.0,0.0,0.0,0.0,0.0,0.0,0.0,0.0,0.0,0.0,0.0,negative,negative,negative,20260731T131008Z-568f92e6a00d,2026-07-31T13:10:09.211947+00:00
408819144761920,This is not the first time we are been load shedded in this country....i remember we were load shedded under PF for more than six months...load shedding has been here for less than one week and you are complaining already. buy solar or genset and stop complaining.,2026-05-04T13:54:42.207147+00:00,https://www.facebook.com/100064560977290/posts/6124054071047970/,This is not the first time we are been load shedded in this country....i remember we were load shedded under PF for more than six months...load shedding has been here for less than one week and you are complaining already. buy solar or genset and stop complaining.,this is not the first time we are been load shedded in this country i remember we were load shedded under pf for more than six months load shedding has been here for less than one week and you are complaining already buy solar or genset and stop complaining,49,,,,this is not the first time we are been load shedded in this country i remember we were load shedded under pf for more than six months load shedding has been here for less than one week and you are complaining already buy solar or genset and stop complaining,"['this', 'is', 'not', 'the', 'first', 'time', 'we', 'are', 'been', 'load', 'shedded', 'in', 'this', 'country', 'i', 'remember', 'we', 'were', 'load', 'shedded', 'under', 'pf', 'for', 'more', 'than', 'six', 'months', 'load', 'shedding', 'has', 'been', 'here', 'for', 'less', 'than', 'one', 'week', 'and', 'you', 'are', 'complaining', 'already', 'buy', 'solar', 'or', 'genset', 'and', 'stop', 'complaining']","['first', 'time', 'load', 'shedded', 'country', 'remember', 'load', 'shedded', 'under', 'pf', 'than', 'six', 'months', 'load', 'shedding', 'less', 'than', 'week', 'complaining', 'already', 'buy', 'solar', 'genset', 'stop', 'complaining']","['first', 'time', 'load', 'shedded', 'country', 'remember', 'load', 'shedded', 'under', 'pf', 'than', 'six', 'months', 'load', 'shedding', 'less', 'than', 'week', 'complaining', 'already', 'buy', 'solar', 'genset', 'stop', 'complaining']",first time load shedded country remember load shedded under pf than six months load shedding less than week complaining already buy solar genset stop complaining,True,10,matched_energy_terms,"genset,load shedding,solar",False,-0.5859,negative,-0.5859,0.0,0.884,0.116,negative,-0.5859,negative,False,0.0,,49,1,0.0,0.0204081632653061,0.0,0.0,0.0,0.0204081632653061,0.0,False,,0,0.0,0.0,0.0,0.0,0.0,0.0,0.0,0.0204081632653061,0.0,0.0,0.0,0.0204081632653061,0.0,negative,negative,neutral,20260731T131008Z-568f92e6a00d,2026-07-31T13:10:09.211947+00:00
1361256761308377,Oh I remember the tactics they are using they call it reverse reduction meaning you increase by 200% then you reduce by 100%.,2026-05-04T13:54:42.207154+00:00,https://www.facebook.com/100064560977290/posts/6124054071047970/,Oh I remember the tactics they are using they call it reverse reduction meaning you increase by 200% then you reduce by 100%.,oh i remember the tactics they are using they call it reverse reduction meaning you increase by 200 then you reduce by 100,23,,,,oh i remember the tactics they are using they call it reverse reduction meaning you increase by 200 then you reduce by 100,"['oh', 'i', 'remember', 'the', 'tactics', 'they', 'are', 'using', 'they', 'call', 'it', 'reverse', 'reduction', 'meaning', 'you', 'increase', 'by', '200', 'then', 'you', 'reduce', 'by', '100']","['oh', 'remember', 'tactics', 'using', 'call', 'reverse', 'reduction', 'meaning', 'increase', '200', 'reduce', '100']","['oh', 'remember', 'tactics', 'using', 'call', 'reverse', 'reduction', 'meaning', 'increase', '200', 'reduce', '100']",oh remember tactics using call reverse reduction meaning increase 200 reduce 100,False,0,no_energy_or_zesco_terms,,False,0.3182,positive,0.3182,0.099,0.901,0.0,positive,0.3182,positive,False,0.0,,23,2,0.0,0.0,0.0434782608695652,0.0434782608695652,0.0,0.0,0.0,False,,0,0.0,0.0,0.0,0.0,0.0,0.0,0.0,0.0,0.0434782608695652,0.0434782608695652,0.0,0.0,0.0,neutral,neutral,neutral,20260731T131008Z-568f92e6a00d,2026-07-31T13:10:09.211947+00:00
1539253826550352,I remember the prophecy of Joshua ignla after he said  he's gonna win but he's not David but Saul,2026-05-04T13:54:42.207159+00:00,https://www.facebook.com/100064560977290/posts/6124054071047970/,I remember the prophecy of Joshua ignla after he said  he's gonna win but he's not David but Saul,i remember the prophecy of joshua ignla after he said he s gonna win but he s not david but saul,21,,,,i remember the prophecy of joshua ignla after he said he s gonna win but he s not david but saul,"['i', 'remember', 'the', 'prophecy', 'of', 'joshua', 'ignla', 'after', 'he', 'said', 'he', 's', 'gonna', 'win', 'but', 'he', 's', 'not', 'david', 'but', 'saul']","['remember', 'prophecy', 'joshua', 'ignla', 'said', 's', 'gonna', 'win', 's', 'david', 'saul']","['remember', 'prophecy', 'joshua', 'ignla', 'said', 's', 'gonna', 'win', 's', 'david', 'saul']",remember prophecy joshua ignla said s gonna win s david saul,False,1,no_energy_or_zesco_terms,said,False,0.34,positive,0.34,0.124,0.876,0.0,positive,0.34,positive,False,0.0,,19,1,0.0,0.0526315789473684,0.0,0.0,0.0,0.0526315789473684,0.0,False,,0,0.0,0.0,0.0,0.0,0.0,0.0,0.0,0.0526315789473684,0.0,0.0,0.0,0.0526315789473684,0.0,negative,negative,negative,20260731T131008Z-568f92e6a00d,2026-07-31T13:10:09.211947+00:00
844750029934598,Mmmmm eya Mayo! So ati what have you done apapene! Anyway guys kuno ku Tee’s I’m even selling charcoal now so if you need malasha I’m available,2026-05-04T13:54:42.207165+00:00,https://www.facebook.com/100064560977290/posts/6124054071047970/,Mmmmm eya Mayo! So ati what have you done apapene! Anyway guys kuno ku Tee’s I’m even selling charcoal now so if you need malasha I’m available,mmmmm eya mayo so ati what have you done apapene anyway guys kuno ku tee’s i’m even selling charcoal now so if you need malasha i’m available,30,,,,mmmmm eya mayo so ati what have you done apapene anyway guys kuno ku tee’s i’m even selling charcoal now so if you need malasha i’m available,"['mmmmm', 'eya', 'mayo', 'so', 'ati', 'what', 'have', 'you', 'done', 'apapene', 'anyway', 'guys', 'kuno', 'ku', 'tee', 's', 'i', 'm', 'even', 'selling', 'charcoal', 'now', 'so', 'if', 'you', 'need', 'malasha', 'i', 'm', 'available']","['mmmmm', 'eya', 'mayo', 'ati', 'done', 'apapene', 'anyway', 'guys', 'kuno', 'ku', 'tee', 's', 'm', 'even', 'selling', 'charcoal', 'now', 'need', 'malasha', 'm', 'available']","['mmmmm', 'eya', 'mayo', 'ati', 'done', 'apapene', 'anyway', 'guys', 'kuno', 'ku', 'tee', 's', 'm', 'even', 'selling', 'charcoal', 'now', 'need', 'malasha', 'm', 'available']",mmmmm eya mayo ati done apapene anyway guys kuno ku tee s m even selling charcoal now need malasha m available,False,0,no_energy_or_zesco_terms,,False,0.0,neutral,0.0,0.0,1.0,0.0,neutral,0.0,neutral,False,0.0,,30,0,0.0,0.0,0.0,0.0,0.0,0.0,0.0,True,kuno,1,0.0,0.0,0.0,0.0,0.0,0.0,0.0,0.0,0.0,0.0,0.0,0.0,0.0,negative,negative,negative,20260731T131008Z-568f92e6a00d,2026-07-31T13:10:09.211947+00:00
879154983427096,"THIS is UPND Time but remember 2026 they will be on our home ground begging for mercy,,. We are watching",2026-05-04T13:54:42.207170+00:00,https://www.facebook.com/100064560977290/posts/6124054071047970/,"THIS is UPND Time but remember 2026 they will be on our home ground begging for mercy,,. We are watching",this is upnd time but remember 2026 they will be on our home ground begging for mercy we are watching,20,,,,this is upnd time but remember 2026 they will be on our home ground begging for mercy we are watching,"['this', 'is', 'upnd', 'time', 'but', 'remember', '2026', 'they', 'will', 'be', 'on', 'our', 'home', 'ground', 'begging', 'for', 'mercy', 'we', 'are', 'watching']","['upnd', 'time', 'remember', '2026', 'home', 'ground', 'begging', 'mercy', 'watching']","['upnd', 'time', 'remember', '2026', 'home', 'ground', 'begging', 'mercy', 'watching']",upnd time remember 2026 home ground begging mercy watching,False,0,no_energy_or_zesco_terms,,False,0.0,neutral,0.0,0.0,1.0,0.0,neutral,0.0,neutral,False,0.0,,20,4,0.0,0.05,0.0,0.05,0.0,0.05,0.0,False,,0,0.0,0.0,0.0,0.0,0.0,0.0,0.0,0.05,0.0,0.05,0.0,0.05,0.0,negative,positive,positive,20260731T131008Z-568f92e6a00d,2026-07-31T13:10:09.211947+00:00
1338452506889039,"Power went at 05:00 came back around 16:00, again went at 22:00, came back around 04:00, so apa I’m just working up kuma 07:00 yaya 😡😡. They’ll damage our properties!!",2026-05-04T13:54:42.207175+00:00,https://www.facebook.com/100064560977290/posts/6124054071047970/,"Power went at 05:00 came back around 16:00, again went at 22:00, came back around 04:00, so apa I’m just working up kuma 07:00 yaya 😡😡. They’ll damage our properties!!",power went at 05 00 came back around 16 00 again went at 22 00 came back around 04 00 so apa i’m just working up kuma 07 00 yaya 😡😡 they’ll damage our properties,36,,,,power went at 05 00 came back around 16 00 again went at 22 00 came back around 04 00 so apa i’m just working up kuma 07 00 yaya they’ll damage our properties,"['power', 'went', 'at', '05', '00', 'came', 'back', 'around', '16', '00', 'again', 'went', 'at', '22', '00', 'came', 'back', 'around', '04', '00', 'so', 'apa', 'i', 'm', 'just', 'working', 'up', 'kuma', '07', '00', 'yaya', 'they', 'll', 'damage', 'our', 'properties']","['power', 'went', '05', '00', 'came', 'back', 'around', '16', '00', 'went', '22', '00', 'came', 'back', 'around', '04', '00', 'apa', 'm', 'just', 'working', 'kuma', '07', '00', 'yaya', 'll', 'damage', 'properties']","['power', 'went', '05', '00', 'came', 'back', 'around', '16', '00', 'went', '22', '00', 'came', 'back', 'around', '04', '00', 'apa', 'm', 'just', 'working', 'kuma', '07', '00', 'yaya', 'll', 'damage', 'properties']",power went 05 00 came back around 16 00 went 22 00 came back around 04 00 apa m just working kuma 07 00 yaya ll damage properties,True,4,matched_energy_and_context_terms,"came,power",False,-0.5837,negative,-0.5837,0.0,0.885,0.115,negative,-0.5837,negative,False,0.0,,36,2,0.0277777777777777,0.0,0.0,0.0,0.0277777777777777,0.0,0.0277777777777777,False,,0,0.0,0.0,0.0,0.0,0.0,0.0,0.0277777777777777,0.0,0.0,0.0,0.0277777777777777,0.0,0.0277777777777777,negative,neutral,neutral,20260731T131008Z-568f92e6a00d,2026-07-31T13:10:09.211947+00:00
8497039393670777,"Nonsense, only those with limited reasoning will celebrate this , otherwise work done is equal to negative 0.",2026-05-04T13:54:42.207180+00:00,https://www.facebook.com/100064560977290/posts/6124054071047970/,"Nonsense, only those with limited reasoning will celebrate this , otherwise work done is equal to negative 0.",nonsense only those with limited reasoning will celebrate this otherwise work done is equal to negative 0,17,,,,nonsense only those with limited reasoning will celebrate this otherwise work done is equal to negative 0,"['nonsense', 'only', 'those', 'with', 'limited', 'reasoning', 'will', 'celebrate', 'this', 'otherwise', 'work', 'done', 'is', 'equal', 'to', 'negative', '0']","['nonsense', 'only', 'those', 'limited', 'reasoning', 'celebrate', 'otherwise', 'work', 'done', 'equal', 'negative', '0']","['nonsense', 'only', 'those', 'limited', 'reasoning', 'celebrate', 'otherwise', 'work', 'done', 'equal', 'negative', '0']",nonsense only those limited reasoning celebrate otherwise work done equal negative 0,False,0,no_energy_or_zesco_terms,,False,-0.5574,negative,-0.5574,0.148,0.52,0.332,negative,-0.5574,negative,False,0.0,,17,3,0.0588235294117647,0.0,0.0,0.0,0.1176470588235294,0.0,0.088235294117647,False,,0,0.0,0.0,0.0,0.0,0.0,0.0,0.0588235294117647,0.0,0.0,0.0,0.1176470588235294,0.0,0.088235294117647,negative,negative,negative,20260731T131008Z-568f92e6a00d,2026-07-31T13:10:09.211947+00:00
724725065639374,I went in a shop and asked for Chelsea jersey the salesman said I should come back when I'm serious.,2026-05-04T13:54:42.207185+00:00,https://www.facebook.com/100064560977290/posts/6124054071047970/,I went in a shop and asked for Chelsea jersey the salesman said I should come back when I'm serious.,i went in a shop and asked for chelsea jersey the salesman said i should come back when i m serious,21,,,,i went in a shop and asked for chelsea jersey the salesman said i should come back when i m serious,"['i', 'went', 'in', 'a', 'shop', 'and', 'asked', 'for', 'chelsea', 'jersey', 'the', 'salesman', 'said', 'i', 'should', 'come', 'back', 'when', 'i', 'm', 'serious']","['went', 'shop', 'asked', 'chelsea', 'jersey', 'salesman', 'said', 'should', 'come', 'back', 'm', 'serious']","['went', 'shop', 'asked', 'chelsea', 'jersey', 'salesman', 'said', 'should', 'come', 'back', 'm', 'serious']",went shop asked chelsea jersey salesman said should come back m serious,False,2,no_energy_or_zesco_terms,"come,said",False,-0.0772,negative,-0.0772,0.0,0.925,0.075,negative,-0.0772,negative,False,0.0,,20,0,0.0,0.0,0.0,0.0,0.0,0.0,0.0,False,,0,0.0,0.0,0.0,0.0,0.0,0.0,0.0,0.0,0.0,0.0,0.0,0.0,0.0,negative,negative,negative,20260731T131008Z-568f92e6a00d,2026-07-31T13:10:09.211947+00:00
976862873282333,Caroline Miyoba nchimwe buyo ncobeni...,2026-05-04T13:54:42.207190+00:00,https://www.facebook.com/100064560977290/posts/6124054071047970/,Caroline Miyoba nchimwe buyo ncobeni...,caroline miyoba nchimwe buyo ncobeni,5,,,,caroline miyoba nchimwe buyo ncobeni,"['caroline', 'miyoba', 'nchimwe', 'buyo', 'ncobeni']","['caroline', 'miyoba', 'nchimwe', 'buyo', 'ncobeni']","['caroline', 'miyoba', 'nchimwe', 'buyo', 'ncobeni']",caroline miyoba nchimwe buyo ncobeni,False,0,no_energy_or_zesco_terms,,False,0.0,neutral,0.0,0.0,1.0,0.0,neutral,0.0,neutral,False,0.0,,5,0,0.0,0.0,0.0,0.0,0.0,0.0,0.0,False,,0,0.0,0.0,0.0,0.0,0.0,0.0,0.0,0.0,0.0,0.0,0.0,0.0,0.0,negative,neutral,neutral,20260731T131008Z-568f92e6a00d,2026-07-31T13:10:09.211947+00:00
1338452506889039,Towera us it's 03:00 to 13:30 that same day again 17: 00 to 02: 39 next day,2026-05-04T13:54:42.207195+00:00,https://www.facebook.com/100064560977290/posts/6124054071047970/,Towera us it's 03:00 to 13:30 that same day again 17: 00 to 02: 39 next day,towera us it s 03 00 to 13 30 that same day again 17 00 to 02 39 next day,20,,,,towera us it s 03 00 to 13 30 that same day again 17 00 to 02 39 next day,"['towera', 'us', 'it', 's', '03', '00', 'to', '13', '30', 'that', 'same', 'day', 'again', '17', '00', 'to', '02', '39', 'next', 'day']","['towera', 'us', 's', '03', '00', '13', '30', 'same', 'day', '17', '00', '02', '39', 'next', 'day']","['towera', 'us', 's', '03', '00', '13', '30', 'same', 'day', '17', '00', '02', '39', 'next', 'day']",towera us s 03 00 13 30 same day 17 00 02 39 next day,False,0,no_energy_or_zesco_terms,,False,0.0,neutral,0.0,0.0,1.0,0.0,neutral,0.0,neutral,False,0.0,,19,0,0.0,0.0,0.0,0.0,0.0,0.0,0.0,False,,0,0.0,0.0,0.0,0.0,0.0,0.0,0.0,0.0,0.0,0.0,0.0,0.0,0.0,neutral,neutral,neutral,20260731T131008Z-568f92e6a00d,2026-07-31T13:10:09.211947+00:00
1338452506889039,Miche Warren's now can fridges survive?,2026-05-04T13:54:42.207200+00:00,https://www.facebook.com/100064560977290/posts/6124054071047970/,Miche Warren's now can fridges survive?,miche warren s now can fridges survive,7,,,,miche warren s now can fridges survive,"['miche', 'warren', 's', 'now', 'can', 'fridges', 'survive']","['miche', 'warren', 's', 'now', 'fridges', 'survive']","['miche', 'warren', 's', 'now', 'fridges', 'survive']",miche warren s now fridges survive,False,0,no_energy_or_zesco_terms,,False,0.0,neutral,0.0,0.0,1.0,0.0,neutral,0.0,neutral,False,0.0,,6,1,0.0,0.0,0.0,0.0,0.0,0.0,0.0,False,,0,0.0,0.0,0.0,0.0,0.0,0.0,0.0,0.0,0.0,0.0,0.0,0.0,0.0,neutral,neutral,neutral,20260731T131008Z-568f92e6a00d,2026-07-31T13:10:09.211947+00:00
1338452506889039,"Towera same here, it's went from 13 to 18 that same day again 23 to 05",2026-05-04T13:54:42.207204+00:00,https://www.facebook.com/100064560977290/posts/6124054071047970/,"Towera same here, it's went from 13 to 18 that same day again 23 to 05",towera same here it s went from 13 to 18 that same day again 23 to 05,17,,,,towera same here it s went from 13 to 18 that same day again 23 to 05,"['towera', 'same', 'here', 'it', 's', 'went', 'from', '13', 'to', '18', 'that', 'same', 'day', 'again', '23', 'to', '05']","['towera', 'same', 's', 'went', '13', '18', 'same', 'day', '23', '05']","['towera', 'same', 's', 'went', '13', '18', 'same', 'day', '23', '05']",towera same s went 13 18 same day 23 05,False,0,no_energy_or_zesco_terms,,False,0.0,neutral,0.0,0.0,1.0,0.0,neutral,0.0,neutral,False,0.0,,16,0,0.0,0.0,0.0,0.0,0.0,0.0,0.0,False,,0,0.0,0.0,0.0,0.0,0.0,0.0,0.0,0.0,0.0,0.0,0.0,0.0,0.0,neutral,neutral,neutral,20260731T131008Z-568f92e6a00d,2026-07-31T13:10:09.211947+00:00
1338452506889039,Buy fridge guard,2026-05-04T13:54:42.207208+00:00,https://www.facebook.com/100064560977290/posts/6124054071047970/,Buy fridge guard,buy fridge guard,3,,,,buy fridge guard,"['buy', 'fridge', 'guard']","['buy', 'fridge', 'guard']","['buy', 'fridge', 'guard']",buy fridge guard,False,0,no_energy_or_zesco_terms,,False,0.0,neutral,0.0,0.0,1.0,0.0,neutral,0.0,neutral,False,0.0,,3,1,0.0,0.0,0.3333333333333333,0.3333333333333333,0.0,0.0,0.0,False,,0,0.0,0.0,0.0,0.0,0.0,0.0,0.0,0.0,0.3333333333333333,0.3333333333333333,0.0,0.0,0.0,neutral,neutral,neutral,20260731T131008Z-568f92e6a00d,2026-07-31T13:10:09.211947+00:00
1338452506889039,"Towera same here it went at 6hrs came back at 13:30hrs but again it's gone at 20:30hrs,, don't know the 6hrs they are talking about🙄",2026-05-04T13:54:42.207213+00:00,https://www.facebook.com/100064560977290/posts/6124054071047970/,"Towera same here it went at 6hrs came back at 13:30hrs but again it's gone at 20:30hrs,, don't know the 6hrs they are talking about🙄",towera same here it went at 6hrs came back at 13 30hrs but again it s gone at 20 30hrs don t know the 6hrs they are talking about🙄,29,,,,towera same here it went at 6hrs came back at 13 30hrs but again it s gone at 20 30hrs don t know the 6hrs they are talking about,"['towera', 'same', 'here', 'it', 'went', 'at', '6hrs', 'came', 'back', 'at', '13', '30hrs', 'but', 'again', 'it', 's', 'gone', 'at', '20', '30hrs', 'don', 't', 'know', 'the', '6hrs', 'they', 'are', 'talking', 'about']","['towera', 'same', 'went', '6hrs', 'came', 'back', '13', '30hrs', 's', 'gone', '20', '30hrs', 'don', 't', 'know', '6hrs', 'talking']","['towera', 'same', 'went', '6hrs', 'came', 'back', '13', '30hrs', 's', 'gone', '20', '30hrs', 'don', 't', 'know', '6hrs', 'talking']",towera same went 6hrs came back 13 30hrs s gone 20 30hrs don t know 6hrs talking,False,2,no_energy_or_zesco_terms,"came,gone",False,0.0,neutral,0.0,0.0,1.0,0.0,neutral,0.0,neutral,False,0.0,,27,0,0.0,0.0,0.0,0.0,0.0,0.0,0.0,False,,0,0.0,0.0,0.0,0.0,0.0,0.0,0.0,0.0,0.0,0.0,0.0,0.0,0.0,neutral,neutral,neutral,20260731T131008Z-568f92e6a00d,2026-07-31T13:10:09.211947+00:00
1393778251401137,Tinnah Shenky Shugah so you thought they were jocking ai,2026-05-04T13:54:42.207218+00:00,https://www.facebook.com/100064560977290/posts/6124054071047970/,Tinnah Shenky Shugah so you thought they were jocking ai,tinnah shenky shugah so you thought they were jocking ai,10,,,,tinnah shenky shugah so you thought they were jocking ai,"['tinnah', 'shenky', 'shugah', 'so', 'you', 'thought', 'they', 'were', 'jocking', 'ai']","['tinnah', 'shenky', 'shugah', 'thought', 'jocking', 'ai']","['tinnah', 'shenky', 'shugah', 'thought', 'jocking', 'ai']",tinnah shenky shugah thought jocking ai,False,0,no_energy_or_zesco_terms,,False,0.0,neutral,0.0,0.0,1.0,0.0,neutral,0.0,neutral,False,0.0,,10,1,0.0,0.1,0.0,0.0,0.0,0.1,0.0,False,,0,0.0,0.0,0.0,0.0,0.0,0.0,0.0,0.1,0.0,0.0,0.0,0.1,0.0,negative,positive,positive,20260731T131008Z-568f92e6a00d,2026-07-31T13:10:09.211947+00:00
408819144761920,Felix Kumwamwasa bakamba finshi mulelanda namutupela indalama sha genset,2026-05-04T13:54:42.207223+00:00,https://www.facebook.com/100064560977290/posts/6124054071047970/,Felix Kumwamwasa bakamba finshi mulelanda namutupela indalama sha genset,felix kumwamwasa bakamba finshi mulelanda namutupela indalama sha genset,9,,,,felix kumwamwasa bakamba finshi mulelanda namutupela indalama sha genset,"['felix', 'kumwamwasa', 'bakamba', 'finshi', 'mulelanda', 'namutupela', 'indalama', 'sha', 'genset']","['felix', 'kumwamwasa', 'bakamba', 'finshi', 'mulelanda', 'namutupela', 'indalama', 'sha', 'genset']","['felix', 'kumwamwasa', 'bakamba', 'finshi', 'mulelanda', 'namutupela', 'indalama', 'sha', 'genset']",felix kumwamwasa bakamba finshi mulelanda namutupela indalama sha genset,True,3,matched_energy_terms,genset,False,0.0,neutral,0.0,0.0,1.0,0.0,neutral,0.0,neutral,False,0.0,,9,0,0.0,0.0,0.0,0.0,0.0,0.0,0.0,False,,0,0.0,0.0,0.0,0.0,0.0,0.0,0.0,0.0,0.0,0.0,0.0,0.0,0.0,neutral,neutral,neutral,20260731T131008Z-568f92e6a00d,2026-07-31T13:10:09.211947+00:00
408819144761920,Joshua Mukwemba who gives you money to buy Electricity units?,2026-05-04T13:54:42.207228+00:00,https://www.facebook.com/100064560977290/posts/6124054071047970/,Joshua Mukwemba who gives you money to buy Electricity units?,joshua mukwemba who gives you money to buy electricity units,10,,,,joshua mukwemba who gives you money to buy electricity units,"['joshua', 'mukwemba', 'who', 'gives', 'you', 'money', 'to', 'buy', 'electricity', 'units']","['joshua', 'mukwemba', 'gives', 'money', 'buy', 'electricity', 'units']","['joshua', 'mukwemba', 'gives', 'money', 'buy', 'electricity', 'units']",joshua mukwemba gives money buy electricity units,True,6,matched_energy_terms,"electricity,units",False,0.0,neutral,0.0,0.0,1.0,0.0,neutral,0.0,neutral,False,0.0,,10,2,0.1,0.1,0.0,0.1,0.0,0.1,0.05,False,,0,0.0,0.0,0.0,0.0,0.0,0.0,0.1,0.1,0.0,0.1,0.0,0.1,0.05,neutral,neutral,neutral,20260731T131008Z-568f92e6a00d,2026-07-31T13:10:09.211947+00:00
408819144761920,"Felix Kumwamwasa  I support you sir, load shedding was there even before upnd came into power, especially in Lusaka.",2026-05-04T13:54:42.207233+00:00,https://www.facebook.com/100064560977290/posts/6124054071047970/,"Felix Kumwamwasa  I support you sir, load shedding was there even before upnd came into power, especially in Lusaka.",felix kumwamwasa i support you sir load shedding was there even before upnd came into power especially in lusaka,19,,,,felix kumwamwasa i support you sir load shedding was there even before upnd came into power especially in lusaka,"['felix', 'kumwamwasa', 'i', 'support', 'you', 'sir', 'load', 'shedding', 'was', 'there', 'even', 'before', 'upnd', 'came', 'into', 'power', 'especially', 'in', 'lusaka']","['felix', 'kumwamwasa', 'support', 'sir', 'load', 'shedding', 'even', 'before', 'upnd', 'came', 'into', 'power', 'especially', 'lusaka']","['felix', 'kumwamwasa', 'support', 'sir', 'load', 'shedding', 'even', 'before', 'upnd', 'came', 'into', 'power', 'especially', 'lusaka']",felix kumwamwasa support sir load shedding even before upnd came into power especially lusaka,True,8,matched_energy_and_context_terms,"came,load shedding,power",False,0.4019,positive,0.4019,0.137,0.863,0.0,positive,0.4019,positive,False,0.0,,19,1,0.0,0.0,0.0,0.0526315789473684,0.0,0.0,0.0,False,,0,0.0,0.0,0.0,0.0,0.0,0.0,0.0,0.0,0.0,0.0526315789473684,0.0,0.0,0.0,neutral,neutral,neutral,20260731T131008Z-568f92e6a00d,2026-07-31T13:10:09.211947+00:00
408819144761920,Phenia Chikakaila Exactly....all we have to do is understand that this too shall pass.,2026-05-04T13:54:42.207238+00:00,https://www.facebook.com/100064560977290/posts/6124054071047970/,Phenia Chikakaila Exactly....all we have to do is understand that this too shall pass.,phenia chikakaila exactly all we have to do is understand that this too shall pass,15,,,,phenia chikakaila exactly all we have to do is understand that this too shall pass,"['phenia', 'chikakaila', 'exactly', 'all', 'we', 'have', 'to', 'do', 'is', 'understand', 'that', 'this', 'too', 'shall', 'pass']","['phenia', 'chikakaila', 'exactly', 'understand', 'too', 'shall', 'pass']","['phenia', 'chikakaila', 'exactly', 'understand', 'too', 'shall', 'pass']",phenia chikakaila exactly understand too shall pass,False,0,no_energy_or_zesco_terms,,False,0.0,neutral,0.0,0.0,1.0,0.0,neutral,0.0,neutral,False,0.0,,15,0,0.0,0.0,0.0,0.0,0.0,0.0,0.0,False,,0,0.0,0.0,0.0,0.0,0.0,0.0,0.0,0.0,0.0,0.0,0.0,0.0,0.0,negative,neutral,neutral,20260731T131008Z-568f92e6a00d,2026-07-31T13:10:09.211947+00:00
408819144761920,"Felix Kumwamwasa don't forget people voted out PF because HH promised to change this issue of load shedding, he was busy telling people ati it's not acceptable or you were not following?",2026-05-04T13:54:42.207242+00:00,https://www.facebook.com/100064560977290/posts/6124054071047970/,"Felix Kumwamwasa don't forget people voted out PF because HH promised to change this issue of load shedding, he was busy telling people ati it's not acceptable or you were not following?",felix kumwamwasa don t forget people voted out pf because hh promised to change this issue of load shedding he was busy telling people ati it s not acceptable or you were not following,34,,,,felix kumwamwasa don t forget people voted out pf because hh promised to change this issue of load shedding he was busy telling people ati it s not acceptable or you were not following,"['felix', 'kumwamwasa', 'don', 't', 'forget', 'people', 'voted', 'out', 'pf', 'because', 'hh', 'promised', 'to', 'change', 'this', 'issue', 'of', 'load', 'shedding', 'he', 'was', 'busy', 'telling', 'people', 'ati', 'it', 's', 'not', 'acceptable', 'or', 'you', 'were', 'not', 'following']","['felix', 'kumwamwasa', 'don', 't', 'forget', 'people', 'voted', 'pf', 'because', 'hh', 'promised', 'change', 'issue', 'load', 'shedding', 'busy', 'telling', 'people', 'ati', 's', 'acceptable', 'following']","['felix', 'kumwamwasa', 'don', 't', 'forget', 'people', 'voted', 'pf', 'because', 'hh', 'promised', 'change', 'issue', 'load', 'shedding', 'busy', 'telling', 'people', 'ati', 's', 'acceptable', 'following']",felix kumwamwasa don t forget people voted pf because hh promised change issue load shedding busy telling people ati s acceptable following,True,5,matched_energy_terms,"load shedding,promised",True,0.2969,positive,0.2969,0.119,0.826,0.056,negative,0.2969,negative,False,0.0,,32,3,0.0,0.0,0.03125,0.0,0.0,0.0,0.0,False,,0,0.0,0.0,0.0,0.0,0.0,0.0,0.0,0.0,0.03125,0.0,0.0,0.0,0.0,negative,negative,positive,20260731T131008Z-568f92e6a00d,2026-07-31T13:10:09.211947+00:00
408819144761920,Nickter Shartel Chanda Ask him.....,2026-05-04T13:54:42.207247+00:00,https://www.facebook.com/100064560977290/posts/6124054071047970/,Nickter Shartel Chanda Ask him.....,nickter shartel chanda ask him,5,,,,nickter shartel chanda ask him,"['nickter', 'shartel', 'chanda', 'ask', 'him']","['nickter', 'shartel', 'chanda', 'ask']","['nickter', 'shartel', 'chanda', 'ask']",nickter shartel chanda ask,False,0,no_energy_or_zesco_terms,,False,0.0,neutral,0.0,0.0,1.0,0.0,neutral,0.0,neutral,False,0.0,,5,0,0.0,0.0,0.0,0.0,0.0,0.0,0.0,False,,0,0.0,0.0,0.0,0.0,0.0,0.0,0.0,0.0,0.0,0.0,0.0,0.0,0.0,neutral,neutral,neutral,20260731T131008Z-568f92e6a00d,2026-07-31T13:10:09.211947+00:00
879154983427096,Frank Banda No mercy in 2026,2026-05-04T13:54:42.207252+00:00,https://www.facebook.com/100064560977290/posts/6124054071047970/,Frank Banda No mercy in 2026,frank banda no mercy in 2026,6,,,,frank banda no mercy in 2026,"['frank', 'banda', 'no', 'mercy', 'in', '2026']","['frank', 'banda', 'mercy', '2026']","['frank', 'banda', 'mercy', '2026']",frank banda mercy 2026,False,0,no_energy_or_zesco_terms,,False,0.0772,positive,0.0772,0.287,0.46,0.253,positive,0.0772,positive,False,0.0,,6,2,0.0,0.0,0.0,0.1666666666666666,0.0,0.0,0.0,False,,0,0.0,0.0,0.0,0.0,0.0,0.0,0.0,0.0,0.0,0.1666666666666666,0.0,0.0,0.0,positive,positive,positive,20260731T131008Z-568f92e6a00d,2026-07-31T13:10:09.211947+00:00
879154983427096,Frank Banda Imwe this is not the first time we are been load shedded in this country....i remember we were load shedded under PF for more than six months...load shedding has been here for less than one week and you are complaining already. buy solar or genset and stop complaining.,2026-05-04T13:54:42.207256+00:00,https://www.facebook.com/100064560977290/posts/6124054071047970/,Frank Banda Imwe this is not the first time we are been load shedded in this country....i remember we were load shedded under PF for more than six months...load shedding has been here for less than one week and you are complaining already. buy solar or genset and stop complaining.,frank banda imwe this is not the first time we are been load shedded in this country i remember we were load shedded under pf for more than six months load shedding has been here for less than one week and you are complaining already buy solar or genset and stop complaining,52,,,,frank banda imwe this is not the first time we are been load shedded in this country i remember we were load shedded under pf for more than six months load shedding has been here for less than one week and you are complaining already buy solar or genset and stop complaining,"['frank', 'banda', 'imwe', 'this', 'is', 'not', 'the', 'first', 'time', 'we', 'are', 'been', 'load', 'shedded', 'in', 'this', 'country', 'i', 'remember', 'we', 'were', 'load', 'shedded', 'under', 'pf', 'for', 'more', 'than', 'six', 'months', 'load', 'shedding', 'has', 'been', 'here', 'for', 'less', 'than', 'one', 'week', 'and', 'you', 'are', 'complaining', 'already', 'buy', 'solar', 'or', 'genset', 'and', 'stop', 'complaining']","['frank', 'banda', 'imwe', 'first', 'time', 'load', 'shedded', 'country', 'remember', 'load', 'shedded', 'under', 'pf', 'than', 'six', 'months', 'load', 'shedding', 'less', 'than', 'week', 'complaining', 'already', 'buy', 'solar', 'genset', 'stop', 'complaining']","['frank', 'banda', 'imwe', 'first', 'time', 'load', 'shedded', 'country', 'remember', 'load', 'shedded', 'under', 'pf', 'than', 'six', 'months', 'load', 'shedding', 'less', 'than', 'week', 'complaining', 'already', 'buy', 'solar', 'genset', 'stop', 'complaining']",frank banda imwe first time load shedded country remember load shedded under pf than six months load shedding less than week complaining already buy solar genset stop complaining,True,10,matched_energy_terms,"genset,load shedding,solar",False,-0.5859,negative,-0.5859,0.0,0.89,0.11,negative,-0.5859,negative,False,0.0,,52,2,0.0,0.0192307692307692,0.0,0.0192307692307692,0.0,0.0192307692307692,0.0,True,imwe,1,0.3,0.0,0.0,0.0,0.1,0.4,0.3,0.0192307692307692,0.0,0.0192307692307692,0.1,0.0192307692307692,0.4,negative,negative,positive,20260731T131008Z-568f92e6a00d,2026-07-31T13:10:09.211947+00:00
879154983427096,Elizabeth Mwanza but why insult me ai?,2026-05-04T13:54:42.207261+00:00,https://www.facebook.com/100064560977290/posts/6124054071047970/,Elizabeth Mwanza but why insult me ai?,elizabeth mwanza but why insult me ai,7,,,,elizabeth mwanza but why insult me ai,"['elizabeth', 'mwanza', 'but', 'why', 'insult', 'me', 'ai']","['elizabeth', 'mwanza', 'insult', 'ai']","['elizabeth', 'mwanza', 'insult', 'ai']",elizabeth mwanza insult ai,False,0,no_energy_or_zesco_terms,,False,-0.6652,negative,-0.6652,0.0,0.574,0.426,negative,-0.6652,negative,False,0.0,,7,1,0.1428571428571428,0.0,0.0,0.0,0.1428571428571428,0.0,0.1428571428571428,False,,0,0.0,0.0,0.0,0.0,0.0,0.0,0.1428571428571428,0.0,0.0,0.0,0.1428571428571428,0.0,0.1428571428571428,positive,neutral,neutral,20260731T131008Z-568f92e6a00d,2026-07-31T13:10:09.211947+00:00
879154983427096,Elizabeth Mwanza I feel sorry for your husband for Marrying an empty tin who can't even brain storm,2026-05-04T13:54:42.207267+00:00,https://www.facebook.com/100064560977290/posts/6124054071047970/,Elizabeth Mwanza I feel sorry for your husband for Marrying an empty tin who can't even brain storm,elizabeth mwanza i feel sorry for your husband for marrying an empty tin who can t even brain storm,19,,,,elizabeth mwanza i feel sorry for your husband for marrying an empty tin who can t even brain storm,"['elizabeth', 'mwanza', 'i', 'feel', 'sorry', 'for', 'your', 'husband', 'for', 'marrying', 'an', 'empty', 'tin', 'who', 'can', 't', 'even', 'brain', 'storm']","['elizabeth', 'mwanza', 'feel', 'sorry', 'husband', 'marrying', 'empty', 'tin', 't', 'even', 'brain', 'storm']","['elizabeth', 'mwanza', 'feel', 'sorry', 'husband', 'marrying', 'empty', 'tin', 't', 'even', 'brain', 'storm']",elizabeth mwanza feel sorry husband marrying empty tin t even brain storm,False,0,no_energy_or_zesco_terms,,False,-0.2732,negative,-0.2732,0.0,0.829,0.171,negative,-0.2732,negative,False,0.0,,18,1,0.0555555555555555,0.0,0.0,0.0,0.0,0.0,0.0277777777777777,False,,0,0.0,0.0,0.0,0.0,0.0,0.0,0.0555555555555555,0.0,0.0,0.0,0.0,0.0,0.0277777777777777,negative,negative,negative,20260731T131008Z-568f92e6a00d,2026-07-31T13:10:09.211947+00:00
879154983427096,"Felix Kumwamwasa the truth hurts I Repeat 2026 it will be home ground,,

We know that no Mount of tears we can drop 💧 we can not Heard no matter how louder we can cry,, but ballot 🗳️ paper will speak the only language The will hear from a meanwell citizen of this beautiful mother Zambia",2026-05-04T13:54:42.207272+00:00,https://www.facebook.com/100064560977290/posts/6124054071047970/,"Felix Kumwamwasa the truth hurts I Repeat 2026 it will be home ground,,

We know that no Mount of tears we can drop 💧 we can not Heard no matter how louder we can cry,, but ballot 🗳️ paper will speak the only language The will hear from a meanwell citizen of this beautiful mother Zambia",felix kumwamwasa the truth hurts i repeat 2026 it will be home ground we know that no mount of tears we can drop 💧 we can not heard no matter how louder we can cry but ballot 🗳️ paper will speak the only language the will hear from a meanwell citizen of this beautiful mother zambia,54,,,,felix kumwamwasa the truth hurts i repeat 2026 it will be home ground we know that no mount of tears we can drop we can not heard no matter how louder we can cry but ballot ️ paper will speak the only language the will hear from a meanwell citizen of this beautiful mother zambia,"['felix', 'kumwamwasa', 'the', 'truth', 'hurts', 'i', 'repeat', '2026', 'it', 'will', 'be', 'home', 'ground', 'we', 'know', 'that', 'no', 'mount', 'of', 'tears', 'we', 'can', 'drop', 'we', 'can', 'not', 'heard', 'no', 'matter', 'how', 'louder', 'we', 'can', 'cry', 'but', 'ballot', 'paper', 'will', 'speak', 'the', 'only', 'language', 'the', 'will', 'hear', 'from', 'a', 'meanwell', 'citizen', 'of', 'this', 'beautiful', 'mother', 'zambia']","['felix', 'kumwamwasa', 'truth', 'hurts', 'repeat', '2026', 'home', 'ground', 'know', 'mount', 'tears', 'drop', 'heard', 'matter', 'how', 'louder', 'cry', 'ballot', 'paper', 'speak', 'only', 'language', 'hear', 'meanwell', 'citizen', 'beautiful', 'mother', 'zambia']","['felix', 'kumwamwasa', 'truth', 'hurts', 'repeat', '2026', 'home', 'ground', 'know', 'mount', 'tears', 'drop', 'heard', 'matter', 'how', 'louder', 'cry', 'ballot', 'paper', 'speak', 'only', 'language', 'hear', 'meanwell', 'citizen', 'beautiful', 'mother', 'zambia']",felix kumwamwasa truth hurts repeat 2026 home ground know mount tears drop heard matter how louder cry ballot paper speak only language hear meanwell citizen beautiful mother zambia,False,0,no_energy_or_zesco_terms,,False,0.586,positive,0.586,0.13,0.721,0.149,positive,0.586,positive,False,0.0,,54,7,0.0,0.037037037037037,0.0,0.074074074074074,0.037037037037037,0.037037037037037,0.0185185185185185,False,,0,0.0,0.0,0.0,0.0,0.0,0.0,0.0,0.037037037037037,0.0,0.074074074074074,0.037037037037037,0.037037037037037,0.0185185185185185,negative,negative,negative,20260731T131008Z-568f92e6a00d,2026-07-31T13:10:09.211947+00:00
879154983427096,"Nelly Daka you are right no mercy,, The some way we have been told to fimba then after be bursted,,",2026-05-04T13:54:42.207276+00:00,https://www.facebook.com/100064560977290/posts/6124054071047970/,"Nelly Daka you are right no mercy,, The some way we have been told to fimba then after be bursted,,",nelly daka you are right no mercy the some way we have been told to fimba then after be bursted,20,,,,nelly daka you are right no mercy the some way we have been told to fimba then after be bursted,"['nelly', 'daka', 'you', 'are', 'right', 'no', 'mercy', 'the', 'some', 'way', 'we', 'have', 'been', 'told', 'to', 'fimba', 'then', 'after', 'be', 'bursted']","['nelly', 'daka', 'right', 'mercy', 'way', 'told', 'fimba', 'bursted']","['nelly', 'daka', 'right', 'mercy', 'way', 'told', 'fimba', 'bursted']",nelly daka right mercy way told fimba bursted,False,0,no_energy_or_zesco_terms,,False,-0.296,negative,-0.296,0.0,0.896,0.104,negative,-0.296,negative,False,0.0,,20,1,0.0,0.0,0.0,0.0,0.0,0.0,0.0,False,,0,0.0,0.0,0.0,0.0,0.0,0.0,0.0,0.0,0.0,0.0,0.0,0.0,0.0,positive,positive,positive,20260731T131008Z-568f92e6a00d,2026-07-31T13:10:09.211947+00:00
879154983427096,Felix Kumwamwasa its  true  my  brother  some  people  think  they  are clever  then  others. The problem  is that we only look for the bad part  not good  part nowonder they kill each other.,2026-05-04T13:54:42.207281+00:00,https://www.facebook.com/100064560977290/posts/6124054071047970/,Felix Kumwamwasa its  true  my  brother  some  people  think  they  are clever  then  others. The problem  is that we only look for the bad part  not good  part nowonder they kill each other.,felix kumwamwasa its true my brother some people think they are clever then others the problem is that we only look for the bad part not good part nowonder they kill each other,33,,,,felix kumwamwasa its true my brother some people think they are clever then others the problem is that we only look for the bad part not good part nowonder they kill each other,"['felix', 'kumwamwasa', 'its', 'true', 'my', 'brother', 'some', 'people', 'think', 'they', 'are', 'clever', 'then', 'others', 'the', 'problem', 'is', 'that', 'we', 'only', 'look', 'for', 'the', 'bad', 'part', 'not', 'good', 'part', 'nowonder', 'they', 'kill', 'each', 'other']","['felix', 'kumwamwasa', 'true', 'brother', 'people', 'think', 'clever', 'others', 'problem', 'only', 'look', 'bad', 'part', 'good', 'part', 'nowonder', 'kill', 'each', 'other']","['felix', 'kumwamwasa', 'true', 'brother', 'people', 'think', 'clever', 'others', 'problem', 'only', 'look', 'bad', 'part', 'good', 'part', 'nowonder', 'kill', 'each', 'other']",felix kumwamwasa true brother people think clever others problem only look bad part good part nowonder kill each other,False,0,no_energy_or_zesco_terms,,False,-0.8179,negative,-0.8179,0.126,0.586,0.289,negative,-0.8179,negative,False,0.0,,33,7,0.0303030303030303,0.0303030303030303,0.0909090909090909,0.0909090909090909,0.0909090909090909,0.0303030303030303,0.0606060606060606,False,,0,0.0,0.0,0.0,0.0,0.0,0.0,0.0303030303030303,0.0303030303030303,0.0909090909090909,0.0909090909090909,0.0909090909090909,0.0303030303030303,0.0606060606060606,positive,positive,positive,20260731T131008Z-568f92e6a00d,2026-07-31T13:10:09.211947+00:00
879154983427096,Don't tell me that you were deaf and blind when (public failures pf) were in power,2026-05-04T13:54:42.207286+00:00,https://www.facebook.com/100064560977290/posts/6124054071047970/,Don't tell me that you were deaf and blind when (public failures pf) were in power,don t tell me that you were deaf and blind when public failures pf were in power,17,,,,don t tell me that you were deaf and blind when public failures pf were in power,"['don', 't', 'tell', 'me', 'that', 'you', 'were', 'deaf', 'and', 'blind', 'when', 'public', 'failures', 'pf', 'were', 'in', 'power']","['don', 't', 'tell', 'deaf', 'blind', 'public', 'failures', 'pf', 'power']","['don', 't', 'tell', 'deaf', 'blind', 'public', 'failures', 'pf', 'power']",don t tell deaf blind public failures pf power,True,3,matched_energy_terms,power,False,-0.6908,negative,-0.6908,0.0,0.711,0.289,negative,-0.6908,negative,False,0.0,,16,3,0.0,0.0625,0.0,0.0,0.0,0.0625,0.0,False,,0,0.0,0.0,0.0,0.0,0.0,0.0,0.0,0.0625,0.0,0.0,0.0,0.0625,0.0,positive,positive,positive,20260731T131008Z-568f92e6a00d,2026-07-31T13:10:09.211947+00:00
879154983427096,Frank Banda yes I agree with you,2026-05-04T13:54:42.207291+00:00,https://www.facebook.com/100064560977290/posts/6124054071047970/,Frank Banda yes I agree with you,frank banda yes i agree with you,7,,,,frank banda yes i agree with you,"['frank', 'banda', 'yes', 'i', 'agree', 'with', 'you']","['frank', 'banda', 'yes', 'agree']","['frank', 'banda', 'yes', 'agree']",frank banda yes agree,False,0,no_energy_or_zesco_terms,,False,0.6369,positive,0.6369,0.565,0.435,0.0,positive,0.6369,positive,False,0.0,,7,2,0.0,0.0,0.0,0.1428571428571428,0.0,0.0,0.0,False,,0,0.0,0.0,0.0,0.0,0.0,0.0,0.0,0.0,0.0,0.1428571428571428,0.0,0.0,0.0,positive,positive,positive,20260731T131008Z-568f92e6a00d,2026-07-31T13:10:09.211947+00:00
879154983427096,"Esther Mangala Yes baka fimba baka poka,,",2026-05-04T13:54:42.207295+00:00,https://www.facebook.com/100064560977290/posts/6124054071047970/,"Esther Mangala Yes baka fimba baka poka,,",esther mangala yes baka fimba baka poka,7,,,,esther mangala yes baka fimba baka poka,"['esther', 'mangala', 'yes', 'baka', 'fimba', 'baka', 'poka']","['esther', 'mangala', 'yes', 'baka', 'fimba', 'baka', 'poka']","['esther', 'mangala', 'yes', 'baka', 'fimba', 'baka', 'poka']",esther mangala yes baka fimba baka poka,False,0,no_energy_or_zesco_terms,,False,0.4019,positive,0.4019,0.31,0.69,0.0,positive,0.4019,positive,False,0.0,,7,0,0.0,0.0,0.0,0.0,0.0,0.0,0.0,False,,0,0.0,0.0,0.0,0.0,0.0,0.0,0.0,0.0,0.0,0.0,0.0,0.0,0.0,positive,positive,positive,20260731T131008Z-568f92e6a00d,2026-07-31T13:10:09.211947+00:00
1539253826550352,Isaac Zulu i miss that prophecy,2026-05-04T13:54:42.207310+00:00,https://www.facebook.com/100064560977290/posts/6124054071047970/,Isaac Zulu i miss that prophecy,isaac zulu i miss that prophecy,6,,,,isaac zulu i miss that prophecy,"['isaac', 'zulu', 'i', 'miss', 'that', 'prophecy']","['isaac', 'zulu', 'miss', 'prophecy']","['isaac', 'zulu', 'miss', 'prophecy']",isaac zulu miss prophecy,False,0,no_energy_or_zesco_terms,,False,-0.1531,negative,-0.1531,0.0,0.714,0.286,negative,-0.1531,negative,False,0.0,,6,1,0.0,0.1666666666666666,0.0,0.0,0.0,0.1666666666666666,0.0,False,,0,0.0,0.0,0.0,0.0,0.0,0.0,0.0,0.1666666666666666,0.0,0.0,0.0,0.1666666666666666,0.0,neutral,neutral,neutral,20260731T131008Z-568f92e6a00d,2026-07-31T13:10:09.211947+00:00
1539253826550352,Isaac Zulu so you take these papas seriously? In Nigeria they're having elections in February but all papas are quiet because people of Nigeria know that they're conmen...,2026-05-04T13:54:42.207315+00:00,https://www.facebook.com/100064560977290/posts/6124054071047970/,Isaac Zulu so you take these papas seriously? In Nigeria they're having elections in February but all papas are quiet because people of Nigeria know that they're conmen...,isaac zulu so you take these papas seriously in nigeria they re having elections in february but all papas are quiet because people of nigeria know that they re conmen,30,,,,isaac zulu so you take these papas seriously in nigeria they re having elections in february but all papas are quiet because people of nigeria know that they re conmen,"['isaac', 'zulu', 'so', 'you', 'take', 'these', 'papas', 'seriously', 'in', 'nigeria', 'they', 're', 'having', 'elections', 'in', 'february', 'but', 'all', 'papas', 'are', 'quiet', 'because', 'people', 'of', 'nigeria', 'know', 'that', 'they', 're', 'conmen']","['isaac', 'zulu', 'take', 'papas', 'seriously', 'nigeria', 're', 'having', 'elections', 'february', 'papas', 'quiet', 'because', 'people', 'nigeria', 'know', 're', 'conmen']","['isaac', 'zulu', 'take', 'papas', 'seriously', 'nigeria', 're', 'having', 'elections', 'february', 'papas', 'quiet', 'because', 'people', 'nigeria', 'know', 're', 'conmen']",isaac zulu take papas seriously nigeria re having elections february papas quiet because people nigeria know re conmen,False,0,no_energy_or_zesco_terms,,False,-0.09,negative,-0.09,0.0,0.952,0.048,negative,-0.09,negative,False,0.0,,28,1,0.0,0.0,0.0,0.0,0.0357142857142857,0.0,0.0178571428571428,False,,0,0.0,0.0,0.0,0.0,0.0,0.0,0.0,0.0,0.0,0.0,0.0357142857142857,0.0,0.0178571428571428,neutral,neutral,neutral,20260731T131008Z-568f92e6a00d,2026-07-31T13:10:09.211947+00:00
1539253826550352,Aimed Kahama Omar same here🥺 that's why God was avoiding him on the previous elections,2026-05-04T13:54:42.207320+00:00,https://www.facebook.com/100064560977290/posts/6124054071047970/,Aimed Kahama Omar same here🥺 that's why God was avoiding him on the previous elections,aimed kahama omar same here🥺 that s why god was avoiding him on the previous elections,16,,,,aimed kahama omar same here that s why god was avoiding him on the previous elections,"['aimed', 'kahama', 'omar', 'same', 'here', 'that', 's', 'why', 'god', 'was', 'avoiding', 'him', 'on', 'the', 'previous', 'elections']","['aimed', 'kahama', 'omar', 'same', 's', 'god', 'avoiding', 'previous', 'elections']","['aimed', 'kahama', 'omar', 'same', 's', 'god', 'avoiding', 'previous', 'elections']",aimed kahama omar same s god avoiding previous elections,False,0,no_energy_or_zesco_terms,,False,-0.0772,negative,-0.0772,0.12,0.743,0.137,negative,-0.0772,negative,False,0.0,,15,2,0.0,0.0666666666666666,0.1333333333333333,0.0666666666666666,0.0,0.0666666666666666,0.0,False,,0,0.0,0.0,0.0,0.0,0.0,0.0,0.0,0.0666666666666666,0.1333333333333333,0.0666666666666666,0.0,0.0666666666666666,0.0,positive,positive,positive,20260731T131008Z-568f92e6a00d,2026-07-31T13:10:09.211947+00:00
1539253826550352,Isaac Zulu what did saul do,2026-05-04T13:54:42.207326+00:00,https://www.facebook.com/100064560977290/posts/6124054071047970/,Isaac Zulu what did saul do,isaac zulu what did saul do,6,,,,isaac zulu what did saul do,"['isaac', 'zulu', 'what', 'did', 'saul', 'do']","['isaac', 'zulu', 'saul']","['isaac', 'zulu', 'saul']",isaac zulu saul,False,0,no_energy_or_zesco_terms,,False,0.0,neutral,0.0,0.0,1.0,0.0,neutral,0.0,neutral,False,0.0,,6,0,0.0,0.0,0.0,0.0,0.0,0.0,0.0,False,,0,0.0,0.0,0.0,0.0,0.0,0.0,0.0,0.0,0.0,0.0,0.0,0.0,0.0,neutral,neutral,neutral,20260731T131008Z-568f92e6a00d,2026-07-31T13:10:09.211947+00:00
1539253826550352,Chishiba Jackie who appointed saul to the throne,2026-05-04T13:54:42.207330+00:00,https://www.facebook.com/100064560977290/posts/6124054071047970/,Chishiba Jackie who appointed saul to the throne,chishiba jackie who appointed saul to the throne,8,,,,chishiba jackie who appointed saul to the throne,"['chishiba', 'jackie', 'who', 'appointed', 'saul', 'to', 'the', 'throne']","['chishiba', 'jackie', 'appointed', 'saul', 'throne']","['chishiba', 'jackie', 'appointed', 'saul', 'throne']",chishiba jackie appointed saul throne,False,0,no_energy_or_zesco_terms,,False,0.0,neutral,0.0,0.0,1.0,0.0,neutral,0.0,neutral,False,0.0,,8,1,0.0,0.0,0.0,0.125,0.0,0.0,0.0,False,,0,0.0,0.0,0.0,0.0,0.0,0.0,0.0,0.0,0.0,0.125,0.0,0.0,0.0,negative,neutral,neutral,20260731T131008Z-568f92e6a00d,2026-07-31T13:10:09.211947+00:00
1539253826550352,"Isaac Zulu u are lying and stop misleading people, Joshua ignla never said that, th prophet only said HH is destined to be th president of Zambia.",2026-05-04T13:54:42.207336+00:00,https://www.facebook.com/100064560977290/posts/6124054071047970/,"Isaac Zulu u are lying and stop misleading people, Joshua ignla never said that, th prophet only said HH is destined to be th president of Zambia.",isaac zulu u are lying and stop misleading people joshua ignla never said that th prophet only said hh is destined to be th president of zambia,27,,,,isaac zulu u are lying and stop misleading people joshua ignla never said that th prophet only said hh is destined to be th president of zambia,"['isaac', 'zulu', 'u', 'are', 'lying', 'and', 'stop', 'misleading', 'people', 'joshua', 'ignla', 'never', 'said', 'that', 'th', 'prophet', 'only', 'said', 'hh', 'is', 'destined', 'to', 'be', 'th', 'president', 'of', 'zambia']","['isaac', 'zulu', 'u', 'lying', 'stop', 'misleading', 'people', 'joshua', 'ignla', 'never', 'said', 'th', 'prophet', 'only', 'said', 'hh', 'destined', 'th', 'president', 'zambia']","['isaac', 'zulu', 'u', 'lying', 'stop', 'misleading', 'people', 'joshua', 'ignla', 'never', 'said', 'th', 'prophet', 'only', 'said', 'hh', 'destined', 'th', 'president', 'zambia']",isaac zulu u lying stop misleading people joshua ignla never said th prophet only said hh destined th president zambia,False,1,no_energy_or_zesco_terms,said,False,-0.8074,negative,-0.8074,0.0,0.735,0.265,negative,-0.8074,negative,False,0.0,,27,5,0.074074074074074,0.074074074074074,0.0,0.074074074074074,0.0,0.074074074074074,0.037037037037037,False,,0,0.0,0.0,0.0,0.0,0.0,0.0,0.074074074074074,0.074074074074074,0.0,0.074074074074074,0.0,0.074074074074074,0.037037037037037,neutral,neutral,neutral,20260731T131008Z-568f92e6a00d,2026-07-31T13:10:09.211947+00:00
1539253826550352,Isaac Zulu true,2026-05-04T13:54:42.207340+00:00,https://www.facebook.com/100064560977290/posts/6124054071047970/,Isaac Zulu true,isaac zulu true,3,,,,isaac zulu true,"['isaac', 'zulu', 'true']","['isaac', 'zulu', 'true']","['isaac', 'zulu', 'true']",isaac zulu true,False,0,no_energy_or_zesco_terms,,False,0.4215,positive,0.4215,0.583,0.417,0.0,positive,0.4215,positive,False,0.0,,3,1,0.0,0.0,0.0,0.3333333333333333,0.0,0.0,0.0,False,,0,0.0,0.0,0.0,0.0,0.0,0.0,0.0,0.0,0.0,0.3333333333333333,0.0,0.0,0.0,neutral,neutral,neutral,20260731T131008Z-568f92e6a00d,2026-07-31T13:10:09.211947+00:00
1539253826550352,"Ann Hamatu Mulenga he mentioned it in his prophecy,,",2026-05-04T13:54:42.207345+00:00,https://www.facebook.com/100064560977290/posts/6124054071047970/,"Ann Hamatu Mulenga he mentioned it in his prophecy,,",ann hamatu mulenga he mentioned it in his prophecy,9,,,,ann hamatu mulenga he mentioned it in his prophecy,"['ann', 'hamatu', 'mulenga', 'he', 'mentioned', 'it', 'in', 'his', 'prophecy']","['ann', 'hamatu', 'mulenga', 'mentioned', 'prophecy']","['ann', 'hamatu', 'mulenga', 'mentioned', 'prophecy']",ann hamatu mulenga mentioned prophecy,False,0,no_energy_or_zesco_terms,,False,0.0,neutral,0.0,0.0,1.0,0.0,neutral,0.0,neutral,False,0.0,,9,1,0.0,0.1111111111111111,0.0,0.0,0.0,0.1111111111111111,0.0,False,,0,0.0,0.0,0.0,0.0,0.0,0.0,0.0,0.1111111111111111,0.0,0.0,0.0,0.1111111111111111,0.0,neutral,neutral,neutral,20260731T131008Z-568f92e6a00d,2026-07-31T13:10:09.211947+00:00
1539253826550352,Isaac Zulu it's true,2026-05-04T13:54:42.207350+00:00,https://www.facebook.com/100064560977290/posts/6124054071047970/,Isaac Zulu it's true,isaac zulu it s true,5,,,,isaac zulu it s true,"['isaac', 'zulu', 'it', 's', 'true']","['isaac', 'zulu', 's', 'true']","['isaac', 'zulu', 's', 'true']",isaac zulu s true,False,0,no_energy_or_zesco_terms,,False,0.4215,positive,0.4215,0.483,0.517,0.0,positive,0.4215,positive,False,0.0,,4,1,0.0,0.0,0.0,0.25,0.0,0.0,0.0,False,,0,0.0,0.0,0.0,0.0,0.0,0.0,0.0,0.0,0.0,0.25,0.0,0.0,0.0,neutral,neutral,neutral,20260731T131008Z-568f92e6a00d,2026-07-31T13:10:09.211947+00:00
1539253826550352,Chishiba Jackie relax,2026-05-04T13:54:42.207355+00:00,https://www.facebook.com/100064560977290/posts/6124054071047970/,Chishiba Jackie relax,chishiba jackie relax,3,,,,chishiba jackie relax,"['chishiba', 'jackie', 'relax']","['chishiba', 'jackie', 'relax']","['chishiba', 'jackie', 'relax']",chishiba jackie relax,False,0,no_energy_or_zesco_terms,,False,0.4404,positive,0.4404,0.592,0.408,0.0,positive,0.4404,positive,False,0.0,,3,0,0.0,0.0,0.0,0.0,0.0,0.0,0.0,False,,0,0.0,0.0,0.0,0.0,0.0,0.0,0.0,0.0,0.0,0.0,0.0,0.0,0.0,negative,neutral,neutral,20260731T131008Z-568f92e6a00d,2026-07-31T13:10:09.211947+00:00
724725065639374,Shy Gibbs-International Graphics not funny🥺 not all days are Sundays,2026-05-04T13:54:42.207359+00:00,https://www.facebook.com/100064560977290/posts/6124054071047970/,Shy Gibbs-International Graphics not funny🥺 not all days are Sundays,shy gibbs international graphics not funny🥺 not all days are sundays,11,,,,shy gibbs international graphics not funny not all days are sundays,"['shy', 'gibbs', 'international', 'graphics', 'not', 'funny', 'not', 'all', 'days', 'are', 'sundays']","['shy', 'gibbs', 'international', 'graphics', 'funny', 'days', 'sundays']","['shy', 'gibbs', 'international', 'graphics', 'funny', 'days', 'sundays']",shy gibbs international graphics funny days sundays,False,0,no_energy_or_zesco_terms,,False,-0.25,negative,-0.25,0.0,0.818,0.182,negative,-0.25,negative,False,0.0,,11,0,0.0,0.0,0.0,0.0,0.0,0.0,0.0,False,,0,0.0,0.0,0.0,0.0,0.0,0.0,0.0,0.0,0.0,0.0,0.0,0.0,0.0,negative,negative,negative,20260731T131008Z-568f92e6a00d,2026-07-31T13:10:09.211947+00:00
724725065639374,Shy Gibbs-International Graphics so you think it's funny 😭,2026-05-04T13:54:42.207364+00:00,https://www.facebook.com/100064560977290/posts/6124054071047970/,Shy Gibbs-International Graphics so you think it's funny 😭,shy gibbs international graphics so you think it s funny 😭,10,,,,shy gibbs international graphics so you think it s funny,"['shy', 'gibbs', 'international', 'graphics', 'so', 'you', 'think', 'it', 's', 'funny']","['shy', 'gibbs', 'international', 'graphics', 'think', 's', 'funny']","['shy', 'gibbs', 'international', 'graphics', 'think', 's', 'funny']",shy gibbs international graphics think s funny,False,0,no_energy_or_zesco_terms,,False,0.2263,positive,0.2263,0.266,0.55,0.183,positive,0.2263,positive,False,0.0,,9,0,0.0,0.0,0.0,0.0,0.0,0.0,0.0,False,,0,0.0,0.0,0.0,0.0,0.0,0.0,0.0,0.0,0.0,0.0,0.0,0.0,0.0,negative,negative,negative,20260731T131008Z-568f92e6a00d,2026-07-31T13:10:09.211947+00:00
724725065639374,Shy Gibbs-International Graphics tell him ati we will arrest him together with that Harry Potter 🤣🤣,2026-05-04T13:54:42.207369+00:00,https://www.facebook.com/100064560977290/posts/6124054071047970/,Shy Gibbs-International Graphics tell him ati we will arrest him together with that Harry Potter 🤣🤣,shy gibbs international graphics tell him ati we will arrest him together with that harry potter 🤣🤣,16,,,,shy gibbs international graphics tell him ati we will arrest him together with that harry potter,"['shy', 'gibbs', 'international', 'graphics', 'tell', 'him', 'ati', 'we', 'will', 'arrest', 'him', 'together', 'with', 'that', 'harry', 'potter']","['shy', 'gibbs', 'international', 'graphics', 'tell', 'ati', 'arrest', 'together', 'harry', 'potter']","['shy', 'gibbs', 'international', 'graphics', 'tell', 'ati', 'arrest', 'together', 'harry', 'potter']",shy gibbs international graphics tell ati arrest together harry potter,False,0,no_energy_or_zesco_terms,,False,-0.5267,negative,-0.5267,0.0,0.761,0.239,negative,-0.5267,negative,False,0.0,,16,2,0.0625,0.0,0.0,0.0,0.0625,0.0,0.0625,False,,0,0.0,0.0,0.0,0.0,0.0,0.0,0.0625,0.0,0.0,0.0,0.0625,0.0,0.0625,negative,positive,positive,20260731T131008Z-568f92e6a00d,2026-07-31T13:10:09.211947+00:00
724725065639374,Shy Gibbs-International Graphics Let The Potter Ball Continue 😂😂,2026-05-04T13:54:42.207374+00:00,https://www.facebook.com/100064560977290/posts/6124054071047970/,Shy Gibbs-International Graphics Let The Potter Ball Continue 😂😂,shy gibbs international graphics let the potter ball continue 😂😂,9,,,,shy gibbs international graphics let the potter ball continue,"['shy', 'gibbs', 'international', 'graphics', 'let', 'the', 'potter', 'ball', 'continue']","['shy', 'gibbs', 'international', 'graphics', 'let', 'potter', 'ball', 'continue']","['shy', 'gibbs', 'international', 'graphics', 'let', 'potter', 'ball', 'continue']",shy gibbs international graphics let potter ball continue,False,0,no_energy_or_zesco_terms,,False,-0.25,negative,-0.25,0.0,0.8,0.2,negative,-0.25,negative,False,0.0,,9,1,0.0,0.1111111111111111,0.0,0.1111111111111111,0.0,0.1111111111111111,0.0,False,,0,0.0,0.0,0.0,0.0,0.0,0.0,0.0,0.1111111111111111,0.0,0.1111111111111111,0.0,0.1111111111111111,0.0,negative,negative,negative,20260731T131008Z-568f92e6a00d,2026-07-31T13:10:09.211947+00:00
724725065639374,Wilfred J. Mwanza listen to this 🤣😂,2026-05-04T13:54:42.207378+00:00,https://www.facebook.com/100064560977290/posts/6124054071047970/,Wilfred J. Mwanza listen to this 🤣😂,wilfred j mwanza listen to this 🤣😂,6,,,,wilfred j mwanza listen to this,"['wilfred', 'j', 'mwanza', 'listen', 'to', 'this']","['wilfred', 'j', 'mwanza', 'listen']","['wilfred', 'j', 'mwanza', 'listen']",wilfred j mwanza listen,False,0,no_energy_or_zesco_terms,,False,0.0,neutral,0.0,0.0,1.0,0.0,neutral,0.0,neutral,False,0.0,,6,0,0.0,0.0,0.0,0.0,0.0,0.0,0.0,False,,0,0.0,0.0,0.0,0.0,0.0,0.0,0.0,0.0,0.0,0.0,0.0,0.0,0.0,neutral,neutral,neutral,20260731T131008Z-568f92e6a00d,2026-07-31T13:10:09.211947+00:00
724725065639374,Which means the seller is also not serious,2026-05-04T13:54:42.207383+00:00,https://www.facebook.com/100064560977290/posts/6124054071047970/,Which means the seller is also not serious,which means the seller is also not serious,8,,,,which means the seller is also not serious,"['which', 'means', 'the', 'seller', 'is', 'also', 'not', 'serious']","['means', 'seller', 'also', 'serious']","['means', 'seller', 'also', 'serious']",means seller also serious,False,0,no_energy_or_zesco_terms,,False,0.0572,positive,0.0572,0.149,0.851,0.0,positive,0.0572,positive,False,0.0,,8,0,0.0,0.0,0.0,0.0,0.0,0.0,0.0,False,,0,0.0,0.0,0.0,0.0,0.0,0.0,0.0,0.0,0.0,0.0,0.0,0.0,0.0,negative,positive,negative,20260731T131008Z-568f92e6a00d,2026-07-31T13:10:09.211947+00:00
724725065639374,Shy Gibbs-International Graphics Simbarashe Soko your behavior kuno😅,2026-05-04T13:54:42.207388+00:00,https://www.facebook.com/100064560977290/posts/6124054071047970/,Shy Gibbs-International Graphics Simbarashe Soko your behavior kuno😅,shy gibbs international graphics simbarashe soko your behavior kuno😅,9,,,,shy gibbs international graphics simbarashe soko your behavior kuno,"['shy', 'gibbs', 'international', 'graphics', 'simbarashe', 'soko', 'your', 'behavior', 'kuno']","['shy', 'gibbs', 'international', 'graphics', 'simbarashe', 'soko', 'behavior', 'kuno']","['shy', 'gibbs', 'international', 'graphics', 'simbarashe', 'soko', 'behavior', 'kuno']",shy gibbs international graphics simbarashe soko behavior kuno,False,0,no_energy_or_zesco_terms,,False,-0.25,negative,-0.25,0.0,0.778,0.222,negative,-0.25,negative,False,0.0,,9,0,0.0,0.0,0.0,0.0,0.0,0.0,0.0,True,kuno,1,0.0,0.0,0.0,0.0,0.0,0.0,0.0,0.0,0.0,0.0,0.0,0.0,0.0,negative,positive,positive,20260731T131008Z-568f92e6a00d,2026-07-31T13:10:09.211947+00:00
724725065639374,I feel attacked as a Chelsea fan,2026-05-04T13:54:42.207392+00:00,https://www.facebook.com/100064560977290/posts/6124054071047970/,I feel attacked as a Chelsea fan,i feel attacked as a chelsea fan,7,,,,i feel attacked as a chelsea fan,"['i', 'feel', 'attacked', 'as', 'a', 'chelsea', 'fan']","['feel', 'attacked', 'chelsea', 'fan']","['feel', 'attacked', 'chelsea', 'fan']",feel attacked chelsea fan,False,0,no_energy_or_zesco_terms,,False,-0.1779,negative,-0.1779,0.277,0.361,0.361,negative,-0.1779,negative,False,0.0,,7,0,0.0,0.0,0.0,0.0,0.0,0.0,0.0,False,,0,0.0,0.0,0.0,0.0,0.0,0.0,0.0,0.0,0.0,0.0,0.0,0.0,0.0,negative,positive,positive,20260731T131008Z-568f92e6a00d,2026-07-31T13:10:09.211947+00:00
724725065639374,Shy Gibbs-International Graphics kkkkkkkkk it sounds fun,2026-05-04T13:54:42.207397+00:00,https://www.facebook.com/100064560977290/posts/6124054071047970/,Shy Gibbs-International Graphics kkkkkkkkk it sounds fun,shy gibbs international graphics kkkkkkkkk it sounds fun,8,,,,shy gibbs international graphics kkkkkkkkk it sounds fun,"['shy', 'gibbs', 'international', 'graphics', 'kkkkkkkkk', 'it', 'sounds', 'fun']","['shy', 'gibbs', 'international', 'graphics', 'kkkkkkkkk', 'sounds', 'fun']","['shy', 'gibbs', 'international', 'graphics', 'kkkkkkkkk', 'sounds', 'fun']",shy gibbs international graphics kkkkkkkkk sounds fun,False,0,no_energy_or_zesco_terms,,False,0.3182,positive,0.3182,0.32,0.485,0.194,positive,0.3182,positive,False,0.0,,8,1,0.0,0.125,0.0,0.0,0.0,0.125,0.0,False,,0,0.0,0.0,0.0,0.0,0.0,0.0,0.0,0.125,0.0,0.0,0.0,0.125,0.0,neutral,neutral,neutral,20260731T131008Z-568f92e6a00d,2026-07-31T13:10:09.211947+00:00
724725065639374,Protasio Mwelwa Jr. The sales man understands the assignment 😂,2026-05-04T13:54:42.207402+00:00,https://www.facebook.com/100064560977290/posts/6124054071047970/,Protasio Mwelwa Jr. The sales man understands the assignment 😂,protasio mwelwa jr the sales man understands the assignment 😂,9,,,,protasio mwelwa jr the sales man understands the assignment,"['protasio', 'mwelwa', 'jr', 'the', 'sales', 'man', 'understands', 'the', 'assignment']","['protasio', 'mwelwa', 'jr', 'sales', 'man', 'understands', 'assignment']","['protasio', 'mwelwa', 'jr', 'sales', 'man', 'understands', 'assignment']",protasio mwelwa jr sales man understands assignment,False,0,no_energy_or_zesco_terms,,False,0.0,neutral,0.0,0.0,1.0,0.0,neutral,0.0,neutral,False,0.0,,9,0,0.0,0.0,0.0,0.0,0.0,0.0,0.0,False,,0,0.0,0.0,0.0,0.0,0.0,0.0,0.0,0.0,0.0,0.0,0.0,0.0,0.0,negative,negative,negative,20260731T131008Z-568f92e6a00d,2026-07-31T13:10:09.211947+00:00
837517727541875,Covid yawamapo pali ba zesco 🤣🤣🤣🤣🤣🤣🤣🤣🤣🤣🤣🤣🤣🤣🤣🤣🤣🤣🤣🤣🤣🤣🤣🤣🤣🤣🤣🤣,2026-05-04T13:54:42.207407+00:00,https://www.facebook.com/100064560977290/posts/6124054071047970/,Covid yawamapo pali ba zesco 🤣🤣🤣🤣🤣🤣🤣🤣🤣🤣🤣🤣🤣🤣🤣🤣🤣🤣🤣🤣🤣🤣🤣🤣🤣🤣🤣🤣,covid yawamapo pali ba zesco 🤣🤣🤣🤣🤣🤣🤣🤣🤣🤣🤣🤣🤣🤣🤣🤣🤣🤣🤣🤣🤣🤣🤣🤣🤣🤣🤣🤣,5,,,,covid yawamapo pali ba zesco,"['covid', 'yawamapo', 'pali', 'ba', 'zesco']","['covid', 'yawamapo', 'pali', 'ba', 'zesco']","['covid', 'yawamapo', 'pali', 'ba', 'zesco']",covid yawamapo pali ba zesco,True,3,matched_energy_terms,zesco,False,0.0,neutral,0.0,0.0,1.0,0.0,neutral,0.0,neutral,False,0.0,,5,0,0.0,0.0,0.0,0.0,0.0,0.0,0.0,True,pali,1,0.0,0.0,0.0,0.0,0.0,0.1,0.0,0.0,0.0,0.0,0.0,0.0,0.1,negative,negative,negative,20260731T131008Z-568f92e6a00d,2026-07-31T13:10:09.211947+00:00
2309913445845051,"Just  accepted  Bally is a specialist in  failure,  this doesn't make sense",2026-05-04T13:54:42.207412+00:00,https://www.facebook.com/100064560977290/posts/6124054071047970/,"Just  accepted  Bally is a specialist in  failure,  this doesn't make sense",just accepted bally is a specialist in failure this doesn t make sense,13,,,,just accepted bally is a specialist in failure this doesn t make sense,"['just', 'accepted', 'bally', 'is', 'a', 'specialist', 'in', 'failure', 'this', 'doesn', 't', 'make', 'sense']","['just', 'accepted', 'bally', 'specialist', 'failure', 'doesn', 't', 'make', 'sense']","['just', 'accepted', 'bally', 'specialist', 'failure', 'doesn', 't', 'make', 'sense']",just accepted bally specialist failure doesn t make sense,False,0,no_energy_or_zesco_terms,,False,-0.296,negative,-0.296,0.146,0.625,0.229,negative,-0.296,negative,False,0.0,,12,3,0.0,0.0,0.0833333333333333,0.0833333333333333,0.0833333333333333,0.0,0.0416666666666666,False,,0,0.0,0.0,0.0,0.0,0.0,0.0,0.0,0.0,0.0833333333333333,0.0833333333333333,0.0833333333333333,0.0,0.0416666666666666,negative,negative,negative,20260731T131008Z-568f92e6a00d,2026-07-31T13:10:09.211947+00:00
1091675505563821,"Ba zesco na boma yesu chipate patefye,ni try and error.today they will say this and tomorrow thy ll say that, very inconsistent in planning and policy direction.",2026-05-04T13:54:42.207417+00:00,https://www.facebook.com/100064560977290/posts/6124054071047970/,"Ba zesco na boma yesu chipate patefye,ni try and error.today they will say this and tomorrow thy ll say that, very inconsistent in planning and policy direction.",ba zesco na boma yesu chipate patefye ni try and error today they will say this and tomorrow thy ll say that very inconsistent in planning and policy direction,29,,,,ba zesco na boma yesu chipate patefye ni try and error today they will say this and tomorrow thy ll say that very inconsistent in planning and policy direction,"['ba', 'zesco', 'na', 'boma', 'yesu', 'chipate', 'patefye', 'ni', 'try', 'and', 'error', 'today', 'they', 'will', 'say', 'this', 'and', 'tomorrow', 'thy', 'll', 'say', 'that', 'very', 'inconsistent', 'in', 'planning', 'and', 'policy', 'direction']","['ba', 'zesco', 'na', 'boma', 'yesu', 'chipate', 'patefye', 'ni', 'try', 'error', 'today', 'say', 'tomorrow', 'thy', 'll', 'say', 'very', 'inconsistent', 'planning', 'policy', 'direction']","['ba', 'zesco', 'na', 'boma', 'yesu', 'chipate', 'patefye', 'ni', 'try', 'error', 'today', 'say', 'tomorrow', 'thy', 'll', 'say', 'very', 'inconsistent', 'planning', 'policy', 'direction']",ba zesco na boma yesu chipate patefye ni try error today say tomorrow thy ll say very inconsistent planning policy direction,True,3,matched_energy_terms,zesco,False,0.0,neutral,0.0,0.0,1.0,0.0,neutral,0.0,neutral,False,0.0,,29,4,0.0,0.0689655172413793,0.0,0.0689655172413793,0.0344827586206896,0.0689655172413793,0.0172413793103448,False,,0,0.0,0.0,0.0,0.0,0.0,0.0,0.0,0.0689655172413793,0.0,0.0689655172413793,0.0344827586206896,0.0689655172413793,0.0172413793103448,neutral,neutral,neutral,20260731T131008Z-568f92e6a00d,2026-07-31T13:10:09.211947+00:00
1213964482806850,"I didn't bargain for this.....
And so i will remember this load shedding.",2026-05-04T13:54:42.207422+00:00,https://www.facebook.com/100064560977290/posts/6124054071047970/,"I didn't bargain for this.....
And so i will remember this load shedding.",i didn t bargain for this and so i will remember this load shedding,14,,,,i didn t bargain for this and so i will remember this load shedding,"['i', 'didn', 't', 'bargain', 'for', 'this', 'and', 'so', 'i', 'will', 'remember', 'this', 'load', 'shedding']","['didn', 't', 'bargain', 'remember', 'load', 'shedding']","['didn', 't', 'bargain', 'remember', 'load', 'shedding']",didn t bargain remember load shedding,True,4,matched_energy_terms,load shedding,True,-0.1511,negative,-0.1511,0.0,0.863,0.137,negative,-0.1511,negative,False,0.0,,13,1,0.0,0.0,0.0,0.0769230769230769,0.0,0.0,0.0,False,,0,0.0,0.0,0.0,0.0,0.0,0.0,0.0,0.0,0.0,0.0769230769230769,0.0,0.0,0.0,negative,negative,negative,20260731T131008Z-568f92e6a00d,2026-07-31T13:10:09.211947+00:00
534250465132209,"This is useless instead of reducing  from 14hour you just split in two halves that doesn't change anything, I see no reason creating that board consisting the zesco, ERB and rest in the first place.",2026-05-04T13:54:42.207427+00:00,https://www.facebook.com/100064560977290/posts/6124054071047970/,"This is useless instead of reducing  from 14hour you just split in two halves that doesn't change anything, I see no reason creating that board consisting the zesco, ERB and rest in the first place.",this is useless instead of reducing from 14hour you just split in two halves that doesn t change anything i see no reason creating that board consisting the zesco erb and rest in the first place,36,,,,this is useless instead of reducing from 14hour you just split in two halves that doesn t change anything i see no reason creating that board consisting the zesco erb and rest in the first place,"['this', 'is', 'useless', 'instead', 'of', 'reducing', 'from', '14hour', 'you', 'just', 'split', 'in', 'two', 'halves', 'that', 'doesn', 't', 'change', 'anything', 'i', 'see', 'no', 'reason', 'creating', 'that', 'board', 'consisting', 'the', 'zesco', 'erb', 'and', 'rest', 'in', 'the', 'first', 'place']","['useless', 'instead', 'reducing', '14hour', 'just', 'split', 'two', 'halves', 'doesn', 't', 'change', 'anything', 'see', 'reason', 'creating', 'board', 'consisting', 'zesco', 'erb', 'rest', 'first', 'place']","['useless', 'instead', 'reducing', '14hour', 'just', 'split', 'two', 'halves', 'doesn', 't', 'change', 'anything', 'see', 'reason', 'creating', 'board', 'consisting', 'zesco', 'erb', 'rest', 'first', 'place']",useless instead reducing 14hour just split two halves doesn t change anything see reason creating board consisting zesco erb rest first place,True,6,matched_energy_terms,"erb,zesco",False,-0.4215,negative,-0.4215,0.058,0.812,0.131,negative,-0.4215,negative,False,0.0,,35,6,0.0,0.0285714285714285,0.0285714285714285,0.0,0.0,0.0285714285714285,0.0,False,,0,0.0,0.0,0.0,0.0,0.0,0.0,0.0,0.0285714285714285,0.0285714285714285,0.0,0.0,0.0285714285714285,0.0,negative,negative,negative,20260731T131008Z-568f92e6a00d,2026-07-31T13:10:09.211947+00:00
6266739920037792,"This is not making sense better to have power during working hours than sleeping hours knowing that only phones and fridges are left using power the rest are off. Bane tiyeni tusalapuke this issue of water ku Kariba is not new it started mu pf meaning that the plan should have been implemented from the word go when power was handed over to you but I guess someone overlooked this. See now the effect a lot of businesses have been affected and at the end of the day someone has to pay TAX, RENTALS, BILLS and take care of his/her family. Come on amigos",2026-05-04T13:54:42.207431+00:00,https://www.facebook.com/100064560977290/posts/6124054071047970/,"This is not making sense better to have power during working hours than sleeping hours knowing that only phones and fridges are left using power the rest are off. Bane tiyeni tusalapuke this issue of water ku Kariba is not new it started mu pf meaning that the plan should have been implemented from the word go when power was handed over to you but I guess someone overlooked this. See now the effect a lot of businesses have been affected and at the end of the day someone has to pay TAX, RENTALS, BILLS and take care of his/her family. Come on amigos",this is not making sense better to have power during working hours than sleeping hours knowing that only phones and fridges are left using power the rest are off bane tiyeni tusalapuke this issue of water ku kariba is not new it started mu pf meaning that the plan should have been implemented from the word go when power was handed over to you but i guess someone overlooked this see now the effect a lot of businesses have been affected and at the end of the day someone has to pay tax rentals bills and take care of his her family come on amigos,105,,,,this is not making sense better to have power during working hours than sleeping hours knowing that only phones and fridges are left using power the rest are off bane tiyeni tusalapuke this issue of water ku kariba is not new it started mu pf meaning that the plan should have been implemented from the word go when power was handed over to you but i guess someone overlooked this see now the effect a lot of businesses have been affected and at the end of the day someone has to pay tax rentals bills and take care of his her family come on amigos,"['this', 'is', 'not', 'making', 'sense', 'better', 'to', 'have', 'power', 'during', 'working', 'hours', 'than', 'sleeping', 'hours', 'knowing', 'that', 'only', 'phones', 'and', 'fridges', 'are', 'left', 'using', 'power', 'the', 'rest', 'are', 'off', 'bane', 'tiyeni', 'tusalapuke', 'this', 'issue', 'of', 'water', 'ku', 'kariba', 'is', 'not', 'new', 'it', 'started', 'mu', 'pf', 'meaning', 'that', 'the', 'plan', 'should', 'have', 'been', 'implemented', 'from', 'the', 'word', 'go', 'when', 'power', 'was', 'handed', 'over', 'to', 'you', 'but', 'i', 'guess', 'someone', 'overlooked', 'this', 'see', 'now', 'the', 'effect', 'a', 'lot', 'of', 'businesses', 'have', 'been', 'affected', 'and', 'at', 'the', 'end', 'of', 'the', 'day', 'someone', 'has', 'to', 'pay', 'tax', 'rentals', 'bills', 'and', 'take', 'care', 'of', 'his', 'her', 'family', 'come', 'on', 'amigos']","['making', 'sense', 'better', 'power', 'during', 'working', 'hours', 'than', 'sleeping', 'hours', 'knowing', 'only', 'phones', 'fridges', 'left', 'using', 'power', 'rest', 'off', 'bane', 'tiyeni', 'tusalapuke', 'issue', 'water', 'ku', 'kariba', 'new', 'started', 'mu', 'pf', 'meaning', 'plan', 'should', 'implemented', 'word', 'go', 'power', 'handed', 'over', 'guess', 'someone', 'overlooked', 'see', 'now', 'effect', 'lot', 'businesses', 'affected', 'end', 'day', 'someone', 'pay', 'tax', 'rentals', 'bills', 'take', 'care', 'family', 'come', 'amigos']","['making', 'sense', 'better', 'power', 'during', 'working', 'hours', 'than', 'sleeping', 'hours', 'knowing', 'only', 'phones', 'fridges', 'left', 'using', 'power', 'rest', 'off', 'bane', 'tiyeni', 'tusalapuke', 'issue', 'water', 'ku', 'kariba', 'new', 'started', 'mu', 'pf', 'meaning', 'plan', 'should', 'implemented', 'word', 'go', 'power', 'handed', 'over', 'guess', 'someone', 'overlooked', 'see', 'now', 'effect', 'lot', 'businesses', 'affected', 'end', 'day', 'someone', 'pay', 'tax', 'rentals', 'bills', 'take', 'care', 'family', 'come', 'amigos']",making sense better power during working hours than sleeping hours knowing only phones fridges left using power rest off bane tiyeni tusalapuke issue water ku kariba new started mu pf meaning plan should implemented word go power handed over guess someone overlooked see now effect lot businesses affected end day someone pay tax rentals bills take care family come amigos,True,9,matched_energy_and_context_terms,"come,hours,kariba,off,power",False,0.2375,positive,0.2375,0.04,0.901,0.059,positive,0.2375,positive,False,0.0,,105,10,0.0095238095238095,0.019047619047619,0.0095238095238095,0.019047619047619,0.0095238095238095,0.019047619047619,0.0095238095238095,True,bane,1,0.0,0.0,0.1,0.0,0.0,0.1,0.0095238095238095,0.019047619047619,0.0095238095238095,0.119047619047619,0.0095238095238095,0.019047619047619,0.1095238095238095,positive,positive,positive,20260731T131008Z-568f92e6a00d,2026-07-31T13:10:09.211947+00:00
707873887745003,Nothing good to write home about... Why can't they just terminate contracts of exporting power. They visited kariba and nothing like low levels was the cause.  Our slogan should always be Zambians first not this path you have taken sir,2026-05-04T13:54:42.207436+00:00,https://www.facebook.com/100064560977290/posts/6124054071047970/,Nothing good to write home about... Why can't they just terminate contracts of exporting power. They visited kariba and nothing like low levels was the cause.  Our slogan should always be Zambians first not this path you have taken sir,nothing good to write home about why can t they just terminate contracts of exporting power they visited kariba and nothing like low levels was the cause our slogan should always be zambians first not this path you have taken sir,41,,,,nothing good to write home about why can t they just terminate contracts of exporting power they visited kariba and nothing like low levels was the cause our slogan should always be zambians first not this path you have taken sir,"['nothing', 'good', 'to', 'write', 'home', 'about', 'why', 'can', 't', 'they', 'just', 'terminate', 'contracts', 'of', 'exporting', 'power', 'they', 'visited', 'kariba', 'and', 'nothing', 'like', 'low', 'levels', 'was', 'the', 'cause', 'our', 'slogan', 'should', 'always', 'be', 'zambians', 'first', 'not', 'this', 'path', 'you', 'have', 'taken', 'sir']","['nothing', 'good', 'write', 'home', 't', 'just', 'terminate', 'contracts', 'exporting', 'power', 'visited', 'kariba', 'nothing', 'like', 'low', 'levels', 'cause', 'slogan', 'should', 'always', 'zambians', 'first', 'path', 'taken', 'sir']","['nothing', 'good', 'write', 'home', 't', 'just', 'terminate', 'contracts', 'exporting', 'power', 'visited', 'kariba', 'nothing', 'like', 'low', 'levels', 'cause', 'slogan', 'should', 'always', 'zambians', 'first', 'path', 'taken', 'sir']",nothing good write home t just terminate contracts exporting power visited kariba nothing like low levels cause slogan should always zambians first path taken sir,True,6,matched_energy_terms,"kariba,power",False,-0.4023,negative,-0.4023,0.042,0.854,0.104,negative,-0.4023,negative,False,0.0,,40,3,0.0,0.025,0.0,0.05,0.025,0.025,0.0125,False,,0,0.0,0.0,0.0,0.0,0.0,0.0,0.0,0.025,0.0,0.05,0.025,0.025,0.0125,negative,negative,negative,20260731T131008Z-568f92e6a00d,2026-07-31T13:10:09.211947+00:00
484235327119582,I remember in 1997 there was a German anchor by the name Nebuzburzimbeletbagker . since you have jumped the name I will not tell you the whole story.🙄🙄🙄🙄🙄,2026-05-04T13:54:42.207441+00:00,https://www.facebook.com/100064560977290/posts/6124054071047970/,I remember in 1997 there was a German anchor by the name Nebuzburzimbeletbagker . since you have jumped the name I will not tell you the whole story.🙄🙄🙄🙄🙄,i remember in 1997 there was a german anchor by the name nebuzburzimbeletbagker since you have jumped the name i will not tell you the whole story 🙄🙄🙄🙄🙄,27,,,,i remember in 1997 there was a german anchor by the name nebuzburzimbeletbagker since you have jumped the name i will not tell you the whole story,"['i', 'remember', 'in', '1997', 'there', 'was', 'a', 'german', 'anchor', 'by', 'the', 'name', 'nebuzburzimbeletbagker', 'since', 'you', 'have', 'jumped', 'the', 'name', 'i', 'will', 'not', 'tell', 'you', 'the', 'whole', 'story']","['remember', '1997', 'german', 'anchor', 'name', 'nebuzburzimbeletbagker', 'since', 'jumped', 'name', 'tell', 'whole', 'story']","['remember', '1997', 'german', 'anchor', 'name', 'nebuzburzimbeletbagker', 'since', 'jumped', 'name', 'tell', 'whole', 'story']",remember 1997 german anchor name nebuzburzimbeletbagker since jumped name tell whole story,False,0,no_energy_or_zesco_terms,,False,0.0,neutral,0.0,0.0,1.0,0.0,neutral,0.0,neutral,False,0.0,,27,1,0.0,0.0,0.0,0.0,0.0,0.0,0.0,False,,0,0.0,0.0,0.0,0.0,0.0,0.0,0.0,0.0,0.0,0.0,0.0,0.0,0.0,neutral,neutral,neutral,20260731T131008Z-568f92e6a00d,2026-07-31T13:10:09.211947+00:00
1545406125960538,Ni course ya coartem nomba.,2026-05-04T13:54:42.207446+00:00,https://www.facebook.com/100064560977290/posts/6124054071047970/,Ni course ya coartem nomba.,ni course ya coartem nomba,5,,,,ni course ya coartem nomba,"['ni', 'course', 'ya', 'coartem', 'nomba']","['ni', 'course', 'ya', 'coartem', 'nomba']","['ni', 'course', 'ya', 'coartem', 'nomba']",ni course ya coartem nomba,False,0,no_energy_or_zesco_terms,,False,0.0,neutral,0.0,0.0,1.0,0.0,neutral,0.0,neutral,False,0.0,,5,0,0.0,0.0,0.0,0.0,0.0,0.0,0.0,False,,0,0.0,0.0,0.0,0.0,0.0,0.0,0.0,0.0,0.0,0.0,0.0,0.0,0.0,negative,neutral,negative,20260731T131008Z-568f92e6a00d,2026-07-31T13:10:09.211947+00:00
8895988010418731,Tiyeni uko,2026-05-04T13:54:42.207450+00:00,https://www.facebook.com/100064560977290/posts/6124054071047970/,Tiyeni uko,tiyeni uko,2,,,,tiyeni uko,"['tiyeni', 'uko']","['tiyeni', 'uko']","['tiyeni', 'uko']",tiyeni uko,False,0,no_energy_or_zesco_terms,,False,0.0,neutral,0.0,0.0,1.0,0.0,neutral,0.0,neutral,False,0.0,,2,0,0.0,0.0,0.0,0.0,0.0,0.0,0.0,False,,0,0.0,0.0,0.0,0.0,0.0,0.0,0.0,0.0,0.0,0.0,0.0,0.0,0.0,negative,positive,positive,20260731T131008Z-568f92e6a00d,2026-07-31T13:10:09.211947+00:00
879154983427096,Felix Kumwamwasa foolish you,2026-05-04T13:54:42.207455+00:00,https://www.facebook.com/100064560977290/posts/6124054071047970/,Felix Kumwamwasa foolish you,felix kumwamwasa foolish you,4,,,,felix kumwamwasa foolish you,"['felix', 'kumwamwasa', 'foolish', 'you']","['felix', 'kumwamwasa', 'foolish']","['felix', 'kumwamwasa', 'foolish']",felix kumwamwasa foolish,False,0,no_energy_or_zesco_terms,,False,-0.2732,negative,-0.2732,0.0,0.588,0.412,negative,-0.2732,negative,False,0.0,,4,1,0.0,0.0,0.0,0.0,0.0,0.0,0.0,False,,0,0.0,0.0,0.0,0.0,0.0,0.0,0.0,0.0,0.0,0.0,0.0,0.0,0.0,neutral,neutral,neutral,20260731T131008Z-568f92e6a00d,2026-07-31T13:10:09.211947+00:00
879154983427096,Habasimbi H Abbigail some people thought it was easy claiming they can end load shedding  but here we are.,2026-05-04T13:54:42.207463+00:00,https://www.facebook.com/100064560977290/posts/6124054071047970/,Habasimbi H Abbigail some people thought it was easy claiming they can end load shedding  but here we are.,habasimbi h abbigail some people thought it was easy claiming they can end load shedding but here we are,19,,,,habasimbi h abbigail some people thought it was easy claiming they can end load shedding but here we are,"['habasimbi', 'h', 'abbigail', 'some', 'people', 'thought', 'it', 'was', 'easy', 'claiming', 'they', 'can', 'end', 'load', 'shedding', 'but', 'here', 'we', 'are']","['habasimbi', 'h', 'abbigail', 'people', 'thought', 'easy', 'claiming', 'end', 'load', 'shedding']","['habasimbi', 'h', 'abbigail', 'people', 'thought', 'easy', 'claiming', 'end', 'load', 'shedding']",habasimbi h abbigail people thought easy claiming end load shedding,True,4,matched_energy_terms,load shedding,False,0.2382,positive,0.2382,0.103,0.897,0.0,positive,0.2382,positive,False,0.0,,19,1,0.0,0.0526315789473684,0.0,0.0,0.0,0.0526315789473684,0.0,False,,0,0.0,0.0,0.0,0.0,0.0,0.0,0.0,0.0526315789473684,0.0,0.0,0.0,0.0526315789473684,0.0,positive,positive,positive,20260731T131008Z-568f92e6a00d,2026-07-31T13:10:09.211947+00:00
1539253826550352,Isaac Zulu This person he doesn't have the heart for the pipo of Zambia electricity can't be going for 12hrs that's too much.the time of PF power never went for 12hrs this person has filled???,2026-05-04T13:54:42.207469+00:00,https://www.facebook.com/100064560977290/posts/6124054071047970/,Isaac Zulu This person he doesn't have the heart for the pipo of Zambia electricity can't be going for 12hrs that's too much.the time of PF power never went for 12hrs this person has filled???,isaac zulu this person he doesn t have the heart for the pipo of zambia electricity can t be going for 12hrs that s too much the time of pf power never went for 12hrs this person has filled,39,,,,isaac zulu this person he doesn t have the heart for the pipo of zambia electricity can t be going for 12hrs that s too much the time of pf power never went for 12hrs this person has filled,"['isaac', 'zulu', 'this', 'person', 'he', 'doesn', 't', 'have', 'the', 'heart', 'for', 'the', 'pipo', 'of', 'zambia', 'electricity', 'can', 't', 'be', 'going', 'for', '12hrs', 'that', 's', 'too', 'much', 'the', 'time', 'of', 'pf', 'power', 'never', 'went', 'for', '12hrs', 'this', 'person', 'has', 'filled']","['isaac', 'zulu', 'person', 'doesn', 't', 'heart', 'pipo', 'zambia', 'electricity', 't', 'going', '12hrs', 's', 'too', 'much', 'time', 'pf', 'power', 'never', 'went', '12hrs', 'person', 'filled']","['isaac', 'zulu', 'person', 'doesn', 't', 'heart', 'pipo', 'zambia', 'electricity', 't', 'going', '12hrs', 's', 'too', 'much', 'time', 'pf', 'power', 'never', 'went', '12hrs', 'person', 'filled']",isaac zulu person doesn t heart pipo zambia electricity t going 12hrs s too much time pf power never went 12hrs person filled,True,6,matched_energy_terms,"electricity,power",True,0.0,neutral,0.0,0.0,1.0,0.0,negative,0.0,negative,False,0.0,,36,2,0.0,0.0277777777777777,0.0,0.0,0.0,0.0277777777777777,0.0,False,,0,0.0,0.0,0.0,0.0,0.0,0.0,0.0,0.0277777777777777,0.0,0.0,0.0,0.0277777777777777,0.0,neutral,neutral,neutral,20260731T131008Z-568f92e6a00d,2026-07-31T13:10:09.211947+00:00
1539253826550352,Chishiba Jackie and why did he put him there?,2026-05-04T13:54:42.207474+00:00,https://www.facebook.com/100064560977290/posts/6124054071047970/,Chishiba Jackie and why did he put him there?,chishiba jackie and why did he put him there,9,,,,chishiba jackie and why did he put him there,"['chishiba', 'jackie', 'and', 'why', 'did', 'he', 'put', 'him', 'there']","['chishiba', 'jackie', 'put']","['chishiba', 'jackie', 'put']",chishiba jackie put,False,0,no_energy_or_zesco_terms,,False,0.0,neutral,0.0,0.0,1.0,0.0,neutral,0.0,neutral,False,0.0,,9,0,0.0,0.0,0.0,0.0,0.0,0.0,0.0,False,,0,0.0,0.0,0.0,0.0,0.0,0.0,0.0,0.0,0.0,0.0,0.0,0.0,0.0,negative,negative,negative,20260731T131008Z-568f92e6a00d,2026-07-31T13:10:09.211947+00:00
1539253826550352,Isaac Zulu I remember that prophecy very well.,2026-05-04T13:54:42.207479+00:00,https://www.facebook.com/100064560977290/posts/6124054071047970/,Isaac Zulu I remember that prophecy very well.,isaac zulu i remember that prophecy very well,8,,,,isaac zulu i remember that prophecy very well,"['isaac', 'zulu', 'i', 'remember', 'that', 'prophecy', 'very', 'well']","['isaac', 'zulu', 'remember', 'prophecy', 'very', 'well']","['isaac', 'zulu', 'remember', 'prophecy', 'very', 'well']",isaac zulu remember prophecy very well,False,0,no_energy_or_zesco_terms,,False,0.3384,positive,0.3384,0.285,0.715,0.0,positive,0.3384,positive,False,0.0,,8,1,0.0,0.125,0.0,0.0,0.0,0.125,0.0,False,,0,0.0,0.0,0.0,0.0,0.0,0.0,0.0,0.125,0.0,0.0,0.0,0.125,0.0,neutral,neutral,neutral,20260731T131008Z-568f92e6a00d,2026-07-31T13:10:09.211947+00:00
1539253826550352,Isaac Zulu I also remember this prophecy.,2026-05-04T13:54:42.207483+00:00,https://www.facebook.com/100064560977290/posts/6124054071047970/,Isaac Zulu I also remember this prophecy.,isaac zulu i also remember this prophecy,7,,,,isaac zulu i also remember this prophecy,"['isaac', 'zulu', 'i', 'also', 'remember', 'this', 'prophecy']","['isaac', 'zulu', 'also', 'remember', 'prophecy']","['isaac', 'zulu', 'also', 'remember', 'prophecy']",isaac zulu also remember prophecy,False,0,no_energy_or_zesco_terms,,False,0.0,neutral,0.0,0.0,1.0,0.0,neutral,0.0,neutral,False,0.0,,7,1,0.0,0.1428571428571428,0.0,0.0,0.0,0.1428571428571428,0.0,False,,0,0.0,0.0,0.0,0.0,0.0,0.0,0.0,0.1428571428571428,0.0,0.0,0.0,0.1428571428571428,0.0,neutral,neutral,neutral,20260731T131008Z-568f92e6a00d,2026-07-31T13:10:09.211947+00:00
1539253826550352,Nipano tuli,2026-05-04T13:54:42.207488+00:00,https://www.facebook.com/100064560977290/posts/6124054071047970/,Nipano tuli,nipano tuli,2,,,,nipano tuli,"['nipano', 'tuli']","['nipano', 'tuli']","['nipano', 'tuli']",nipano tuli,False,0,no_energy_or_zesco_terms,,False,0.0,neutral,0.0,0.0,1.0,0.0,neutral,0.0,neutral,False,0.0,,2,0,0.0,0.0,0.0,0.0,0.0,0.0,0.0,False,,0,0.0,0.0,0.0,0.0,0.0,0.0,0.0,0.0,0.0,0.0,0.0,0.0,0.0,neutral,neutral,neutral,20260731T131008Z-568f92e6a00d,2026-07-31T13:10:09.211947+00:00
1539253826550352,Moses Chewe umutwe kwati ni Zambia electric 😂😂😂😂 learn to understand things. Naumonapo 12 hours apa?,2026-05-04T13:54:42.207493+00:00,https://www.facebook.com/100064560977290/posts/6124054071047970/,Moses Chewe umutwe kwati ni Zambia electric 😂😂😂😂 learn to understand things. Naumonapo 12 hours apa?,moses chewe umutwe kwati ni zambia electric 😂😂😂😂 learn to understand things naumonapo 12 hours apa,15,,,,moses chewe umutwe kwati ni zambia electric learn to understand things naumonapo 12 hours apa,"['moses', 'chewe', 'umutwe', 'kwati', 'ni', 'zambia', 'electric', 'learn', 'to', 'understand', 'things', 'naumonapo', '12', 'hours', 'apa']","['moses', 'chewe', 'umutwe', 'kwati', 'ni', 'zambia', 'electric', 'learn', 'understand', 'things', 'naumonapo', '12', 'hours', 'apa']","['moses', 'chewe', 'umutwe', 'kwati', 'ni', 'zambia', 'electric', 'learn', 'understand', 'things', 'naumonapo', '12', 'hours', 'apa']",moses chewe umutwe kwati ni zambia electric learn understand things naumonapo 12 hours apa,True,4,matched_energy_and_context_terms,"electric,hours",True,0.0,neutral,0.0,0.0,1.0,0.0,negative,0.0,negative,False,0.0,,15,2,0.0,0.0,0.0,0.0,0.0,0.0,0.0,False,,0,0.0,0.0,0.0,0.0,0.0,0.0,0.0,0.0,0.0,0.0,0.0,0.0,0.0,neutral,neutral,neutral,20260731T131008Z-568f92e6a00d,2026-07-31T13:10:09.211947+00:00
1539253826550352,Isaac Zulu (he is not the David but Saul) this prophecy,2026-05-04T13:54:42.207497+00:00,https://www.facebook.com/100064560977290/posts/6124054071047970/,Isaac Zulu (he is not the David but Saul) this prophecy,isaac zulu he is not the david but saul this prophecy,11,,,,isaac zulu he is not the david but saul this prophecy,"['isaac', 'zulu', 'he', 'is', 'not', 'the', 'david', 'but', 'saul', 'this', 'prophecy']","['isaac', 'zulu', 'david', 'saul', 'prophecy']","['isaac', 'zulu', 'david', 'saul', 'prophecy']",isaac zulu david saul prophecy,False,0,no_energy_or_zesco_terms,,False,0.0,neutral,0.0,0.0,1.0,0.0,neutral,0.0,neutral,False,0.0,,11,1,0.0,0.0909090909090909,0.0,0.0,0.0,0.0909090909090909,0.0,False,,0,0.0,0.0,0.0,0.0,0.0,0.0,0.0,0.0909090909090909,0.0,0.0,0.0,0.0909090909090909,0.0,neutral,neutral,neutral,20260731T131008Z-568f92e6a00d,2026-07-31T13:10:09.211947+00:00
1539253826550352,Ann Hamatu Mulenga he said HH is destined to be a presidendy but he is not David but a Saul,2026-05-04T13:54:42.207502+00:00,https://www.facebook.com/100064560977290/posts/6124054071047970/,Ann Hamatu Mulenga he said HH is destined to be a presidendy but he is not David but a Saul,ann hamatu mulenga he said hh is destined to be a presidendy but he is not david but a saul,20,,,,ann hamatu mulenga he said hh is destined to be a presidendy but he is not david but a saul,"['ann', 'hamatu', 'mulenga', 'he', 'said', 'hh', 'is', 'destined', 'to', 'be', 'a', 'presidendy', 'but', 'he', 'is', 'not', 'david', 'but', 'a', 'saul']","['ann', 'hamatu', 'mulenga', 'said', 'hh', 'destined', 'presidendy', 'david', 'saul']","['ann', 'hamatu', 'mulenga', 'said', 'hh', 'destined', 'presidendy', 'david', 'saul']",ann hamatu mulenga said hh destined presidendy david saul,False,1,no_energy_or_zesco_terms,said,False,0.0,neutral,0.0,0.0,1.0,0.0,neutral,0.0,neutral,False,0.0,,20,1,0.0,0.05,0.0,0.0,0.0,0.05,0.0,False,,0,0.0,0.0,0.0,0.0,0.0,0.0,0.0,0.05,0.0,0.0,0.0,0.05,0.0,neutral,neutral,neutral,20260731T131008Z-568f92e6a00d,2026-07-31T13:10:09.211947+00:00
1539253826550352,Moses Chewe your English can cause miscarriage boss 😂,2026-05-04T13:54:42.207507+00:00,https://www.facebook.com/100064560977290/posts/6124054071047970/,Moses Chewe your English can cause miscarriage boss 😂,moses chewe your english can cause miscarriage boss 😂,8,,,,moses chewe your english can cause miscarriage boss,"['moses', 'chewe', 'your', 'english', 'can', 'cause', 'miscarriage', 'boss']","['moses', 'chewe', 'english', 'cause', 'miscarriage', 'boss']","['moses', 'chewe', 'english', 'cause', 'miscarriage', 'boss']",moses chewe english cause miscarriage boss,False,0,no_energy_or_zesco_terms,,False,0.0,neutral,0.0,0.0,1.0,0.0,neutral,0.0,neutral,False,0.0,,8,1,0.0,0.0,0.125,0.0,0.125,0.0,0.0625,False,,0,0.0,0.0,0.0,0.0,0.0,0.0,0.0,0.0,0.125,0.0,0.125,0.0,0.0625,negative,neutral,neutral,20260731T131008Z-568f92e6a00d,2026-07-31T13:10:09.211947+00:00
1539253826550352,Miles Jay Man iwe lekaifyo! They've split the 12 hours in two so that's why we're are experiencing double black outs in a day like it off from 05to 11hrs again same day 18 to 24 hrs,2026-05-04T13:54:42.207512+00:00,https://www.facebook.com/100064560977290/posts/6124054071047970/,Miles Jay Man iwe lekaifyo! They've split the 12 hours in two so that's why we're are experiencing double black outs in a day like it off from 05to 11hrs again same day 18 to 24 hrs,miles jay man iwe lekaifyo they ve split the 12 hours in two so that s why we re are experiencing double black outs in a day like it off from 05to 11hrs again same day 18 to 24 hrs,40,,,,miles jay man iwe lekaifyo they ve split the 12 hours in two so that s why we re are experiencing double black outs in a day like it off from 05to 11hrs again same day 18 to 24 hrs,"['miles', 'jay', 'man', 'iwe', 'lekaifyo', 'they', 've', 'split', 'the', '12', 'hours', 'in', 'two', 'so', 'that', 's', 'why', 'we', 're', 'are', 'experiencing', 'double', 'black', 'outs', 'in', 'a', 'day', 'like', 'it', 'off', 'from', '05to', '11hrs', 'again', 'same', 'day', '18', 'to', '24', 'hrs']","['miles', 'jay', 'man', 'iwe', 'lekaifyo', 've', 'split', '12', 'hours', 'two', 's', 're', 'experiencing', 'double', 'black', 'outs', 'day', 'like', 'off', '05to', '11hrs', 'same', 'day', '18', '24', 'hrs']","['miles', 'jay', 'man', 'iwe', 'lekaifyo', 've', 'split', '12', 'hours', 'two', 's', 're', 'experiencing', 'double', 'black', 'outs', 'day', 'like', 'off', '05to', '11hrs', 'same', 'day', '18', '24', 'hrs']",miles jay man iwe lekaifyo ve split 12 hours two s re experiencing double black outs day like off 05to 11hrs same day 18 24 hrs,True,3,multiple_power_behavior_terms,"hours,hrs,off",False,0.4199,positive,0.4199,0.074,0.926,0.0,positive,0.4199,positive,False,0.0,,37,2,0.0,0.0,0.0,0.0,0.027027027027027,0.0,0.0135135135135135,False,,0,0.0,0.0,0.0,0.0,0.0,0.0,0.0,0.0,0.0,0.0,0.027027027027027,0.0,0.0135135135135135,neutral,neutral,neutral,20260731T131008Z-568f92e6a00d,2026-07-31T13:10:09.211947+00:00
8895988010418731,Kadija Molly Tembo 🤣🤣🤣🤣,2026-05-04T13:54:42.207516+00:00,https://www.facebook.com/100064560977290/posts/6124054071047970/,Kadija Molly Tembo 🤣🤣🤣🤣,kadija molly tembo 🤣🤣🤣🤣,3,,,,kadija molly tembo,"['kadija', 'molly', 'tembo']","['kadija', 'molly', 'tembo']","['kadija', 'molly', 'tembo']",kadija molly tembo,False,0,no_energy_or_zesco_terms,,False,0.0,neutral,0.0,0.0,1.0,0.0,neutral,0.0,neutral,False,0.0,,3,0,0.0,0.0,0.0,0.0,0.0,0.0,0.0,False,,0,0.0,0.0,0.0,0.0,0.0,0.0,0.0,0.0,0.0,0.0,0.0,0.0,0.0,neutral,neutral,neutral,20260731T131008Z-568f92e6a00d,2026-07-31T13:10:09.211947+00:00
8895988010418731,Kadija Molly Tembo ma pressure ba c 😂,2026-05-04T13:54:42.207521+00:00,https://www.facebook.com/100064560977290/posts/6124054071047970/,Kadija Molly Tembo ma pressure ba c 😂,kadija molly tembo ma pressure ba c 😂,7,,,,kadija molly tembo ma pressure ba c,"['kadija', 'molly', 'tembo', 'ma', 'pressure', 'ba', 'c']","['kadija', 'molly', 'tembo', 'ma', 'pressure', 'ba', 'c']","['kadija', 'molly', 'tembo', 'ma', 'pressure', 'ba', 'c']",kadija molly tembo ma pressure ba c,False,0,no_energy_or_zesco_terms,,False,-0.296,negative,-0.296,0.0,0.694,0.306,negative,-0.296,negative,False,0.0,,7,1,0.0,0.0,0.0,0.0,0.0,0.0,0.0,False,,0,0.0,0.0,0.0,0.0,0.0,0.0,0.0,0.0,0.0,0.0,0.0,0.0,0.0,neutral,neutral,neutral,20260731T131008Z-568f92e6a00d,2026-07-31T13:10:09.211947+00:00
8895988010418731,Kadija Molly Tembo ba aunty nichani 🤣🤣😂😂😂😂,2026-05-04T13:54:42.207526+00:00,https://www.facebook.com/100064560977290/posts/6124054071047970/,Kadija Molly Tembo ba aunty nichani 🤣🤣😂😂😂😂,kadija molly tembo ba aunty nichani 🤣🤣😂😂😂😂,6,,,,kadija molly tembo ba aunty nichani,"['kadija', 'molly', 'tembo', 'ba', 'aunty', 'nichani']","['kadija', 'molly', 'tembo', 'ba', 'aunty', 'nichani']","['kadija', 'molly', 'tembo', 'ba', 'aunty', 'nichani']",kadija molly tembo ba aunty nichani,False,0,no_energy_or_zesco_terms,,False,0.0,neutral,0.0,0.0,1.0,0.0,neutral,0.0,neutral,False,0.0,,6,0,0.0,0.0,0.0,0.0,0.0,0.0,0.0,False,,0,0.0,0.0,0.0,0.0,0.0,0.0,0.0,0.0,0.0,0.0,0.0,0.0,0.0,neutral,neutral,neutral,20260731T131008Z-568f92e6a00d,2026-07-31T13:10:09.211947+00:00
8895988010418731,Emma Ntongama ahhhhh mommy Emma twalema mukwabo ahhh😂😂🙈,2026-05-04T13:54:42.207531+00:00,https://www.facebook.com/100064560977290/posts/6124054071047970/,Emma Ntongama ahhhhh mommy Emma twalema mukwabo ahhh😂😂🙈,emma ntongama ahhhhh mommy emma twalema mukwabo ahhh😂😂🙈,8,,,,emma ntongama ahhhhh mommy emma twalema mukwabo ahhh,"['emma', 'ntongama', 'ahhhhh', 'mommy', 'emma', 'twalema', 'mukwabo', 'ahhh']","['emma', 'ntongama', 'ahhhhh', 'mommy', 'emma', 'twalema', 'mukwabo', 'ahhh']","['emma', 'ntongama', 'ahhhhh', 'mommy', 'emma', 'twalema', 'mukwabo', 'ahhh']",emma ntongama ahhhhh mommy emma twalema mukwabo ahhh,False,0,no_energy_or_zesco_terms,,False,0.0,neutral,0.0,0.0,1.0,0.0,neutral,0.0,neutral,False,0.0,,8,0,0.0,0.0,0.0,0.0,0.0,0.0,0.0,False,,0,0.0,0.0,0.0,0.0,0.0,0.0,0.0,0.0,0.0,0.0,0.0,0.0,0.0,neutral,neutral,neutral,20260731T131008Z-568f92e6a00d,2026-07-31T13:10:09.211947+00:00
837517727541875,Philimo Voice Of Afrika really 😂😂😂😂,2026-05-04T13:54:42.207535+00:00,https://www.facebook.com/100064560977290/posts/6124054071047970/,Philimo Voice Of Afrika really 😂😂😂😂,philimo voice of afrika really 😂😂😂😂,5,,,,philimo voice of afrika really,"['philimo', 'voice', 'of', 'afrika', 'really']","['philimo', 'voice', 'afrika', 'really']","['philimo', 'voice', 'afrika', 'really']",philimo voice afrika really,False,0,no_energy_or_zesco_terms,,False,0.0,neutral,0.0,0.0,1.0,0.0,neutral,0.0,neutral,False,0.0,,5,0,0.0,0.0,0.0,0.0,0.0,0.0,0.0,False,,0,0.0,0.0,0.0,0.0,0.0,0.0,0.0,0.0,0.0,0.0,0.0,0.0,0.0,negative,negative,negative,20260731T131008Z-568f92e6a00d,2026-07-31T13:10:09.211947+00:00
837517727541875,Philimo Voice Of Afrika no covid ni ifa bwana.....,2026-05-04T13:54:42.207540+00:00,https://www.facebook.com/100064560977290/posts/6124054071047970/,Philimo Voice Of Afrika no covid ni ifa bwana.....,philimo voice of afrika no covid ni ifa bwana,9,,,,philimo voice of afrika no covid ni ifa bwana,"['philimo', 'voice', 'of', 'afrika', 'no', 'covid', 'ni', 'ifa', 'bwana']","['philimo', 'voice', 'afrika', 'covid', 'ni', 'ifa', 'bwana']","['philimo', 'voice', 'afrika', 'covid', 'ni', 'ifa', 'bwana']",philimo voice afrika covid ni ifa bwana,False,0,no_energy_or_zesco_terms,,False,-0.296,negative,-0.296,0.0,0.784,0.216,negative,-0.296,negative,False,0.0,,9,0,0.0,0.0,0.0,0.0,0.0,0.0,0.0,False,,0,0.0,0.0,0.0,0.0,0.0,0.0,0.0,0.0,0.0,0.0,0.0,0.0,0.0,negative,negative,negative,20260731T131008Z-568f92e6a00d,2026-07-31T13:10:09.211947+00:00
837517727541875,Philimo Voice Of Afrika nakana ine 😅😅 atleast this is much better,2026-05-04T13:54:42.207544+00:00,https://www.facebook.com/100064560977290/posts/6124054071047970/,Philimo Voice Of Afrika nakana ine 😅😅 atleast this is much better,philimo voice of afrika nakana ine 😅😅 atleast this is much better,11,,,,philimo voice of afrika nakana ine atleast this is much better,"['philimo', 'voice', 'of', 'afrika', 'nakana', 'ine', 'atleast', 'this', 'is', 'much', 'better']","['philimo', 'voice', 'afrika', 'nakana', 'ine', 'atleast', 'much', 'better']","['philimo', 'voice', 'afrika', 'nakana', 'ine', 'atleast', 'much', 'better']",philimo voice afrika nakana ine atleast much better,False,0,no_energy_or_zesco_terms,,True,0.4404,positive,0.4404,0.209,0.791,0.0,negative,0.4404,negative,False,0.0,,11,0,0.0,0.0,0.0,0.0,0.0,0.0,0.0,False,,0,0.0,0.0,0.0,0.0,0.0,0.0,0.0,0.0,0.0,0.0,0.0,0.0,0.0,negative,negative,negative,20260731T131008Z-568f92e6a00d,2026-07-31T13:10:09.211947+00:00
837517727541875,Philimo Voice Of Afrika 🤣🤣🤣,2026-05-04T13:54:42.207549+00:00,https://www.facebook.com/100064560977290/posts/6124054071047970/,Philimo Voice Of Afrika 🤣🤣🤣,philimo voice of afrika 🤣🤣🤣,4,,,,philimo voice of afrika,"['philimo', 'voice', 'of', 'afrika']","['philimo', 'voice', 'afrika']","['philimo', 'voice', 'afrika']",philimo voice afrika,False,0,no_energy_or_zesco_terms,,False,0.0,neutral,0.0,0.0,1.0,0.0,neutral,0.0,neutral,False,0.0,,4,0,0.0,0.0,0.0,0.0,0.0,0.0,0.0,False,,0,0.0,0.0,0.0,0.0,0.0,0.0,0.0,0.0,0.0,0.0,0.0,0.0,0.0,negative,negative,negative,20260731T131008Z-568f92e6a00d,2026-07-31T13:10:09.211947+00:00
837517727541875,Philimo Voice Of Afrika mmmm covid yalimfumishe fwaka ine😂,2026-05-04T13:54:42.207553+00:00,https://www.facebook.com/100064560977290/posts/6124054071047970/,Philimo Voice Of Afrika mmmm covid yalimfumishe fwaka ine😂,philimo voice of afrika mmmm covid yalimfumishe fwaka ine😂,9,,,,philimo voice of afrika mmmm covid yalimfumishe fwaka ine,"['philimo', 'voice', 'of', 'afrika', 'mmmm', 'covid', 'yalimfumishe', 'fwaka', 'ine']","['philimo', 'voice', 'afrika', 'mmmm', 'covid', 'yalimfumishe', 'fwaka', 'ine']","['philimo', 'voice', 'afrika', 'mmmm', 'covid', 'yalimfumishe', 'fwaka', 'ine']",philimo voice afrika mmmm covid yalimfumishe fwaka ine,False,0,no_energy_or_zesco_terms,,False,0.0,neutral,-0.8,0.0,1.0,0.0,negative,-0.8,negative,True,-0.8,fwaka,9,0,0.0,0.0,0.0,0.0,0.0,0.0,0.0,True,fwaka,1,0.7,0.2,0.0,0.0,0.4,0.9,0.7,0.0,0.2,0.0,0.4,0.0,0.9,negative,negative,negative,20260731T131008Z-568f92e6a00d,2026-07-31T13:10:09.211947+00:00
837517727541875,Philimo Voice Of Afrika I hear you sir 🤣🤣🤣,2026-05-04T13:54:42.207575+00:00,https://www.facebook.com/100064560977290/posts/6124054071047970/,Philimo Voice Of Afrika I hear you sir 🤣🤣🤣,philimo voice of afrika i hear you sir 🤣🤣🤣,8,,,,philimo voice of afrika i hear you sir,"['philimo', 'voice', 'of', 'afrika', 'i', 'hear', 'you', 'sir']","['philimo', 'voice', 'afrika', 'hear', 'sir']","['philimo', 'voice', 'afrika', 'hear', 'sir']",philimo voice afrika hear sir,False,0,no_energy_or_zesco_terms,,False,0.0,neutral,0.0,0.0,1.0,0.0,neutral,0.0,neutral,False,0.0,,8,1,0.0,0.0,0.0,0.125,0.0,0.0,0.0,False,,0,0.0,0.0,0.0,0.0,0.0,0.0,0.0,0.0,0.0,0.125,0.0,0.0,0.0,negative,negative,negative,20260731T131008Z-568f92e6a00d,2026-07-31T13:10:09.211947+00:00
837517727541875,Selly Nakamba 🤣🤣🤣🤣🤣,2026-05-04T13:54:42.207579+00:00,https://www.facebook.com/100064560977290/posts/6124054071047970/,Selly Nakamba 🤣🤣🤣🤣🤣,selly nakamba 🤣🤣🤣🤣🤣,2,,,,selly nakamba,"['selly', 'nakamba']","['selly', 'nakamba']","['selly', 'nakamba']",selly nakamba,False,0,no_energy_or_zesco_terms,,False,0.0,neutral,0.0,0.0,1.0,0.0,neutral,0.0,neutral,False,0.0,,2,0,0.0,0.0,0.0,0.0,0.0,0.0,0.0,False,,0,0.0,0.0,0.0,0.0,0.0,0.0,0.0,0.0,0.0,0.0,0.0,0.0,0.0,negative,neutral,neutral,20260731T131008Z-568f92e6a00d,2026-07-31T13:10:09.211947+00:00
837517727541875,Philimo Voice Of Afrika no thank you please.,2026-05-04T13:54:42.207587+00:00,https://www.facebook.com/100064560977290/posts/6124054071047970/,Philimo Voice Of Afrika no thank you please.,philimo voice of afrika no thank you please,8,,,,philimo voice of afrika no thank you please,"['philimo', 'voice', 'of', 'afrika', 'no', 'thank', 'you', 'please']","['philimo', 'voice', 'afrika', 'thank', 'please']","['philimo', 'voice', 'afrika', 'thank', 'please']",philimo voice afrika thank please,False,0,no_energy_or_zesco_terms,,False,0.3818,positive,0.3818,0.4,0.417,0.183,positive,0.3818,positive,False,0.0,,8,0,0.0,0.0,0.0,0.0,0.0,0.0,0.0,False,,0,0.0,0.0,0.0,0.0,0.0,0.0,0.0,0.0,0.0,0.0,0.0,0.0,0.0,negative,negative,negative,20260731T131008Z-568f92e6a00d,2026-07-31T13:10:09.211947+00:00
837517727541875,Guuya Blessings Mainsa mum 🤣🤣🤣🤣,2026-05-04T13:54:42.207591+00:00,https://www.facebook.com/100064560977290/posts/6124054071047970/,Guuya Blessings Mainsa mum 🤣🤣🤣🤣,guuya blessings mainsa mum 🤣🤣🤣🤣,4,,,,guuya blessings mainsa mum,"['guuya', 'blessings', 'mainsa', 'mum']","['guuya', 'blessings', 'mainsa', 'mum']","['guuya', 'blessings', 'mainsa', 'mum']",guuya blessings mainsa mum,False,0,no_energy_or_zesco_terms,,False,0.5423,positive,0.5423,0.467,0.533,0.0,positive,0.5423,positive,False,0.0,,4,2,0.0,0.25,0.25,0.25,0.0,0.25,0.0,False,,0,0.0,0.0,0.0,0.0,0.0,0.0,0.0,0.25,0.25,0.25,0.0,0.25,0.0,negative,negative,negative,20260731T131008Z-568f92e6a00d,2026-07-31T13:10:09.211947+00:00
1091675505563821,Kelvin Zalawi Sichone bwafya ....try go,2026-05-04T13:54:42.207595+00:00,https://www.facebook.com/100064560977290/posts/6124054071047970/,Kelvin Zalawi Sichone bwafya ....try go,kelvin zalawi sichone bwafya try go,6,,,,kelvin zalawi sichone bwafya try go,"['kelvin', 'zalawi', 'sichone', 'bwafya', 'try', 'go']","['kelvin', 'zalawi', 'sichone', 'bwafya', 'try', 'go']","['kelvin', 'zalawi', 'sichone', 'bwafya', 'try', 'go']",kelvin zalawi sichone bwafya try go,False,0,no_energy_or_zesco_terms,,False,0.0,neutral,0.0,0.0,1.0,0.0,neutral,0.0,neutral,False,0.0,,6,0,0.0,0.0,0.0,0.0,0.0,0.0,0.0,False,,0,0.0,0.0,0.0,0.0,0.0,0.0,0.0,0.0,0.0,0.0,0.0,0.0,0.0,neutral,neutral,neutral,20260731T131008Z-568f92e6a00d,2026-07-31T13:10:09.211947+00:00
1091675505563821,Lazarus Siwale bwafya,2026-05-04T13:54:42.207598+00:00,https://www.facebook.com/100064560977290/posts/6124054071047970/,Lazarus Siwale bwafya,lazarus siwale bwafya,3,,,,lazarus siwale bwafya,"['lazarus', 'siwale', 'bwafya']","['lazarus', 'siwale', 'bwafya']","['lazarus', 'siwale', 'bwafya']",lazarus siwale bwafya,False,0,no_energy_or_zesco_terms,,False,0.0,neutral,0.0,0.0,1.0,0.0,neutral,0.0,neutral,False,0.0,,3,0,0.0,0.0,0.0,0.0,0.0,0.0,0.0,False,,0,0.0,0.0,0.0,0.0,0.0,0.0,0.0,0.0,0.0,0.0,0.0,0.0,0.0,neutral,neutral,neutral,20260731T131008Z-568f92e6a00d,2026-07-31T13:10:09.211947+00:00
1091675505563821,Kelvin Zalawi Sichone zambwino palibe,2026-05-04T13:54:42.207602+00:00,https://www.facebook.com/100064560977290/posts/6124054071047970/,Kelvin Zalawi Sichone zambwino palibe,kelvin zalawi sichone zambwino palibe,5,,,,kelvin zalawi sichone zambwino palibe,"['kelvin', 'zalawi', 'sichone', 'zambwino', 'palibe']","['kelvin', 'zalawi', 'sichone', 'zambwino', 'palibe']","['kelvin', 'zalawi', 'sichone', 'zambwino', 'palibe']",kelvin zalawi sichone zambwino palibe,False,0,no_energy_or_zesco_terms,,False,0.0,neutral,0.0,0.0,1.0,0.0,neutral,0.0,neutral,False,0.0,,5,0,0.0,0.0,0.0,0.0,0.0,0.0,0.0,False,,0,0.0,0.0,0.0,0.0,0.0,0.0,0.0,0.0,0.0,0.0,0.0,0.0,0.0,neutral,neutral,neutral,20260731T131008Z-568f92e6a00d,2026-07-31T13:10:09.211947+00:00
1091675505563821,Samantha A Kapukulo zp,2026-05-04T13:54:42.207606+00:00,https://www.facebook.com/100064560977290/posts/6124054071047970/,Samantha A Kapukulo zp,samantha a kapukulo zp,4,,,,samantha a kapukulo zp,"['samantha', 'a', 'kapukulo', 'zp']","['samantha', 'kapukulo', 'zp']","['samantha', 'kapukulo', 'zp']",samantha kapukulo zp,False,0,no_energy_or_zesco_terms,,False,0.0,neutral,0.0,0.0,1.0,0.0,neutral,0.0,neutral,False,0.0,,4,0,0.0,0.0,0.0,0.0,0.0,0.0,0.0,False,,0,0.0,0.0,0.0,0.0,0.0,0.0,0.0,0.0,0.0,0.0,0.0,0.0,0.0,negative,neutral,neutral,20260731T131008Z-568f92e6a00d,2026-07-31T13:10:09.211947+00:00
707873887745003,Mwelwa Phillip Who signed the same contract aai?,2026-05-04T13:54:42.207611+00:00,https://www.facebook.com/100064560977290/posts/6124054071047970/,Mwelwa Phillip Who signed the same contract aai?,mwelwa phillip who signed the same contract aai,8,,,,mwelwa phillip who signed the same contract aai,"['mwelwa', 'phillip', 'who', 'signed', 'the', 'same', 'contract', 'aai']","['mwelwa', 'phillip', 'signed', 'same', 'contract', 'aai']","['mwelwa', 'phillip', 'signed', 'same', 'contract', 'aai']",mwelwa phillip signed same contract aai,False,0,no_energy_or_zesco_terms,,False,0.0,neutral,0.0,0.0,1.0,0.0,neutral,0.0,neutral,False,0.0,,8,0,0.0,0.0,0.0,0.0,0.0,0.0,0.0,False,,0,0.0,0.0,0.0,0.0,0.0,0.0,0.0,0.0,0.0,0.0,0.0,0.0,0.0,negative,negative,negative,20260731T131008Z-568f92e6a00d,2026-07-31T13:10:09.211947+00:00
707873887745003,"Chilyana Chitala whoever signed either pf or upnd, cancel. A country is not a company to make profits, make the people happy",2026-05-04T13:54:42.207614+00:00,https://www.facebook.com/100064560977290/posts/6124054071047970/,"Chilyana Chitala whoever signed either pf or upnd, cancel. A country is not a company to make profits, make the people happy",chilyana chitala whoever signed either pf or upnd cancel a country is not a company to make profits make the people happy,22,,,,chilyana chitala whoever signed either pf or upnd cancel a country is not a company to make profits make the people happy,"['chilyana', 'chitala', 'whoever', 'signed', 'either', 'pf', 'or', 'upnd', 'cancel', 'a', 'country', 'is', 'not', 'a', 'company', 'to', 'make', 'profits', 'make', 'the', 'people', 'happy']","['chilyana', 'chitala', 'whoever', 'signed', 'either', 'pf', 'upnd', 'cancel', 'country', 'company', 'make', 'profits', 'make', 'people', 'happy']","['chilyana', 'chitala', 'whoever', 'signed', 'either', 'pf', 'upnd', 'cancel', 'country', 'company', 'make', 'profits', 'make', 'people', 'happy']",chilyana chitala whoever signed either pf upnd cancel country company make profits make people happy,False,0,no_energy_or_zesco_terms,,False,0.6808,positive,0.6808,0.258,0.664,0.078,positive,0.6808,positive,False,0.0,,22,2,0.0,0.0454545454545454,0.0,0.0454545454545454,0.0454545454545454,0.0454545454545454,0.0227272727272727,False,,0,0.0,0.0,0.0,0.0,0.0,0.0,0.0,0.0454545454545454,0.0,0.0454545454545454,0.0454545454545454,0.0454545454545454,0.0227272727272727,negative,negative,negative,20260731T131008Z-568f92e6a00d,2026-07-31T13:10:09.211947+00:00
707873887745003,Mwelwa Phillip but producing power is expensive... Are the local citizens going to manage to pay the same price the outsiders Are paying?,2026-05-04T13:54:42.207618+00:00,https://www.facebook.com/100064560977290/posts/6124054071047970/,Mwelwa Phillip but producing power is expensive... Are the local citizens going to manage to pay the same price the outsiders Are paying?,mwelwa phillip but producing power is expensive are the local citizens going to manage to pay the same price the outsiders are paying,23,,,,mwelwa phillip but producing power is expensive are the local citizens going to manage to pay the same price the outsiders are paying,"['mwelwa', 'phillip', 'but', 'producing', 'power', 'is', 'expensive', 'are', 'the', 'local', 'citizens', 'going', 'to', 'manage', 'to', 'pay', 'the', 'same', 'price', 'the', 'outsiders', 'are', 'paying']","['mwelwa', 'phillip', 'producing', 'power', 'expensive', 'local', 'citizens', 'going', 'manage', 'pay', 'same', 'price', 'outsiders', 'paying']","['mwelwa', 'phillip', 'producing', 'power', 'expensive', 'local', 'citizens', 'going', 'manage', 'pay', 'same', 'price', 'outsiders', 'paying']",mwelwa phillip producing power expensive local citizens going manage pay same price outsiders paying,True,3,matched_energy_terms,power,True,-0.1531,negative,-0.1531,0.0,0.932,0.068,negative,-0.1531,negative,False,0.0,,23,3,0.0,0.0434782608695652,0.0,0.0869565217391304,0.0,0.0434782608695652,0.0,False,,0,0.0,0.0,0.0,0.0,0.0,0.0,0.0,0.0434782608695652,0.0,0.0869565217391304,0.0,0.0434782608695652,0.0,negative,negative,negative,20260731T131008Z-568f92e6a00d,2026-07-31T13:10:09.211947+00:00
707873887745003,Chilyana Chitala it doesn't matter but exporting gives the country  foreign exchange...,2026-05-04T13:54:42.207624+00:00,https://www.facebook.com/100064560977290/posts/6124054071047970/,Chilyana Chitala it doesn't matter but exporting gives the country  foreign exchange...,chilyana chitala it doesn t matter but exporting gives the country foreign exchange,13,,,,chilyana chitala it doesn t matter but exporting gives the country foreign exchange,"['chilyana', 'chitala', 'it', 'doesn', 't', 'matter', 'but', 'exporting', 'gives', 'the', 'country', 'foreign', 'exchange']","['chilyana', 'chitala', 'doesn', 't', 'matter', 'exporting', 'gives', 'country', 'foreign', 'exchange']","['chilyana', 'chitala', 'doesn', 't', 'matter', 'exporting', 'gives', 'country', 'foreign', 'exchange']",chilyana chitala doesn t matter exporting gives country foreign exchange,False,0,no_energy_or_zesco_terms,,False,-0.0096,neutral,-0.0096,0.0,0.914,0.086,neutral,-0.0096,neutral,False,0.0,,12,2,0.0,0.0,0.0,0.0833333333333333,0.0,0.0,0.0,False,,0,0.0,0.0,0.0,0.0,0.0,0.0,0.0,0.0,0.0,0.0833333333333333,0.0,0.0,0.0,negative,negative,negative,20260731T131008Z-568f92e6a00d,2026-07-31T13:10:09.211947+00:00
707873887745003,"Anfield Sinkman and who benefits.... How do you feed your neighbours children if yours are hungry too. Let's not be selfish. Ngatapali tapali, so no export",2026-05-04T13:54:42.207628+00:00,https://www.facebook.com/100064560977290/posts/6124054071047970/,"Anfield Sinkman and who benefits.... How do you feed your neighbours children if yours are hungry too. Let's not be selfish. Ngatapali tapali, so no export",anfield sinkman and who benefits how do you feed your neighbours children if yours are hungry too let s not be selfish ngatapali tapali so no export,27,,,,anfield sinkman and who benefits how do you feed your neighbours children if yours are hungry too let s not be selfish ngatapali tapali so no export,"['anfield', 'sinkman', 'and', 'who', 'benefits', 'how', 'do', 'you', 'feed', 'your', 'neighbours', 'children', 'if', 'yours', 'are', 'hungry', 'too', 'let', 's', 'not', 'be', 'selfish', 'ngatapali', 'tapali', 'so', 'no', 'export']","['anfield', 'sinkman', 'benefits', 'how', 'feed', 'neighbours', 'children', 'yours', 'hungry', 'too', 'let', 's', 'selfish', 'ngatapali', 'tapali', 'export']","['anfield', 'sinkman', 'benefits', 'how', 'feed', 'neighbours', 'children', 'yours', 'hungry', 'too', 'let', 's', 'selfish', 'ngatapali', 'tapali', 'export']",anfield sinkman benefits how feed neighbours children yours hungry too let s selfish ngatapali tapali export,False,0,no_energy_or_zesco_terms,,False,-0.0804,negative,-0.5804,0.087,0.816,0.097,negative,-0.5804,negative,True,-0.5,tapali,26,2,0.0384615384615384,0.0384615384615384,0.0,0.0,0.0,0.0384615384615384,0.0192307692307692,True,tapali,1,0.2,0.4,0.0,0.0,0.5,0.5,0.2384615384615384,0.0384615384615384,0.4,0.0,0.5,0.0384615384615384,0.5192307692307693,negative,negative,negative,20260731T131008Z-568f92e6a00d,2026-07-31T13:10:09.211947+00:00
707873887745003,"Anfield Sinkman who benefits, just the political leadership capwa, they get loans and accomodation with a security",2026-05-04T13:54:42.207632+00:00,https://www.facebook.com/100064560977290/posts/6124054071047970/,"Anfield Sinkman who benefits, just the political leadership capwa, they get loans and accomodation with a security",anfield sinkman who benefits just the political leadership capwa they get loans and accomodation with a security,17,,,,anfield sinkman who benefits just the political leadership capwa they get loans and accomodation with a security,"['anfield', 'sinkman', 'who', 'benefits', 'just', 'the', 'political', 'leadership', 'capwa', 'they', 'get', 'loans', 'and', 'accomodation', 'with', 'a', 'security']","['anfield', 'sinkman', 'benefits', 'just', 'political', 'leadership', 'capwa', 'get', 'loans', 'accomodation', 'security']","['anfield', 'sinkman', 'benefits', 'just', 'political', 'leadership', 'capwa', 'get', 'loans', 'accomodation', 'security']",anfield sinkman benefits just political leadership capwa get loans accomodation security,False,0,no_energy_or_zesco_terms,,False,0.6124,positive,0.6124,0.263,0.737,0.0,positive,0.6124,positive,False,0.0,,17,0,0.0,0.0,0.0,0.0,0.0,0.0,0.0,False,,0,0.0,0.0,0.0,0.0,0.0,0.0,0.0,0.0,0.0,0.0,0.0,0.0,0.0,negative,negative,negative,20260731T131008Z-568f92e6a00d,2026-07-31T13:10:09.211947+00:00
707873887745003,"Mwelwa Phillip the whole country benefits in terms of foreign exchange. And it helps ZESCO stay afloat. Like I said, ZESCO makes like 4 times The amount of money exporting than selling locally",2026-05-04T13:54:42.207635+00:00,https://www.facebook.com/100064560977290/posts/6124054071047970/,"Mwelwa Phillip the whole country benefits in terms of foreign exchange. And it helps ZESCO stay afloat. Like I said, ZESCO makes like 4 times The amount of money exporting than selling locally",mwelwa phillip the whole country benefits in terms of foreign exchange and it helps zesco stay afloat like i said zesco makes like 4 times the amount of money exporting than selling locally,33,,,,mwelwa phillip the whole country benefits in terms of foreign exchange and it helps zesco stay afloat like i said zesco makes like 4 times the amount of money exporting than selling locally,"['mwelwa', 'phillip', 'the', 'whole', 'country', 'benefits', 'in', 'terms', 'of', 'foreign', 'exchange', 'and', 'it', 'helps', 'zesco', 'stay', 'afloat', 'like', 'i', 'said', 'zesco', 'makes', 'like', '4', 'times', 'the', 'amount', 'of', 'money', 'exporting', 'than', 'selling', 'locally']","['mwelwa', 'phillip', 'whole', 'country', 'benefits', 'terms', 'foreign', 'exchange', 'helps', 'zesco', 'stay', 'afloat', 'like', 'said', 'zesco', 'makes', 'like', '4', 'times', 'amount', 'money', 'exporting', 'than', 'selling', 'locally']","['mwelwa', 'phillip', 'whole', 'country', 'benefits', 'terms', 'foreign', 'exchange', 'helps', 'zesco', 'stay', 'afloat', 'like', 'said', 'zesco', 'makes', 'like', '4', 'times', 'amount', 'money', 'exporting', 'than', 'selling', 'locally']",mwelwa phillip whole country benefits terms foreign exchange helps zesco stay afloat like said zesco makes like 4 times amount money exporting than selling locally,True,4,matched_energy_terms,"said,zesco",False,0.8481,positive,0.8481,0.274,0.726,0.0,positive,0.8481,positive,False,0.0,,33,3,0.0303030303030303,0.0303030303030303,0.0,0.0606060606060606,0.0,0.0303030303030303,0.0151515151515151,False,,0,0.0,0.0,0.0,0.0,0.0,0.0,0.0303030303030303,0.0303030303030303,0.0,0.0606060606060606,0.0,0.0303030303030303,0.0151515151515151,negative,negative,negative,20260731T131008Z-568f92e6a00d,2026-07-31T13:10:09.211947+00:00
